Combat context set: 3 enemies, 4 players
Enemy Team:
Enemy 0 | LVL: 95 | SPD: 130 | Weakness: ['QUANTUM'] | Toughness: 100
Enemy 1 | LVL: 95 | SPD: 158.4 | Weakness: ['QUANTUM'] | Toughness: 160
Enemy 2 | LVL: 95 | SPD: 130 | Weakness: ['QUANTUM'] | Toughness: 100

Player Team:
Archer E0 | QUANTUM-HUNT | DPS | POS:0
The Hell Where Ideals Burn S1
Genius of Brilliant Stars (4-pc)
Tengoku@Livestream

RinTohsaka E0 | QUANTUM-ERUDITION | SUP1 | POS:1
Eternal Calculus S5
Genius of Brilliant Stars (4-pc)
Rutilant Arena

Sparkle E0 | QUANTUM-HARMONY | SUP2 | POS:2
But the Battle Isn't Over S1
Sacerdos' Relieved Ordeal (4-pc)
Broken Keel

HuoHuo E0 | WIND-ABUNDANCE | SUS | POS:3
Post-Op Conversation S5
Warrior Goddess of Sun and Thunder (4-pc)
Broken Keel

    PUNCH  > SharedPunchline: 0.0 -> 0.0

Initial AV Adjustments

Initial Enemy Delays

==========COMBAT SIMULATION STARTED==========

<<< NEW TURN >>>
-   RinTohsaka AV: 0.000 ENERGY: 80.000 MaxHP: 3051.570 CurrHp 3051.570 ShieldHP: 0.000
-   Sparkle AV: 2.319 ENERGY: 55.000 MaxHP: 4358.742 CurrHp 4358.742 ShieldHP: 0.000
-   Enemy 1 AV: 2.829 ENERGY: 0.000 MaxHP: 5000000.000 CurrHp 5000000.000 ShieldHP: 0.000
-   HuoHuo AV: 4.376 ENERGY: 70.000 MaxHP: 6139.808 CurrHp 6139.808 ShieldHP: 0.000
-   Enemy 0 AV: 16.621 ENERGY: 0.000 MaxHP: 2000000.000 CurrHp 2000000.000 ShieldHP: 0.000
-   Enemy 2 AV: 16.621 ENERGY: 0.000 MaxHP: 2000000.000 CurrHp 2000000.000 ShieldHP: 0.000
-   Archer AV: 35.300 ENERGY: 110.000 MaxHP: 3063.425 CurrHp 3063.425 ShieldHP: 0.000

Combat context set: 3 enemies, 4 players
Combat context initialized: 3 enemies, Elation team size: 0
Rin has obtained 10 Gem Energy from Technique and now has 30 Gem Energy
    TURN   - ArcherTech | Archer | DPS | AOE attack | ['QUA'] | ['TECH'] | Scaling: ATK | TargetID: -1 | DMG/BREAK Splits: [2.0, 0]/[0, 0] | Energy Gained: 0 | SP Change: 0

        ----------Char Buffs----------
        IdealsBurnCR | CR% | Stacks: 1 | Value: 0.160 | Remaining Turns: 1 | TickDown: DPS, PERM | Target: DPS | Affects: ['ALL']
        IdealsBurnATK | ATK% | Stacks: 1 | Value: 0.400 | Remaining Turns: 1 | TickDown: DPS, PERM | Target: DPS | Affects: ['ALL']
        GeniusDMG | DMG% | Stacks: 1 | Value: 0.100 | Remaining Turns: 1 | TickDown: DPS, PERM | Target: DPS | Affects: ['ALL']
        GeniusSHRED | SHRED | Stacks: 1 | Value: 0.200 | Remaining Turns: 1 | TickDown: DPS, PERM | Target: DPS | Affects: ['ALL']
        TengokuCD | CD% | Stacks: 1 | Value: 0.160 | Remaining Turns: 1 | TickDown: DPS, PERM | Target: DPS | Affects: ['ALL']
        ArcherTraceCR | CD% | Stacks: 1 | Value: 0.067 | Remaining Turns: 1 | TickDown: DPS, PERM | Target: DPS | Affects: ['ALL']
        ArcherTraceATK | ATK% | Stacks: 1 | Value: 0.180 | Remaining Turns: 1 | TickDown: DPS, PERM | Target: DPS | Affects: ['ALL']
        ArcherTraceDMG | DMG% | Stacks: 1 | Value: 0.224 | Remaining Turns: 1 | TickDown: DPS, PERM | Target: DPS | Affects: ['ALL']
        KeelCD(SUP2) | CD% | Stacks: 1 | Value: 0.100 | Remaining Turns: 1 | TickDown: DPS, PERM | Target: DPS | Affects: ['ALL']
        SparkleTeamATK | ATK% | Stacks: 1 | Value: 0.450 | Remaining Turns: 1 | TickDown: DPS, PERM | Target: DPS | Affects: ['ALL']
        KeelCD(SUS) | CD% | Stacks: 1 | Value: 0.100 | Remaining Turns: 1 | TickDown: DPS, PERM | Target: DPS | Affects: ['ALL']
        RinTohsakaAllyTrace1ATK | ATK% | Stacks: 1 | Value: 1.500 | Remaining Turns: 1 | TickDown: DPS, PERM | Target: DPS | Affects: ['ALL']
        RinTohsakaAllyTrace1PEN | QUAPEN | Stacks: 1 | Value: 0.150 | Remaining Turns: 1 | TickDown: DPS, PERM | Target: DPS | Affects: ['ALL']
        ----------End of Buff List----------
        ----------Enemy Debuffs----------
        ----------End of Debuff List----------
        ----------Healing List----------
        ----------End of Healing List----------
        ----------Shields List----------
        ----------End of Shields List----------
    GAUGE  - Enemy 0 toughness reduced by 0.000
    GAUGE  - Enemy 1 toughness reduced by 0.000
    GAUGE  - Enemy 2 toughness reduced by 0.000
    RESULT - ArcherTech | Archer | DPS | DMG: 76664.506 | ELADMG: 0.000 | Enemies Hit: [0, 1, 2] | Enemies Broken: [] | WB DMG: 0.000 | Energy: 0.000 | Amount HP Healed: 0.000 | Amount HP Lost: 0.000 | Archer Energy: 110/220 | SP: 3 | MaxSP: 11)
    TURN   - SparkleTechSP | Sparkle | SUP2 | NA attack | ['QUA'] | ['SPECIAL'] | Scaling: ATK | TargetID: -1 | DMG/BREAK Splits: [0, 0]/[0, 0] | Energy Gained: 0 | SP Change: 3

        ----------Char Buffs----------
        BattleIsntOverERR | ERR% | Stacks: 1 | Value: 0.100 | Remaining Turns: 1 | TickDown: SUP2, PERM | Target: SUP2 | Affects: ['ALL']
        SacerdosSPD | SPD% | Stacks: 1 | Value: 0.060 | Remaining Turns: 1 | TickDown: SUP2, PERM | Target: SUP2 | Affects: ['ALL']
        KeelEFFRES | ERS% | Stacks: 1 | Value: 0.100 | Remaining Turns: 1 | TickDown: SUP2, PERM | Target: SUP2 | Affects: ['ALL']
        KeelCD(SUP2) | CD% | Stacks: 1 | Value: 0.100 | Remaining Turns: 1 | TickDown: SUP2, PERM | Target: SUP2 | Affects: ['ALL']
        SparkleTraceHP | HP% | Stacks: 1 | Value: 0.280 | Remaining Turns: 1 | TickDown: SUP2, PERM | Target: SUP2 | Affects: ['ALL']
        SparkleTraceCD | CD% | Stacks: 1 | Value: 0.240 | Remaining Turns: 1 | TickDown: SUP2, PERM | Target: SUP2 | Affects: ['ALL']
        SparkleTraceERS | ERS% | Stacks: 1 | Value: 0.100 | Remaining Turns: 1 | TickDown: SUP2, PERM | Target: SUP2 | Affects: ['ALL']
        SparkleTeamATK | ATK% | Stacks: 1 | Value: 0.450 | Remaining Turns: 1 | TickDown: SUP2, PERM | Target: SUP2 | Affects: ['ALL']
        KeelCD(SUS) | CD% | Stacks: 1 | Value: 0.100 | Remaining Turns: 1 | TickDown: SUP2, PERM | Target: SUP2 | Affects: ['ALL']
        SparkleTechERR | ERR_T | Stacks: 1 | Value: 20.000 | Remaining Turns: 1 | TickDown: SUP2, START | Target: SUP2 | Affects: ['ALL']
        ----------End of Buff List----------
        ----------Enemy Debuffs----------
        ----------End of Debuff List----------
        ----------Healing List----------
        ----------End of Healing List----------
        ----------Shields List----------
        ----------End of Shields List----------
    GAUGE  - Enemy 0 toughness reduced by 0.000
    RESULT - SparkleTechSP | Sparkle | SUP2 | DMG: 0.000 | ELADMG: 0.000 | Enemies Hit: [0] | Enemies Broken: [] | WB DMG: 0.000 | Energy: 0.000 | Amount HP Healed: 0.000 | Amount HP Lost: 0.000 | Sparkle Energy: 55/110 | SP: 6 | MaxSP: 11)
Rin has obtained 3 Gem Energy from SP and now has 33 Gem Energy
ERR    > 40.632 energy added to HuoHuo from HHTraceERR | HuoHuo Energy: 110.632
ERR    > 25.888 energy added to Sparkle from SparkleTechERR | Sparkle Energy: 80.888
Rin can use Enhanced Skill
ACTION > [CHAR] TotalAV: 60.302 | TurnAV: 60.302 | RinTohsaka | E-move
Amount of extraHits from EnhancedSkill = 11 from 33 Gem Energy
    TURN   - RinTohsakaSkillAOE | RinTohsaka | SUP1 | AOE attack | ['QUA'] | ['SKL'] | Scaling: ATK | TargetID: 1 | DMG/BREAK Splits: [0.9, 0]/[20, 0] | Energy Gained: 0 | SP Change: 0

        ----------Char Buffs----------
        CalculusATK | ATK% | Stacks: 1 | Value: 0.120 | Remaining Turns: 1 | TickDown: SUP1, PERM | Target: SUP1 | Affects: ['ALL']
        GeniusDMG | DMG% | Stacks: 1 | Value: 0.100 | Remaining Turns: 1 | TickDown: SUP1, PERM | Target: SUP1 | Affects: ['ALL']
        GeniusSHRED | SHRED | Stacks: 1 | Value: 0.200 | Remaining Turns: 1 | TickDown: SUP1, PERM | Target: SUP1 | Affects: ['ALL']
        RutilantCR | CR% | Stacks: 1 | Value: 0.080 | Remaining Turns: 1 | TickDown: SUP1, PERM | Target: SUP1 | Affects: ['ALL']
        RutilantBonusDMG | DMG% | Stacks: 1 | Value: 0.200 | Remaining Turns: 1 | TickDown: SUP1, PERM | Target: SUP1 | Affects: ['BSC', 'SKL']
        RinTohsakaTraceCD | CD% | Stacks: 1 | Value: 0.373 | Remaining Turns: 1 | TickDown: SUP1, PERM | Target: SUP1 | Affects: ['ALL']
        RinTohsakaTraceATK | ATK% | Stacks: 1 | Value: 0.180 | Remaining Turns: 1 | TickDown: SUP1, PERM | Target: SUP1 | Affects: ['ALL']
        RinTohsakaTraceDMG | DMG% | Stacks: 1 | Value: 0.080 | Remaining Turns: 1 | TickDown: SUP1, PERM | Target: SUP1 | Affects: ['ALL']
        RinTohsakaTrace1ATK | ATK% | Stacks: 1 | Value: 1.500 | Remaining Turns: 1 | TickDown: SUP1, PERM | Target: SUP1 | Affects: ['ALL']
        RinTohsakaTrace1PEN | QUAPEN | Stacks: 1 | Value: 0.150 | Remaining Turns: 1 | TickDown: SUP1, PERM | Target: SUP1 | Affects: ['ALL']
        EnhancedSkillSPD | SPD% | Stacks: 1 | Value: 0.200 | Remaining Turns: 3 | TickDown: SUP1, END | Target: SUP1 | Affects: ['ALL']
        KeelCD(SUP2) | CD% | Stacks: 1 | Value: 0.100 | Remaining Turns: 1 | TickDown: SUP1, PERM | Target: SUP1 | Affects: ['ALL']
        SparkleTeamATK | ATK% | Stacks: 1 | Value: 0.450 | Remaining Turns: 1 | TickDown: SUP1, PERM | Target: SUP1 | Affects: ['ALL']
        KeelCD(SUS) | CD% | Stacks: 1 | Value: 0.100 | Remaining Turns: 1 | TickDown: SUP1, PERM | Target: SUP1 | Affects: ['ALL']
        ----------End of Buff List----------
        ----------Enemy Debuffs----------
        HuohuoTechniqueDebuff | From: SUS | ATK_REDUCTION | Stacks: 1 | Value: 0.250 | Remaining Turns: 2 | Target: 1 | Targeting: ST | Affects: ['SPECIAL'] | DOT: False | Blast: False
        ----------End of Debuff List----------
        ----------Healing List----------
        ----------End of Healing List----------
        ----------Shields List----------
        ----------End of Shields List----------
    GAUGE  - Enemy 0 toughness reduced by 20.000
    GAUGE  - Enemy 1 toughness reduced by 20.000
    GAUGE  - Enemy 2 toughness reduced by 20.000
    RESULT - RinTohsakaSkillAOE | RinTohsaka | SUP1 | DMG: 27903.924 | ELADMG: 0.000 | Enemies Hit: [0, 1, 2] | Enemies Broken: [] | WB DMG: 0.000 | Energy: 0.000 | Amount HP Healed: 0.000 | Amount HP Lost: 0.000 | RinTohsaka Energy: 80/160 | SP: 6 | MaxSP: 11)
    TURN   - RinTohsakaSkillSingle | RinTohsaka | SUP1 | ST attack | ['QUA'] | ['SKL'] | Scaling: ATK | TargetID: 1 | DMG/BREAK Splits: [9.9, 0]/[22, 0] | Energy Gained: 30 | SP Change: -1

        ----------Char Buffs----------
        CalculusATK | ATK% | Stacks: 1 | Value: 0.120 | Remaining Turns: 1 | TickDown: SUP1, PERM | Target: SUP1 | Affects: ['ALL']
        GeniusDMG | DMG% | Stacks: 1 | Value: 0.100 | Remaining Turns: 1 | TickDown: SUP1, PERM | Target: SUP1 | Affects: ['ALL']
        GeniusSHRED | SHRED | Stacks: 1 | Value: 0.200 | Remaining Turns: 1 | TickDown: SUP1, PERM | Target: SUP1 | Affects: ['ALL']
        RutilantCR | CR% | Stacks: 1 | Value: 0.080 | Remaining Turns: 1 | TickDown: SUP1, PERM | Target: SUP1 | Affects: ['ALL']
        RutilantBonusDMG | DMG% | Stacks: 1 | Value: 0.200 | Remaining Turns: 1 | TickDown: SUP1, PERM | Target: SUP1 | Affects: ['BSC', 'SKL']
        RinTohsakaTraceCD | CD% | Stacks: 1 | Value: 0.373 | Remaining Turns: 1 | TickDown: SUP1, PERM | Target: SUP1 | Affects: ['ALL']
        RinTohsakaTraceATK | ATK% | Stacks: 1 | Value: 0.180 | Remaining Turns: 1 | TickDown: SUP1, PERM | Target: SUP1 | Affects: ['ALL']
        RinTohsakaTraceDMG | DMG% | Stacks: 1 | Value: 0.080 | Remaining Turns: 1 | TickDown: SUP1, PERM | Target: SUP1 | Affects: ['ALL']
        RinTohsakaTrace1ATK | ATK% | Stacks: 1 | Value: 1.500 | Remaining Turns: 1 | TickDown: SUP1, PERM | Target: SUP1 | Affects: ['ALL']
        RinTohsakaTrace1PEN | QUAPEN | Stacks: 1 | Value: 0.150 | Remaining Turns: 1 | TickDown: SUP1, PERM | Target: SUP1 | Affects: ['ALL']
        EnhancedSkillSPD | SPD% | Stacks: 1 | Value: 0.200 | Remaining Turns: 3 | TickDown: SUP1, END | Target: SUP1 | Affects: ['ALL']
        KeelCD(SUP2) | CD% | Stacks: 1 | Value: 0.100 | Remaining Turns: 1 | TickDown: SUP1, PERM | Target: SUP1 | Affects: ['ALL']
        SparkleTeamATK | ATK% | Stacks: 1 | Value: 0.450 | Remaining Turns: 1 | TickDown: SUP1, PERM | Target: SUP1 | Affects: ['ALL']
        KeelCD(SUS) | CD% | Stacks: 1 | Value: 0.100 | Remaining Turns: 1 | TickDown: SUP1, PERM | Target: SUP1 | Affects: ['ALL']
        CalculusHitATK | ATK% | Stacks: 1 | Value: 0.240 | Remaining Turns: 1 | TickDown: SUP1, PERM | Target: SUP1 | Affects: ['ALL']
        CalculusHitSpd | SPD% | Stacks: 1 | Value: 0.160 | Remaining Turns: 1 | TickDown: SUP1, END | Target: SUP1 | Affects: ['ALL']
        ----------End of Buff List----------
        ----------Enemy Debuffs----------
        HuohuoTechniqueDebuff | From: SUS | ATK_REDUCTION | Stacks: 1 | Value: 0.250 | Remaining Turns: 2 | Target: 1 | Targeting: ST | Affects: ['SPECIAL'] | DOT: False | Blast: False
        ----------End of Debuff List----------
        ----------Healing List----------
        HuoHuoTalentHealingScaling | Targeting: Targeting.SINGLE | Healing Value: [0] | Target: ALL
        HuoHuoTalentHealingScaling | Targeting: Targeting.SINGLE | Healing Value: [0.045] | Target: ALL
        HuoHuoTalentHealingScaling | Targeting: Targeting.SINGLE | Healing Value: [0] | Target: ALL
        HuoHuoTalentHealingScaling | Targeting: Targeting.SINGLE | Healing Value: [0] | Target: ALL
        HuoHuoTalentHealingFlat | Targeting: Targeting.SINGLE | Healing Value: [0] | Target: ALL
        HuoHuoTalentHealingFlat | Targeting: Targeting.SINGLE | Healing Value: [120] | Target: ALL
        HuoHuoTalentHealingFlat | Targeting: Targeting.SINGLE | Healing Value: [0] | Target: ALL
        HuoHuoTalentHealingFlat | Targeting: Targeting.SINGLE | Healing Value: [0] | Target: ALL
        ----------End of Healing List----------
        ----------Shields List----------
        ----------End of Shields List----------
    GAUGE  - Enemy 1 toughness reduced by 22.000
    RESULT - RinTohsakaSkillSingle | RinTohsaka | SUP1 | DMG: 108278.842 | ELADMG: 0.000 | Enemies Hit: [1] | Enemies Broken: [] | WB DMG: 0.000 | Energy: 30.000 | Amount HP Healed: 371.779 | Amount HP Lost: 0.000 | RinTohsaka Energy: 110/160 | SP: 5 | MaxSP: 11)
Rin has obtained 2 Gem Energy from SP and now has 2 Gem Energy
    TURN   - ArcherFUA | Archer | DPS | ST attack | ['QUA'] | ['FUA'] | Scaling: ATK | TargetID: 1 | DMG/BREAK Splits: [2.0, 0]/[10, 0] | Energy Gained: 5 | SP Change: 1

        ----------Char Buffs----------
        IdealsBurnCR | CR% | Stacks: 1 | Value: 0.160 | Remaining Turns: 1 | TickDown: DPS, PERM | Target: DPS | Affects: ['ALL']
        IdealsBurnATK | ATK% | Stacks: 1 | Value: 0.400 | Remaining Turns: 1 | TickDown: DPS, PERM | Target: DPS | Affects: ['ALL']
        GeniusDMG | DMG% | Stacks: 1 | Value: 0.100 | Remaining Turns: 1 | TickDown: DPS, PERM | Target: DPS | Affects: ['ALL']
        GeniusSHRED | SHRED | Stacks: 1 | Value: 0.200 | Remaining Turns: 1 | TickDown: DPS, PERM | Target: DPS | Affects: ['ALL']
        TengokuCD | CD% | Stacks: 1 | Value: 0.160 | Remaining Turns: 1 | TickDown: DPS, PERM | Target: DPS | Affects: ['ALL']
        ArcherTraceCR | CD% | Stacks: 1 | Value: 0.067 | Remaining Turns: 1 | TickDown: DPS, PERM | Target: DPS | Affects: ['ALL']
        ArcherTraceATK | ATK% | Stacks: 1 | Value: 0.180 | Remaining Turns: 1 | TickDown: DPS, PERM | Target: DPS | Affects: ['ALL']
        ArcherTraceDMG | DMG% | Stacks: 1 | Value: 0.224 | Remaining Turns: 1 | TickDown: DPS, PERM | Target: DPS | Affects: ['ALL']
        KeelCD(SUP2) | CD% | Stacks: 1 | Value: 0.100 | Remaining Turns: 1 | TickDown: DPS, PERM | Target: DPS | Affects: ['ALL']
        SparkleTeamATK | ATK% | Stacks: 1 | Value: 0.450 | Remaining Turns: 1 | TickDown: DPS, PERM | Target: DPS | Affects: ['ALL']
        KeelCD(SUS) | CD% | Stacks: 1 | Value: 0.100 | Remaining Turns: 1 | TickDown: DPS, PERM | Target: DPS | Affects: ['ALL']
        RinTohsakaAllyTrace1ATK | ATK% | Stacks: 1 | Value: 1.500 | Remaining Turns: 1 | TickDown: DPS, PERM | Target: DPS | Affects: ['ALL']
        RinTohsakaAllyTrace1PEN | QUAPEN | Stacks: 1 | Value: 0.150 | Remaining Turns: 1 | TickDown: DPS, PERM | Target: DPS | Affects: ['ALL']
        SparkleVUL | VULN | Stacks: 1 | Value: 0.040 | Remaining Turns: 2 | TickDown: DPS, END | Target: DPS | Affects: ['ALL']
        ----------End of Buff List----------
        ----------Enemy Debuffs----------
        HuohuoTechniqueDebuff | From: SUS | ATK_REDUCTION | Stacks: 1 | Value: 0.250 | Remaining Turns: 2 | Target: 1 | Targeting: ST | Affects: ['SPECIAL'] | DOT: False | Blast: False
        ----------End of Debuff List----------
        ----------Healing List----------
        ----------End of Healing List----------
        ----------Shields List----------
        ----------End of Shields List----------
    GAUGE  - Enemy 1 toughness reduced by 10.000
    RESULT - ArcherFUA | Archer | DPS | DMG: 26577.029 | ELADMG: 0.000 | Enemies Hit: [1] | Enemies Broken: [] | WB DMG: 0.000 | Energy: 5.000 | Amount HP Healed: 0.000 | Amount HP Lost: 0.000 | Archer Energy: 115/220 | SP: 6 | MaxSP: 11)
Rin has obtained 1 Gem Energy from SP and now has 3 Gem Energy
    TURN   - HuoHuoAllyERR | HuoHuo | SUS | NA attack | ['WIN'] | ['SPECIAL'] | Scaling: HP | TargetID: 1 | DMG/BREAK Splits: [0, 0]/[0, 0] | Energy Gained: 1 | SP Change: 0

        ----------Char Buffs----------
        KeelCD(SUP2) | CD% | Stacks: 1 | Value: 0.100 | Remaining Turns: 1 | TickDown: SUS, PERM | Target: SUS | Affects: ['ALL']
        SparkleTeamATK | ATK% | Stacks: 1 | Value: 0.450 | Remaining Turns: 1 | TickDown: SUS, PERM | Target: SUS | Affects: ['ALL']
        PostOpERR | ERR% | Stacks: 1 | Value: 0.160 | Remaining Turns: 1 | TickDown: SUS, PERM | Target: SUS | Affects: ['ALL']
        WarriorGoddessSPD | SPD% | Stacks: 1 | Value: 0.060 | Remaining Turns: 1 | TickDown: SUS, PERM | Target: SUS | Affects: ['ALL']
        KeelEFFRES | ERS% | Stacks: 1 | Value: 0.100 | Remaining Turns: 1 | TickDown: SUS, PERM | Target: SUS | Affects: ['ALL']
        KeelCD(SUS) | CD% | Stacks: 1 | Value: 0.100 | Remaining Turns: 1 | TickDown: SUS, PERM | Target: SUS | Affects: ['ALL']
        HHTraceHP | HP% | Stacks: 1 | Value: 0.280 | Remaining Turns: 1 | TickDown: SUS, PERM | Target: SUS | Affects: ['ALL']
        HHTraceERS | ERS% | Stacks: 1 | Value: 0.180 | Remaining Turns: 1 | TickDown: SUS, PERM | Target: SUS | Affects: ['ALL']
        HHTraceSPD | SPD | Stacks: 1 | Value: 5.000 | Remaining Turns: 1 | TickDown: SUS, PERM | Target: SUS | Affects: ['ALL']
        SparkleVUL | VULN | Stacks: 1 | Value: 0.040 | Remaining Turns: 2 | TickDown: SUS, END | Target: SUS | Affects: ['ALL']
        ----------End of Buff List----------
        ----------Enemy Debuffs----------
        HuohuoTechniqueDebuff | From: SUS | ATK_REDUCTION | Stacks: 1 | Value: 0.250 | Remaining Turns: 2 | Target: 1 | Targeting: ST | Affects: ['SPECIAL'] | DOT: False | Blast: False
        ----------End of Debuff List----------
        ----------Healing List----------
        ----------End of Healing List----------
        ----------Shields List----------
        ----------End of Shields List----------
    GAUGE  - Enemy 1 toughness reduced by 0.000
    RESULT - HuoHuoAllyERR | HuoHuo | SUS | DMG: 0.000 | ELADMG: 0.000 | Enemies Hit: [1] | Enemies Broken: [] | WB DMG: 0.000 | Energy: 1.354 | Amount HP Healed: 0.000 | Amount HP Lost: 0.000 | HuoHuo Energy: 112/140 | SP: 6 | MaxSP: 11)
        Buff CalculusHitSpd expired
AV     > RinTohsaka AV reset to 60.302 | 165.832 SPD

<<< NEW TURN >>>
-   Sparkle AV: 0.000 ENERGY: 80.888 MaxHP: 4358.742 CurrHp 4358.742 ShieldHP: 0.000
-   Enemy 1 AV: 0.511 ENERGY: 0.000 MaxHP: 5000000.000 CurrHp 4830287.986 ShieldHP: 0.000
-   HuoHuo AV: 2.057 ENERGY: 111.986 MaxHP: 6139.808 CurrHp 6139.808 ShieldHP: 0.000
-   Enemy 0 AV: 14.303 ENERGY: 0.000 MaxHP: 2000000.000 CurrHp 1965143.857 ShieldHP: 0.000
-   Enemy 2 AV: 14.303 ENERGY: 0.000 MaxHP: 2000000.000 CurrHp 1965143.857 ShieldHP: 0.000
-   Archer AV: 32.982 ENERGY: 115.000 MaxHP: 3063.425 CurrHp 3063.425 ShieldHP: 0.000
-   RinTohsaka AV: 57.983 ENERGY: 110.000 MaxHP: 3051.570 CurrHp 3051.570 ShieldHP: 0.000

Combat context set: 3 enemies, 4 players
Combat context initialized: 3 enemies, Elation team size: 0
ACTION > [CHAR] TotalAV: 62.621 | TurnAV: 2.319 | Sparkle | E-move
    TURN   - SparkleSkill | Sparkle | SUP2 | NA attack | ['QUA'] | ['SKL'] | Scaling: ATK | TargetID: -1 | DMG/BREAK Splits: [0, 0]/[0, 0] | Energy Gained: 30 | SP Change: -1

        ----------Char Buffs----------
        BattleIsntOverERR | ERR% | Stacks: 1 | Value: 0.100 | Remaining Turns: 1 | TickDown: SUP2, PERM | Target: SUP2 | Affects: ['ALL']
        SacerdosSPD | SPD% | Stacks: 1 | Value: 0.060 | Remaining Turns: 1 | TickDown: SUP2, PERM | Target: SUP2 | Affects: ['ALL']
        KeelEFFRES | ERS% | Stacks: 1 | Value: 0.100 | Remaining Turns: 1 | TickDown: SUP2, PERM | Target: SUP2 | Affects: ['ALL']
        KeelCD(SUP2) | CD% | Stacks: 1 | Value: 0.100 | Remaining Turns: 1 | TickDown: SUP2, PERM | Target: SUP2 | Affects: ['ALL']
        SparkleTraceHP | HP% | Stacks: 1 | Value: 0.280 | Remaining Turns: 1 | TickDown: SUP2, PERM | Target: SUP2 | Affects: ['ALL']
        SparkleTraceCD | CD% | Stacks: 1 | Value: 0.240 | Remaining Turns: 1 | TickDown: SUP2, PERM | Target: SUP2 | Affects: ['ALL']
        SparkleTraceERS | ERS% | Stacks: 1 | Value: 0.100 | Remaining Turns: 1 | TickDown: SUP2, PERM | Target: SUP2 | Affects: ['ALL']
        SparkleTeamATK | ATK% | Stacks: 1 | Value: 0.450 | Remaining Turns: 1 | TickDown: SUP2, PERM | Target: SUP2 | Affects: ['ALL']
        KeelCD(SUS) | CD% | Stacks: 1 | Value: 0.100 | Remaining Turns: 1 | TickDown: SUP2, PERM | Target: SUP2 | Affects: ['ALL']
        RinTalentCD | CD% | Stacks: 1 | Value: 0.700 | Remaining Turns: 2 | TickDown: SUP2, END | Target: SUP2 | Affects: ['ALL']
        SparkleVUL | VULN | Stacks: 1 | Value: 0.040 | Remaining Turns: 2 | TickDown: SUP2, END | Target: SUP2 | Affects: ['ALL']
        ----------End of Buff List----------
        ----------Enemy Debuffs----------
        ----------End of Debuff List----------
        ----------Healing List----------
        ----------End of Healing List----------
        ----------Shields List----------
        ----------End of Shields List----------
    GAUGE  - Enemy 0 toughness reduced by 0.000
    RESULT - SparkleSkill | Sparkle | SUP2 | DMG: 0.000 | ELADMG: 0.000 | Enemies Hit: [0] | Enemies Broken: [] | WB DMG: 0.000 | Energy: 38.832 | Amount HP Healed: 0.000 | Amount HP Lost: 0.000 | Sparkle Energy: 110/110 | SP: 5 | MaxSP: 11)
Rin has obtained 1 Gem Energy from SP and now has 4 Gem Energy
ADV    > Archer advanced by 50.000% from SparkleForward | NewAV: 0.000 | Priority: 17
    TURN   - HuoHuoAllyERR | HuoHuo | SUS | NA attack | ['WIN'] | ['SPECIAL'] | Scaling: HP | TargetID: 1 | DMG/BREAK Splits: [0, 0]/[0, 0] | Energy Gained: 1 | SP Change: 0

        ----------Char Buffs----------
        KeelCD(SUP2) | CD% | Stacks: 1 | Value: 0.100 | Remaining Turns: 1 | TickDown: SUS, PERM | Target: SUS | Affects: ['ALL']
        SparkleTeamATK | ATK% | Stacks: 1 | Value: 0.450 | Remaining Turns: 1 | TickDown: SUS, PERM | Target: SUS | Affects: ['ALL']
        PostOpERR | ERR% | Stacks: 1 | Value: 0.160 | Remaining Turns: 1 | TickDown: SUS, PERM | Target: SUS | Affects: ['ALL']
        WarriorGoddessSPD | SPD% | Stacks: 1 | Value: 0.060 | Remaining Turns: 1 | TickDown: SUS, PERM | Target: SUS | Affects: ['ALL']
        KeelEFFRES | ERS% | Stacks: 1 | Value: 0.100 | Remaining Turns: 1 | TickDown: SUS, PERM | Target: SUS | Affects: ['ALL']
        KeelCD(SUS) | CD% | Stacks: 1 | Value: 0.100 | Remaining Turns: 1 | TickDown: SUS, PERM | Target: SUS | Affects: ['ALL']
        HHTraceHP | HP% | Stacks: 1 | Value: 0.280 | Remaining Turns: 1 | TickDown: SUS, PERM | Target: SUS | Affects: ['ALL']
        HHTraceERS | ERS% | Stacks: 1 | Value: 0.180 | Remaining Turns: 1 | TickDown: SUS, PERM | Target: SUS | Affects: ['ALL']
        HHTraceSPD | SPD | Stacks: 1 | Value: 5.000 | Remaining Turns: 1 | TickDown: SUS, PERM | Target: SUS | Affects: ['ALL']
        SparkleVUL | VULN | Stacks: 1 | Value: 0.040 | Remaining Turns: 2 | TickDown: SUS, END | Target: SUS | Affects: ['ALL']
        ----------End of Buff List----------
        ----------Enemy Debuffs----------
        HuohuoTechniqueDebuff | From: SUS | ATK_REDUCTION | Stacks: 1 | Value: 0.250 | Remaining Turns: 2 | Target: 1 | Targeting: ST | Affects: ['SPECIAL'] | DOT: False | Blast: False
        ----------End of Debuff List----------
        ----------Healing List----------
        HuoHuoTalentHealingScaling | Targeting: Targeting.SINGLE | Healing Value: [0] | Target: ALL
        HuoHuoTalentHealingScaling | Targeting: Targeting.SINGLE | Healing Value: [0.045] | Target: ALL
        HuoHuoTalentHealingScaling | Targeting: Targeting.SINGLE | Healing Value: [0] | Target: ALL
        HuoHuoTalentHealingScaling | Targeting: Targeting.SINGLE | Healing Value: [0] | Target: ALL
        HuoHuoTalentHealingFlat | Targeting: Targeting.SINGLE | Healing Value: [0] | Target: ALL
        HuoHuoTalentHealingFlat | Targeting: Targeting.SINGLE | Healing Value: [120] | Target: ALL
        HuoHuoTalentHealingFlat | Targeting: Targeting.SINGLE | Healing Value: [0] | Target: ALL
        HuoHuoTalentHealingFlat | Targeting: Targeting.SINGLE | Healing Value: [0] | Target: ALL
        ----------End of Healing List----------
        ----------Shields List----------
        ----------End of Shields List----------
    GAUGE  - Enemy 1 toughness reduced by 0.000
    RESULT - HuoHuoAllyERR | HuoHuo | SUS | DMG: 0.000 | ELADMG: 0.000 | Enemies Hit: [1] | Enemies Broken: [] | WB DMG: 0.000 | Energy: 1.354 | Amount HP Healed: 371.779 | Amount HP Lost: 0.000 | HuoHuo Energy: 113/140 | SP: 5 | MaxSP: 11)
ULT    > Sparkle used their ultimate
    TURN   - SparkleUlt | Sparkle | SUP2 | NA attack | ['QUA'] | ['ULT'] | Scaling: ATK | TargetID: -1 | DMG/BREAK Splits: [0, 0]/[0, 0] | Energy Gained: 5 | SP Change: 6

        ----------Char Buffs----------
        BattleIsntOverERR | ERR% | Stacks: 1 | Value: 0.100 | Remaining Turns: 1 | TickDown: SUP2, PERM | Target: SUP2 | Affects: ['ALL']
        SacerdosSPD | SPD% | Stacks: 1 | Value: 0.060 | Remaining Turns: 1 | TickDown: SUP2, PERM | Target: SUP2 | Affects: ['ALL']
        KeelEFFRES | ERS% | Stacks: 1 | Value: 0.100 | Remaining Turns: 1 | TickDown: SUP2, PERM | Target: SUP2 | Affects: ['ALL']
        KeelCD(SUP2) | CD% | Stacks: 1 | Value: 0.100 | Remaining Turns: 1 | TickDown: SUP2, PERM | Target: SUP2 | Affects: ['ALL']
        SparkleTraceHP | HP% | Stacks: 1 | Value: 0.280 | Remaining Turns: 1 | TickDown: SUP2, PERM | Target: SUP2 | Affects: ['ALL']
        SparkleTraceCD | CD% | Stacks: 1 | Value: 0.240 | Remaining Turns: 1 | TickDown: SUP2, PERM | Target: SUP2 | Affects: ['ALL']
        SparkleTraceERS | ERS% | Stacks: 1 | Value: 0.100 | Remaining Turns: 1 | TickDown: SUP2, PERM | Target: SUP2 | Affects: ['ALL']
        SparkleTeamATK | ATK% | Stacks: 1 | Value: 0.450 | Remaining Turns: 1 | TickDown: SUP2, PERM | Target: SUP2 | Affects: ['ALL']
        KeelCD(SUS) | CD% | Stacks: 1 | Value: 0.100 | Remaining Turns: 1 | TickDown: SUP2, PERM | Target: SUP2 | Affects: ['ALL']
        RinTalentCD | CD% | Stacks: 1 | Value: 0.700 | Remaining Turns: 2 | TickDown: SUP2, END | Target: SUP2 | Affects: ['ALL']
        SparkleVUL | VULN | Stacks: 1 | Value: 0.040 | Remaining Turns: 2 | TickDown: SUP2, END | Target: SUP2 | Affects: ['ALL']
        WarriorGoddessHealCD | CD% | Stacks: 1 | Value: 0.150 | Remaining Turns: 2 | TickDown: SUP2, START | Target: SUP2 | Affects: ['ALL']
        BattleIsntOverSPRole.SUP2 | SKILLPOINT | Stacks: 1 | Value: 1.000 | Remaining Turns: 1 | TickDown: SUP2, PERM | Target: SUP2 | Affects: ['ALL']
        SparkleUltVUL | VULN | Stacks: 1 | Value: 0.180 | Remaining Turns: 3 | TickDown: SUP2, END | Target: SUP2 | Affects: ['ALL']
        ----------End of Buff List----------
        ----------Enemy Debuffs----------
        ----------End of Debuff List----------
        ----------Healing List----------
        ----------End of Healing List----------
        ----------Shields List----------
        ----------End of Shields List----------
    GAUGE  - Enemy 0 toughness reduced by 0.000
    RESULT - SparkleUlt | Sparkle | SUP2 | DMG: 0.000 | ELADMG: 0.000 | Enemies Hit: [0] | Enemies Broken: [] | WB DMG: 0.000 | Energy: 6.472 | Amount HP Healed: 0.000 | Amount HP Lost: 0.000 | Sparkle Energy: 6/110 | SP: 11 | MaxSP: 11)
Rin has obtained 6 Gem Energy from SP and now has 10 Gem Energy
    TURN   - HuoHuoAllyERR | HuoHuo | SUS | NA attack | ['WIN'] | ['SPECIAL'] | Scaling: HP | TargetID: 1 | DMG/BREAK Splits: [0, 0]/[0, 0] | Energy Gained: 1 | SP Change: 0

        ----------Char Buffs----------
        KeelCD(SUP2) | CD% | Stacks: 1 | Value: 0.100 | Remaining Turns: 1 | TickDown: SUS, PERM | Target: SUS | Affects: ['ALL']
        SparkleTeamATK | ATK% | Stacks: 1 | Value: 0.450 | Remaining Turns: 1 | TickDown: SUS, PERM | Target: SUS | Affects: ['ALL']
        PostOpERR | ERR% | Stacks: 1 | Value: 0.160 | Remaining Turns: 1 | TickDown: SUS, PERM | Target: SUS | Affects: ['ALL']
        WarriorGoddessSPD | SPD% | Stacks: 1 | Value: 0.060 | Remaining Turns: 1 | TickDown: SUS, PERM | Target: SUS | Affects: ['ALL']
        KeelEFFRES | ERS% | Stacks: 1 | Value: 0.100 | Remaining Turns: 1 | TickDown: SUS, PERM | Target: SUS | Affects: ['ALL']
        KeelCD(SUS) | CD% | Stacks: 1 | Value: 0.100 | Remaining Turns: 1 | TickDown: SUS, PERM | Target: SUS | Affects: ['ALL']
        HHTraceHP | HP% | Stacks: 1 | Value: 0.280 | Remaining Turns: 1 | TickDown: SUS, PERM | Target: SUS | Affects: ['ALL']
        HHTraceERS | ERS% | Stacks: 1 | Value: 0.180 | Remaining Turns: 1 | TickDown: SUS, PERM | Target: SUS | Affects: ['ALL']
        HHTraceSPD | SPD | Stacks: 1 | Value: 5.000 | Remaining Turns: 1 | TickDown: SUS, PERM | Target: SUS | Affects: ['ALL']
        SparkleVUL | VULN | Stacks: 1 | Value: 0.040 | Remaining Turns: 2 | TickDown: SUS, END | Target: SUS | Affects: ['ALL']
        WarriorGoddessHealSPD | SPD% | Stacks: 1 | Value: 0.060 | Remaining Turns: 2 | TickDown: SUS, START | Target: SUS | Affects: ['ALL']
        WarriorGoddessHealCD | CD% | Stacks: 1 | Value: 0.150 | Remaining Turns: 2 | TickDown: SUS, START | Target: SUS | Affects: ['ALL']
        SparkleUltVUL | VULN | Stacks: 1 | Value: 0.180 | Remaining Turns: 3 | TickDown: SUS, END | Target: SUS | Affects: ['ALL']
        ----------End of Buff List----------
        ----------Enemy Debuffs----------
        HuohuoTechniqueDebuff | From: SUS | ATK_REDUCTION | Stacks: 1 | Value: 0.250 | Remaining Turns: 2 | Target: 1 | Targeting: ST | Affects: ['SPECIAL'] | DOT: False | Blast: False
        ----------End of Debuff List----------
        ----------Healing List----------
        HuoHuoTalentHealingScaling | Targeting: Targeting.SINGLE | Healing Value: [0] | Target: ALL
        HuoHuoTalentHealingScaling | Targeting: Targeting.SINGLE | Healing Value: [0.045] | Target: ALL
        HuoHuoTalentHealingScaling | Targeting: Targeting.SINGLE | Healing Value: [0] | Target: ALL
        HuoHuoTalentHealingScaling | Targeting: Targeting.SINGLE | Healing Value: [0] | Target: ALL
        HuoHuoTalentHealingFlat | Targeting: Targeting.SINGLE | Healing Value: [0] | Target: ALL
        HuoHuoTalentHealingFlat | Targeting: Targeting.SINGLE | Healing Value: [120] | Target: ALL
        HuoHuoTalentHealingFlat | Targeting: Targeting.SINGLE | Healing Value: [0] | Target: ALL
        HuoHuoTalentHealingFlat | Targeting: Targeting.SINGLE | Healing Value: [0] | Target: ALL
        ----------End of Healing List----------
        ----------Shields List----------
        ----------End of Shields List----------
    GAUGE  - Enemy 1 toughness reduced by 0.000
    RESULT - HuoHuoAllyERR | HuoHuo | SUS | DMG: 0.000 | ELADMG: 0.000 | Enemies Hit: [1] | Enemies Broken: [] | WB DMG: 0.000 | Energy: 1.354 | Amount HP Healed: 371.779 | Amount HP Lost: 0.000 | HuoHuo Energy: 115/140 | SP: 11 | MaxSP: 11)
SPD    > HuoHuo speed changed to 160.492 | NewAV: 1.982
AV     > Sparkle AV reset to 62.621 | 159.692 SPD

<<< NEW TURN >>>
-   Archer AV: 0.000 ENERGY: 115.000 MaxHP: 3063.425 CurrHp 3063.425 ShieldHP: 0.000
-   Enemy 1 AV: 0.511 ENERGY: 0.000 MaxHP: 5000000.000 CurrHp 4830287.986 ShieldHP: 0.000
-   HuoHuo AV: 1.982 ENERGY: 114.695 MaxHP: 6139.808 CurrHp 6139.808 ShieldHP: 0.000
-   Enemy 0 AV: 14.303 ENERGY: 0.000 MaxHP: 2000000.000 CurrHp 1965143.857 ShieldHP: 0.000
-   Enemy 2 AV: 14.303 ENERGY: 0.000 MaxHP: 2000000.000 CurrHp 1965143.857 ShieldHP: 0.000
-   RinTohsaka AV: 57.983 ENERGY: 110.000 MaxHP: 3051.570 CurrHp 3051.570 ShieldHP: 0.000
-   Sparkle AV: 62.621 ENERGY: 6.472 MaxHP: 4358.742 CurrHp 4358.742 ShieldHP: 0.000

Combat context set: 3 enemies, 4 players
Combat context initialized: 3 enemies, Elation team size: 0
ACTION > [CHAR] TotalAV: 62.621 | TurnAV: 0.000 | Archer | E-move
CIRCUIT > Archer entered Circuit Connection (use 1/5)
    TURN   - ArcherSkill | Archer | DPS | ST attack | ['QUA'] | ['SKL'] | Scaling: ATK | TargetID: 1 | DMG/BREAK Splits: [3.6, 0]/[20, 0] | Energy Gained: 30 | SP Change: -2

        ----------Char Buffs----------
        IdealsBurnCR | CR% | Stacks: 1 | Value: 0.160 | Remaining Turns: 1 | TickDown: DPS, PERM | Target: DPS | Affects: ['ALL']
        IdealsBurnATK | ATK% | Stacks: 1 | Value: 0.400 | Remaining Turns: 1 | TickDown: DPS, PERM | Target: DPS | Affects: ['ALL']
        GeniusDMG | DMG% | Stacks: 1 | Value: 0.100 | Remaining Turns: 1 | TickDown: DPS, PERM | Target: DPS | Affects: ['ALL']
        GeniusSHRED | SHRED | Stacks: 1 | Value: 0.200 | Remaining Turns: 1 | TickDown: DPS, PERM | Target: DPS | Affects: ['ALL']
        TengokuCD | CD% | Stacks: 1 | Value: 0.160 | Remaining Turns: 1 | TickDown: DPS, PERM | Target: DPS | Affects: ['ALL']
        ArcherTraceCR | CD% | Stacks: 1 | Value: 0.067 | Remaining Turns: 1 | TickDown: DPS, PERM | Target: DPS | Affects: ['ALL']
        ArcherTraceATK | ATK% | Stacks: 1 | Value: 0.180 | Remaining Turns: 1 | TickDown: DPS, PERM | Target: DPS | Affects: ['ALL']
        ArcherTraceDMG | DMG% | Stacks: 1 | Value: 0.224 | Remaining Turns: 1 | TickDown: DPS, PERM | Target: DPS | Affects: ['ALL']
        KeelCD(SUP2) | CD% | Stacks: 1 | Value: 0.100 | Remaining Turns: 1 | TickDown: DPS, PERM | Target: DPS | Affects: ['ALL']
        SparkleTeamATK | ATK% | Stacks: 1 | Value: 0.450 | Remaining Turns: 1 | TickDown: DPS, PERM | Target: DPS | Affects: ['ALL']
        KeelCD(SUS) | CD% | Stacks: 1 | Value: 0.100 | Remaining Turns: 1 | TickDown: DPS, PERM | Target: DPS | Affects: ['ALL']
        RinTohsakaAllyTrace1ATK | ATK% | Stacks: 1 | Value: 1.500 | Remaining Turns: 1 | TickDown: DPS, PERM | Target: DPS | Affects: ['ALL']
        RinTohsakaAllyTrace1PEN | QUAPEN | Stacks: 1 | Value: 0.150 | Remaining Turns: 1 | TickDown: DPS, PERM | Target: DPS | Affects: ['ALL']
        SparkleVUL | VULN | Stacks: 1 | Value: 0.040 | Remaining Turns: 2 | TickDown: DPS, END | Target: DPS | Affects: ['ALL']
        RinTalentCD | CD% | Stacks: 1 | Value: 0.700 | Remaining Turns: 2 | TickDown: DPS, END | Target: DPS | Affects: ['ALL']
        BattleIsntOverDMGRole.SUP2 | DMG% | Stacks: 1 | Value: 0.300 | Remaining Turns: 1 | TickDown: DPS, END | Target: DPS | Affects: ['ALL']
        SacerdosCDSUP2 | CD% | Stacks: 1 | Value: 0.180 | Remaining Turns: 2 | TickDown: DPS, END | Target: DPS | Affects: ['ALL']
        SparkleCD | CD% | Stacks: 1 | Value: 1.139 | Remaining Turns: 2 | TickDown: DPS, END | Target: DPS | Affects: ['ALL']
        SparklePEN | PEN | Stacks: 1 | Value: 0.100 | Remaining Turns: 2 | TickDown: DPS, END | Target: DPS | Affects: ['ALL']
        WarriorGoddessHealCD | CD% | Stacks: 1 | Value: 0.150 | Remaining Turns: 1 | TickDown: DPS, START | Target: DPS | Affects: ['ALL']
        SparkleUltVUL | VULN | Stacks: 1 | Value: 0.180 | Remaining Turns: 3 | TickDown: DPS, END | Target: DPS | Affects: ['ALL']
        Trace3CD | CD% | Stacks: 1 | Value: 1.200 | Remaining Turns: 1 | TickDown: DPS, END | Target: DPS | Affects: ['ALL']
        IdealsBurnSKLATK | ATK% | Stacks: 1 | Value: 0.100 | Remaining Turns: 1 | TickDown: DPS, PERM | Target: DPS | Affects: ['ALL']
        ----------End of Buff List----------
        ----------Enemy Debuffs----------
        HuohuoTechniqueDebuff | From: SUS | ATK_REDUCTION | Stacks: 1 | Value: 0.250 | Remaining Turns: 2 | Target: 1 | Targeting: ST | Affects: ['SPECIAL'] | DOT: False | Blast: False
        ----------End of Debuff List----------
        ----------Healing List----------
        ----------End of Healing List----------
        ----------Shields List----------
        ----------End of Shields List----------
    GAUGE  - Enemy 1 toughness reduced by 20.000
    RESULT - ArcherSkill | Archer | DPS | DMG: 167775.250 | ELADMG: 0.000 | Enemies Hit: [1] | Enemies Broken: [] | WB DMG: 0.000 | Energy: 30.000 | Amount HP Healed: 0.000 | Amount HP Lost: 0.000 | Archer Energy: 145/220 | SP: 9 | MaxSP: 11)
Rin has obtained 2 Gem Energy from SP and now has 12 Gem Energy
    TURN   - HuoHuoAllyERR | HuoHuo | SUS | NA attack | ['WIN'] | ['SPECIAL'] | Scaling: HP | TargetID: 1 | DMG/BREAK Splits: [0, 0]/[0, 0] | Energy Gained: 1 | SP Change: 0

        ----------Char Buffs----------
        KeelCD(SUP2) | CD% | Stacks: 1 | Value: 0.100 | Remaining Turns: 1 | TickDown: SUS, PERM | Target: SUS | Affects: ['ALL']
        SparkleTeamATK | ATK% | Stacks: 1 | Value: 0.450 | Remaining Turns: 1 | TickDown: SUS, PERM | Target: SUS | Affects: ['ALL']
        PostOpERR | ERR% | Stacks: 1 | Value: 0.160 | Remaining Turns: 1 | TickDown: SUS, PERM | Target: SUS | Affects: ['ALL']
        WarriorGoddessSPD | SPD% | Stacks: 1 | Value: 0.060 | Remaining Turns: 1 | TickDown: SUS, PERM | Target: SUS | Affects: ['ALL']
        KeelEFFRES | ERS% | Stacks: 1 | Value: 0.100 | Remaining Turns: 1 | TickDown: SUS, PERM | Target: SUS | Affects: ['ALL']
        KeelCD(SUS) | CD% | Stacks: 1 | Value: 0.100 | Remaining Turns: 1 | TickDown: SUS, PERM | Target: SUS | Affects: ['ALL']
        HHTraceHP | HP% | Stacks: 1 | Value: 0.280 | Remaining Turns: 1 | TickDown: SUS, PERM | Target: SUS | Affects: ['ALL']
        HHTraceERS | ERS% | Stacks: 1 | Value: 0.180 | Remaining Turns: 1 | TickDown: SUS, PERM | Target: SUS | Affects: ['ALL']
        HHTraceSPD | SPD | Stacks: 1 | Value: 5.000 | Remaining Turns: 1 | TickDown: SUS, PERM | Target: SUS | Affects: ['ALL']
        SparkleVUL | VULN | Stacks: 2 | Value: 0.080 | Remaining Turns: 2 | TickDown: SUS, END | Target: SUS | Affects: ['ALL']
        WarriorGoddessHealSPD | SPD% | Stacks: 1 | Value: 0.060 | Remaining Turns: 2 | TickDown: SUS, START | Target: SUS | Affects: ['ALL']
        WarriorGoddessHealCD | CD% | Stacks: 1 | Value: 0.150 | Remaining Turns: 2 | TickDown: SUS, START | Target: SUS | Affects: ['ALL']
        SparkleUltVUL | VULN | Stacks: 1 | Value: 0.180 | Remaining Turns: 3 | TickDown: SUS, END | Target: SUS | Affects: ['ALL']
        ----------End of Buff List----------
        ----------Enemy Debuffs----------
        HuohuoTechniqueDebuff | From: SUS | ATK_REDUCTION | Stacks: 1 | Value: 0.250 | Remaining Turns: 2 | Target: 1 | Targeting: ST | Affects: ['SPECIAL'] | DOT: False | Blast: False
        ----------End of Debuff List----------
        ----------Healing List----------
        HuoHuoTalentHealingScaling | Targeting: Targeting.SINGLE | Healing Value: [0] | Target: ALL
        HuoHuoTalentHealingScaling | Targeting: Targeting.SINGLE | Healing Value: [0.045] | Target: ALL
        HuoHuoTalentHealingScaling | Targeting: Targeting.SINGLE | Healing Value: [0] | Target: ALL
        HuoHuoTalentHealingScaling | Targeting: Targeting.SINGLE | Healing Value: [0] | Target: ALL
        HuoHuoTalentHealingFlat | Targeting: Targeting.SINGLE | Healing Value: [0] | Target: ALL
        HuoHuoTalentHealingFlat | Targeting: Targeting.SINGLE | Healing Value: [120] | Target: ALL
        HuoHuoTalentHealingFlat | Targeting: Targeting.SINGLE | Healing Value: [0] | Target: ALL
        HuoHuoTalentHealingFlat | Targeting: Targeting.SINGLE | Healing Value: [0] | Target: ALL
        ----------End of Healing List----------
        ----------Shields List----------
        ----------End of Shields List----------
    GAUGE  - Enemy 1 toughness reduced by 0.000
    RESULT - HuoHuoAllyERR | HuoHuo | SUS | DMG: 0.000 | ELADMG: 0.000 | Enemies Hit: [1] | Enemies Broken: [] | WB DMG: 0.000 | Energy: 1.354 | Amount HP Healed: 371.779 | Amount HP Lost: 0.000 | HuoHuo Energy: 116/140 | SP: 9 | MaxSP: 11)
ERR    > 1.294 energy added to Sparkle from SparkleTalentERR | Sparkle Energy: 7.766
ACTION > [CIRCUIT] TotalAV: 62.621 | Archer | circuit skill use 2
CIRCUIT > Archer Circuit skill use 2/5
    TURN   - ArcherSkill | Archer | DPS | ST attack | ['QUA'] | ['SKL'] | Scaling: ATK | TargetID: 1 | DMG/BREAK Splits: [3.6, 0]/[20, 0] | Energy Gained: 30 | SP Change: -2

        ----------Char Buffs----------
        IdealsBurnCR | CR% | Stacks: 1 | Value: 0.160 | Remaining Turns: 1 | TickDown: DPS, PERM | Target: DPS | Affects: ['ALL']
        IdealsBurnATK | ATK% | Stacks: 1 | Value: 0.400 | Remaining Turns: 1 | TickDown: DPS, PERM | Target: DPS | Affects: ['ALL']
        GeniusDMG | DMG% | Stacks: 1 | Value: 0.100 | Remaining Turns: 1 | TickDown: DPS, PERM | Target: DPS | Affects: ['ALL']
        GeniusSHRED | SHRED | Stacks: 1 | Value: 0.200 | Remaining Turns: 1 | TickDown: DPS, PERM | Target: DPS | Affects: ['ALL']
        TengokuCD | CD% | Stacks: 1 | Value: 0.160 | Remaining Turns: 1 | TickDown: DPS, PERM | Target: DPS | Affects: ['ALL']
        ArcherTraceCR | CD% | Stacks: 1 | Value: 0.067 | Remaining Turns: 1 | TickDown: DPS, PERM | Target: DPS | Affects: ['ALL']
        ArcherTraceATK | ATK% | Stacks: 1 | Value: 0.180 | Remaining Turns: 1 | TickDown: DPS, PERM | Target: DPS | Affects: ['ALL']
        ArcherTraceDMG | DMG% | Stacks: 1 | Value: 0.224 | Remaining Turns: 1 | TickDown: DPS, PERM | Target: DPS | Affects: ['ALL']
        KeelCD(SUP2) | CD% | Stacks: 1 | Value: 0.100 | Remaining Turns: 1 | TickDown: DPS, PERM | Target: DPS | Affects: ['ALL']
        SparkleTeamATK | ATK% | Stacks: 1 | Value: 0.450 | Remaining Turns: 1 | TickDown: DPS, PERM | Target: DPS | Affects: ['ALL']
        KeelCD(SUS) | CD% | Stacks: 1 | Value: 0.100 | Remaining Turns: 1 | TickDown: DPS, PERM | Target: DPS | Affects: ['ALL']
        RinTohsakaAllyTrace1ATK | ATK% | Stacks: 1 | Value: 1.500 | Remaining Turns: 1 | TickDown: DPS, PERM | Target: DPS | Affects: ['ALL']
        RinTohsakaAllyTrace1PEN | QUAPEN | Stacks: 1 | Value: 0.150 | Remaining Turns: 1 | TickDown: DPS, PERM | Target: DPS | Affects: ['ALL']
        SparkleVUL | VULN | Stacks: 2 | Value: 0.080 | Remaining Turns: 2 | TickDown: DPS, END | Target: DPS | Affects: ['ALL']
        RinTalentCD | CD% | Stacks: 1 | Value: 0.700 | Remaining Turns: 2 | TickDown: DPS, END | Target: DPS | Affects: ['ALL']
        BattleIsntOverDMGRole.SUP2 | DMG% | Stacks: 1 | Value: 0.300 | Remaining Turns: 1 | TickDown: DPS, END | Target: DPS | Affects: ['ALL']
        SacerdosCDSUP2 | CD% | Stacks: 1 | Value: 0.180 | Remaining Turns: 2 | TickDown: DPS, END | Target: DPS | Affects: ['ALL']
        SparkleCD | CD% | Stacks: 1 | Value: 1.139 | Remaining Turns: 2 | TickDown: DPS, END | Target: DPS | Affects: ['ALL']
        SparklePEN | PEN | Stacks: 1 | Value: 0.100 | Remaining Turns: 2 | TickDown: DPS, END | Target: DPS | Affects: ['ALL']
        WarriorGoddessHealCD | CD% | Stacks: 1 | Value: 0.150 | Remaining Turns: 2 | TickDown: DPS, START | Target: DPS | Affects: ['ALL']
        SparkleUltVUL | VULN | Stacks: 1 | Value: 0.180 | Remaining Turns: 3 | TickDown: DPS, END | Target: DPS | Affects: ['ALL']
        Trace3CD | CD% | Stacks: 1 | Value: 1.200 | Remaining Turns: 1 | TickDown: DPS, END | Target: DPS | Affects: ['ALL']
        IdealsBurnSKLATK | ATK% | Stacks: 1 | Value: 0.200 | Remaining Turns: 1 | TickDown: DPS, PERM | Target: DPS | Affects: ['ALL']
        TengokuSPArcherCD | CD% | Stacks: 1 | Value: 0.320 | Remaining Turns: 3 | TickDown: DPS, END | Target: DPS | Affects: ['ALL']
        SkillDmg | DMG% | Stacks: 1 | Value: 1.000 | Remaining Turns: 1 | TickDown: DPS, START | Target: DPS | Affects: ['SKL']
        ----------End of Buff List----------
        ----------Enemy Debuffs----------
        HuohuoTechniqueDebuff | From: SUS | ATK_REDUCTION | Stacks: 1 | Value: 0.250 | Remaining Turns: 2 | Target: 1 | Targeting: ST | Affects: ['SPECIAL'] | DOT: False | Blast: False
        ----------End of Debuff List----------
        ----------Healing List----------
        ----------End of Healing List----------
        ----------Shields List----------
        ----------End of Shields List----------
    GAUGE  - Enemy 1 toughness reduced by 20.000
    RESULT - ArcherSkill | Archer | DPS | DMG: 278791.235 | ELADMG: 0.000 | Enemies Hit: [1] | Enemies Broken: [] | WB DMG: 0.000 | Energy: 30.000 | Amount HP Healed: 0.000 | Amount HP Lost: 0.000 | Archer Energy: 175/220 | SP: 7 | MaxSP: 11)
Rin has obtained 2 Gem Energy from SP and now has 14 Gem Energy
    TURN   - HuoHuoAllyERR | HuoHuo | SUS | NA attack | ['WIN'] | ['SPECIAL'] | Scaling: HP | TargetID: 1 | DMG/BREAK Splits: [0, 0]/[0, 0] | Energy Gained: 1 | SP Change: 0

        ----------Char Buffs----------
        KeelCD(SUP2) | CD% | Stacks: 1 | Value: 0.100 | Remaining Turns: 1 | TickDown: SUS, PERM | Target: SUS | Affects: ['ALL']
        SparkleTeamATK | ATK% | Stacks: 1 | Value: 0.450 | Remaining Turns: 1 | TickDown: SUS, PERM | Target: SUS | Affects: ['ALL']
        PostOpERR | ERR% | Stacks: 1 | Value: 0.160 | Remaining Turns: 1 | TickDown: SUS, PERM | Target: SUS | Affects: ['ALL']
        WarriorGoddessSPD | SPD% | Stacks: 1 | Value: 0.060 | Remaining Turns: 1 | TickDown: SUS, PERM | Target: SUS | Affects: ['ALL']
        KeelEFFRES | ERS% | Stacks: 1 | Value: 0.100 | Remaining Turns: 1 | TickDown: SUS, PERM | Target: SUS | Affects: ['ALL']
        KeelCD(SUS) | CD% | Stacks: 1 | Value: 0.100 | Remaining Turns: 1 | TickDown: SUS, PERM | Target: SUS | Affects: ['ALL']
        HHTraceHP | HP% | Stacks: 1 | Value: 0.280 | Remaining Turns: 1 | TickDown: SUS, PERM | Target: SUS | Affects: ['ALL']
        HHTraceERS | ERS% | Stacks: 1 | Value: 0.180 | Remaining Turns: 1 | TickDown: SUS, PERM | Target: SUS | Affects: ['ALL']
        HHTraceSPD | SPD | Stacks: 1 | Value: 5.000 | Remaining Turns: 1 | TickDown: SUS, PERM | Target: SUS | Affects: ['ALL']
        SparkleVUL | VULN | Stacks: 3 | Value: 0.120 | Remaining Turns: 2 | TickDown: SUS, END | Target: SUS | Affects: ['ALL']
        WarriorGoddessHealSPD | SPD% | Stacks: 1 | Value: 0.060 | Remaining Turns: 2 | TickDown: SUS, START | Target: SUS | Affects: ['ALL']
        WarriorGoddessHealCD | CD% | Stacks: 1 | Value: 0.150 | Remaining Turns: 2 | TickDown: SUS, START | Target: SUS | Affects: ['ALL']
        SparkleUltVUL | VULN | Stacks: 1 | Value: 0.180 | Remaining Turns: 3 | TickDown: SUS, END | Target: SUS | Affects: ['ALL']
        ----------End of Buff List----------
        ----------Enemy Debuffs----------
        HuohuoTechniqueDebuff | From: SUS | ATK_REDUCTION | Stacks: 1 | Value: 0.250 | Remaining Turns: 2 | Target: 1 | Targeting: ST | Affects: ['SPECIAL'] | DOT: False | Blast: False
        ----------End of Debuff List----------
        ----------Healing List----------
        HuoHuoTalentHealingScaling | Targeting: Targeting.SINGLE | Healing Value: [0] | Target: ALL
        HuoHuoTalentHealingScaling | Targeting: Targeting.SINGLE | Healing Value: [0.045] | Target: ALL
        HuoHuoTalentHealingScaling | Targeting: Targeting.SINGLE | Healing Value: [0] | Target: ALL
        HuoHuoTalentHealingScaling | Targeting: Targeting.SINGLE | Healing Value: [0] | Target: ALL
        HuoHuoTalentHealingFlat | Targeting: Targeting.SINGLE | Healing Value: [0] | Target: ALL
        HuoHuoTalentHealingFlat | Targeting: Targeting.SINGLE | Healing Value: [120] | Target: ALL
        HuoHuoTalentHealingFlat | Targeting: Targeting.SINGLE | Healing Value: [0] | Target: ALL
        HuoHuoTalentHealingFlat | Targeting: Targeting.SINGLE | Healing Value: [0] | Target: ALL
        ----------End of Healing List----------
        ----------Shields List----------
        ----------End of Shields List----------
    GAUGE  - Enemy 1 toughness reduced by 0.000
    RESULT - HuoHuoAllyERR | HuoHuo | SUS | DMG: 0.000 | ELADMG: 0.000 | Enemies Hit: [1] | Enemies Broken: [] | WB DMG: 0.000 | Energy: 1.354 | Amount HP Healed: 371.779 | Amount HP Lost: 0.000 | HuoHuo Energy: 117/140 | SP: 7 | MaxSP: 11)
ERR    > 1.294 energy added to Sparkle from SparkleTalentERR | Sparkle Energy: 9.061
ACTION > [CIRCUIT] TotalAV: 62.621 | Archer | circuit skill use 3
CIRCUIT > Archer Circuit skill use 3/5
    TURN   - ArcherSkill | Archer | DPS | ST attack | ['QUA'] | ['SKL'] | Scaling: ATK | TargetID: 1 | DMG/BREAK Splits: [3.6, 0]/[20, 0] | Energy Gained: 30 | SP Change: -2

        ----------Char Buffs----------
        IdealsBurnCR | CR% | Stacks: 1 | Value: 0.160 | Remaining Turns: 1 | TickDown: DPS, PERM | Target: DPS | Affects: ['ALL']
        IdealsBurnATK | ATK% | Stacks: 1 | Value: 0.400 | Remaining Turns: 1 | TickDown: DPS, PERM | Target: DPS | Affects: ['ALL']
        GeniusDMG | DMG% | Stacks: 1 | Value: 0.100 | Remaining Turns: 1 | TickDown: DPS, PERM | Target: DPS | Affects: ['ALL']
        GeniusSHRED | SHRED | Stacks: 1 | Value: 0.200 | Remaining Turns: 1 | TickDown: DPS, PERM | Target: DPS | Affects: ['ALL']
        TengokuCD | CD% | Stacks: 1 | Value: 0.160 | Remaining Turns: 1 | TickDown: DPS, PERM | Target: DPS | Affects: ['ALL']
        ArcherTraceCR | CD% | Stacks: 1 | Value: 0.067 | Remaining Turns: 1 | TickDown: DPS, PERM | Target: DPS | Affects: ['ALL']
        ArcherTraceATK | ATK% | Stacks: 1 | Value: 0.180 | Remaining Turns: 1 | TickDown: DPS, PERM | Target: DPS | Affects: ['ALL']
        ArcherTraceDMG | DMG% | Stacks: 1 | Value: 0.224 | Remaining Turns: 1 | TickDown: DPS, PERM | Target: DPS | Affects: ['ALL']
        KeelCD(SUP2) | CD% | Stacks: 1 | Value: 0.100 | Remaining Turns: 1 | TickDown: DPS, PERM | Target: DPS | Affects: ['ALL']
        SparkleTeamATK | ATK% | Stacks: 1 | Value: 0.450 | Remaining Turns: 1 | TickDown: DPS, PERM | Target: DPS | Affects: ['ALL']
        KeelCD(SUS) | CD% | Stacks: 1 | Value: 0.100 | Remaining Turns: 1 | TickDown: DPS, PERM | Target: DPS | Affects: ['ALL']
        RinTohsakaAllyTrace1ATK | ATK% | Stacks: 1 | Value: 1.500 | Remaining Turns: 1 | TickDown: DPS, PERM | Target: DPS | Affects: ['ALL']
        RinTohsakaAllyTrace1PEN | QUAPEN | Stacks: 1 | Value: 0.150 | Remaining Turns: 1 | TickDown: DPS, PERM | Target: DPS | Affects: ['ALL']
        SparkleVUL | VULN | Stacks: 3 | Value: 0.120 | Remaining Turns: 2 | TickDown: DPS, END | Target: DPS | Affects: ['ALL']
        RinTalentCD | CD% | Stacks: 1 | Value: 0.700 | Remaining Turns: 2 | TickDown: DPS, END | Target: DPS | Affects: ['ALL']
        BattleIsntOverDMGRole.SUP2 | DMG% | Stacks: 1 | Value: 0.300 | Remaining Turns: 1 | TickDown: DPS, END | Target: DPS | Affects: ['ALL']
        SacerdosCDSUP2 | CD% | Stacks: 1 | Value: 0.180 | Remaining Turns: 2 | TickDown: DPS, END | Target: DPS | Affects: ['ALL']
        SparkleCD | CD% | Stacks: 1 | Value: 1.139 | Remaining Turns: 2 | TickDown: DPS, END | Target: DPS | Affects: ['ALL']
        SparklePEN | PEN | Stacks: 1 | Value: 0.100 | Remaining Turns: 2 | TickDown: DPS, END | Target: DPS | Affects: ['ALL']
        WarriorGoddessHealCD | CD% | Stacks: 1 | Value: 0.150 | Remaining Turns: 2 | TickDown: DPS, START | Target: DPS | Affects: ['ALL']
        SparkleUltVUL | VULN | Stacks: 1 | Value: 0.180 | Remaining Turns: 3 | TickDown: DPS, END | Target: DPS | Affects: ['ALL']
        Trace3CD | CD% | Stacks: 1 | Value: 1.200 | Remaining Turns: 1 | TickDown: DPS, END | Target: DPS | Affects: ['ALL']
        IdealsBurnSKLATK | ATK% | Stacks: 1 | Value: 0.300 | Remaining Turns: 1 | TickDown: DPS, PERM | Target: DPS | Affects: ['ALL']
        TengokuSPArcherCD | CD% | Stacks: 1 | Value: 0.320 | Remaining Turns: 3 | TickDown: DPS, END | Target: DPS | Affects: ['ALL']
        SkillDmg | DMG% | Stacks: 2 | Value: 2.000 | Remaining Turns: 1 | TickDown: DPS, START | Target: DPS | Affects: ['SKL']
        ----------End of Buff List----------
        ----------Enemy Debuffs----------
        HuohuoTechniqueDebuff | From: SUS | ATK_REDUCTION | Stacks: 1 | Value: 0.250 | Remaining Turns: 2 | Target: 1 | Targeting: ST | Affects: ['SPECIAL'] | DOT: False | Blast: False
        ----------End of Debuff List----------
        ----------Healing List----------
        ----------End of Healing List----------
        ----------Shields List----------
        ----------End of Shields List----------
    GAUGE  - Enemy 1 toughness reduced by 20.000
    RESULT - ArcherSkill | Archer | DPS | DMG: 390723.043 | ELADMG: 0.000 | Enemies Hit: [1] | Enemies Broken: [] | WB DMG: 0.000 | Energy: 30.000 | Amount HP Healed: 0.000 | Amount HP Lost: 0.000 | Archer Energy: 205/220 | SP: 5 | MaxSP: 11)
Rin has obtained 2 Gem Energy from SP and now has 16 Gem Energy
    TURN   - HuoHuoAllyERR | HuoHuo | SUS | NA attack | ['WIN'] | ['SPECIAL'] | Scaling: HP | TargetID: 1 | DMG/BREAK Splits: [0, 0]/[0, 0] | Energy Gained: 1 | SP Change: 0

        ----------Char Buffs----------
        KeelCD(SUP2) | CD% | Stacks: 1 | Value: 0.100 | Remaining Turns: 1 | TickDown: SUS, PERM | Target: SUS | Affects: ['ALL']
        SparkleTeamATK | ATK% | Stacks: 1 | Value: 0.450 | Remaining Turns: 1 | TickDown: SUS, PERM | Target: SUS | Affects: ['ALL']
        PostOpERR | ERR% | Stacks: 1 | Value: 0.160 | Remaining Turns: 1 | TickDown: SUS, PERM | Target: SUS | Affects: ['ALL']
        WarriorGoddessSPD | SPD% | Stacks: 1 | Value: 0.060 | Remaining Turns: 1 | TickDown: SUS, PERM | Target: SUS | Affects: ['ALL']
        KeelEFFRES | ERS% | Stacks: 1 | Value: 0.100 | Remaining Turns: 1 | TickDown: SUS, PERM | Target: SUS | Affects: ['ALL']
        KeelCD(SUS) | CD% | Stacks: 1 | Value: 0.100 | Remaining Turns: 1 | TickDown: SUS, PERM | Target: SUS | Affects: ['ALL']
        HHTraceHP | HP% | Stacks: 1 | Value: 0.280 | Remaining Turns: 1 | TickDown: SUS, PERM | Target: SUS | Affects: ['ALL']
        HHTraceERS | ERS% | Stacks: 1 | Value: 0.180 | Remaining Turns: 1 | TickDown: SUS, PERM | Target: SUS | Affects: ['ALL']
        HHTraceSPD | SPD | Stacks: 1 | Value: 5.000 | Remaining Turns: 1 | TickDown: SUS, PERM | Target: SUS | Affects: ['ALL']
        SparkleVUL | VULN | Stacks: 3 | Value: 0.120 | Remaining Turns: 2 | TickDown: SUS, END | Target: SUS | Affects: ['ALL']
        WarriorGoddessHealSPD | SPD% | Stacks: 1 | Value: 0.060 | Remaining Turns: 2 | TickDown: SUS, START | Target: SUS | Affects: ['ALL']
        WarriorGoddessHealCD | CD% | Stacks: 1 | Value: 0.150 | Remaining Turns: 2 | TickDown: SUS, START | Target: SUS | Affects: ['ALL']
        SparkleUltVUL | VULN | Stacks: 1 | Value: 0.180 | Remaining Turns: 3 | TickDown: SUS, END | Target: SUS | Affects: ['ALL']
        ----------End of Buff List----------
        ----------Enemy Debuffs----------
        HuohuoTechniqueDebuff | From: SUS | ATK_REDUCTION | Stacks: 1 | Value: 0.250 | Remaining Turns: 2 | Target: 1 | Targeting: ST | Affects: ['SPECIAL'] | DOT: False | Blast: False
        ----------End of Debuff List----------
        ----------Healing List----------
        HuoHuoTalentHealingScaling | Targeting: Targeting.SINGLE | Healing Value: [0] | Target: ALL
        HuoHuoTalentHealingScaling | Targeting: Targeting.SINGLE | Healing Value: [0.045] | Target: ALL
        HuoHuoTalentHealingScaling | Targeting: Targeting.SINGLE | Healing Value: [0] | Target: ALL
        HuoHuoTalentHealingScaling | Targeting: Targeting.SINGLE | Healing Value: [0] | Target: ALL
        HuoHuoTalentHealingFlat | Targeting: Targeting.SINGLE | Healing Value: [0] | Target: ALL
        HuoHuoTalentHealingFlat | Targeting: Targeting.SINGLE | Healing Value: [120] | Target: ALL
        HuoHuoTalentHealingFlat | Targeting: Targeting.SINGLE | Healing Value: [0] | Target: ALL
        HuoHuoTalentHealingFlat | Targeting: Targeting.SINGLE | Healing Value: [0] | Target: ALL
        ----------End of Healing List----------
        ----------Shields List----------
        ----------End of Shields List----------
    GAUGE  - Enemy 1 toughness reduced by 0.000
    RESULT - HuoHuoAllyERR | HuoHuo | SUS | DMG: 0.000 | ELADMG: 0.000 | Enemies Hit: [1] | Enemies Broken: [] | WB DMG: 0.000 | Energy: 1.354 | Amount HP Healed: 371.779 | Amount HP Lost: 0.000 | HuoHuo Energy: 119/140 | SP: 5 | MaxSP: 11)
ERR    > 1.294 energy added to Sparkle from SparkleTalentERR | Sparkle Energy: 10.355
ACTION > [CIRCUIT] TotalAV: 62.621 | Archer | circuit skill use 4
CIRCUIT > Archer Circuit skill use 4/5
    TURN   - ArcherSkill | Archer | DPS | ST attack | ['QUA'] | ['SKL'] | Scaling: ATK | TargetID: 1 | DMG/BREAK Splits: [3.6, 0]/[20, 0] | Energy Gained: 30 | SP Change: -2

        ----------Char Buffs----------
        IdealsBurnCR | CR% | Stacks: 1 | Value: 0.160 | Remaining Turns: 1 | TickDown: DPS, PERM | Target: DPS | Affects: ['ALL']
        IdealsBurnATK | ATK% | Stacks: 1 | Value: 0.400 | Remaining Turns: 1 | TickDown: DPS, PERM | Target: DPS | Affects: ['ALL']
        GeniusDMG | DMG% | Stacks: 1 | Value: 0.100 | Remaining Turns: 1 | TickDown: DPS, PERM | Target: DPS | Affects: ['ALL']
        GeniusSHRED | SHRED | Stacks: 1 | Value: 0.200 | Remaining Turns: 1 | TickDown: DPS, PERM | Target: DPS | Affects: ['ALL']
        TengokuCD | CD% | Stacks: 1 | Value: 0.160 | Remaining Turns: 1 | TickDown: DPS, PERM | Target: DPS | Affects: ['ALL']
        ArcherTraceCR | CD% | Stacks: 1 | Value: 0.067 | Remaining Turns: 1 | TickDown: DPS, PERM | Target: DPS | Affects: ['ALL']
        ArcherTraceATK | ATK% | Stacks: 1 | Value: 0.180 | Remaining Turns: 1 | TickDown: DPS, PERM | Target: DPS | Affects: ['ALL']
        ArcherTraceDMG | DMG% | Stacks: 1 | Value: 0.224 | Remaining Turns: 1 | TickDown: DPS, PERM | Target: DPS | Affects: ['ALL']
        KeelCD(SUP2) | CD% | Stacks: 1 | Value: 0.100 | Remaining Turns: 1 | TickDown: DPS, PERM | Target: DPS | Affects: ['ALL']
        SparkleTeamATK | ATK% | Stacks: 1 | Value: 0.450 | Remaining Turns: 1 | TickDown: DPS, PERM | Target: DPS | Affects: ['ALL']
        KeelCD(SUS) | CD% | Stacks: 1 | Value: 0.100 | Remaining Turns: 1 | TickDown: DPS, PERM | Target: DPS | Affects: ['ALL']
        RinTohsakaAllyTrace1ATK | ATK% | Stacks: 1 | Value: 1.500 | Remaining Turns: 1 | TickDown: DPS, PERM | Target: DPS | Affects: ['ALL']
        RinTohsakaAllyTrace1PEN | QUAPEN | Stacks: 1 | Value: 0.150 | Remaining Turns: 1 | TickDown: DPS, PERM | Target: DPS | Affects: ['ALL']
        SparkleVUL | VULN | Stacks: 3 | Value: 0.120 | Remaining Turns: 2 | TickDown: DPS, END | Target: DPS | Affects: ['ALL']
        RinTalentCD | CD% | Stacks: 1 | Value: 0.700 | Remaining Turns: 2 | TickDown: DPS, END | Target: DPS | Affects: ['ALL']
        BattleIsntOverDMGRole.SUP2 | DMG% | Stacks: 1 | Value: 0.300 | Remaining Turns: 1 | TickDown: DPS, END | Target: DPS | Affects: ['ALL']
        SacerdosCDSUP2 | CD% | Stacks: 1 | Value: 0.180 | Remaining Turns: 2 | TickDown: DPS, END | Target: DPS | Affects: ['ALL']
        SparkleCD | CD% | Stacks: 1 | Value: 1.139 | Remaining Turns: 2 | TickDown: DPS, END | Target: DPS | Affects: ['ALL']
        SparklePEN | PEN | Stacks: 1 | Value: 0.100 | Remaining Turns: 2 | TickDown: DPS, END | Target: DPS | Affects: ['ALL']
        WarriorGoddessHealCD | CD% | Stacks: 1 | Value: 0.150 | Remaining Turns: 2 | TickDown: DPS, START | Target: DPS | Affects: ['ALL']
        SparkleUltVUL | VULN | Stacks: 1 | Value: 0.180 | Remaining Turns: 3 | TickDown: DPS, END | Target: DPS | Affects: ['ALL']
        Trace3CD | CD% | Stacks: 1 | Value: 1.200 | Remaining Turns: 1 | TickDown: DPS, END | Target: DPS | Affects: ['ALL']
        IdealsBurnSKLATK | ATK% | Stacks: 1 | Value: 0.400 | Remaining Turns: 1 | TickDown: DPS, PERM | Target: DPS | Affects: ['ALL']
        TengokuSPArcherCD | CD% | Stacks: 1 | Value: 0.320 | Remaining Turns: 3 | TickDown: DPS, END | Target: DPS | Affects: ['ALL']
        SkillDmg | DMG% | Stacks: 2 | Value: 2.000 | Remaining Turns: 1 | TickDown: DPS, START | Target: DPS | Affects: ['SKL']
        ----------End of Buff List----------
        ----------Enemy Debuffs----------
        HuohuoTechniqueDebuff | From: SUS | ATK_REDUCTION | Stacks: 1 | Value: 0.250 | Remaining Turns: 2 | Target: 1 | Targeting: ST | Affects: ['SPECIAL'] | DOT: False | Blast: False
        ----------End of Debuff List----------
        ----------Healing List----------
        ----------End of Healing List----------
        ----------Shields List----------
        ----------End of Shields List----------
    GAUGE  - Enemy 1 toughness reduced by 20.000
    RESULT - ArcherSkill | Archer | DPS | DMG: 398331.199 | ELADMG: 0.000 | Enemies Hit: [1] | Enemies Broken: [] | WB DMG: 0.000 | Energy: 30.000 | Amount HP Healed: 0.000 | Amount HP Lost: 0.000 | Archer Energy: 220/220 | SP: 3 | MaxSP: 11)
Rin has obtained 2 Gem Energy from SP and now has 18 Gem Energy
    TURN   - ArcherJointAttack | Archer | DPS | AOE attack | ['QUA'] | ['FUA'] | Scaling: ATK | TargetID: 1 | DMG/BREAK Splits: [3.0, 0]/[0, 0] | Energy Gained: 0 | SP Change: 0

        ----------Char Buffs----------
        IdealsBurnCR | CR% | Stacks: 1 | Value: 0.160 | Remaining Turns: 1 | TickDown: DPS, PERM | Target: DPS | Affects: ['ALL']
        IdealsBurnATK | ATK% | Stacks: 1 | Value: 0.400 | Remaining Turns: 1 | TickDown: DPS, PERM | Target: DPS | Affects: ['ALL']
        GeniusDMG | DMG% | Stacks: 1 | Value: 0.100 | Remaining Turns: 1 | TickDown: DPS, PERM | Target: DPS | Affects: ['ALL']
        GeniusSHRED | SHRED | Stacks: 1 | Value: 0.200 | Remaining Turns: 1 | TickDown: DPS, PERM | Target: DPS | Affects: ['ALL']
        TengokuCD | CD% | Stacks: 1 | Value: 0.160 | Remaining Turns: 1 | TickDown: DPS, PERM | Target: DPS | Affects: ['ALL']
        ArcherTraceCR | CD% | Stacks: 1 | Value: 0.067 | Remaining Turns: 1 | TickDown: DPS, PERM | Target: DPS | Affects: ['ALL']
        ArcherTraceATK | ATK% | Stacks: 1 | Value: 0.180 | Remaining Turns: 1 | TickDown: DPS, PERM | Target: DPS | Affects: ['ALL']
        ArcherTraceDMG | DMG% | Stacks: 1 | Value: 0.224 | Remaining Turns: 1 | TickDown: DPS, PERM | Target: DPS | Affects: ['ALL']
        KeelCD(SUP2) | CD% | Stacks: 1 | Value: 0.100 | Remaining Turns: 1 | TickDown: DPS, PERM | Target: DPS | Affects: ['ALL']
        SparkleTeamATK | ATK% | Stacks: 1 | Value: 0.450 | Remaining Turns: 1 | TickDown: DPS, PERM | Target: DPS | Affects: ['ALL']
        KeelCD(SUS) | CD% | Stacks: 1 | Value: 0.100 | Remaining Turns: 1 | TickDown: DPS, PERM | Target: DPS | Affects: ['ALL']
        RinTohsakaAllyTrace1ATK | ATK% | Stacks: 1 | Value: 1.500 | Remaining Turns: 1 | TickDown: DPS, PERM | Target: DPS | Affects: ['ALL']
        RinTohsakaAllyTrace1PEN | QUAPEN | Stacks: 1 | Value: 0.150 | Remaining Turns: 1 | TickDown: DPS, PERM | Target: DPS | Affects: ['ALL']
        SparkleVUL | VULN | Stacks: 3 | Value: 0.120 | Remaining Turns: 2 | TickDown: DPS, END | Target: DPS | Affects: ['ALL']
        RinTalentCD | CD% | Stacks: 1 | Value: 0.700 | Remaining Turns: 2 | TickDown: DPS, END | Target: DPS | Affects: ['ALL']
        BattleIsntOverDMGRole.SUP2 | DMG% | Stacks: 1 | Value: 0.300 | Remaining Turns: 1 | TickDown: DPS, END | Target: DPS | Affects: ['ALL']
        SacerdosCDSUP2 | CD% | Stacks: 1 | Value: 0.180 | Remaining Turns: 2 | TickDown: DPS, END | Target: DPS | Affects: ['ALL']
        SparkleCD | CD% | Stacks: 1 | Value: 1.139 | Remaining Turns: 2 | TickDown: DPS, END | Target: DPS | Affects: ['ALL']
        SparklePEN | PEN | Stacks: 1 | Value: 0.100 | Remaining Turns: 2 | TickDown: DPS, END | Target: DPS | Affects: ['ALL']
        WarriorGoddessHealCD | CD% | Stacks: 1 | Value: 0.150 | Remaining Turns: 2 | TickDown: DPS, START | Target: DPS | Affects: ['ALL']
        SparkleUltVUL | VULN | Stacks: 1 | Value: 0.180 | Remaining Turns: 3 | TickDown: DPS, END | Target: DPS | Affects: ['ALL']
        Trace3CD | CD% | Stacks: 1 | Value: 1.200 | Remaining Turns: 1 | TickDown: DPS, END | Target: DPS | Affects: ['ALL']
        IdealsBurnSKLATK | ATK% | Stacks: 1 | Value: 0.400 | Remaining Turns: 1 | TickDown: DPS, PERM | Target: DPS | Affects: ['ALL']
        TengokuSPArcherCD | CD% | Stacks: 1 | Value: 0.320 | Remaining Turns: 3 | TickDown: DPS, END | Target: DPS | Affects: ['ALL']
        ----------End of Buff List----------
        ----------Enemy Debuffs----------
        HuohuoTechniqueDebuff | From: SUS | ATK_REDUCTION | Stacks: 1 | Value: 0.250 | Remaining Turns: 2 | Target: 1 | Targeting: ST | Affects: ['SPECIAL'] | DOT: False | Blast: False
        ----------End of Debuff List----------
        ----------Healing List----------
        ----------End of Healing List----------
        ----------Shields List----------
        ----------End of Shields List----------
    GAUGE  - Enemy 0 toughness reduced by 0.000
    GAUGE  - Enemy 1 toughness reduced by 0.000
    GAUGE  - Enemy 2 toughness reduced by 0.000
    RESULT - ArcherJointAttack | Archer | DPS | DMG: 499502.613 | ELADMG: 0.000 | Enemies Hit: [0, 1, 2] | Enemies Broken: [] | WB DMG: 0.000 | Energy: 0.000 | Amount HP Healed: 0.000 | Amount HP Lost: 0.000 | Archer Energy: 220/220 | SP: 3 | MaxSP: 11)
    TURN   - RinTohsakaJointAttack | RinTohsaka | SUP1 | AOE attack | ['QUA'] | ['FUA'] | Scaling: ATK | TargetID: 1 | DMG/BREAK Splits: [3.0, 0]/[20, 0] | Energy Gained: 10 | SP Change: 4

        ----------Char Buffs----------
        CalculusATK | ATK% | Stacks: 1 | Value: 0.120 | Remaining Turns: 1 | TickDown: SUP1, PERM | Target: SUP1 | Affects: ['ALL']
        GeniusDMG | DMG% | Stacks: 1 | Value: 0.100 | Remaining Turns: 1 | TickDown: SUP1, PERM | Target: SUP1 | Affects: ['ALL']
        GeniusSHRED | SHRED | Stacks: 1 | Value: 0.200 | Remaining Turns: 1 | TickDown: SUP1, PERM | Target: SUP1 | Affects: ['ALL']
        RutilantCR | CR% | Stacks: 1 | Value: 0.080 | Remaining Turns: 1 | TickDown: SUP1, PERM | Target: SUP1 | Affects: ['ALL']
        RinTohsakaTraceCD | CD% | Stacks: 1 | Value: 0.373 | Remaining Turns: 1 | TickDown: SUP1, PERM | Target: SUP1 | Affects: ['ALL']
        RinTohsakaTraceATK | ATK% | Stacks: 1 | Value: 0.180 | Remaining Turns: 1 | TickDown: SUP1, PERM | Target: SUP1 | Affects: ['ALL']
        RinTohsakaTraceDMG | DMG% | Stacks: 1 | Value: 0.080 | Remaining Turns: 1 | TickDown: SUP1, PERM | Target: SUP1 | Affects: ['ALL']
        RinTohsakaTrace1ATK | ATK% | Stacks: 1 | Value: 1.500 | Remaining Turns: 1 | TickDown: SUP1, PERM | Target: SUP1 | Affects: ['ALL']
        RinTohsakaTrace1PEN | QUAPEN | Stacks: 1 | Value: 0.150 | Remaining Turns: 1 | TickDown: SUP1, PERM | Target: SUP1 | Affects: ['ALL']
        EnhancedSkillSPD | SPD% | Stacks: 1 | Value: 0.200 | Remaining Turns: 2 | TickDown: SUP1, END | Target: SUP1 | Affects: ['ALL']
        KeelCD(SUP2) | CD% | Stacks: 1 | Value: 0.100 | Remaining Turns: 1 | TickDown: SUP1, PERM | Target: SUP1 | Affects: ['ALL']
        SparkleTeamATK | ATK% | Stacks: 1 | Value: 0.450 | Remaining Turns: 1 | TickDown: SUP1, PERM | Target: SUP1 | Affects: ['ALL']
        KeelCD(SUS) | CD% | Stacks: 1 | Value: 0.100 | Remaining Turns: 1 | TickDown: SUP1, PERM | Target: SUP1 | Affects: ['ALL']
        CalculusHitATK | ATK% | Stacks: 1 | Value: 0.080 | Remaining Turns: 1 | TickDown: SUP1, PERM | Target: SUP1 | Affects: ['ALL']
        TalentCD | CD% | Stacks: 1 | Value: 0.700 | Remaining Turns: 1 | TickDown: SUP1, END | Target: SUP1 | Affects: ['ALL']
        SparkleVUL | VULN | Stacks: 3 | Value: 0.120 | Remaining Turns: 2 | TickDown: SUP1, END | Target: SUP1 | Affects: ['ALL']
        WarriorGoddessHealCD | CD% | Stacks: 1 | Value: 0.150 | Remaining Turns: 2 | TickDown: SUP1, START | Target: SUP1 | Affects: ['ALL']
        SparkleUltVUL | VULN | Stacks: 1 | Value: 0.180 | Remaining Turns: 3 | TickDown: SUP1, END | Target: SUP1 | Affects: ['ALL']
        ----------End of Buff List----------
        ----------Enemy Debuffs----------
        HuohuoTechniqueDebuff | From: SUS | ATK_REDUCTION | Stacks: 1 | Value: 0.250 | Remaining Turns: 2 | Target: 1 | Targeting: ST | Affects: ['SPECIAL'] | DOT: False | Blast: False
        ----------End of Debuff List----------
        ----------Healing List----------
        ----------End of Healing List----------
        ----------Shields List----------
        ----------End of Shields List----------
    GAUGE  - Enemy 0 toughness reduced by 20.000
    GAUGE  - Enemy 1 toughness reduced by 20.000
    GAUGE  - Enemy 2 toughness reduced by 20.000
    RESULT - RinTohsakaJointAttack | RinTohsaka | SUP1 | DMG: 144175.258 | ELADMG: 0.000 | Enemies Hit: [0, 1, 2] | Enemies Broken: [] | WB DMG: 0.000 | Energy: 10.000 | Amount HP Healed: 0.000 | Amount HP Lost: 0.000 | RinTohsaka Energy: 120/160 | SP: 7 | MaxSP: 11)
Rin has obtained 4 Gem Energy from SP and now has 22 Gem Energy
    TURN   - ArcherFUA | Archer | DPS | ST attack | ['QUA'] | ['FUA'] | Scaling: ATK | TargetID: 1 | DMG/BREAK Splits: [2.0, 0]/[10, 0] | Energy Gained: 5 | SP Change: 1

        ----------Char Buffs----------
        IdealsBurnCR | CR% | Stacks: 1 | Value: 0.160 | Remaining Turns: 1 | TickDown: DPS, PERM | Target: DPS | Affects: ['ALL']
        IdealsBurnATK | ATK% | Stacks: 1 | Value: 0.400 | Remaining Turns: 1 | TickDown: DPS, PERM | Target: DPS | Affects: ['ALL']
        GeniusDMG | DMG% | Stacks: 1 | Value: 0.100 | Remaining Turns: 1 | TickDown: DPS, PERM | Target: DPS | Affects: ['ALL']
        GeniusSHRED | SHRED | Stacks: 1 | Value: 0.200 | Remaining Turns: 1 | TickDown: DPS, PERM | Target: DPS | Affects: ['ALL']
        TengokuCD | CD% | Stacks: 1 | Value: 0.160 | Remaining Turns: 1 | TickDown: DPS, PERM | Target: DPS | Affects: ['ALL']
        ArcherTraceCR | CD% | Stacks: 1 | Value: 0.067 | Remaining Turns: 1 | TickDown: DPS, PERM | Target: DPS | Affects: ['ALL']
        ArcherTraceATK | ATK% | Stacks: 1 | Value: 0.180 | Remaining Turns: 1 | TickDown: DPS, PERM | Target: DPS | Affects: ['ALL']
        ArcherTraceDMG | DMG% | Stacks: 1 | Value: 0.224 | Remaining Turns: 1 | TickDown: DPS, PERM | Target: DPS | Affects: ['ALL']
        KeelCD(SUP2) | CD% | Stacks: 1 | Value: 0.100 | Remaining Turns: 1 | TickDown: DPS, PERM | Target: DPS | Affects: ['ALL']
        SparkleTeamATK | ATK% | Stacks: 1 | Value: 0.450 | Remaining Turns: 1 | TickDown: DPS, PERM | Target: DPS | Affects: ['ALL']
        KeelCD(SUS) | CD% | Stacks: 1 | Value: 0.100 | Remaining Turns: 1 | TickDown: DPS, PERM | Target: DPS | Affects: ['ALL']
        RinTohsakaAllyTrace1ATK | ATK% | Stacks: 1 | Value: 1.500 | Remaining Turns: 1 | TickDown: DPS, PERM | Target: DPS | Affects: ['ALL']
        RinTohsakaAllyTrace1PEN | QUAPEN | Stacks: 1 | Value: 0.150 | Remaining Turns: 1 | TickDown: DPS, PERM | Target: DPS | Affects: ['ALL']
        SparkleVUL | VULN | Stacks: 3 | Value: 0.120 | Remaining Turns: 2 | TickDown: DPS, END | Target: DPS | Affects: ['ALL']
        RinTalentCD | CD% | Stacks: 1 | Value: 0.700 | Remaining Turns: 2 | TickDown: DPS, END | Target: DPS | Affects: ['ALL']
        BattleIsntOverDMGRole.SUP2 | DMG% | Stacks: 1 | Value: 0.300 | Remaining Turns: 1 | TickDown: DPS, END | Target: DPS | Affects: ['ALL']
        SacerdosCDSUP2 | CD% | Stacks: 1 | Value: 0.180 | Remaining Turns: 2 | TickDown: DPS, END | Target: DPS | Affects: ['ALL']
        SparkleCD | CD% | Stacks: 1 | Value: 1.139 | Remaining Turns: 2 | TickDown: DPS, END | Target: DPS | Affects: ['ALL']
        SparklePEN | PEN | Stacks: 1 | Value: 0.100 | Remaining Turns: 2 | TickDown: DPS, END | Target: DPS | Affects: ['ALL']
        WarriorGoddessHealCD | CD% | Stacks: 1 | Value: 0.150 | Remaining Turns: 2 | TickDown: DPS, START | Target: DPS | Affects: ['ALL']
        SparkleUltVUL | VULN | Stacks: 1 | Value: 0.180 | Remaining Turns: 3 | TickDown: DPS, END | Target: DPS | Affects: ['ALL']
        Trace3CD | CD% | Stacks: 1 | Value: 1.200 | Remaining Turns: 1 | TickDown: DPS, END | Target: DPS | Affects: ['ALL']
        IdealsBurnSKLATK | ATK% | Stacks: 1 | Value: 0.400 | Remaining Turns: 1 | TickDown: DPS, PERM | Target: DPS | Affects: ['ALL']
        TengokuSPArcherCD | CD% | Stacks: 1 | Value: 0.320 | Remaining Turns: 3 | TickDown: DPS, END | Target: DPS | Affects: ['ALL']
        ----------End of Buff List----------
        ----------Enemy Debuffs----------
        HuohuoTechniqueDebuff | From: SUS | ATK_REDUCTION | Stacks: 1 | Value: 0.250 | Remaining Turns: 2 | Target: 1 | Targeting: ST | Affects: ['SPECIAL'] | DOT: False | Blast: False
        ----------End of Debuff List----------
        ----------Healing List----------
        ----------End of Healing List----------
        ----------Shields List----------
        ----------End of Shields List----------
    GAUGE  - Enemy 1 toughness reduced by 10.000
    RESULT - ArcherFUA | Archer | DPS | DMG: 111000.581 | ELADMG: 0.000 | Enemies Hit: [1] | Enemies Broken: [1] | WB DMG: 8011.378 | Energy: 5.000 | Amount HP Healed: 0.000 | Amount HP Lost: 0.000 | Archer Energy: 220/220 | SP: 8 | MaxSP: 11)
Rin has obtained 1 Gem Energy from SP and now has 23 Gem Energy
ERR    > 1.294 energy added to Sparkle from SparkleTalentERR | Sparkle Energy: 11.650
ULT    > Archer used their ultimate
Archer Obtained 2 FUA Charge
    TURN   - ArcherUlt | Archer | DPS | ST attack | ['QUA'] | ['ULT'] | Scaling: ATK | TargetID: 1 | DMG/BREAK Splits: [10.0, 0]/[30, 0] | Energy Gained: 5 | SP Change: 0

        ----------Char Buffs----------
        IdealsBurnCR | CR% | Stacks: 1 | Value: 0.160 | Remaining Turns: 1 | TickDown: DPS, PERM | Target: DPS | Affects: ['ALL']
        IdealsBurnATK | ATK% | Stacks: 1 | Value: 0.400 | Remaining Turns: 1 | TickDown: DPS, PERM | Target: DPS | Affects: ['ALL']
        GeniusDMG | DMG% | Stacks: 1 | Value: 0.100 | Remaining Turns: 1 | TickDown: DPS, PERM | Target: DPS | Affects: ['ALL']
        GeniusSHRED | SHRED | Stacks: 1 | Value: 0.200 | Remaining Turns: 1 | TickDown: DPS, PERM | Target: DPS | Affects: ['ALL']
        TengokuCD | CD% | Stacks: 1 | Value: 0.160 | Remaining Turns: 1 | TickDown: DPS, PERM | Target: DPS | Affects: ['ALL']
        ArcherTraceCR | CD% | Stacks: 1 | Value: 0.067 | Remaining Turns: 1 | TickDown: DPS, PERM | Target: DPS | Affects: ['ALL']
        ArcherTraceATK | ATK% | Stacks: 1 | Value: 0.180 | Remaining Turns: 1 | TickDown: DPS, PERM | Target: DPS | Affects: ['ALL']
        ArcherTraceDMG | DMG% | Stacks: 1 | Value: 0.224 | Remaining Turns: 1 | TickDown: DPS, PERM | Target: DPS | Affects: ['ALL']
        KeelCD(SUP2) | CD% | Stacks: 1 | Value: 0.100 | Remaining Turns: 1 | TickDown: DPS, PERM | Target: DPS | Affects: ['ALL']
        SparkleTeamATK | ATK% | Stacks: 1 | Value: 0.450 | Remaining Turns: 1 | TickDown: DPS, PERM | Target: DPS | Affects: ['ALL']
        KeelCD(SUS) | CD% | Stacks: 1 | Value: 0.100 | Remaining Turns: 1 | TickDown: DPS, PERM | Target: DPS | Affects: ['ALL']
        RinTohsakaAllyTrace1ATK | ATK% | Stacks: 1 | Value: 1.500 | Remaining Turns: 1 | TickDown: DPS, PERM | Target: DPS | Affects: ['ALL']
        RinTohsakaAllyTrace1PEN | QUAPEN | Stacks: 1 | Value: 0.150 | Remaining Turns: 1 | TickDown: DPS, PERM | Target: DPS | Affects: ['ALL']
        SparkleVUL | VULN | Stacks: 3 | Value: 0.120 | Remaining Turns: 2 | TickDown: DPS, END | Target: DPS | Affects: ['ALL']
        RinTalentCD | CD% | Stacks: 1 | Value: 0.700 | Remaining Turns: 2 | TickDown: DPS, END | Target: DPS | Affects: ['ALL']
        BattleIsntOverDMGRole.SUP2 | DMG% | Stacks: 1 | Value: 0.300 | Remaining Turns: 1 | TickDown: DPS, END | Target: DPS | Affects: ['ALL']
        SacerdosCDSUP2 | CD% | Stacks: 1 | Value: 0.180 | Remaining Turns: 2 | TickDown: DPS, END | Target: DPS | Affects: ['ALL']
        SparkleCD | CD% | Stacks: 1 | Value: 1.139 | Remaining Turns: 2 | TickDown: DPS, END | Target: DPS | Affects: ['ALL']
        SparklePEN | PEN | Stacks: 1 | Value: 0.100 | Remaining Turns: 2 | TickDown: DPS, END | Target: DPS | Affects: ['ALL']
        WarriorGoddessHealCD | CD% | Stacks: 1 | Value: 0.150 | Remaining Turns: 2 | TickDown: DPS, START | Target: DPS | Affects: ['ALL']
        SparkleUltVUL | VULN | Stacks: 1 | Value: 0.180 | Remaining Turns: 3 | TickDown: DPS, END | Target: DPS | Affects: ['ALL']
        Trace3CD | CD% | Stacks: 1 | Value: 1.200 | Remaining Turns: 1 | TickDown: DPS, END | Target: DPS | Affects: ['ALL']
        IdealsBurnSKLATK | ATK% | Stacks: 1 | Value: 0.400 | Remaining Turns: 1 | TickDown: DPS, PERM | Target: DPS | Affects: ['ALL']
        TengokuSPArcherCD | CD% | Stacks: 1 | Value: 0.320 | Remaining Turns: 3 | TickDown: DPS, END | Target: DPS | Affects: ['ALL']
        ----------End of Buff List----------
        ----------Enemy Debuffs----------
        HuohuoTechniqueDebuff | From: SUS | ATK_REDUCTION | Stacks: 1 | Value: 0.250 | Remaining Turns: 2 | Target: 1 | Targeting: ST | Affects: ['SPECIAL'] | DOT: False | Blast: False
        Enemy 1 QUA-break | From: DPS | ENTANGLE | Stacks: 1 | Value: 34076.706 | Remaining Turns: 1 | Target: 1 | Targeting: ST | Affects: ['ALL'] | DOT: False | Blast: False
        ----------End of Debuff List----------
        ----------Healing List----------
        ----------End of Healing List----------
        ----------Shields List----------
        ----------End of Shields List----------
    GAUGE  - Enemy 1 toughness reduced by 30.000
    RESULT - ArcherUlt | Archer | DPS | DMG: 616669.892 | ELADMG: 0.000 | Enemies Hit: [1] | Enemies Broken: [] | WB DMG: 0.000 | Energy: 5.000 | Amount HP Healed: 0.000 | Amount HP Lost: 0.000 | Archer Energy: 5/220 | SP: 8 | MaxSP: 11)
ACTION > [CIRCUIT] TotalAV: 62.621 | Archer | circuit skill use 5
CIRCUIT > Archer Circuit skill use 5/5
CIRCUIT > Archer exited Circuit Connection state
    TURN   - ArcherSkill | Archer | DPS | ST attack | ['QUA'] | ['SKL'] | Scaling: ATK | TargetID: 1 | DMG/BREAK Splits: [3.6, 0]/[20, 0] | Energy Gained: 30 | SP Change: -2

        ----------Char Buffs----------
        IdealsBurnCR | CR% | Stacks: 1 | Value: 0.160 | Remaining Turns: 1 | TickDown: DPS, PERM | Target: DPS | Affects: ['ALL']
        IdealsBurnATK | ATK% | Stacks: 1 | Value: 0.400 | Remaining Turns: 1 | TickDown: DPS, PERM | Target: DPS | Affects: ['ALL']
        GeniusDMG | DMG% | Stacks: 1 | Value: 0.100 | Remaining Turns: 1 | TickDown: DPS, PERM | Target: DPS | Affects: ['ALL']
        GeniusSHRED | SHRED | Stacks: 1 | Value: 0.200 | Remaining Turns: 1 | TickDown: DPS, PERM | Target: DPS | Affects: ['ALL']
        TengokuCD | CD% | Stacks: 1 | Value: 0.160 | Remaining Turns: 1 | TickDown: DPS, PERM | Target: DPS | Affects: ['ALL']
        ArcherTraceCR | CD% | Stacks: 1 | Value: 0.067 | Remaining Turns: 1 | TickDown: DPS, PERM | Target: DPS | Affects: ['ALL']
        ArcherTraceATK | ATK% | Stacks: 1 | Value: 0.180 | Remaining Turns: 1 | TickDown: DPS, PERM | Target: DPS | Affects: ['ALL']
        ArcherTraceDMG | DMG% | Stacks: 1 | Value: 0.224 | Remaining Turns: 1 | TickDown: DPS, PERM | Target: DPS | Affects: ['ALL']
        KeelCD(SUP2) | CD% | Stacks: 1 | Value: 0.100 | Remaining Turns: 1 | TickDown: DPS, PERM | Target: DPS | Affects: ['ALL']
        SparkleTeamATK | ATK% | Stacks: 1 | Value: 0.450 | Remaining Turns: 1 | TickDown: DPS, PERM | Target: DPS | Affects: ['ALL']
        KeelCD(SUS) | CD% | Stacks: 1 | Value: 0.100 | Remaining Turns: 1 | TickDown: DPS, PERM | Target: DPS | Affects: ['ALL']
        RinTohsakaAllyTrace1ATK | ATK% | Stacks: 1 | Value: 1.500 | Remaining Turns: 1 | TickDown: DPS, PERM | Target: DPS | Affects: ['ALL']
        RinTohsakaAllyTrace1PEN | QUAPEN | Stacks: 1 | Value: 0.150 | Remaining Turns: 1 | TickDown: DPS, PERM | Target: DPS | Affects: ['ALL']
        SparkleVUL | VULN | Stacks: 3 | Value: 0.120 | Remaining Turns: 2 | TickDown: DPS, END | Target: DPS | Affects: ['ALL']
        RinTalentCD | CD% | Stacks: 1 | Value: 0.700 | Remaining Turns: 2 | TickDown: DPS, END | Target: DPS | Affects: ['ALL']
        BattleIsntOverDMGRole.SUP2 | DMG% | Stacks: 1 | Value: 0.300 | Remaining Turns: 1 | TickDown: DPS, END | Target: DPS | Affects: ['ALL']
        SacerdosCDSUP2 | CD% | Stacks: 1 | Value: 0.180 | Remaining Turns: 2 | TickDown: DPS, END | Target: DPS | Affects: ['ALL']
        SparkleCD | CD% | Stacks: 1 | Value: 1.139 | Remaining Turns: 2 | TickDown: DPS, END | Target: DPS | Affects: ['ALL']
        SparklePEN | PEN | Stacks: 1 | Value: 0.100 | Remaining Turns: 2 | TickDown: DPS, END | Target: DPS | Affects: ['ALL']
        WarriorGoddessHealCD | CD% | Stacks: 1 | Value: 0.150 | Remaining Turns: 2 | TickDown: DPS, START | Target: DPS | Affects: ['ALL']
        SparkleUltVUL | VULN | Stacks: 1 | Value: 0.180 | Remaining Turns: 3 | TickDown: DPS, END | Target: DPS | Affects: ['ALL']
        Trace3CD | CD% | Stacks: 1 | Value: 1.200 | Remaining Turns: 1 | TickDown: DPS, END | Target: DPS | Affects: ['ALL']
        IdealsBurnSKLATK | ATK% | Stacks: 1 | Value: 0.400 | Remaining Turns: 1 | TickDown: DPS, PERM | Target: DPS | Affects: ['ALL']
        TengokuSPArcherCD | CD% | Stacks: 1 | Value: 0.320 | Remaining Turns: 3 | TickDown: DPS, END | Target: DPS | Affects: ['ALL']
        SkillDmg | DMG% | Stacks: 2 | Value: 2.000 | Remaining Turns: 1 | TickDown: DPS, START | Target: DPS | Affects: ['SKL']
        ----------End of Buff List----------
        ----------Enemy Debuffs----------
        HuohuoTechniqueDebuff | From: SUS | ATK_REDUCTION | Stacks: 1 | Value: 0.250 | Remaining Turns: 2 | Target: 1 | Targeting: ST | Affects: ['SPECIAL'] | DOT: False | Blast: False
        Enemy 1 QUA-break | From: DPS | ENTANGLE | Stacks: 1 | Value: 34076.706 | Remaining Turns: 1 | Target: 1 | Targeting: ST | Affects: ['ALL'] | DOT: False | Blast: False
        ----------End of Debuff List----------
        ----------Healing List----------
        ----------End of Healing List----------
        ----------Shields List----------
        ----------End of Shields List----------
    GAUGE  - Enemy 1 toughness reduced by 20.000
    RESULT - ArcherSkill | Archer | DPS | DMG: 442590.222 | ELADMG: 0.000 | Enemies Hit: [1] | Enemies Broken: [] | WB DMG: 0.000 | Energy: 30.000 | Amount HP Healed: 0.000 | Amount HP Lost: 0.000 | Archer Energy: 35/220 | SP: 6 | MaxSP: 11)
Rin has obtained 2 Gem Energy from SP and now has 25 Gem Energy
ERR    > 1.294 energy added to Sparkle from SparkleTalentERR | Sparkle Energy: 12.944
        Buff BattleIsntOverDMGRole.SUP2 expired
        Buff Trace3CD expired
SPD    > RinTohsaka speed changed to 182.152 | NewAV: 52.788
AV     > Archer AV reset to 95.602 | 104.600 SPD
DELAY  > Enemy 1 delayed by 25.0% from STDBreakDelay | NewAV: 16.294
DELAY  > Enemy 1 delayed by 22.3% from QUA-break | NewAV: 30.393

<<< NEW TURN >>>
-   HuoHuo AV: 0.000 ENERGY: 118.758 MaxHP: 6139.808 CurrHp 6139.808 ShieldHP: 0.000
-   Enemy 0 AV: 12.320 ENERGY: 0.000 MaxHP: 2000000.000 CurrHp 1750584.566 ShieldHP: 0.000
-   Enemy 2 AV: 12.320 ENERGY: 0.000 MaxHP: 2000000.000 CurrHp 1750584.566 ShieldHP: 0.000
-   Enemy 1 AV: 28.410 ENERGY: 0.000 MaxHP: 5000000.000 CurrHp 2209847.274 ShieldHP: 0.000
-   RinTohsaka AV: 50.806 ENERGY: 120.000 MaxHP: 3051.570 CurrHp 3051.570 ShieldHP: 0.000
-   Sparkle AV: 60.638 ENERGY: 12.944 MaxHP: 4358.742 CurrHp 4358.742 ShieldHP: 0.000
-   Archer AV: 93.620 ENERGY: 35.000 MaxHP: 3063.425 CurrHp 3063.425 ShieldHP: 0.000

Combat context set: 3 enemies, 4 players
Combat context initialized: 3 enemies, Elation team size: 0
ACTION > [CHAR] TotalAV: 64.603 | TurnAV: 1.982 | HuoHuo | E-move
    TURN   - HuoHuoSkill | HuoHuo | SUS | NA attack | ['WIN'] | ['SKL'] | Scaling: HP | TargetID: -1 | DMG/BREAK Splits: [0, 0]/[0, 0] | Energy Gained: 30 | SP Change: -1

        ----------Char Buffs----------
        KeelCD(SUP2) | CD% | Stacks: 1 | Value: 0.100 | Remaining Turns: 1 | TickDown: SUS, PERM | Target: SUS | Affects: ['ALL']
        SparkleTeamATK | ATK% | Stacks: 1 | Value: 0.450 | Remaining Turns: 1 | TickDown: SUS, PERM | Target: SUS | Affects: ['ALL']
        PostOpERR | ERR% | Stacks: 1 | Value: 0.160 | Remaining Turns: 1 | TickDown: SUS, PERM | Target: SUS | Affects: ['ALL']
        WarriorGoddessSPD | SPD% | Stacks: 1 | Value: 0.060 | Remaining Turns: 1 | TickDown: SUS, PERM | Target: SUS | Affects: ['ALL']
        KeelEFFRES | ERS% | Stacks: 1 | Value: 0.100 | Remaining Turns: 1 | TickDown: SUS, PERM | Target: SUS | Affects: ['ALL']
        KeelCD(SUS) | CD% | Stacks: 1 | Value: 0.100 | Remaining Turns: 1 | TickDown: SUS, PERM | Target: SUS | Affects: ['ALL']
        HHTraceHP | HP% | Stacks: 1 | Value: 0.280 | Remaining Turns: 1 | TickDown: SUS, PERM | Target: SUS | Affects: ['ALL']
        HHTraceERS | ERS% | Stacks: 1 | Value: 0.180 | Remaining Turns: 1 | TickDown: SUS, PERM | Target: SUS | Affects: ['ALL']
        HHTraceSPD | SPD | Stacks: 1 | Value: 5.000 | Remaining Turns: 1 | TickDown: SUS, PERM | Target: SUS | Affects: ['ALL']
        SparkleVUL | VULN | Stacks: 3 | Value: 0.120 | Remaining Turns: 2 | TickDown: SUS, END | Target: SUS | Affects: ['ALL']
        WarriorGoddessHealSPD | SPD% | Stacks: 1 | Value: 0.060 | Remaining Turns: 1 | TickDown: SUS, START | Target: SUS | Affects: ['ALL']
        WarriorGoddessHealCD | CD% | Stacks: 1 | Value: 0.150 | Remaining Turns: 1 | TickDown: SUS, START | Target: SUS | Affects: ['ALL']
        SparkleUltVUL | VULN | Stacks: 1 | Value: 0.180 | Remaining Turns: 3 | TickDown: SUS, END | Target: SUS | Affects: ['ALL']
        ----------End of Buff List----------
        ----------Enemy Debuffs----------
        ----------End of Debuff List----------
        ----------Healing List----------
        HuoHuoSkillHealingScaling | Targeting: Targeting.BLAST | Healing Value: [0.24] | Target: ALL
        HuoHuoSkillHealingScaling | Targeting: Targeting.BLAST | Healing Value: [0.24] | Target: ALL
        HuoHuoSkillHealingScaling | Targeting: Targeting.BLAST | Healing Value: [0.24] | Target: ALL
        HuoHuoSkillHealingScaling | Targeting: Targeting.BLAST | Healing Value: [0.24] | Target: ALL
        HuoHuoSkillHealingScaling | Targeting: Targeting.BLAST | Healing Value: [0.24] | Target: ALL
        HuoHuoSkillHealingScaling | Targeting: Targeting.BLAST | Healing Value: [0.24] | Target: ALL
        HuoHuoSkillHealingFlat | Targeting: Targeting.BLAST | Healing Value: [640] | Target: ALL
        HuoHuoSkillHealingFlat | Targeting: Targeting.BLAST | Healing Value: [640] | Target: ALL
        HuoHuoSkillHealingFlat | Targeting: Targeting.BLAST | Healing Value: [640] | Target: ALL
        HuoHuoSkillHealingFlat | Targeting: Targeting.BLAST | Healing Value: [640] | Target: ALL
        HuoHuoSkillHealingFlat | Targeting: Targeting.BLAST | Healing Value: [640] | Target: ALL
        HuoHuoSkillHealingFlat | Targeting: Targeting.BLAST | Healing Value: [640] | Target: ALL
        ----------End of Healing List----------
        ----------Shields List----------
        ----------End of Shields List----------
    GAUGE  - Enemy 1 toughness reduced by 0.000
    RESULT - HuoHuoSkill | HuoHuo | SUS | DMG: 0.000 | ELADMG: 0.000 | Enemies Hit: [1] | Enemies Broken: [] | WB DMG: 0.000 | Energy: 40.632 | Amount HP Healed: 7931.292 | Amount HP Lost: 0.000 | HuoHuo Energy: 140/140 | SP: 5 | MaxSP: 11)
Rin has obtained 1 Gem Energy from SP and now has 26 Gem Energy
ULT    > HuoHuo used their ultimate
    TURN   - HuoHuoUlt | HuoHuo | SUS | NA attack | ['WIN'] | ['ULT'] | Scaling: HP | TargetID: -1 | DMG/BREAK Splits: [0, 0]/[0, 0] | Energy Gained: 5 | SP Change: 0

        ----------Char Buffs----------
        KeelCD(SUP2) | CD% | Stacks: 1 | Value: 0.100 | Remaining Turns: 1 | TickDown: SUS, PERM | Target: SUS | Affects: ['ALL']
        SparkleTeamATK | ATK% | Stacks: 1 | Value: 0.450 | Remaining Turns: 1 | TickDown: SUS, PERM | Target: SUS | Affects: ['ALL']
        PostOpERR | ERR% | Stacks: 1 | Value: 0.160 | Remaining Turns: 1 | TickDown: SUS, PERM | Target: SUS | Affects: ['ALL']
        PostOpOGH | OGH% | Stacks: 1 | Value: 0.240 | Remaining Turns: 1 | TickDown: SUS, PERM | Target: SUS | Affects: ['ULT']
        WarriorGoddessSPD | SPD% | Stacks: 1 | Value: 0.060 | Remaining Turns: 1 | TickDown: SUS, PERM | Target: SUS | Affects: ['ALL']
        KeelEFFRES | ERS% | Stacks: 1 | Value: 0.100 | Remaining Turns: 1 | TickDown: SUS, PERM | Target: SUS | Affects: ['ALL']
        KeelCD(SUS) | CD% | Stacks: 1 | Value: 0.100 | Remaining Turns: 1 | TickDown: SUS, PERM | Target: SUS | Affects: ['ALL']
        HHTraceHP | HP% | Stacks: 1 | Value: 0.280 | Remaining Turns: 1 | TickDown: SUS, PERM | Target: SUS | Affects: ['ALL']
        HHTraceERS | ERS% | Stacks: 1 | Value: 0.180 | Remaining Turns: 1 | TickDown: SUS, PERM | Target: SUS | Affects: ['ALL']
        HHTraceSPD | SPD | Stacks: 1 | Value: 5.000 | Remaining Turns: 1 | TickDown: SUS, PERM | Target: SUS | Affects: ['ALL']
        SparkleVUL | VULN | Stacks: 3 | Value: 0.120 | Remaining Turns: 2 | TickDown: SUS, END | Target: SUS | Affects: ['ALL']
        WarriorGoddessHealSPD | SPD% | Stacks: 1 | Value: 0.060 | Remaining Turns: 2 | TickDown: SUS, START | Target: SUS | Affects: ['ALL']
        WarriorGoddessHealCD | CD% | Stacks: 1 | Value: 0.150 | Remaining Turns: 2 | TickDown: SUS, START | Target: SUS | Affects: ['ALL']
        SparkleUltVUL | VULN | Stacks: 1 | Value: 0.180 | Remaining Turns: 3 | TickDown: SUS, END | Target: SUS | Affects: ['ALL']
        RinTalentCD | CD% | Stacks: 1 | Value: 0.700 | Remaining Turns: 2 | TickDown: SUS, END | Target: SUS | Affects: ['ALL']
        ----------End of Buff List----------
        ----------Enemy Debuffs----------
        ----------End of Debuff List----------
        ----------Healing List----------
        ----------End of Healing List----------
        ----------Shields List----------
        ----------End of Shields List----------
    GAUGE  - Enemy 1 toughness reduced by 0.000
    RESULT - HuoHuoUlt | HuoHuo | SUS | DMG: 0.000 | ELADMG: 0.000 | Enemies Hit: [1] | Enemies Broken: [] | WB DMG: 0.000 | Energy: 6.772 | Amount HP Healed: 0.000 | Amount HP Lost: 0.000 | HuoHuo Energy: 7/140 | SP: 5 | MaxSP: 11)
ERR    > 44.000 energy added to Archer from HuoHuoERR | Archer Energy: 79.000
ERR    > 32.000 energy added to RinTohsaka from HuoHuoERR | RinTohsaka Energy: 152.000
ERR    > 22.000 energy added to Sparkle from HuoHuoERR | Sparkle Energy: 34.944
AV     > HuoHuo AV reset to 62.308 | 160.492 SPD

<<< NEW TURN >>>
-   Enemy 0 AV: 0.000 ENERGY: 0.000 MaxHP: 2000000.000 CurrHp 1750584.566 ShieldHP: 0.000
-   Enemy 2 AV: 0.000 ENERGY: 0.000 MaxHP: 2000000.000 CurrHp 1750584.566 ShieldHP: 0.000
-   Enemy 1 AV: 16.090 ENERGY: 0.000 MaxHP: 5000000.000 CurrHp 2209847.274 ShieldHP: 0.000
-   RinTohsaka AV: 38.486 ENERGY: 152.000 MaxHP: 3051.570 CurrHp 3051.570 ShieldHP: 0.000
-   Sparkle AV: 48.318 ENERGY: 34.944 MaxHP: 4358.742 CurrHp 4358.742 ShieldHP: 0.000
-   HuoHuo AV: 49.988 ENERGY: 6.772 MaxHP: 6139.808 CurrHp 6139.808 ShieldHP: 0.000
-   Archer AV: 81.300 ENERGY: 79.000 MaxHP: 3063.425 CurrHp 3063.425 ShieldHP: 0.000

Combat context set: 3 enemies, 4 players
Combat context initialized: 3 enemies, Elation team size: 0
ACTION > [ENEMY] TotalAV: 76.923 | TurnAV: 12.320 | Enemy 0 | 1 attacks
    CharEnergy - Archer: Hit 6.667 Total: 85.667 | RinTohsaka: Hit 6.667 Total: 158.667 | Sparkle: Hit 6.667 Total: 43.573 | HuoHuo: Hit 3.333 Total: 11.287 |
    ENEMY  - Enemy 0 [aoe] dealt 174.5 to Archer (energy: 3.3, DEF: 2399, atkMul: 0.75, dmgMul: 1.00) | Shield Absorbed: 0.0 | HP Lost: 174.5 | HP: 2889/3063 | Shield HP: 0
    ENEMY  - Enemy 0 [aoe] dealt 241.6 to Sparkle (energy: 3.3, DEF: 1413, atkMul: 0.75, dmgMul: 1.00) | Shield Absorbed: 0.0 | HP Lost: 241.6 | HP: 4117/4359 | Shield HP: 0
    ENEMY  - Enemy 0 [aoe] dealt 215.8 to RinTohsaka (energy: 3.3, DEF: 1720, atkMul: 0.75, dmgMul: 1.00) | Shield Absorbed: 0.0 | HP Lost: 215.8 | HP: 2836/3052 | Shield HP: 0
    ENEMY  - Enemy 0 [aoe] dealt 174.0 to HuoHuo (energy: 3.3, DEF: 2410, atkMul: 0.75, dmgMul: 1.00) | Shield Absorbed: 0.0 | HP Lost: 174.0 | HP: 5966/6140 | Shield HP: 0
    ENEMY  - Enemy 0 [aoe] dealt 215.8 to RinTohsaka (energy: 3.3, DEF: 1720, atkMul: 0.75, dmgMul: 1.00) | Shield Absorbed: 0.0 | HP Lost: 215.8 | HP: 2620/3052 | Shield HP: 0
    ENEMY  - Enemy 0 [aoe] dealt 174.5 to Archer (energy: 3.3, DEF: 2399, atkMul: 0.75, dmgMul: 1.00) | Shield Absorbed: 0.0 | HP Lost: 174.5 | HP: 2714/3063 | Shield HP: 0
    ENEMY  - Enemy 0 [aoe] dealt 241.6 to Sparkle (energy: 3.3, DEF: 1413, atkMul: 0.75, dmgMul: 1.00) | Shield Absorbed: 0.0 | HP Lost: 241.6 | HP: 3875/4359 | Shield HP: 0
AV     > Enemy 0 AV reset to 76.923 | 130.000 SPD

<<< NEW TURN >>>
-   Enemy 2 AV: 0.000 ENERGY: 0.000 MaxHP: 2000000.000 CurrHp 1750584.566 ShieldHP: 0.000
-   Enemy 1 AV: 16.090 ENERGY: 0.000 MaxHP: 5000000.000 CurrHp 2209847.274 ShieldHP: 0.000
-   RinTohsaka AV: 38.486 ENERGY: 158.667 MaxHP: 3051.570 CurrHp 2619.965 ShieldHP: 0.000
-   Sparkle AV: 48.318 ENERGY: 43.573 MaxHP: 4358.742 CurrHp 3875.449 ShieldHP: 0.000
-   HuoHuo AV: 49.988 ENERGY: 11.287 MaxHP: 6139.808 CurrHp 5965.852 ShieldHP: 0.000
-   Enemy 0 AV: 76.923 ENERGY: 0.000 MaxHP: 2000000.000 CurrHp 1750584.566 ShieldHP: 0.000
-   Archer AV: 81.300 ENERGY: 85.667 MaxHP: 3063.425 CurrHp 2714.467 ShieldHP: 0.000

Combat context set: 3 enemies, 4 players
Combat context initialized: 3 enemies, Elation team size: 0
ACTION > [ENEMY] TotalAV: 76.923 | TurnAV: 0.000 | Enemy 2 | 1 attacks
    CharEnergy - Archer: Hit 6.667 Total: 92.333 | RinTohsaka: Hit 10.000 Total: 160.000 | Sparkle: Hit 3.333 Total: 47.888 | HuoHuo: Hit 0.000 Total: 11.287 |
    ENEMY  - Enemy 2 [aoe] dealt 215.8 to RinTohsaka (energy: 3.3, DEF: 1720, atkMul: 0.75, dmgMul: 1.00) | Shield Absorbed: 0.0 | HP Lost: 215.8 | HP: 2404/3052 | Shield HP: 0
    ENEMY  - Enemy 2 [aoe] dealt 215.8 to RinTohsaka (energy: 3.3, DEF: 1720, atkMul: 0.75, dmgMul: 1.00) | Shield Absorbed: 0.0 | HP Lost: 215.8 | HP: 2188/3052 | Shield HP: 0
    ENEMY  - Enemy 2 [aoe] dealt 174.5 to Archer (energy: 3.3, DEF: 2399, atkMul: 0.75, dmgMul: 1.00) | Shield Absorbed: 0.0 | HP Lost: 174.5 | HP: 2540/3063 | Shield HP: 0
    ENEMY  - Enemy 2 [aoe] dealt 241.6 to Sparkle (energy: 3.3, DEF: 1413, atkMul: 0.75, dmgMul: 1.00) | Shield Absorbed: 0.0 | HP Lost: 241.6 | HP: 3634/4359 | Shield HP: 0
    ENEMY  - Enemy 2 [aoe] dealt 174.5 to Archer (energy: 3.3, DEF: 2399, atkMul: 0.75, dmgMul: 1.00) | Shield Absorbed: 0.0 | HP Lost: 174.5 | HP: 2366/3063 | Shield HP: 0
    ENEMY  - Enemy 2 [aoe] dealt 215.8 to RinTohsaka (energy: 3.3, DEF: 1720, atkMul: 0.75, dmgMul: 1.00) | Shield Absorbed: 0.0 | HP Lost: 215.8 | HP: 1973/3052 | Shield HP: 0
ULT    > RinTohsaka used their ultimate
Rin has obtained 12 Gem Energy from Ultimate and now has 38 Gem Energy
    TURN   - RinTohsakaUltMain | RinTohsaka | SUP1 | ST attack | ['QUA'] | ['ULT'] | Scaling: ATK | TargetID: 1 | DMG/BREAK Splits: [4.0, 0]/[10, 0] | Energy Gained: 0 | SP Change: 0

        ----------Char Buffs----------
        CalculusATK | ATK% | Stacks: 1 | Value: 0.120 | Remaining Turns: 1 | TickDown: SUP1, PERM | Target: SUP1 | Affects: ['ALL']
        GeniusDMG | DMG% | Stacks: 1 | Value: 0.100 | Remaining Turns: 1 | TickDown: SUP1, PERM | Target: SUP1 | Affects: ['ALL']
        GeniusSHRED | SHRED | Stacks: 1 | Value: 0.200 | Remaining Turns: 1 | TickDown: SUP1, PERM | Target: SUP1 | Affects: ['ALL']
        RutilantCR | CR% | Stacks: 1 | Value: 0.080 | Remaining Turns: 1 | TickDown: SUP1, PERM | Target: SUP1 | Affects: ['ALL']
        RinTohsakaTraceCD | CD% | Stacks: 1 | Value: 0.373 | Remaining Turns: 1 | TickDown: SUP1, PERM | Target: SUP1 | Affects: ['ALL']
        RinTohsakaTraceATK | ATK% | Stacks: 1 | Value: 0.180 | Remaining Turns: 1 | TickDown: SUP1, PERM | Target: SUP1 | Affects: ['ALL']
        RinTohsakaTraceDMG | DMG% | Stacks: 1 | Value: 0.080 | Remaining Turns: 1 | TickDown: SUP1, PERM | Target: SUP1 | Affects: ['ALL']
        RinTohsakaTrace1ATK | ATK% | Stacks: 1 | Value: 1.500 | Remaining Turns: 1 | TickDown: SUP1, PERM | Target: SUP1 | Affects: ['ALL']
        RinTohsakaTrace1PEN | QUAPEN | Stacks: 1 | Value: 0.150 | Remaining Turns: 1 | TickDown: SUP1, PERM | Target: SUP1 | Affects: ['ALL']
        EnhancedSkillSPD | SPD% | Stacks: 1 | Value: 0.200 | Remaining Turns: 2 | TickDown: SUP1, END | Target: SUP1 | Affects: ['ALL']
        KeelCD(SUP2) | CD% | Stacks: 1 | Value: 0.100 | Remaining Turns: 1 | TickDown: SUP1, PERM | Target: SUP1 | Affects: ['ALL']
        SparkleTeamATK | ATK% | Stacks: 1 | Value: 0.450 | Remaining Turns: 1 | TickDown: SUP1, PERM | Target: SUP1 | Affects: ['ALL']
        KeelCD(SUS) | CD% | Stacks: 1 | Value: 0.100 | Remaining Turns: 1 | TickDown: SUP1, PERM | Target: SUP1 | Affects: ['ALL']
        CalculusHitATK | ATK% | Stacks: 1 | Value: 0.240 | Remaining Turns: 1 | TickDown: SUP1, PERM | Target: SUP1 | Affects: ['ALL']
        TalentCD | CD% | Stacks: 1 | Value: 0.700 | Remaining Turns: 2 | TickDown: SUP1, END | Target: SUP1 | Affects: ['ALL']
        SparkleVUL | VULN | Stacks: 3 | Value: 0.120 | Remaining Turns: 2 | TickDown: SUP1, END | Target: SUP1 | Affects: ['ALL']
        WarriorGoddessHealCD | CD% | Stacks: 1 | Value: 0.150 | Remaining Turns: 2 | TickDown: SUP1, START | Target: SUP1 | Affects: ['ALL']
        SparkleUltVUL | VULN | Stacks: 1 | Value: 0.180 | Remaining Turns: 3 | TickDown: SUP1, END | Target: SUP1 | Affects: ['ALL']
        CalculusHitSpd | SPD% | Stacks: 1 | Value: 0.160 | Remaining Turns: 1 | TickDown: SUP1, END | Target: SUP1 | Affects: ['ALL']
        HuoHuoUltATK | ATK% | Stacks: 1 | Value: 0.400 | Remaining Turns: 2 | TickDown: SUP1, END | Target: SUP1 | Affects: ['ALL']
        HuoHuoUltExtraATK | ATK% | Stacks: 1 | Value: 0.240 | Remaining Turns: 2 | TickDown: SUP1, END | Target: SUP1 | Affects: ['ALL']
        ----------End of Buff List----------
        ----------Enemy Debuffs----------
        HuohuoTechniqueDebuff | From: SUS | ATK_REDUCTION | Stacks: 1 | Value: 0.250 | Remaining Turns: 2 | Target: 1 | Targeting: ST | Affects: ['SPECIAL'] | DOT: False | Blast: False
        Enemy 1 QUA-break | From: DPS | ENTANGLE | Stacks: 1 | Value: 34076.706 | Remaining Turns: 1 | Target: 1 | Targeting: ST | Affects: ['ALL'] | DOT: False | Blast: False
        RinTohsakaUltVuln | From: SUP1 | VULN | Stacks: 1 | Value: 0.200 | Remaining Turns: 3 | Target: 1 | Targeting: AOE | Affects: ['ALL'] | DOT: False | Blast: False
        ----------End of Debuff List----------
        ----------Healing List----------
        ----------End of Healing List----------
        ----------Shields List----------
        ----------End of Shields List----------
    GAUGE  - Enemy 1 toughness reduced by 10.000
    RESULT - RinTohsakaUltMain | RinTohsaka | SUP1 | DMG: 97810.295 | ELADMG: 0.000 | Enemies Hit: [1] | Enemies Broken: [] | WB DMG: 0.000 | Energy: 0.000 | Amount HP Healed: 0.000 | Amount HP Lost: 0.000 | RinTohsaka Energy: 0/160 | SP: 5 | MaxSP: 11)
    TURN   - RinTohsakaUltSide | RinTohsaka | SUP1 | AOE attack | ['QUA'] | ['ULT'] | Scaling: ATK | TargetID: 1 | DMG/BREAK Splits: [2.0, 0]/[20, 0] | Energy Gained: 5 | SP Change: 1

        ----------Char Buffs----------
        CalculusATK | ATK% | Stacks: 1 | Value: 0.120 | Remaining Turns: 1 | TickDown: SUP1, PERM | Target: SUP1 | Affects: ['ALL']
        GeniusDMG | DMG% | Stacks: 1 | Value: 0.100 | Remaining Turns: 1 | TickDown: SUP1, PERM | Target: SUP1 | Affects: ['ALL']
        GeniusSHRED | SHRED | Stacks: 1 | Value: 0.200 | Remaining Turns: 1 | TickDown: SUP1, PERM | Target: SUP1 | Affects: ['ALL']
        RutilantCR | CR% | Stacks: 1 | Value: 0.080 | Remaining Turns: 1 | TickDown: SUP1, PERM | Target: SUP1 | Affects: ['ALL']
        RinTohsakaTraceCD | CD% | Stacks: 1 | Value: 0.373 | Remaining Turns: 1 | TickDown: SUP1, PERM | Target: SUP1 | Affects: ['ALL']
        RinTohsakaTraceATK | ATK% | Stacks: 1 | Value: 0.180 | Remaining Turns: 1 | TickDown: SUP1, PERM | Target: SUP1 | Affects: ['ALL']
        RinTohsakaTraceDMG | DMG% | Stacks: 1 | Value: 0.080 | Remaining Turns: 1 | TickDown: SUP1, PERM | Target: SUP1 | Affects: ['ALL']
        RinTohsakaTrace1ATK | ATK% | Stacks: 1 | Value: 1.500 | Remaining Turns: 1 | TickDown: SUP1, PERM | Target: SUP1 | Affects: ['ALL']
        RinTohsakaTrace1PEN | QUAPEN | Stacks: 1 | Value: 0.150 | Remaining Turns: 1 | TickDown: SUP1, PERM | Target: SUP1 | Affects: ['ALL']
        EnhancedSkillSPD | SPD% | Stacks: 1 | Value: 0.200 | Remaining Turns: 2 | TickDown: SUP1, END | Target: SUP1 | Affects: ['ALL']
        KeelCD(SUP2) | CD% | Stacks: 1 | Value: 0.100 | Remaining Turns: 1 | TickDown: SUP1, PERM | Target: SUP1 | Affects: ['ALL']
        SparkleTeamATK | ATK% | Stacks: 1 | Value: 0.450 | Remaining Turns: 1 | TickDown: SUP1, PERM | Target: SUP1 | Affects: ['ALL']
        KeelCD(SUS) | CD% | Stacks: 1 | Value: 0.100 | Remaining Turns: 1 | TickDown: SUP1, PERM | Target: SUP1 | Affects: ['ALL']
        CalculusHitATK | ATK% | Stacks: 1 | Value: 0.080 | Remaining Turns: 1 | TickDown: SUP1, PERM | Target: SUP1 | Affects: ['ALL']
        TalentCD | CD% | Stacks: 1 | Value: 0.700 | Remaining Turns: 2 | TickDown: SUP1, END | Target: SUP1 | Affects: ['ALL']
        SparkleVUL | VULN | Stacks: 3 | Value: 0.120 | Remaining Turns: 2 | TickDown: SUP1, END | Target: SUP1 | Affects: ['ALL']
        WarriorGoddessHealCD | CD% | Stacks: 1 | Value: 0.150 | Remaining Turns: 2 | TickDown: SUP1, START | Target: SUP1 | Affects: ['ALL']
        SparkleUltVUL | VULN | Stacks: 1 | Value: 0.180 | Remaining Turns: 3 | TickDown: SUP1, END | Target: SUP1 | Affects: ['ALL']
        CalculusHitSpd | SPD% | Stacks: 1 | Value: 0.160 | Remaining Turns: 1 | TickDown: SUP1, END | Target: SUP1 | Affects: ['ALL']
        HuoHuoUltATK | ATK% | Stacks: 1 | Value: 0.400 | Remaining Turns: 2 | TickDown: SUP1, END | Target: SUP1 | Affects: ['ALL']
        HuoHuoUltExtraATK | ATK% | Stacks: 1 | Value: 0.240 | Remaining Turns: 2 | TickDown: SUP1, END | Target: SUP1 | Affects: ['ALL']
        ----------End of Buff List----------
        ----------Enemy Debuffs----------
        HuohuoTechniqueDebuff | From: SUS | ATK_REDUCTION | Stacks: 1 | Value: 0.250 | Remaining Turns: 2 | Target: 1 | Targeting: ST | Affects: ['SPECIAL'] | DOT: False | Blast: False
        Enemy 1 QUA-break | From: DPS | ENTANGLE | Stacks: 1 | Value: 34076.706 | Remaining Turns: 1 | Target: 1 | Targeting: ST | Affects: ['ALL'] | DOT: False | Blast: False
        RinTohsakaUltVuln | From: SUP1 | VULN | Stacks: 1 | Value: 0.200 | Remaining Turns: 3 | Target: 1 | Targeting: AOE | Affects: ['ALL'] | DOT: False | Blast: False
        ----------End of Debuff List----------
        ----------Healing List----------
        ----------End of Healing List----------
        ----------Shields List----------
        ----------End of Shields List----------
    GAUGE  - Enemy 0 toughness reduced by 20.000
    GAUGE  - Enemy 1 toughness reduced by 20.000
    GAUGE  - Enemy 2 toughness reduced by 20.000
    RESULT - RinTohsakaUltSide | RinTohsaka | SUP1 | DMG: 132549.851 | ELADMG: 0.000 | Enemies Hit: [0, 1, 2] | Enemies Broken: [] | WB DMG: 0.000 | Energy: 5.000 | Amount HP Healed: 0.000 | Amount HP Lost: 0.000 | RinTohsaka Energy: 5/160 | SP: 6 | MaxSP: 11)
Rin has obtained 1 Gem Energy from SP and now has 39 Gem Energy
    TURN   - ArcherFUA | Archer | DPS | ST attack | ['QUA'] | ['FUA'] | Scaling: ATK | TargetID: 1 | DMG/BREAK Splits: [2.0, 0]/[10, 0] | Energy Gained: 5 | SP Change: 1

        ----------Char Buffs----------
        IdealsBurnCR | CR% | Stacks: 1 | Value: 0.160 | Remaining Turns: 1 | TickDown: DPS, PERM | Target: DPS | Affects: ['ALL']
        IdealsBurnATK | ATK% | Stacks: 1 | Value: 0.400 | Remaining Turns: 1 | TickDown: DPS, PERM | Target: DPS | Affects: ['ALL']
        GeniusDMG | DMG% | Stacks: 1 | Value: 0.100 | Remaining Turns: 1 | TickDown: DPS, PERM | Target: DPS | Affects: ['ALL']
        GeniusSHRED | SHRED | Stacks: 1 | Value: 0.200 | Remaining Turns: 1 | TickDown: DPS, PERM | Target: DPS | Affects: ['ALL']
        TengokuCD | CD% | Stacks: 1 | Value: 0.160 | Remaining Turns: 1 | TickDown: DPS, PERM | Target: DPS | Affects: ['ALL']
        ArcherTraceCR | CD% | Stacks: 1 | Value: 0.067 | Remaining Turns: 1 | TickDown: DPS, PERM | Target: DPS | Affects: ['ALL']
        ArcherTraceATK | ATK% | Stacks: 1 | Value: 0.180 | Remaining Turns: 1 | TickDown: DPS, PERM | Target: DPS | Affects: ['ALL']
        ArcherTraceDMG | DMG% | Stacks: 1 | Value: 0.224 | Remaining Turns: 1 | TickDown: DPS, PERM | Target: DPS | Affects: ['ALL']
        KeelCD(SUP2) | CD% | Stacks: 1 | Value: 0.100 | Remaining Turns: 1 | TickDown: DPS, PERM | Target: DPS | Affects: ['ALL']
        SparkleTeamATK | ATK% | Stacks: 1 | Value: 0.450 | Remaining Turns: 1 | TickDown: DPS, PERM | Target: DPS | Affects: ['ALL']
        KeelCD(SUS) | CD% | Stacks: 1 | Value: 0.100 | Remaining Turns: 1 | TickDown: DPS, PERM | Target: DPS | Affects: ['ALL']
        RinTohsakaAllyTrace1ATK | ATK% | Stacks: 1 | Value: 1.500 | Remaining Turns: 1 | TickDown: DPS, PERM | Target: DPS | Affects: ['ALL']
        RinTohsakaAllyTrace1PEN | QUAPEN | Stacks: 1 | Value: 0.150 | Remaining Turns: 1 | TickDown: DPS, PERM | Target: DPS | Affects: ['ALL']
        SparkleVUL | VULN | Stacks: 3 | Value: 0.120 | Remaining Turns: 2 | TickDown: DPS, END | Target: DPS | Affects: ['ALL']
        RinTalentCD | CD% | Stacks: 1 | Value: 0.700 | Remaining Turns: 1 | TickDown: DPS, END | Target: DPS | Affects: ['ALL']
        SacerdosCDSUP2 | CD% | Stacks: 1 | Value: 0.180 | Remaining Turns: 1 | TickDown: DPS, END | Target: DPS | Affects: ['ALL']
        SparkleCD | CD% | Stacks: 1 | Value: 1.139 | Remaining Turns: 1 | TickDown: DPS, END | Target: DPS | Affects: ['ALL']
        SparklePEN | PEN | Stacks: 1 | Value: 0.100 | Remaining Turns: 1 | TickDown: DPS, END | Target: DPS | Affects: ['ALL']
        WarriorGoddessHealCD | CD% | Stacks: 1 | Value: 0.150 | Remaining Turns: 2 | TickDown: DPS, START | Target: DPS | Affects: ['ALL']
        SparkleUltVUL | VULN | Stacks: 1 | Value: 0.180 | Remaining Turns: 2 | TickDown: DPS, END | Target: DPS | Affects: ['ALL']
        IdealsBurnSKLATK | ATK% | Stacks: 1 | Value: 0.400 | Remaining Turns: 1 | TickDown: DPS, PERM | Target: DPS | Affects: ['ALL']
        TengokuSPArcherCD | CD% | Stacks: 1 | Value: 0.320 | Remaining Turns: 2 | TickDown: DPS, END | Target: DPS | Affects: ['ALL']
        HuoHuoUltATK | ATK% | Stacks: 1 | Value: 0.400 | Remaining Turns: 2 | TickDown: DPS, END | Target: DPS | Affects: ['ALL']
        HuoHuoUltExtraATK | ATK% | Stacks: 1 | Value: 0.240 | Remaining Turns: 2 | TickDown: DPS, END | Target: DPS | Affects: ['ALL']
        Trace3CD | CD% | Stacks: 1 | Value: 1.200 | Remaining Turns: 1 | TickDown: DPS, END | Target: DPS | Affects: ['ALL']
        ----------End of Buff List----------
        ----------Enemy Debuffs----------
        HuohuoTechniqueDebuff | From: SUS | ATK_REDUCTION | Stacks: 1 | Value: 0.250 | Remaining Turns: 2 | Target: 1 | Targeting: ST | Affects: ['SPECIAL'] | DOT: False | Blast: False
        Enemy 1 QUA-break | From: DPS | ENTANGLE | Stacks: 1 | Value: 34076.706 | Remaining Turns: 1 | Target: 1 | Targeting: ST | Affects: ['ALL'] | DOT: False | Blast: False
        RinTohsakaUltVuln | From: SUP1 | VULN | Stacks: 1 | Value: 0.200 | Remaining Turns: 3 | Target: 1 | Targeting: AOE | Affects: ['ALL'] | DOT: False | Blast: False
        ----------End of Debuff List----------
        ----------Healing List----------
        HuoHuoTalentHealingScaling | Targeting: Targeting.SINGLE | Healing Value: [0] | Target: ALL
        HuoHuoTalentHealingScaling | Targeting: Targeting.SINGLE | Healing Value: [0.045] | Target: ALL
        HuoHuoTalentHealingScaling | Targeting: Targeting.SINGLE | Healing Value: [0] | Target: ALL
        HuoHuoTalentHealingScaling | Targeting: Targeting.SINGLE | Healing Value: [0] | Target: ALL
        HuoHuoTalentHealingFlat | Targeting: Targeting.SINGLE | Healing Value: [0] | Target: ALL
        HuoHuoTalentHealingFlat | Targeting: Targeting.SINGLE | Healing Value: [120] | Target: ALL
        HuoHuoTalentHealingFlat | Targeting: Targeting.SINGLE | Healing Value: [0] | Target: ALL
        HuoHuoTalentHealingFlat | Targeting: Targeting.SINGLE | Healing Value: [0] | Target: ALL
        ----------End of Healing List----------
        ----------Shields List----------
        ----------End of Shields List----------
    GAUGE  - Enemy 1 toughness reduced by 10.000
    RESULT - ArcherFUA | Archer | DPS | DMG: 135901.024 | ELADMG: 0.000 | Enemies Hit: [1] | Enemies Broken: [] | WB DMG: 0.000 | Energy: 5.000 | Amount HP Healed: 371.779 | Amount HP Lost: 0.000 | Archer Energy: 97/220 | SP: 7 | MaxSP: 11)
Rin has obtained 1 Gem Energy from SP and now has 40 Gem Energy
    TURN   - HuoHuoAllyERR | HuoHuo | SUS | NA attack | ['WIN'] | ['SPECIAL'] | Scaling: HP | TargetID: 1 | DMG/BREAK Splits: [0, 0]/[0, 0] | Energy Gained: 1 | SP Change: 0

        ----------Char Buffs----------
        KeelCD(SUP2) | CD% | Stacks: 1 | Value: 0.100 | Remaining Turns: 1 | TickDown: SUS, PERM | Target: SUS | Affects: ['ALL']
        SparkleTeamATK | ATK% | Stacks: 1 | Value: 0.450 | Remaining Turns: 1 | TickDown: SUS, PERM | Target: SUS | Affects: ['ALL']
        PostOpERR | ERR% | Stacks: 1 | Value: 0.160 | Remaining Turns: 1 | TickDown: SUS, PERM | Target: SUS | Affects: ['ALL']
        WarriorGoddessSPD | SPD% | Stacks: 1 | Value: 0.060 | Remaining Turns: 1 | TickDown: SUS, PERM | Target: SUS | Affects: ['ALL']
        KeelEFFRES | ERS% | Stacks: 1 | Value: 0.100 | Remaining Turns: 1 | TickDown: SUS, PERM | Target: SUS | Affects: ['ALL']
        KeelCD(SUS) | CD% | Stacks: 1 | Value: 0.100 | Remaining Turns: 1 | TickDown: SUS, PERM | Target: SUS | Affects: ['ALL']
        HHTraceHP | HP% | Stacks: 1 | Value: 0.280 | Remaining Turns: 1 | TickDown: SUS, PERM | Target: SUS | Affects: ['ALL']
        HHTraceERS | ERS% | Stacks: 1 | Value: 0.180 | Remaining Turns: 1 | TickDown: SUS, PERM | Target: SUS | Affects: ['ALL']
        HHTraceSPD | SPD | Stacks: 1 | Value: 5.000 | Remaining Turns: 1 | TickDown: SUS, PERM | Target: SUS | Affects: ['ALL']
        SparkleVUL | VULN | Stacks: 3 | Value: 0.120 | Remaining Turns: 1 | TickDown: SUS, END | Target: SUS | Affects: ['ALL']
        WarriorGoddessHealSPD | SPD% | Stacks: 1 | Value: 0.060 | Remaining Turns: 2 | TickDown: SUS, START | Target: SUS | Affects: ['ALL']
        WarriorGoddessHealCD | CD% | Stacks: 1 | Value: 0.150 | Remaining Turns: 2 | TickDown: SUS, START | Target: SUS | Affects: ['ALL']
        SparkleUltVUL | VULN | Stacks: 1 | Value: 0.180 | Remaining Turns: 2 | TickDown: SUS, END | Target: SUS | Affects: ['ALL']
        RinTalentCD | CD% | Stacks: 1 | Value: 0.700 | Remaining Turns: 1 | TickDown: SUS, END | Target: SUS | Affects: ['ALL']
        ----------End of Buff List----------
        ----------Enemy Debuffs----------
        HuohuoTechniqueDebuff | From: SUS | ATK_REDUCTION | Stacks: 1 | Value: 0.250 | Remaining Turns: 2 | Target: 1 | Targeting: ST | Affects: ['SPECIAL'] | DOT: False | Blast: False
        Enemy 1 QUA-break | From: DPS | ENTANGLE | Stacks: 1 | Value: 34076.706 | Remaining Turns: 1 | Target: 1 | Targeting: ST | Affects: ['ALL'] | DOT: False | Blast: False
        RinTohsakaUltVuln | From: SUP1 | VULN | Stacks: 1 | Value: 0.200 | Remaining Turns: 3 | Target: 1 | Targeting: AOE | Affects: ['ALL'] | DOT: False | Blast: False
        ----------End of Debuff List----------
        ----------Healing List----------
        ----------End of Healing List----------
        ----------Shields List----------
        ----------End of Shields List----------
    GAUGE  - Enemy 1 toughness reduced by 0.000
    RESULT - HuoHuoAllyERR | HuoHuo | SUS | DMG: 0.000 | ELADMG: 0.000 | Enemies Hit: [1] | Enemies Broken: [] | WB DMG: 0.000 | Energy: 1.354 | Amount HP Healed: 0.000 | Amount HP Lost: 0.000 | HuoHuo Energy: 13/140 | SP: 7 | MaxSP: 11)
AV     > Enemy 2 AV reset to 76.923 | 130.000 SPD

<<< NEW TURN >>>
-   Enemy 1 AV: 0.000 ENERGY: 0.000 MaxHP: 5000000.000 CurrHp 1928796.723 ShieldHP: 0.000
-   RinTohsaka AV: 22.396 ENERGY: 5.000 MaxHP: 3051.570 CurrHp 2344.337 ShieldHP: 0.000
-   Sparkle AV: 32.228 ENERGY: 47.888 MaxHP: 4358.742 CurrHp 3633.802 ShieldHP: 0.000
-   HuoHuo AV: 33.898 ENERGY: 12.641 MaxHP: 6139.808 CurrHp 5965.852 ShieldHP: 0.000
-   Enemy 2 AV: 60.833 ENERGY: 0.000 MaxHP: 2000000.000 CurrHp 1707979.257 ShieldHP: 0.000
-   Enemy 0 AV: 60.833 ENERGY: 0.000 MaxHP: 2000000.000 CurrHp 1707979.257 ShieldHP: 0.000
-   Archer AV: 65.210 ENERGY: 97.333 MaxHP: 3063.425 CurrHp 2365.508 ShieldHP: 0.000

Combat context set: 3 enemies, 4 players
Combat context initialized: 3 enemies, Elation team size: 0
ACTION > [ENEMY] TotalAV: 93.013 | TurnAV: 16.090 | Enemy 1 | 1 attacks
    CharEnergy - Archer: Hit 5.000 Total: 102.333 | RinTohsaka: Hit 5.000 Total: 10.000 | Sparkle: Hit 1.667 Total: 50.045 | HuoHuo: Hit 1.667 Total: 14.898 |
    ENEMY  - Enemy 1 [aoe] dealt 174.5 to Archer (energy: 3.3, DEF: 2399, atkMul: 0.75, dmgMul: 1.00) | Shield Absorbed: 0.0 | HP Lost: 174.5 | HP: 2191/3063 | Shield HP: 0
    ENEMY  - Enemy 1 [aoe] dealt 87.2 to Archer (energy: 1.7, DEF: 2399, atkMul: 0.75, dmgMul: 1.00) | Shield Absorbed: 0.0 | HP Lost: 87.2 | HP: 2104/3063 | Shield HP: 0
    ENEMY  - Enemy 1 [aoe] dealt 107.9 to RinTohsaka (energy: 1.7, DEF: 1720, atkMul: 0.75, dmgMul: 1.00) | Shield Absorbed: 0.0 | HP Lost: 107.9 | HP: 2236/3052 | Shield HP: 0
    ENEMY  - Enemy 1 [aoe] dealt 120.8 to Sparkle (energy: 1.7, DEF: 1413, atkMul: 0.75, dmgMul: 1.00) | Shield Absorbed: 0.0 | HP Lost: 120.8 | HP: 3513/4359 | Shield HP: 0
    ENEMY  - Enemy 1 [aoe] dealt 87.0 to HuoHuo (energy: 1.7, DEF: 2410, atkMul: 0.75, dmgMul: 1.00) | Shield Absorbed: 0.0 | HP Lost: 87.0 | HP: 5879/6140 | Shield HP: 0
    ENEMY  - Enemy 1 [aoe] dealt 215.8 to RinTohsaka (energy: 3.3, DEF: 1720, atkMul: 0.75, dmgMul: 1.00) | Shield Absorbed: 0.0 | HP Lost: 215.8 | HP: 2021/3052 | Shield HP: 0
    DEBUFF - Enemy 1 took 0.000 Debuff damage from Enemy 1 QUA-break
        Debuff Enemy 1 QUA-break expired
AV     > Enemy 1 AV reset to 63.131 | 158.400 SPD

<<< NEW TURN >>>
-   RinTohsaka AV: 0.000 ENERGY: 10.000 MaxHP: 3051.570 CurrHp 2020.633 ShieldHP: 0.000
-   Sparkle AV: 9.832 ENERGY: 50.045 MaxHP: 4358.742 CurrHp 3512.978 ShieldHP: 0.000
-   HuoHuo AV: 11.502 ENERGY: 14.898 MaxHP: 6139.808 CurrHp 5878.874 ShieldHP: 0.000
-   Enemy 2 AV: 38.437 ENERGY: 0.000 MaxHP: 2000000.000 CurrHp 1707979.257 ShieldHP: 0.000
-   Enemy 0 AV: 38.437 ENERGY: 0.000 MaxHP: 2000000.000 CurrHp 1707979.257 ShieldHP: 0.000
-   Enemy 1 AV: 40.736 ENERGY: 0.000 MaxHP: 5000000.000 CurrHp 1928796.723 ShieldHP: 0.000
-   Archer AV: 42.814 ENERGY: 102.333 MaxHP: 3063.425 CurrHp 2103.789 ShieldHP: 0.000

Combat context set: 3 enemies, 4 players
Combat context initialized: 3 enemies, Elation team size: 0
Rin can use Enhanced Skill
ACTION > [CHAR] TotalAV: 115.409 | TurnAV: 22.396 | RinTohsaka | A-move
    TURN   - RinTohsakaBasic | RinTohsaka | SUP1 | ST attack | ['QUA'] | ['BSC'] | Scaling: ATK | TargetID: 1 | DMG/BREAK Splits: [1.0, 0]/[10, 0] | Energy Gained: 20 | SP Change: 1

        ----------Char Buffs----------
        CalculusATK | ATK% | Stacks: 1 | Value: 0.120 | Remaining Turns: 1 | TickDown: SUP1, PERM | Target: SUP1 | Affects: ['ALL']
        GeniusDMG | DMG% | Stacks: 1 | Value: 0.100 | Remaining Turns: 1 | TickDown: SUP1, PERM | Target: SUP1 | Affects: ['ALL']
        GeniusSHRED | SHRED | Stacks: 1 | Value: 0.200 | Remaining Turns: 1 | TickDown: SUP1, PERM | Target: SUP1 | Affects: ['ALL']
        RutilantCR | CR% | Stacks: 1 | Value: 0.080 | Remaining Turns: 1 | TickDown: SUP1, PERM | Target: SUP1 | Affects: ['ALL']
        RutilantBonusDMG | DMG% | Stacks: 1 | Value: 0.200 | Remaining Turns: 1 | TickDown: SUP1, PERM | Target: SUP1 | Affects: ['BSC', 'SKL']
        RinTohsakaTraceCD | CD% | Stacks: 1 | Value: 0.373 | Remaining Turns: 1 | TickDown: SUP1, PERM | Target: SUP1 | Affects: ['ALL']
        RinTohsakaTraceATK | ATK% | Stacks: 1 | Value: 0.180 | Remaining Turns: 1 | TickDown: SUP1, PERM | Target: SUP1 | Affects: ['ALL']
        RinTohsakaTraceDMG | DMG% | Stacks: 1 | Value: 0.080 | Remaining Turns: 1 | TickDown: SUP1, PERM | Target: SUP1 | Affects: ['ALL']
        RinTohsakaTrace1ATK | ATK% | Stacks: 1 | Value: 1.500 | Remaining Turns: 1 | TickDown: SUP1, PERM | Target: SUP1 | Affects: ['ALL']
        RinTohsakaTrace1PEN | QUAPEN | Stacks: 1 | Value: 0.150 | Remaining Turns: 1 | TickDown: SUP1, PERM | Target: SUP1 | Affects: ['ALL']
        EnhancedSkillSPD | SPD% | Stacks: 1 | Value: 0.200 | Remaining Turns: 2 | TickDown: SUP1, END | Target: SUP1 | Affects: ['ALL']
        KeelCD(SUP2) | CD% | Stacks: 1 | Value: 0.100 | Remaining Turns: 1 | TickDown: SUP1, PERM | Target: SUP1 | Affects: ['ALL']
        SparkleTeamATK | ATK% | Stacks: 1 | Value: 0.450 | Remaining Turns: 1 | TickDown: SUP1, PERM | Target: SUP1 | Affects: ['ALL']
        KeelCD(SUS) | CD% | Stacks: 1 | Value: 0.100 | Remaining Turns: 1 | TickDown: SUP1, PERM | Target: SUP1 | Affects: ['ALL']
        CalculusHitATK | ATK% | Stacks: 1 | Value: 0.240 | Remaining Turns: 1 | TickDown: SUP1, PERM | Target: SUP1 | Affects: ['ALL']
        TalentCD | CD% | Stacks: 1 | Value: 0.700 | Remaining Turns: 2 | TickDown: SUP1, END | Target: SUP1 | Affects: ['ALL']
        SparkleVUL | VULN | Stacks: 3 | Value: 0.120 | Remaining Turns: 2 | TickDown: SUP1, END | Target: SUP1 | Affects: ['ALL']
        WarriorGoddessHealCD | CD% | Stacks: 1 | Value: 0.150 | Remaining Turns: 1 | TickDown: SUP1, START | Target: SUP1 | Affects: ['ALL']
        SparkleUltVUL | VULN | Stacks: 1 | Value: 0.180 | Remaining Turns: 3 | TickDown: SUP1, END | Target: SUP1 | Affects: ['ALL']
        CalculusHitSpd | SPD% | Stacks: 1 | Value: 0.160 | Remaining Turns: 1 | TickDown: SUP1, END | Target: SUP1 | Affects: ['ALL']
        HuoHuoUltATK | ATK% | Stacks: 1 | Value: 0.400 | Remaining Turns: 2 | TickDown: SUP1, END | Target: SUP1 | Affects: ['ALL']
        HuoHuoUltExtraATK | ATK% | Stacks: 1 | Value: 0.240 | Remaining Turns: 2 | TickDown: SUP1, END | Target: SUP1 | Affects: ['ALL']
        ----------End of Buff List----------
        ----------Enemy Debuffs----------
        HuohuoTechniqueDebuff | From: SUS | ATK_REDUCTION | Stacks: 1 | Value: 0.250 | Remaining Turns: 1 | Target: 1 | Targeting: ST | Affects: ['SPECIAL'] | DOT: False | Blast: False
        RinTohsakaUltVuln | From: SUP1 | VULN | Stacks: 1 | Value: 0.200 | Remaining Turns: 2 | Target: 1 | Targeting: AOE | Affects: ['ALL'] | DOT: False | Blast: False
        ----------End of Debuff List----------
        ----------Healing List----------
        ----------End of Healing List----------
        ----------Shields List----------
        ----------End of Shields List----------
    GAUGE  - Enemy 1 toughness reduced by 10.000
    RESULT - RinTohsakaBasic | RinTohsaka | SUP1 | DMG: 24812.935 | ELADMG: 0.000 | Enemies Hit: [1] | Enemies Broken: [] | WB DMG: 0.000 | Energy: 20.000 | Amount HP Healed: 0.000 | Amount HP Lost: 0.000 | RinTohsaka Energy: 30/160 | SP: 8 | MaxSP: 11)
Rin has obtained 1 Gem Energy from SP and now has 41 Gem Energy
    TURN   - ArcherFUA | Archer | DPS | ST attack | ['QUA'] | ['FUA'] | Scaling: ATK | TargetID: 1 | DMG/BREAK Splits: [2.0, 0]/[10, 0] | Energy Gained: 5 | SP Change: 1

        ----------Char Buffs----------
        IdealsBurnCR | CR% | Stacks: 1 | Value: 0.160 | Remaining Turns: 1 | TickDown: DPS, PERM | Target: DPS | Affects: ['ALL']
        IdealsBurnATK | ATK% | Stacks: 1 | Value: 0.400 | Remaining Turns: 1 | TickDown: DPS, PERM | Target: DPS | Affects: ['ALL']
        GeniusDMG | DMG% | Stacks: 1 | Value: 0.100 | Remaining Turns: 1 | TickDown: DPS, PERM | Target: DPS | Affects: ['ALL']
        GeniusSHRED | SHRED | Stacks: 1 | Value: 0.200 | Remaining Turns: 1 | TickDown: DPS, PERM | Target: DPS | Affects: ['ALL']
        TengokuCD | CD% | Stacks: 1 | Value: 0.160 | Remaining Turns: 1 | TickDown: DPS, PERM | Target: DPS | Affects: ['ALL']
        ArcherTraceCR | CD% | Stacks: 1 | Value: 0.067 | Remaining Turns: 1 | TickDown: DPS, PERM | Target: DPS | Affects: ['ALL']
        ArcherTraceATK | ATK% | Stacks: 1 | Value: 0.180 | Remaining Turns: 1 | TickDown: DPS, PERM | Target: DPS | Affects: ['ALL']
        ArcherTraceDMG | DMG% | Stacks: 1 | Value: 0.224 | Remaining Turns: 1 | TickDown: DPS, PERM | Target: DPS | Affects: ['ALL']
        KeelCD(SUP2) | CD% | Stacks: 1 | Value: 0.100 | Remaining Turns: 1 | TickDown: DPS, PERM | Target: DPS | Affects: ['ALL']
        SparkleTeamATK | ATK% | Stacks: 1 | Value: 0.450 | Remaining Turns: 1 | TickDown: DPS, PERM | Target: DPS | Affects: ['ALL']
        KeelCD(SUS) | CD% | Stacks: 1 | Value: 0.100 | Remaining Turns: 1 | TickDown: DPS, PERM | Target: DPS | Affects: ['ALL']
        RinTohsakaAllyTrace1ATK | ATK% | Stacks: 1 | Value: 1.500 | Remaining Turns: 1 | TickDown: DPS, PERM | Target: DPS | Affects: ['ALL']
        RinTohsakaAllyTrace1PEN | QUAPEN | Stacks: 1 | Value: 0.150 | Remaining Turns: 1 | TickDown: DPS, PERM | Target: DPS | Affects: ['ALL']
        SparkleVUL | VULN | Stacks: 3 | Value: 0.120 | Remaining Turns: 2 | TickDown: DPS, END | Target: DPS | Affects: ['ALL']
        RinTalentCD | CD% | Stacks: 1 | Value: 0.700 | Remaining Turns: 2 | TickDown: DPS, END | Target: DPS | Affects: ['ALL']
        SacerdosCDSUP2 | CD% | Stacks: 1 | Value: 0.180 | Remaining Turns: 1 | TickDown: DPS, END | Target: DPS | Affects: ['ALL']
        SparkleCD | CD% | Stacks: 1 | Value: 1.139 | Remaining Turns: 1 | TickDown: DPS, END | Target: DPS | Affects: ['ALL']
        SparklePEN | PEN | Stacks: 1 | Value: 0.100 | Remaining Turns: 1 | TickDown: DPS, END | Target: DPS | Affects: ['ALL']
        WarriorGoddessHealCD | CD% | Stacks: 1 | Value: 0.150 | Remaining Turns: 2 | TickDown: DPS, START | Target: DPS | Affects: ['ALL']
        SparkleUltVUL | VULN | Stacks: 1 | Value: 0.180 | Remaining Turns: 2 | TickDown: DPS, END | Target: DPS | Affects: ['ALL']
        IdealsBurnSKLATK | ATK% | Stacks: 1 | Value: 0.400 | Remaining Turns: 1 | TickDown: DPS, PERM | Target: DPS | Affects: ['ALL']
        TengokuSPArcherCD | CD% | Stacks: 1 | Value: 0.320 | Remaining Turns: 2 | TickDown: DPS, END | Target: DPS | Affects: ['ALL']
        HuoHuoUltATK | ATK% | Stacks: 1 | Value: 0.400 | Remaining Turns: 2 | TickDown: DPS, END | Target: DPS | Affects: ['ALL']
        HuoHuoUltExtraATK | ATK% | Stacks: 1 | Value: 0.240 | Remaining Turns: 2 | TickDown: DPS, END | Target: DPS | Affects: ['ALL']
        Trace3CD | CD% | Stacks: 1 | Value: 1.200 | Remaining Turns: 1 | TickDown: DPS, END | Target: DPS | Affects: ['ALL']
        ----------End of Buff List----------
        ----------Enemy Debuffs----------
        HuohuoTechniqueDebuff | From: SUS | ATK_REDUCTION | Stacks: 1 | Value: 0.250 | Remaining Turns: 1 | Target: 1 | Targeting: ST | Affects: ['SPECIAL'] | DOT: False | Blast: False
        RinTohsakaUltVuln | From: SUP1 | VULN | Stacks: 1 | Value: 0.200 | Remaining Turns: 2 | Target: 1 | Targeting: AOE | Affects: ['ALL'] | DOT: False | Blast: False
        ----------End of Debuff List----------
        ----------Healing List----------
        HuoHuoTalentHealingScaling | Targeting: Targeting.SINGLE | Healing Value: [0] | Target: ALL
        HuoHuoTalentHealingScaling | Targeting: Targeting.SINGLE | Healing Value: [0.045] | Target: ALL
        HuoHuoTalentHealingScaling | Targeting: Targeting.SINGLE | Healing Value: [0] | Target: ALL
        HuoHuoTalentHealingScaling | Targeting: Targeting.SINGLE | Healing Value: [0] | Target: ALL
        HuoHuoTalentHealingFlat | Targeting: Targeting.SINGLE | Healing Value: [0] | Target: ALL
        HuoHuoTalentHealingFlat | Targeting: Targeting.SINGLE | Healing Value: [120] | Target: ALL
        HuoHuoTalentHealingFlat | Targeting: Targeting.SINGLE | Healing Value: [0] | Target: ALL
        HuoHuoTalentHealingFlat | Targeting: Targeting.SINGLE | Healing Value: [0] | Target: ALL
        ----------End of Healing List----------
        ----------Shields List----------
        ----------End of Shields List----------
    GAUGE  - Enemy 1 toughness reduced by 10.000
    RESULT - ArcherFUA | Archer | DPS | DMG: 122310.921 | ELADMG: 0.000 | Enemies Hit: [1] | Enemies Broken: [] | WB DMG: 0.000 | Energy: 5.000 | Amount HP Healed: 371.779 | Amount HP Lost: 0.000 | Archer Energy: 107/220 | SP: 9 | MaxSP: 11)
Rin has obtained 1 Gem Energy from SP and now has 42 Gem Energy
    TURN   - HuoHuoAllyERR | HuoHuo | SUS | NA attack | ['WIN'] | ['SPECIAL'] | Scaling: HP | TargetID: 1 | DMG/BREAK Splits: [0, 0]/[0, 0] | Energy Gained: 1 | SP Change: 0

        ----------Char Buffs----------
        KeelCD(SUP2) | CD% | Stacks: 1 | Value: 0.100 | Remaining Turns: 1 | TickDown: SUS, PERM | Target: SUS | Affects: ['ALL']
        SparkleTeamATK | ATK% | Stacks: 1 | Value: 0.450 | Remaining Turns: 1 | TickDown: SUS, PERM | Target: SUS | Affects: ['ALL']
        PostOpERR | ERR% | Stacks: 1 | Value: 0.160 | Remaining Turns: 1 | TickDown: SUS, PERM | Target: SUS | Affects: ['ALL']
        WarriorGoddessSPD | SPD% | Stacks: 1 | Value: 0.060 | Remaining Turns: 1 | TickDown: SUS, PERM | Target: SUS | Affects: ['ALL']
        KeelEFFRES | ERS% | Stacks: 1 | Value: 0.100 | Remaining Turns: 1 | TickDown: SUS, PERM | Target: SUS | Affects: ['ALL']
        KeelCD(SUS) | CD% | Stacks: 1 | Value: 0.100 | Remaining Turns: 1 | TickDown: SUS, PERM | Target: SUS | Affects: ['ALL']
        HHTraceHP | HP% | Stacks: 1 | Value: 0.280 | Remaining Turns: 1 | TickDown: SUS, PERM | Target: SUS | Affects: ['ALL']
        HHTraceERS | ERS% | Stacks: 1 | Value: 0.180 | Remaining Turns: 1 | TickDown: SUS, PERM | Target: SUS | Affects: ['ALL']
        HHTraceSPD | SPD | Stacks: 1 | Value: 5.000 | Remaining Turns: 1 | TickDown: SUS, PERM | Target: SUS | Affects: ['ALL']
        SparkleVUL | VULN | Stacks: 3 | Value: 0.120 | Remaining Turns: 1 | TickDown: SUS, END | Target: SUS | Affects: ['ALL']
        WarriorGoddessHealSPD | SPD% | Stacks: 1 | Value: 0.060 | Remaining Turns: 2 | TickDown: SUS, START | Target: SUS | Affects: ['ALL']
        WarriorGoddessHealCD | CD% | Stacks: 1 | Value: 0.150 | Remaining Turns: 2 | TickDown: SUS, START | Target: SUS | Affects: ['ALL']
        SparkleUltVUL | VULN | Stacks: 1 | Value: 0.180 | Remaining Turns: 2 | TickDown: SUS, END | Target: SUS | Affects: ['ALL']
        RinTalentCD | CD% | Stacks: 1 | Value: 0.700 | Remaining Turns: 1 | TickDown: SUS, END | Target: SUS | Affects: ['ALL']
        ----------End of Buff List----------
        ----------Enemy Debuffs----------
        HuohuoTechniqueDebuff | From: SUS | ATK_REDUCTION | Stacks: 1 | Value: 0.250 | Remaining Turns: 1 | Target: 1 | Targeting: ST | Affects: ['SPECIAL'] | DOT: False | Blast: False
        RinTohsakaUltVuln | From: SUP1 | VULN | Stacks: 1 | Value: 0.200 | Remaining Turns: 2 | Target: 1 | Targeting: AOE | Affects: ['ALL'] | DOT: False | Blast: False
        ----------End of Debuff List----------
        ----------Healing List----------
        ----------End of Healing List----------
        ----------Shields List----------
        ----------End of Shields List----------
    GAUGE  - Enemy 1 toughness reduced by 0.000
    RESULT - HuoHuoAllyERR | HuoHuo | SUS | DMG: 0.000 | ELADMG: 0.000 | Enemies Hit: [1] | Enemies Broken: [] | WB DMG: 0.000 | Energy: 1.354 | Amount HP Healed: 0.000 | Amount HP Lost: 0.000 | HuoHuo Energy: 16/140 | SP: 9 | MaxSP: 11)
        Buff CalculusHitSpd expired
SPD    > RinTohsaka speed changed to 165.832 | NewAV: 0.000
AV     > RinTohsaka AV reset to 60.302 | 165.832 SPD

<<< NEW TURN >>>
-   Sparkle AV: 0.000 ENERGY: 50.045 MaxHP: 4358.742 CurrHp 3512.978 ShieldHP: 0.000
-   HuoHuo AV: 1.670 ENERGY: 16.253 MaxHP: 6139.808 CurrHp 5878.874 ShieldHP: 0.000
-   Enemy 2 AV: 28.605 ENERGY: 0.000 MaxHP: 2000000.000 CurrHp 1707979.257 ShieldHP: 0.000
-   Enemy 0 AV: 28.605 ENERGY: 0.000 MaxHP: 2000000.000 CurrHp 1707979.257 ShieldHP: 0.000
-   Enemy 1 AV: 30.903 ENERGY: 0.000 MaxHP: 5000000.000 CurrHp 1781672.866 ShieldHP: 0.000
-   Archer AV: 32.982 ENERGY: 107.333 MaxHP: 3063.425 CurrHp 2103.789 ShieldHP: 0.000
-   RinTohsaka AV: 50.470 ENERGY: 30.000 MaxHP: 3051.570 CurrHp 2392.412 ShieldHP: 0.000

Combat context set: 3 enemies, 4 players
Combat context initialized: 3 enemies, Elation team size: 0
ACTION > [CHAR] TotalAV: 125.241 | TurnAV: 9.832 | Sparkle | E-move
    TURN   - SparkleSkill | Sparkle | SUP2 | NA attack | ['QUA'] | ['SKL'] | Scaling: ATK | TargetID: -1 | DMG/BREAK Splits: [0, 0]/[0, 0] | Energy Gained: 30 | SP Change: 0

        ----------Char Buffs----------
        BattleIsntOverERR | ERR% | Stacks: 1 | Value: 0.100 | Remaining Turns: 1 | TickDown: SUP2, PERM | Target: SUP2 | Affects: ['ALL']
        SacerdosSPD | SPD% | Stacks: 1 | Value: 0.060 | Remaining Turns: 1 | TickDown: SUP2, PERM | Target: SUP2 | Affects: ['ALL']
        KeelEFFRES | ERS% | Stacks: 1 | Value: 0.100 | Remaining Turns: 1 | TickDown: SUP2, PERM | Target: SUP2 | Affects: ['ALL']
        KeelCD(SUP2) | CD% | Stacks: 1 | Value: 0.100 | Remaining Turns: 1 | TickDown: SUP2, PERM | Target: SUP2 | Affects: ['ALL']
        SparkleTraceHP | HP% | Stacks: 1 | Value: 0.280 | Remaining Turns: 1 | TickDown: SUP2, PERM | Target: SUP2 | Affects: ['ALL']
        SparkleTraceCD | CD% | Stacks: 1 | Value: 0.240 | Remaining Turns: 1 | TickDown: SUP2, PERM | Target: SUP2 | Affects: ['ALL']
        SparkleTraceERS | ERS% | Stacks: 1 | Value: 0.100 | Remaining Turns: 1 | TickDown: SUP2, PERM | Target: SUP2 | Affects: ['ALL']
        SparkleTeamATK | ATK% | Stacks: 1 | Value: 0.450 | Remaining Turns: 1 | TickDown: SUP2, PERM | Target: SUP2 | Affects: ['ALL']
        KeelCD(SUS) | CD% | Stacks: 1 | Value: 0.100 | Remaining Turns: 1 | TickDown: SUP2, PERM | Target: SUP2 | Affects: ['ALL']
        RinTalentCD | CD% | Stacks: 1 | Value: 0.700 | Remaining Turns: 1 | TickDown: SUP2, END | Target: SUP2 | Affects: ['ALL']
        SparkleVUL | VULN | Stacks: 3 | Value: 0.120 | Remaining Turns: 2 | TickDown: SUP2, END | Target: SUP2 | Affects: ['ALL']
        WarriorGoddessHealCD | CD% | Stacks: 1 | Value: 0.150 | Remaining Turns: 1 | TickDown: SUP2, START | Target: SUP2 | Affects: ['ALL']
        SparkleUltVUL | VULN | Stacks: 1 | Value: 0.180 | Remaining Turns: 2 | TickDown: SUP2, END | Target: SUP2 | Affects: ['ALL']
        ----------End of Buff List----------
        ----------Enemy Debuffs----------
        ----------End of Debuff List----------
        ----------Healing List----------
        ----------End of Healing List----------
        ----------Shields List----------
        ----------End of Shields List----------
    GAUGE  - Enemy 0 toughness reduced by 0.000
    RESULT - SparkleSkill | Sparkle | SUP2 | DMG: 0.000 | ELADMG: 0.000 | Enemies Hit: [0] | Enemies Broken: [] | WB DMG: 0.000 | Energy: 38.832 | Amount HP Healed: 0.000 | Amount HP Lost: 0.000 | Sparkle Energy: 89/110 | SP: 9 | MaxSP: 11)
ADV    > Archer advanced by 50.000% from SparkleForward | NewAV: 0.000 | Priority: 17
    TURN   - HuoHuoAllyERR | HuoHuo | SUS | NA attack | ['WIN'] | ['SPECIAL'] | Scaling: HP | TargetID: 1 | DMG/BREAK Splits: [0, 0]/[0, 0] | Energy Gained: 1 | SP Change: 0

        ----------Char Buffs----------
        KeelCD(SUP2) | CD% | Stacks: 1 | Value: 0.100 | Remaining Turns: 1 | TickDown: SUS, PERM | Target: SUS | Affects: ['ALL']
        SparkleTeamATK | ATK% | Stacks: 1 | Value: 0.450 | Remaining Turns: 1 | TickDown: SUS, PERM | Target: SUS | Affects: ['ALL']
        PostOpERR | ERR% | Stacks: 1 | Value: 0.160 | Remaining Turns: 1 | TickDown: SUS, PERM | Target: SUS | Affects: ['ALL']
        WarriorGoddessSPD | SPD% | Stacks: 1 | Value: 0.060 | Remaining Turns: 1 | TickDown: SUS, PERM | Target: SUS | Affects: ['ALL']
        KeelEFFRES | ERS% | Stacks: 1 | Value: 0.100 | Remaining Turns: 1 | TickDown: SUS, PERM | Target: SUS | Affects: ['ALL']
        KeelCD(SUS) | CD% | Stacks: 1 | Value: 0.100 | Remaining Turns: 1 | TickDown: SUS, PERM | Target: SUS | Affects: ['ALL']
        HHTraceHP | HP% | Stacks: 1 | Value: 0.280 | Remaining Turns: 1 | TickDown: SUS, PERM | Target: SUS | Affects: ['ALL']
        HHTraceERS | ERS% | Stacks: 1 | Value: 0.180 | Remaining Turns: 1 | TickDown: SUS, PERM | Target: SUS | Affects: ['ALL']
        HHTraceSPD | SPD | Stacks: 1 | Value: 5.000 | Remaining Turns: 1 | TickDown: SUS, PERM | Target: SUS | Affects: ['ALL']
        SparkleVUL | VULN | Stacks: 3 | Value: 0.120 | Remaining Turns: 1 | TickDown: SUS, END | Target: SUS | Affects: ['ALL']
        WarriorGoddessHealSPD | SPD% | Stacks: 1 | Value: 0.060 | Remaining Turns: 2 | TickDown: SUS, START | Target: SUS | Affects: ['ALL']
        WarriorGoddessHealCD | CD% | Stacks: 1 | Value: 0.150 | Remaining Turns: 2 | TickDown: SUS, START | Target: SUS | Affects: ['ALL']
        SparkleUltVUL | VULN | Stacks: 1 | Value: 0.180 | Remaining Turns: 2 | TickDown: SUS, END | Target: SUS | Affects: ['ALL']
        RinTalentCD | CD% | Stacks: 1 | Value: 0.700 | Remaining Turns: 1 | TickDown: SUS, END | Target: SUS | Affects: ['ALL']
        ----------End of Buff List----------
        ----------Enemy Debuffs----------
        HuohuoTechniqueDebuff | From: SUS | ATK_REDUCTION | Stacks: 1 | Value: 0.250 | Remaining Turns: 1 | Target: 1 | Targeting: ST | Affects: ['SPECIAL'] | DOT: False | Blast: False
        RinTohsakaUltVuln | From: SUP1 | VULN | Stacks: 1 | Value: 0.200 | Remaining Turns: 2 | Target: 1 | Targeting: AOE | Affects: ['ALL'] | DOT: False | Blast: False
        ----------End of Debuff List----------
        ----------Healing List----------
        HuoHuoTalentHealingScaling | Targeting: Targeting.SINGLE | Healing Value: [0.045] | Target: ALL
        HuoHuoTalentHealingScaling | Targeting: Targeting.SINGLE | Healing Value: [0] | Target: ALL
        HuoHuoTalentHealingScaling | Targeting: Targeting.SINGLE | Healing Value: [0] | Target: ALL
        HuoHuoTalentHealingScaling | Targeting: Targeting.SINGLE | Healing Value: [0] | Target: ALL
        HuoHuoTalentHealingFlat | Targeting: Targeting.SINGLE | Healing Value: [120] | Target: ALL
        HuoHuoTalentHealingFlat | Targeting: Targeting.SINGLE | Healing Value: [0] | Target: ALL
        HuoHuoTalentHealingFlat | Targeting: Targeting.SINGLE | Healing Value: [0] | Target: ALL
        HuoHuoTalentHealingFlat | Targeting: Targeting.SINGLE | Healing Value: [0] | Target: ALL
        ----------End of Healing List----------
        ----------Shields List----------
        ----------End of Shields List----------
    GAUGE  - Enemy 1 toughness reduced by 0.000
    RESULT - HuoHuoAllyERR | HuoHuo | SUS | DMG: 0.000 | ELADMG: 0.000 | Enemies Hit: [1] | Enemies Broken: [] | WB DMG: 0.000 | Energy: 1.354 | Amount HP Healed: 371.779 | Amount HP Lost: 0.000 | HuoHuo Energy: 18/140 | SP: 9 | MaxSP: 11)
        Buff RinTalentCD expired
AV     > Sparkle AV reset to 62.621 | 159.692 SPD

<<< NEW TURN >>>
-   Archer AV: 0.000 ENERGY: 107.333 MaxHP: 3063.425 CurrHp 2475.568 ShieldHP: 0.000
-   HuoHuo AV: 1.670 ENERGY: 17.607 MaxHP: 6139.808 CurrHp 5878.874 ShieldHP: 0.000
-   Enemy 2 AV: 28.605 ENERGY: 0.000 MaxHP: 2000000.000 CurrHp 1707979.257 ShieldHP: 0.000
-   Enemy 0 AV: 28.605 ENERGY: 0.000 MaxHP: 2000000.000 CurrHp 1707979.257 ShieldHP: 0.000
-   Enemy 1 AV: 30.903 ENERGY: 0.000 MaxHP: 5000000.000 CurrHp 1781672.866 ShieldHP: 0.000
-   RinTohsaka AV: 50.470 ENERGY: 30.000 MaxHP: 3051.570 CurrHp 2392.412 ShieldHP: 0.000
-   Sparkle AV: 62.621 ENERGY: 88.877 MaxHP: 4358.742 CurrHp 3512.978 ShieldHP: 0.000

Combat context set: 3 enemies, 4 players
Combat context initialized: 3 enemies, Elation team size: 0
ACTION > [CHAR] TotalAV: 125.241 | TurnAV: 0.000 | Archer | E-move
        Buff SkillDmg expired
CIRCUIT > Archer entered Circuit Connection (use 1/5)
    TURN   - ArcherSkill | Archer | DPS | ST attack | ['QUA'] | ['SKL'] | Scaling: ATK | TargetID: 1 | DMG/BREAK Splits: [3.6, 0]/[20, 0] | Energy Gained: 30 | SP Change: -2

        ----------Char Buffs----------
        IdealsBurnCR | CR% | Stacks: 1 | Value: 0.160 | Remaining Turns: 1 | TickDown: DPS, PERM | Target: DPS | Affects: ['ALL']
        IdealsBurnATK | ATK% | Stacks: 1 | Value: 0.400 | Remaining Turns: 1 | TickDown: DPS, PERM | Target: DPS | Affects: ['ALL']
        GeniusDMG | DMG% | Stacks: 1 | Value: 0.100 | Remaining Turns: 1 | TickDown: DPS, PERM | Target: DPS | Affects: ['ALL']
        GeniusSHRED | SHRED | Stacks: 1 | Value: 0.200 | Remaining Turns: 1 | TickDown: DPS, PERM | Target: DPS | Affects: ['ALL']
        TengokuCD | CD% | Stacks: 1 | Value: 0.160 | Remaining Turns: 1 | TickDown: DPS, PERM | Target: DPS | Affects: ['ALL']
        ArcherTraceCR | CD% | Stacks: 1 | Value: 0.067 | Remaining Turns: 1 | TickDown: DPS, PERM | Target: DPS | Affects: ['ALL']
        ArcherTraceATK | ATK% | Stacks: 1 | Value: 0.180 | Remaining Turns: 1 | TickDown: DPS, PERM | Target: DPS | Affects: ['ALL']
        ArcherTraceDMG | DMG% | Stacks: 1 | Value: 0.224 | Remaining Turns: 1 | TickDown: DPS, PERM | Target: DPS | Affects: ['ALL']
        KeelCD(SUP2) | CD% | Stacks: 1 | Value: 0.100 | Remaining Turns: 1 | TickDown: DPS, PERM | Target: DPS | Affects: ['ALL']
        SparkleTeamATK | ATK% | Stacks: 1 | Value: 0.450 | Remaining Turns: 1 | TickDown: DPS, PERM | Target: DPS | Affects: ['ALL']
        KeelCD(SUS) | CD% | Stacks: 1 | Value: 0.100 | Remaining Turns: 1 | TickDown: DPS, PERM | Target: DPS | Affects: ['ALL']
        RinTohsakaAllyTrace1ATK | ATK% | Stacks: 1 | Value: 1.500 | Remaining Turns: 1 | TickDown: DPS, PERM | Target: DPS | Affects: ['ALL']
        RinTohsakaAllyTrace1PEN | QUAPEN | Stacks: 1 | Value: 0.150 | Remaining Turns: 1 | TickDown: DPS, PERM | Target: DPS | Affects: ['ALL']
        SparkleVUL | VULN | Stacks: 3 | Value: 0.120 | Remaining Turns: 2 | TickDown: DPS, END | Target: DPS | Affects: ['ALL']
        RinTalentCD | CD% | Stacks: 1 | Value: 0.700 | Remaining Turns: 2 | TickDown: DPS, END | Target: DPS | Affects: ['ALL']
        SacerdosCDSUP2 | CD% | Stacks: 2 | Value: 0.360 | Remaining Turns: 2 | TickDown: DPS, END | Target: DPS | Affects: ['ALL']
        SparkleCD | CD% | Stacks: 1 | Value: 1.175 | Remaining Turns: 2 | TickDown: DPS, END | Target: DPS | Affects: ['ALL']
        SparklePEN | PEN | Stacks: 1 | Value: 0.100 | Remaining Turns: 2 | TickDown: DPS, END | Target: DPS | Affects: ['ALL']
        WarriorGoddessHealCD | CD% | Stacks: 1 | Value: 0.150 | Remaining Turns: 1 | TickDown: DPS, START | Target: DPS | Affects: ['ALL']
        SparkleUltVUL | VULN | Stacks: 1 | Value: 0.180 | Remaining Turns: 2 | TickDown: DPS, END | Target: DPS | Affects: ['ALL']
        IdealsBurnSKLATK | ATK% | Stacks: 1 | Value: 0.400 | Remaining Turns: 1 | TickDown: DPS, PERM | Target: DPS | Affects: ['ALL']
        TengokuSPArcherCD | CD% | Stacks: 1 | Value: 0.320 | Remaining Turns: 2 | TickDown: DPS, END | Target: DPS | Affects: ['ALL']
        HuoHuoUltATK | ATK% | Stacks: 1 | Value: 0.400 | Remaining Turns: 2 | TickDown: DPS, END | Target: DPS | Affects: ['ALL']
        HuoHuoUltExtraATK | ATK% | Stacks: 1 | Value: 0.240 | Remaining Turns: 2 | TickDown: DPS, END | Target: DPS | Affects: ['ALL']
        Trace3CD | CD% | Stacks: 1 | Value: 1.200 | Remaining Turns: 1 | TickDown: DPS, END | Target: DPS | Affects: ['ALL']
        BattleIsntOverDMGRole.SUP2 | DMG% | Stacks: 1 | Value: 0.300 | Remaining Turns: 1 | TickDown: DPS, END | Target: DPS | Affects: ['ALL']
        ----------End of Buff List----------
        ----------Enemy Debuffs----------
        HuohuoTechniqueDebuff | From: SUS | ATK_REDUCTION | Stacks: 1 | Value: 0.250 | Remaining Turns: 1 | Target: 1 | Targeting: ST | Affects: ['SPECIAL'] | DOT: False | Blast: False
        RinTohsakaUltVuln | From: SUP1 | VULN | Stacks: 1 | Value: 0.200 | Remaining Turns: 2 | Target: 1 | Targeting: AOE | Affects: ['ALL'] | DOT: False | Blast: False
        ----------End of Debuff List----------
        ----------Healing List----------
        ----------End of Healing List----------
        ----------Shields List----------
        ----------End of Shields List----------
    GAUGE  - Enemy 1 toughness reduced by 20.000
    RESULT - ArcherSkill | Archer | DPS | DMG: 267599.160 | ELADMG: 0.000 | Enemies Hit: [1] | Enemies Broken: [] | WB DMG: 0.000 | Energy: 30.000 | Amount HP Healed: 0.000 | Amount HP Lost: 0.000 | Archer Energy: 137/220 | SP: 7 | MaxSP: 11)
Rin has obtained 2 Gem Energy from SP and now has 44 Gem Energy
    TURN   - HuoHuoAllyERR | HuoHuo | SUS | NA attack | ['WIN'] | ['SPECIAL'] | Scaling: HP | TargetID: 1 | DMG/BREAK Splits: [0, 0]/[0, 0] | Energy Gained: 1 | SP Change: 0

        ----------Char Buffs----------
        KeelCD(SUP2) | CD% | Stacks: 1 | Value: 0.100 | Remaining Turns: 1 | TickDown: SUS, PERM | Target: SUS | Affects: ['ALL']
        SparkleTeamATK | ATK% | Stacks: 1 | Value: 0.450 | Remaining Turns: 1 | TickDown: SUS, PERM | Target: SUS | Affects: ['ALL']
        PostOpERR | ERR% | Stacks: 1 | Value: 0.160 | Remaining Turns: 1 | TickDown: SUS, PERM | Target: SUS | Affects: ['ALL']
        WarriorGoddessSPD | SPD% | Stacks: 1 | Value: 0.060 | Remaining Turns: 1 | TickDown: SUS, PERM | Target: SUS | Affects: ['ALL']
        KeelEFFRES | ERS% | Stacks: 1 | Value: 0.100 | Remaining Turns: 1 | TickDown: SUS, PERM | Target: SUS | Affects: ['ALL']
        KeelCD(SUS) | CD% | Stacks: 1 | Value: 0.100 | Remaining Turns: 1 | TickDown: SUS, PERM | Target: SUS | Affects: ['ALL']
        HHTraceHP | HP% | Stacks: 1 | Value: 0.280 | Remaining Turns: 1 | TickDown: SUS, PERM | Target: SUS | Affects: ['ALL']
        HHTraceERS | ERS% | Stacks: 1 | Value: 0.180 | Remaining Turns: 1 | TickDown: SUS, PERM | Target: SUS | Affects: ['ALL']
        HHTraceSPD | SPD | Stacks: 1 | Value: 5.000 | Remaining Turns: 1 | TickDown: SUS, PERM | Target: SUS | Affects: ['ALL']
        SparkleVUL | VULN | Stacks: 3 | Value: 0.120 | Remaining Turns: 2 | TickDown: SUS, END | Target: SUS | Affects: ['ALL']
        WarriorGoddessHealSPD | SPD% | Stacks: 1 | Value: 0.060 | Remaining Turns: 2 | TickDown: SUS, START | Target: SUS | Affects: ['ALL']
        WarriorGoddessHealCD | CD% | Stacks: 1 | Value: 0.150 | Remaining Turns: 2 | TickDown: SUS, START | Target: SUS | Affects: ['ALL']
        SparkleUltVUL | VULN | Stacks: 1 | Value: 0.180 | Remaining Turns: 2 | TickDown: SUS, END | Target: SUS | Affects: ['ALL']
        RinTalentCD | CD% | Stacks: 1 | Value: 0.700 | Remaining Turns: 1 | TickDown: SUS, END | Target: SUS | Affects: ['ALL']
        ----------End of Buff List----------
        ----------Enemy Debuffs----------
        HuohuoTechniqueDebuff | From: SUS | ATK_REDUCTION | Stacks: 1 | Value: 0.250 | Remaining Turns: 1 | Target: 1 | Targeting: ST | Affects: ['SPECIAL'] | DOT: False | Blast: False
        RinTohsakaUltVuln | From: SUP1 | VULN | Stacks: 1 | Value: 0.200 | Remaining Turns: 2 | Target: 1 | Targeting: AOE | Affects: ['ALL'] | DOT: False | Blast: False
        ----------End of Debuff List----------
        ----------Healing List----------
        HuoHuoTalentHealingScaling | Targeting: Targeting.SINGLE | Healing Value: [0] | Target: ALL
        HuoHuoTalentHealingScaling | Targeting: Targeting.SINGLE | Healing Value: [0.045] | Target: ALL
        HuoHuoTalentHealingScaling | Targeting: Targeting.SINGLE | Healing Value: [0] | Target: ALL
        HuoHuoTalentHealingScaling | Targeting: Targeting.SINGLE | Healing Value: [0] | Target: ALL
        HuoHuoTalentHealingFlat | Targeting: Targeting.SINGLE | Healing Value: [0] | Target: ALL
        HuoHuoTalentHealingFlat | Targeting: Targeting.SINGLE | Healing Value: [120] | Target: ALL
        HuoHuoTalentHealingFlat | Targeting: Targeting.SINGLE | Healing Value: [0] | Target: ALL
        HuoHuoTalentHealingFlat | Targeting: Targeting.SINGLE | Healing Value: [0] | Target: ALL
        ----------End of Healing List----------
        ----------Shields List----------
        ----------End of Shields List----------
    GAUGE  - Enemy 1 toughness reduced by 0.000
    RESULT - HuoHuoAllyERR | HuoHuo | SUS | DMG: 0.000 | ELADMG: 0.000 | Enemies Hit: [1] | Enemies Broken: [] | WB DMG: 0.000 | Energy: 1.354 | Amount HP Healed: 371.779 | Amount HP Lost: 0.000 | HuoHuo Energy: 19/140 | SP: 7 | MaxSP: 11)
ERR    > 1.294 energy added to Sparkle from SparkleTalentERR | Sparkle Energy: 90.171
ACTION > [CIRCUIT] TotalAV: 125.241 | Archer | circuit skill use 2
CIRCUIT > Archer Circuit skill use 2/5
    TURN   - ArcherSkill | Archer | DPS | ST attack | ['QUA'] | ['SKL'] | Scaling: ATK | TargetID: 1 | DMG/BREAK Splits: [3.6, 0]/[20, 0] | Energy Gained: 30 | SP Change: -2

        ----------Char Buffs----------
        IdealsBurnCR | CR% | Stacks: 1 | Value: 0.160 | Remaining Turns: 1 | TickDown: DPS, PERM | Target: DPS | Affects: ['ALL']
        IdealsBurnATK | ATK% | Stacks: 1 | Value: 0.400 | Remaining Turns: 1 | TickDown: DPS, PERM | Target: DPS | Affects: ['ALL']
        GeniusDMG | DMG% | Stacks: 1 | Value: 0.100 | Remaining Turns: 1 | TickDown: DPS, PERM | Target: DPS | Affects: ['ALL']
        GeniusSHRED | SHRED | Stacks: 1 | Value: 0.200 | Remaining Turns: 1 | TickDown: DPS, PERM | Target: DPS | Affects: ['ALL']
        TengokuCD | CD% | Stacks: 1 | Value: 0.160 | Remaining Turns: 1 | TickDown: DPS, PERM | Target: DPS | Affects: ['ALL']
        ArcherTraceCR | CD% | Stacks: 1 | Value: 0.067 | Remaining Turns: 1 | TickDown: DPS, PERM | Target: DPS | Affects: ['ALL']
        ArcherTraceATK | ATK% | Stacks: 1 | Value: 0.180 | Remaining Turns: 1 | TickDown: DPS, PERM | Target: DPS | Affects: ['ALL']
        ArcherTraceDMG | DMG% | Stacks: 1 | Value: 0.224 | Remaining Turns: 1 | TickDown: DPS, PERM | Target: DPS | Affects: ['ALL']
        KeelCD(SUP2) | CD% | Stacks: 1 | Value: 0.100 | Remaining Turns: 1 | TickDown: DPS, PERM | Target: DPS | Affects: ['ALL']
        SparkleTeamATK | ATK% | Stacks: 1 | Value: 0.450 | Remaining Turns: 1 | TickDown: DPS, PERM | Target: DPS | Affects: ['ALL']
        KeelCD(SUS) | CD% | Stacks: 1 | Value: 0.100 | Remaining Turns: 1 | TickDown: DPS, PERM | Target: DPS | Affects: ['ALL']
        RinTohsakaAllyTrace1ATK | ATK% | Stacks: 1 | Value: 1.500 | Remaining Turns: 1 | TickDown: DPS, PERM | Target: DPS | Affects: ['ALL']
        RinTohsakaAllyTrace1PEN | QUAPEN | Stacks: 1 | Value: 0.150 | Remaining Turns: 1 | TickDown: DPS, PERM | Target: DPS | Affects: ['ALL']
        SparkleVUL | VULN | Stacks: 3 | Value: 0.120 | Remaining Turns: 2 | TickDown: DPS, END | Target: DPS | Affects: ['ALL']
        RinTalentCD | CD% | Stacks: 1 | Value: 0.700 | Remaining Turns: 2 | TickDown: DPS, END | Target: DPS | Affects: ['ALL']
        SacerdosCDSUP2 | CD% | Stacks: 2 | Value: 0.360 | Remaining Turns: 2 | TickDown: DPS, END | Target: DPS | Affects: ['ALL']
        SparkleCD | CD% | Stacks: 1 | Value: 1.175 | Remaining Turns: 2 | TickDown: DPS, END | Target: DPS | Affects: ['ALL']
        SparklePEN | PEN | Stacks: 1 | Value: 0.100 | Remaining Turns: 2 | TickDown: DPS, END | Target: DPS | Affects: ['ALL']
        WarriorGoddessHealCD | CD% | Stacks: 1 | Value: 0.150 | Remaining Turns: 2 | TickDown: DPS, START | Target: DPS | Affects: ['ALL']
        SparkleUltVUL | VULN | Stacks: 1 | Value: 0.180 | Remaining Turns: 2 | TickDown: DPS, END | Target: DPS | Affects: ['ALL']
        IdealsBurnSKLATK | ATK% | Stacks: 1 | Value: 0.400 | Remaining Turns: 1 | TickDown: DPS, PERM | Target: DPS | Affects: ['ALL']
        TengokuSPArcherCD | CD% | Stacks: 1 | Value: 0.320 | Remaining Turns: 3 | TickDown: DPS, END | Target: DPS | Affects: ['ALL']
        HuoHuoUltATK | ATK% | Stacks: 1 | Value: 0.400 | Remaining Turns: 2 | TickDown: DPS, END | Target: DPS | Affects: ['ALL']
        HuoHuoUltExtraATK | ATK% | Stacks: 1 | Value: 0.240 | Remaining Turns: 2 | TickDown: DPS, END | Target: DPS | Affects: ['ALL']
        Trace3CD | CD% | Stacks: 1 | Value: 1.200 | Remaining Turns: 1 | TickDown: DPS, END | Target: DPS | Affects: ['ALL']
        BattleIsntOverDMGRole.SUP2 | DMG% | Stacks: 1 | Value: 0.300 | Remaining Turns: 1 | TickDown: DPS, END | Target: DPS | Affects: ['ALL']
        SkillDmg | DMG% | Stacks: 1 | Value: 1.000 | Remaining Turns: 1 | TickDown: DPS, START | Target: DPS | Affects: ['SKL']
        ----------End of Buff List----------
        ----------Enemy Debuffs----------
        HuohuoTechniqueDebuff | From: SUS | ATK_REDUCTION | Stacks: 1 | Value: 0.250 | Remaining Turns: 1 | Target: 1 | Targeting: ST | Affects: ['SPECIAL'] | DOT: False | Blast: False
        RinTohsakaUltVuln | From: SUP1 | VULN | Stacks: 1 | Value: 0.200 | Remaining Turns: 2 | Target: 1 | Targeting: AOE | Affects: ['ALL'] | DOT: False | Blast: False
        ----------End of Debuff List----------
        ----------Healing List----------
        ----------End of Healing List----------
        ----------Shields List----------
        ----------End of Shields List----------
    GAUGE  - Enemy 1 toughness reduced by 20.000
    RESULT - ArcherSkill | Archer | DPS | DMG: 400547.669 | ELADMG: 0.000 | Enemies Hit: [1] | Enemies Broken: [] | WB DMG: 0.000 | Energy: 30.000 | Amount HP Healed: 0.000 | Amount HP Lost: 0.000 | Archer Energy: 167/220 | SP: 5 | MaxSP: 11)
Rin has obtained 2 Gem Energy from SP and now has 46 Gem Energy
    TURN   - HuoHuoAllyERR | HuoHuo | SUS | NA attack | ['WIN'] | ['SPECIAL'] | Scaling: HP | TargetID: 1 | DMG/BREAK Splits: [0, 0]/[0, 0] | Energy Gained: 1 | SP Change: 0

        ----------Char Buffs----------
        KeelCD(SUP2) | CD% | Stacks: 1 | Value: 0.100 | Remaining Turns: 1 | TickDown: SUS, PERM | Target: SUS | Affects: ['ALL']
        SparkleTeamATK | ATK% | Stacks: 1 | Value: 0.450 | Remaining Turns: 1 | TickDown: SUS, PERM | Target: SUS | Affects: ['ALL']
        PostOpERR | ERR% | Stacks: 1 | Value: 0.160 | Remaining Turns: 1 | TickDown: SUS, PERM | Target: SUS | Affects: ['ALL']
        WarriorGoddessSPD | SPD% | Stacks: 1 | Value: 0.060 | Remaining Turns: 1 | TickDown: SUS, PERM | Target: SUS | Affects: ['ALL']
        KeelEFFRES | ERS% | Stacks: 1 | Value: 0.100 | Remaining Turns: 1 | TickDown: SUS, PERM | Target: SUS | Affects: ['ALL']
        KeelCD(SUS) | CD% | Stacks: 1 | Value: 0.100 | Remaining Turns: 1 | TickDown: SUS, PERM | Target: SUS | Affects: ['ALL']
        HHTraceHP | HP% | Stacks: 1 | Value: 0.280 | Remaining Turns: 1 | TickDown: SUS, PERM | Target: SUS | Affects: ['ALL']
        HHTraceERS | ERS% | Stacks: 1 | Value: 0.180 | Remaining Turns: 1 | TickDown: SUS, PERM | Target: SUS | Affects: ['ALL']
        HHTraceSPD | SPD | Stacks: 1 | Value: 5.000 | Remaining Turns: 1 | TickDown: SUS, PERM | Target: SUS | Affects: ['ALL']
        SparkleVUL | VULN | Stacks: 3 | Value: 0.120 | Remaining Turns: 2 | TickDown: SUS, END | Target: SUS | Affects: ['ALL']
        WarriorGoddessHealSPD | SPD% | Stacks: 1 | Value: 0.060 | Remaining Turns: 2 | TickDown: SUS, START | Target: SUS | Affects: ['ALL']
        WarriorGoddessHealCD | CD% | Stacks: 1 | Value: 0.150 | Remaining Turns: 2 | TickDown: SUS, START | Target: SUS | Affects: ['ALL']
        SparkleUltVUL | VULN | Stacks: 1 | Value: 0.180 | Remaining Turns: 2 | TickDown: SUS, END | Target: SUS | Affects: ['ALL']
        RinTalentCD | CD% | Stacks: 1 | Value: 0.700 | Remaining Turns: 1 | TickDown: SUS, END | Target: SUS | Affects: ['ALL']
        ----------End of Buff List----------
        ----------Enemy Debuffs----------
        HuohuoTechniqueDebuff | From: SUS | ATK_REDUCTION | Stacks: 1 | Value: 0.250 | Remaining Turns: 1 | Target: 1 | Targeting: ST | Affects: ['SPECIAL'] | DOT: False | Blast: False
        RinTohsakaUltVuln | From: SUP1 | VULN | Stacks: 1 | Value: 0.200 | Remaining Turns: 2 | Target: 1 | Targeting: AOE | Affects: ['ALL'] | DOT: False | Blast: False
        ----------End of Debuff List----------
        ----------Healing List----------
        HuoHuoTalentHealingScaling | Targeting: Targeting.SINGLE | Healing Value: [0.045] | Target: ALL
        HuoHuoTalentHealingScaling | Targeting: Targeting.SINGLE | Healing Value: [0] | Target: ALL
        HuoHuoTalentHealingScaling | Targeting: Targeting.SINGLE | Healing Value: [0] | Target: ALL
        HuoHuoTalentHealingScaling | Targeting: Targeting.SINGLE | Healing Value: [0] | Target: ALL
        HuoHuoTalentHealingFlat | Targeting: Targeting.SINGLE | Healing Value: [120] | Target: ALL
        HuoHuoTalentHealingFlat | Targeting: Targeting.SINGLE | Healing Value: [0] | Target: ALL
        HuoHuoTalentHealingFlat | Targeting: Targeting.SINGLE | Healing Value: [0] | Target: ALL
        HuoHuoTalentHealingFlat | Targeting: Targeting.SINGLE | Healing Value: [0] | Target: ALL
        ----------End of Healing List----------
        ----------Shields List----------
        ----------End of Shields List----------
    GAUGE  - Enemy 1 toughness reduced by 0.000
    RESULT - HuoHuoAllyERR | HuoHuo | SUS | DMG: 0.000 | ELADMG: 0.000 | Enemies Hit: [1] | Enemies Broken: [] | WB DMG: 0.000 | Energy: 1.354 | Amount HP Healed: 371.779 | Amount HP Lost: 0.000 | HuoHuo Energy: 20/140 | SP: 5 | MaxSP: 11)
ERR    > 1.294 energy added to Sparkle from SparkleTalentERR | Sparkle Energy: 91.466
ACTION > [CIRCUIT] TotalAV: 125.241 | Archer | circuit skill use 3
CIRCUIT > Archer Circuit skill use 3/5
    TURN   - ArcherSkill | Archer | DPS | ST attack | ['QUA'] | ['SKL'] | Scaling: ATK | TargetID: 1 | DMG/BREAK Splits: [3.6, 0]/[20, 0] | Energy Gained: 30 | SP Change: -2

        ----------Char Buffs----------
        IdealsBurnCR | CR% | Stacks: 1 | Value: 0.160 | Remaining Turns: 1 | TickDown: DPS, PERM | Target: DPS | Affects: ['ALL']
        IdealsBurnATK | ATK% | Stacks: 1 | Value: 0.400 | Remaining Turns: 1 | TickDown: DPS, PERM | Target: DPS | Affects: ['ALL']
        GeniusDMG | DMG% | Stacks: 1 | Value: 0.100 | Remaining Turns: 1 | TickDown: DPS, PERM | Target: DPS | Affects: ['ALL']
        GeniusSHRED | SHRED | Stacks: 1 | Value: 0.200 | Remaining Turns: 1 | TickDown: DPS, PERM | Target: DPS | Affects: ['ALL']
        TengokuCD | CD% | Stacks: 1 | Value: 0.160 | Remaining Turns: 1 | TickDown: DPS, PERM | Target: DPS | Affects: ['ALL']
        ArcherTraceCR | CD% | Stacks: 1 | Value: 0.067 | Remaining Turns: 1 | TickDown: DPS, PERM | Target: DPS | Affects: ['ALL']
        ArcherTraceATK | ATK% | Stacks: 1 | Value: 0.180 | Remaining Turns: 1 | TickDown: DPS, PERM | Target: DPS | Affects: ['ALL']
        ArcherTraceDMG | DMG% | Stacks: 1 | Value: 0.224 | Remaining Turns: 1 | TickDown: DPS, PERM | Target: DPS | Affects: ['ALL']
        KeelCD(SUP2) | CD% | Stacks: 1 | Value: 0.100 | Remaining Turns: 1 | TickDown: DPS, PERM | Target: DPS | Affects: ['ALL']
        SparkleTeamATK | ATK% | Stacks: 1 | Value: 0.450 | Remaining Turns: 1 | TickDown: DPS, PERM | Target: DPS | Affects: ['ALL']
        KeelCD(SUS) | CD% | Stacks: 1 | Value: 0.100 | Remaining Turns: 1 | TickDown: DPS, PERM | Target: DPS | Affects: ['ALL']
        RinTohsakaAllyTrace1ATK | ATK% | Stacks: 1 | Value: 1.500 | Remaining Turns: 1 | TickDown: DPS, PERM | Target: DPS | Affects: ['ALL']
        RinTohsakaAllyTrace1PEN | QUAPEN | Stacks: 1 | Value: 0.150 | Remaining Turns: 1 | TickDown: DPS, PERM | Target: DPS | Affects: ['ALL']
        SparkleVUL | VULN | Stacks: 3 | Value: 0.120 | Remaining Turns: 2 | TickDown: DPS, END | Target: DPS | Affects: ['ALL']
        RinTalentCD | CD% | Stacks: 1 | Value: 0.700 | Remaining Turns: 2 | TickDown: DPS, END | Target: DPS | Affects: ['ALL']
        SacerdosCDSUP2 | CD% | Stacks: 2 | Value: 0.360 | Remaining Turns: 2 | TickDown: DPS, END | Target: DPS | Affects: ['ALL']
        SparkleCD | CD% | Stacks: 1 | Value: 1.175 | Remaining Turns: 2 | TickDown: DPS, END | Target: DPS | Affects: ['ALL']
        SparklePEN | PEN | Stacks: 1 | Value: 0.100 | Remaining Turns: 2 | TickDown: DPS, END | Target: DPS | Affects: ['ALL']
        WarriorGoddessHealCD | CD% | Stacks: 1 | Value: 0.150 | Remaining Turns: 2 | TickDown: DPS, START | Target: DPS | Affects: ['ALL']
        SparkleUltVUL | VULN | Stacks: 1 | Value: 0.180 | Remaining Turns: 2 | TickDown: DPS, END | Target: DPS | Affects: ['ALL']
        IdealsBurnSKLATK | ATK% | Stacks: 1 | Value: 0.400 | Remaining Turns: 1 | TickDown: DPS, PERM | Target: DPS | Affects: ['ALL']
        TengokuSPArcherCD | CD% | Stacks: 1 | Value: 0.320 | Remaining Turns: 3 | TickDown: DPS, END | Target: DPS | Affects: ['ALL']
        HuoHuoUltATK | ATK% | Stacks: 1 | Value: 0.400 | Remaining Turns: 2 | TickDown: DPS, END | Target: DPS | Affects: ['ALL']
        HuoHuoUltExtraATK | ATK% | Stacks: 1 | Value: 0.240 | Remaining Turns: 2 | TickDown: DPS, END | Target: DPS | Affects: ['ALL']
        Trace3CD | CD% | Stacks: 1 | Value: 1.200 | Remaining Turns: 1 | TickDown: DPS, END | Target: DPS | Affects: ['ALL']
        BattleIsntOverDMGRole.SUP2 | DMG% | Stacks: 1 | Value: 0.300 | Remaining Turns: 1 | TickDown: DPS, END | Target: DPS | Affects: ['ALL']
        SkillDmg | DMG% | Stacks: 2 | Value: 2.000 | Remaining Turns: 1 | TickDown: DPS, START | Target: DPS | Affects: ['SKL']
        ----------End of Buff List----------
        ----------Enemy Debuffs----------
        HuohuoTechniqueDebuff | From: SUS | ATK_REDUCTION | Stacks: 1 | Value: 0.250 | Remaining Turns: 1 | Target: 1 | Targeting: ST | Affects: ['SPECIAL'] | DOT: False | Blast: False
        RinTohsakaUltVuln | From: SUP1 | VULN | Stacks: 1 | Value: 0.200 | Remaining Turns: 2 | Target: 1 | Targeting: AOE | Affects: ['ALL'] | DOT: False | Blast: False
        ----------End of Debuff List----------
        ----------Healing List----------
        ----------End of Healing List----------
        ----------Shields List----------
        ----------End of Shields List----------
    GAUGE  - Enemy 1 toughness reduced by 20.000
    RESULT - ArcherSkill | Archer | DPS | DMG: 533496.179 | ELADMG: 0.000 | Enemies Hit: [1] | Enemies Broken: [] | WB DMG: 0.000 | Energy: 30.000 | Amount HP Healed: 0.000 | Amount HP Lost: 0.000 | Archer Energy: 197/220 | SP: 3 | MaxSP: 11)
Rin has obtained 2 Gem Energy from SP and now has 48 Gem Energy
    TURN   - ArcherJointAttack | Archer | DPS | AOE attack | ['QUA'] | ['FUA'] | Scaling: ATK | TargetID: 1 | DMG/BREAK Splits: [3.0, 0]/[0, 0] | Energy Gained: 0 | SP Change: 0

        ----------Char Buffs----------
        IdealsBurnCR | CR% | Stacks: 1 | Value: 0.160 | Remaining Turns: 1 | TickDown: DPS, PERM | Target: DPS | Affects: ['ALL']
        IdealsBurnATK | ATK% | Stacks: 1 | Value: 0.400 | Remaining Turns: 1 | TickDown: DPS, PERM | Target: DPS | Affects: ['ALL']
        GeniusDMG | DMG% | Stacks: 1 | Value: 0.100 | Remaining Turns: 1 | TickDown: DPS, PERM | Target: DPS | Affects: ['ALL']
        GeniusSHRED | SHRED | Stacks: 1 | Value: 0.200 | Remaining Turns: 1 | TickDown: DPS, PERM | Target: DPS | Affects: ['ALL']
        TengokuCD | CD% | Stacks: 1 | Value: 0.160 | Remaining Turns: 1 | TickDown: DPS, PERM | Target: DPS | Affects: ['ALL']
        ArcherTraceCR | CD% | Stacks: 1 | Value: 0.067 | Remaining Turns: 1 | TickDown: DPS, PERM | Target: DPS | Affects: ['ALL']
        ArcherTraceATK | ATK% | Stacks: 1 | Value: 0.180 | Remaining Turns: 1 | TickDown: DPS, PERM | Target: DPS | Affects: ['ALL']
        ArcherTraceDMG | DMG% | Stacks: 1 | Value: 0.224 | Remaining Turns: 1 | TickDown: DPS, PERM | Target: DPS | Affects: ['ALL']
        KeelCD(SUP2) | CD% | Stacks: 1 | Value: 0.100 | Remaining Turns: 1 | TickDown: DPS, PERM | Target: DPS | Affects: ['ALL']
        SparkleTeamATK | ATK% | Stacks: 1 | Value: 0.450 | Remaining Turns: 1 | TickDown: DPS, PERM | Target: DPS | Affects: ['ALL']
        KeelCD(SUS) | CD% | Stacks: 1 | Value: 0.100 | Remaining Turns: 1 | TickDown: DPS, PERM | Target: DPS | Affects: ['ALL']
        RinTohsakaAllyTrace1ATK | ATK% | Stacks: 1 | Value: 1.500 | Remaining Turns: 1 | TickDown: DPS, PERM | Target: DPS | Affects: ['ALL']
        RinTohsakaAllyTrace1PEN | QUAPEN | Stacks: 1 | Value: 0.150 | Remaining Turns: 1 | TickDown: DPS, PERM | Target: DPS | Affects: ['ALL']
        SparkleVUL | VULN | Stacks: 3 | Value: 0.120 | Remaining Turns: 2 | TickDown: DPS, END | Target: DPS | Affects: ['ALL']
        RinTalentCD | CD% | Stacks: 1 | Value: 0.700 | Remaining Turns: 2 | TickDown: DPS, END | Target: DPS | Affects: ['ALL']
        SacerdosCDSUP2 | CD% | Stacks: 2 | Value: 0.360 | Remaining Turns: 2 | TickDown: DPS, END | Target: DPS | Affects: ['ALL']
        SparkleCD | CD% | Stacks: 1 | Value: 1.175 | Remaining Turns: 2 | TickDown: DPS, END | Target: DPS | Affects: ['ALL']
        SparklePEN | PEN | Stacks: 1 | Value: 0.100 | Remaining Turns: 2 | TickDown: DPS, END | Target: DPS | Affects: ['ALL']
        WarriorGoddessHealCD | CD% | Stacks: 1 | Value: 0.150 | Remaining Turns: 2 | TickDown: DPS, START | Target: DPS | Affects: ['ALL']
        SparkleUltVUL | VULN | Stacks: 1 | Value: 0.180 | Remaining Turns: 2 | TickDown: DPS, END | Target: DPS | Affects: ['ALL']
        IdealsBurnSKLATK | ATK% | Stacks: 1 | Value: 0.400 | Remaining Turns: 1 | TickDown: DPS, PERM | Target: DPS | Affects: ['ALL']
        TengokuSPArcherCD | CD% | Stacks: 1 | Value: 0.320 | Remaining Turns: 3 | TickDown: DPS, END | Target: DPS | Affects: ['ALL']
        HuoHuoUltATK | ATK% | Stacks: 1 | Value: 0.400 | Remaining Turns: 2 | TickDown: DPS, END | Target: DPS | Affects: ['ALL']
        HuoHuoUltExtraATK | ATK% | Stacks: 1 | Value: 0.240 | Remaining Turns: 2 | TickDown: DPS, END | Target: DPS | Affects: ['ALL']
        Trace3CD | CD% | Stacks: 1 | Value: 1.200 | Remaining Turns: 1 | TickDown: DPS, END | Target: DPS | Affects: ['ALL']
        BattleIsntOverDMGRole.SUP2 | DMG% | Stacks: 1 | Value: 0.300 | Remaining Turns: 1 | TickDown: DPS, END | Target: DPS | Affects: ['ALL']
        ----------End of Buff List----------
        ----------Enemy Debuffs----------
        HuohuoTechniqueDebuff | From: SUS | ATK_REDUCTION | Stacks: 1 | Value: 0.250 | Remaining Turns: 1 | Target: 1 | Targeting: ST | Affects: ['SPECIAL'] | DOT: False | Blast: False
        RinTohsakaUltVuln | From: SUP1 | VULN | Stacks: 1 | Value: 0.200 | Remaining Turns: 2 | Target: 1 | Targeting: AOE | Affects: ['ALL'] | DOT: False | Blast: False
        ----------End of Debuff List----------
        ----------Healing List----------
        HuoHuoTalentHealingScaling | Targeting: Targeting.SINGLE | Healing Value: [0] | Target: ALL
        HuoHuoTalentHealingScaling | Targeting: Targeting.SINGLE | Healing Value: [0.045] | Target: ALL
        HuoHuoTalentHealingScaling | Targeting: Targeting.SINGLE | Healing Value: [0] | Target: ALL
        HuoHuoTalentHealingScaling | Targeting: Targeting.SINGLE | Healing Value: [0] | Target: ALL
        HuoHuoTalentHealingFlat | Targeting: Targeting.SINGLE | Healing Value: [0] | Target: ALL
        HuoHuoTalentHealingFlat | Targeting: Targeting.SINGLE | Healing Value: [120] | Target: ALL
        HuoHuoTalentHealingFlat | Targeting: Targeting.SINGLE | Healing Value: [0] | Target: ALL
        HuoHuoTalentHealingFlat | Targeting: Targeting.SINGLE | Healing Value: [0] | Target: ALL
        ----------End of Healing List----------
        ----------Shields List----------
        ----------End of Shields List----------
    GAUGE  - Enemy 0 toughness reduced by 0.000
    GAUGE  - Enemy 1 toughness reduced by 0.000
    GAUGE  - Enemy 2 toughness reduced by 0.000
    RESULT - ArcherJointAttack | Archer | DPS | DMG: 668997.899 | ELADMG: 0.000 | Enemies Hit: [0, 1, 2] | Enemies Broken: [] | WB DMG: 0.000 | Energy: 0.000 | Amount HP Healed: 371.779 | Amount HP Lost: 0.000 | Archer Energy: 197/220 | SP: 3 | MaxSP: 11)
    TURN   - HuoHuoAllyERR | HuoHuo | SUS | NA attack | ['WIN'] | ['SPECIAL'] | Scaling: HP | TargetID: 1 | DMG/BREAK Splits: [0, 0]/[0, 0] | Energy Gained: 1 | SP Change: 0

        ----------Char Buffs----------
        KeelCD(SUP2) | CD% | Stacks: 1 | Value: 0.100 | Remaining Turns: 1 | TickDown: SUS, PERM | Target: SUS | Affects: ['ALL']
        SparkleTeamATK | ATK% | Stacks: 1 | Value: 0.450 | Remaining Turns: 1 | TickDown: SUS, PERM | Target: SUS | Affects: ['ALL']
        PostOpERR | ERR% | Stacks: 1 | Value: 0.160 | Remaining Turns: 1 | TickDown: SUS, PERM | Target: SUS | Affects: ['ALL']
        WarriorGoddessSPD | SPD% | Stacks: 1 | Value: 0.060 | Remaining Turns: 1 | TickDown: SUS, PERM | Target: SUS | Affects: ['ALL']
        KeelEFFRES | ERS% | Stacks: 1 | Value: 0.100 | Remaining Turns: 1 | TickDown: SUS, PERM | Target: SUS | Affects: ['ALL']
        KeelCD(SUS) | CD% | Stacks: 1 | Value: 0.100 | Remaining Turns: 1 | TickDown: SUS, PERM | Target: SUS | Affects: ['ALL']
        HHTraceHP | HP% | Stacks: 1 | Value: 0.280 | Remaining Turns: 1 | TickDown: SUS, PERM | Target: SUS | Affects: ['ALL']
        HHTraceERS | ERS% | Stacks: 1 | Value: 0.180 | Remaining Turns: 1 | TickDown: SUS, PERM | Target: SUS | Affects: ['ALL']
        HHTraceSPD | SPD | Stacks: 1 | Value: 5.000 | Remaining Turns: 1 | TickDown: SUS, PERM | Target: SUS | Affects: ['ALL']
        SparkleVUL | VULN | Stacks: 3 | Value: 0.120 | Remaining Turns: 2 | TickDown: SUS, END | Target: SUS | Affects: ['ALL']
        WarriorGoddessHealSPD | SPD% | Stacks: 1 | Value: 0.060 | Remaining Turns: 2 | TickDown: SUS, START | Target: SUS | Affects: ['ALL']
        WarriorGoddessHealCD | CD% | Stacks: 1 | Value: 0.150 | Remaining Turns: 2 | TickDown: SUS, START | Target: SUS | Affects: ['ALL']
        SparkleUltVUL | VULN | Stacks: 1 | Value: 0.180 | Remaining Turns: 2 | TickDown: SUS, END | Target: SUS | Affects: ['ALL']
        RinTalentCD | CD% | Stacks: 1 | Value: 0.700 | Remaining Turns: 1 | TickDown: SUS, END | Target: SUS | Affects: ['ALL']
        ----------End of Buff List----------
        ----------Enemy Debuffs----------
        HuohuoTechniqueDebuff | From: SUS | ATK_REDUCTION | Stacks: 1 | Value: 0.250 | Remaining Turns: 1 | Target: 1 | Targeting: ST | Affects: ['SPECIAL'] | DOT: False | Blast: False
        RinTohsakaUltVuln | From: SUP1 | VULN | Stacks: 1 | Value: 0.200 | Remaining Turns: 2 | Target: 1 | Targeting: AOE | Affects: ['ALL'] | DOT: False | Blast: False
        ----------End of Debuff List----------
        ----------Healing List----------
        ----------End of Healing List----------
        ----------Shields List----------
        ----------End of Shields List----------
    GAUGE  - Enemy 1 toughness reduced by 0.000
    RESULT - HuoHuoAllyERR | HuoHuo | SUS | DMG: 0.000 | ELADMG: 0.000 | Enemies Hit: [1] | Enemies Broken: [] | WB DMG: 0.000 | Energy: 1.354 | Amount HP Healed: 0.000 | Amount HP Lost: 0.000 | HuoHuo Energy: 22/140 | SP: 3 | MaxSP: 11)
    TURN   - RinTohsakaJointAttack | RinTohsaka | SUP1 | AOE attack | ['QUA'] | ['FUA'] | Scaling: ATK | TargetID: 1 | DMG/BREAK Splits: [3.0, 0]/[20, 0] | Energy Gained: 10 | SP Change: 4

        ----------Char Buffs----------
        CalculusATK | ATK% | Stacks: 1 | Value: 0.120 | Remaining Turns: 1 | TickDown: SUP1, PERM | Target: SUP1 | Affects: ['ALL']
        GeniusDMG | DMG% | Stacks: 1 | Value: 0.100 | Remaining Turns: 1 | TickDown: SUP1, PERM | Target: SUP1 | Affects: ['ALL']
        GeniusSHRED | SHRED | Stacks: 1 | Value: 0.200 | Remaining Turns: 1 | TickDown: SUP1, PERM | Target: SUP1 | Affects: ['ALL']
        RutilantCR | CR% | Stacks: 1 | Value: 0.080 | Remaining Turns: 1 | TickDown: SUP1, PERM | Target: SUP1 | Affects: ['ALL']
        RinTohsakaTraceCD | CD% | Stacks: 1 | Value: 0.373 | Remaining Turns: 1 | TickDown: SUP1, PERM | Target: SUP1 | Affects: ['ALL']
        RinTohsakaTraceATK | ATK% | Stacks: 1 | Value: 0.180 | Remaining Turns: 1 | TickDown: SUP1, PERM | Target: SUP1 | Affects: ['ALL']
        RinTohsakaTraceDMG | DMG% | Stacks: 1 | Value: 0.080 | Remaining Turns: 1 | TickDown: SUP1, PERM | Target: SUP1 | Affects: ['ALL']
        RinTohsakaTrace1ATK | ATK% | Stacks: 1 | Value: 1.500 | Remaining Turns: 1 | TickDown: SUP1, PERM | Target: SUP1 | Affects: ['ALL']
        RinTohsakaTrace1PEN | QUAPEN | Stacks: 1 | Value: 0.150 | Remaining Turns: 1 | TickDown: SUP1, PERM | Target: SUP1 | Affects: ['ALL']
        EnhancedSkillSPD | SPD% | Stacks: 1 | Value: 0.200 | Remaining Turns: 1 | TickDown: SUP1, END | Target: SUP1 | Affects: ['ALL']
        KeelCD(SUP2) | CD% | Stacks: 1 | Value: 0.100 | Remaining Turns: 1 | TickDown: SUP1, PERM | Target: SUP1 | Affects: ['ALL']
        SparkleTeamATK | ATK% | Stacks: 1 | Value: 0.450 | Remaining Turns: 1 | TickDown: SUP1, PERM | Target: SUP1 | Affects: ['ALL']
        KeelCD(SUS) | CD% | Stacks: 1 | Value: 0.100 | Remaining Turns: 1 | TickDown: SUP1, PERM | Target: SUP1 | Affects: ['ALL']
        CalculusHitATK | ATK% | Stacks: 1 | Value: 0.080 | Remaining Turns: 1 | TickDown: SUP1, PERM | Target: SUP1 | Affects: ['ALL']
        TalentCD | CD% | Stacks: 1 | Value: 0.700 | Remaining Turns: 1 | TickDown: SUP1, END | Target: SUP1 | Affects: ['ALL']
        SparkleVUL | VULN | Stacks: 3 | Value: 0.120 | Remaining Turns: 2 | TickDown: SUP1, END | Target: SUP1 | Affects: ['ALL']
        WarriorGoddessHealCD | CD% | Stacks: 1 | Value: 0.150 | Remaining Turns: 2 | TickDown: SUP1, START | Target: SUP1 | Affects: ['ALL']
        SparkleUltVUL | VULN | Stacks: 1 | Value: 0.180 | Remaining Turns: 2 | TickDown: SUP1, END | Target: SUP1 | Affects: ['ALL']
        HuoHuoUltATK | ATK% | Stacks: 1 | Value: 0.400 | Remaining Turns: 1 | TickDown: SUP1, END | Target: SUP1 | Affects: ['ALL']
        HuoHuoUltExtraATK | ATK% | Stacks: 1 | Value: 0.240 | Remaining Turns: 1 | TickDown: SUP1, END | Target: SUP1 | Affects: ['ALL']
        ----------End of Buff List----------
        ----------Enemy Debuffs----------
        HuohuoTechniqueDebuff | From: SUS | ATK_REDUCTION | Stacks: 1 | Value: 0.250 | Remaining Turns: 1 | Target: 1 | Targeting: ST | Affects: ['SPECIAL'] | DOT: False | Blast: False
        RinTohsakaUltVuln | From: SUP1 | VULN | Stacks: 1 | Value: 0.200 | Remaining Turns: 2 | Target: 1 | Targeting: AOE | Affects: ['ALL'] | DOT: False | Blast: False
        ----------End of Debuff List----------
        ----------Healing List----------
        ----------End of Healing List----------
        ----------Shields List----------
        ----------End of Shields List----------
    GAUGE  - Enemy 0 toughness reduced by 20.000
    GAUGE  - Enemy 1 toughness reduced by 20.000
    GAUGE  - Enemy 2 toughness reduced by 20.000
    RESULT - RinTohsakaJointAttack | RinTohsaka | SUP1 | DMG: 191723.891 | ELADMG: 0.000 | Enemies Hit: [0, 1, 2] | Enemies Broken: [] | WB DMG: 0.000 | Energy: 10.000 | Amount HP Healed: 0.000 | Amount HP Lost: 0.000 | RinTohsaka Energy: 40/160 | SP: 7 | MaxSP: 11)
Rin has obtained 4 Gem Energy from SP and now has 52 Gem Energy
ERR    > 1.294 energy added to Sparkle from SparkleTalentERR | Sparkle Energy: 92.760
ACTION > [CIRCUIT] TotalAV: 125.241 | Archer | circuit skill use 4
CIRCUIT > Archer Circuit skill use 4/5
    TURN   - ArcherSkill | Archer | DPS | ST attack | ['QUA'] | ['SKL'] | Scaling: ATK | TargetID: 1 | DMG/BREAK Splits: [3.6, 0]/[20, 0] | Energy Gained: 30 | SP Change: -2

        ----------Char Buffs----------
        IdealsBurnCR | CR% | Stacks: 1 | Value: 0.160 | Remaining Turns: 1 | TickDown: DPS, PERM | Target: DPS | Affects: ['ALL']
        IdealsBurnATK | ATK% | Stacks: 1 | Value: 0.400 | Remaining Turns: 1 | TickDown: DPS, PERM | Target: DPS | Affects: ['ALL']
        GeniusDMG | DMG% | Stacks: 1 | Value: 0.100 | Remaining Turns: 1 | TickDown: DPS, PERM | Target: DPS | Affects: ['ALL']
        GeniusSHRED | SHRED | Stacks: 1 | Value: 0.200 | Remaining Turns: 1 | TickDown: DPS, PERM | Target: DPS | Affects: ['ALL']
        TengokuCD | CD% | Stacks: 1 | Value: 0.160 | Remaining Turns: 1 | TickDown: DPS, PERM | Target: DPS | Affects: ['ALL']
        ArcherTraceCR | CD% | Stacks: 1 | Value: 0.067 | Remaining Turns: 1 | TickDown: DPS, PERM | Target: DPS | Affects: ['ALL']
        ArcherTraceATK | ATK% | Stacks: 1 | Value: 0.180 | Remaining Turns: 1 | TickDown: DPS, PERM | Target: DPS | Affects: ['ALL']
        ArcherTraceDMG | DMG% | Stacks: 1 | Value: 0.224 | Remaining Turns: 1 | TickDown: DPS, PERM | Target: DPS | Affects: ['ALL']
        KeelCD(SUP2) | CD% | Stacks: 1 | Value: 0.100 | Remaining Turns: 1 | TickDown: DPS, PERM | Target: DPS | Affects: ['ALL']
        SparkleTeamATK | ATK% | Stacks: 1 | Value: 0.450 | Remaining Turns: 1 | TickDown: DPS, PERM | Target: DPS | Affects: ['ALL']
        KeelCD(SUS) | CD% | Stacks: 1 | Value: 0.100 | Remaining Turns: 1 | TickDown: DPS, PERM | Target: DPS | Affects: ['ALL']
        RinTohsakaAllyTrace1ATK | ATK% | Stacks: 1 | Value: 1.500 | Remaining Turns: 1 | TickDown: DPS, PERM | Target: DPS | Affects: ['ALL']
        RinTohsakaAllyTrace1PEN | QUAPEN | Stacks: 1 | Value: 0.150 | Remaining Turns: 1 | TickDown: DPS, PERM | Target: DPS | Affects: ['ALL']
        SparkleVUL | VULN | Stacks: 3 | Value: 0.120 | Remaining Turns: 2 | TickDown: DPS, END | Target: DPS | Affects: ['ALL']
        RinTalentCD | CD% | Stacks: 1 | Value: 0.700 | Remaining Turns: 2 | TickDown: DPS, END | Target: DPS | Affects: ['ALL']
        SacerdosCDSUP2 | CD% | Stacks: 2 | Value: 0.360 | Remaining Turns: 2 | TickDown: DPS, END | Target: DPS | Affects: ['ALL']
        SparkleCD | CD% | Stacks: 1 | Value: 1.175 | Remaining Turns: 2 | TickDown: DPS, END | Target: DPS | Affects: ['ALL']
        SparklePEN | PEN | Stacks: 1 | Value: 0.100 | Remaining Turns: 2 | TickDown: DPS, END | Target: DPS | Affects: ['ALL']
        WarriorGoddessHealCD | CD% | Stacks: 1 | Value: 0.150 | Remaining Turns: 2 | TickDown: DPS, START | Target: DPS | Affects: ['ALL']
        SparkleUltVUL | VULN | Stacks: 1 | Value: 0.180 | Remaining Turns: 2 | TickDown: DPS, END | Target: DPS | Affects: ['ALL']
        IdealsBurnSKLATK | ATK% | Stacks: 1 | Value: 0.400 | Remaining Turns: 1 | TickDown: DPS, PERM | Target: DPS | Affects: ['ALL']
        TengokuSPArcherCD | CD% | Stacks: 1 | Value: 0.320 | Remaining Turns: 3 | TickDown: DPS, END | Target: DPS | Affects: ['ALL']
        HuoHuoUltATK | ATK% | Stacks: 1 | Value: 0.400 | Remaining Turns: 2 | TickDown: DPS, END | Target: DPS | Affects: ['ALL']
        HuoHuoUltExtraATK | ATK% | Stacks: 1 | Value: 0.240 | Remaining Turns: 2 | TickDown: DPS, END | Target: DPS | Affects: ['ALL']
        Trace3CD | CD% | Stacks: 1 | Value: 1.200 | Remaining Turns: 1 | TickDown: DPS, END | Target: DPS | Affects: ['ALL']
        BattleIsntOverDMGRole.SUP2 | DMG% | Stacks: 1 | Value: 0.300 | Remaining Turns: 1 | TickDown: DPS, END | Target: DPS | Affects: ['ALL']
        SkillDmg | DMG% | Stacks: 2 | Value: 2.000 | Remaining Turns: 1 | TickDown: DPS, START | Target: DPS | Affects: ['SKL']
        ----------End of Buff List----------
        ----------Enemy Debuffs----------
        HuohuoTechniqueDebuff | From: SUS | ATK_REDUCTION | Stacks: 1 | Value: 0.250 | Remaining Turns: 1 | Target: 1 | Targeting: ST | Affects: ['SPECIAL'] | DOT: False | Blast: False
        RinTohsakaUltVuln | From: SUP1 | VULN | Stacks: 1 | Value: 0.200 | Remaining Turns: 2 | Target: 1 | Targeting: AOE | Affects: ['ALL'] | DOT: False | Blast: False
        ----------End of Debuff List----------
        ----------Healing List----------
        ----------End of Healing List----------
        ----------Shields List----------
        ----------End of Shields List----------
    KILL   - Archer killed Enemy 1 (overkill: 240373.6)
    SPAWN  - Enemy 1 respawned at full HP, AV set to 0
    GAUGE  - Enemy 1 toughness reduced by 20.000
    RESULT - ArcherSkill | Archer | DPS | DMG: 533496.179 | ELADMG: 0.000 | Enemies Hit: [1] | Enemies Broken: [] | WB DMG: 0.000 | Energy: 30.000 | Amount HP Healed: 0.000 | Amount HP Lost: 0.000 | Archer Energy: 220/220 | SP: 5 | MaxSP: 11)
Rin has obtained 2 Gem Energy from SP and now has 54 Gem Energy
ERR    > 1.294 energy added to Sparkle from SparkleTalentERR | Sparkle Energy: 94.055
ULT    > Archer used their ultimate
Archer Obtained 2 FUA Charge
    TURN   - ArcherUlt | Archer | DPS | ST attack | ['QUA'] | ['ULT'] | Scaling: ATK | TargetID: 1 | DMG/BREAK Splits: [10.0, 0]/[30, 0] | Energy Gained: 5 | SP Change: 0

        ----------Char Buffs----------
        IdealsBurnCR | CR% | Stacks: 1 | Value: 0.160 | Remaining Turns: 1 | TickDown: DPS, PERM | Target: DPS | Affects: ['ALL']
        IdealsBurnATK | ATK% | Stacks: 1 | Value: 0.400 | Remaining Turns: 1 | TickDown: DPS, PERM | Target: DPS | Affects: ['ALL']
        GeniusDMG | DMG% | Stacks: 1 | Value: 0.100 | Remaining Turns: 1 | TickDown: DPS, PERM | Target: DPS | Affects: ['ALL']
        GeniusSHRED | SHRED | Stacks: 1 | Value: 0.200 | Remaining Turns: 1 | TickDown: DPS, PERM | Target: DPS | Affects: ['ALL']
        TengokuCD | CD% | Stacks: 1 | Value: 0.160 | Remaining Turns: 1 | TickDown: DPS, PERM | Target: DPS | Affects: ['ALL']
        ArcherTraceCR | CD% | Stacks: 1 | Value: 0.067 | Remaining Turns: 1 | TickDown: DPS, PERM | Target: DPS | Affects: ['ALL']
        ArcherTraceATK | ATK% | Stacks: 1 | Value: 0.180 | Remaining Turns: 1 | TickDown: DPS, PERM | Target: DPS | Affects: ['ALL']
        ArcherTraceDMG | DMG% | Stacks: 1 | Value: 0.224 | Remaining Turns: 1 | TickDown: DPS, PERM | Target: DPS | Affects: ['ALL']
        KeelCD(SUP2) | CD% | Stacks: 1 | Value: 0.100 | Remaining Turns: 1 | TickDown: DPS, PERM | Target: DPS | Affects: ['ALL']
        SparkleTeamATK | ATK% | Stacks: 1 | Value: 0.450 | Remaining Turns: 1 | TickDown: DPS, PERM | Target: DPS | Affects: ['ALL']
        KeelCD(SUS) | CD% | Stacks: 1 | Value: 0.100 | Remaining Turns: 1 | TickDown: DPS, PERM | Target: DPS | Affects: ['ALL']
        RinTohsakaAllyTrace1ATK | ATK% | Stacks: 1 | Value: 1.500 | Remaining Turns: 1 | TickDown: DPS, PERM | Target: DPS | Affects: ['ALL']
        RinTohsakaAllyTrace1PEN | QUAPEN | Stacks: 1 | Value: 0.150 | Remaining Turns: 1 | TickDown: DPS, PERM | Target: DPS | Affects: ['ALL']
        SparkleVUL | VULN | Stacks: 3 | Value: 0.120 | Remaining Turns: 2 | TickDown: DPS, END | Target: DPS | Affects: ['ALL']
        RinTalentCD | CD% | Stacks: 1 | Value: 0.700 | Remaining Turns: 2 | TickDown: DPS, END | Target: DPS | Affects: ['ALL']
        SacerdosCDSUP2 | CD% | Stacks: 2 | Value: 0.360 | Remaining Turns: 2 | TickDown: DPS, END | Target: DPS | Affects: ['ALL']
        SparkleCD | CD% | Stacks: 1 | Value: 1.175 | Remaining Turns: 2 | TickDown: DPS, END | Target: DPS | Affects: ['ALL']
        SparklePEN | PEN | Stacks: 1 | Value: 0.100 | Remaining Turns: 2 | TickDown: DPS, END | Target: DPS | Affects: ['ALL']
        WarriorGoddessHealCD | CD% | Stacks: 1 | Value: 0.150 | Remaining Turns: 2 | TickDown: DPS, START | Target: DPS | Affects: ['ALL']
        SparkleUltVUL | VULN | Stacks: 1 | Value: 0.180 | Remaining Turns: 2 | TickDown: DPS, END | Target: DPS | Affects: ['ALL']
        IdealsBurnSKLATK | ATK% | Stacks: 1 | Value: 0.400 | Remaining Turns: 1 | TickDown: DPS, PERM | Target: DPS | Affects: ['ALL']
        TengokuSPArcherCD | CD% | Stacks: 1 | Value: 0.320 | Remaining Turns: 3 | TickDown: DPS, END | Target: DPS | Affects: ['ALL']
        HuoHuoUltATK | ATK% | Stacks: 1 | Value: 0.400 | Remaining Turns: 2 | TickDown: DPS, END | Target: DPS | Affects: ['ALL']
        HuoHuoUltExtraATK | ATK% | Stacks: 1 | Value: 0.240 | Remaining Turns: 2 | TickDown: DPS, END | Target: DPS | Affects: ['ALL']
        Trace3CD | CD% | Stacks: 1 | Value: 1.200 | Remaining Turns: 1 | TickDown: DPS, END | Target: DPS | Affects: ['ALL']
        BattleIsntOverDMGRole.SUP2 | DMG% | Stacks: 1 | Value: 0.300 | Remaining Turns: 1 | TickDown: DPS, END | Target: DPS | Affects: ['ALL']
        ----------End of Buff List----------
        ----------Enemy Debuffs----------
        HuohuoTechniqueDebuff | From: SUS | ATK_REDUCTION | Stacks: 1 | Value: 0.250 | Remaining Turns: 1 | Target: 1 | Targeting: ST | Affects: ['SPECIAL'] | DOT: False | Blast: False
        RinTohsakaUltVuln | From: SUP1 | VULN | Stacks: 1 | Value: 0.200 | Remaining Turns: 2 | Target: 1 | Targeting: AOE | Affects: ['ALL'] | DOT: False | Blast: False
        ----------End of Debuff List----------
        ----------Healing List----------
        ----------End of Healing List----------
        ----------Shields List----------
        ----------End of Shields List----------
    GAUGE  - Enemy 1 toughness reduced by 30.000
    RESULT - ArcherUlt | Archer | DPS | DMG: 743330.999 | ELADMG: 0.000 | Enemies Hit: [1] | Enemies Broken: [] | WB DMG: 0.000 | Energy: 5.000 | Amount HP Healed: 0.000 | Amount HP Lost: 0.000 | Archer Energy: 5/220 | SP: 5 | MaxSP: 11)
ACTION > [CIRCUIT] TotalAV: 125.241 | Archer | circuit skill use 5
CIRCUIT > Archer Circuit skill use 5/5
CIRCUIT > Archer exited Circuit Connection state
    TURN   - ArcherSkill | Archer | DPS | ST attack | ['QUA'] | ['SKL'] | Scaling: ATK | TargetID: 1 | DMG/BREAK Splits: [3.6, 0]/[20, 0] | Energy Gained: 30 | SP Change: -2

        ----------Char Buffs----------
        IdealsBurnCR | CR% | Stacks: 1 | Value: 0.160 | Remaining Turns: 1 | TickDown: DPS, PERM | Target: DPS | Affects: ['ALL']
        IdealsBurnATK | ATK% | Stacks: 1 | Value: 0.400 | Remaining Turns: 1 | TickDown: DPS, PERM | Target: DPS | Affects: ['ALL']
        GeniusDMG | DMG% | Stacks: 1 | Value: 0.100 | Remaining Turns: 1 | TickDown: DPS, PERM | Target: DPS | Affects: ['ALL']
        GeniusSHRED | SHRED | Stacks: 1 | Value: 0.200 | Remaining Turns: 1 | TickDown: DPS, PERM | Target: DPS | Affects: ['ALL']
        TengokuCD | CD% | Stacks: 1 | Value: 0.160 | Remaining Turns: 1 | TickDown: DPS, PERM | Target: DPS | Affects: ['ALL']
        ArcherTraceCR | CD% | Stacks: 1 | Value: 0.067 | Remaining Turns: 1 | TickDown: DPS, PERM | Target: DPS | Affects: ['ALL']
        ArcherTraceATK | ATK% | Stacks: 1 | Value: 0.180 | Remaining Turns: 1 | TickDown: DPS, PERM | Target: DPS | Affects: ['ALL']
        ArcherTraceDMG | DMG% | Stacks: 1 | Value: 0.224 | Remaining Turns: 1 | TickDown: DPS, PERM | Target: DPS | Affects: ['ALL']
        KeelCD(SUP2) | CD% | Stacks: 1 | Value: 0.100 | Remaining Turns: 1 | TickDown: DPS, PERM | Target: DPS | Affects: ['ALL']
        SparkleTeamATK | ATK% | Stacks: 1 | Value: 0.450 | Remaining Turns: 1 | TickDown: DPS, PERM | Target: DPS | Affects: ['ALL']
        KeelCD(SUS) | CD% | Stacks: 1 | Value: 0.100 | Remaining Turns: 1 | TickDown: DPS, PERM | Target: DPS | Affects: ['ALL']
        RinTohsakaAllyTrace1ATK | ATK% | Stacks: 1 | Value: 1.500 | Remaining Turns: 1 | TickDown: DPS, PERM | Target: DPS | Affects: ['ALL']
        RinTohsakaAllyTrace1PEN | QUAPEN | Stacks: 1 | Value: 0.150 | Remaining Turns: 1 | TickDown: DPS, PERM | Target: DPS | Affects: ['ALL']
        SparkleVUL | VULN | Stacks: 3 | Value: 0.120 | Remaining Turns: 2 | TickDown: DPS, END | Target: DPS | Affects: ['ALL']
        RinTalentCD | CD% | Stacks: 1 | Value: 0.700 | Remaining Turns: 2 | TickDown: DPS, END | Target: DPS | Affects: ['ALL']
        SacerdosCDSUP2 | CD% | Stacks: 2 | Value: 0.360 | Remaining Turns: 2 | TickDown: DPS, END | Target: DPS | Affects: ['ALL']
        SparkleCD | CD% | Stacks: 1 | Value: 1.175 | Remaining Turns: 2 | TickDown: DPS, END | Target: DPS | Affects: ['ALL']
        SparklePEN | PEN | Stacks: 1 | Value: 0.100 | Remaining Turns: 2 | TickDown: DPS, END | Target: DPS | Affects: ['ALL']
        WarriorGoddessHealCD | CD% | Stacks: 1 | Value: 0.150 | Remaining Turns: 2 | TickDown: DPS, START | Target: DPS | Affects: ['ALL']
        SparkleUltVUL | VULN | Stacks: 1 | Value: 0.180 | Remaining Turns: 2 | TickDown: DPS, END | Target: DPS | Affects: ['ALL']
        IdealsBurnSKLATK | ATK% | Stacks: 1 | Value: 0.400 | Remaining Turns: 1 | TickDown: DPS, PERM | Target: DPS | Affects: ['ALL']
        TengokuSPArcherCD | CD% | Stacks: 1 | Value: 0.320 | Remaining Turns: 3 | TickDown: DPS, END | Target: DPS | Affects: ['ALL']
        HuoHuoUltATK | ATK% | Stacks: 1 | Value: 0.400 | Remaining Turns: 2 | TickDown: DPS, END | Target: DPS | Affects: ['ALL']
        HuoHuoUltExtraATK | ATK% | Stacks: 1 | Value: 0.240 | Remaining Turns: 2 | TickDown: DPS, END | Target: DPS | Affects: ['ALL']
        Trace3CD | CD% | Stacks: 1 | Value: 1.200 | Remaining Turns: 1 | TickDown: DPS, END | Target: DPS | Affects: ['ALL']
        BattleIsntOverDMGRole.SUP2 | DMG% | Stacks: 1 | Value: 0.300 | Remaining Turns: 1 | TickDown: DPS, END | Target: DPS | Affects: ['ALL']
        SkillDmg | DMG% | Stacks: 2 | Value: 2.000 | Remaining Turns: 1 | TickDown: DPS, START | Target: DPS | Affects: ['SKL']
        ----------End of Buff List----------
        ----------Enemy Debuffs----------
        HuohuoTechniqueDebuff | From: SUS | ATK_REDUCTION | Stacks: 1 | Value: 0.250 | Remaining Turns: 1 | Target: 1 | Targeting: ST | Affects: ['SPECIAL'] | DOT: False | Blast: False
        RinTohsakaUltVuln | From: SUP1 | VULN | Stacks: 1 | Value: 0.200 | Remaining Turns: 2 | Target: 1 | Targeting: AOE | Affects: ['ALL'] | DOT: False | Blast: False
        ----------End of Debuff List----------
        ----------Healing List----------
        ----------End of Healing List----------
        ----------Shields List----------
        ----------End of Shields List----------
    GAUGE  - Enemy 1 toughness reduced by 20.000
    RESULT - ArcherSkill | Archer | DPS | DMG: 533496.179 | ELADMG: 0.000 | Enemies Hit: [1] | Enemies Broken: [1] | WB DMG: 9243.898 | Energy: 30.000 | Amount HP Healed: 0.000 | Amount HP Lost: 0.000 | Archer Energy: 35/220 | SP: 3 | MaxSP: 11)
Rin has obtained 2 Gem Energy from SP and now has 56 Gem Energy
ERR    > 1.294 energy added to Sparkle from SparkleTalentERR | Sparkle Energy: 95.349
        Buff Trace3CD expired
        Buff BattleIsntOverDMGRole.SUP2 expired
SPD    > RinTohsaka speed changed to 182.152 | NewAV: 45.948
AV     > Archer AV reset to 95.602 | 104.600 SPD
DELAY  > Enemy 1 delayed by 25.0% from STDBreakDelay | NewAV: 46.686
DELAY  > Enemy 1 delayed by 22.3% from QUA-break | NewAV: 60.785

<<< NEW TURN >>>
-   HuoHuo AV: 0.000 ENERGY: 21.670 MaxHP: 6139.808 CurrHp 5878.874 ShieldHP: 0.000
-   Enemy 2 AV: 26.935 ENERGY: 0.000 MaxHP: 2000000.000 CurrHp 1421071.994 ShieldHP: 0.000
-   Enemy 0 AV: 26.935 ENERGY: 0.000 MaxHP: 2000000.000 CurrHp 1421071.994 ShieldHP: 0.000
-   RinTohsaka AV: 44.278 ENERGY: 40.000 MaxHP: 3051.570 CurrHp 3051.570 ShieldHP: 0.000
-   Enemy 1 AV: 59.115 ENERGY: 0.000 MaxHP: 5000000.000 CurrHp 3723172.822 ShieldHP: 0.000
-   Sparkle AV: 60.951 ENERGY: 95.349 MaxHP: 4358.742 CurrHp 3512.978 ShieldHP: 0.000
-   Archer AV: 93.932 ENERGY: 35.000 MaxHP: 3063.425 CurrHp 2847.347 ShieldHP: 0.000

Combat context set: 3 enemies, 4 players
Combat context initialized: 3 enemies, Elation team size: 0
ACTION > [CHAR] TotalAV: 126.911 | TurnAV: 1.670 | HuoHuo | A-move
    TURN   - HuoHuoBasic | HuoHuo | SUS | ST attack | ['WIN'] | ['BSC'] | Scaling: HP | TargetID: 1 | DMG/BREAK Splits: [0.5, 0]/[10, 0] | Energy Gained: 20 | SP Change: 1

        ----------Char Buffs----------
        KeelCD(SUP2) | CD% | Stacks: 1 | Value: 0.100 | Remaining Turns: 1 | TickDown: SUS, PERM | Target: SUS | Affects: ['ALL']
        SparkleTeamATK | ATK% | Stacks: 1 | Value: 0.450 | Remaining Turns: 1 | TickDown: SUS, PERM | Target: SUS | Affects: ['ALL']
        PostOpERR | ERR% | Stacks: 1 | Value: 0.160 | Remaining Turns: 1 | TickDown: SUS, PERM | Target: SUS | Affects: ['ALL']
        WarriorGoddessSPD | SPD% | Stacks: 1 | Value: 0.060 | Remaining Turns: 1 | TickDown: SUS, PERM | Target: SUS | Affects: ['ALL']
        KeelEFFRES | ERS% | Stacks: 1 | Value: 0.100 | Remaining Turns: 1 | TickDown: SUS, PERM | Target: SUS | Affects: ['ALL']
        KeelCD(SUS) | CD% | Stacks: 1 | Value: 0.100 | Remaining Turns: 1 | TickDown: SUS, PERM | Target: SUS | Affects: ['ALL']
        HHTraceHP | HP% | Stacks: 1 | Value: 0.280 | Remaining Turns: 1 | TickDown: SUS, PERM | Target: SUS | Affects: ['ALL']
        HHTraceERS | ERS% | Stacks: 1 | Value: 0.180 | Remaining Turns: 1 | TickDown: SUS, PERM | Target: SUS | Affects: ['ALL']
        HHTraceSPD | SPD | Stacks: 1 | Value: 5.000 | Remaining Turns: 1 | TickDown: SUS, PERM | Target: SUS | Affects: ['ALL']
        SparkleVUL | VULN | Stacks: 3 | Value: 0.120 | Remaining Turns: 2 | TickDown: SUS, END | Target: SUS | Affects: ['ALL']
        WarriorGoddessHealSPD | SPD% | Stacks: 1 | Value: 0.060 | Remaining Turns: 1 | TickDown: SUS, START | Target: SUS | Affects: ['ALL']
        WarriorGoddessHealCD | CD% | Stacks: 1 | Value: 0.150 | Remaining Turns: 1 | TickDown: SUS, START | Target: SUS | Affects: ['ALL']
        SparkleUltVUL | VULN | Stacks: 1 | Value: 0.180 | Remaining Turns: 2 | TickDown: SUS, END | Target: SUS | Affects: ['ALL']
        RinTalentCD | CD% | Stacks: 1 | Value: 0.700 | Remaining Turns: 1 | TickDown: SUS, END | Target: SUS | Affects: ['ALL']
        ----------End of Buff List----------
        ----------Enemy Debuffs----------
        HuohuoTechniqueDebuff | From: SUS | ATK_REDUCTION | Stacks: 1 | Value: 0.250 | Remaining Turns: 1 | Target: 1 | Targeting: ST | Affects: ['SPECIAL'] | DOT: False | Blast: False
        RinTohsakaUltVuln | From: SUP1 | VULN | Stacks: 1 | Value: 0.200 | Remaining Turns: 2 | Target: 1 | Targeting: AOE | Affects: ['ALL'] | DOT: False | Blast: False
        Enemy 1 QUA-break | From: DPS | ENTANGLE | Stacks: 1 | Value: 34076.706 | Remaining Turns: 1 | Target: 1 | Targeting: ST | Affects: ['ALL'] | DOT: False | Blast: False
        ----------End of Debuff List----------
        ----------Healing List----------
        ----------End of Healing List----------
        ----------Shields List----------
        ----------End of Shields List----------
    GAUGE  - Enemy 1 toughness reduced by 0.000
    RESULT - HuoHuoBasic | HuoHuo | SUS | DMG: 2022.762 | ELADMG: 0.000 | Enemies Hit: [1] | Enemies Broken: [] | WB DMG: 0.000 | Energy: 27.088 | Amount HP Healed: 0.000 | Amount HP Lost: 0.000 | HuoHuo Energy: 49/140 | SP: 4 | MaxSP: 11)
Rin has obtained 1 Gem Energy from SP and now has 57 Gem Energy
    TURN   - ArcherFUA | Archer | DPS | ST attack | ['QUA'] | ['FUA'] | Scaling: ATK | TargetID: 1 | DMG/BREAK Splits: [2.0, 0]/[10, 0] | Energy Gained: 5 | SP Change: 1

        ----------Char Buffs----------
        IdealsBurnCR | CR% | Stacks: 1 | Value: 0.160 | Remaining Turns: 1 | TickDown: DPS, PERM | Target: DPS | Affects: ['ALL']
        IdealsBurnATK | ATK% | Stacks: 1 | Value: 0.400 | Remaining Turns: 1 | TickDown: DPS, PERM | Target: DPS | Affects: ['ALL']
        GeniusDMG | DMG% | Stacks: 1 | Value: 0.100 | Remaining Turns: 1 | TickDown: DPS, PERM | Target: DPS | Affects: ['ALL']
        GeniusSHRED | SHRED | Stacks: 1 | Value: 0.200 | Remaining Turns: 1 | TickDown: DPS, PERM | Target: DPS | Affects: ['ALL']
        TengokuCD | CD% | Stacks: 1 | Value: 0.160 | Remaining Turns: 1 | TickDown: DPS, PERM | Target: DPS | Affects: ['ALL']
        ArcherTraceCR | CD% | Stacks: 1 | Value: 0.067 | Remaining Turns: 1 | TickDown: DPS, PERM | Target: DPS | Affects: ['ALL']
        ArcherTraceATK | ATK% | Stacks: 1 | Value: 0.180 | Remaining Turns: 1 | TickDown: DPS, PERM | Target: DPS | Affects: ['ALL']
        ArcherTraceDMG | DMG% | Stacks: 1 | Value: 0.224 | Remaining Turns: 1 | TickDown: DPS, PERM | Target: DPS | Affects: ['ALL']
        KeelCD(SUP2) | CD% | Stacks: 1 | Value: 0.100 | Remaining Turns: 1 | TickDown: DPS, PERM | Target: DPS | Affects: ['ALL']
        SparkleTeamATK | ATK% | Stacks: 1 | Value: 0.450 | Remaining Turns: 1 | TickDown: DPS, PERM | Target: DPS | Affects: ['ALL']
        KeelCD(SUS) | CD% | Stacks: 1 | Value: 0.100 | Remaining Turns: 1 | TickDown: DPS, PERM | Target: DPS | Affects: ['ALL']
        RinTohsakaAllyTrace1ATK | ATK% | Stacks: 1 | Value: 1.500 | Remaining Turns: 1 | TickDown: DPS, PERM | Target: DPS | Affects: ['ALL']
        RinTohsakaAllyTrace1PEN | QUAPEN | Stacks: 1 | Value: 0.150 | Remaining Turns: 1 | TickDown: DPS, PERM | Target: DPS | Affects: ['ALL']
        SparkleVUL | VULN | Stacks: 3 | Value: 0.120 | Remaining Turns: 1 | TickDown: DPS, END | Target: DPS | Affects: ['ALL']
        RinTalentCD | CD% | Stacks: 1 | Value: 0.700 | Remaining Turns: 1 | TickDown: DPS, END | Target: DPS | Affects: ['ALL']
        SacerdosCDSUP2 | CD% | Stacks: 2 | Value: 0.360 | Remaining Turns: 1 | TickDown: DPS, END | Target: DPS | Affects: ['ALL']
        SparkleCD | CD% | Stacks: 1 | Value: 1.175 | Remaining Turns: 1 | TickDown: DPS, END | Target: DPS | Affects: ['ALL']
        SparklePEN | PEN | Stacks: 1 | Value: 0.100 | Remaining Turns: 1 | TickDown: DPS, END | Target: DPS | Affects: ['ALL']
        WarriorGoddessHealCD | CD% | Stacks: 1 | Value: 0.150 | Remaining Turns: 2 | TickDown: DPS, START | Target: DPS | Affects: ['ALL']
        SparkleUltVUL | VULN | Stacks: 1 | Value: 0.180 | Remaining Turns: 1 | TickDown: DPS, END | Target: DPS | Affects: ['ALL']
        IdealsBurnSKLATK | ATK% | Stacks: 1 | Value: 0.400 | Remaining Turns: 1 | TickDown: DPS, PERM | Target: DPS | Affects: ['ALL']
        TengokuSPArcherCD | CD% | Stacks: 1 | Value: 0.320 | Remaining Turns: 2 | TickDown: DPS, END | Target: DPS | Affects: ['ALL']
        HuoHuoUltATK | ATK% | Stacks: 1 | Value: 0.400 | Remaining Turns: 1 | TickDown: DPS, END | Target: DPS | Affects: ['ALL']
        HuoHuoUltExtraATK | ATK% | Stacks: 1 | Value: 0.240 | Remaining Turns: 1 | TickDown: DPS, END | Target: DPS | Affects: ['ALL']
        ----------End of Buff List----------
        ----------Enemy Debuffs----------
        HuohuoTechniqueDebuff | From: SUS | ATK_REDUCTION | Stacks: 1 | Value: 0.250 | Remaining Turns: 1 | Target: 1 | Targeting: ST | Affects: ['SPECIAL'] | DOT: False | Blast: False
        RinTohsakaUltVuln | From: SUP1 | VULN | Stacks: 1 | Value: 0.200 | Remaining Turns: 2 | Target: 1 | Targeting: AOE | Affects: ['ALL'] | DOT: False | Blast: False
        Enemy 1 QUA-break | From: DPS | ENTANGLE | Stacks: 1 | Value: 34076.706 | Remaining Turns: 1 | Target: 1 | Targeting: ST | Affects: ['ALL'] | DOT: False | Blast: False
        ----------End of Debuff List----------
        ----------Healing List----------
        ----------End of Healing List----------
        ----------Shields List----------
        ----------End of Shields List----------
    GAUGE  - Enemy 1 toughness reduced by 10.000
    RESULT - ArcherFUA | Archer | DPS | DMG: 114655.971 | ELADMG: 0.000 | Enemies Hit: [1] | Enemies Broken: [] | WB DMG: 0.000 | Energy: 5.000 | Amount HP Healed: 0.000 | Amount HP Lost: 0.000 | Archer Energy: 40/220 | SP: 5 | MaxSP: 11)
Rin has obtained 1 Gem Energy from SP and now has 58 Gem Energy
AV     > HuoHuo AV reset to 62.308 | 160.492 SPD

<<< NEW TURN >>>
-   Enemy 2 AV: 0.000 ENERGY: 0.000 MaxHP: 2000000.000 CurrHp 1421071.994 ShieldHP: 0.000
-   Enemy 0 AV: 0.000 ENERGY: 0.000 MaxHP: 2000000.000 CurrHp 1421071.994 ShieldHP: 0.000
-   RinTohsaka AV: 17.343 ENERGY: 40.000 MaxHP: 3051.570 CurrHp 3051.570 ShieldHP: 0.000
-   Enemy 1 AV: 32.180 ENERGY: 0.000 MaxHP: 5000000.000 CurrHp 3606494.089 ShieldHP: 0.000
-   Sparkle AV: 34.015 ENERGY: 95.349 MaxHP: 4358.742 CurrHp 3512.978 ShieldHP: 0.000
-   HuoHuo AV: 35.373 ENERGY: 48.758 MaxHP: 6139.808 CurrHp 5878.874 ShieldHP: 0.000
-   Archer AV: 66.997 ENERGY: 40.000 MaxHP: 3063.425 CurrHp 2847.347 ShieldHP: 0.000

Combat context set: 3 enemies, 4 players
Combat context initialized: 3 enemies, Elation team size: 0
ACTION > [ENEMY] TotalAV: 153.846 | TurnAV: 26.935 | Enemy 2 | 1 attacks
    CharEnergy - Archer: Hit 1.667 Total: 41.667 | RinTohsaka: Hit 8.333 Total: 48.333 | Sparkle: Hit 5.000 Total: 101.821 | HuoHuo: Hit 5.000 Total: 55.530 |
    ENEMY  - Enemy 2 [aoe] dealt 241.6 to Sparkle (energy: 3.3, DEF: 1413, atkMul: 0.75, dmgMul: 1.00) | Shield Absorbed: 0.0 | HP Lost: 241.6 | HP: 3271/4359 | Shield HP: 0
    ENEMY  - Enemy 2 [aoe] dealt 215.8 to RinTohsaka (energy: 3.3, DEF: 1720, atkMul: 0.75, dmgMul: 1.00) | Shield Absorbed: 0.0 | HP Lost: 215.8 | HP: 2836/3052 | Shield HP: 0
    ENEMY  - Enemy 2 [aoe] dealt 174.0 to HuoHuo (energy: 3.3, DEF: 2410, atkMul: 0.75, dmgMul: 1.00) | Shield Absorbed: 0.0 | HP Lost: 174.0 | HP: 5705/6140 | Shield HP: 0
    ENEMY  - Enemy 2 [aoe] dealt 87.2 to Archer (energy: 1.7, DEF: 2399, atkMul: 0.75, dmgMul: 1.00) | Shield Absorbed: 0.0 | HP Lost: 87.2 | HP: 2760/3063 | Shield HP: 0
    ENEMY  - Enemy 2 [aoe] dealt 107.9 to RinTohsaka (energy: 1.7, DEF: 1720, atkMul: 0.75, dmgMul: 1.00) | Shield Absorbed: 0.0 | HP Lost: 107.9 | HP: 2728/3052 | Shield HP: 0
    ENEMY  - Enemy 2 [aoe] dealt 120.8 to Sparkle (energy: 1.7, DEF: 1413, atkMul: 0.75, dmgMul: 1.00) | Shield Absorbed: 0.0 | HP Lost: 120.8 | HP: 3151/4359 | Shield HP: 0
    ENEMY  - Enemy 2 [aoe] dealt 87.0 to HuoHuo (energy: 1.7, DEF: 2410, atkMul: 0.75, dmgMul: 1.00) | Shield Absorbed: 0.0 | HP Lost: 87.0 | HP: 5618/6140 | Shield HP: 0
    ENEMY  - Enemy 2 [aoe] dealt 215.8 to RinTohsaka (energy: 3.3, DEF: 1720, atkMul: 0.75, dmgMul: 1.00) | Shield Absorbed: 0.0 | HP Lost: 215.8 | HP: 2512/3052 | Shield HP: 0
        Debuff HuohuoTechniqueDebuff expired
AV     > Enemy 2 AV reset to 76.923 | 130.000 SPD

<<< NEW TURN >>>
-   Enemy 0 AV: 0.000 ENERGY: 0.000 MaxHP: 2000000.000 CurrHp 1421071.994 ShieldHP: 0.000
-   RinTohsaka AV: 17.343 ENERGY: 48.333 MaxHP: 3051.570 CurrHp 2512.064 ShieldHP: 0.000
-   Enemy 1 AV: 32.180 ENERGY: 0.000 MaxHP: 5000000.000 CurrHp 3606494.089 ShieldHP: 0.000
-   Sparkle AV: 34.015 ENERGY: 101.821 MaxHP: 4358.742 CurrHp 3150.508 ShieldHP: 0.000
-   HuoHuo AV: 35.373 ENERGY: 55.530 MaxHP: 6139.808 CurrHp 5617.940 ShieldHP: 0.000
-   Archer AV: 66.997 ENERGY: 41.667 MaxHP: 3063.425 CurrHp 2760.108 ShieldHP: 0.000
-   Enemy 2 AV: 76.923 ENERGY: 0.000 MaxHP: 2000000.000 CurrHp 1421071.994 ShieldHP: 0.000

Combat context set: 3 enemies, 4 players
Combat context initialized: 3 enemies, Elation team size: 0
ACTION > [ENEMY] TotalAV: 153.846 | TurnAV: 0.000 | Enemy 0 | 1 attacks
    CharEnergy - Archer: Hit 1.667 Total: 43.333 | RinTohsaka: Hit 8.333 Total: 56.667 | Sparkle: Hit 5.000 Total: 108.293 | HuoHuo: Hit 5.000 Total: 62.302 |
    ENEMY  - Enemy 0 [aoe] dealt 241.6 to Sparkle (energy: 3.3, DEF: 1413, atkMul: 0.75, dmgMul: 1.00) | Shield Absorbed: 0.0 | HP Lost: 241.6 | HP: 2909/4359 | Shield HP: 0
    ENEMY  - Enemy 0 [aoe] dealt 215.8 to RinTohsaka (energy: 3.3, DEF: 1720, atkMul: 0.75, dmgMul: 1.00) | Shield Absorbed: 0.0 | HP Lost: 215.8 | HP: 2296/3052 | Shield HP: 0
    ENEMY  - Enemy 0 [aoe] dealt 174.0 to HuoHuo (energy: 3.3, DEF: 2410, atkMul: 0.75, dmgMul: 1.00) | Shield Absorbed: 0.0 | HP Lost: 174.0 | HP: 5444/6140 | Shield HP: 0
    ENEMY  - Enemy 0 [aoe] dealt 87.2 to Archer (energy: 1.7, DEF: 2399, atkMul: 0.75, dmgMul: 1.00) | Shield Absorbed: 0.0 | HP Lost: 87.2 | HP: 2673/3063 | Shield HP: 0
    ENEMY  - Enemy 0 [aoe] dealt 107.9 to RinTohsaka (energy: 1.7, DEF: 1720, atkMul: 0.75, dmgMul: 1.00) | Shield Absorbed: 0.0 | HP Lost: 107.9 | HP: 2188/3052 | Shield HP: 0
    ENEMY  - Enemy 0 [aoe] dealt 120.8 to Sparkle (energy: 1.7, DEF: 1413, atkMul: 0.75, dmgMul: 1.00) | Shield Absorbed: 0.0 | HP Lost: 120.8 | HP: 2788/4359 | Shield HP: 0
    ENEMY  - Enemy 0 [aoe] dealt 87.0 to HuoHuo (energy: 1.7, DEF: 2410, atkMul: 0.75, dmgMul: 1.00) | Shield Absorbed: 0.0 | HP Lost: 87.0 | HP: 5357/6140 | Shield HP: 0
    ENEMY  - Enemy 0 [aoe] dealt 215.8 to RinTohsaka (energy: 3.3, DEF: 1720, atkMul: 0.75, dmgMul: 1.00) | Shield Absorbed: 0.0 | HP Lost: 215.8 | HP: 1973/3052 | Shield HP: 0
        Debuff HuohuoTechniqueDebuff expired
AV     > Enemy 0 AV reset to 76.923 | 130.000 SPD

<<< NEW TURN >>>
-   RinTohsaka AV: 0.000 ENERGY: 56.667 MaxHP: 3051.570 CurrHp 1972.557 ShieldHP: 0.000
-   Enemy 1 AV: 14.837 ENERGY: 0.000 MaxHP: 5000000.000 CurrHp 3606494.089 ShieldHP: 0.000
-   Sparkle AV: 16.673 ENERGY: 108.293 MaxHP: 4358.742 CurrHp 2788.038 ShieldHP: 0.000
-   HuoHuo AV: 18.030 ENERGY: 62.302 MaxHP: 6139.808 CurrHp 5357.006 ShieldHP: 0.000
-   Archer AV: 49.654 ENERGY: 43.333 MaxHP: 3063.425 CurrHp 2672.868 ShieldHP: 0.000
-   Enemy 0 AV: 59.580 ENERGY: 0.000 MaxHP: 2000000.000 CurrHp 1421071.994 ShieldHP: 0.000
-   Enemy 2 AV: 59.580 ENERGY: 0.000 MaxHP: 2000000.000 CurrHp 1421071.994 ShieldHP: 0.000

Combat context set: 3 enemies, 4 players
Combat context initialized: 3 enemies, Elation team size: 0
Rin can use Enhanced Skill
ACTION > [CHAR] TotalAV: 171.189 | TurnAV: 17.343 | RinTohsaka | A-move
    TURN   - RinTohsakaBasic | RinTohsaka | SUP1 | ST attack | ['QUA'] | ['BSC'] | Scaling: ATK | TargetID: 1 | DMG/BREAK Splits: [1.0, 0]/[10, 0] | Energy Gained: 20 | SP Change: 1

        ----------Char Buffs----------
        CalculusATK | ATK% | Stacks: 1 | Value: 0.120 | Remaining Turns: 1 | TickDown: SUP1, PERM | Target: SUP1 | Affects: ['ALL']
        GeniusDMG | DMG% | Stacks: 1 | Value: 0.100 | Remaining Turns: 1 | TickDown: SUP1, PERM | Target: SUP1 | Affects: ['ALL']
        GeniusSHRED | SHRED | Stacks: 1 | Value: 0.200 | Remaining Turns: 1 | TickDown: SUP1, PERM | Target: SUP1 | Affects: ['ALL']
        RutilantCR | CR% | Stacks: 1 | Value: 0.080 | Remaining Turns: 1 | TickDown: SUP1, PERM | Target: SUP1 | Affects: ['ALL']
        RutilantBonusDMG | DMG% | Stacks: 1 | Value: 0.200 | Remaining Turns: 1 | TickDown: SUP1, PERM | Target: SUP1 | Affects: ['BSC', 'SKL']
        RinTohsakaTraceCD | CD% | Stacks: 1 | Value: 0.373 | Remaining Turns: 1 | TickDown: SUP1, PERM | Target: SUP1 | Affects: ['ALL']
        RinTohsakaTraceATK | ATK% | Stacks: 1 | Value: 0.180 | Remaining Turns: 1 | TickDown: SUP1, PERM | Target: SUP1 | Affects: ['ALL']
        RinTohsakaTraceDMG | DMG% | Stacks: 1 | Value: 0.080 | Remaining Turns: 1 | TickDown: SUP1, PERM | Target: SUP1 | Affects: ['ALL']
        RinTohsakaTrace1ATK | ATK% | Stacks: 1 | Value: 1.500 | Remaining Turns: 1 | TickDown: SUP1, PERM | Target: SUP1 | Affects: ['ALL']
        RinTohsakaTrace1PEN | QUAPEN | Stacks: 1 | Value: 0.150 | Remaining Turns: 1 | TickDown: SUP1, PERM | Target: SUP1 | Affects: ['ALL']
        EnhancedSkillSPD | SPD% | Stacks: 1 | Value: 0.200 | Remaining Turns: 1 | TickDown: SUP1, END | Target: SUP1 | Affects: ['ALL']
        KeelCD(SUP2) | CD% | Stacks: 1 | Value: 0.100 | Remaining Turns: 1 | TickDown: SUP1, PERM | Target: SUP1 | Affects: ['ALL']
        SparkleTeamATK | ATK% | Stacks: 1 | Value: 0.450 | Remaining Turns: 1 | TickDown: SUP1, PERM | Target: SUP1 | Affects: ['ALL']
        KeelCD(SUS) | CD% | Stacks: 1 | Value: 0.100 | Remaining Turns: 1 | TickDown: SUP1, PERM | Target: SUP1 | Affects: ['ALL']
        CalculusHitATK | ATK% | Stacks: 1 | Value: 0.240 | Remaining Turns: 1 | TickDown: SUP1, PERM | Target: SUP1 | Affects: ['ALL']
        TalentCD | CD% | Stacks: 1 | Value: 0.700 | Remaining Turns: 2 | TickDown: SUP1, END | Target: SUP1 | Affects: ['ALL']
        SparkleVUL | VULN | Stacks: 3 | Value: 0.120 | Remaining Turns: 2 | TickDown: SUP1, END | Target: SUP1 | Affects: ['ALL']
        WarriorGoddessHealCD | CD% | Stacks: 1 | Value: 0.150 | Remaining Turns: 1 | TickDown: SUP1, START | Target: SUP1 | Affects: ['ALL']
        SparkleUltVUL | VULN | Stacks: 1 | Value: 0.180 | Remaining Turns: 2 | TickDown: SUP1, END | Target: SUP1 | Affects: ['ALL']
        HuoHuoUltATK | ATK% | Stacks: 1 | Value: 0.400 | Remaining Turns: 1 | TickDown: SUP1, END | Target: SUP1 | Affects: ['ALL']
        HuoHuoUltExtraATK | ATK% | Stacks: 1 | Value: 0.240 | Remaining Turns: 1 | TickDown: SUP1, END | Target: SUP1 | Affects: ['ALL']
        CalculusHitSpd | SPD% | Stacks: 1 | Value: 0.160 | Remaining Turns: 1 | TickDown: SUP1, END | Target: SUP1 | Affects: ['ALL']
        ----------End of Buff List----------
        ----------Enemy Debuffs----------
        HuohuoTechniqueDebuff | From: SUS | ATK_REDUCTION | Stacks: 1 | Value: 0.250 | Remaining Turns: 1 | Target: 1 | Targeting: ST | Affects: ['SPECIAL'] | DOT: False | Blast: False
        RinTohsakaUltVuln | From: SUP1 | VULN | Stacks: 1 | Value: 0.200 | Remaining Turns: 2 | Target: 1 | Targeting: AOE | Affects: ['ALL'] | DOT: False | Blast: False
        Enemy 1 QUA-break | From: DPS | ENTANGLE | Stacks: 1 | Value: 34076.706 | Remaining Turns: 1 | Target: 1 | Targeting: ST | Affects: ['ALL'] | DOT: False | Blast: False
        ----------End of Debuff List----------
        ----------Healing List----------
        ----------End of Healing List----------
        ----------Shields List----------
        ----------End of Shields List----------
    GAUGE  - Enemy 1 toughness reduced by 10.000
    RESULT - RinTohsakaBasic | RinTohsaka | SUP1 | DMG: 27569.928 | ELADMG: 0.000 | Enemies Hit: [1] | Enemies Broken: [] | WB DMG: 0.000 | Energy: 20.000 | Amount HP Healed: 0.000 | Amount HP Lost: 0.000 | RinTohsaka Energy: 77/160 | SP: 6 | MaxSP: 11)
Rin has obtained 1 Gem Energy from SP and now has 59 Gem Energy
    TURN   - ArcherFUA | Archer | DPS | ST attack | ['QUA'] | ['FUA'] | Scaling: ATK | TargetID: 1 | DMG/BREAK Splits: [2.0, 0]/[10, 0] | Energy Gained: 5 | SP Change: 1

        ----------Char Buffs----------
        IdealsBurnCR | CR% | Stacks: 1 | Value: 0.160 | Remaining Turns: 1 | TickDown: DPS, PERM | Target: DPS | Affects: ['ALL']
        IdealsBurnATK | ATK% | Stacks: 1 | Value: 0.400 | Remaining Turns: 1 | TickDown: DPS, PERM | Target: DPS | Affects: ['ALL']
        GeniusDMG | DMG% | Stacks: 1 | Value: 0.100 | Remaining Turns: 1 | TickDown: DPS, PERM | Target: DPS | Affects: ['ALL']
        GeniusSHRED | SHRED | Stacks: 1 | Value: 0.200 | Remaining Turns: 1 | TickDown: DPS, PERM | Target: DPS | Affects: ['ALL']
        TengokuCD | CD% | Stacks: 1 | Value: 0.160 | Remaining Turns: 1 | TickDown: DPS, PERM | Target: DPS | Affects: ['ALL']
        ArcherTraceCR | CD% | Stacks: 1 | Value: 0.067 | Remaining Turns: 1 | TickDown: DPS, PERM | Target: DPS | Affects: ['ALL']
        ArcherTraceATK | ATK% | Stacks: 1 | Value: 0.180 | Remaining Turns: 1 | TickDown: DPS, PERM | Target: DPS | Affects: ['ALL']
        ArcherTraceDMG | DMG% | Stacks: 1 | Value: 0.224 | Remaining Turns: 1 | TickDown: DPS, PERM | Target: DPS | Affects: ['ALL']
        KeelCD(SUP2) | CD% | Stacks: 1 | Value: 0.100 | Remaining Turns: 1 | TickDown: DPS, PERM | Target: DPS | Affects: ['ALL']
        SparkleTeamATK | ATK% | Stacks: 1 | Value: 0.450 | Remaining Turns: 1 | TickDown: DPS, PERM | Target: DPS | Affects: ['ALL']
        KeelCD(SUS) | CD% | Stacks: 1 | Value: 0.100 | Remaining Turns: 1 | TickDown: DPS, PERM | Target: DPS | Affects: ['ALL']
        RinTohsakaAllyTrace1ATK | ATK% | Stacks: 1 | Value: 1.500 | Remaining Turns: 1 | TickDown: DPS, PERM | Target: DPS | Affects: ['ALL']
        RinTohsakaAllyTrace1PEN | QUAPEN | Stacks: 1 | Value: 0.150 | Remaining Turns: 1 | TickDown: DPS, PERM | Target: DPS | Affects: ['ALL']
        SparkleVUL | VULN | Stacks: 3 | Value: 0.120 | Remaining Turns: 1 | TickDown: DPS, END | Target: DPS | Affects: ['ALL']
        RinTalentCD | CD% | Stacks: 1 | Value: 0.700 | Remaining Turns: 2 | TickDown: DPS, END | Target: DPS | Affects: ['ALL']
        SacerdosCDSUP2 | CD% | Stacks: 2 | Value: 0.360 | Remaining Turns: 1 | TickDown: DPS, END | Target: DPS | Affects: ['ALL']
        SparkleCD | CD% | Stacks: 1 | Value: 1.175 | Remaining Turns: 1 | TickDown: DPS, END | Target: DPS | Affects: ['ALL']
        SparklePEN | PEN | Stacks: 1 | Value: 0.100 | Remaining Turns: 1 | TickDown: DPS, END | Target: DPS | Affects: ['ALL']
        WarriorGoddessHealCD | CD% | Stacks: 1 | Value: 0.150 | Remaining Turns: 2 | TickDown: DPS, START | Target: DPS | Affects: ['ALL']
        SparkleUltVUL | VULN | Stacks: 1 | Value: 0.180 | Remaining Turns: 1 | TickDown: DPS, END | Target: DPS | Affects: ['ALL']
        IdealsBurnSKLATK | ATK% | Stacks: 1 | Value: 0.400 | Remaining Turns: 1 | TickDown: DPS, PERM | Target: DPS | Affects: ['ALL']
        TengokuSPArcherCD | CD% | Stacks: 1 | Value: 0.320 | Remaining Turns: 2 | TickDown: DPS, END | Target: DPS | Affects: ['ALL']
        HuoHuoUltATK | ATK% | Stacks: 1 | Value: 0.400 | Remaining Turns: 1 | TickDown: DPS, END | Target: DPS | Affects: ['ALL']
        HuoHuoUltExtraATK | ATK% | Stacks: 1 | Value: 0.240 | Remaining Turns: 1 | TickDown: DPS, END | Target: DPS | Affects: ['ALL']
        Trace3CD | CD% | Stacks: 1 | Value: 1.200 | Remaining Turns: 1 | TickDown: DPS, END | Target: DPS | Affects: ['ALL']
        ----------End of Buff List----------
        ----------Enemy Debuffs----------
        HuohuoTechniqueDebuff | From: SUS | ATK_REDUCTION | Stacks: 1 | Value: 0.250 | Remaining Turns: 1 | Target: 1 | Targeting: ST | Affects: ['SPECIAL'] | DOT: False | Blast: False
        RinTohsakaUltVuln | From: SUP1 | VULN | Stacks: 1 | Value: 0.200 | Remaining Turns: 2 | Target: 1 | Targeting: AOE | Affects: ['ALL'] | DOT: False | Blast: False
        Enemy 1 QUA-break | From: DPS | ENTANGLE | Stacks: 1 | Value: 34076.706 | Remaining Turns: 1 | Target: 1 | Targeting: ST | Affects: ['ALL'] | DOT: False | Blast: False
        ----------End of Debuff List----------
        ----------Healing List----------
        ----------End of Healing List----------
        ----------Shields List----------
        ----------End of Shields List----------
    GAUGE  - Enemy 1 toughness reduced by 10.000
    RESULT - ArcherFUA | Archer | DPS | DMG: 140564.572 | ELADMG: 0.000 | Enemies Hit: [1] | Enemies Broken: [] | WB DMG: 0.000 | Energy: 5.000 | Amount HP Healed: 0.000 | Amount HP Lost: 0.000 | Archer Energy: 48/220 | SP: 7 | MaxSP: 11)
Rin has obtained 1 Gem Energy from SP and now has 60 Gem Energy
        Buff EnhancedSkillSPD expired
        Buff HuoHuoUltATK expired
        Buff HuoHuoUltExtraATK expired
        Buff CalculusHitSpd expired
SPD    > RinTohsaka speed changed to 145.432 | NewAV: 0.000
AV     > RinTohsaka AV reset to 68.761 | 145.432 SPD

<<< NEW TURN >>>
-   Enemy 1 AV: 0.000 ENERGY: 0.000 MaxHP: 5000000.000 CurrHp 3438359.589 ShieldHP: 0.000
-   Sparkle AV: 1.835 ENERGY: 108.293 MaxHP: 4358.742 CurrHp 2788.038 ShieldHP: 0.000
-   HuoHuo AV: 3.193 ENERGY: 62.302 MaxHP: 6139.808 CurrHp 5357.006 ShieldHP: 0.000
-   Archer AV: 34.817 ENERGY: 48.333 MaxHP: 3063.425 CurrHp 2672.868 ShieldHP: 0.000
-   Enemy 0 AV: 44.743 ENERGY: 0.000 MaxHP: 2000000.000 CurrHp 1421071.994 ShieldHP: 0.000
-   Enemy 2 AV: 44.743 ENERGY: 0.000 MaxHP: 2000000.000 CurrHp 1421071.994 ShieldHP: 0.000
-   RinTohsaka AV: 53.923 ENERGY: 76.667 MaxHP: 3051.570 CurrHp 1972.557 ShieldHP: 0.000

Combat context set: 3 enemies, 4 players
Combat context initialized: 3 enemies, Elation team size: 0
ACTION > [ENEMY] TotalAV: 186.026 | TurnAV: 14.837 | Enemy 1 | 1 attacks
    CharEnergy - Archer: Hit 3.333 Total: 51.667 | RinTohsaka: Hit 10.000 Total: 86.667 | Sparkle: Hit 10.000 Total: 110.000 | HuoHuo: Hit 6.667 Total: 71.331 |
    ENEMY  - Enemy 1 [aoe] dealt 241.6 to Sparkle (energy: 3.3, DEF: 1413, atkMul: 0.75, dmgMul: 1.00) | Shield Absorbed: 0.0 | HP Lost: 241.6 | HP: 2546/4359 | Shield HP: 0
    ENEMY  - Enemy 1 [aoe] dealt 215.8 to RinTohsaka (energy: 3.3, DEF: 1720, atkMul: 0.75, dmgMul: 1.00) | Shield Absorbed: 0.0 | HP Lost: 215.8 | HP: 1757/3052 | Shield HP: 0
    ENEMY  - Enemy 1 [aoe] dealt 174.0 to HuoHuo (energy: 3.3, DEF: 2410, atkMul: 0.75, dmgMul: 1.00) | Shield Absorbed: 0.0 | HP Lost: 174.0 | HP: 5183/6140 | Shield HP: 0
    ENEMY  - Enemy 1 [aoe] dealt 215.8 to RinTohsaka (energy: 3.3, DEF: 1720, atkMul: 0.75, dmgMul: 1.00) | Shield Absorbed: 0.0 | HP Lost: 215.8 | HP: 1541/3052 | Shield HP: 0
    ENEMY  - Enemy 1 [aoe] dealt 174.5 to Archer (energy: 3.3, DEF: 2399, atkMul: 0.75, dmgMul: 1.00) | Shield Absorbed: 0.0 | HP Lost: 174.5 | HP: 2498/3063 | Shield HP: 0
    ENEMY  - Enemy 1 [aoe] dealt 241.6 to Sparkle (energy: 3.3, DEF: 1413, atkMul: 0.75, dmgMul: 1.00) | Shield Absorbed: 0.0 | HP Lost: 241.6 | HP: 2305/4359 | Shield HP: 0
    ENEMY  - Enemy 1 [aoe] dealt 241.6 to Sparkle (energy: 3.3, DEF: 1413, atkMul: 0.75, dmgMul: 1.00) | Shield Absorbed: 0.0 | HP Lost: 241.6 | HP: 2063/4359 | Shield HP: 0
    ENEMY  - Enemy 1 [aoe] dealt 215.8 to RinTohsaka (energy: 3.3, DEF: 1720, atkMul: 0.75, dmgMul: 1.00) | Shield Absorbed: 0.0 | HP Lost: 215.8 | HP: 1325/3052 | Shield HP: 0
    ENEMY  - Enemy 1 [aoe] dealt 174.0 to HuoHuo (energy: 3.3, DEF: 2410, atkMul: 0.75, dmgMul: 1.00) | Shield Absorbed: 0.0 | HP Lost: 174.0 | HP: 5009/6140 | Shield HP: 0
    DEBUFF - Enemy 1 took 0.000 Debuff damage from Enemy 1 QUA-break
ULT    > Sparkle used their ultimate
    TURN   - SparkleUlt | Sparkle | SUP2 | NA attack | ['QUA'] | ['ULT'] | Scaling: ATK | TargetID: -1 | DMG/BREAK Splits: [0, 0]/[0, 0] | Energy Gained: 5 | SP Change: 6

        ----------Char Buffs----------
        BattleIsntOverERR | ERR% | Stacks: 1 | Value: 0.100 | Remaining Turns: 1 | TickDown: SUP2, PERM | Target: SUP2 | Affects: ['ALL']
        SacerdosSPD | SPD% | Stacks: 1 | Value: 0.060 | Remaining Turns: 1 | TickDown: SUP2, PERM | Target: SUP2 | Affects: ['ALL']
        KeelEFFRES | ERS% | Stacks: 1 | Value: 0.100 | Remaining Turns: 1 | TickDown: SUP2, PERM | Target: SUP2 | Affects: ['ALL']
        KeelCD(SUP2) | CD% | Stacks: 1 | Value: 0.100 | Remaining Turns: 1 | TickDown: SUP2, PERM | Target: SUP2 | Affects: ['ALL']
        SparkleTraceHP | HP% | Stacks: 1 | Value: 0.280 | Remaining Turns: 1 | TickDown: SUP2, PERM | Target: SUP2 | Affects: ['ALL']
        SparkleTraceCD | CD% | Stacks: 1 | Value: 0.240 | Remaining Turns: 1 | TickDown: SUP2, PERM | Target: SUP2 | Affects: ['ALL']
        SparkleTraceERS | ERS% | Stacks: 1 | Value: 0.100 | Remaining Turns: 1 | TickDown: SUP2, PERM | Target: SUP2 | Affects: ['ALL']
        SparkleTeamATK | ATK% | Stacks: 1 | Value: 0.450 | Remaining Turns: 1 | TickDown: SUP2, PERM | Target: SUP2 | Affects: ['ALL']
        KeelCD(SUS) | CD% | Stacks: 1 | Value: 0.100 | Remaining Turns: 1 | TickDown: SUP2, PERM | Target: SUP2 | Affects: ['ALL']
        SparkleVUL | VULN | Stacks: 3 | Value: 0.120 | Remaining Turns: 2 | TickDown: SUP2, END | Target: SUP2 | Affects: ['ALL']
        WarriorGoddessHealCD | CD% | Stacks: 1 | Value: 0.150 | Remaining Turns: 2 | TickDown: SUP2, START | Target: SUP2 | Affects: ['ALL']
        SparkleUltVUL | VULN | Stacks: 1 | Value: 0.180 | Remaining Turns: 3 | TickDown: SUP2, END | Target: SUP2 | Affects: ['ALL']
        ----------End of Buff List----------
        ----------Enemy Debuffs----------
        ----------End of Debuff List----------
        ----------Healing List----------
        ----------End of Healing List----------
        ----------Shields List----------
        ----------End of Shields List----------
    GAUGE  - Enemy 0 toughness reduced by 0.000
    RESULT - SparkleUlt | Sparkle | SUP2 | DMG: 0.000 | ELADMG: 0.000 | Enemies Hit: [0] | Enemies Broken: [] | WB DMG: 0.000 | Energy: 6.472 | Amount HP Healed: 0.000 | Amount HP Lost: 0.000 | Sparkle Energy: 6/110 | SP: 11 | MaxSP: 11)
Rin has obtained 6 Gem Energy from SP and now has 66 Gem Energy
        Debuff HuohuoTechniqueDebuff expired
        Debuff Enemy 1 QUA-break expired
AV     > Enemy 1 AV reset to 63.131 | 158.400 SPD

<<< NEW TURN >>>
-   Sparkle AV: 0.000 ENERGY: 6.472 MaxHP: 4358.742 CurrHp 2063.098 ShieldHP: 0.000
-   HuoHuo AV: 1.358 ENERGY: 71.331 MaxHP: 6139.808 CurrHp 5009.095 ShieldHP: 0.000
-   Archer AV: 32.982 ENERGY: 51.667 MaxHP: 3063.425 CurrHp 2498.388 ShieldHP: 0.000
-   Enemy 0 AV: 42.908 ENERGY: 0.000 MaxHP: 2000000.000 CurrHp 1421071.994 ShieldHP: 0.000
-   Enemy 2 AV: 42.908 ENERGY: 0.000 MaxHP: 2000000.000 CurrHp 1421071.994 ShieldHP: 0.000
-   RinTohsaka AV: 52.088 ENERGY: 86.667 MaxHP: 3051.570 CurrHp 1325.150 ShieldHP: 0.000
-   Enemy 1 AV: 61.296 ENERGY: 0.000 MaxHP: 5000000.000 CurrHp 3438359.589 ShieldHP: 0.000

Combat context set: 3 enemies, 4 players
Combat context initialized: 3 enemies, Elation team size: 0
ACTION > [CHAR] TotalAV: 187.862 | TurnAV: 1.835 | Sparkle | E-move
    TURN   - SparkleSkill | Sparkle | SUP2 | NA attack | ['QUA'] | ['SKL'] | Scaling: ATK | TargetID: -1 | DMG/BREAK Splits: [0, 0]/[0, 0] | Energy Gained: 30 | SP Change: 0

        ----------Char Buffs----------
        BattleIsntOverERR | ERR% | Stacks: 1 | Value: 0.100 | Remaining Turns: 1 | TickDown: SUP2, PERM | Target: SUP2 | Affects: ['ALL']
        SacerdosSPD | SPD% | Stacks: 1 | Value: 0.060 | Remaining Turns: 1 | TickDown: SUP2, PERM | Target: SUP2 | Affects: ['ALL']
        KeelEFFRES | ERS% | Stacks: 1 | Value: 0.100 | Remaining Turns: 1 | TickDown: SUP2, PERM | Target: SUP2 | Affects: ['ALL']
        KeelCD(SUP2) | CD% | Stacks: 1 | Value: 0.100 | Remaining Turns: 1 | TickDown: SUP2, PERM | Target: SUP2 | Affects: ['ALL']
        SparkleTraceHP | HP% | Stacks: 1 | Value: 0.280 | Remaining Turns: 1 | TickDown: SUP2, PERM | Target: SUP2 | Affects: ['ALL']
        SparkleTraceCD | CD% | Stacks: 1 | Value: 0.240 | Remaining Turns: 1 | TickDown: SUP2, PERM | Target: SUP2 | Affects: ['ALL']
        SparkleTraceERS | ERS% | Stacks: 1 | Value: 0.100 | Remaining Turns: 1 | TickDown: SUP2, PERM | Target: SUP2 | Affects: ['ALL']
        SparkleTeamATK | ATK% | Stacks: 1 | Value: 0.450 | Remaining Turns: 1 | TickDown: SUP2, PERM | Target: SUP2 | Affects: ['ALL']
        KeelCD(SUS) | CD% | Stacks: 1 | Value: 0.100 | Remaining Turns: 1 | TickDown: SUP2, PERM | Target: SUP2 | Affects: ['ALL']
        SparkleVUL | VULN | Stacks: 3 | Value: 0.120 | Remaining Turns: 2 | TickDown: SUP2, END | Target: SUP2 | Affects: ['ALL']
        WarriorGoddessHealCD | CD% | Stacks: 1 | Value: 0.150 | Remaining Turns: 1 | TickDown: SUP2, START | Target: SUP2 | Affects: ['ALL']
        SparkleUltVUL | VULN | Stacks: 1 | Value: 0.180 | Remaining Turns: 3 | TickDown: SUP2, END | Target: SUP2 | Affects: ['ALL']
        RinTalentCD | CD% | Stacks: 1 | Value: 0.700 | Remaining Turns: 2 | TickDown: SUP2, END | Target: SUP2 | Affects: ['ALL']
        ----------End of Buff List----------
        ----------Enemy Debuffs----------
        ----------End of Debuff List----------
        ----------Healing List----------
        ----------End of Healing List----------
        ----------Shields List----------
        ----------End of Shields List----------
    GAUGE  - Enemy 0 toughness reduced by 0.000
    RESULT - SparkleSkill | Sparkle | SUP2 | DMG: 0.000 | ELADMG: 0.000 | Enemies Hit: [0] | Enemies Broken: [] | WB DMG: 0.000 | Energy: 38.832 | Amount HP Healed: 0.000 | Amount HP Lost: 0.000 | Sparkle Energy: 45/110 | SP: 11 | MaxSP: 11)
ADV    > Archer advanced by 50.000% from SparkleForward | NewAV: 0.000 | Priority: 20
AV     > Sparkle AV reset to 62.621 | 159.692 SPD

<<< NEW TURN >>>
-   Archer AV: 0.000 ENERGY: 51.667 MaxHP: 3063.425 CurrHp 2498.388 ShieldHP: 0.000
-   HuoHuo AV: 1.358 ENERGY: 71.331 MaxHP: 6139.808 CurrHp 5009.095 ShieldHP: 0.000
-   Enemy 0 AV: 42.908 ENERGY: 0.000 MaxHP: 2000000.000 CurrHp 1421071.994 ShieldHP: 0.000
-   Enemy 2 AV: 42.908 ENERGY: 0.000 MaxHP: 2000000.000 CurrHp 1421071.994 ShieldHP: 0.000
-   RinTohsaka AV: 52.088 ENERGY: 86.667 MaxHP: 3051.570 CurrHp 1325.150 ShieldHP: 0.000
-   Enemy 1 AV: 61.296 ENERGY: 0.000 MaxHP: 5000000.000 CurrHp 3438359.589 ShieldHP: 0.000
-   Sparkle AV: 62.621 ENERGY: 45.304 MaxHP: 4358.742 CurrHp 2063.098 ShieldHP: 0.000

Combat context set: 3 enemies, 4 players
Combat context initialized: 3 enemies, Elation team size: 0
ACTION > [CHAR] TotalAV: 187.862 | TurnAV: 0.000 | Archer | E-move
        Buff SkillDmg expired
CIRCUIT > Archer entered Circuit Connection (use 1/5)
    TURN   - ArcherSkill | Archer | DPS | ST attack | ['QUA'] | ['SKL'] | Scaling: ATK | TargetID: 1 | DMG/BREAK Splits: [3.6, 0]/[20, 0] | Energy Gained: 30 | SP Change: -2

        ----------Char Buffs----------
        IdealsBurnCR | CR% | Stacks: 1 | Value: 0.160 | Remaining Turns: 1 | TickDown: DPS, PERM | Target: DPS | Affects: ['ALL']
        IdealsBurnATK | ATK% | Stacks: 1 | Value: 0.400 | Remaining Turns: 1 | TickDown: DPS, PERM | Target: DPS | Affects: ['ALL']
        GeniusDMG | DMG% | Stacks: 1 | Value: 0.100 | Remaining Turns: 1 | TickDown: DPS, PERM | Target: DPS | Affects: ['ALL']
        GeniusSHRED | SHRED | Stacks: 1 | Value: 0.200 | Remaining Turns: 1 | TickDown: DPS, PERM | Target: DPS | Affects: ['ALL']
        TengokuCD | CD% | Stacks: 1 | Value: 0.160 | Remaining Turns: 1 | TickDown: DPS, PERM | Target: DPS | Affects: ['ALL']
        ArcherTraceCR | CD% | Stacks: 1 | Value: 0.067 | Remaining Turns: 1 | TickDown: DPS, PERM | Target: DPS | Affects: ['ALL']
        ArcherTraceATK | ATK% | Stacks: 1 | Value: 0.180 | Remaining Turns: 1 | TickDown: DPS, PERM | Target: DPS | Affects: ['ALL']
        ArcherTraceDMG | DMG% | Stacks: 1 | Value: 0.224 | Remaining Turns: 1 | TickDown: DPS, PERM | Target: DPS | Affects: ['ALL']
        KeelCD(SUP2) | CD% | Stacks: 1 | Value: 0.100 | Remaining Turns: 1 | TickDown: DPS, PERM | Target: DPS | Affects: ['ALL']
        SparkleTeamATK | ATK% | Stacks: 1 | Value: 0.450 | Remaining Turns: 1 | TickDown: DPS, PERM | Target: DPS | Affects: ['ALL']
        KeelCD(SUS) | CD% | Stacks: 1 | Value: 0.100 | Remaining Turns: 1 | TickDown: DPS, PERM | Target: DPS | Affects: ['ALL']
        RinTohsakaAllyTrace1ATK | ATK% | Stacks: 1 | Value: 1.500 | Remaining Turns: 1 | TickDown: DPS, PERM | Target: DPS | Affects: ['ALL']
        RinTohsakaAllyTrace1PEN | QUAPEN | Stacks: 1 | Value: 0.150 | Remaining Turns: 1 | TickDown: DPS, PERM | Target: DPS | Affects: ['ALL']
        SparkleVUL | VULN | Stacks: 3 | Value: 0.120 | Remaining Turns: 1 | TickDown: DPS, END | Target: DPS | Affects: ['ALL']
        RinTalentCD | CD% | Stacks: 1 | Value: 0.700 | Remaining Turns: 2 | TickDown: DPS, END | Target: DPS | Affects: ['ALL']
        SacerdosCDSUP2 | CD% | Stacks: 2 | Value: 0.360 | Remaining Turns: 2 | TickDown: DPS, END | Target: DPS | Affects: ['ALL']
        SparkleCD | CD% | Stacks: 1 | Value: 1.175 | Remaining Turns: 2 | TickDown: DPS, END | Target: DPS | Affects: ['ALL']
        SparklePEN | PEN | Stacks: 1 | Value: 0.100 | Remaining Turns: 2 | TickDown: DPS, END | Target: DPS | Affects: ['ALL']
        WarriorGoddessHealCD | CD% | Stacks: 1 | Value: 0.150 | Remaining Turns: 1 | TickDown: DPS, START | Target: DPS | Affects: ['ALL']
        SparkleUltVUL | VULN | Stacks: 1 | Value: 0.180 | Remaining Turns: 3 | TickDown: DPS, END | Target: DPS | Affects: ['ALL']
        IdealsBurnSKLATK | ATK% | Stacks: 1 | Value: 0.400 | Remaining Turns: 1 | TickDown: DPS, PERM | Target: DPS | Affects: ['ALL']
        TengokuSPArcherCD | CD% | Stacks: 1 | Value: 0.320 | Remaining Turns: 2 | TickDown: DPS, END | Target: DPS | Affects: ['ALL']
        HuoHuoUltATK | ATK% | Stacks: 1 | Value: 0.400 | Remaining Turns: 1 | TickDown: DPS, END | Target: DPS | Affects: ['ALL']
        HuoHuoUltExtraATK | ATK% | Stacks: 1 | Value: 0.240 | Remaining Turns: 1 | TickDown: DPS, END | Target: DPS | Affects: ['ALL']
        Trace3CD | CD% | Stacks: 1 | Value: 1.200 | Remaining Turns: 1 | TickDown: DPS, END | Target: DPS | Affects: ['ALL']
        BattleIsntOverDMGRole.SUP2 | DMG% | Stacks: 1 | Value: 0.300 | Remaining Turns: 1 | TickDown: DPS, END | Target: DPS | Affects: ['ALL']
        ----------End of Buff List----------
        ----------Enemy Debuffs----------
        RinTohsakaUltVuln | From: SUP1 | VULN | Stacks: 1 | Value: 0.200 | Remaining Turns: 1 | Target: 1 | Targeting: AOE | Affects: ['ALL'] | DOT: False | Blast: False
        ----------End of Debuff List----------
        ----------Healing List----------
        ----------End of Healing List----------
        ----------Shields List----------
        ----------End of Shields List----------
    GAUGE  - Enemy 1 toughness reduced by 20.000
    RESULT - ArcherSkill | Archer | DPS | DMG: 267599.160 | ELADMG: 0.000 | Enemies Hit: [1] | Enemies Broken: [] | WB DMG: 0.000 | Energy: 30.000 | Amount HP Healed: 0.000 | Amount HP Lost: 0.000 | Archer Energy: 82/220 | SP: 9 | MaxSP: 11)
Rin has obtained 2 Gem Energy from SP and now has 68 Gem Energy
ERR    > 1.294 energy added to Sparkle from SparkleTalentERR | Sparkle Energy: 46.598
ACTION > [CIRCUIT] TotalAV: 187.862 | Archer | circuit skill use 2
CIRCUIT > Archer Circuit skill use 2/5
    TURN   - ArcherSkill | Archer | DPS | ST attack | ['QUA'] | ['SKL'] | Scaling: ATK | TargetID: 1 | DMG/BREAK Splits: [3.6, 0]/[20, 0] | Energy Gained: 30 | SP Change: -2

        ----------Char Buffs----------
        IdealsBurnCR | CR% | Stacks: 1 | Value: 0.160 | Remaining Turns: 1 | TickDown: DPS, PERM | Target: DPS | Affects: ['ALL']
        IdealsBurnATK | ATK% | Stacks: 1 | Value: 0.400 | Remaining Turns: 1 | TickDown: DPS, PERM | Target: DPS | Affects: ['ALL']
        GeniusDMG | DMG% | Stacks: 1 | Value: 0.100 | Remaining Turns: 1 | TickDown: DPS, PERM | Target: DPS | Affects: ['ALL']
        GeniusSHRED | SHRED | Stacks: 1 | Value: 0.200 | Remaining Turns: 1 | TickDown: DPS, PERM | Target: DPS | Affects: ['ALL']
        TengokuCD | CD% | Stacks: 1 | Value: 0.160 | Remaining Turns: 1 | TickDown: DPS, PERM | Target: DPS | Affects: ['ALL']
        ArcherTraceCR | CD% | Stacks: 1 | Value: 0.067 | Remaining Turns: 1 | TickDown: DPS, PERM | Target: DPS | Affects: ['ALL']
        ArcherTraceATK | ATK% | Stacks: 1 | Value: 0.180 | Remaining Turns: 1 | TickDown: DPS, PERM | Target: DPS | Affects: ['ALL']
        ArcherTraceDMG | DMG% | Stacks: 1 | Value: 0.224 | Remaining Turns: 1 | TickDown: DPS, PERM | Target: DPS | Affects: ['ALL']
        KeelCD(SUP2) | CD% | Stacks: 1 | Value: 0.100 | Remaining Turns: 1 | TickDown: DPS, PERM | Target: DPS | Affects: ['ALL']
        SparkleTeamATK | ATK% | Stacks: 1 | Value: 0.450 | Remaining Turns: 1 | TickDown: DPS, PERM | Target: DPS | Affects: ['ALL']
        KeelCD(SUS) | CD% | Stacks: 1 | Value: 0.100 | Remaining Turns: 1 | TickDown: DPS, PERM | Target: DPS | Affects: ['ALL']
        RinTohsakaAllyTrace1ATK | ATK% | Stacks: 1 | Value: 1.500 | Remaining Turns: 1 | TickDown: DPS, PERM | Target: DPS | Affects: ['ALL']
        RinTohsakaAllyTrace1PEN | QUAPEN | Stacks: 1 | Value: 0.150 | Remaining Turns: 1 | TickDown: DPS, PERM | Target: DPS | Affects: ['ALL']
        SparkleVUL | VULN | Stacks: 3 | Value: 0.120 | Remaining Turns: 2 | TickDown: DPS, END | Target: DPS | Affects: ['ALL']
        RinTalentCD | CD% | Stacks: 1 | Value: 0.700 | Remaining Turns: 2 | TickDown: DPS, END | Target: DPS | Affects: ['ALL']
        SacerdosCDSUP2 | CD% | Stacks: 2 | Value: 0.360 | Remaining Turns: 2 | TickDown: DPS, END | Target: DPS | Affects: ['ALL']
        SparkleCD | CD% | Stacks: 1 | Value: 1.175 | Remaining Turns: 2 | TickDown: DPS, END | Target: DPS | Affects: ['ALL']
        SparklePEN | PEN | Stacks: 1 | Value: 0.100 | Remaining Turns: 2 | TickDown: DPS, END | Target: DPS | Affects: ['ALL']
        WarriorGoddessHealCD | CD% | Stacks: 1 | Value: 0.150 | Remaining Turns: 1 | TickDown: DPS, START | Target: DPS | Affects: ['ALL']
        SparkleUltVUL | VULN | Stacks: 1 | Value: 0.180 | Remaining Turns: 3 | TickDown: DPS, END | Target: DPS | Affects: ['ALL']
        IdealsBurnSKLATK | ATK% | Stacks: 1 | Value: 0.400 | Remaining Turns: 1 | TickDown: DPS, PERM | Target: DPS | Affects: ['ALL']
        TengokuSPArcherCD | CD% | Stacks: 1 | Value: 0.320 | Remaining Turns: 3 | TickDown: DPS, END | Target: DPS | Affects: ['ALL']
        HuoHuoUltATK | ATK% | Stacks: 1 | Value: 0.400 | Remaining Turns: 1 | TickDown: DPS, END | Target: DPS | Affects: ['ALL']
        HuoHuoUltExtraATK | ATK% | Stacks: 1 | Value: 0.240 | Remaining Turns: 1 | TickDown: DPS, END | Target: DPS | Affects: ['ALL']
        Trace3CD | CD% | Stacks: 1 | Value: 1.200 | Remaining Turns: 1 | TickDown: DPS, END | Target: DPS | Affects: ['ALL']
        BattleIsntOverDMGRole.SUP2 | DMG% | Stacks: 1 | Value: 0.300 | Remaining Turns: 1 | TickDown: DPS, END | Target: DPS | Affects: ['ALL']
        SkillDmg | DMG% | Stacks: 1 | Value: 1.000 | Remaining Turns: 1 | TickDown: DPS, START | Target: DPS | Affects: ['SKL']
        ----------End of Buff List----------
        ----------Enemy Debuffs----------
        RinTohsakaUltVuln | From: SUP1 | VULN | Stacks: 1 | Value: 0.200 | Remaining Turns: 1 | Target: 1 | Targeting: AOE | Affects: ['ALL'] | DOT: False | Blast: False
        ----------End of Debuff List----------
        ----------Healing List----------
        ----------End of Healing List----------
        ----------Shields List----------
        ----------End of Shields List----------
    GAUGE  - Enemy 1 toughness reduced by 20.000
    RESULT - ArcherSkill | Archer | DPS | DMG: 400547.669 | ELADMG: 0.000 | Enemies Hit: [1] | Enemies Broken: [] | WB DMG: 0.000 | Energy: 30.000 | Amount HP Healed: 0.000 | Amount HP Lost: 0.000 | Archer Energy: 112/220 | SP: 7 | MaxSP: 11)
Rin has obtained 2 Gem Energy from SP and now has 70 Gem Energy
ERR    > 1.294 energy added to Sparkle from SparkleTalentERR | Sparkle Energy: 47.893
ACTION > [CIRCUIT] TotalAV: 187.862 | Archer | circuit skill use 3
CIRCUIT > Archer Circuit skill use 3/5
    TURN   - ArcherSkill | Archer | DPS | ST attack | ['QUA'] | ['SKL'] | Scaling: ATK | TargetID: 1 | DMG/BREAK Splits: [3.6, 0]/[20, 0] | Energy Gained: 30 | SP Change: -2

        ----------Char Buffs----------
        IdealsBurnCR | CR% | Stacks: 1 | Value: 0.160 | Remaining Turns: 1 | TickDown: DPS, PERM | Target: DPS | Affects: ['ALL']
        IdealsBurnATK | ATK% | Stacks: 1 | Value: 0.400 | Remaining Turns: 1 | TickDown: DPS, PERM | Target: DPS | Affects: ['ALL']
        GeniusDMG | DMG% | Stacks: 1 | Value: 0.100 | Remaining Turns: 1 | TickDown: DPS, PERM | Target: DPS | Affects: ['ALL']
        GeniusSHRED | SHRED | Stacks: 1 | Value: 0.200 | Remaining Turns: 1 | TickDown: DPS, PERM | Target: DPS | Affects: ['ALL']
        TengokuCD | CD% | Stacks: 1 | Value: 0.160 | Remaining Turns: 1 | TickDown: DPS, PERM | Target: DPS | Affects: ['ALL']
        ArcherTraceCR | CD% | Stacks: 1 | Value: 0.067 | Remaining Turns: 1 | TickDown: DPS, PERM | Target: DPS | Affects: ['ALL']
        ArcherTraceATK | ATK% | Stacks: 1 | Value: 0.180 | Remaining Turns: 1 | TickDown: DPS, PERM | Target: DPS | Affects: ['ALL']
        ArcherTraceDMG | DMG% | Stacks: 1 | Value: 0.224 | Remaining Turns: 1 | TickDown: DPS, PERM | Target: DPS | Affects: ['ALL']
        KeelCD(SUP2) | CD% | Stacks: 1 | Value: 0.100 | Remaining Turns: 1 | TickDown: DPS, PERM | Target: DPS | Affects: ['ALL']
        SparkleTeamATK | ATK% | Stacks: 1 | Value: 0.450 | Remaining Turns: 1 | TickDown: DPS, PERM | Target: DPS | Affects: ['ALL']
        KeelCD(SUS) | CD% | Stacks: 1 | Value: 0.100 | Remaining Turns: 1 | TickDown: DPS, PERM | Target: DPS | Affects: ['ALL']
        RinTohsakaAllyTrace1ATK | ATK% | Stacks: 1 | Value: 1.500 | Remaining Turns: 1 | TickDown: DPS, PERM | Target: DPS | Affects: ['ALL']
        RinTohsakaAllyTrace1PEN | QUAPEN | Stacks: 1 | Value: 0.150 | Remaining Turns: 1 | TickDown: DPS, PERM | Target: DPS | Affects: ['ALL']
        SparkleVUL | VULN | Stacks: 3 | Value: 0.120 | Remaining Turns: 2 | TickDown: DPS, END | Target: DPS | Affects: ['ALL']
        RinTalentCD | CD% | Stacks: 1 | Value: 0.700 | Remaining Turns: 2 | TickDown: DPS, END | Target: DPS | Affects: ['ALL']
        SacerdosCDSUP2 | CD% | Stacks: 2 | Value: 0.360 | Remaining Turns: 2 | TickDown: DPS, END | Target: DPS | Affects: ['ALL']
        SparkleCD | CD% | Stacks: 1 | Value: 1.175 | Remaining Turns: 2 | TickDown: DPS, END | Target: DPS | Affects: ['ALL']
        SparklePEN | PEN | Stacks: 1 | Value: 0.100 | Remaining Turns: 2 | TickDown: DPS, END | Target: DPS | Affects: ['ALL']
        WarriorGoddessHealCD | CD% | Stacks: 1 | Value: 0.150 | Remaining Turns: 1 | TickDown: DPS, START | Target: DPS | Affects: ['ALL']
        SparkleUltVUL | VULN | Stacks: 1 | Value: 0.180 | Remaining Turns: 3 | TickDown: DPS, END | Target: DPS | Affects: ['ALL']
        IdealsBurnSKLATK | ATK% | Stacks: 1 | Value: 0.400 | Remaining Turns: 1 | TickDown: DPS, PERM | Target: DPS | Affects: ['ALL']
        TengokuSPArcherCD | CD% | Stacks: 1 | Value: 0.320 | Remaining Turns: 3 | TickDown: DPS, END | Target: DPS | Affects: ['ALL']
        HuoHuoUltATK | ATK% | Stacks: 1 | Value: 0.400 | Remaining Turns: 1 | TickDown: DPS, END | Target: DPS | Affects: ['ALL']
        HuoHuoUltExtraATK | ATK% | Stacks: 1 | Value: 0.240 | Remaining Turns: 1 | TickDown: DPS, END | Target: DPS | Affects: ['ALL']
        Trace3CD | CD% | Stacks: 1 | Value: 1.200 | Remaining Turns: 1 | TickDown: DPS, END | Target: DPS | Affects: ['ALL']
        BattleIsntOverDMGRole.SUP2 | DMG% | Stacks: 1 | Value: 0.300 | Remaining Turns: 1 | TickDown: DPS, END | Target: DPS | Affects: ['ALL']
        SkillDmg | DMG% | Stacks: 2 | Value: 2.000 | Remaining Turns: 1 | TickDown: DPS, START | Target: DPS | Affects: ['SKL']
        ----------End of Buff List----------
        ----------Enemy Debuffs----------
        RinTohsakaUltVuln | From: SUP1 | VULN | Stacks: 1 | Value: 0.200 | Remaining Turns: 1 | Target: 1 | Targeting: AOE | Affects: ['ALL'] | DOT: False | Blast: False
        ----------End of Debuff List----------
        ----------Healing List----------
        ----------End of Healing List----------
        ----------Shields List----------
        ----------End of Shields List----------
    GAUGE  - Enemy 1 toughness reduced by 20.000
    RESULT - ArcherSkill | Archer | DPS | DMG: 533496.179 | ELADMG: 0.000 | Enemies Hit: [1] | Enemies Broken: [] | WB DMG: 0.000 | Energy: 30.000 | Amount HP Healed: 0.000 | Amount HP Lost: 0.000 | Archer Energy: 142/220 | SP: 5 | MaxSP: 11)
Rin has obtained 2 Gem Energy from SP and now has 72 Gem Energy
ERR    > 1.294 energy added to Sparkle from SparkleTalentERR | Sparkle Energy: 49.187
ACTION > [CIRCUIT] TotalAV: 187.862 | Archer | circuit skill use 4
CIRCUIT > Archer Circuit skill use 4/5
    TURN   - ArcherSkill | Archer | DPS | ST attack | ['QUA'] | ['SKL'] | Scaling: ATK | TargetID: 1 | DMG/BREAK Splits: [3.6, 0]/[20, 0] | Energy Gained: 30 | SP Change: -2

        ----------Char Buffs----------
        IdealsBurnCR | CR% | Stacks: 1 | Value: 0.160 | Remaining Turns: 1 | TickDown: DPS, PERM | Target: DPS | Affects: ['ALL']
        IdealsBurnATK | ATK% | Stacks: 1 | Value: 0.400 | Remaining Turns: 1 | TickDown: DPS, PERM | Target: DPS | Affects: ['ALL']
        GeniusDMG | DMG% | Stacks: 1 | Value: 0.100 | Remaining Turns: 1 | TickDown: DPS, PERM | Target: DPS | Affects: ['ALL']
        GeniusSHRED | SHRED | Stacks: 1 | Value: 0.200 | Remaining Turns: 1 | TickDown: DPS, PERM | Target: DPS | Affects: ['ALL']
        TengokuCD | CD% | Stacks: 1 | Value: 0.160 | Remaining Turns: 1 | TickDown: DPS, PERM | Target: DPS | Affects: ['ALL']
        ArcherTraceCR | CD% | Stacks: 1 | Value: 0.067 | Remaining Turns: 1 | TickDown: DPS, PERM | Target: DPS | Affects: ['ALL']
        ArcherTraceATK | ATK% | Stacks: 1 | Value: 0.180 | Remaining Turns: 1 | TickDown: DPS, PERM | Target: DPS | Affects: ['ALL']
        ArcherTraceDMG | DMG% | Stacks: 1 | Value: 0.224 | Remaining Turns: 1 | TickDown: DPS, PERM | Target: DPS | Affects: ['ALL']
        KeelCD(SUP2) | CD% | Stacks: 1 | Value: 0.100 | Remaining Turns: 1 | TickDown: DPS, PERM | Target: DPS | Affects: ['ALL']
        SparkleTeamATK | ATK% | Stacks: 1 | Value: 0.450 | Remaining Turns: 1 | TickDown: DPS, PERM | Target: DPS | Affects: ['ALL']
        KeelCD(SUS) | CD% | Stacks: 1 | Value: 0.100 | Remaining Turns: 1 | TickDown: DPS, PERM | Target: DPS | Affects: ['ALL']
        RinTohsakaAllyTrace1ATK | ATK% | Stacks: 1 | Value: 1.500 | Remaining Turns: 1 | TickDown: DPS, PERM | Target: DPS | Affects: ['ALL']
        RinTohsakaAllyTrace1PEN | QUAPEN | Stacks: 1 | Value: 0.150 | Remaining Turns: 1 | TickDown: DPS, PERM | Target: DPS | Affects: ['ALL']
        SparkleVUL | VULN | Stacks: 3 | Value: 0.120 | Remaining Turns: 2 | TickDown: DPS, END | Target: DPS | Affects: ['ALL']
        RinTalentCD | CD% | Stacks: 1 | Value: 0.700 | Remaining Turns: 2 | TickDown: DPS, END | Target: DPS | Affects: ['ALL']
        SacerdosCDSUP2 | CD% | Stacks: 2 | Value: 0.360 | Remaining Turns: 2 | TickDown: DPS, END | Target: DPS | Affects: ['ALL']
        SparkleCD | CD% | Stacks: 1 | Value: 1.175 | Remaining Turns: 2 | TickDown: DPS, END | Target: DPS | Affects: ['ALL']
        SparklePEN | PEN | Stacks: 1 | Value: 0.100 | Remaining Turns: 2 | TickDown: DPS, END | Target: DPS | Affects: ['ALL']
        WarriorGoddessHealCD | CD% | Stacks: 1 | Value: 0.150 | Remaining Turns: 1 | TickDown: DPS, START | Target: DPS | Affects: ['ALL']
        SparkleUltVUL | VULN | Stacks: 1 | Value: 0.180 | Remaining Turns: 3 | TickDown: DPS, END | Target: DPS | Affects: ['ALL']
        IdealsBurnSKLATK | ATK% | Stacks: 1 | Value: 0.400 | Remaining Turns: 1 | TickDown: DPS, PERM | Target: DPS | Affects: ['ALL']
        TengokuSPArcherCD | CD% | Stacks: 1 | Value: 0.320 | Remaining Turns: 3 | TickDown: DPS, END | Target: DPS | Affects: ['ALL']
        HuoHuoUltATK | ATK% | Stacks: 1 | Value: 0.400 | Remaining Turns: 1 | TickDown: DPS, END | Target: DPS | Affects: ['ALL']
        HuoHuoUltExtraATK | ATK% | Stacks: 1 | Value: 0.240 | Remaining Turns: 1 | TickDown: DPS, END | Target: DPS | Affects: ['ALL']
        Trace3CD | CD% | Stacks: 1 | Value: 1.200 | Remaining Turns: 1 | TickDown: DPS, END | Target: DPS | Affects: ['ALL']
        BattleIsntOverDMGRole.SUP2 | DMG% | Stacks: 1 | Value: 0.300 | Remaining Turns: 1 | TickDown: DPS, END | Target: DPS | Affects: ['ALL']
        SkillDmg | DMG% | Stacks: 2 | Value: 2.000 | Remaining Turns: 1 | TickDown: DPS, START | Target: DPS | Affects: ['SKL']
        ----------End of Buff List----------
        ----------Enemy Debuffs----------
        RinTohsakaUltVuln | From: SUP1 | VULN | Stacks: 1 | Value: 0.200 | Remaining Turns: 1 | Target: 1 | Targeting: AOE | Affects: ['ALL'] | DOT: False | Blast: False
        ----------End of Debuff List----------
        ----------Healing List----------
        ----------End of Healing List----------
        ----------Shields List----------
        ----------End of Shields List----------
    GAUGE  - Enemy 1 toughness reduced by 20.000
    RESULT - ArcherSkill | Archer | DPS | DMG: 533496.179 | ELADMG: 0.000 | Enemies Hit: [1] | Enemies Broken: [] | WB DMG: 0.000 | Energy: 30.000 | Amount HP Healed: 0.000 | Amount HP Lost: 0.000 | Archer Energy: 172/220 | SP: 3 | MaxSP: 11)
Rin has obtained 2 Gem Energy from SP and now has 74 Gem Energy
    TURN   - ArcherJointAttack | Archer | DPS | AOE attack | ['QUA'] | ['FUA'] | Scaling: ATK | TargetID: 1 | DMG/BREAK Splits: [3.0, 0]/[0, 0] | Energy Gained: 0 | SP Change: 0

        ----------Char Buffs----------
        IdealsBurnCR | CR% | Stacks: 1 | Value: 0.160 | Remaining Turns: 1 | TickDown: DPS, PERM | Target: DPS | Affects: ['ALL']
        IdealsBurnATK | ATK% | Stacks: 1 | Value: 0.400 | Remaining Turns: 1 | TickDown: DPS, PERM | Target: DPS | Affects: ['ALL']
        GeniusDMG | DMG% | Stacks: 1 | Value: 0.100 | Remaining Turns: 1 | TickDown: DPS, PERM | Target: DPS | Affects: ['ALL']
        GeniusSHRED | SHRED | Stacks: 1 | Value: 0.200 | Remaining Turns: 1 | TickDown: DPS, PERM | Target: DPS | Affects: ['ALL']
        TengokuCD | CD% | Stacks: 1 | Value: 0.160 | Remaining Turns: 1 | TickDown: DPS, PERM | Target: DPS | Affects: ['ALL']
        ArcherTraceCR | CD% | Stacks: 1 | Value: 0.067 | Remaining Turns: 1 | TickDown: DPS, PERM | Target: DPS | Affects: ['ALL']
        ArcherTraceATK | ATK% | Stacks: 1 | Value: 0.180 | Remaining Turns: 1 | TickDown: DPS, PERM | Target: DPS | Affects: ['ALL']
        ArcherTraceDMG | DMG% | Stacks: 1 | Value: 0.224 | Remaining Turns: 1 | TickDown: DPS, PERM | Target: DPS | Affects: ['ALL']
        KeelCD(SUP2) | CD% | Stacks: 1 | Value: 0.100 | Remaining Turns: 1 | TickDown: DPS, PERM | Target: DPS | Affects: ['ALL']
        SparkleTeamATK | ATK% | Stacks: 1 | Value: 0.450 | Remaining Turns: 1 | TickDown: DPS, PERM | Target: DPS | Affects: ['ALL']
        KeelCD(SUS) | CD% | Stacks: 1 | Value: 0.100 | Remaining Turns: 1 | TickDown: DPS, PERM | Target: DPS | Affects: ['ALL']
        RinTohsakaAllyTrace1ATK | ATK% | Stacks: 1 | Value: 1.500 | Remaining Turns: 1 | TickDown: DPS, PERM | Target: DPS | Affects: ['ALL']
        RinTohsakaAllyTrace1PEN | QUAPEN | Stacks: 1 | Value: 0.150 | Remaining Turns: 1 | TickDown: DPS, PERM | Target: DPS | Affects: ['ALL']
        SparkleVUL | VULN | Stacks: 3 | Value: 0.120 | Remaining Turns: 2 | TickDown: DPS, END | Target: DPS | Affects: ['ALL']
        RinTalentCD | CD% | Stacks: 1 | Value: 0.700 | Remaining Turns: 2 | TickDown: DPS, END | Target: DPS | Affects: ['ALL']
        SacerdosCDSUP2 | CD% | Stacks: 2 | Value: 0.360 | Remaining Turns: 2 | TickDown: DPS, END | Target: DPS | Affects: ['ALL']
        SparkleCD | CD% | Stacks: 1 | Value: 1.175 | Remaining Turns: 2 | TickDown: DPS, END | Target: DPS | Affects: ['ALL']
        SparklePEN | PEN | Stacks: 1 | Value: 0.100 | Remaining Turns: 2 | TickDown: DPS, END | Target: DPS | Affects: ['ALL']
        WarriorGoddessHealCD | CD% | Stacks: 1 | Value: 0.150 | Remaining Turns: 1 | TickDown: DPS, START | Target: DPS | Affects: ['ALL']
        SparkleUltVUL | VULN | Stacks: 1 | Value: 0.180 | Remaining Turns: 3 | TickDown: DPS, END | Target: DPS | Affects: ['ALL']
        IdealsBurnSKLATK | ATK% | Stacks: 1 | Value: 0.400 | Remaining Turns: 1 | TickDown: DPS, PERM | Target: DPS | Affects: ['ALL']
        TengokuSPArcherCD | CD% | Stacks: 1 | Value: 0.320 | Remaining Turns: 3 | TickDown: DPS, END | Target: DPS | Affects: ['ALL']
        HuoHuoUltATK | ATK% | Stacks: 1 | Value: 0.400 | Remaining Turns: 1 | TickDown: DPS, END | Target: DPS | Affects: ['ALL']
        HuoHuoUltExtraATK | ATK% | Stacks: 1 | Value: 0.240 | Remaining Turns: 1 | TickDown: DPS, END | Target: DPS | Affects: ['ALL']
        Trace3CD | CD% | Stacks: 1 | Value: 1.200 | Remaining Turns: 1 | TickDown: DPS, END | Target: DPS | Affects: ['ALL']
        BattleIsntOverDMGRole.SUP2 | DMG% | Stacks: 1 | Value: 0.300 | Remaining Turns: 1 | TickDown: DPS, END | Target: DPS | Affects: ['ALL']
        ----------End of Buff List----------
        ----------Enemy Debuffs----------
        RinTohsakaUltVuln | From: SUP1 | VULN | Stacks: 1 | Value: 0.200 | Remaining Turns: 1 | Target: 1 | Targeting: AOE | Affects: ['ALL'] | DOT: False | Blast: False
        ----------End of Debuff List----------
        ----------Healing List----------
        ----------End of Healing List----------
        ----------Shields List----------
        ----------End of Shields List----------
    GAUGE  - Enemy 0 toughness reduced by 0.000
    GAUGE  - Enemy 1 toughness reduced by 0.000
    GAUGE  - Enemy 2 toughness reduced by 0.000
    RESULT - ArcherJointAttack | Archer | DPS | DMG: 668997.899 | ELADMG: 0.000 | Enemies Hit: [0, 1, 2] | Enemies Broken: [] | WB DMG: 0.000 | Energy: 0.000 | Amount HP Healed: 0.000 | Amount HP Lost: 0.000 | Archer Energy: 172/220 | SP: 3 | MaxSP: 11)
    TURN   - RinTohsakaJointAttack | RinTohsaka | SUP1 | AOE attack | ['QUA'] | ['FUA'] | Scaling: ATK | TargetID: 1 | DMG/BREAK Splits: [3.0, 0]/[20, 0] | Energy Gained: 10 | SP Change: 4

        ----------Char Buffs----------
        CalculusATK | ATK% | Stacks: 1 | Value: 0.120 | Remaining Turns: 1 | TickDown: SUP1, PERM | Target: SUP1 | Affects: ['ALL']
        GeniusDMG | DMG% | Stacks: 1 | Value: 0.100 | Remaining Turns: 1 | TickDown: SUP1, PERM | Target: SUP1 | Affects: ['ALL']
        GeniusSHRED | SHRED | Stacks: 1 | Value: 0.200 | Remaining Turns: 1 | TickDown: SUP1, PERM | Target: SUP1 | Affects: ['ALL']
        RutilantCR | CR% | Stacks: 1 | Value: 0.080 | Remaining Turns: 1 | TickDown: SUP1, PERM | Target: SUP1 | Affects: ['ALL']
        RinTohsakaTraceCD | CD% | Stacks: 1 | Value: 0.373 | Remaining Turns: 1 | TickDown: SUP1, PERM | Target: SUP1 | Affects: ['ALL']
        RinTohsakaTraceATK | ATK% | Stacks: 1 | Value: 0.180 | Remaining Turns: 1 | TickDown: SUP1, PERM | Target: SUP1 | Affects: ['ALL']
        RinTohsakaTraceDMG | DMG% | Stacks: 1 | Value: 0.080 | Remaining Turns: 1 | TickDown: SUP1, PERM | Target: SUP1 | Affects: ['ALL']
        RinTohsakaTrace1ATK | ATK% | Stacks: 1 | Value: 1.500 | Remaining Turns: 1 | TickDown: SUP1, PERM | Target: SUP1 | Affects: ['ALL']
        RinTohsakaTrace1PEN | QUAPEN | Stacks: 1 | Value: 0.150 | Remaining Turns: 1 | TickDown: SUP1, PERM | Target: SUP1 | Affects: ['ALL']
        KeelCD(SUP2) | CD% | Stacks: 1 | Value: 0.100 | Remaining Turns: 1 | TickDown: SUP1, PERM | Target: SUP1 | Affects: ['ALL']
        SparkleTeamATK | ATK% | Stacks: 1 | Value: 0.450 | Remaining Turns: 1 | TickDown: SUP1, PERM | Target: SUP1 | Affects: ['ALL']
        KeelCD(SUS) | CD% | Stacks: 1 | Value: 0.100 | Remaining Turns: 1 | TickDown: SUP1, PERM | Target: SUP1 | Affects: ['ALL']
        CalculusHitATK | ATK% | Stacks: 1 | Value: 0.080 | Remaining Turns: 1 | TickDown: SUP1, PERM | Target: SUP1 | Affects: ['ALL']
        TalentCD | CD% | Stacks: 1 | Value: 0.700 | Remaining Turns: 1 | TickDown: SUP1, END | Target: SUP1 | Affects: ['ALL']
        SparkleVUL | VULN | Stacks: 3 | Value: 0.120 | Remaining Turns: 2 | TickDown: SUP1, END | Target: SUP1 | Affects: ['ALL']
        WarriorGoddessHealCD | CD% | Stacks: 1 | Value: 0.150 | Remaining Turns: 1 | TickDown: SUP1, START | Target: SUP1 | Affects: ['ALL']
        SparkleUltVUL | VULN | Stacks: 1 | Value: 0.180 | Remaining Turns: 3 | TickDown: SUP1, END | Target: SUP1 | Affects: ['ALL']
        ----------End of Buff List----------
        ----------Enemy Debuffs----------
        RinTohsakaUltVuln | From: SUP1 | VULN | Stacks: 1 | Value: 0.200 | Remaining Turns: 1 | Target: 1 | Targeting: AOE | Affects: ['ALL'] | DOT: False | Blast: False
        ----------End of Debuff List----------
        ----------Healing List----------
        ----------End of Healing List----------
        ----------Shields List----------
        ----------End of Shields List----------
    GAUGE  - Enemy 0 toughness reduced by 20.000
    GAUGE  - Enemy 1 toughness reduced by 20.000
    GAUGE  - Enemy 2 toughness reduced by 20.000
    RESULT - RinTohsakaJointAttack | RinTohsaka | SUP1 | DMG: 166356.067 | ELADMG: 0.000 | Enemies Hit: [0, 1, 2] | Enemies Broken: [0, 2] | WB DMG: 11339.182 | Energy: 10.000 | Amount HP Healed: 0.000 | Amount HP Lost: 0.000 | RinTohsaka Energy: 97/160 | SP: 7 | MaxSP: 11)
Rin has obtained 4 Gem Energy from SP and now has 78 Gem Energy
    TURN   - SparkleOverflowSP | Sparkle | SUP2 | NA attack | ['QUA'] | ['SPECIAL'] | Scaling: ATK | TargetID: -1 | DMG/BREAK Splits: [0, 0]/[0, 0] | Energy Gained: 0 | SP Change: 2

        ----------Char Buffs----------
        BattleIsntOverERR | ERR% | Stacks: 1 | Value: 0.100 | Remaining Turns: 1 | TickDown: SUP2, PERM | Target: SUP2 | Affects: ['ALL']
        SacerdosSPD | SPD% | Stacks: 1 | Value: 0.060 | Remaining Turns: 1 | TickDown: SUP2, PERM | Target: SUP2 | Affects: ['ALL']
        KeelEFFRES | ERS% | Stacks: 1 | Value: 0.100 | Remaining Turns: 1 | TickDown: SUP2, PERM | Target: SUP2 | Affects: ['ALL']
        KeelCD(SUP2) | CD% | Stacks: 1 | Value: 0.100 | Remaining Turns: 1 | TickDown: SUP2, PERM | Target: SUP2 | Affects: ['ALL']
        SparkleTraceHP | HP% | Stacks: 1 | Value: 0.280 | Remaining Turns: 1 | TickDown: SUP2, PERM | Target: SUP2 | Affects: ['ALL']
        SparkleTraceCD | CD% | Stacks: 1 | Value: 0.240 | Remaining Turns: 1 | TickDown: SUP2, PERM | Target: SUP2 | Affects: ['ALL']
        SparkleTraceERS | ERS% | Stacks: 1 | Value: 0.100 | Remaining Turns: 1 | TickDown: SUP2, PERM | Target: SUP2 | Affects: ['ALL']
        SparkleTeamATK | ATK% | Stacks: 1 | Value: 0.450 | Remaining Turns: 1 | TickDown: SUP2, PERM | Target: SUP2 | Affects: ['ALL']
        KeelCD(SUS) | CD% | Stacks: 1 | Value: 0.100 | Remaining Turns: 1 | TickDown: SUP2, PERM | Target: SUP2 | Affects: ['ALL']
        SparkleVUL | VULN | Stacks: 3 | Value: 0.120 | Remaining Turns: 2 | TickDown: SUP2, END | Target: SUP2 | Affects: ['ALL']
        WarriorGoddessHealCD | CD% | Stacks: 1 | Value: 0.150 | Remaining Turns: 1 | TickDown: SUP2, START | Target: SUP2 | Affects: ['ALL']
        SparkleUltVUL | VULN | Stacks: 1 | Value: 0.180 | Remaining Turns: 2 | TickDown: SUP2, END | Target: SUP2 | Affects: ['ALL']
        RinTalentCD | CD% | Stacks: 1 | Value: 0.700 | Remaining Turns: 1 | TickDown: SUP2, END | Target: SUP2 | Affects: ['ALL']
        SparkleTalentERR | ERR_T | Stacks: 1 | Value: 1.000 | Remaining Turns: 1 | TickDown: SUP2, START | Target: SUP2 | Affects: ['ALL']
        ----------End of Buff List----------
        ----------Enemy Debuffs----------
        ----------End of Debuff List----------
        ----------Healing List----------
        ----------End of Healing List----------
        ----------Shields List----------
        ----------End of Shields List----------
    GAUGE  - Enemy 0 toughness reduced by 0.000
    RESULT - SparkleOverflowSP | Sparkle | SUP2 | DMG: 0.000 | ELADMG: 0.000 | Enemies Hit: [0] | Enemies Broken: [] | WB DMG: 0.000 | Energy: 0.000 | Amount HP Healed: 0.000 | Amount HP Lost: 0.000 | Sparkle Energy: 49/110 | SP: 9 | MaxSP: 11)
Rin has obtained 2 Gem Energy from SP and now has 80 Gem Energy
ERR    > 1.294 energy added to Sparkle from SparkleTalentERR | Sparkle Energy: 50.481
ACTION > [CIRCUIT] TotalAV: 187.862 | Archer | circuit skill use 5
CIRCUIT > Archer Circuit skill use 5/5
CIRCUIT > Archer exited Circuit Connection state
    TURN   - ArcherSkill | Archer | DPS | ST attack | ['QUA'] | ['SKL'] | Scaling: ATK | TargetID: 1 | DMG/BREAK Splits: [3.6, 0]/[20, 0] | Energy Gained: 30 | SP Change: -2

        ----------Char Buffs----------
        IdealsBurnCR | CR% | Stacks: 1 | Value: 0.160 | Remaining Turns: 1 | TickDown: DPS, PERM | Target: DPS | Affects: ['ALL']
        IdealsBurnATK | ATK% | Stacks: 1 | Value: 0.400 | Remaining Turns: 1 | TickDown: DPS, PERM | Target: DPS | Affects: ['ALL']
        GeniusDMG | DMG% | Stacks: 1 | Value: 0.100 | Remaining Turns: 1 | TickDown: DPS, PERM | Target: DPS | Affects: ['ALL']
        GeniusSHRED | SHRED | Stacks: 1 | Value: 0.200 | Remaining Turns: 1 | TickDown: DPS, PERM | Target: DPS | Affects: ['ALL']
        TengokuCD | CD% | Stacks: 1 | Value: 0.160 | Remaining Turns: 1 | TickDown: DPS, PERM | Target: DPS | Affects: ['ALL']
        ArcherTraceCR | CD% | Stacks: 1 | Value: 0.067 | Remaining Turns: 1 | TickDown: DPS, PERM | Target: DPS | Affects: ['ALL']
        ArcherTraceATK | ATK% | Stacks: 1 | Value: 0.180 | Remaining Turns: 1 | TickDown: DPS, PERM | Target: DPS | Affects: ['ALL']
        ArcherTraceDMG | DMG% | Stacks: 1 | Value: 0.224 | Remaining Turns: 1 | TickDown: DPS, PERM | Target: DPS | Affects: ['ALL']
        KeelCD(SUP2) | CD% | Stacks: 1 | Value: 0.100 | Remaining Turns: 1 | TickDown: DPS, PERM | Target: DPS | Affects: ['ALL']
        SparkleTeamATK | ATK% | Stacks: 1 | Value: 0.450 | Remaining Turns: 1 | TickDown: DPS, PERM | Target: DPS | Affects: ['ALL']
        KeelCD(SUS) | CD% | Stacks: 1 | Value: 0.100 | Remaining Turns: 1 | TickDown: DPS, PERM | Target: DPS | Affects: ['ALL']
        RinTohsakaAllyTrace1ATK | ATK% | Stacks: 1 | Value: 1.500 | Remaining Turns: 1 | TickDown: DPS, PERM | Target: DPS | Affects: ['ALL']
        RinTohsakaAllyTrace1PEN | QUAPEN | Stacks: 1 | Value: 0.150 | Remaining Turns: 1 | TickDown: DPS, PERM | Target: DPS | Affects: ['ALL']
        SparkleVUL | VULN | Stacks: 3 | Value: 0.120 | Remaining Turns: 2 | TickDown: DPS, END | Target: DPS | Affects: ['ALL']
        RinTalentCD | CD% | Stacks: 1 | Value: 0.700 | Remaining Turns: 2 | TickDown: DPS, END | Target: DPS | Affects: ['ALL']
        SacerdosCDSUP2 | CD% | Stacks: 2 | Value: 0.360 | Remaining Turns: 2 | TickDown: DPS, END | Target: DPS | Affects: ['ALL']
        SparkleCD | CD% | Stacks: 1 | Value: 1.175 | Remaining Turns: 2 | TickDown: DPS, END | Target: DPS | Affects: ['ALL']
        SparklePEN | PEN | Stacks: 1 | Value: 0.100 | Remaining Turns: 2 | TickDown: DPS, END | Target: DPS | Affects: ['ALL']
        WarriorGoddessHealCD | CD% | Stacks: 1 | Value: 0.150 | Remaining Turns: 1 | TickDown: DPS, START | Target: DPS | Affects: ['ALL']
        SparkleUltVUL | VULN | Stacks: 1 | Value: 0.180 | Remaining Turns: 3 | TickDown: DPS, END | Target: DPS | Affects: ['ALL']
        IdealsBurnSKLATK | ATK% | Stacks: 1 | Value: 0.400 | Remaining Turns: 1 | TickDown: DPS, PERM | Target: DPS | Affects: ['ALL']
        TengokuSPArcherCD | CD% | Stacks: 1 | Value: 0.320 | Remaining Turns: 3 | TickDown: DPS, END | Target: DPS | Affects: ['ALL']
        HuoHuoUltATK | ATK% | Stacks: 1 | Value: 0.400 | Remaining Turns: 1 | TickDown: DPS, END | Target: DPS | Affects: ['ALL']
        HuoHuoUltExtraATK | ATK% | Stacks: 1 | Value: 0.240 | Remaining Turns: 1 | TickDown: DPS, END | Target: DPS | Affects: ['ALL']
        Trace3CD | CD% | Stacks: 1 | Value: 1.200 | Remaining Turns: 1 | TickDown: DPS, END | Target: DPS | Affects: ['ALL']
        BattleIsntOverDMGRole.SUP2 | DMG% | Stacks: 1 | Value: 0.300 | Remaining Turns: 1 | TickDown: DPS, END | Target: DPS | Affects: ['ALL']
        SkillDmg | DMG% | Stacks: 2 | Value: 2.000 | Remaining Turns: 1 | TickDown: DPS, START | Target: DPS | Affects: ['SKL']
        ----------End of Buff List----------
        ----------Enemy Debuffs----------
        RinTohsakaUltVuln | From: SUP1 | VULN | Stacks: 1 | Value: 0.200 | Remaining Turns: 1 | Target: 1 | Targeting: AOE | Affects: ['ALL'] | DOT: False | Blast: False
        ----------End of Debuff List----------
        ----------Healing List----------
        ----------End of Healing List----------
        ----------Shields List----------
        ----------End of Shields List----------
    GAUGE  - Enemy 1 toughness reduced by 20.000
    RESULT - ArcherSkill | Archer | DPS | DMG: 533496.179 | ELADMG: 0.000 | Enemies Hit: [1] | Enemies Broken: [] | WB DMG: 0.000 | Energy: 30.000 | Amount HP Healed: 0.000 | Amount HP Lost: 0.000 | Archer Energy: 202/220 | SP: 7 | MaxSP: 11)
Rin has obtained 2 Gem Energy from SP and now has 82 Gem Energy
ERR    > 1.294 energy added to Sparkle from SparkleTalentERR | Sparkle Energy: 51.776
        Buff HuoHuoUltATK expired
        Buff HuoHuoUltExtraATK expired
        Buff Trace3CD expired
        Buff BattleIsntOverDMGRole.SUP2 expired
SPD    > RinTohsaka speed changed to 161.752 | NewAV: 46.833
AV     > Archer AV reset to 95.602 | 104.600 SPD
DELAY  > Enemy 0 delayed by 25.0% from STDBreakDelay | NewAV: 62.138
DELAY  > Enemy 0 delayed by 22.3% from QUA-break | NewAV: 79.317
DELAY  > Enemy 2 delayed by 25.0% from STDBreakDelay | NewAV: 62.138
DELAY  > Enemy 2 delayed by 22.3% from QUA-break | NewAV: 79.317

<<< NEW TURN >>>
-   HuoHuo AV: 0.000 ENERGY: 71.331 MaxHP: 6139.808 CurrHp 5009.095 ShieldHP: 0.000
-   RinTohsaka AV: 45.475 ENERGY: 96.667 MaxHP: 3051.570 CurrHp 1325.150 ShieldHP: 0.000
-   Enemy 1 AV: 59.938 ENERGY: 0.000 MaxHP: 5000000.000 CurrHp 891272.900 ShieldHP: 0.000
-   Sparkle AV: 61.263 ENERGY: 51.776 MaxHP: 4358.742 CurrHp 2063.098 ShieldHP: 0.000
-   Enemy 0 AV: 77.960 ENERGY: 0.000 MaxHP: 2000000.000 CurrHp 1142620.672 ShieldHP: 0.000
-   Enemy 2 AV: 77.960 ENERGY: 0.000 MaxHP: 2000000.000 CurrHp 1142620.672 ShieldHP: 0.000
-   Archer AV: 94.244 ENERGY: 201.667 MaxHP: 3063.425 CurrHp 2498.388 ShieldHP: 0.000

Combat context set: 3 enemies, 4 players
Combat context initialized: 3 enemies, Elation team size: 0
ACTION > [CHAR] TotalAV: 189.219 | TurnAV: 1.358 | HuoHuo | A-move
        Buff WarriorGoddessHealSPD expired
        Buff WarriorGoddessHealCD expired
    TURN   - HuoHuoBasic | HuoHuo | SUS | ST attack | ['WIN'] | ['BSC'] | Scaling: HP | TargetID: 1 | DMG/BREAK Splits: [0.5, 0]/[10, 0] | Energy Gained: 20 | SP Change: 1

        ----------Char Buffs----------
        KeelCD(SUP2) | CD% | Stacks: 1 | Value: 0.100 | Remaining Turns: 1 | TickDown: SUS, PERM | Target: SUS | Affects: ['ALL']
        SparkleTeamATK | ATK% | Stacks: 1 | Value: 0.450 | Remaining Turns: 1 | TickDown: SUS, PERM | Target: SUS | Affects: ['ALL']
        PostOpERR | ERR% | Stacks: 1 | Value: 0.160 | Remaining Turns: 1 | TickDown: SUS, PERM | Target: SUS | Affects: ['ALL']
        WarriorGoddessSPD | SPD% | Stacks: 1 | Value: 0.060 | Remaining Turns: 1 | TickDown: SUS, PERM | Target: SUS | Affects: ['ALL']
        KeelEFFRES | ERS% | Stacks: 1 | Value: 0.100 | Remaining Turns: 1 | TickDown: SUS, PERM | Target: SUS | Affects: ['ALL']
        KeelCD(SUS) | CD% | Stacks: 1 | Value: 0.100 | Remaining Turns: 1 | TickDown: SUS, PERM | Target: SUS | Affects: ['ALL']
        HHTraceHP | HP% | Stacks: 1 | Value: 0.280 | Remaining Turns: 1 | TickDown: SUS, PERM | Target: SUS | Affects: ['ALL']
        HHTraceERS | ERS% | Stacks: 1 | Value: 0.180 | Remaining Turns: 1 | TickDown: SUS, PERM | Target: SUS | Affects: ['ALL']
        HHTraceSPD | SPD | Stacks: 1 | Value: 5.000 | Remaining Turns: 1 | TickDown: SUS, PERM | Target: SUS | Affects: ['ALL']
        SparkleVUL | VULN | Stacks: 3 | Value: 0.120 | Remaining Turns: 2 | TickDown: SUS, END | Target: SUS | Affects: ['ALL']
        SparkleUltVUL | VULN | Stacks: 1 | Value: 0.180 | Remaining Turns: 3 | TickDown: SUS, END | Target: SUS | Affects: ['ALL']
        RinTalentCD | CD% | Stacks: 1 | Value: 0.700 | Remaining Turns: 1 | TickDown: SUS, END | Target: SUS | Affects: ['ALL']
        ----------End of Buff List----------
        ----------Enemy Debuffs----------
        RinTohsakaUltVuln | From: SUP1 | VULN | Stacks: 1 | Value: 0.200 | Remaining Turns: 1 | Target: 1 | Targeting: AOE | Affects: ['ALL'] | DOT: False | Blast: False
        ----------End of Debuff List----------
        ----------Healing List----------
        ----------End of Healing List----------
        ----------Shields List----------
        ----------End of Shields List----------
    GAUGE  - Enemy 1 toughness reduced by 0.000
    RESULT - HuoHuoBasic | HuoHuo | SUS | DMG: 1795.430 | ELADMG: 0.000 | Enemies Hit: [1] | Enemies Broken: [] | WB DMG: 0.000 | Energy: 27.088 | Amount HP Healed: 0.000 | Amount HP Lost: 0.000 | HuoHuo Energy: 98/140 | SP: 8 | MaxSP: 11)
Rin has obtained 1 Gem Energy from SP and now has 83 Gem Energy
SPD    > HuoHuo speed changed to 154.612 | NewAV: 0.000
AV     > HuoHuo AV reset to 64.678 | 154.612 SPD

<<< NEW TURN >>>
-   RinTohsaka AV: 0.000 ENERGY: 96.667 MaxHP: 3051.570 CurrHp 1325.150 ShieldHP: 0.000
-   Enemy 1 AV: 14.463 ENERGY: 0.000 MaxHP: 5000000.000 CurrHp 889477.471 ShieldHP: 0.000
-   Sparkle AV: 15.788 ENERGY: 51.776 MaxHP: 4358.742 CurrHp 2063.098 ShieldHP: 0.000
-   HuoHuo AV: 19.203 ENERGY: 98.419 MaxHP: 6139.808 CurrHp 5009.095 ShieldHP: 0.000
-   Enemy 0 AV: 32.485 ENERGY: 0.000 MaxHP: 2000000.000 CurrHp 1142620.672 ShieldHP: 0.000
-   Enemy 2 AV: 32.485 ENERGY: 0.000 MaxHP: 2000000.000 CurrHp 1142620.672 ShieldHP: 0.000
-   Archer AV: 48.770 ENERGY: 201.667 MaxHP: 3063.425 CurrHp 2498.388 ShieldHP: 0.000

Combat context set: 3 enemies, 4 players
Combat context initialized: 3 enemies, Elation team size: 0
Rin can use Enhanced Skill
ACTION > [CHAR] TotalAV: 234.694 | TurnAV: 45.475 | RinTohsaka | E-move
        Buff WarriorGoddessHealCD expired
Amount of extraHits from EnhancedSkill = 27 from 83 Gem Energy
    TURN   - RinTohsakaSkillAOE | RinTohsaka | SUP1 | AOE attack | ['QUA'] | ['SKL'] | Scaling: ATK | TargetID: 1 | DMG/BREAK Splits: [0.9, 0]/[20, 0] | Energy Gained: 0 | SP Change: 0

        ----------Char Buffs----------
        CalculusATK | ATK% | Stacks: 1 | Value: 0.120 | Remaining Turns: 1 | TickDown: SUP1, PERM | Target: SUP1 | Affects: ['ALL']
        GeniusDMG | DMG% | Stacks: 1 | Value: 0.100 | Remaining Turns: 1 | TickDown: SUP1, PERM | Target: SUP1 | Affects: ['ALL']
        GeniusSHRED | SHRED | Stacks: 1 | Value: 0.200 | Remaining Turns: 1 | TickDown: SUP1, PERM | Target: SUP1 | Affects: ['ALL']
        RutilantCR | CR% | Stacks: 1 | Value: 0.080 | Remaining Turns: 1 | TickDown: SUP1, PERM | Target: SUP1 | Affects: ['ALL']
        RutilantBonusDMG | DMG% | Stacks: 1 | Value: 0.200 | Remaining Turns: 1 | TickDown: SUP1, PERM | Target: SUP1 | Affects: ['BSC', 'SKL']
        RinTohsakaTraceCD | CD% | Stacks: 1 | Value: 0.373 | Remaining Turns: 1 | TickDown: SUP1, PERM | Target: SUP1 | Affects: ['ALL']
        RinTohsakaTraceATK | ATK% | Stacks: 1 | Value: 0.180 | Remaining Turns: 1 | TickDown: SUP1, PERM | Target: SUP1 | Affects: ['ALL']
        RinTohsakaTraceDMG | DMG% | Stacks: 1 | Value: 0.080 | Remaining Turns: 1 | TickDown: SUP1, PERM | Target: SUP1 | Affects: ['ALL']
        RinTohsakaTrace1ATK | ATK% | Stacks: 1 | Value: 1.500 | Remaining Turns: 1 | TickDown: SUP1, PERM | Target: SUP1 | Affects: ['ALL']
        RinTohsakaTrace1PEN | QUAPEN | Stacks: 1 | Value: 0.150 | Remaining Turns: 1 | TickDown: SUP1, PERM | Target: SUP1 | Affects: ['ALL']
        KeelCD(SUP2) | CD% | Stacks: 1 | Value: 0.100 | Remaining Turns: 1 | TickDown: SUP1, PERM | Target: SUP1 | Affects: ['ALL']
        SparkleTeamATK | ATK% | Stacks: 1 | Value: 0.450 | Remaining Turns: 1 | TickDown: SUP1, PERM | Target: SUP1 | Affects: ['ALL']
        KeelCD(SUS) | CD% | Stacks: 1 | Value: 0.100 | Remaining Turns: 1 | TickDown: SUP1, PERM | Target: SUP1 | Affects: ['ALL']
        CalculusHitATK | ATK% | Stacks: 1 | Value: 0.240 | Remaining Turns: 1 | TickDown: SUP1, PERM | Target: SUP1 | Affects: ['ALL']
        TalentCD | CD% | Stacks: 1 | Value: 0.700 | Remaining Turns: 2 | TickDown: SUP1, END | Target: SUP1 | Affects: ['ALL']
        SparkleVUL | VULN | Stacks: 3 | Value: 0.120 | Remaining Turns: 2 | TickDown: SUP1, END | Target: SUP1 | Affects: ['ALL']
        SparkleUltVUL | VULN | Stacks: 1 | Value: 0.180 | Remaining Turns: 3 | TickDown: SUP1, END | Target: SUP1 | Affects: ['ALL']
        CalculusHitSpd | SPD% | Stacks: 1 | Value: 0.160 | Remaining Turns: 1 | TickDown: SUP1, END | Target: SUP1 | Affects: ['ALL']
        EnhancedSkillSPD | SPD% | Stacks: 1 | Value: 0.200 | Remaining Turns: 3 | TickDown: SUP1, END | Target: SUP1 | Affects: ['ALL']
        ----------End of Buff List----------
        ----------Enemy Debuffs----------
        RinTohsakaUltVuln | From: SUP1 | VULN | Stacks: 1 | Value: 0.200 | Remaining Turns: 1 | Target: 1 | Targeting: AOE | Affects: ['ALL'] | DOT: False | Blast: False
        ----------End of Debuff List----------
        ----------Healing List----------
        ----------End of Healing List----------
        ----------Shields List----------
        ----------End of Shields List----------
    GAUGE  - Enemy 0 toughness reduced by 20.000
    GAUGE  - Enemy 1 toughness reduced by 20.000
    GAUGE  - Enemy 2 toughness reduced by 20.000
    RESULT - RinTohsakaSkillAOE | RinTohsaka | SUP1 | DMG: 60065.306 | ELADMG: 0.000 | Enemies Hit: [0, 1, 2] | Enemies Broken: [] | WB DMG: 0.000 | Energy: 0.000 | Amount HP Healed: 0.000 | Amount HP Lost: 0.000 | RinTohsaka Energy: 97/160 | SP: 8 | MaxSP: 11)
    TURN   - RinTohsakaSkillSingle | RinTohsaka | SUP1 | ST attack | ['QUA'] | ['SKL'] | Scaling: ATK | TargetID: 1 | DMG/BREAK Splits: [24.3, 0]/[54, 0] | Energy Gained: 30 | SP Change: -6

        ----------Char Buffs----------
        CalculusATK | ATK% | Stacks: 1 | Value: 0.120 | Remaining Turns: 1 | TickDown: SUP1, PERM | Target: SUP1 | Affects: ['ALL']
        GeniusDMG | DMG% | Stacks: 1 | Value: 0.100 | Remaining Turns: 1 | TickDown: SUP1, PERM | Target: SUP1 | Affects: ['ALL']
        GeniusSHRED | SHRED | Stacks: 1 | Value: 0.200 | Remaining Turns: 1 | TickDown: SUP1, PERM | Target: SUP1 | Affects: ['ALL']
        RutilantCR | CR% | Stacks: 1 | Value: 0.080 | Remaining Turns: 1 | TickDown: SUP1, PERM | Target: SUP1 | Affects: ['ALL']
        RutilantBonusDMG | DMG% | Stacks: 1 | Value: 0.200 | Remaining Turns: 1 | TickDown: SUP1, PERM | Target: SUP1 | Affects: ['BSC', 'SKL']
        RinTohsakaTraceCD | CD% | Stacks: 1 | Value: 0.373 | Remaining Turns: 1 | TickDown: SUP1, PERM | Target: SUP1 | Affects: ['ALL']
        RinTohsakaTraceATK | ATK% | Stacks: 1 | Value: 0.180 | Remaining Turns: 1 | TickDown: SUP1, PERM | Target: SUP1 | Affects: ['ALL']
        RinTohsakaTraceDMG | DMG% | Stacks: 1 | Value: 0.080 | Remaining Turns: 1 | TickDown: SUP1, PERM | Target: SUP1 | Affects: ['ALL']
        RinTohsakaTrace1ATK | ATK% | Stacks: 1 | Value: 1.500 | Remaining Turns: 1 | TickDown: SUP1, PERM | Target: SUP1 | Affects: ['ALL']
        RinTohsakaTrace1PEN | QUAPEN | Stacks: 1 | Value: 0.150 | Remaining Turns: 1 | TickDown: SUP1, PERM | Target: SUP1 | Affects: ['ALL']
        KeelCD(SUP2) | CD% | Stacks: 1 | Value: 0.100 | Remaining Turns: 1 | TickDown: SUP1, PERM | Target: SUP1 | Affects: ['ALL']
        SparkleTeamATK | ATK% | Stacks: 1 | Value: 0.450 | Remaining Turns: 1 | TickDown: SUP1, PERM | Target: SUP1 | Affects: ['ALL']
        KeelCD(SUS) | CD% | Stacks: 1 | Value: 0.100 | Remaining Turns: 1 | TickDown: SUP1, PERM | Target: SUP1 | Affects: ['ALL']
        CalculusHitATK | ATK% | Stacks: 1 | Value: 0.240 | Remaining Turns: 1 | TickDown: SUP1, PERM | Target: SUP1 | Affects: ['ALL']
        TalentCD | CD% | Stacks: 1 | Value: 0.700 | Remaining Turns: 2 | TickDown: SUP1, END | Target: SUP1 | Affects: ['ALL']
        SparkleVUL | VULN | Stacks: 3 | Value: 0.120 | Remaining Turns: 2 | TickDown: SUP1, END | Target: SUP1 | Affects: ['ALL']
        SparkleUltVUL | VULN | Stacks: 1 | Value: 0.180 | Remaining Turns: 3 | TickDown: SUP1, END | Target: SUP1 | Affects: ['ALL']
        CalculusHitSpd | SPD% | Stacks: 1 | Value: 0.160 | Remaining Turns: 1 | TickDown: SUP1, END | Target: SUP1 | Affects: ['ALL']
        EnhancedSkillSPD | SPD% | Stacks: 1 | Value: 0.200 | Remaining Turns: 3 | TickDown: SUP1, END | Target: SUP1 | Affects: ['ALL']
        ----------End of Buff List----------
        ----------Enemy Debuffs----------
        RinTohsakaUltVuln | From: SUP1 | VULN | Stacks: 1 | Value: 0.200 | Remaining Turns: 1 | Target: 1 | Targeting: AOE | Affects: ['ALL'] | DOT: False | Blast: False
        ----------End of Debuff List----------
        ----------Healing List----------
        ----------End of Healing List----------
        ----------Shields List----------
        ----------End of Shields List----------
    GAUGE  - Enemy 1 toughness reduced by 54.000
    RESULT - RinTohsakaSkillSingle | RinTohsaka | SUP1 | DMG: 503305.841 | ELADMG: 0.000 | Enemies Hit: [1] | Enemies Broken: [1] | WB DMG: 8504.386 | Energy: 30.000 | Amount HP Healed: 0.000 | Amount HP Lost: 0.000 | RinTohsaka Energy: 127/160 | SP: 2 | MaxSP: 11)
Rin has obtained 12 Gem Energy from SP and now has 14 Gem Energy
        Buff CalculusHitSpd expired
SPD    > RinTohsaka speed changed to 165.832 | NewAV: 0.000
AV     > RinTohsaka AV reset to 60.302 | 165.832 SPD
DELAY  > Enemy 1 delayed by 25.0% from STDBreakDelay | NewAV: 30.246
DELAY  > Enemy 1 delayed by 22.3% from QUA-break | NewAV: 44.345

<<< NEW TURN >>>
-   Sparkle AV: 0.000 ENERGY: 51.776 MaxHP: 4358.742 CurrHp 2063.098 ShieldHP: 0.000
-   HuoHuo AV: 3.415 ENERGY: 98.419 MaxHP: 6139.808 CurrHp 5009.095 ShieldHP: 0.000
-   Enemy 0 AV: 16.697 ENERGY: 0.000 MaxHP: 2000000.000 CurrHp 1121908.497 ShieldHP: 0.000
-   Enemy 2 AV: 16.697 ENERGY: 0.000 MaxHP: 2000000.000 CurrHp 1121908.497 ShieldHP: 0.000
-   Enemy 1 AV: 28.557 ENERGY: 0.000 MaxHP: 5000000.000 CurrHp 367530.673 ShieldHP: 0.000
-   Archer AV: 32.982 ENERGY: 201.667 MaxHP: 3063.425 CurrHp 2498.388 ShieldHP: 0.000
-   RinTohsaka AV: 44.514 ENERGY: 126.667 MaxHP: 3051.570 CurrHp 1325.150 ShieldHP: 0.000

Combat context set: 3 enemies, 4 players
Combat context initialized: 3 enemies, Elation team size: 0
ACTION > [CHAR] TotalAV: 250.482 | TurnAV: 15.788 | Sparkle | E-move
        Buff WarriorGoddessHealCD expired
    TURN   - SparkleSkill | Sparkle | SUP2 | NA attack | ['QUA'] | ['SKL'] | Scaling: ATK | TargetID: -1 | DMG/BREAK Splits: [0, 0]/[0, 0] | Energy Gained: 30 | SP Change: 0

        ----------Char Buffs----------
        BattleIsntOverERR | ERR% | Stacks: 1 | Value: 0.100 | Remaining Turns: 1 | TickDown: SUP2, PERM | Target: SUP2 | Affects: ['ALL']
        SacerdosSPD | SPD% | Stacks: 1 | Value: 0.060 | Remaining Turns: 1 | TickDown: SUP2, PERM | Target: SUP2 | Affects: ['ALL']
        KeelEFFRES | ERS% | Stacks: 1 | Value: 0.100 | Remaining Turns: 1 | TickDown: SUP2, PERM | Target: SUP2 | Affects: ['ALL']
        KeelCD(SUP2) | CD% | Stacks: 1 | Value: 0.100 | Remaining Turns: 1 | TickDown: SUP2, PERM | Target: SUP2 | Affects: ['ALL']
        SparkleTraceHP | HP% | Stacks: 1 | Value: 0.280 | Remaining Turns: 1 | TickDown: SUP2, PERM | Target: SUP2 | Affects: ['ALL']
        SparkleTraceCD | CD% | Stacks: 1 | Value: 0.240 | Remaining Turns: 1 | TickDown: SUP2, PERM | Target: SUP2 | Affects: ['ALL']
        SparkleTraceERS | ERS% | Stacks: 1 | Value: 0.100 | Remaining Turns: 1 | TickDown: SUP2, PERM | Target: SUP2 | Affects: ['ALL']
        SparkleTeamATK | ATK% | Stacks: 1 | Value: 0.450 | Remaining Turns: 1 | TickDown: SUP2, PERM | Target: SUP2 | Affects: ['ALL']
        KeelCD(SUS) | CD% | Stacks: 1 | Value: 0.100 | Remaining Turns: 1 | TickDown: SUP2, PERM | Target: SUP2 | Affects: ['ALL']
        SparkleVUL | VULN | Stacks: 3 | Value: 0.120 | Remaining Turns: 2 | TickDown: SUP2, END | Target: SUP2 | Affects: ['ALL']
        SparkleUltVUL | VULN | Stacks: 1 | Value: 0.180 | Remaining Turns: 2 | TickDown: SUP2, END | Target: SUP2 | Affects: ['ALL']
        RinTalentCD | CD% | Stacks: 1 | Value: 0.700 | Remaining Turns: 2 | TickDown: SUP2, END | Target: SUP2 | Affects: ['ALL']
        ----------End of Buff List----------
        ----------Enemy Debuffs----------
        ----------End of Debuff List----------
        ----------Healing List----------
        ----------End of Healing List----------
        ----------Shields List----------
        ----------End of Shields List----------
    GAUGE  - Enemy 0 toughness reduced by 0.000
    RESULT - SparkleSkill | Sparkle | SUP2 | DMG: 0.000 | ELADMG: 0.000 | Enemies Hit: [0] | Enemies Broken: [] | WB DMG: 0.000 | Energy: 38.832 | Amount HP Healed: 0.000 | Amount HP Lost: 0.000 | Sparkle Energy: 91/110 | SP: 2 | MaxSP: 11)
ADV    > Archer advanced by 50.000% from SparkleForward | NewAV: 0.000 | Priority: 17
AV     > Sparkle AV reset to 62.621 | 159.692 SPD

<<< NEW TURN >>>
-   Archer AV: 0.000 ENERGY: 201.667 MaxHP: 3063.425 CurrHp 2498.388 ShieldHP: 0.000
-   HuoHuo AV: 3.415 ENERGY: 98.419 MaxHP: 6139.808 CurrHp 5009.095 ShieldHP: 0.000
-   Enemy 0 AV: 16.697 ENERGY: 0.000 MaxHP: 2000000.000 CurrHp 1121908.497 ShieldHP: 0.000
-   Enemy 2 AV: 16.697 ENERGY: 0.000 MaxHP: 2000000.000 CurrHp 1121908.497 ShieldHP: 0.000
-   Enemy 1 AV: 28.557 ENERGY: 0.000 MaxHP: 5000000.000 CurrHp 367530.673 ShieldHP: 0.000
-   RinTohsaka AV: 44.514 ENERGY: 126.667 MaxHP: 3051.570 CurrHp 1325.150 ShieldHP: 0.000
-   Sparkle AV: 62.621 ENERGY: 90.608 MaxHP: 4358.742 CurrHp 2063.098 ShieldHP: 0.000

Combat context set: 3 enemies, 4 players
Combat context initialized: 3 enemies, Elation team size: 0
ACTION > [CHAR] TotalAV: 250.482 | TurnAV: 0.000 | Archer | E-move
        Buff WarriorGoddessHealCD expired
        Buff SkillDmg expired
CIRCUIT > Archer entered Circuit Connection (use 1/5)
    TURN   - ArcherSkill | Archer | DPS | ST attack | ['QUA'] | ['SKL'] | Scaling: ATK | TargetID: 1 | DMG/BREAK Splits: [3.6, 0]/[20, 0] | Energy Gained: 30 | SP Change: -2

        ----------Char Buffs----------
        IdealsBurnCR | CR% | Stacks: 1 | Value: 0.160 | Remaining Turns: 1 | TickDown: DPS, PERM | Target: DPS | Affects: ['ALL']
        IdealsBurnATK | ATK% | Stacks: 1 | Value: 0.400 | Remaining Turns: 1 | TickDown: DPS, PERM | Target: DPS | Affects: ['ALL']
        GeniusDMG | DMG% | Stacks: 1 | Value: 0.100 | Remaining Turns: 1 | TickDown: DPS, PERM | Target: DPS | Affects: ['ALL']
        GeniusSHRED | SHRED | Stacks: 1 | Value: 0.200 | Remaining Turns: 1 | TickDown: DPS, PERM | Target: DPS | Affects: ['ALL']
        TengokuCD | CD% | Stacks: 1 | Value: 0.160 | Remaining Turns: 1 | TickDown: DPS, PERM | Target: DPS | Affects: ['ALL']
        ArcherTraceCR | CD% | Stacks: 1 | Value: 0.067 | Remaining Turns: 1 | TickDown: DPS, PERM | Target: DPS | Affects: ['ALL']
        ArcherTraceATK | ATK% | Stacks: 1 | Value: 0.180 | Remaining Turns: 1 | TickDown: DPS, PERM | Target: DPS | Affects: ['ALL']
        ArcherTraceDMG | DMG% | Stacks: 1 | Value: 0.224 | Remaining Turns: 1 | TickDown: DPS, PERM | Target: DPS | Affects: ['ALL']
        KeelCD(SUP2) | CD% | Stacks: 1 | Value: 0.100 | Remaining Turns: 1 | TickDown: DPS, PERM | Target: DPS | Affects: ['ALL']
        SparkleTeamATK | ATK% | Stacks: 1 | Value: 0.450 | Remaining Turns: 1 | TickDown: DPS, PERM | Target: DPS | Affects: ['ALL']
        KeelCD(SUS) | CD% | Stacks: 1 | Value: 0.100 | Remaining Turns: 1 | TickDown: DPS, PERM | Target: DPS | Affects: ['ALL']
        RinTohsakaAllyTrace1ATK | ATK% | Stacks: 1 | Value: 1.500 | Remaining Turns: 1 | TickDown: DPS, PERM | Target: DPS | Affects: ['ALL']
        RinTohsakaAllyTrace1PEN | QUAPEN | Stacks: 1 | Value: 0.150 | Remaining Turns: 1 | TickDown: DPS, PERM | Target: DPS | Affects: ['ALL']
        SparkleVUL | VULN | Stacks: 3 | Value: 0.120 | Remaining Turns: 2 | TickDown: DPS, END | Target: DPS | Affects: ['ALL']
        RinTalentCD | CD% | Stacks: 1 | Value: 0.700 | Remaining Turns: 1 | TickDown: DPS, END | Target: DPS | Affects: ['ALL']
        SacerdosCDSUP2 | CD% | Stacks: 2 | Value: 0.360 | Remaining Turns: 2 | TickDown: DPS, END | Target: DPS | Affects: ['ALL']
        SparkleCD | CD% | Stacks: 1 | Value: 1.175 | Remaining Turns: 2 | TickDown: DPS, END | Target: DPS | Affects: ['ALL']
        SparklePEN | PEN | Stacks: 1 | Value: 0.100 | Remaining Turns: 2 | TickDown: DPS, END | Target: DPS | Affects: ['ALL']
        SparkleUltVUL | VULN | Stacks: 1 | Value: 0.180 | Remaining Turns: 2 | TickDown: DPS, END | Target: DPS | Affects: ['ALL']
        IdealsBurnSKLATK | ATK% | Stacks: 1 | Value: 0.400 | Remaining Turns: 1 | TickDown: DPS, PERM | Target: DPS | Affects: ['ALL']
        TengokuSPArcherCD | CD% | Stacks: 1 | Value: 0.320 | Remaining Turns: 2 | TickDown: DPS, END | Target: DPS | Affects: ['ALL']
        Trace3CD | CD% | Stacks: 1 | Value: 1.200 | Remaining Turns: 1 | TickDown: DPS, END | Target: DPS | Affects: ['ALL']
        BattleIsntOverDMGRole.SUP2 | DMG% | Stacks: 1 | Value: 0.300 | Remaining Turns: 1 | TickDown: DPS, END | Target: DPS | Affects: ['ALL']
        ----------End of Buff List----------
        ----------Enemy Debuffs----------
        RinTohsakaUltVuln | From: SUP1 | VULN | Stacks: 1 | Value: 0.200 | Remaining Turns: 1 | Target: 1 | Targeting: AOE | Affects: ['ALL'] | DOT: False | Blast: False
        Enemy 1 QUA-break | From: SUP1 | ENTANGLE | Stacks: 1 | Value: 34076.706 | Remaining Turns: 1 | Target: 1 | Targeting: ST | Affects: ['ALL'] | DOT: False | Blast: False
        ----------End of Debuff List----------
        ----------Healing List----------
        ----------End of Healing List----------
        ----------Shields List----------
        ----------End of Shields List----------
    GAUGE  - Enemy 1 toughness reduced by 20.000
    RESULT - ArcherSkill | Archer | DPS | DMG: 258841.069 | ELADMG: 0.000 | Enemies Hit: [1] | Enemies Broken: [] | WB DMG: 0.000 | Energy: 30.000 | Amount HP Healed: 0.000 | Amount HP Lost: 0.000 | Archer Energy: 220/220 | SP: 0 | MaxSP: 11)
Rin has obtained 2 Gem Energy from SP and now has 16 Gem Energy
    TURN   - ArcherJointAttack | Archer | DPS | AOE attack | ['QUA'] | ['FUA'] | Scaling: ATK | TargetID: 1 | DMG/BREAK Splits: [3.0, 0]/[0, 0] | Energy Gained: 0 | SP Change: 0

        ----------Char Buffs----------
        IdealsBurnCR | CR% | Stacks: 1 | Value: 0.160 | Remaining Turns: 1 | TickDown: DPS, PERM | Target: DPS | Affects: ['ALL']
        IdealsBurnATK | ATK% | Stacks: 1 | Value: 0.400 | Remaining Turns: 1 | TickDown: DPS, PERM | Target: DPS | Affects: ['ALL']
        GeniusDMG | DMG% | Stacks: 1 | Value: 0.100 | Remaining Turns: 1 | TickDown: DPS, PERM | Target: DPS | Affects: ['ALL']
        GeniusSHRED | SHRED | Stacks: 1 | Value: 0.200 | Remaining Turns: 1 | TickDown: DPS, PERM | Target: DPS | Affects: ['ALL']
        TengokuCD | CD% | Stacks: 1 | Value: 0.160 | Remaining Turns: 1 | TickDown: DPS, PERM | Target: DPS | Affects: ['ALL']
        ArcherTraceCR | CD% | Stacks: 1 | Value: 0.067 | Remaining Turns: 1 | TickDown: DPS, PERM | Target: DPS | Affects: ['ALL']
        ArcherTraceATK | ATK% | Stacks: 1 | Value: 0.180 | Remaining Turns: 1 | TickDown: DPS, PERM | Target: DPS | Affects: ['ALL']
        ArcherTraceDMG | DMG% | Stacks: 1 | Value: 0.224 | Remaining Turns: 1 | TickDown: DPS, PERM | Target: DPS | Affects: ['ALL']
        KeelCD(SUP2) | CD% | Stacks: 1 | Value: 0.100 | Remaining Turns: 1 | TickDown: DPS, PERM | Target: DPS | Affects: ['ALL']
        SparkleTeamATK | ATK% | Stacks: 1 | Value: 0.450 | Remaining Turns: 1 | TickDown: DPS, PERM | Target: DPS | Affects: ['ALL']
        KeelCD(SUS) | CD% | Stacks: 1 | Value: 0.100 | Remaining Turns: 1 | TickDown: DPS, PERM | Target: DPS | Affects: ['ALL']
        RinTohsakaAllyTrace1ATK | ATK% | Stacks: 1 | Value: 1.500 | Remaining Turns: 1 | TickDown: DPS, PERM | Target: DPS | Affects: ['ALL']
        RinTohsakaAllyTrace1PEN | QUAPEN | Stacks: 1 | Value: 0.150 | Remaining Turns: 1 | TickDown: DPS, PERM | Target: DPS | Affects: ['ALL']
        SparkleVUL | VULN | Stacks: 3 | Value: 0.120 | Remaining Turns: 2 | TickDown: DPS, END | Target: DPS | Affects: ['ALL']
        RinTalentCD | CD% | Stacks: 1 | Value: 0.700 | Remaining Turns: 2 | TickDown: DPS, END | Target: DPS | Affects: ['ALL']
        SacerdosCDSUP2 | CD% | Stacks: 2 | Value: 0.360 | Remaining Turns: 2 | TickDown: DPS, END | Target: DPS | Affects: ['ALL']
        SparkleCD | CD% | Stacks: 1 | Value: 1.175 | Remaining Turns: 2 | TickDown: DPS, END | Target: DPS | Affects: ['ALL']
        SparklePEN | PEN | Stacks: 1 | Value: 0.100 | Remaining Turns: 2 | TickDown: DPS, END | Target: DPS | Affects: ['ALL']
        SparkleUltVUL | VULN | Stacks: 1 | Value: 0.180 | Remaining Turns: 2 | TickDown: DPS, END | Target: DPS | Affects: ['ALL']
        IdealsBurnSKLATK | ATK% | Stacks: 1 | Value: 0.400 | Remaining Turns: 1 | TickDown: DPS, PERM | Target: DPS | Affects: ['ALL']
        TengokuSPArcherCD | CD% | Stacks: 1 | Value: 0.320 | Remaining Turns: 3 | TickDown: DPS, END | Target: DPS | Affects: ['ALL']
        Trace3CD | CD% | Stacks: 1 | Value: 1.200 | Remaining Turns: 1 | TickDown: DPS, END | Target: DPS | Affects: ['ALL']
        BattleIsntOverDMGRole.SUP2 | DMG% | Stacks: 1 | Value: 0.300 | Remaining Turns: 1 | TickDown: DPS, END | Target: DPS | Affects: ['ALL']
        ----------End of Buff List----------
        ----------Enemy Debuffs----------
        RinTohsakaUltVuln | From: SUP1 | VULN | Stacks: 1 | Value: 0.200 | Remaining Turns: 1 | Target: 1 | Targeting: AOE | Affects: ['ALL'] | DOT: False | Blast: False
        Enemy 1 QUA-break | From: SUP1 | ENTANGLE | Stacks: 1 | Value: 34076.706 | Remaining Turns: 1 | Target: 1 | Targeting: ST | Affects: ['ALL'] | DOT: False | Blast: False
        ----------End of Debuff List----------
        ----------Healing List----------
        ----------End of Healing List----------
        ----------Shields List----------
        ----------End of Shields List----------
    GAUGE  - Enemy 0 toughness reduced by 0.000
    KILL   - Archer killed Enemy 1 (overkill: 347384.9)
    SPAWN  - Enemy 1 respawned at full HP, AV set to 0
    GAUGE  - Enemy 1 toughness reduced by 0.000
    GAUGE  - Enemy 2 toughness reduced by 0.000
    RESULT - ArcherJointAttack | Archer | DPS | DMG: 647102.672 | ELADMG: 0.000 | Enemies Hit: [0, 1, 2] | Enemies Broken: [] | WB DMG: 0.000 | Energy: 0.000 | Amount HP Healed: 0.000 | Amount HP Lost: 0.000 | Archer Energy: 220/220 | SP: 0 | MaxSP: 11)
    TURN   - RinTohsakaJointAttack | RinTohsaka | SUP1 | AOE attack | ['QUA'] | ['FUA'] | Scaling: ATK | TargetID: 1 | DMG/BREAK Splits: [3.0, 0]/[20, 0] | Energy Gained: 10 | SP Change: 4

        ----------Char Buffs----------
        CalculusATK | ATK% | Stacks: 1 | Value: 0.120 | Remaining Turns: 1 | TickDown: SUP1, PERM | Target: SUP1 | Affects: ['ALL']
        GeniusDMG | DMG% | Stacks: 1 | Value: 0.100 | Remaining Turns: 1 | TickDown: SUP1, PERM | Target: SUP1 | Affects: ['ALL']
        GeniusSHRED | SHRED | Stacks: 1 | Value: 0.200 | Remaining Turns: 1 | TickDown: SUP1, PERM | Target: SUP1 | Affects: ['ALL']
        RutilantCR | CR% | Stacks: 1 | Value: 0.080 | Remaining Turns: 1 | TickDown: SUP1, PERM | Target: SUP1 | Affects: ['ALL']
        RinTohsakaTraceCD | CD% | Stacks: 1 | Value: 0.373 | Remaining Turns: 1 | TickDown: SUP1, PERM | Target: SUP1 | Affects: ['ALL']
        RinTohsakaTraceATK | ATK% | Stacks: 1 | Value: 0.180 | Remaining Turns: 1 | TickDown: SUP1, PERM | Target: SUP1 | Affects: ['ALL']
        RinTohsakaTraceDMG | DMG% | Stacks: 1 | Value: 0.080 | Remaining Turns: 1 | TickDown: SUP1, PERM | Target: SUP1 | Affects: ['ALL']
        RinTohsakaTrace1ATK | ATK% | Stacks: 1 | Value: 1.500 | Remaining Turns: 1 | TickDown: SUP1, PERM | Target: SUP1 | Affects: ['ALL']
        RinTohsakaTrace1PEN | QUAPEN | Stacks: 1 | Value: 0.150 | Remaining Turns: 1 | TickDown: SUP1, PERM | Target: SUP1 | Affects: ['ALL']
        KeelCD(SUP2) | CD% | Stacks: 1 | Value: 0.100 | Remaining Turns: 1 | TickDown: SUP1, PERM | Target: SUP1 | Affects: ['ALL']
        SparkleTeamATK | ATK% | Stacks: 1 | Value: 0.450 | Remaining Turns: 1 | TickDown: SUP1, PERM | Target: SUP1 | Affects: ['ALL']
        KeelCD(SUS) | CD% | Stacks: 1 | Value: 0.100 | Remaining Turns: 1 | TickDown: SUP1, PERM | Target: SUP1 | Affects: ['ALL']
        CalculusHitATK | ATK% | Stacks: 1 | Value: 0.080 | Remaining Turns: 1 | TickDown: SUP1, PERM | Target: SUP1 | Affects: ['ALL']
        TalentCD | CD% | Stacks: 1 | Value: 0.700 | Remaining Turns: 1 | TickDown: SUP1, END | Target: SUP1 | Affects: ['ALL']
        SparkleVUL | VULN | Stacks: 3 | Value: 0.120 | Remaining Turns: 2 | TickDown: SUP1, END | Target: SUP1 | Affects: ['ALL']
        SparkleUltVUL | VULN | Stacks: 1 | Value: 0.180 | Remaining Turns: 2 | TickDown: SUP1, END | Target: SUP1 | Affects: ['ALL']
        EnhancedSkillSPD | SPD% | Stacks: 1 | Value: 0.200 | Remaining Turns: 2 | TickDown: SUP1, END | Target: SUP1 | Affects: ['ALL']
        ----------End of Buff List----------
        ----------Enemy Debuffs----------
        RinTohsakaUltVuln | From: SUP1 | VULN | Stacks: 1 | Value: 0.200 | Remaining Turns: 1 | Target: 1 | Targeting: AOE | Affects: ['ALL'] | DOT: False | Blast: False
        Enemy 1 QUA-break | From: SUP1 | ENTANGLE | Stacks: 1 | Value: 34076.706 | Remaining Turns: 1 | Target: 1 | Targeting: ST | Affects: ['ALL'] | DOT: False | Blast: False
        ----------End of Debuff List----------
        ----------Healing List----------
        ----------End of Healing List----------
        ----------Shields List----------
        ----------End of Shields List----------
    GAUGE  - Enemy 0 toughness reduced by 20.000
    GAUGE  - Enemy 1 toughness reduced by 20.000
    GAUGE  - Enemy 2 toughness reduced by 20.000
    RESULT - RinTohsakaJointAttack | RinTohsaka | SUP1 | DMG: 176956.256 | ELADMG: 0.000 | Enemies Hit: [0, 1, 2] | Enemies Broken: [] | WB DMG: 0.000 | Energy: 10.000 | Amount HP Healed: 0.000 | Amount HP Lost: 0.000 | RinTohsaka Energy: 137/160 | SP: 4 | MaxSP: 11)
Rin has obtained 4 Gem Energy from SP and now has 20 Gem Energy
ERR    > 1.294 energy added to Sparkle from SparkleTalentERR | Sparkle Energy: 91.902
ULT    > Archer used their ultimate
Archer Obtained 2 FUA Charge
    TURN   - ArcherUlt | Archer | DPS | ST attack | ['QUA'] | ['ULT'] | Scaling: ATK | TargetID: 1 | DMG/BREAK Splits: [10.0, 0]/[30, 0] | Energy Gained: 5 | SP Change: 0

        ----------Char Buffs----------
        IdealsBurnCR | CR% | Stacks: 1 | Value: 0.160 | Remaining Turns: 1 | TickDown: DPS, PERM | Target: DPS | Affects: ['ALL']
        IdealsBurnATK | ATK% | Stacks: 1 | Value: 0.400 | Remaining Turns: 1 | TickDown: DPS, PERM | Target: DPS | Affects: ['ALL']
        GeniusDMG | DMG% | Stacks: 1 | Value: 0.100 | Remaining Turns: 1 | TickDown: DPS, PERM | Target: DPS | Affects: ['ALL']
        GeniusSHRED | SHRED | Stacks: 1 | Value: 0.200 | Remaining Turns: 1 | TickDown: DPS, PERM | Target: DPS | Affects: ['ALL']
        TengokuCD | CD% | Stacks: 1 | Value: 0.160 | Remaining Turns: 1 | TickDown: DPS, PERM | Target: DPS | Affects: ['ALL']
        ArcherTraceCR | CD% | Stacks: 1 | Value: 0.067 | Remaining Turns: 1 | TickDown: DPS, PERM | Target: DPS | Affects: ['ALL']
        ArcherTraceATK | ATK% | Stacks: 1 | Value: 0.180 | Remaining Turns: 1 | TickDown: DPS, PERM | Target: DPS | Affects: ['ALL']
        ArcherTraceDMG | DMG% | Stacks: 1 | Value: 0.224 | Remaining Turns: 1 | TickDown: DPS, PERM | Target: DPS | Affects: ['ALL']
        KeelCD(SUP2) | CD% | Stacks: 1 | Value: 0.100 | Remaining Turns: 1 | TickDown: DPS, PERM | Target: DPS | Affects: ['ALL']
        SparkleTeamATK | ATK% | Stacks: 1 | Value: 0.450 | Remaining Turns: 1 | TickDown: DPS, PERM | Target: DPS | Affects: ['ALL']
        KeelCD(SUS) | CD% | Stacks: 1 | Value: 0.100 | Remaining Turns: 1 | TickDown: DPS, PERM | Target: DPS | Affects: ['ALL']
        RinTohsakaAllyTrace1ATK | ATK% | Stacks: 1 | Value: 1.500 | Remaining Turns: 1 | TickDown: DPS, PERM | Target: DPS | Affects: ['ALL']
        RinTohsakaAllyTrace1PEN | QUAPEN | Stacks: 1 | Value: 0.150 | Remaining Turns: 1 | TickDown: DPS, PERM | Target: DPS | Affects: ['ALL']
        SparkleVUL | VULN | Stacks: 3 | Value: 0.120 | Remaining Turns: 2 | TickDown: DPS, END | Target: DPS | Affects: ['ALL']
        RinTalentCD | CD% | Stacks: 1 | Value: 0.700 | Remaining Turns: 2 | TickDown: DPS, END | Target: DPS | Affects: ['ALL']
        SacerdosCDSUP2 | CD% | Stacks: 2 | Value: 0.360 | Remaining Turns: 2 | TickDown: DPS, END | Target: DPS | Affects: ['ALL']
        SparkleCD | CD% | Stacks: 1 | Value: 1.175 | Remaining Turns: 2 | TickDown: DPS, END | Target: DPS | Affects: ['ALL']
        SparklePEN | PEN | Stacks: 1 | Value: 0.100 | Remaining Turns: 2 | TickDown: DPS, END | Target: DPS | Affects: ['ALL']
        SparkleUltVUL | VULN | Stacks: 1 | Value: 0.180 | Remaining Turns: 2 | TickDown: DPS, END | Target: DPS | Affects: ['ALL']
        IdealsBurnSKLATK | ATK% | Stacks: 1 | Value: 0.400 | Remaining Turns: 1 | TickDown: DPS, PERM | Target: DPS | Affects: ['ALL']
        TengokuSPArcherCD | CD% | Stacks: 1 | Value: 0.320 | Remaining Turns: 3 | TickDown: DPS, END | Target: DPS | Affects: ['ALL']
        Trace3CD | CD% | Stacks: 1 | Value: 1.200 | Remaining Turns: 1 | TickDown: DPS, END | Target: DPS | Affects: ['ALL']
        BattleIsntOverDMGRole.SUP2 | DMG% | Stacks: 1 | Value: 0.300 | Remaining Turns: 1 | TickDown: DPS, END | Target: DPS | Affects: ['ALL']
        ----------End of Buff List----------
        ----------Enemy Debuffs----------
        RinTohsakaUltVuln | From: SUP1 | VULN | Stacks: 1 | Value: 0.200 | Remaining Turns: 1 | Target: 1 | Targeting: AOE | Affects: ['ALL'] | DOT: False | Blast: False
        Enemy 1 QUA-break | From: SUP1 | ENTANGLE | Stacks: 1 | Value: 34076.706 | Remaining Turns: 1 | Target: 1 | Targeting: ST | Affects: ['ALL'] | DOT: False | Blast: False
        ----------End of Debuff List----------
        ----------Healing List----------
        ----------End of Healing List----------
        ----------Shields List----------
        ----------End of Shields List----------
    GAUGE  - Enemy 1 toughness reduced by 30.000
    RESULT - ArcherUlt | Archer | DPS | DMG: 719002.969 | ELADMG: 0.000 | Enemies Hit: [1] | Enemies Broken: [] | WB DMG: 0.000 | Energy: 5.000 | Amount HP Healed: 0.000 | Amount HP Lost: 0.000 | Archer Energy: 5/220 | SP: 4 | MaxSP: 11)
ACTION > [CIRCUIT] TotalAV: 250.482 | Archer | circuit skill use 2
CIRCUIT > Archer Circuit skill use 2/5
    TURN   - ArcherSkill | Archer | DPS | ST attack | ['QUA'] | ['SKL'] | Scaling: ATK | TargetID: 1 | DMG/BREAK Splits: [3.6, 0]/[20, 0] | Energy Gained: 30 | SP Change: -2

        ----------Char Buffs----------
        IdealsBurnCR | CR% | Stacks: 1 | Value: 0.160 | Remaining Turns: 1 | TickDown: DPS, PERM | Target: DPS | Affects: ['ALL']
        IdealsBurnATK | ATK% | Stacks: 1 | Value: 0.400 | Remaining Turns: 1 | TickDown: DPS, PERM | Target: DPS | Affects: ['ALL']
        GeniusDMG | DMG% | Stacks: 1 | Value: 0.100 | Remaining Turns: 1 | TickDown: DPS, PERM | Target: DPS | Affects: ['ALL']
        GeniusSHRED | SHRED | Stacks: 1 | Value: 0.200 | Remaining Turns: 1 | TickDown: DPS, PERM | Target: DPS | Affects: ['ALL']
        TengokuCD | CD% | Stacks: 1 | Value: 0.160 | Remaining Turns: 1 | TickDown: DPS, PERM | Target: DPS | Affects: ['ALL']
        ArcherTraceCR | CD% | Stacks: 1 | Value: 0.067 | Remaining Turns: 1 | TickDown: DPS, PERM | Target: DPS | Affects: ['ALL']
        ArcherTraceATK | ATK% | Stacks: 1 | Value: 0.180 | Remaining Turns: 1 | TickDown: DPS, PERM | Target: DPS | Affects: ['ALL']
        ArcherTraceDMG | DMG% | Stacks: 1 | Value: 0.224 | Remaining Turns: 1 | TickDown: DPS, PERM | Target: DPS | Affects: ['ALL']
        KeelCD(SUP2) | CD% | Stacks: 1 | Value: 0.100 | Remaining Turns: 1 | TickDown: DPS, PERM | Target: DPS | Affects: ['ALL']
        SparkleTeamATK | ATK% | Stacks: 1 | Value: 0.450 | Remaining Turns: 1 | TickDown: DPS, PERM | Target: DPS | Affects: ['ALL']
        KeelCD(SUS) | CD% | Stacks: 1 | Value: 0.100 | Remaining Turns: 1 | TickDown: DPS, PERM | Target: DPS | Affects: ['ALL']
        RinTohsakaAllyTrace1ATK | ATK% | Stacks: 1 | Value: 1.500 | Remaining Turns: 1 | TickDown: DPS, PERM | Target: DPS | Affects: ['ALL']
        RinTohsakaAllyTrace1PEN | QUAPEN | Stacks: 1 | Value: 0.150 | Remaining Turns: 1 | TickDown: DPS, PERM | Target: DPS | Affects: ['ALL']
        SparkleVUL | VULN | Stacks: 3 | Value: 0.120 | Remaining Turns: 2 | TickDown: DPS, END | Target: DPS | Affects: ['ALL']
        RinTalentCD | CD% | Stacks: 1 | Value: 0.700 | Remaining Turns: 2 | TickDown: DPS, END | Target: DPS | Affects: ['ALL']
        SacerdosCDSUP2 | CD% | Stacks: 2 | Value: 0.360 | Remaining Turns: 2 | TickDown: DPS, END | Target: DPS | Affects: ['ALL']
        SparkleCD | CD% | Stacks: 1 | Value: 1.175 | Remaining Turns: 2 | TickDown: DPS, END | Target: DPS | Affects: ['ALL']
        SparklePEN | PEN | Stacks: 1 | Value: 0.100 | Remaining Turns: 2 | TickDown: DPS, END | Target: DPS | Affects: ['ALL']
        SparkleUltVUL | VULN | Stacks: 1 | Value: 0.180 | Remaining Turns: 2 | TickDown: DPS, END | Target: DPS | Affects: ['ALL']
        IdealsBurnSKLATK | ATK% | Stacks: 1 | Value: 0.400 | Remaining Turns: 1 | TickDown: DPS, PERM | Target: DPS | Affects: ['ALL']
        TengokuSPArcherCD | CD% | Stacks: 1 | Value: 0.320 | Remaining Turns: 3 | TickDown: DPS, END | Target: DPS | Affects: ['ALL']
        Trace3CD | CD% | Stacks: 1 | Value: 1.200 | Remaining Turns: 1 | TickDown: DPS, END | Target: DPS | Affects: ['ALL']
        BattleIsntOverDMGRole.SUP2 | DMG% | Stacks: 1 | Value: 0.300 | Remaining Turns: 1 | TickDown: DPS, END | Target: DPS | Affects: ['ALL']
        SkillDmg | DMG% | Stacks: 1 | Value: 1.000 | Remaining Turns: 1 | TickDown: DPS, START | Target: DPS | Affects: ['SKL']
        ----------End of Buff List----------
        ----------Enemy Debuffs----------
        RinTohsakaUltVuln | From: SUP1 | VULN | Stacks: 1 | Value: 0.200 | Remaining Turns: 1 | Target: 1 | Targeting: AOE | Affects: ['ALL'] | DOT: False | Blast: False
        Enemy 1 QUA-break | From: SUP1 | ENTANGLE | Stacks: 1 | Value: 34076.706 | Remaining Turns: 1 | Target: 1 | Targeting: ST | Affects: ['ALL'] | DOT: False | Blast: False
        ----------End of Debuff List----------
        ----------Healing List----------
        ----------End of Healing List----------
        ----------Shields List----------
        ----------End of Shields List----------
    GAUGE  - Enemy 1 toughness reduced by 20.000
    RESULT - ArcherSkill | Archer | DPS | DMG: 387438.388 | ELADMG: 0.000 | Enemies Hit: [1] | Enemies Broken: [] | WB DMG: 0.000 | Energy: 30.000 | Amount HP Healed: 0.000 | Amount HP Lost: 0.000 | Archer Energy: 35/220 | SP: 2 | MaxSP: 11)
Rin has obtained 2 Gem Energy from SP and now has 22 Gem Energy
ERR    > 1.294 energy added to Sparkle from SparkleTalentERR | Sparkle Energy: 93.196
ACTION > [CIRCUIT] TotalAV: 250.482 | Archer | circuit skill use 3
CIRCUIT > Archer Circuit skill use 3/5
CIRCUIT > Archer exited Circuit Connection state
    TURN   - ArcherSkill | Archer | DPS | ST attack | ['QUA'] | ['SKL'] | Scaling: ATK | TargetID: 1 | DMG/BREAK Splits: [3.6, 0]/[20, 0] | Energy Gained: 30 | SP Change: -2

        ----------Char Buffs----------
        IdealsBurnCR | CR% | Stacks: 1 | Value: 0.160 | Remaining Turns: 1 | TickDown: DPS, PERM | Target: DPS | Affects: ['ALL']
        IdealsBurnATK | ATK% | Stacks: 1 | Value: 0.400 | Remaining Turns: 1 | TickDown: DPS, PERM | Target: DPS | Affects: ['ALL']
        GeniusDMG | DMG% | Stacks: 1 | Value: 0.100 | Remaining Turns: 1 | TickDown: DPS, PERM | Target: DPS | Affects: ['ALL']
        GeniusSHRED | SHRED | Stacks: 1 | Value: 0.200 | Remaining Turns: 1 | TickDown: DPS, PERM | Target: DPS | Affects: ['ALL']
        TengokuCD | CD% | Stacks: 1 | Value: 0.160 | Remaining Turns: 1 | TickDown: DPS, PERM | Target: DPS | Affects: ['ALL']
        ArcherTraceCR | CD% | Stacks: 1 | Value: 0.067 | Remaining Turns: 1 | TickDown: DPS, PERM | Target: DPS | Affects: ['ALL']
        ArcherTraceATK | ATK% | Stacks: 1 | Value: 0.180 | Remaining Turns: 1 | TickDown: DPS, PERM | Target: DPS | Affects: ['ALL']
        ArcherTraceDMG | DMG% | Stacks: 1 | Value: 0.224 | Remaining Turns: 1 | TickDown: DPS, PERM | Target: DPS | Affects: ['ALL']
        KeelCD(SUP2) | CD% | Stacks: 1 | Value: 0.100 | Remaining Turns: 1 | TickDown: DPS, PERM | Target: DPS | Affects: ['ALL']
        SparkleTeamATK | ATK% | Stacks: 1 | Value: 0.450 | Remaining Turns: 1 | TickDown: DPS, PERM | Target: DPS | Affects: ['ALL']
        KeelCD(SUS) | CD% | Stacks: 1 | Value: 0.100 | Remaining Turns: 1 | TickDown: DPS, PERM | Target: DPS | Affects: ['ALL']
        RinTohsakaAllyTrace1ATK | ATK% | Stacks: 1 | Value: 1.500 | Remaining Turns: 1 | TickDown: DPS, PERM | Target: DPS | Affects: ['ALL']
        RinTohsakaAllyTrace1PEN | QUAPEN | Stacks: 1 | Value: 0.150 | Remaining Turns: 1 | TickDown: DPS, PERM | Target: DPS | Affects: ['ALL']
        SparkleVUL | VULN | Stacks: 3 | Value: 0.120 | Remaining Turns: 2 | TickDown: DPS, END | Target: DPS | Affects: ['ALL']
        RinTalentCD | CD% | Stacks: 1 | Value: 0.700 | Remaining Turns: 2 | TickDown: DPS, END | Target: DPS | Affects: ['ALL']
        SacerdosCDSUP2 | CD% | Stacks: 2 | Value: 0.360 | Remaining Turns: 2 | TickDown: DPS, END | Target: DPS | Affects: ['ALL']
        SparkleCD | CD% | Stacks: 1 | Value: 1.175 | Remaining Turns: 2 | TickDown: DPS, END | Target: DPS | Affects: ['ALL']
        SparklePEN | PEN | Stacks: 1 | Value: 0.100 | Remaining Turns: 2 | TickDown: DPS, END | Target: DPS | Affects: ['ALL']
        SparkleUltVUL | VULN | Stacks: 1 | Value: 0.180 | Remaining Turns: 2 | TickDown: DPS, END | Target: DPS | Affects: ['ALL']
        IdealsBurnSKLATK | ATK% | Stacks: 1 | Value: 0.400 | Remaining Turns: 1 | TickDown: DPS, PERM | Target: DPS | Affects: ['ALL']
        TengokuSPArcherCD | CD% | Stacks: 1 | Value: 0.320 | Remaining Turns: 3 | TickDown: DPS, END | Target: DPS | Affects: ['ALL']
        Trace3CD | CD% | Stacks: 1 | Value: 1.200 | Remaining Turns: 1 | TickDown: DPS, END | Target: DPS | Affects: ['ALL']
        BattleIsntOverDMGRole.SUP2 | DMG% | Stacks: 1 | Value: 0.300 | Remaining Turns: 1 | TickDown: DPS, END | Target: DPS | Affects: ['ALL']
        SkillDmg | DMG% | Stacks: 2 | Value: 2.000 | Remaining Turns: 1 | TickDown: DPS, START | Target: DPS | Affects: ['SKL']
        ----------End of Buff List----------
        ----------Enemy Debuffs----------
        RinTohsakaUltVuln | From: SUP1 | VULN | Stacks: 1 | Value: 0.200 | Remaining Turns: 1 | Target: 1 | Targeting: AOE | Affects: ['ALL'] | DOT: False | Blast: False
        Enemy 1 QUA-break | From: SUP1 | ENTANGLE | Stacks: 1 | Value: 34076.706 | Remaining Turns: 1 | Target: 1 | Targeting: ST | Affects: ['ALL'] | DOT: False | Blast: False
        ----------End of Debuff List----------
        ----------Healing List----------
        ----------End of Healing List----------
        ----------Shields List----------
        ----------End of Shields List----------
    GAUGE  - Enemy 1 toughness reduced by 20.000
    RESULT - ArcherSkill | Archer | DPS | DMG: 516035.706 | ELADMG: 0.000 | Enemies Hit: [1] | Enemies Broken: [] | WB DMG: 0.000 | Energy: 30.000 | Amount HP Healed: 0.000 | Amount HP Lost: 0.000 | Archer Energy: 65/220 | SP: 0 | MaxSP: 11)
Rin has obtained 2 Gem Energy from SP and now has 24 Gem Energy
ERR    > 1.294 energy added to Sparkle from SparkleTalentERR | Sparkle Energy: 94.491
        Buff Trace3CD expired
        Buff BattleIsntOverDMGRole.SUP2 expired
SPD    > RinTohsaka speed changed to 182.152 | NewAV: 40.526
AV     > Archer AV reset to 95.602 | 104.600 SPD

<<< NEW TURN >>>
-   HuoHuo AV: 0.000 ENERGY: 98.419 MaxHP: 6139.808 CurrHp 5009.095 ShieldHP: 0.000
-   Enemy 0 AV: 13.282 ENERGY: 0.000 MaxHP: 2000000.000 CurrHp 847222.188 ShieldHP: 0.000
-   Enemy 2 AV: 13.282 ENERGY: 0.000 MaxHP: 2000000.000 CurrHp 847222.188 ShieldHP: 0.000
-   Enemy 1 AV: 25.142 ENERGY: 0.000 MaxHP: 5000000.000 CurrHp 3318537.518 ShieldHP: 0.000
-   RinTohsaka AV: 37.111 ENERGY: 136.667 MaxHP: 3051.570 CurrHp 1325.150 ShieldHP: 0.000
-   Sparkle AV: 59.205 ENERGY: 94.491 MaxHP: 4358.742 CurrHp 2063.098 ShieldHP: 0.000
-   Archer AV: 92.187 ENERGY: 65.000 MaxHP: 3063.425 CurrHp 2498.388 ShieldHP: 0.000

Combat context set: 3 enemies, 4 players
Combat context initialized: 3 enemies, Elation team size: 0
ACTION > [CHAR] TotalAV: 253.897 | TurnAV: 3.415 | HuoHuo | E-move
    TURN   - HuoHuoSkill | HuoHuo | SUS | NA attack | ['WIN'] | ['SKL'] | Scaling: HP | TargetID: -1 | DMG/BREAK Splits: [0, 0]/[0, 0] | Energy Gained: 30 | SP Change: -1

        ----------Char Buffs----------
        KeelCD(SUP2) | CD% | Stacks: 1 | Value: 0.100 | Remaining Turns: 1 | TickDown: SUS, PERM | Target: SUS | Affects: ['ALL']
        SparkleTeamATK | ATK% | Stacks: 1 | Value: 0.450 | Remaining Turns: 1 | TickDown: SUS, PERM | Target: SUS | Affects: ['ALL']
        PostOpERR | ERR% | Stacks: 1 | Value: 0.160 | Remaining Turns: 1 | TickDown: SUS, PERM | Target: SUS | Affects: ['ALL']
        WarriorGoddessSPD | SPD% | Stacks: 1 | Value: 0.060 | Remaining Turns: 1 | TickDown: SUS, PERM | Target: SUS | Affects: ['ALL']
        KeelEFFRES | ERS% | Stacks: 1 | Value: 0.100 | Remaining Turns: 1 | TickDown: SUS, PERM | Target: SUS | Affects: ['ALL']
        KeelCD(SUS) | CD% | Stacks: 1 | Value: 0.100 | Remaining Turns: 1 | TickDown: SUS, PERM | Target: SUS | Affects: ['ALL']
        HHTraceHP | HP% | Stacks: 1 | Value: 0.280 | Remaining Turns: 1 | TickDown: SUS, PERM | Target: SUS | Affects: ['ALL']
        HHTraceERS | ERS% | Stacks: 1 | Value: 0.180 | Remaining Turns: 1 | TickDown: SUS, PERM | Target: SUS | Affects: ['ALL']
        HHTraceSPD | SPD | Stacks: 1 | Value: 5.000 | Remaining Turns: 1 | TickDown: SUS, PERM | Target: SUS | Affects: ['ALL']
        SparkleVUL | VULN | Stacks: 3 | Value: 0.120 | Remaining Turns: 2 | TickDown: SUS, END | Target: SUS | Affects: ['ALL']
        SparkleUltVUL | VULN | Stacks: 1 | Value: 0.180 | Remaining Turns: 2 | TickDown: SUS, END | Target: SUS | Affects: ['ALL']
        RinTalentCD | CD% | Stacks: 1 | Value: 0.700 | Remaining Turns: 1 | TickDown: SUS, END | Target: SUS | Affects: ['ALL']
        ----------End of Buff List----------
        ----------Enemy Debuffs----------
        ----------End of Debuff List----------
        ----------Healing List----------
        HuoHuoSkillHealingScaling | Targeting: Targeting.BLAST | Healing Value: [0.24] | Target: ALL
        HuoHuoSkillHealingScaling | Targeting: Targeting.BLAST | Healing Value: [0.24] | Target: ALL
        HuoHuoSkillHealingScaling | Targeting: Targeting.BLAST | Healing Value: [0.24] | Target: ALL
        HuoHuoSkillHealingScaling | Targeting: Targeting.BLAST | Healing Value: [0.24] | Target: ALL
        HuoHuoSkillHealingScaling | Targeting: Targeting.BLAST | Healing Value: [0.24] | Target: ALL
        HuoHuoSkillHealingScaling | Targeting: Targeting.BLAST | Healing Value: [0.24] | Target: ALL
        HuoHuoSkillHealingFlat | Targeting: Targeting.BLAST | Healing Value: [640] | Target: ALL
        HuoHuoSkillHealingFlat | Targeting: Targeting.BLAST | Healing Value: [640] | Target: ALL
        HuoHuoSkillHealingFlat | Targeting: Targeting.BLAST | Healing Value: [640] | Target: ALL
        HuoHuoSkillHealingFlat | Targeting: Targeting.BLAST | Healing Value: [640] | Target: ALL
        HuoHuoSkillHealingFlat | Targeting: Targeting.BLAST | Healing Value: [640] | Target: ALL
        HuoHuoSkillHealingFlat | Targeting: Targeting.BLAST | Healing Value: [640] | Target: ALL
        ----------End of Healing List----------
        ----------Shields List----------
        ----------End of Shields List----------
    GAUGE  - Enemy 0 toughness reduced by 0.000
    RESULT - HuoHuoSkill | HuoHuo | SUS | DMG: 0.000 | ELADMG: 0.000 | Enemies Hit: [0] | Enemies Broken: [] | WB DMG: 0.000 | Energy: 40.632 | Amount HP Healed: 7931.292 | Amount HP Lost: 0.000 | HuoHuo Energy: 139/140 | SP: 0 | MaxSP: 11)
Rin has obtained 1 Gem Energy from SP and now has 25 Gem Energy
SPD    > HuoHuo speed changed to 160.492 | NewAV: 0.000
AV     > HuoHuo AV reset to 62.308 | 160.492 SPD

<<< NEW TURN >>>
-   Enemy 0 AV: 0.000 ENERGY: 0.000 MaxHP: 2000000.000 CurrHp 847222.188 ShieldHP: 0.000
-   Enemy 2 AV: 0.000 ENERGY: 0.000 MaxHP: 2000000.000 CurrHp 847222.188 ShieldHP: 0.000
-   Enemy 1 AV: 11.860 ENERGY: 0.000 MaxHP: 5000000.000 CurrHp 3318537.518 ShieldHP: 0.000
-   RinTohsaka AV: 23.829 ENERGY: 136.667 MaxHP: 3051.570 CurrHp 3051.570 ShieldHP: 0.000
-   Sparkle AV: 45.924 ENERGY: 94.491 MaxHP: 4358.742 CurrHp 4045.921 ShieldHP: 0.000
-   HuoHuo AV: 49.027 ENERGY: 139.051 MaxHP: 6139.808 CurrHp 6139.808 ShieldHP: 0.000
-   Archer AV: 78.905 ENERGY: 65.000 MaxHP: 3063.425 CurrHp 3063.425 ShieldHP: 0.000

Combat context set: 3 enemies, 4 players
Combat context initialized: 3 enemies, Elation team size: 0
ACTION > [ENEMY] TotalAV: 267.179 | TurnAV: 13.282 | Enemy 0 | 1 attacks
    CharEnergy - Archer: Hit 1.667 Total: 66.667 | RinTohsaka: Hit 1.667 Total: 138.333 | Sparkle: Hit 8.333 Total: 105.277 | HuoHuo: Hit 1.667 Total: 140.000 |
    ENEMY  - Enemy 0 [aoe] dealt 322.2 to Sparkle (energy: 3.3, DEF: 1413, atkMul: 1.00, dmgMul: 1.00) | Shield Absorbed: 0.0 | HP Lost: 322.2 | HP: 3724/4359 | Shield HP: 0
    ENEMY  - Enemy 0 [aoe] dealt 116.3 to Archer (energy: 1.7, DEF: 2399, atkMul: 1.00, dmgMul: 1.00) | Shield Absorbed: 0.0 | HP Lost: 116.3 | HP: 2947/3063 | Shield HP: 0
    ENEMY  - Enemy 0 [aoe] dealt 143.9 to RinTohsaka (energy: 1.7, DEF: 1720, atkMul: 1.00, dmgMul: 1.00) | Shield Absorbed: 0.0 | HP Lost: 143.9 | HP: 2908/3052 | Shield HP: 0
    ENEMY  - Enemy 0 [aoe] dealt 161.1 to Sparkle (energy: 1.7, DEF: 1413, atkMul: 1.00, dmgMul: 1.00) | Shield Absorbed: 0.0 | HP Lost: 161.1 | HP: 3563/4359 | Shield HP: 0
    ENEMY  - Enemy 0 [aoe] dealt 116.0 to HuoHuo (energy: 1.7, DEF: 2410, atkMul: 1.00, dmgMul: 1.00) | Shield Absorbed: 0.0 | HP Lost: 116.0 | HP: 6024/6140 | Shield HP: 0
    ENEMY  - Enemy 0 [aoe] dealt 322.2 to Sparkle (energy: 3.3, DEF: 1413, atkMul: 1.00, dmgMul: 1.00) | Shield Absorbed: 0.0 | HP Lost: 322.2 | HP: 3240/4359 | Shield HP: 0
    DEBUFF - Enemy 0 took 0.000 Debuff damage from Enemy 0 QUA-break
ULT    > HuoHuo used their ultimate
    TURN   - HuoHuoUlt | HuoHuo | SUS | NA attack | ['WIN'] | ['ULT'] | Scaling: HP | TargetID: -1 | DMG/BREAK Splits: [0, 0]/[0, 0] | Energy Gained: 5 | SP Change: 0

        ----------Char Buffs----------
        KeelCD(SUP2) | CD% | Stacks: 1 | Value: 0.100 | Remaining Turns: 1 | TickDown: SUS, PERM | Target: SUS | Affects: ['ALL']
        SparkleTeamATK | ATK% | Stacks: 1 | Value: 0.450 | Remaining Turns: 1 | TickDown: SUS, PERM | Target: SUS | Affects: ['ALL']
        PostOpERR | ERR% | Stacks: 1 | Value: 0.160 | Remaining Turns: 1 | TickDown: SUS, PERM | Target: SUS | Affects: ['ALL']
        PostOpOGH | OGH% | Stacks: 1 | Value: 0.240 | Remaining Turns: 1 | TickDown: SUS, PERM | Target: SUS | Affects: ['ULT']
        WarriorGoddessSPD | SPD% | Stacks: 1 | Value: 0.060 | Remaining Turns: 1 | TickDown: SUS, PERM | Target: SUS | Affects: ['ALL']
        KeelEFFRES | ERS% | Stacks: 1 | Value: 0.100 | Remaining Turns: 1 | TickDown: SUS, PERM | Target: SUS | Affects: ['ALL']
        KeelCD(SUS) | CD% | Stacks: 1 | Value: 0.100 | Remaining Turns: 1 | TickDown: SUS, PERM | Target: SUS | Affects: ['ALL']
        HHTraceHP | HP% | Stacks: 1 | Value: 0.280 | Remaining Turns: 1 | TickDown: SUS, PERM | Target: SUS | Affects: ['ALL']
        HHTraceERS | ERS% | Stacks: 1 | Value: 0.180 | Remaining Turns: 1 | TickDown: SUS, PERM | Target: SUS | Affects: ['ALL']
        HHTraceSPD | SPD | Stacks: 1 | Value: 5.000 | Remaining Turns: 1 | TickDown: SUS, PERM | Target: SUS | Affects: ['ALL']
        SparkleVUL | VULN | Stacks: 3 | Value: 0.120 | Remaining Turns: 1 | TickDown: SUS, END | Target: SUS | Affects: ['ALL']
        SparkleUltVUL | VULN | Stacks: 1 | Value: 0.180 | Remaining Turns: 1 | TickDown: SUS, END | Target: SUS | Affects: ['ALL']
        RinTalentCD | CD% | Stacks: 1 | Value: 0.700 | Remaining Turns: 1 | TickDown: SUS, END | Target: SUS | Affects: ['ALL']
        WarriorGoddessHealSPD | SPD% | Stacks: 1 | Value: 0.060 | Remaining Turns: 2 | TickDown: SUS, START | Target: SUS | Affects: ['ALL']
        WarriorGoddessHealCD | CD% | Stacks: 1 | Value: 0.150 | Remaining Turns: 2 | TickDown: SUS, START | Target: SUS | Affects: ['ALL']
        ----------End of Buff List----------
        ----------Enemy Debuffs----------
        ----------End of Debuff List----------
        ----------Healing List----------
        ----------End of Healing List----------
        ----------Shields List----------
        ----------End of Shields List----------
    GAUGE  - Enemy 1 toughness reduced by 0.000
    RESULT - HuoHuoUlt | HuoHuo | SUS | DMG: 0.000 | ELADMG: 0.000 | Enemies Hit: [1] | Enemies Broken: [] | WB DMG: 0.000 | Energy: 6.772 | Amount HP Healed: 0.000 | Amount HP Lost: 0.000 | HuoHuo Energy: 7/140 | SP: 0 | MaxSP: 11)
ERR    > 44.000 energy added to Archer from HuoHuoERR | Archer Energy: 110.667
ERR    > 32.000 energy added to RinTohsaka from HuoHuoERR | RinTohsaka Energy: 160.000
ERR    > 22.000 energy added to Sparkle from HuoHuoERR | Sparkle Energy: 110.000
        Debuff Enemy 0 QUA-break expired
ULT    > RinTohsaka used their ultimate
Rin has obtained 12 Gem Energy from Ultimate and now has 37 Gem Energy
    TURN   - RinTohsakaUltMain | RinTohsaka | SUP1 | ST attack | ['QUA'] | ['ULT'] | Scaling: ATK | TargetID: 1 | DMG/BREAK Splits: [4.0, 0]/[10, 0] | Energy Gained: 0 | SP Change: 0

        ----------Char Buffs----------
        CalculusATK | ATK% | Stacks: 1 | Value: 0.120 | Remaining Turns: 1 | TickDown: SUP1, PERM | Target: SUP1 | Affects: ['ALL']
        GeniusDMG | DMG% | Stacks: 1 | Value: 0.100 | Remaining Turns: 1 | TickDown: SUP1, PERM | Target: SUP1 | Affects: ['ALL']
        GeniusSHRED | SHRED | Stacks: 1 | Value: 0.200 | Remaining Turns: 1 | TickDown: SUP1, PERM | Target: SUP1 | Affects: ['ALL']
        RutilantCR | CR% | Stacks: 1 | Value: 0.080 | Remaining Turns: 1 | TickDown: SUP1, PERM | Target: SUP1 | Affects: ['ALL']
        RinTohsakaTraceCD | CD% | Stacks: 1 | Value: 0.373 | Remaining Turns: 1 | TickDown: SUP1, PERM | Target: SUP1 | Affects: ['ALL']
        RinTohsakaTraceATK | ATK% | Stacks: 1 | Value: 0.180 | Remaining Turns: 1 | TickDown: SUP1, PERM | Target: SUP1 | Affects: ['ALL']
        RinTohsakaTraceDMG | DMG% | Stacks: 1 | Value: 0.080 | Remaining Turns: 1 | TickDown: SUP1, PERM | Target: SUP1 | Affects: ['ALL']
        RinTohsakaTrace1ATK | ATK% | Stacks: 1 | Value: 1.500 | Remaining Turns: 1 | TickDown: SUP1, PERM | Target: SUP1 | Affects: ['ALL']
        RinTohsakaTrace1PEN | QUAPEN | Stacks: 1 | Value: 0.150 | Remaining Turns: 1 | TickDown: SUP1, PERM | Target: SUP1 | Affects: ['ALL']
        KeelCD(SUP2) | CD% | Stacks: 1 | Value: 0.100 | Remaining Turns: 1 | TickDown: SUP1, PERM | Target: SUP1 | Affects: ['ALL']
        SparkleTeamATK | ATK% | Stacks: 1 | Value: 0.450 | Remaining Turns: 1 | TickDown: SUP1, PERM | Target: SUP1 | Affects: ['ALL']
        KeelCD(SUS) | CD% | Stacks: 1 | Value: 0.100 | Remaining Turns: 1 | TickDown: SUP1, PERM | Target: SUP1 | Affects: ['ALL']
        CalculusHitATK | ATK% | Stacks: 1 | Value: 0.240 | Remaining Turns: 1 | TickDown: SUP1, PERM | Target: SUP1 | Affects: ['ALL']
        TalentCD | CD% | Stacks: 1 | Value: 0.700 | Remaining Turns: 2 | TickDown: SUP1, END | Target: SUP1 | Affects: ['ALL']
        SparkleVUL | VULN | Stacks: 3 | Value: 0.120 | Remaining Turns: 2 | TickDown: SUP1, END | Target: SUP1 | Affects: ['ALL']
        SparkleUltVUL | VULN | Stacks: 1 | Value: 0.180 | Remaining Turns: 2 | TickDown: SUP1, END | Target: SUP1 | Affects: ['ALL']
        EnhancedSkillSPD | SPD% | Stacks: 1 | Value: 0.200 | Remaining Turns: 2 | TickDown: SUP1, END | Target: SUP1 | Affects: ['ALL']
        CalculusHitSpd | SPD% | Stacks: 1 | Value: 0.160 | Remaining Turns: 1 | TickDown: SUP1, END | Target: SUP1 | Affects: ['ALL']
        WarriorGoddessHealCD | CD% | Stacks: 1 | Value: 0.150 | Remaining Turns: 2 | TickDown: SUP1, START | Target: SUP1 | Affects: ['ALL']
        HuoHuoUltATK | ATK% | Stacks: 1 | Value: 0.400 | Remaining Turns: 2 | TickDown: SUP1, END | Target: SUP1 | Affects: ['ALL']
        HuoHuoUltExtraATK | ATK% | Stacks: 1 | Value: 0.240 | Remaining Turns: 2 | TickDown: SUP1, END | Target: SUP1 | Affects: ['ALL']
        ----------End of Buff List----------
        ----------Enemy Debuffs----------
        RinTohsakaUltVuln | From: SUP1 | VULN | Stacks: 1 | Value: 0.200 | Remaining Turns: 3 | Target: 1 | Targeting: AOE | Affects: ['ALL'] | DOT: False | Blast: False
        Enemy 1 QUA-break | From: SUP1 | ENTANGLE | Stacks: 1 | Value: 34076.706 | Remaining Turns: 1 | Target: 1 | Targeting: ST | Affects: ['ALL'] | DOT: False | Blast: False
        ----------End of Debuff List----------
        ----------Healing List----------
        ----------End of Healing List----------
        ----------Shields List----------
        ----------End of Shields List----------
    GAUGE  - Enemy 1 toughness reduced by 10.000
    RESULT - RinTohsakaUltMain | RinTohsaka | SUP1 | DMG: 97810.295 | ELADMG: 0.000 | Enemies Hit: [1] | Enemies Broken: [] | WB DMG: 0.000 | Energy: 0.000 | Amount HP Healed: 0.000 | Amount HP Lost: 0.000 | RinTohsaka Energy: 0/160 | SP: 0 | MaxSP: 11)
    TURN   - RinTohsakaUltSide | RinTohsaka | SUP1 | AOE attack | ['QUA'] | ['ULT'] | Scaling: ATK | TargetID: 1 | DMG/BREAK Splits: [2.0, 0]/[20, 0] | Energy Gained: 5 | SP Change: 1

        ----------Char Buffs----------
        CalculusATK | ATK% | Stacks: 1 | Value: 0.120 | Remaining Turns: 1 | TickDown: SUP1, PERM | Target: SUP1 | Affects: ['ALL']
        GeniusDMG | DMG% | Stacks: 1 | Value: 0.100 | Remaining Turns: 1 | TickDown: SUP1, PERM | Target: SUP1 | Affects: ['ALL']
        GeniusSHRED | SHRED | Stacks: 1 | Value: 0.200 | Remaining Turns: 1 | TickDown: SUP1, PERM | Target: SUP1 | Affects: ['ALL']
        RutilantCR | CR% | Stacks: 1 | Value: 0.080 | Remaining Turns: 1 | TickDown: SUP1, PERM | Target: SUP1 | Affects: ['ALL']
        RinTohsakaTraceCD | CD% | Stacks: 1 | Value: 0.373 | Remaining Turns: 1 | TickDown: SUP1, PERM | Target: SUP1 | Affects: ['ALL']
        RinTohsakaTraceATK | ATK% | Stacks: 1 | Value: 0.180 | Remaining Turns: 1 | TickDown: SUP1, PERM | Target: SUP1 | Affects: ['ALL']
        RinTohsakaTraceDMG | DMG% | Stacks: 1 | Value: 0.080 | Remaining Turns: 1 | TickDown: SUP1, PERM | Target: SUP1 | Affects: ['ALL']
        RinTohsakaTrace1ATK | ATK% | Stacks: 1 | Value: 1.500 | Remaining Turns: 1 | TickDown: SUP1, PERM | Target: SUP1 | Affects: ['ALL']
        RinTohsakaTrace1PEN | QUAPEN | Stacks: 1 | Value: 0.150 | Remaining Turns: 1 | TickDown: SUP1, PERM | Target: SUP1 | Affects: ['ALL']
        KeelCD(SUP2) | CD% | Stacks: 1 | Value: 0.100 | Remaining Turns: 1 | TickDown: SUP1, PERM | Target: SUP1 | Affects: ['ALL']
        SparkleTeamATK | ATK% | Stacks: 1 | Value: 0.450 | Remaining Turns: 1 | TickDown: SUP1, PERM | Target: SUP1 | Affects: ['ALL']
        KeelCD(SUS) | CD% | Stacks: 1 | Value: 0.100 | Remaining Turns: 1 | TickDown: SUP1, PERM | Target: SUP1 | Affects: ['ALL']
        CalculusHitATK | ATK% | Stacks: 1 | Value: 0.080 | Remaining Turns: 1 | TickDown: SUP1, PERM | Target: SUP1 | Affects: ['ALL']
        TalentCD | CD% | Stacks: 1 | Value: 0.700 | Remaining Turns: 2 | TickDown: SUP1, END | Target: SUP1 | Affects: ['ALL']
        SparkleVUL | VULN | Stacks: 3 | Value: 0.120 | Remaining Turns: 2 | TickDown: SUP1, END | Target: SUP1 | Affects: ['ALL']
        SparkleUltVUL | VULN | Stacks: 1 | Value: 0.180 | Remaining Turns: 2 | TickDown: SUP1, END | Target: SUP1 | Affects: ['ALL']
        EnhancedSkillSPD | SPD% | Stacks: 1 | Value: 0.200 | Remaining Turns: 2 | TickDown: SUP1, END | Target: SUP1 | Affects: ['ALL']
        CalculusHitSpd | SPD% | Stacks: 1 | Value: 0.160 | Remaining Turns: 1 | TickDown: SUP1, END | Target: SUP1 | Affects: ['ALL']
        WarriorGoddessHealCD | CD% | Stacks: 1 | Value: 0.150 | Remaining Turns: 2 | TickDown: SUP1, START | Target: SUP1 | Affects: ['ALL']
        HuoHuoUltATK | ATK% | Stacks: 1 | Value: 0.400 | Remaining Turns: 2 | TickDown: SUP1, END | Target: SUP1 | Affects: ['ALL']
        HuoHuoUltExtraATK | ATK% | Stacks: 1 | Value: 0.240 | Remaining Turns: 2 | TickDown: SUP1, END | Target: SUP1 | Affects: ['ALL']
        ----------End of Buff List----------
        ----------Enemy Debuffs----------
        RinTohsakaUltVuln | From: SUP1 | VULN | Stacks: 1 | Value: 0.200 | Remaining Turns: 3 | Target: 1 | Targeting: AOE | Affects: ['ALL'] | DOT: False | Blast: False
        Enemy 1 QUA-break | From: SUP1 | ENTANGLE | Stacks: 1 | Value: 34076.706 | Remaining Turns: 1 | Target: 1 | Targeting: ST | Affects: ['ALL'] | DOT: False | Blast: False
        ----------End of Debuff List----------
        ----------Healing List----------
        ----------End of Healing List----------
        ----------Shields List----------
        ----------End of Shields List----------
    GAUGE  - Enemy 0 toughness reduced by 20.000
    GAUGE  - Enemy 1 toughness reduced by 20.000
    GAUGE  - Enemy 2 toughness reduced by 20.000
    RESULT - RinTohsakaUltSide | RinTohsaka | SUP1 | DMG: 137283.774 | ELADMG: 0.000 | Enemies Hit: [0, 1, 2] | Enemies Broken: [] | WB DMG: 0.000 | Energy: 5.000 | Amount HP Healed: 0.000 | Amount HP Lost: 0.000 | RinTohsaka Energy: 5/160 | SP: 1 | MaxSP: 11)
Rin has obtained 1 Gem Energy from SP and now has 38 Gem Energy
    TURN   - ArcherFUA | Archer | DPS | ST attack | ['QUA'] | ['FUA'] | Scaling: ATK | TargetID: 1 | DMG/BREAK Splits: [2.0, 0]/[10, 0] | Energy Gained: 5 | SP Change: 1

        ----------Char Buffs----------
        IdealsBurnCR | CR% | Stacks: 1 | Value: 0.160 | Remaining Turns: 1 | TickDown: DPS, PERM | Target: DPS | Affects: ['ALL']
        IdealsBurnATK | ATK% | Stacks: 1 | Value: 0.400 | Remaining Turns: 1 | TickDown: DPS, PERM | Target: DPS | Affects: ['ALL']
        GeniusDMG | DMG% | Stacks: 1 | Value: 0.100 | Remaining Turns: 1 | TickDown: DPS, PERM | Target: DPS | Affects: ['ALL']
        GeniusSHRED | SHRED | Stacks: 1 | Value: 0.200 | Remaining Turns: 1 | TickDown: DPS, PERM | Target: DPS | Affects: ['ALL']
        TengokuCD | CD% | Stacks: 1 | Value: 0.160 | Remaining Turns: 1 | TickDown: DPS, PERM | Target: DPS | Affects: ['ALL']
        ArcherTraceCR | CD% | Stacks: 1 | Value: 0.067 | Remaining Turns: 1 | TickDown: DPS, PERM | Target: DPS | Affects: ['ALL']
        ArcherTraceATK | ATK% | Stacks: 1 | Value: 0.180 | Remaining Turns: 1 | TickDown: DPS, PERM | Target: DPS | Affects: ['ALL']
        ArcherTraceDMG | DMG% | Stacks: 1 | Value: 0.224 | Remaining Turns: 1 | TickDown: DPS, PERM | Target: DPS | Affects: ['ALL']
        KeelCD(SUP2) | CD% | Stacks: 1 | Value: 0.100 | Remaining Turns: 1 | TickDown: DPS, PERM | Target: DPS | Affects: ['ALL']
        SparkleTeamATK | ATK% | Stacks: 1 | Value: 0.450 | Remaining Turns: 1 | TickDown: DPS, PERM | Target: DPS | Affects: ['ALL']
        KeelCD(SUS) | CD% | Stacks: 1 | Value: 0.100 | Remaining Turns: 1 | TickDown: DPS, PERM | Target: DPS | Affects: ['ALL']
        RinTohsakaAllyTrace1ATK | ATK% | Stacks: 1 | Value: 1.500 | Remaining Turns: 1 | TickDown: DPS, PERM | Target: DPS | Affects: ['ALL']
        RinTohsakaAllyTrace1PEN | QUAPEN | Stacks: 1 | Value: 0.150 | Remaining Turns: 1 | TickDown: DPS, PERM | Target: DPS | Affects: ['ALL']
        SparkleVUL | VULN | Stacks: 3 | Value: 0.120 | Remaining Turns: 2 | TickDown: DPS, END | Target: DPS | Affects: ['ALL']
        RinTalentCD | CD% | Stacks: 1 | Value: 0.700 | Remaining Turns: 1 | TickDown: DPS, END | Target: DPS | Affects: ['ALL']
        SacerdosCDSUP2 | CD% | Stacks: 2 | Value: 0.360 | Remaining Turns: 1 | TickDown: DPS, END | Target: DPS | Affects: ['ALL']
        SparkleCD | CD% | Stacks: 1 | Value: 1.175 | Remaining Turns: 1 | TickDown: DPS, END | Target: DPS | Affects: ['ALL']
        SparklePEN | PEN | Stacks: 1 | Value: 0.100 | Remaining Turns: 1 | TickDown: DPS, END | Target: DPS | Affects: ['ALL']
        SparkleUltVUL | VULN | Stacks: 1 | Value: 0.180 | Remaining Turns: 1 | TickDown: DPS, END | Target: DPS | Affects: ['ALL']
        IdealsBurnSKLATK | ATK% | Stacks: 1 | Value: 0.400 | Remaining Turns: 1 | TickDown: DPS, PERM | Target: DPS | Affects: ['ALL']
        TengokuSPArcherCD | CD% | Stacks: 1 | Value: 0.320 | Remaining Turns: 2 | TickDown: DPS, END | Target: DPS | Affects: ['ALL']
        WarriorGoddessHealCD | CD% | Stacks: 1 | Value: 0.150 | Remaining Turns: 2 | TickDown: DPS, START | Target: DPS | Affects: ['ALL']
        HuoHuoUltATK | ATK% | Stacks: 1 | Value: 0.400 | Remaining Turns: 2 | TickDown: DPS, END | Target: DPS | Affects: ['ALL']
        HuoHuoUltExtraATK | ATK% | Stacks: 1 | Value: 0.240 | Remaining Turns: 2 | TickDown: DPS, END | Target: DPS | Affects: ['ALL']
        ----------End of Buff List----------
        ----------Enemy Debuffs----------
        RinTohsakaUltVuln | From: SUP1 | VULN | Stacks: 1 | Value: 0.200 | Remaining Turns: 3 | Target: 1 | Targeting: AOE | Affects: ['ALL'] | DOT: False | Blast: False
        Enemy 1 QUA-break | From: SUP1 | ENTANGLE | Stacks: 1 | Value: 34076.706 | Remaining Turns: 1 | Target: 1 | Targeting: ST | Affects: ['ALL'] | DOT: False | Blast: False
        ----------End of Debuff List----------
        ----------Healing List----------
        HuoHuoTalentHealingScaling | Targeting: Targeting.SINGLE | Healing Value: [0] | Target: ALL
        HuoHuoTalentHealingScaling | Targeting: Targeting.SINGLE | Healing Value: [0.045] | Target: ALL
        HuoHuoTalentHealingScaling | Targeting: Targeting.SINGLE | Healing Value: [0] | Target: ALL
        HuoHuoTalentHealingScaling | Targeting: Targeting.SINGLE | Healing Value: [0] | Target: ALL
        HuoHuoTalentHealingFlat | Targeting: Targeting.SINGLE | Healing Value: [0] | Target: ALL
        HuoHuoTalentHealingFlat | Targeting: Targeting.SINGLE | Healing Value: [120] | Target: ALL
        HuoHuoTalentHealingFlat | Targeting: Targeting.SINGLE | Healing Value: [0] | Target: ALL
        HuoHuoTalentHealingFlat | Targeting: Targeting.SINGLE | Healing Value: [0] | Target: ALL
        ----------End of Healing List----------
        ----------Shields List----------
        ----------End of Shields List----------
    GAUGE  - Enemy 1 toughness reduced by 10.000
    RESULT - ArcherFUA | Archer | DPS | DMG: 114655.971 | ELADMG: 0.000 | Enemies Hit: [1] | Enemies Broken: [] | WB DMG: 0.000 | Energy: 5.000 | Amount HP Healed: 371.779 | Amount HP Lost: 0.000 | Archer Energy: 116/220 | SP: 2 | MaxSP: 11)
Rin has obtained 1 Gem Energy from SP and now has 39 Gem Energy
    TURN   - HuoHuoAllyERR | HuoHuo | SUS | NA attack | ['WIN'] | ['SPECIAL'] | Scaling: HP | TargetID: 1 | DMG/BREAK Splits: [0, 0]/[0, 0] | Energy Gained: 1 | SP Change: 0

        ----------Char Buffs----------
        KeelCD(SUP2) | CD% | Stacks: 1 | Value: 0.100 | Remaining Turns: 1 | TickDown: SUS, PERM | Target: SUS | Affects: ['ALL']
        SparkleTeamATK | ATK% | Stacks: 1 | Value: 0.450 | Remaining Turns: 1 | TickDown: SUS, PERM | Target: SUS | Affects: ['ALL']
        PostOpERR | ERR% | Stacks: 1 | Value: 0.160 | Remaining Turns: 1 | TickDown: SUS, PERM | Target: SUS | Affects: ['ALL']
        WarriorGoddessSPD | SPD% | Stacks: 1 | Value: 0.060 | Remaining Turns: 1 | TickDown: SUS, PERM | Target: SUS | Affects: ['ALL']
        KeelEFFRES | ERS% | Stacks: 1 | Value: 0.100 | Remaining Turns: 1 | TickDown: SUS, PERM | Target: SUS | Affects: ['ALL']
        KeelCD(SUS) | CD% | Stacks: 1 | Value: 0.100 | Remaining Turns: 1 | TickDown: SUS, PERM | Target: SUS | Affects: ['ALL']
        HHTraceHP | HP% | Stacks: 1 | Value: 0.280 | Remaining Turns: 1 | TickDown: SUS, PERM | Target: SUS | Affects: ['ALL']
        HHTraceERS | ERS% | Stacks: 1 | Value: 0.180 | Remaining Turns: 1 | TickDown: SUS, PERM | Target: SUS | Affects: ['ALL']
        HHTraceSPD | SPD | Stacks: 1 | Value: 5.000 | Remaining Turns: 1 | TickDown: SUS, PERM | Target: SUS | Affects: ['ALL']
        SparkleVUL | VULN | Stacks: 3 | Value: 0.120 | Remaining Turns: 1 | TickDown: SUS, END | Target: SUS | Affects: ['ALL']
        SparkleUltVUL | VULN | Stacks: 1 | Value: 0.180 | Remaining Turns: 1 | TickDown: SUS, END | Target: SUS | Affects: ['ALL']
        RinTalentCD | CD% | Stacks: 1 | Value: 0.700 | Remaining Turns: 1 | TickDown: SUS, END | Target: SUS | Affects: ['ALL']
        WarriorGoddessHealSPD | SPD% | Stacks: 1 | Value: 0.060 | Remaining Turns: 2 | TickDown: SUS, START | Target: SUS | Affects: ['ALL']
        WarriorGoddessHealCD | CD% | Stacks: 1 | Value: 0.150 | Remaining Turns: 2 | TickDown: SUS, START | Target: SUS | Affects: ['ALL']
        ----------End of Buff List----------
        ----------Enemy Debuffs----------
        RinTohsakaUltVuln | From: SUP1 | VULN | Stacks: 1 | Value: 0.200 | Remaining Turns: 3 | Target: 1 | Targeting: AOE | Affects: ['ALL'] | DOT: False | Blast: False
        Enemy 1 QUA-break | From: SUP1 | ENTANGLE | Stacks: 1 | Value: 34076.706 | Remaining Turns: 1 | Target: 1 | Targeting: ST | Affects: ['ALL'] | DOT: False | Blast: False
        ----------End of Debuff List----------
        ----------Healing List----------
        ----------End of Healing List----------
        ----------Shields List----------
        ----------End of Shields List----------
    GAUGE  - Enemy 1 toughness reduced by 0.000
    RESULT - HuoHuoAllyERR | HuoHuo | SUS | DMG: 0.000 | ELADMG: 0.000 | Enemies Hit: [1] | Enemies Broken: [] | WB DMG: 0.000 | Energy: 1.354 | Amount HP Healed: 0.000 | Amount HP Lost: 0.000 | HuoHuo Energy: 8/140 | SP: 2 | MaxSP: 11)
ULT    > Sparkle used their ultimate
    TURN   - SparkleUlt | Sparkle | SUP2 | NA attack | ['QUA'] | ['ULT'] | Scaling: ATK | TargetID: -1 | DMG/BREAK Splits: [0, 0]/[0, 0] | Energy Gained: 5 | SP Change: 6

        ----------Char Buffs----------
        BattleIsntOverERR | ERR% | Stacks: 1 | Value: 0.100 | Remaining Turns: 1 | TickDown: SUP2, PERM | Target: SUP2 | Affects: ['ALL']
        SacerdosSPD | SPD% | Stacks: 1 | Value: 0.060 | Remaining Turns: 1 | TickDown: SUP2, PERM | Target: SUP2 | Affects: ['ALL']
        KeelEFFRES | ERS% | Stacks: 1 | Value: 0.100 | Remaining Turns: 1 | TickDown: SUP2, PERM | Target: SUP2 | Affects: ['ALL']
        KeelCD(SUP2) | CD% | Stacks: 1 | Value: 0.100 | Remaining Turns: 1 | TickDown: SUP2, PERM | Target: SUP2 | Affects: ['ALL']
        SparkleTraceHP | HP% | Stacks: 1 | Value: 0.280 | Remaining Turns: 1 | TickDown: SUP2, PERM | Target: SUP2 | Affects: ['ALL']
        SparkleTraceCD | CD% | Stacks: 1 | Value: 0.240 | Remaining Turns: 1 | TickDown: SUP2, PERM | Target: SUP2 | Affects: ['ALL']
        SparkleTraceERS | ERS% | Stacks: 1 | Value: 0.100 | Remaining Turns: 1 | TickDown: SUP2, PERM | Target: SUP2 | Affects: ['ALL']
        SparkleTeamATK | ATK% | Stacks: 1 | Value: 0.450 | Remaining Turns: 1 | TickDown: SUP2, PERM | Target: SUP2 | Affects: ['ALL']
        KeelCD(SUS) | CD% | Stacks: 1 | Value: 0.100 | Remaining Turns: 1 | TickDown: SUP2, PERM | Target: SUP2 | Affects: ['ALL']
        SparkleVUL | VULN | Stacks: 3 | Value: 0.120 | Remaining Turns: 2 | TickDown: SUP2, END | Target: SUP2 | Affects: ['ALL']
        SparkleUltVUL | VULN | Stacks: 1 | Value: 0.180 | Remaining Turns: 3 | TickDown: SUP2, END | Target: SUP2 | Affects: ['ALL']
        RinTalentCD | CD% | Stacks: 1 | Value: 0.700 | Remaining Turns: 1 | TickDown: SUP2, END | Target: SUP2 | Affects: ['ALL']
        WarriorGoddessHealCD | CD% | Stacks: 1 | Value: 0.150 | Remaining Turns: 2 | TickDown: SUP2, START | Target: SUP2 | Affects: ['ALL']
        BattleIsntOverSPRole.SUP2 | SKILLPOINT | Stacks: 1 | Value: 1.000 | Remaining Turns: 1 | TickDown: SUP2, PERM | Target: SUP2 | Affects: ['ALL']
        ----------End of Buff List----------
        ----------Enemy Debuffs----------
        ----------End of Debuff List----------
        ----------Healing List----------
        ----------End of Healing List----------
        ----------Shields List----------
        ----------End of Shields List----------
    GAUGE  - Enemy 1 toughness reduced by 0.000
    RESULT - SparkleUlt | Sparkle | SUP2 | DMG: 0.000 | ELADMG: 0.000 | Enemies Hit: [1] | Enemies Broken: [] | WB DMG: 0.000 | Energy: 6.472 | Amount HP Healed: 0.000 | Amount HP Lost: 0.000 | Sparkle Energy: 6/110 | SP: 8 | MaxSP: 11)
Rin has obtained 6 Gem Energy from SP and now has 45 Gem Energy
    TURN   - HuoHuoAllyERR | HuoHuo | SUS | NA attack | ['WIN'] | ['SPECIAL'] | Scaling: HP | TargetID: 1 | DMG/BREAK Splits: [0, 0]/[0, 0] | Energy Gained: 1 | SP Change: 0

        ----------Char Buffs----------
        KeelCD(SUP2) | CD% | Stacks: 1 | Value: 0.100 | Remaining Turns: 1 | TickDown: SUS, PERM | Target: SUS | Affects: ['ALL']
        SparkleTeamATK | ATK% | Stacks: 1 | Value: 0.450 | Remaining Turns: 1 | TickDown: SUS, PERM | Target: SUS | Affects: ['ALL']
        PostOpERR | ERR% | Stacks: 1 | Value: 0.160 | Remaining Turns: 1 | TickDown: SUS, PERM | Target: SUS | Affects: ['ALL']
        WarriorGoddessSPD | SPD% | Stacks: 1 | Value: 0.060 | Remaining Turns: 1 | TickDown: SUS, PERM | Target: SUS | Affects: ['ALL']
        KeelEFFRES | ERS% | Stacks: 1 | Value: 0.100 | Remaining Turns: 1 | TickDown: SUS, PERM | Target: SUS | Affects: ['ALL']
        KeelCD(SUS) | CD% | Stacks: 1 | Value: 0.100 | Remaining Turns: 1 | TickDown: SUS, PERM | Target: SUS | Affects: ['ALL']
        HHTraceHP | HP% | Stacks: 1 | Value: 0.280 | Remaining Turns: 1 | TickDown: SUS, PERM | Target: SUS | Affects: ['ALL']
        HHTraceERS | ERS% | Stacks: 1 | Value: 0.180 | Remaining Turns: 1 | TickDown: SUS, PERM | Target: SUS | Affects: ['ALL']
        HHTraceSPD | SPD | Stacks: 1 | Value: 5.000 | Remaining Turns: 1 | TickDown: SUS, PERM | Target: SUS | Affects: ['ALL']
        SparkleVUL | VULN | Stacks: 3 | Value: 0.120 | Remaining Turns: 1 | TickDown: SUS, END | Target: SUS | Affects: ['ALL']
        SparkleUltVUL | VULN | Stacks: 1 | Value: 0.180 | Remaining Turns: 3 | TickDown: SUS, END | Target: SUS | Affects: ['ALL']
        RinTalentCD | CD% | Stacks: 1 | Value: 0.700 | Remaining Turns: 1 | TickDown: SUS, END | Target: SUS | Affects: ['ALL']
        WarriorGoddessHealSPD | SPD% | Stacks: 1 | Value: 0.060 | Remaining Turns: 2 | TickDown: SUS, START | Target: SUS | Affects: ['ALL']
        WarriorGoddessHealCD | CD% | Stacks: 1 | Value: 0.150 | Remaining Turns: 2 | TickDown: SUS, START | Target: SUS | Affects: ['ALL']
        ----------End of Buff List----------
        ----------Enemy Debuffs----------
        RinTohsakaUltVuln | From: SUP1 | VULN | Stacks: 1 | Value: 0.200 | Remaining Turns: 3 | Target: 1 | Targeting: AOE | Affects: ['ALL'] | DOT: False | Blast: False
        Enemy 1 QUA-break | From: SUP1 | ENTANGLE | Stacks: 1 | Value: 34076.706 | Remaining Turns: 1 | Target: 1 | Targeting: ST | Affects: ['ALL'] | DOT: False | Blast: False
        ----------End of Debuff List----------
        ----------Healing List----------
        HuoHuoTalentHealingScaling | Targeting: Targeting.SINGLE | Healing Value: [0.045] | Target: ALL
        HuoHuoTalentHealingScaling | Targeting: Targeting.SINGLE | Healing Value: [0] | Target: ALL
        HuoHuoTalentHealingScaling | Targeting: Targeting.SINGLE | Healing Value: [0] | Target: ALL
        HuoHuoTalentHealingScaling | Targeting: Targeting.SINGLE | Healing Value: [0] | Target: ALL
        HuoHuoTalentHealingFlat | Targeting: Targeting.SINGLE | Healing Value: [120] | Target: ALL
        HuoHuoTalentHealingFlat | Targeting: Targeting.SINGLE | Healing Value: [0] | Target: ALL
        HuoHuoTalentHealingFlat | Targeting: Targeting.SINGLE | Healing Value: [0] | Target: ALL
        HuoHuoTalentHealingFlat | Targeting: Targeting.SINGLE | Healing Value: [0] | Target: ALL
        ----------End of Healing List----------
        ----------Shields List----------
        ----------End of Shields List----------
    GAUGE  - Enemy 1 toughness reduced by 0.000
    RESULT - HuoHuoAllyERR | HuoHuo | SUS | DMG: 0.000 | ELADMG: 0.000 | Enemies Hit: [1] | Enemies Broken: [] | WB DMG: 0.000 | Energy: 1.354 | Amount HP Healed: 371.779 | Amount HP Lost: 0.000 | HuoHuo Energy: 9/140 | SP: 8 | MaxSP: 11)
AV     > Enemy 0 AV reset to 76.923 | 130.000 SPD

<<< NEW TURN >>>
-   Enemy 2 AV: 0.000 ENERGY: 0.000 MaxHP: 2000000.000 CurrHp 799882.956 ShieldHP: 0.000
-   Enemy 1 AV: 11.860 ENERGY: 0.000 MaxHP: 5000000.000 CurrHp 3058732.020 ShieldHP: 0.000
-   RinTohsaka AV: 23.829 ENERGY: 5.000 MaxHP: 3051.570 CurrHp 3051.570 ShieldHP: 0.000
-   Sparkle AV: 45.924 ENERGY: 6.472 MaxHP: 4358.742 CurrHp 3240.431 ShieldHP: 0.000
-   HuoHuo AV: 49.027 ENERGY: 9.481 MaxHP: 6139.808 CurrHp 6023.837 ShieldHP: 0.000
-   Enemy 0 AV: 76.923 ENERGY: 0.000 MaxHP: 2000000.000 CurrHp 804616.879 ShieldHP: 0.000
-   Archer AV: 78.905 ENERGY: 115.667 MaxHP: 3063.425 CurrHp 3063.425 ShieldHP: 0.000

Combat context set: 3 enemies, 4 players
Combat context initialized: 3 enemies, Elation team size: 0
ACTION > [ENEMY] TotalAV: 267.179 | TurnAV: 0.000 | Enemy 2 | 1 attacks
    CharEnergy - Archer: Hit 5.000 Total: 120.667 | RinTohsaka: Hit 5.000 Total: 10.000 | Sparkle: Hit 8.333 Total: 17.259 | HuoHuo: Hit 1.667 Total: 11.738 |
    ENEMY  - Enemy 2 [aoe] dealt 287.7 to RinTohsaka (energy: 3.3, DEF: 1720, atkMul: 1.00, dmgMul: 1.00) | Shield Absorbed: 0.0 | HP Lost: 287.7 | HP: 2764/3052 | Shield HP: 0
    ENEMY  - Enemy 2 [aoe] dealt 232.6 to Archer (energy: 3.3, DEF: 2399, atkMul: 1.00, dmgMul: 1.00) | Shield Absorbed: 0.0 | HP Lost: 232.6 | HP: 2831/3063 | Shield HP: 0
    ENEMY  - Enemy 2 [aoe] dealt 322.2 to Sparkle (energy: 3.3, DEF: 1413, atkMul: 1.00, dmgMul: 1.00) | Shield Absorbed: 0.0 | HP Lost: 322.2 | HP: 2918/4359 | Shield HP: 0
    ENEMY  - Enemy 2 [aoe] dealt 116.3 to Archer (energy: 1.7, DEF: 2399, atkMul: 1.00, dmgMul: 1.00) | Shield Absorbed: 0.0 | HP Lost: 116.3 | HP: 2714/3063 | Shield HP: 0
    ENEMY  - Enemy 2 [aoe] dealt 143.9 to RinTohsaka (energy: 1.7, DEF: 1720, atkMul: 1.00, dmgMul: 1.00) | Shield Absorbed: 0.0 | HP Lost: 143.9 | HP: 2620/3052 | Shield HP: 0
    ENEMY  - Enemy 2 [aoe] dealt 161.1 to Sparkle (energy: 1.7, DEF: 1413, atkMul: 1.00, dmgMul: 1.00) | Shield Absorbed: 0.0 | HP Lost: 161.1 | HP: 2757/4359 | Shield HP: 0
    ENEMY  - Enemy 2 [aoe] dealt 116.0 to HuoHuo (energy: 1.7, DEF: 2410, atkMul: 1.00, dmgMul: 1.00) | Shield Absorbed: 0.0 | HP Lost: 116.0 | HP: 5908/6140 | Shield HP: 0
    ENEMY  - Enemy 2 [aoe] dealt 322.2 to Sparkle (energy: 3.3, DEF: 1413, atkMul: 1.00, dmgMul: 1.00) | Shield Absorbed: 0.0 | HP Lost: 322.2 | HP: 2435/4359 | Shield HP: 0
    DEBUFF - Enemy 2 took 0.000 Debuff damage from Enemy 2 QUA-break
        Debuff Enemy 2 QUA-break expired
AV     > Enemy 2 AV reset to 76.923 | 130.000 SPD

<<< NEW TURN >>>
-   Enemy 1 AV: 0.000 ENERGY: 0.000 MaxHP: 5000000.000 CurrHp 3058732.020 ShieldHP: 0.000
-   RinTohsaka AV: 11.969 ENERGY: 10.000 MaxHP: 3051.570 CurrHp 2619.965 ShieldHP: 0.000
-   Sparkle AV: 34.063 ENERGY: 17.259 MaxHP: 4358.742 CurrHp 2434.942 ShieldHP: 0.000
-   HuoHuo AV: 37.166 ENERGY: 11.738 MaxHP: 6139.808 CurrHp 5907.867 ShieldHP: 0.000
-   Enemy 2 AV: 65.063 ENERGY: 0.000 MaxHP: 2000000.000 CurrHp 799882.956 ShieldHP: 0.000
-   Enemy 0 AV: 65.063 ENERGY: 0.000 MaxHP: 2000000.000 CurrHp 804616.879 ShieldHP: 0.000
-   Archer AV: 67.045 ENERGY: 120.667 MaxHP: 3063.425 CurrHp 2714.467 ShieldHP: 0.000

Combat context set: 3 enemies, 4 players
Combat context initialized: 3 enemies, Elation team size: 0
ACTION > [ENEMY] TotalAV: 279.039 | TurnAV: 11.860 | Enemy 1 | 1 attacks
    CharEnergy - Archer: Hit 5.000 Total: 125.667 | RinTohsaka: Hit 5.000 Total: 15.000 | Sparkle: Hit 5.000 Total: 23.731 | HuoHuo: Hit 1.667 Total: 13.995 |
    ENEMY  - Enemy 1 [aoe] dealt 232.6 to Archer (energy: 3.3, DEF: 2399, atkMul: 1.00, dmgMul: 1.00) | Shield Absorbed: 0.0 | HP Lost: 232.6 | HP: 2482/3063 | Shield HP: 0
    ENEMY  - Enemy 1 [aoe] dealt 287.7 to RinTohsaka (energy: 3.3, DEF: 1720, atkMul: 1.00, dmgMul: 1.00) | Shield Absorbed: 0.0 | HP Lost: 287.7 | HP: 2332/3052 | Shield HP: 0
    ENEMY  - Enemy 1 [aoe] dealt 116.3 to Archer (energy: 1.7, DEF: 2399, atkMul: 1.00, dmgMul: 1.00) | Shield Absorbed: 0.0 | HP Lost: 116.3 | HP: 2366/3063 | Shield HP: 0
    ENEMY  - Enemy 1 [aoe] dealt 143.9 to RinTohsaka (energy: 1.7, DEF: 1720, atkMul: 1.00, dmgMul: 1.00) | Shield Absorbed: 0.0 | HP Lost: 143.9 | HP: 2188/3052 | Shield HP: 0
    ENEMY  - Enemy 1 [aoe] dealt 161.1 to Sparkle (energy: 1.7, DEF: 1413, atkMul: 1.00, dmgMul: 1.00) | Shield Absorbed: 0.0 | HP Lost: 161.1 | HP: 2274/4359 | Shield HP: 0
    ENEMY  - Enemy 1 [aoe] dealt 116.0 to HuoHuo (energy: 1.7, DEF: 2410, atkMul: 1.00, dmgMul: 1.00) | Shield Absorbed: 0.0 | HP Lost: 116.0 | HP: 5792/6140 | Shield HP: 0
    ENEMY  - Enemy 1 [aoe] dealt 322.2 to Sparkle (energy: 3.3, DEF: 1413, atkMul: 1.00, dmgMul: 1.00) | Shield Absorbed: 0.0 | HP Lost: 322.2 | HP: 1952/4359 | Shield HP: 0
    DEBUFF - Enemy 1 took 0.000 Debuff damage from Enemy 1 QUA-break
        Debuff Enemy 1 QUA-break expired
AV     > Enemy 1 AV reset to 63.131 | 158.400 SPD

<<< NEW TURN >>>
-   RinTohsaka AV: 0.000 ENERGY: 15.000 MaxHP: 3051.570 CurrHp 2188.360 ShieldHP: 0.000
-   Sparkle AV: 22.095 ENERGY: 23.731 MaxHP: 4358.742 CurrHp 1951.648 ShieldHP: 0.000
-   HuoHuo AV: 25.198 ENERGY: 13.995 MaxHP: 6139.808 CurrHp 5791.896 ShieldHP: 0.000
-   Enemy 1 AV: 51.163 ENERGY: 0.000 MaxHP: 5000000.000 CurrHp 3058732.020 ShieldHP: 0.000
-   Enemy 2 AV: 53.094 ENERGY: 0.000 MaxHP: 2000000.000 CurrHp 799882.956 ShieldHP: 0.000
-   Enemy 0 AV: 53.094 ENERGY: 0.000 MaxHP: 2000000.000 CurrHp 804616.879 ShieldHP: 0.000
-   Archer AV: 55.076 ENERGY: 125.667 MaxHP: 3063.425 CurrHp 2365.508 ShieldHP: 0.000

Combat context set: 3 enemies, 4 players
Combat context initialized: 3 enemies, Elation team size: 0
Rin can use Enhanced Skill
ACTION > [CHAR] TotalAV: 291.008 | TurnAV: 11.969 | RinTohsaka | A-move
    TURN   - RinTohsakaBasic | RinTohsaka | SUP1 | ST attack | ['QUA'] | ['BSC'] | Scaling: ATK | TargetID: 1 | DMG/BREAK Splits: [1.0, 0]/[10, 0] | Energy Gained: 20 | SP Change: 1

        ----------Char Buffs----------
        CalculusATK | ATK% | Stacks: 1 | Value: 0.120 | Remaining Turns: 1 | TickDown: SUP1, PERM | Target: SUP1 | Affects: ['ALL']
        GeniusDMG | DMG% | Stacks: 1 | Value: 0.100 | Remaining Turns: 1 | TickDown: SUP1, PERM | Target: SUP1 | Affects: ['ALL']
        GeniusSHRED | SHRED | Stacks: 1 | Value: 0.200 | Remaining Turns: 1 | TickDown: SUP1, PERM | Target: SUP1 | Affects: ['ALL']
        RutilantCR | CR% | Stacks: 1 | Value: 0.080 | Remaining Turns: 1 | TickDown: SUP1, PERM | Target: SUP1 | Affects: ['ALL']
        RutilantBonusDMG | DMG% | Stacks: 1 | Value: 0.200 | Remaining Turns: 1 | TickDown: SUP1, PERM | Target: SUP1 | Affects: ['BSC', 'SKL']
        RinTohsakaTraceCD | CD% | Stacks: 1 | Value: 0.373 | Remaining Turns: 1 | TickDown: SUP1, PERM | Target: SUP1 | Affects: ['ALL']
        RinTohsakaTraceATK | ATK% | Stacks: 1 | Value: 0.180 | Remaining Turns: 1 | TickDown: SUP1, PERM | Target: SUP1 | Affects: ['ALL']
        RinTohsakaTraceDMG | DMG% | Stacks: 1 | Value: 0.080 | Remaining Turns: 1 | TickDown: SUP1, PERM | Target: SUP1 | Affects: ['ALL']
        RinTohsakaTrace1ATK | ATK% | Stacks: 1 | Value: 1.500 | Remaining Turns: 1 | TickDown: SUP1, PERM | Target: SUP1 | Affects: ['ALL']
        RinTohsakaTrace1PEN | QUAPEN | Stacks: 1 | Value: 0.150 | Remaining Turns: 1 | TickDown: SUP1, PERM | Target: SUP1 | Affects: ['ALL']
        KeelCD(SUP2) | CD% | Stacks: 1 | Value: 0.100 | Remaining Turns: 1 | TickDown: SUP1, PERM | Target: SUP1 | Affects: ['ALL']
        SparkleTeamATK | ATK% | Stacks: 1 | Value: 0.450 | Remaining Turns: 1 | TickDown: SUP1, PERM | Target: SUP1 | Affects: ['ALL']
        KeelCD(SUS) | CD% | Stacks: 1 | Value: 0.100 | Remaining Turns: 1 | TickDown: SUP1, PERM | Target: SUP1 | Affects: ['ALL']
        CalculusHitATK | ATK% | Stacks: 1 | Value: 0.240 | Remaining Turns: 1 | TickDown: SUP1, PERM | Target: SUP1 | Affects: ['ALL']
        TalentCD | CD% | Stacks: 1 | Value: 0.700 | Remaining Turns: 2 | TickDown: SUP1, END | Target: SUP1 | Affects: ['ALL']
        SparkleVUL | VULN | Stacks: 3 | Value: 0.120 | Remaining Turns: 2 | TickDown: SUP1, END | Target: SUP1 | Affects: ['ALL']
        SparkleUltVUL | VULN | Stacks: 1 | Value: 0.180 | Remaining Turns: 3 | TickDown: SUP1, END | Target: SUP1 | Affects: ['ALL']
        EnhancedSkillSPD | SPD% | Stacks: 1 | Value: 0.200 | Remaining Turns: 2 | TickDown: SUP1, END | Target: SUP1 | Affects: ['ALL']
        CalculusHitSpd | SPD% | Stacks: 1 | Value: 0.160 | Remaining Turns: 1 | TickDown: SUP1, END | Target: SUP1 | Affects: ['ALL']
        WarriorGoddessHealCD | CD% | Stacks: 1 | Value: 0.150 | Remaining Turns: 1 | TickDown: SUP1, START | Target: SUP1 | Affects: ['ALL']
        HuoHuoUltATK | ATK% | Stacks: 1 | Value: 0.400 | Remaining Turns: 2 | TickDown: SUP1, END | Target: SUP1 | Affects: ['ALL']
        HuoHuoUltExtraATK | ATK% | Stacks: 1 | Value: 0.240 | Remaining Turns: 2 | TickDown: SUP1, END | Target: SUP1 | Affects: ['ALL']
        ----------End of Buff List----------
        ----------Enemy Debuffs----------
        RinTohsakaUltVuln | From: SUP1 | VULN | Stacks: 1 | Value: 0.200 | Remaining Turns: 2 | Target: 1 | Targeting: AOE | Affects: ['ALL'] | DOT: False | Blast: False
        ----------End of Debuff List----------
        ----------Healing List----------
        ----------End of Healing List----------
        ----------Shields List----------
        ----------End of Shields List----------
    GAUGE  - Enemy 1 toughness reduced by 10.000
    RESULT - RinTohsakaBasic | RinTohsaka | SUP1 | DMG: 24812.935 | ELADMG: 0.000 | Enemies Hit: [1] | Enemies Broken: [] | WB DMG: 0.000 | Energy: 20.000 | Amount HP Healed: 0.000 | Amount HP Lost: 0.000 | RinTohsaka Energy: 35/160 | SP: 10 | MaxSP: 11)
Rin has obtained 1 Gem Energy from SP and now has 46 Gem Energy
    TURN   - ArcherFUA | Archer | DPS | ST attack | ['QUA'] | ['FUA'] | Scaling: ATK | TargetID: 1 | DMG/BREAK Splits: [2.0, 0]/[10, 0] | Energy Gained: 5 | SP Change: 1

        ----------Char Buffs----------
        IdealsBurnCR | CR% | Stacks: 1 | Value: 0.160 | Remaining Turns: 1 | TickDown: DPS, PERM | Target: DPS | Affects: ['ALL']
        IdealsBurnATK | ATK% | Stacks: 1 | Value: 0.400 | Remaining Turns: 1 | TickDown: DPS, PERM | Target: DPS | Affects: ['ALL']
        GeniusDMG | DMG% | Stacks: 1 | Value: 0.100 | Remaining Turns: 1 | TickDown: DPS, PERM | Target: DPS | Affects: ['ALL']
        GeniusSHRED | SHRED | Stacks: 1 | Value: 0.200 | Remaining Turns: 1 | TickDown: DPS, PERM | Target: DPS | Affects: ['ALL']
        TengokuCD | CD% | Stacks: 1 | Value: 0.160 | Remaining Turns: 1 | TickDown: DPS, PERM | Target: DPS | Affects: ['ALL']
        ArcherTraceCR | CD% | Stacks: 1 | Value: 0.067 | Remaining Turns: 1 | TickDown: DPS, PERM | Target: DPS | Affects: ['ALL']
        ArcherTraceATK | ATK% | Stacks: 1 | Value: 0.180 | Remaining Turns: 1 | TickDown: DPS, PERM | Target: DPS | Affects: ['ALL']
        ArcherTraceDMG | DMG% | Stacks: 1 | Value: 0.224 | Remaining Turns: 1 | TickDown: DPS, PERM | Target: DPS | Affects: ['ALL']
        KeelCD(SUP2) | CD% | Stacks: 1 | Value: 0.100 | Remaining Turns: 1 | TickDown: DPS, PERM | Target: DPS | Affects: ['ALL']
        SparkleTeamATK | ATK% | Stacks: 1 | Value: 0.450 | Remaining Turns: 1 | TickDown: DPS, PERM | Target: DPS | Affects: ['ALL']
        KeelCD(SUS) | CD% | Stacks: 1 | Value: 0.100 | Remaining Turns: 1 | TickDown: DPS, PERM | Target: DPS | Affects: ['ALL']
        RinTohsakaAllyTrace1ATK | ATK% | Stacks: 1 | Value: 1.500 | Remaining Turns: 1 | TickDown: DPS, PERM | Target: DPS | Affects: ['ALL']
        RinTohsakaAllyTrace1PEN | QUAPEN | Stacks: 1 | Value: 0.150 | Remaining Turns: 1 | TickDown: DPS, PERM | Target: DPS | Affects: ['ALL']
        SparkleVUL | VULN | Stacks: 3 | Value: 0.120 | Remaining Turns: 2 | TickDown: DPS, END | Target: DPS | Affects: ['ALL']
        RinTalentCD | CD% | Stacks: 1 | Value: 0.700 | Remaining Turns: 2 | TickDown: DPS, END | Target: DPS | Affects: ['ALL']
        SacerdosCDSUP2 | CD% | Stacks: 2 | Value: 0.360 | Remaining Turns: 1 | TickDown: DPS, END | Target: DPS | Affects: ['ALL']
        SparkleCD | CD% | Stacks: 1 | Value: 1.175 | Remaining Turns: 1 | TickDown: DPS, END | Target: DPS | Affects: ['ALL']
        SparklePEN | PEN | Stacks: 1 | Value: 0.100 | Remaining Turns: 1 | TickDown: DPS, END | Target: DPS | Affects: ['ALL']
        SparkleUltVUL | VULN | Stacks: 1 | Value: 0.180 | Remaining Turns: 3 | TickDown: DPS, END | Target: DPS | Affects: ['ALL']
        IdealsBurnSKLATK | ATK% | Stacks: 1 | Value: 0.400 | Remaining Turns: 1 | TickDown: DPS, PERM | Target: DPS | Affects: ['ALL']
        TengokuSPArcherCD | CD% | Stacks: 1 | Value: 0.320 | Remaining Turns: 2 | TickDown: DPS, END | Target: DPS | Affects: ['ALL']
        WarriorGoddessHealCD | CD% | Stacks: 1 | Value: 0.150 | Remaining Turns: 2 | TickDown: DPS, START | Target: DPS | Affects: ['ALL']
        HuoHuoUltATK | ATK% | Stacks: 1 | Value: 0.400 | Remaining Turns: 2 | TickDown: DPS, END | Target: DPS | Affects: ['ALL']
        HuoHuoUltExtraATK | ATK% | Stacks: 1 | Value: 0.240 | Remaining Turns: 2 | TickDown: DPS, END | Target: DPS | Affects: ['ALL']
        Trace3CD | CD% | Stacks: 1 | Value: 1.200 | Remaining Turns: 1 | TickDown: DPS, END | Target: DPS | Affects: ['ALL']
        ----------End of Buff List----------
        ----------Enemy Debuffs----------
        RinTohsakaUltVuln | From: SUP1 | VULN | Stacks: 1 | Value: 0.200 | Remaining Turns: 2 | Target: 1 | Targeting: AOE | Affects: ['ALL'] | DOT: False | Blast: False
        ----------End of Debuff List----------
        ----------Healing List----------
        HuoHuoTalentHealingScaling | Targeting: Targeting.SINGLE | Healing Value: [0] | Target: ALL
        HuoHuoTalentHealingScaling | Targeting: Targeting.SINGLE | Healing Value: [0] | Target: ALL
        HuoHuoTalentHealingScaling | Targeting: Targeting.SINGLE | Healing Value: [0.045] | Target: ALL
        HuoHuoTalentHealingScaling | Targeting: Targeting.SINGLE | Healing Value: [0] | Target: ALL
        HuoHuoTalentHealingFlat | Targeting: Targeting.SINGLE | Healing Value: [0] | Target: ALL
        HuoHuoTalentHealingFlat | Targeting: Targeting.SINGLE | Healing Value: [0] | Target: ALL
        HuoHuoTalentHealingFlat | Targeting: Targeting.SINGLE | Healing Value: [120] | Target: ALL
        HuoHuoTalentHealingFlat | Targeting: Targeting.SINGLE | Healing Value: [0] | Target: ALL
        ----------End of Healing List----------
        ----------Shields List----------
        ----------End of Shields List----------
    GAUGE  - Enemy 1 toughness reduced by 10.000
    RESULT - ArcherFUA | Archer | DPS | DMG: 126508.115 | ELADMG: 0.000 | Enemies Hit: [1] | Enemies Broken: [] | WB DMG: 0.000 | Energy: 5.000 | Amount HP Healed: 371.779 | Amount HP Lost: 0.000 | Archer Energy: 131/220 | SP: 11 | MaxSP: 11)
Rin has obtained 1 Gem Energy from SP and now has 47 Gem Energy
    TURN   - HuoHuoAllyERR | HuoHuo | SUS | NA attack | ['WIN'] | ['SPECIAL'] | Scaling: HP | TargetID: 1 | DMG/BREAK Splits: [0, 0]/[0, 0] | Energy Gained: 1 | SP Change: 0

        ----------Char Buffs----------
        KeelCD(SUP2) | CD% | Stacks: 1 | Value: 0.100 | Remaining Turns: 1 | TickDown: SUS, PERM | Target: SUS | Affects: ['ALL']
        SparkleTeamATK | ATK% | Stacks: 1 | Value: 0.450 | Remaining Turns: 1 | TickDown: SUS, PERM | Target: SUS | Affects: ['ALL']
        PostOpERR | ERR% | Stacks: 1 | Value: 0.160 | Remaining Turns: 1 | TickDown: SUS, PERM | Target: SUS | Affects: ['ALL']
        WarriorGoddessSPD | SPD% | Stacks: 1 | Value: 0.060 | Remaining Turns: 1 | TickDown: SUS, PERM | Target: SUS | Affects: ['ALL']
        KeelEFFRES | ERS% | Stacks: 1 | Value: 0.100 | Remaining Turns: 1 | TickDown: SUS, PERM | Target: SUS | Affects: ['ALL']
        KeelCD(SUS) | CD% | Stacks: 1 | Value: 0.100 | Remaining Turns: 1 | TickDown: SUS, PERM | Target: SUS | Affects: ['ALL']
        HHTraceHP | HP% | Stacks: 1 | Value: 0.280 | Remaining Turns: 1 | TickDown: SUS, PERM | Target: SUS | Affects: ['ALL']
        HHTraceERS | ERS% | Stacks: 1 | Value: 0.180 | Remaining Turns: 1 | TickDown: SUS, PERM | Target: SUS | Affects: ['ALL']
        HHTraceSPD | SPD | Stacks: 1 | Value: 5.000 | Remaining Turns: 1 | TickDown: SUS, PERM | Target: SUS | Affects: ['ALL']
        SparkleVUL | VULN | Stacks: 3 | Value: 0.120 | Remaining Turns: 1 | TickDown: SUS, END | Target: SUS | Affects: ['ALL']
        SparkleUltVUL | VULN | Stacks: 1 | Value: 0.180 | Remaining Turns: 3 | TickDown: SUS, END | Target: SUS | Affects: ['ALL']
        RinTalentCD | CD% | Stacks: 1 | Value: 0.700 | Remaining Turns: 1 | TickDown: SUS, END | Target: SUS | Affects: ['ALL']
        WarriorGoddessHealSPD | SPD% | Stacks: 1 | Value: 0.060 | Remaining Turns: 2 | TickDown: SUS, START | Target: SUS | Affects: ['ALL']
        WarriorGoddessHealCD | CD% | Stacks: 1 | Value: 0.150 | Remaining Turns: 2 | TickDown: SUS, START | Target: SUS | Affects: ['ALL']
        ----------End of Buff List----------
        ----------Enemy Debuffs----------
        RinTohsakaUltVuln | From: SUP1 | VULN | Stacks: 1 | Value: 0.200 | Remaining Turns: 2 | Target: 1 | Targeting: AOE | Affects: ['ALL'] | DOT: False | Blast: False
        ----------End of Debuff List----------
        ----------Healing List----------
        ----------End of Healing List----------
        ----------Shields List----------
        ----------End of Shields List----------
    GAUGE  - Enemy 1 toughness reduced by 0.000
    RESULT - HuoHuoAllyERR | HuoHuo | SUS | DMG: 0.000 | ELADMG: 0.000 | Enemies Hit: [1] | Enemies Broken: [] | WB DMG: 0.000 | Energy: 1.354 | Amount HP Healed: 0.000 | Amount HP Lost: 0.000 | HuoHuo Energy: 15/140 | SP: 11 | MaxSP: 11)
        Buff CalculusHitSpd expired
SPD    > RinTohsaka speed changed to 165.832 | NewAV: 0.000
AV     > RinTohsaka AV reset to 60.302 | 165.832 SPD

<<< NEW TURN >>>
-   Sparkle AV: 0.000 ENERGY: 23.731 MaxHP: 4358.742 CurrHp 2323.428 ShieldHP: 0.000
-   HuoHuo AV: 3.103 ENERGY: 15.350 MaxHP: 6139.808 CurrHp 5791.896 ShieldHP: 0.000
-   Enemy 1 AV: 29.068 ENERGY: 0.000 MaxHP: 5000000.000 CurrHp 2907410.970 ShieldHP: 0.000
-   Enemy 2 AV: 30.999 ENERGY: 0.000 MaxHP: 2000000.000 CurrHp 799882.956 ShieldHP: 0.000
-   Enemy 0 AV: 30.999 ENERGY: 0.000 MaxHP: 2000000.000 CurrHp 804616.879 ShieldHP: 0.000
-   Archer AV: 32.982 ENERGY: 130.667 MaxHP: 3063.425 CurrHp 2365.508 ShieldHP: 0.000
-   RinTohsaka AV: 38.207 ENERGY: 35.000 MaxHP: 3051.570 CurrHp 2188.360 ShieldHP: 0.000

Combat context set: 3 enemies, 4 players
Combat context initialized: 3 enemies, Elation team size: 0
ACTION > [CHAR] TotalAV: 313.103 | TurnAV: 22.095 | Sparkle | E-move
    TURN   - SparkleSkill | Sparkle | SUP2 | NA attack | ['QUA'] | ['SKL'] | Scaling: ATK | TargetID: -1 | DMG/BREAK Splits: [0, 0]/[0, 0] | Energy Gained: 30 | SP Change: 0

        ----------Char Buffs----------
        BattleIsntOverERR | ERR% | Stacks: 1 | Value: 0.100 | Remaining Turns: 1 | TickDown: SUP2, PERM | Target: SUP2 | Affects: ['ALL']
        SacerdosSPD | SPD% | Stacks: 1 | Value: 0.060 | Remaining Turns: 1 | TickDown: SUP2, PERM | Target: SUP2 | Affects: ['ALL']
        KeelEFFRES | ERS% | Stacks: 1 | Value: 0.100 | Remaining Turns: 1 | TickDown: SUP2, PERM | Target: SUP2 | Affects: ['ALL']
        KeelCD(SUP2) | CD% | Stacks: 1 | Value: 0.100 | Remaining Turns: 1 | TickDown: SUP2, PERM | Target: SUP2 | Affects: ['ALL']
        SparkleTraceHP | HP% | Stacks: 1 | Value: 0.280 | Remaining Turns: 1 | TickDown: SUP2, PERM | Target: SUP2 | Affects: ['ALL']
        SparkleTraceCD | CD% | Stacks: 1 | Value: 0.240 | Remaining Turns: 1 | TickDown: SUP2, PERM | Target: SUP2 | Affects: ['ALL']
        SparkleTraceERS | ERS% | Stacks: 1 | Value: 0.100 | Remaining Turns: 1 | TickDown: SUP2, PERM | Target: SUP2 | Affects: ['ALL']
        SparkleTeamATK | ATK% | Stacks: 1 | Value: 0.450 | Remaining Turns: 1 | TickDown: SUP2, PERM | Target: SUP2 | Affects: ['ALL']
        KeelCD(SUS) | CD% | Stacks: 1 | Value: 0.100 | Remaining Turns: 1 | TickDown: SUP2, PERM | Target: SUP2 | Affects: ['ALL']
        SparkleVUL | VULN | Stacks: 3 | Value: 0.120 | Remaining Turns: 2 | TickDown: SUP2, END | Target: SUP2 | Affects: ['ALL']
        SparkleUltVUL | VULN | Stacks: 1 | Value: 0.180 | Remaining Turns: 3 | TickDown: SUP2, END | Target: SUP2 | Affects: ['ALL']
        RinTalentCD | CD% | Stacks: 1 | Value: 0.700 | Remaining Turns: 2 | TickDown: SUP2, END | Target: SUP2 | Affects: ['ALL']
        WarriorGoddessHealCD | CD% | Stacks: 1 | Value: 0.150 | Remaining Turns: 1 | TickDown: SUP2, START | Target: SUP2 | Affects: ['ALL']
        ----------End of Buff List----------
        ----------Enemy Debuffs----------
        ----------End of Debuff List----------
        ----------Healing List----------
        ----------End of Healing List----------
        ----------Shields List----------
        ----------End of Shields List----------
    GAUGE  - Enemy 0 toughness reduced by 0.000
    RESULT - SparkleSkill | Sparkle | SUP2 | DMG: 0.000 | ELADMG: 0.000 | Enemies Hit: [0] | Enemies Broken: [] | WB DMG: 0.000 | Energy: 38.832 | Amount HP Healed: 0.000 | Amount HP Lost: 0.000 | Sparkle Energy: 63/110 | SP: 11 | MaxSP: 11)
ADV    > Archer advanced by 50.000% from SparkleForward | NewAV: 0.000 | Priority: 17
    TURN   - HuoHuoAllyERR | HuoHuo | SUS | NA attack | ['WIN'] | ['SPECIAL'] | Scaling: HP | TargetID: 1 | DMG/BREAK Splits: [0, 0]/[0, 0] | Energy Gained: 1 | SP Change: 0

        ----------Char Buffs----------
        KeelCD(SUP2) | CD% | Stacks: 1 | Value: 0.100 | Remaining Turns: 1 | TickDown: SUS, PERM | Target: SUS | Affects: ['ALL']
        SparkleTeamATK | ATK% | Stacks: 1 | Value: 0.450 | Remaining Turns: 1 | TickDown: SUS, PERM | Target: SUS | Affects: ['ALL']
        PostOpERR | ERR% | Stacks: 1 | Value: 0.160 | Remaining Turns: 1 | TickDown: SUS, PERM | Target: SUS | Affects: ['ALL']
        WarriorGoddessSPD | SPD% | Stacks: 1 | Value: 0.060 | Remaining Turns: 1 | TickDown: SUS, PERM | Target: SUS | Affects: ['ALL']
        KeelEFFRES | ERS% | Stacks: 1 | Value: 0.100 | Remaining Turns: 1 | TickDown: SUS, PERM | Target: SUS | Affects: ['ALL']
        KeelCD(SUS) | CD% | Stacks: 1 | Value: 0.100 | Remaining Turns: 1 | TickDown: SUS, PERM | Target: SUS | Affects: ['ALL']
        HHTraceHP | HP% | Stacks: 1 | Value: 0.280 | Remaining Turns: 1 | TickDown: SUS, PERM | Target: SUS | Affects: ['ALL']
        HHTraceERS | ERS% | Stacks: 1 | Value: 0.180 | Remaining Turns: 1 | TickDown: SUS, PERM | Target: SUS | Affects: ['ALL']
        HHTraceSPD | SPD | Stacks: 1 | Value: 5.000 | Remaining Turns: 1 | TickDown: SUS, PERM | Target: SUS | Affects: ['ALL']
        SparkleVUL | VULN | Stacks: 3 | Value: 0.120 | Remaining Turns: 1 | TickDown: SUS, END | Target: SUS | Affects: ['ALL']
        SparkleUltVUL | VULN | Stacks: 1 | Value: 0.180 | Remaining Turns: 3 | TickDown: SUS, END | Target: SUS | Affects: ['ALL']
        RinTalentCD | CD% | Stacks: 1 | Value: 0.700 | Remaining Turns: 1 | TickDown: SUS, END | Target: SUS | Affects: ['ALL']
        WarriorGoddessHealSPD | SPD% | Stacks: 1 | Value: 0.060 | Remaining Turns: 2 | TickDown: SUS, START | Target: SUS | Affects: ['ALL']
        WarriorGoddessHealCD | CD% | Stacks: 1 | Value: 0.150 | Remaining Turns: 2 | TickDown: SUS, START | Target: SUS | Affects: ['ALL']
        ----------End of Buff List----------
        ----------Enemy Debuffs----------
        RinTohsakaUltVuln | From: SUP1 | VULN | Stacks: 1 | Value: 0.200 | Remaining Turns: 2 | Target: 1 | Targeting: AOE | Affects: ['ALL'] | DOT: False | Blast: False
        ----------End of Debuff List----------
        ----------Healing List----------
        HuoHuoTalentHealingScaling | Targeting: Targeting.SINGLE | Healing Value: [0] | Target: ALL
        HuoHuoTalentHealingScaling | Targeting: Targeting.SINGLE | Healing Value: [0.045] | Target: ALL
        HuoHuoTalentHealingScaling | Targeting: Targeting.SINGLE | Healing Value: [0] | Target: ALL
        HuoHuoTalentHealingScaling | Targeting: Targeting.SINGLE | Healing Value: [0] | Target: ALL
        HuoHuoTalentHealingFlat | Targeting: Targeting.SINGLE | Healing Value: [0] | Target: ALL
        HuoHuoTalentHealingFlat | Targeting: Targeting.SINGLE | Healing Value: [120] | Target: ALL
        HuoHuoTalentHealingFlat | Targeting: Targeting.SINGLE | Healing Value: [0] | Target: ALL
        HuoHuoTalentHealingFlat | Targeting: Targeting.SINGLE | Healing Value: [0] | Target: ALL
        ----------End of Healing List----------
        ----------Shields List----------
        ----------End of Shields List----------
    GAUGE  - Enemy 1 toughness reduced by 0.000
    RESULT - HuoHuoAllyERR | HuoHuo | SUS | DMG: 0.000 | ELADMG: 0.000 | Enemies Hit: [1] | Enemies Broken: [] | WB DMG: 0.000 | Energy: 1.354 | Amount HP Healed: 371.779 | Amount HP Lost: 0.000 | HuoHuo Energy: 17/140 | SP: 11 | MaxSP: 11)
AV     > Sparkle AV reset to 62.621 | 159.692 SPD

<<< NEW TURN >>>
-   Archer AV: 0.000 ENERGY: 130.667 MaxHP: 3063.425 CurrHp 2365.508 ShieldHP: 0.000
-   HuoHuo AV: 3.103 ENERGY: 16.704 MaxHP: 6139.808 CurrHp 5791.896 ShieldHP: 0.000
-   Enemy 1 AV: 29.068 ENERGY: 0.000 MaxHP: 5000000.000 CurrHp 2907410.970 ShieldHP: 0.000
-   Enemy 2 AV: 30.999 ENERGY: 0.000 MaxHP: 2000000.000 CurrHp 799882.956 ShieldHP: 0.000
-   Enemy 0 AV: 30.999 ENERGY: 0.000 MaxHP: 2000000.000 CurrHp 804616.879 ShieldHP: 0.000
-   RinTohsaka AV: 38.207 ENERGY: 35.000 MaxHP: 3051.570 CurrHp 2560.139 ShieldHP: 0.000
-   Sparkle AV: 62.621 ENERGY: 62.562 MaxHP: 4358.742 CurrHp 2323.428 ShieldHP: 0.000

Combat context set: 3 enemies, 4 players
Combat context initialized: 3 enemies, Elation team size: 0
ACTION > [CHAR] TotalAV: 313.103 | TurnAV: 0.000 | Archer | E-move
        Buff SkillDmg expired
CIRCUIT > Archer entered Circuit Connection (use 1/5)
    TURN   - ArcherSkill | Archer | DPS | ST attack | ['QUA'] | ['SKL'] | Scaling: ATK | TargetID: 1 | DMG/BREAK Splits: [3.6, 0]/[20, 0] | Energy Gained: 30 | SP Change: -2

        ----------Char Buffs----------
        IdealsBurnCR | CR% | Stacks: 1 | Value: 0.160 | Remaining Turns: 1 | TickDown: DPS, PERM | Target: DPS | Affects: ['ALL']
        IdealsBurnATK | ATK% | Stacks: 1 | Value: 0.400 | Remaining Turns: 1 | TickDown: DPS, PERM | Target: DPS | Affects: ['ALL']
        GeniusDMG | DMG% | Stacks: 1 | Value: 0.100 | Remaining Turns: 1 | TickDown: DPS, PERM | Target: DPS | Affects: ['ALL']
        GeniusSHRED | SHRED | Stacks: 1 | Value: 0.200 | Remaining Turns: 1 | TickDown: DPS, PERM | Target: DPS | Affects: ['ALL']
        TengokuCD | CD% | Stacks: 1 | Value: 0.160 | Remaining Turns: 1 | TickDown: DPS, PERM | Target: DPS | Affects: ['ALL']
        ArcherTraceCR | CD% | Stacks: 1 | Value: 0.067 | Remaining Turns: 1 | TickDown: DPS, PERM | Target: DPS | Affects: ['ALL']
        ArcherTraceATK | ATK% | Stacks: 1 | Value: 0.180 | Remaining Turns: 1 | TickDown: DPS, PERM | Target: DPS | Affects: ['ALL']
        ArcherTraceDMG | DMG% | Stacks: 1 | Value: 0.224 | Remaining Turns: 1 | TickDown: DPS, PERM | Target: DPS | Affects: ['ALL']
        KeelCD(SUP2) | CD% | Stacks: 1 | Value: 0.100 | Remaining Turns: 1 | TickDown: DPS, PERM | Target: DPS | Affects: ['ALL']
        SparkleTeamATK | ATK% | Stacks: 1 | Value: 0.450 | Remaining Turns: 1 | TickDown: DPS, PERM | Target: DPS | Affects: ['ALL']
        KeelCD(SUS) | CD% | Stacks: 1 | Value: 0.100 | Remaining Turns: 1 | TickDown: DPS, PERM | Target: DPS | Affects: ['ALL']
        RinTohsakaAllyTrace1ATK | ATK% | Stacks: 1 | Value: 1.500 | Remaining Turns: 1 | TickDown: DPS, PERM | Target: DPS | Affects: ['ALL']
        RinTohsakaAllyTrace1PEN | QUAPEN | Stacks: 1 | Value: 0.150 | Remaining Turns: 1 | TickDown: DPS, PERM | Target: DPS | Affects: ['ALL']
        SparkleVUL | VULN | Stacks: 3 | Value: 0.120 | Remaining Turns: 2 | TickDown: DPS, END | Target: DPS | Affects: ['ALL']
        RinTalentCD | CD% | Stacks: 1 | Value: 0.700 | Remaining Turns: 2 | TickDown: DPS, END | Target: DPS | Affects: ['ALL']
        SacerdosCDSUP2 | CD% | Stacks: 2 | Value: 0.360 | Remaining Turns: 2 | TickDown: DPS, END | Target: DPS | Affects: ['ALL']
        SparkleCD | CD% | Stacks: 1 | Value: 1.175 | Remaining Turns: 2 | TickDown: DPS, END | Target: DPS | Affects: ['ALL']
        SparklePEN | PEN | Stacks: 1 | Value: 0.100 | Remaining Turns: 2 | TickDown: DPS, END | Target: DPS | Affects: ['ALL']
        SparkleUltVUL | VULN | Stacks: 1 | Value: 0.180 | Remaining Turns: 3 | TickDown: DPS, END | Target: DPS | Affects: ['ALL']
        IdealsBurnSKLATK | ATK% | Stacks: 1 | Value: 0.400 | Remaining Turns: 1 | TickDown: DPS, PERM | Target: DPS | Affects: ['ALL']
        TengokuSPArcherCD | CD% | Stacks: 1 | Value: 0.320 | Remaining Turns: 2 | TickDown: DPS, END | Target: DPS | Affects: ['ALL']
        WarriorGoddessHealCD | CD% | Stacks: 1 | Value: 0.150 | Remaining Turns: 1 | TickDown: DPS, START | Target: DPS | Affects: ['ALL']
        HuoHuoUltATK | ATK% | Stacks: 1 | Value: 0.400 | Remaining Turns: 2 | TickDown: DPS, END | Target: DPS | Affects: ['ALL']
        HuoHuoUltExtraATK | ATK% | Stacks: 1 | Value: 0.240 | Remaining Turns: 2 | TickDown: DPS, END | Target: DPS | Affects: ['ALL']
        Trace3CD | CD% | Stacks: 1 | Value: 1.200 | Remaining Turns: 1 | TickDown: DPS, END | Target: DPS | Affects: ['ALL']
        BattleIsntOverDMGRole.SUP2 | DMG% | Stacks: 1 | Value: 0.300 | Remaining Turns: 1 | TickDown: DPS, END | Target: DPS | Affects: ['ALL']
        ----------End of Buff List----------
        ----------Enemy Debuffs----------
        RinTohsakaUltVuln | From: SUP1 | VULN | Stacks: 1 | Value: 0.200 | Remaining Turns: 2 | Target: 1 | Targeting: AOE | Affects: ['ALL'] | DOT: False | Blast: False
        ----------End of Debuff List----------
        ----------Healing List----------
        ----------End of Healing List----------
        ----------Shields List----------
        ----------End of Shields List----------
    GAUGE  - Enemy 1 toughness reduced by 20.000
    RESULT - ArcherSkill | Archer | DPS | DMG: 267599.160 | ELADMG: 0.000 | Enemies Hit: [1] | Enemies Broken: [] | WB DMG: 0.000 | Energy: 30.000 | Amount HP Healed: 0.000 | Amount HP Lost: 0.000 | Archer Energy: 161/220 | SP: 9 | MaxSP: 11)
Rin has obtained 2 Gem Energy from SP and now has 49 Gem Energy
    TURN   - HuoHuoAllyERR | HuoHuo | SUS | NA attack | ['WIN'] | ['SPECIAL'] | Scaling: HP | TargetID: 1 | DMG/BREAK Splits: [0, 0]/[0, 0] | Energy Gained: 1 | SP Change: 0

        ----------Char Buffs----------
        KeelCD(SUP2) | CD% | Stacks: 1 | Value: 0.100 | Remaining Turns: 1 | TickDown: SUS, PERM | Target: SUS | Affects: ['ALL']
        SparkleTeamATK | ATK% | Stacks: 1 | Value: 0.450 | Remaining Turns: 1 | TickDown: SUS, PERM | Target: SUS | Affects: ['ALL']
        PostOpERR | ERR% | Stacks: 1 | Value: 0.160 | Remaining Turns: 1 | TickDown: SUS, PERM | Target: SUS | Affects: ['ALL']
        WarriorGoddessSPD | SPD% | Stacks: 1 | Value: 0.060 | Remaining Turns: 1 | TickDown: SUS, PERM | Target: SUS | Affects: ['ALL']
        KeelEFFRES | ERS% | Stacks: 1 | Value: 0.100 | Remaining Turns: 1 | TickDown: SUS, PERM | Target: SUS | Affects: ['ALL']
        KeelCD(SUS) | CD% | Stacks: 1 | Value: 0.100 | Remaining Turns: 1 | TickDown: SUS, PERM | Target: SUS | Affects: ['ALL']
        HHTraceHP | HP% | Stacks: 1 | Value: 0.280 | Remaining Turns: 1 | TickDown: SUS, PERM | Target: SUS | Affects: ['ALL']
        HHTraceERS | ERS% | Stacks: 1 | Value: 0.180 | Remaining Turns: 1 | TickDown: SUS, PERM | Target: SUS | Affects: ['ALL']
        HHTraceSPD | SPD | Stacks: 1 | Value: 5.000 | Remaining Turns: 1 | TickDown: SUS, PERM | Target: SUS | Affects: ['ALL']
        SparkleVUL | VULN | Stacks: 3 | Value: 0.120 | Remaining Turns: 2 | TickDown: SUS, END | Target: SUS | Affects: ['ALL']
        SparkleUltVUL | VULN | Stacks: 1 | Value: 0.180 | Remaining Turns: 3 | TickDown: SUS, END | Target: SUS | Affects: ['ALL']
        RinTalentCD | CD% | Stacks: 1 | Value: 0.700 | Remaining Turns: 1 | TickDown: SUS, END | Target: SUS | Affects: ['ALL']
        WarriorGoddessHealSPD | SPD% | Stacks: 1 | Value: 0.060 | Remaining Turns: 2 | TickDown: SUS, START | Target: SUS | Affects: ['ALL']
        WarriorGoddessHealCD | CD% | Stacks: 1 | Value: 0.150 | Remaining Turns: 2 | TickDown: SUS, START | Target: SUS | Affects: ['ALL']
        ----------End of Buff List----------
        ----------Enemy Debuffs----------
        RinTohsakaUltVuln | From: SUP1 | VULN | Stacks: 1 | Value: 0.200 | Remaining Turns: 2 | Target: 1 | Targeting: AOE | Affects: ['ALL'] | DOT: False | Blast: False
        ----------End of Debuff List----------
        ----------Healing List----------
        HuoHuoTalentHealingScaling | Targeting: Targeting.SINGLE | Healing Value: [0] | Target: ALL
        HuoHuoTalentHealingScaling | Targeting: Targeting.SINGLE | Healing Value: [0] | Target: ALL
        HuoHuoTalentHealingScaling | Targeting: Targeting.SINGLE | Healing Value: [0.045] | Target: ALL
        HuoHuoTalentHealingScaling | Targeting: Targeting.SINGLE | Healing Value: [0] | Target: ALL
        HuoHuoTalentHealingFlat | Targeting: Targeting.SINGLE | Healing Value: [0] | Target: ALL
        HuoHuoTalentHealingFlat | Targeting: Targeting.SINGLE | Healing Value: [0] | Target: ALL
        HuoHuoTalentHealingFlat | Targeting: Targeting.SINGLE | Healing Value: [120] | Target: ALL
        HuoHuoTalentHealingFlat | Targeting: Targeting.SINGLE | Healing Value: [0] | Target: ALL
        ----------End of Healing List----------
        ----------Shields List----------
        ----------End of Shields List----------
    GAUGE  - Enemy 1 toughness reduced by 0.000
    RESULT - HuoHuoAllyERR | HuoHuo | SUS | DMG: 0.000 | ELADMG: 0.000 | Enemies Hit: [1] | Enemies Broken: [] | WB DMG: 0.000 | Energy: 1.354 | Amount HP Healed: 371.779 | Amount HP Lost: 0.000 | HuoHuo Energy: 18/140 | SP: 9 | MaxSP: 11)
ERR    > 1.294 energy added to Sparkle from SparkleTalentERR | Sparkle Energy: 63.857
ACTION > [CIRCUIT] TotalAV: 313.103 | Archer | circuit skill use 2
CIRCUIT > Archer Circuit skill use 2/5
    TURN   - ArcherSkill | Archer | DPS | ST attack | ['QUA'] | ['SKL'] | Scaling: ATK | TargetID: 1 | DMG/BREAK Splits: [3.6, 0]/[20, 0] | Energy Gained: 30 | SP Change: -2

        ----------Char Buffs----------
        IdealsBurnCR | CR% | Stacks: 1 | Value: 0.160 | Remaining Turns: 1 | TickDown: DPS, PERM | Target: DPS | Affects: ['ALL']
        IdealsBurnATK | ATK% | Stacks: 1 | Value: 0.400 | Remaining Turns: 1 | TickDown: DPS, PERM | Target: DPS | Affects: ['ALL']
        GeniusDMG | DMG% | Stacks: 1 | Value: 0.100 | Remaining Turns: 1 | TickDown: DPS, PERM | Target: DPS | Affects: ['ALL']
        GeniusSHRED | SHRED | Stacks: 1 | Value: 0.200 | Remaining Turns: 1 | TickDown: DPS, PERM | Target: DPS | Affects: ['ALL']
        TengokuCD | CD% | Stacks: 1 | Value: 0.160 | Remaining Turns: 1 | TickDown: DPS, PERM | Target: DPS | Affects: ['ALL']
        ArcherTraceCR | CD% | Stacks: 1 | Value: 0.067 | Remaining Turns: 1 | TickDown: DPS, PERM | Target: DPS | Affects: ['ALL']
        ArcherTraceATK | ATK% | Stacks: 1 | Value: 0.180 | Remaining Turns: 1 | TickDown: DPS, PERM | Target: DPS | Affects: ['ALL']
        ArcherTraceDMG | DMG% | Stacks: 1 | Value: 0.224 | Remaining Turns: 1 | TickDown: DPS, PERM | Target: DPS | Affects: ['ALL']
        KeelCD(SUP2) | CD% | Stacks: 1 | Value: 0.100 | Remaining Turns: 1 | TickDown: DPS, PERM | Target: DPS | Affects: ['ALL']
        SparkleTeamATK | ATK% | Stacks: 1 | Value: 0.450 | Remaining Turns: 1 | TickDown: DPS, PERM | Target: DPS | Affects: ['ALL']
        KeelCD(SUS) | CD% | Stacks: 1 | Value: 0.100 | Remaining Turns: 1 | TickDown: DPS, PERM | Target: DPS | Affects: ['ALL']
        RinTohsakaAllyTrace1ATK | ATK% | Stacks: 1 | Value: 1.500 | Remaining Turns: 1 | TickDown: DPS, PERM | Target: DPS | Affects: ['ALL']
        RinTohsakaAllyTrace1PEN | QUAPEN | Stacks: 1 | Value: 0.150 | Remaining Turns: 1 | TickDown: DPS, PERM | Target: DPS | Affects: ['ALL']
        SparkleVUL | VULN | Stacks: 3 | Value: 0.120 | Remaining Turns: 2 | TickDown: DPS, END | Target: DPS | Affects: ['ALL']
        RinTalentCD | CD% | Stacks: 1 | Value: 0.700 | Remaining Turns: 2 | TickDown: DPS, END | Target: DPS | Affects: ['ALL']
        SacerdosCDSUP2 | CD% | Stacks: 2 | Value: 0.360 | Remaining Turns: 2 | TickDown: DPS, END | Target: DPS | Affects: ['ALL']
        SparkleCD | CD% | Stacks: 1 | Value: 1.175 | Remaining Turns: 2 | TickDown: DPS, END | Target: DPS | Affects: ['ALL']
        SparklePEN | PEN | Stacks: 1 | Value: 0.100 | Remaining Turns: 2 | TickDown: DPS, END | Target: DPS | Affects: ['ALL']
        SparkleUltVUL | VULN | Stacks: 1 | Value: 0.180 | Remaining Turns: 3 | TickDown: DPS, END | Target: DPS | Affects: ['ALL']
        IdealsBurnSKLATK | ATK% | Stacks: 1 | Value: 0.400 | Remaining Turns: 1 | TickDown: DPS, PERM | Target: DPS | Affects: ['ALL']
        TengokuSPArcherCD | CD% | Stacks: 1 | Value: 0.320 | Remaining Turns: 3 | TickDown: DPS, END | Target: DPS | Affects: ['ALL']
        WarriorGoddessHealCD | CD% | Stacks: 1 | Value: 0.150 | Remaining Turns: 2 | TickDown: DPS, START | Target: DPS | Affects: ['ALL']
        HuoHuoUltATK | ATK% | Stacks: 1 | Value: 0.400 | Remaining Turns: 2 | TickDown: DPS, END | Target: DPS | Affects: ['ALL']
        HuoHuoUltExtraATK | ATK% | Stacks: 1 | Value: 0.240 | Remaining Turns: 2 | TickDown: DPS, END | Target: DPS | Affects: ['ALL']
        Trace3CD | CD% | Stacks: 1 | Value: 1.200 | Remaining Turns: 1 | TickDown: DPS, END | Target: DPS | Affects: ['ALL']
        BattleIsntOverDMGRole.SUP2 | DMG% | Stacks: 1 | Value: 0.300 | Remaining Turns: 1 | TickDown: DPS, END | Target: DPS | Affects: ['ALL']
        SkillDmg | DMG% | Stacks: 1 | Value: 1.000 | Remaining Turns: 1 | TickDown: DPS, START | Target: DPS | Affects: ['SKL']
        ----------End of Buff List----------
        ----------Enemy Debuffs----------
        RinTohsakaUltVuln | From: SUP1 | VULN | Stacks: 1 | Value: 0.200 | Remaining Turns: 2 | Target: 1 | Targeting: AOE | Affects: ['ALL'] | DOT: False | Blast: False
        ----------End of Debuff List----------
        ----------Healing List----------
        ----------End of Healing List----------
        ----------Shields List----------
        ----------End of Shields List----------
    GAUGE  - Enemy 1 toughness reduced by 20.000
    RESULT - ArcherSkill | Archer | DPS | DMG: 400547.669 | ELADMG: 0.000 | Enemies Hit: [1] | Enemies Broken: [] | WB DMG: 0.000 | Energy: 30.000 | Amount HP Healed: 0.000 | Amount HP Lost: 0.000 | Archer Energy: 191/220 | SP: 7 | MaxSP: 11)
Rin has obtained 2 Gem Energy from SP and now has 51 Gem Energy
    TURN   - HuoHuoAllyERR | HuoHuo | SUS | NA attack | ['WIN'] | ['SPECIAL'] | Scaling: HP | TargetID: 1 | DMG/BREAK Splits: [0, 0]/[0, 0] | Energy Gained: 1 | SP Change: 0

        ----------Char Buffs----------
        KeelCD(SUP2) | CD% | Stacks: 1 | Value: 0.100 | Remaining Turns: 1 | TickDown: SUS, PERM | Target: SUS | Affects: ['ALL']
        SparkleTeamATK | ATK% | Stacks: 1 | Value: 0.450 | Remaining Turns: 1 | TickDown: SUS, PERM | Target: SUS | Affects: ['ALL']
        PostOpERR | ERR% | Stacks: 1 | Value: 0.160 | Remaining Turns: 1 | TickDown: SUS, PERM | Target: SUS | Affects: ['ALL']
        WarriorGoddessSPD | SPD% | Stacks: 1 | Value: 0.060 | Remaining Turns: 1 | TickDown: SUS, PERM | Target: SUS | Affects: ['ALL']
        KeelEFFRES | ERS% | Stacks: 1 | Value: 0.100 | Remaining Turns: 1 | TickDown: SUS, PERM | Target: SUS | Affects: ['ALL']
        KeelCD(SUS) | CD% | Stacks: 1 | Value: 0.100 | Remaining Turns: 1 | TickDown: SUS, PERM | Target: SUS | Affects: ['ALL']
        HHTraceHP | HP% | Stacks: 1 | Value: 0.280 | Remaining Turns: 1 | TickDown: SUS, PERM | Target: SUS | Affects: ['ALL']
        HHTraceERS | ERS% | Stacks: 1 | Value: 0.180 | Remaining Turns: 1 | TickDown: SUS, PERM | Target: SUS | Affects: ['ALL']
        HHTraceSPD | SPD | Stacks: 1 | Value: 5.000 | Remaining Turns: 1 | TickDown: SUS, PERM | Target: SUS | Affects: ['ALL']
        SparkleVUL | VULN | Stacks: 3 | Value: 0.120 | Remaining Turns: 2 | TickDown: SUS, END | Target: SUS | Affects: ['ALL']
        SparkleUltVUL | VULN | Stacks: 1 | Value: 0.180 | Remaining Turns: 3 | TickDown: SUS, END | Target: SUS | Affects: ['ALL']
        RinTalentCD | CD% | Stacks: 1 | Value: 0.700 | Remaining Turns: 1 | TickDown: SUS, END | Target: SUS | Affects: ['ALL']
        WarriorGoddessHealSPD | SPD% | Stacks: 1 | Value: 0.060 | Remaining Turns: 2 | TickDown: SUS, START | Target: SUS | Affects: ['ALL']
        WarriorGoddessHealCD | CD% | Stacks: 1 | Value: 0.150 | Remaining Turns: 2 | TickDown: SUS, START | Target: SUS | Affects: ['ALL']
        ----------End of Buff List----------
        ----------Enemy Debuffs----------
        RinTohsakaUltVuln | From: SUP1 | VULN | Stacks: 1 | Value: 0.200 | Remaining Turns: 2 | Target: 1 | Targeting: AOE | Affects: ['ALL'] | DOT: False | Blast: False
        ----------End of Debuff List----------
        ----------Healing List----------
        HuoHuoTalentHealingScaling | Targeting: Targeting.SINGLE | Healing Value: [0.045] | Target: ALL
        HuoHuoTalentHealingScaling | Targeting: Targeting.SINGLE | Healing Value: [0] | Target: ALL
        HuoHuoTalentHealingScaling | Targeting: Targeting.SINGLE | Healing Value: [0] | Target: ALL
        HuoHuoTalentHealingScaling | Targeting: Targeting.SINGLE | Healing Value: [0] | Target: ALL
        HuoHuoTalentHealingFlat | Targeting: Targeting.SINGLE | Healing Value: [120] | Target: ALL
        HuoHuoTalentHealingFlat | Targeting: Targeting.SINGLE | Healing Value: [0] | Target: ALL
        HuoHuoTalentHealingFlat | Targeting: Targeting.SINGLE | Healing Value: [0] | Target: ALL
        HuoHuoTalentHealingFlat | Targeting: Targeting.SINGLE | Healing Value: [0] | Target: ALL
        ----------End of Healing List----------
        ----------Shields List----------
        ----------End of Shields List----------
    GAUGE  - Enemy 1 toughness reduced by 0.000
    RESULT - HuoHuoAllyERR | HuoHuo | SUS | DMG: 0.000 | ELADMG: 0.000 | Enemies Hit: [1] | Enemies Broken: [] | WB DMG: 0.000 | Energy: 1.354 | Amount HP Healed: 371.779 | Amount HP Lost: 0.000 | HuoHuo Energy: 19/140 | SP: 7 | MaxSP: 11)
ERR    > 1.294 energy added to Sparkle from SparkleTalentERR | Sparkle Energy: 65.151
ACTION > [CIRCUIT] TotalAV: 313.103 | Archer | circuit skill use 3
CIRCUIT > Archer Circuit skill use 3/5
    TURN   - ArcherSkill | Archer | DPS | ST attack | ['QUA'] | ['SKL'] | Scaling: ATK | TargetID: 1 | DMG/BREAK Splits: [3.6, 0]/[20, 0] | Energy Gained: 30 | SP Change: -2

        ----------Char Buffs----------
        IdealsBurnCR | CR% | Stacks: 1 | Value: 0.160 | Remaining Turns: 1 | TickDown: DPS, PERM | Target: DPS | Affects: ['ALL']
        IdealsBurnATK | ATK% | Stacks: 1 | Value: 0.400 | Remaining Turns: 1 | TickDown: DPS, PERM | Target: DPS | Affects: ['ALL']
        GeniusDMG | DMG% | Stacks: 1 | Value: 0.100 | Remaining Turns: 1 | TickDown: DPS, PERM | Target: DPS | Affects: ['ALL']
        GeniusSHRED | SHRED | Stacks: 1 | Value: 0.200 | Remaining Turns: 1 | TickDown: DPS, PERM | Target: DPS | Affects: ['ALL']
        TengokuCD | CD% | Stacks: 1 | Value: 0.160 | Remaining Turns: 1 | TickDown: DPS, PERM | Target: DPS | Affects: ['ALL']
        ArcherTraceCR | CD% | Stacks: 1 | Value: 0.067 | Remaining Turns: 1 | TickDown: DPS, PERM | Target: DPS | Affects: ['ALL']
        ArcherTraceATK | ATK% | Stacks: 1 | Value: 0.180 | Remaining Turns: 1 | TickDown: DPS, PERM | Target: DPS | Affects: ['ALL']
        ArcherTraceDMG | DMG% | Stacks: 1 | Value: 0.224 | Remaining Turns: 1 | TickDown: DPS, PERM | Target: DPS | Affects: ['ALL']
        KeelCD(SUP2) | CD% | Stacks: 1 | Value: 0.100 | Remaining Turns: 1 | TickDown: DPS, PERM | Target: DPS | Affects: ['ALL']
        SparkleTeamATK | ATK% | Stacks: 1 | Value: 0.450 | Remaining Turns: 1 | TickDown: DPS, PERM | Target: DPS | Affects: ['ALL']
        KeelCD(SUS) | CD% | Stacks: 1 | Value: 0.100 | Remaining Turns: 1 | TickDown: DPS, PERM | Target: DPS | Affects: ['ALL']
        RinTohsakaAllyTrace1ATK | ATK% | Stacks: 1 | Value: 1.500 | Remaining Turns: 1 | TickDown: DPS, PERM | Target: DPS | Affects: ['ALL']
        RinTohsakaAllyTrace1PEN | QUAPEN | Stacks: 1 | Value: 0.150 | Remaining Turns: 1 | TickDown: DPS, PERM | Target: DPS | Affects: ['ALL']
        SparkleVUL | VULN | Stacks: 3 | Value: 0.120 | Remaining Turns: 2 | TickDown: DPS, END | Target: DPS | Affects: ['ALL']
        RinTalentCD | CD% | Stacks: 1 | Value: 0.700 | Remaining Turns: 2 | TickDown: DPS, END | Target: DPS | Affects: ['ALL']
        SacerdosCDSUP2 | CD% | Stacks: 2 | Value: 0.360 | Remaining Turns: 2 | TickDown: DPS, END | Target: DPS | Affects: ['ALL']
        SparkleCD | CD% | Stacks: 1 | Value: 1.175 | Remaining Turns: 2 | TickDown: DPS, END | Target: DPS | Affects: ['ALL']
        SparklePEN | PEN | Stacks: 1 | Value: 0.100 | Remaining Turns: 2 | TickDown: DPS, END | Target: DPS | Affects: ['ALL']
        SparkleUltVUL | VULN | Stacks: 1 | Value: 0.180 | Remaining Turns: 3 | TickDown: DPS, END | Target: DPS | Affects: ['ALL']
        IdealsBurnSKLATK | ATK% | Stacks: 1 | Value: 0.400 | Remaining Turns: 1 | TickDown: DPS, PERM | Target: DPS | Affects: ['ALL']
        TengokuSPArcherCD | CD% | Stacks: 1 | Value: 0.320 | Remaining Turns: 3 | TickDown: DPS, END | Target: DPS | Affects: ['ALL']
        WarriorGoddessHealCD | CD% | Stacks: 1 | Value: 0.150 | Remaining Turns: 2 | TickDown: DPS, START | Target: DPS | Affects: ['ALL']
        HuoHuoUltATK | ATK% | Stacks: 1 | Value: 0.400 | Remaining Turns: 2 | TickDown: DPS, END | Target: DPS | Affects: ['ALL']
        HuoHuoUltExtraATK | ATK% | Stacks: 1 | Value: 0.240 | Remaining Turns: 2 | TickDown: DPS, END | Target: DPS | Affects: ['ALL']
        Trace3CD | CD% | Stacks: 1 | Value: 1.200 | Remaining Turns: 1 | TickDown: DPS, END | Target: DPS | Affects: ['ALL']
        BattleIsntOverDMGRole.SUP2 | DMG% | Stacks: 1 | Value: 0.300 | Remaining Turns: 1 | TickDown: DPS, END | Target: DPS | Affects: ['ALL']
        SkillDmg | DMG% | Stacks: 2 | Value: 2.000 | Remaining Turns: 1 | TickDown: DPS, START | Target: DPS | Affects: ['SKL']
        ----------End of Buff List----------
        ----------Enemy Debuffs----------
        RinTohsakaUltVuln | From: SUP1 | VULN | Stacks: 1 | Value: 0.200 | Remaining Turns: 2 | Target: 1 | Targeting: AOE | Affects: ['ALL'] | DOT: False | Blast: False
        ----------End of Debuff List----------
        ----------Healing List----------
        ----------End of Healing List----------
        ----------Shields List----------
        ----------End of Shields List----------
    GAUGE  - Enemy 1 toughness reduced by 20.000
    RESULT - ArcherSkill | Archer | DPS | DMG: 533496.179 | ELADMG: 0.000 | Enemies Hit: [1] | Enemies Broken: [] | WB DMG: 0.000 | Energy: 30.000 | Amount HP Healed: 0.000 | Amount HP Lost: 0.000 | Archer Energy: 220/220 | SP: 5 | MaxSP: 11)
Rin has obtained 2 Gem Energy from SP and now has 53 Gem Energy
ERR    > 1.294 energy added to Sparkle from SparkleTalentERR | Sparkle Energy: 66.446
ULT    > Archer used their ultimate
Archer Obtained 2 FUA Charge
    TURN   - ArcherUlt | Archer | DPS | ST attack | ['QUA'] | ['ULT'] | Scaling: ATK | TargetID: 1 | DMG/BREAK Splits: [10.0, 0]/[30, 0] | Energy Gained: 5 | SP Change: 0

        ----------Char Buffs----------
        IdealsBurnCR | CR% | Stacks: 1 | Value: 0.160 | Remaining Turns: 1 | TickDown: DPS, PERM | Target: DPS | Affects: ['ALL']
        IdealsBurnATK | ATK% | Stacks: 1 | Value: 0.400 | Remaining Turns: 1 | TickDown: DPS, PERM | Target: DPS | Affects: ['ALL']
        GeniusDMG | DMG% | Stacks: 1 | Value: 0.100 | Remaining Turns: 1 | TickDown: DPS, PERM | Target: DPS | Affects: ['ALL']
        GeniusSHRED | SHRED | Stacks: 1 | Value: 0.200 | Remaining Turns: 1 | TickDown: DPS, PERM | Target: DPS | Affects: ['ALL']
        TengokuCD | CD% | Stacks: 1 | Value: 0.160 | Remaining Turns: 1 | TickDown: DPS, PERM | Target: DPS | Affects: ['ALL']
        ArcherTraceCR | CD% | Stacks: 1 | Value: 0.067 | Remaining Turns: 1 | TickDown: DPS, PERM | Target: DPS | Affects: ['ALL']
        ArcherTraceATK | ATK% | Stacks: 1 | Value: 0.180 | Remaining Turns: 1 | TickDown: DPS, PERM | Target: DPS | Affects: ['ALL']
        ArcherTraceDMG | DMG% | Stacks: 1 | Value: 0.224 | Remaining Turns: 1 | TickDown: DPS, PERM | Target: DPS | Affects: ['ALL']
        KeelCD(SUP2) | CD% | Stacks: 1 | Value: 0.100 | Remaining Turns: 1 | TickDown: DPS, PERM | Target: DPS | Affects: ['ALL']
        SparkleTeamATK | ATK% | Stacks: 1 | Value: 0.450 | Remaining Turns: 1 | TickDown: DPS, PERM | Target: DPS | Affects: ['ALL']
        KeelCD(SUS) | CD% | Stacks: 1 | Value: 0.100 | Remaining Turns: 1 | TickDown: DPS, PERM | Target: DPS | Affects: ['ALL']
        RinTohsakaAllyTrace1ATK | ATK% | Stacks: 1 | Value: 1.500 | Remaining Turns: 1 | TickDown: DPS, PERM | Target: DPS | Affects: ['ALL']
        RinTohsakaAllyTrace1PEN | QUAPEN | Stacks: 1 | Value: 0.150 | Remaining Turns: 1 | TickDown: DPS, PERM | Target: DPS | Affects: ['ALL']
        SparkleVUL | VULN | Stacks: 3 | Value: 0.120 | Remaining Turns: 2 | TickDown: DPS, END | Target: DPS | Affects: ['ALL']
        RinTalentCD | CD% | Stacks: 1 | Value: 0.700 | Remaining Turns: 2 | TickDown: DPS, END | Target: DPS | Affects: ['ALL']
        SacerdosCDSUP2 | CD% | Stacks: 2 | Value: 0.360 | Remaining Turns: 2 | TickDown: DPS, END | Target: DPS | Affects: ['ALL']
        SparkleCD | CD% | Stacks: 1 | Value: 1.175 | Remaining Turns: 2 | TickDown: DPS, END | Target: DPS | Affects: ['ALL']
        SparklePEN | PEN | Stacks: 1 | Value: 0.100 | Remaining Turns: 2 | TickDown: DPS, END | Target: DPS | Affects: ['ALL']
        SparkleUltVUL | VULN | Stacks: 1 | Value: 0.180 | Remaining Turns: 3 | TickDown: DPS, END | Target: DPS | Affects: ['ALL']
        IdealsBurnSKLATK | ATK% | Stacks: 1 | Value: 0.400 | Remaining Turns: 1 | TickDown: DPS, PERM | Target: DPS | Affects: ['ALL']
        TengokuSPArcherCD | CD% | Stacks: 1 | Value: 0.320 | Remaining Turns: 3 | TickDown: DPS, END | Target: DPS | Affects: ['ALL']
        WarriorGoddessHealCD | CD% | Stacks: 1 | Value: 0.150 | Remaining Turns: 2 | TickDown: DPS, START | Target: DPS | Affects: ['ALL']
        HuoHuoUltATK | ATK% | Stacks: 1 | Value: 0.400 | Remaining Turns: 2 | TickDown: DPS, END | Target: DPS | Affects: ['ALL']
        HuoHuoUltExtraATK | ATK% | Stacks: 1 | Value: 0.240 | Remaining Turns: 2 | TickDown: DPS, END | Target: DPS | Affects: ['ALL']
        Trace3CD | CD% | Stacks: 1 | Value: 1.200 | Remaining Turns: 1 | TickDown: DPS, END | Target: DPS | Affects: ['ALL']
        BattleIsntOverDMGRole.SUP2 | DMG% | Stacks: 1 | Value: 0.300 | Remaining Turns: 1 | TickDown: DPS, END | Target: DPS | Affects: ['ALL']
        ----------End of Buff List----------
        ----------Enemy Debuffs----------
        RinTohsakaUltVuln | From: SUP1 | VULN | Stacks: 1 | Value: 0.200 | Remaining Turns: 2 | Target: 1 | Targeting: AOE | Affects: ['ALL'] | DOT: False | Blast: False
        ----------End of Debuff List----------
        ----------Healing List----------
        ----------End of Healing List----------
        ----------Shields List----------
        ----------End of Shields List----------
    GAUGE  - Enemy 1 toughness reduced by 30.000
    RESULT - ArcherUlt | Archer | DPS | DMG: 743330.999 | ELADMG: 0.000 | Enemies Hit: [1] | Enemies Broken: [] | WB DMG: 0.000 | Energy: 5.000 | Amount HP Healed: 0.000 | Amount HP Lost: 0.000 | Archer Energy: 5/220 | SP: 5 | MaxSP: 11)
ACTION > [CIRCUIT] TotalAV: 313.103 | Archer | circuit skill use 4
CIRCUIT > Archer Circuit skill use 4/5
    TURN   - ArcherSkill | Archer | DPS | ST attack | ['QUA'] | ['SKL'] | Scaling: ATK | TargetID: 1 | DMG/BREAK Splits: [3.6, 0]/[20, 0] | Energy Gained: 30 | SP Change: -2

        ----------Char Buffs----------
        IdealsBurnCR | CR% | Stacks: 1 | Value: 0.160 | Remaining Turns: 1 | TickDown: DPS, PERM | Target: DPS | Affects: ['ALL']
        IdealsBurnATK | ATK% | Stacks: 1 | Value: 0.400 | Remaining Turns: 1 | TickDown: DPS, PERM | Target: DPS | Affects: ['ALL']
        GeniusDMG | DMG% | Stacks: 1 | Value: 0.100 | Remaining Turns: 1 | TickDown: DPS, PERM | Target: DPS | Affects: ['ALL']
        GeniusSHRED | SHRED | Stacks: 1 | Value: 0.200 | Remaining Turns: 1 | TickDown: DPS, PERM | Target: DPS | Affects: ['ALL']
        TengokuCD | CD% | Stacks: 1 | Value: 0.160 | Remaining Turns: 1 | TickDown: DPS, PERM | Target: DPS | Affects: ['ALL']
        ArcherTraceCR | CD% | Stacks: 1 | Value: 0.067 | Remaining Turns: 1 | TickDown: DPS, PERM | Target: DPS | Affects: ['ALL']
        ArcherTraceATK | ATK% | Stacks: 1 | Value: 0.180 | Remaining Turns: 1 | TickDown: DPS, PERM | Target: DPS | Affects: ['ALL']
        ArcherTraceDMG | DMG% | Stacks: 1 | Value: 0.224 | Remaining Turns: 1 | TickDown: DPS, PERM | Target: DPS | Affects: ['ALL']
        KeelCD(SUP2) | CD% | Stacks: 1 | Value: 0.100 | Remaining Turns: 1 | TickDown: DPS, PERM | Target: DPS | Affects: ['ALL']
        SparkleTeamATK | ATK% | Stacks: 1 | Value: 0.450 | Remaining Turns: 1 | TickDown: DPS, PERM | Target: DPS | Affects: ['ALL']
        KeelCD(SUS) | CD% | Stacks: 1 | Value: 0.100 | Remaining Turns: 1 | TickDown: DPS, PERM | Target: DPS | Affects: ['ALL']
        RinTohsakaAllyTrace1ATK | ATK% | Stacks: 1 | Value: 1.500 | Remaining Turns: 1 | TickDown: DPS, PERM | Target: DPS | Affects: ['ALL']
        RinTohsakaAllyTrace1PEN | QUAPEN | Stacks: 1 | Value: 0.150 | Remaining Turns: 1 | TickDown: DPS, PERM | Target: DPS | Affects: ['ALL']
        SparkleVUL | VULN | Stacks: 3 | Value: 0.120 | Remaining Turns: 2 | TickDown: DPS, END | Target: DPS | Affects: ['ALL']
        RinTalentCD | CD% | Stacks: 1 | Value: 0.700 | Remaining Turns: 2 | TickDown: DPS, END | Target: DPS | Affects: ['ALL']
        SacerdosCDSUP2 | CD% | Stacks: 2 | Value: 0.360 | Remaining Turns: 2 | TickDown: DPS, END | Target: DPS | Affects: ['ALL']
        SparkleCD | CD% | Stacks: 1 | Value: 1.175 | Remaining Turns: 2 | TickDown: DPS, END | Target: DPS | Affects: ['ALL']
        SparklePEN | PEN | Stacks: 1 | Value: 0.100 | Remaining Turns: 2 | TickDown: DPS, END | Target: DPS | Affects: ['ALL']
        SparkleUltVUL | VULN | Stacks: 1 | Value: 0.180 | Remaining Turns: 3 | TickDown: DPS, END | Target: DPS | Affects: ['ALL']
        IdealsBurnSKLATK | ATK% | Stacks: 1 | Value: 0.400 | Remaining Turns: 1 | TickDown: DPS, PERM | Target: DPS | Affects: ['ALL']
        TengokuSPArcherCD | CD% | Stacks: 1 | Value: 0.320 | Remaining Turns: 3 | TickDown: DPS, END | Target: DPS | Affects: ['ALL']
        WarriorGoddessHealCD | CD% | Stacks: 1 | Value: 0.150 | Remaining Turns: 2 | TickDown: DPS, START | Target: DPS | Affects: ['ALL']
        HuoHuoUltATK | ATK% | Stacks: 1 | Value: 0.400 | Remaining Turns: 2 | TickDown: DPS, END | Target: DPS | Affects: ['ALL']
        HuoHuoUltExtraATK | ATK% | Stacks: 1 | Value: 0.240 | Remaining Turns: 2 | TickDown: DPS, END | Target: DPS | Affects: ['ALL']
        Trace3CD | CD% | Stacks: 1 | Value: 1.200 | Remaining Turns: 1 | TickDown: DPS, END | Target: DPS | Affects: ['ALL']
        BattleIsntOverDMGRole.SUP2 | DMG% | Stacks: 1 | Value: 0.300 | Remaining Turns: 1 | TickDown: DPS, END | Target: DPS | Affects: ['ALL']
        SkillDmg | DMG% | Stacks: 2 | Value: 2.000 | Remaining Turns: 1 | TickDown: DPS, START | Target: DPS | Affects: ['SKL']
        ----------End of Buff List----------
        ----------Enemy Debuffs----------
        RinTohsakaUltVuln | From: SUP1 | VULN | Stacks: 1 | Value: 0.200 | Remaining Turns: 2 | Target: 1 | Targeting: AOE | Affects: ['ALL'] | DOT: False | Blast: False
        ----------End of Debuff List----------
        ----------Healing List----------
        ----------End of Healing List----------
        ----------Shields List----------
        ----------End of Shields List----------
    GAUGE  - Enemy 1 toughness reduced by 20.000
    RESULT - ArcherSkill | Archer | DPS | DMG: 533496.179 | ELADMG: 0.000 | Enemies Hit: [1] | Enemies Broken: [] | WB DMG: 0.000 | Energy: 30.000 | Amount HP Healed: 0.000 | Amount HP Lost: 0.000 | Archer Energy: 35/220 | SP: 3 | MaxSP: 11)
Rin has obtained 2 Gem Energy from SP and now has 55 Gem Energy
    TURN   - ArcherJointAttack | Archer | DPS | AOE attack | ['QUA'] | ['FUA'] | Scaling: ATK | TargetID: 1 | DMG/BREAK Splits: [3.0, 0]/[0, 0] | Energy Gained: 0 | SP Change: 0

        ----------Char Buffs----------
        IdealsBurnCR | CR% | Stacks: 1 | Value: 0.160 | Remaining Turns: 1 | TickDown: DPS, PERM | Target: DPS | Affects: ['ALL']
        IdealsBurnATK | ATK% | Stacks: 1 | Value: 0.400 | Remaining Turns: 1 | TickDown: DPS, PERM | Target: DPS | Affects: ['ALL']
        GeniusDMG | DMG% | Stacks: 1 | Value: 0.100 | Remaining Turns: 1 | TickDown: DPS, PERM | Target: DPS | Affects: ['ALL']
        GeniusSHRED | SHRED | Stacks: 1 | Value: 0.200 | Remaining Turns: 1 | TickDown: DPS, PERM | Target: DPS | Affects: ['ALL']
        TengokuCD | CD% | Stacks: 1 | Value: 0.160 | Remaining Turns: 1 | TickDown: DPS, PERM | Target: DPS | Affects: ['ALL']
        ArcherTraceCR | CD% | Stacks: 1 | Value: 0.067 | Remaining Turns: 1 | TickDown: DPS, PERM | Target: DPS | Affects: ['ALL']
        ArcherTraceATK | ATK% | Stacks: 1 | Value: 0.180 | Remaining Turns: 1 | TickDown: DPS, PERM | Target: DPS | Affects: ['ALL']
        ArcherTraceDMG | DMG% | Stacks: 1 | Value: 0.224 | Remaining Turns: 1 | TickDown: DPS, PERM | Target: DPS | Affects: ['ALL']
        KeelCD(SUP2) | CD% | Stacks: 1 | Value: 0.100 | Remaining Turns: 1 | TickDown: DPS, PERM | Target: DPS | Affects: ['ALL']
        SparkleTeamATK | ATK% | Stacks: 1 | Value: 0.450 | Remaining Turns: 1 | TickDown: DPS, PERM | Target: DPS | Affects: ['ALL']
        KeelCD(SUS) | CD% | Stacks: 1 | Value: 0.100 | Remaining Turns: 1 | TickDown: DPS, PERM | Target: DPS | Affects: ['ALL']
        RinTohsakaAllyTrace1ATK | ATK% | Stacks: 1 | Value: 1.500 | Remaining Turns: 1 | TickDown: DPS, PERM | Target: DPS | Affects: ['ALL']
        RinTohsakaAllyTrace1PEN | QUAPEN | Stacks: 1 | Value: 0.150 | Remaining Turns: 1 | TickDown: DPS, PERM | Target: DPS | Affects: ['ALL']
        SparkleVUL | VULN | Stacks: 3 | Value: 0.120 | Remaining Turns: 2 | TickDown: DPS, END | Target: DPS | Affects: ['ALL']
        RinTalentCD | CD% | Stacks: 1 | Value: 0.700 | Remaining Turns: 2 | TickDown: DPS, END | Target: DPS | Affects: ['ALL']
        SacerdosCDSUP2 | CD% | Stacks: 2 | Value: 0.360 | Remaining Turns: 2 | TickDown: DPS, END | Target: DPS | Affects: ['ALL']
        SparkleCD | CD% | Stacks: 1 | Value: 1.175 | Remaining Turns: 2 | TickDown: DPS, END | Target: DPS | Affects: ['ALL']
        SparklePEN | PEN | Stacks: 1 | Value: 0.100 | Remaining Turns: 2 | TickDown: DPS, END | Target: DPS | Affects: ['ALL']
        SparkleUltVUL | VULN | Stacks: 1 | Value: 0.180 | Remaining Turns: 3 | TickDown: DPS, END | Target: DPS | Affects: ['ALL']
        IdealsBurnSKLATK | ATK% | Stacks: 1 | Value: 0.400 | Remaining Turns: 1 | TickDown: DPS, PERM | Target: DPS | Affects: ['ALL']
        TengokuSPArcherCD | CD% | Stacks: 1 | Value: 0.320 | Remaining Turns: 3 | TickDown: DPS, END | Target: DPS | Affects: ['ALL']
        WarriorGoddessHealCD | CD% | Stacks: 1 | Value: 0.150 | Remaining Turns: 2 | TickDown: DPS, START | Target: DPS | Affects: ['ALL']
        HuoHuoUltATK | ATK% | Stacks: 1 | Value: 0.400 | Remaining Turns: 2 | TickDown: DPS, END | Target: DPS | Affects: ['ALL']
        HuoHuoUltExtraATK | ATK% | Stacks: 1 | Value: 0.240 | Remaining Turns: 2 | TickDown: DPS, END | Target: DPS | Affects: ['ALL']
        Trace3CD | CD% | Stacks: 1 | Value: 1.200 | Remaining Turns: 1 | TickDown: DPS, END | Target: DPS | Affects: ['ALL']
        BattleIsntOverDMGRole.SUP2 | DMG% | Stacks: 1 | Value: 0.300 | Remaining Turns: 1 | TickDown: DPS, END | Target: DPS | Affects: ['ALL']
        ----------End of Buff List----------
        ----------Enemy Debuffs----------
        RinTohsakaUltVuln | From: SUP1 | VULN | Stacks: 1 | Value: 0.200 | Remaining Turns: 2 | Target: 1 | Targeting: AOE | Affects: ['ALL'] | DOT: False | Blast: False
        ----------End of Debuff List----------
        ----------Healing List----------
        ----------End of Healing List----------
        ----------Shields List----------
        ----------End of Shields List----------
    GAUGE  - Enemy 0 toughness reduced by 0.000
    GAUGE  - Enemy 1 toughness reduced by 0.000
    GAUGE  - Enemy 2 toughness reduced by 0.000
    RESULT - ArcherJointAttack | Archer | DPS | DMG: 668997.899 | ELADMG: 0.000 | Enemies Hit: [0, 1, 2] | Enemies Broken: [] | WB DMG: 0.000 | Energy: 0.000 | Amount HP Healed: 0.000 | Amount HP Lost: 0.000 | Archer Energy: 35/220 | SP: 3 | MaxSP: 11)
    TURN   - RinTohsakaJointAttack | RinTohsaka | SUP1 | AOE attack | ['QUA'] | ['FUA'] | Scaling: ATK | TargetID: 1 | DMG/BREAK Splits: [3.0, 0]/[20, 0] | Energy Gained: 10 | SP Change: 4

        ----------Char Buffs----------
        CalculusATK | ATK% | Stacks: 1 | Value: 0.120 | Remaining Turns: 1 | TickDown: SUP1, PERM | Target: SUP1 | Affects: ['ALL']
        GeniusDMG | DMG% | Stacks: 1 | Value: 0.100 | Remaining Turns: 1 | TickDown: SUP1, PERM | Target: SUP1 | Affects: ['ALL']
        GeniusSHRED | SHRED | Stacks: 1 | Value: 0.200 | Remaining Turns: 1 | TickDown: SUP1, PERM | Target: SUP1 | Affects: ['ALL']
        RutilantCR | CR% | Stacks: 1 | Value: 0.080 | Remaining Turns: 1 | TickDown: SUP1, PERM | Target: SUP1 | Affects: ['ALL']
        RinTohsakaTraceCD | CD% | Stacks: 1 | Value: 0.373 | Remaining Turns: 1 | TickDown: SUP1, PERM | Target: SUP1 | Affects: ['ALL']
        RinTohsakaTraceATK | ATK% | Stacks: 1 | Value: 0.180 | Remaining Turns: 1 | TickDown: SUP1, PERM | Target: SUP1 | Affects: ['ALL']
        RinTohsakaTraceDMG | DMG% | Stacks: 1 | Value: 0.080 | Remaining Turns: 1 | TickDown: SUP1, PERM | Target: SUP1 | Affects: ['ALL']
        RinTohsakaTrace1ATK | ATK% | Stacks: 1 | Value: 1.500 | Remaining Turns: 1 | TickDown: SUP1, PERM | Target: SUP1 | Affects: ['ALL']
        RinTohsakaTrace1PEN | QUAPEN | Stacks: 1 | Value: 0.150 | Remaining Turns: 1 | TickDown: SUP1, PERM | Target: SUP1 | Affects: ['ALL']
        KeelCD(SUP2) | CD% | Stacks: 1 | Value: 0.100 | Remaining Turns: 1 | TickDown: SUP1, PERM | Target: SUP1 | Affects: ['ALL']
        SparkleTeamATK | ATK% | Stacks: 1 | Value: 0.450 | Remaining Turns: 1 | TickDown: SUP1, PERM | Target: SUP1 | Affects: ['ALL']
        KeelCD(SUS) | CD% | Stacks: 1 | Value: 0.100 | Remaining Turns: 1 | TickDown: SUP1, PERM | Target: SUP1 | Affects: ['ALL']
        CalculusHitATK | ATK% | Stacks: 1 | Value: 0.080 | Remaining Turns: 1 | TickDown: SUP1, PERM | Target: SUP1 | Affects: ['ALL']
        TalentCD | CD% | Stacks: 1 | Value: 0.700 | Remaining Turns: 1 | TickDown: SUP1, END | Target: SUP1 | Affects: ['ALL']
        SparkleVUL | VULN | Stacks: 3 | Value: 0.120 | Remaining Turns: 2 | TickDown: SUP1, END | Target: SUP1 | Affects: ['ALL']
        SparkleUltVUL | VULN | Stacks: 1 | Value: 0.180 | Remaining Turns: 2 | TickDown: SUP1, END | Target: SUP1 | Affects: ['ALL']
        EnhancedSkillSPD | SPD% | Stacks: 1 | Value: 0.200 | Remaining Turns: 1 | TickDown: SUP1, END | Target: SUP1 | Affects: ['ALL']
        WarriorGoddessHealCD | CD% | Stacks: 1 | Value: 0.150 | Remaining Turns: 2 | TickDown: SUP1, START | Target: SUP1 | Affects: ['ALL']
        HuoHuoUltATK | ATK% | Stacks: 1 | Value: 0.400 | Remaining Turns: 1 | TickDown: SUP1, END | Target: SUP1 | Affects: ['ALL']
        HuoHuoUltExtraATK | ATK% | Stacks: 1 | Value: 0.240 | Remaining Turns: 1 | TickDown: SUP1, END | Target: SUP1 | Affects: ['ALL']
        ----------End of Buff List----------
        ----------Enemy Debuffs----------
        RinTohsakaUltVuln | From: SUP1 | VULN | Stacks: 1 | Value: 0.200 | Remaining Turns: 2 | Target: 1 | Targeting: AOE | Affects: ['ALL'] | DOT: False | Blast: False
        ----------End of Debuff List----------
        ----------Healing List----------
        ----------End of Healing List----------
        ----------Shields List----------
        ----------End of Shields List----------
    GAUGE  - Enemy 0 toughness reduced by 20.000
    GAUGE  - Enemy 1 toughness reduced by 20.000
    GAUGE  - Enemy 2 toughness reduced by 20.000
    RESULT - RinTohsakaJointAttack | RinTohsaka | SUP1 | DMG: 191723.891 | ELADMG: 0.000 | Enemies Hit: [0, 1, 2] | Enemies Broken: [] | WB DMG: 0.000 | Energy: 10.000 | Amount HP Healed: 0.000 | Amount HP Lost: 0.000 | RinTohsaka Energy: 45/160 | SP: 7 | MaxSP: 11)
Rin has obtained 4 Gem Energy from SP and now has 59 Gem Energy
    TURN   - ArcherFUA | Archer | DPS | ST attack | ['QUA'] | ['FUA'] | Scaling: ATK | TargetID: 1 | DMG/BREAK Splits: [2.0, 0]/[10, 0] | Energy Gained: 5 | SP Change: 1

        ----------Char Buffs----------
        IdealsBurnCR | CR% | Stacks: 1 | Value: 0.160 | Remaining Turns: 1 | TickDown: DPS, PERM | Target: DPS | Affects: ['ALL']
        IdealsBurnATK | ATK% | Stacks: 1 | Value: 0.400 | Remaining Turns: 1 | TickDown: DPS, PERM | Target: DPS | Affects: ['ALL']
        GeniusDMG | DMG% | Stacks: 1 | Value: 0.100 | Remaining Turns: 1 | TickDown: DPS, PERM | Target: DPS | Affects: ['ALL']
        GeniusSHRED | SHRED | Stacks: 1 | Value: 0.200 | Remaining Turns: 1 | TickDown: DPS, PERM | Target: DPS | Affects: ['ALL']
        TengokuCD | CD% | Stacks: 1 | Value: 0.160 | Remaining Turns: 1 | TickDown: DPS, PERM | Target: DPS | Affects: ['ALL']
        ArcherTraceCR | CD% | Stacks: 1 | Value: 0.067 | Remaining Turns: 1 | TickDown: DPS, PERM | Target: DPS | Affects: ['ALL']
        ArcherTraceATK | ATK% | Stacks: 1 | Value: 0.180 | Remaining Turns: 1 | TickDown: DPS, PERM | Target: DPS | Affects: ['ALL']
        ArcherTraceDMG | DMG% | Stacks: 1 | Value: 0.224 | Remaining Turns: 1 | TickDown: DPS, PERM | Target: DPS | Affects: ['ALL']
        KeelCD(SUP2) | CD% | Stacks: 1 | Value: 0.100 | Remaining Turns: 1 | TickDown: DPS, PERM | Target: DPS | Affects: ['ALL']
        SparkleTeamATK | ATK% | Stacks: 1 | Value: 0.450 | Remaining Turns: 1 | TickDown: DPS, PERM | Target: DPS | Affects: ['ALL']
        KeelCD(SUS) | CD% | Stacks: 1 | Value: 0.100 | Remaining Turns: 1 | TickDown: DPS, PERM | Target: DPS | Affects: ['ALL']
        RinTohsakaAllyTrace1ATK | ATK% | Stacks: 1 | Value: 1.500 | Remaining Turns: 1 | TickDown: DPS, PERM | Target: DPS | Affects: ['ALL']
        RinTohsakaAllyTrace1PEN | QUAPEN | Stacks: 1 | Value: 0.150 | Remaining Turns: 1 | TickDown: DPS, PERM | Target: DPS | Affects: ['ALL']
        SparkleVUL | VULN | Stacks: 3 | Value: 0.120 | Remaining Turns: 2 | TickDown: DPS, END | Target: DPS | Affects: ['ALL']
        RinTalentCD | CD% | Stacks: 1 | Value: 0.700 | Remaining Turns: 2 | TickDown: DPS, END | Target: DPS | Affects: ['ALL']
        SacerdosCDSUP2 | CD% | Stacks: 2 | Value: 0.360 | Remaining Turns: 2 | TickDown: DPS, END | Target: DPS | Affects: ['ALL']
        SparkleCD | CD% | Stacks: 1 | Value: 1.175 | Remaining Turns: 2 | TickDown: DPS, END | Target: DPS | Affects: ['ALL']
        SparklePEN | PEN | Stacks: 1 | Value: 0.100 | Remaining Turns: 2 | TickDown: DPS, END | Target: DPS | Affects: ['ALL']
        SparkleUltVUL | VULN | Stacks: 1 | Value: 0.180 | Remaining Turns: 3 | TickDown: DPS, END | Target: DPS | Affects: ['ALL']
        IdealsBurnSKLATK | ATK% | Stacks: 1 | Value: 0.400 | Remaining Turns: 1 | TickDown: DPS, PERM | Target: DPS | Affects: ['ALL']
        TengokuSPArcherCD | CD% | Stacks: 1 | Value: 0.320 | Remaining Turns: 3 | TickDown: DPS, END | Target: DPS | Affects: ['ALL']
        WarriorGoddessHealCD | CD% | Stacks: 1 | Value: 0.150 | Remaining Turns: 2 | TickDown: DPS, START | Target: DPS | Affects: ['ALL']
        HuoHuoUltATK | ATK% | Stacks: 1 | Value: 0.400 | Remaining Turns: 2 | TickDown: DPS, END | Target: DPS | Affects: ['ALL']
        HuoHuoUltExtraATK | ATK% | Stacks: 1 | Value: 0.240 | Remaining Turns: 2 | TickDown: DPS, END | Target: DPS | Affects: ['ALL']
        Trace3CD | CD% | Stacks: 1 | Value: 1.200 | Remaining Turns: 1 | TickDown: DPS, END | Target: DPS | Affects: ['ALL']
        BattleIsntOverDMGRole.SUP2 | DMG% | Stacks: 1 | Value: 0.300 | Remaining Turns: 1 | TickDown: DPS, END | Target: DPS | Affects: ['ALL']
        ----------End of Buff List----------
        ----------Enemy Debuffs----------
        RinTohsakaUltVuln | From: SUP1 | VULN | Stacks: 1 | Value: 0.200 | Remaining Turns: 2 | Target: 1 | Targeting: AOE | Affects: ['ALL'] | DOT: False | Blast: False
        ----------End of Debuff List----------
        ----------Healing List----------
        ----------End of Healing List----------
        ----------Shields List----------
        ----------End of Shields List----------
    KILL   - Archer killed Enemy 1 (overkill: 354017.6)
    SPAWN  - Enemy 1 respawned at full HP, AV set to 0
    GAUGE  - Enemy 1 toughness reduced by 10.000
    RESULT - ArcherFUA | Archer | DPS | DMG: 148666.200 | ELADMG: 0.000 | Enemies Hit: [1] | Enemies Broken: [1] | WB DMG: 9243.898 | Energy: 5.000 | Amount HP Healed: 0.000 | Amount HP Lost: 0.000 | Archer Energy: 40/220 | SP: 8 | MaxSP: 11)
Rin has obtained 1 Gem Energy from SP and now has 60 Gem Energy
ERR    > 1.294 energy added to Sparkle from SparkleTalentERR | Sparkle Energy: 67.740
ACTION > [CIRCUIT] TotalAV: 313.103 | Archer | circuit skill use 5
CIRCUIT > Archer Circuit skill use 5/5
CIRCUIT > Archer exited Circuit Connection state
    TURN   - ArcherSkill | Archer | DPS | ST attack | ['QUA'] | ['SKL'] | Scaling: ATK | TargetID: 1 | DMG/BREAK Splits: [3.6, 0]/[20, 0] | Energy Gained: 30 | SP Change: -2

        ----------Char Buffs----------
        IdealsBurnCR | CR% | Stacks: 1 | Value: 0.160 | Remaining Turns: 1 | TickDown: DPS, PERM | Target: DPS | Affects: ['ALL']
        IdealsBurnATK | ATK% | Stacks: 1 | Value: 0.400 | Remaining Turns: 1 | TickDown: DPS, PERM | Target: DPS | Affects: ['ALL']
        GeniusDMG | DMG% | Stacks: 1 | Value: 0.100 | Remaining Turns: 1 | TickDown: DPS, PERM | Target: DPS | Affects: ['ALL']
        GeniusSHRED | SHRED | Stacks: 1 | Value: 0.200 | Remaining Turns: 1 | TickDown: DPS, PERM | Target: DPS | Affects: ['ALL']
        TengokuCD | CD% | Stacks: 1 | Value: 0.160 | Remaining Turns: 1 | TickDown: DPS, PERM | Target: DPS | Affects: ['ALL']
        ArcherTraceCR | CD% | Stacks: 1 | Value: 0.067 | Remaining Turns: 1 | TickDown: DPS, PERM | Target: DPS | Affects: ['ALL']
        ArcherTraceATK | ATK% | Stacks: 1 | Value: 0.180 | Remaining Turns: 1 | TickDown: DPS, PERM | Target: DPS | Affects: ['ALL']
        ArcherTraceDMG | DMG% | Stacks: 1 | Value: 0.224 | Remaining Turns: 1 | TickDown: DPS, PERM | Target: DPS | Affects: ['ALL']
        KeelCD(SUP2) | CD% | Stacks: 1 | Value: 0.100 | Remaining Turns: 1 | TickDown: DPS, PERM | Target: DPS | Affects: ['ALL']
        SparkleTeamATK | ATK% | Stacks: 1 | Value: 0.450 | Remaining Turns: 1 | TickDown: DPS, PERM | Target: DPS | Affects: ['ALL']
        KeelCD(SUS) | CD% | Stacks: 1 | Value: 0.100 | Remaining Turns: 1 | TickDown: DPS, PERM | Target: DPS | Affects: ['ALL']
        RinTohsakaAllyTrace1ATK | ATK% | Stacks: 1 | Value: 1.500 | Remaining Turns: 1 | TickDown: DPS, PERM | Target: DPS | Affects: ['ALL']
        RinTohsakaAllyTrace1PEN | QUAPEN | Stacks: 1 | Value: 0.150 | Remaining Turns: 1 | TickDown: DPS, PERM | Target: DPS | Affects: ['ALL']
        SparkleVUL | VULN | Stacks: 3 | Value: 0.120 | Remaining Turns: 2 | TickDown: DPS, END | Target: DPS | Affects: ['ALL']
        RinTalentCD | CD% | Stacks: 1 | Value: 0.700 | Remaining Turns: 2 | TickDown: DPS, END | Target: DPS | Affects: ['ALL']
        SacerdosCDSUP2 | CD% | Stacks: 2 | Value: 0.360 | Remaining Turns: 2 | TickDown: DPS, END | Target: DPS | Affects: ['ALL']
        SparkleCD | CD% | Stacks: 1 | Value: 1.175 | Remaining Turns: 2 | TickDown: DPS, END | Target: DPS | Affects: ['ALL']
        SparklePEN | PEN | Stacks: 1 | Value: 0.100 | Remaining Turns: 2 | TickDown: DPS, END | Target: DPS | Affects: ['ALL']
        SparkleUltVUL | VULN | Stacks: 1 | Value: 0.180 | Remaining Turns: 3 | TickDown: DPS, END | Target: DPS | Affects: ['ALL']
        IdealsBurnSKLATK | ATK% | Stacks: 1 | Value: 0.400 | Remaining Turns: 1 | TickDown: DPS, PERM | Target: DPS | Affects: ['ALL']
        TengokuSPArcherCD | CD% | Stacks: 1 | Value: 0.320 | Remaining Turns: 3 | TickDown: DPS, END | Target: DPS | Affects: ['ALL']
        WarriorGoddessHealCD | CD% | Stacks: 1 | Value: 0.150 | Remaining Turns: 2 | TickDown: DPS, START | Target: DPS | Affects: ['ALL']
        HuoHuoUltATK | ATK% | Stacks: 1 | Value: 0.400 | Remaining Turns: 2 | TickDown: DPS, END | Target: DPS | Affects: ['ALL']
        HuoHuoUltExtraATK | ATK% | Stacks: 1 | Value: 0.240 | Remaining Turns: 2 | TickDown: DPS, END | Target: DPS | Affects: ['ALL']
        Trace3CD | CD% | Stacks: 1 | Value: 1.200 | Remaining Turns: 1 | TickDown: DPS, END | Target: DPS | Affects: ['ALL']
        BattleIsntOverDMGRole.SUP2 | DMG% | Stacks: 1 | Value: 0.300 | Remaining Turns: 1 | TickDown: DPS, END | Target: DPS | Affects: ['ALL']
        SkillDmg | DMG% | Stacks: 2 | Value: 2.000 | Remaining Turns: 1 | TickDown: DPS, START | Target: DPS | Affects: ['SKL']
        ----------End of Buff List----------
        ----------Enemy Debuffs----------
        RinTohsakaUltVuln | From: SUP1 | VULN | Stacks: 1 | Value: 0.200 | Remaining Turns: 2 | Target: 1 | Targeting: AOE | Affects: ['ALL'] | DOT: False | Blast: False
        Enemy 1 QUA-break | From: DPS | ENTANGLE | Stacks: 1 | Value: 34076.706 | Remaining Turns: 1 | Target: 1 | Targeting: ST | Affects: ['ALL'] | DOT: False | Blast: False
        ----------End of Debuff List----------
        ----------Healing List----------
        ----------End of Healing List----------
        ----------Shields List----------
        ----------End of Shields List----------
    GAUGE  - Enemy 1 toughness reduced by 20.000
    RESULT - ArcherSkill | Archer | DPS | DMG: 592773.533 | ELADMG: 0.000 | Enemies Hit: [1] | Enemies Broken: [] | WB DMG: 0.000 | Energy: 30.000 | Amount HP Healed: 0.000 | Amount HP Lost: 0.000 | Archer Energy: 70/220 | SP: 6 | MaxSP: 11)
Rin has obtained 2 Gem Energy from SP and now has 62 Gem Energy
ERR    > 1.294 energy added to Sparkle from SparkleTalentERR | Sparkle Energy: 69.034
        Buff Trace3CD expired
        Buff BattleIsntOverDMGRole.SUP2 expired
SPD    > RinTohsaka speed changed to 182.152 | NewAV: 34.784
AV     > Archer AV reset to 95.602 | 104.600 SPD
DELAY  > Enemy 1 delayed by 25.0% from STDBreakDelay | NewAV: 44.851
DELAY  > Enemy 1 delayed by 22.3% from QUA-break | NewAV: 58.950

<<< NEW TURN >>>
-   HuoHuo AV: 0.000 ENERGY: 19.413 MaxHP: 6139.808 CurrHp 5791.896 ShieldHP: 0.000
-   Enemy 2 AV: 27.896 ENERGY: 0.000 MaxHP: 2000000.000 CurrHp 512975.692 ShieldHP: 0.000
-   Enemy 0 AV: 27.896 ENERGY: 0.000 MaxHP: 2000000.000 CurrHp 517709.615 ShieldHP: 0.000
-   RinTohsaka AV: 31.681 ENERGY: 45.000 MaxHP: 3051.570 CurrHp 2560.139 ShieldHP: 0.000
-   Enemy 1 AV: 55.847 ENERGY: 0.000 MaxHP: 5000000.000 CurrHp 4407226.467 ShieldHP: 0.000
-   Sparkle AV: 59.517 ENERGY: 69.034 MaxHP: 4358.742 CurrHp 2695.207 ShieldHP: 0.000
-   Archer AV: 92.499 ENERGY: 70.000 MaxHP: 3063.425 CurrHp 2737.287 ShieldHP: 0.000

Combat context set: 3 enemies, 4 players
Combat context initialized: 3 enemies, Elation team size: 0
ACTION > [CHAR] TotalAV: 316.206 | TurnAV: 3.103 | HuoHuo | A-move
    TURN   - HuoHuoBasic | HuoHuo | SUS | ST attack | ['WIN'] | ['BSC'] | Scaling: HP | TargetID: 1 | DMG/BREAK Splits: [0.5, 0]/[10, 0] | Energy Gained: 20 | SP Change: 1

        ----------Char Buffs----------
        KeelCD(SUP2) | CD% | Stacks: 1 | Value: 0.100 | Remaining Turns: 1 | TickDown: SUS, PERM | Target: SUS | Affects: ['ALL']
        SparkleTeamATK | ATK% | Stacks: 1 | Value: 0.450 | Remaining Turns: 1 | TickDown: SUS, PERM | Target: SUS | Affects: ['ALL']
        PostOpERR | ERR% | Stacks: 1 | Value: 0.160 | Remaining Turns: 1 | TickDown: SUS, PERM | Target: SUS | Affects: ['ALL']
        WarriorGoddessSPD | SPD% | Stacks: 1 | Value: 0.060 | Remaining Turns: 1 | TickDown: SUS, PERM | Target: SUS | Affects: ['ALL']
        KeelEFFRES | ERS% | Stacks: 1 | Value: 0.100 | Remaining Turns: 1 | TickDown: SUS, PERM | Target: SUS | Affects: ['ALL']
        KeelCD(SUS) | CD% | Stacks: 1 | Value: 0.100 | Remaining Turns: 1 | TickDown: SUS, PERM | Target: SUS | Affects: ['ALL']
        HHTraceHP | HP% | Stacks: 1 | Value: 0.280 | Remaining Turns: 1 | TickDown: SUS, PERM | Target: SUS | Affects: ['ALL']
        HHTraceERS | ERS% | Stacks: 1 | Value: 0.180 | Remaining Turns: 1 | TickDown: SUS, PERM | Target: SUS | Affects: ['ALL']
        HHTraceSPD | SPD | Stacks: 1 | Value: 5.000 | Remaining Turns: 1 | TickDown: SUS, PERM | Target: SUS | Affects: ['ALL']
        SparkleVUL | VULN | Stacks: 3 | Value: 0.120 | Remaining Turns: 2 | TickDown: SUS, END | Target: SUS | Affects: ['ALL']
        SparkleUltVUL | VULN | Stacks: 1 | Value: 0.180 | Remaining Turns: 3 | TickDown: SUS, END | Target: SUS | Affects: ['ALL']
        RinTalentCD | CD% | Stacks: 1 | Value: 0.700 | Remaining Turns: 1 | TickDown: SUS, END | Target: SUS | Affects: ['ALL']
        WarriorGoddessHealSPD | SPD% | Stacks: 1 | Value: 0.060 | Remaining Turns: 1 | TickDown: SUS, START | Target: SUS | Affects: ['ALL']
        WarriorGoddessHealCD | CD% | Stacks: 1 | Value: 0.150 | Remaining Turns: 1 | TickDown: SUS, START | Target: SUS | Affects: ['ALL']
        ----------End of Buff List----------
        ----------Enemy Debuffs----------
        RinTohsakaUltVuln | From: SUP1 | VULN | Stacks: 1 | Value: 0.200 | Remaining Turns: 2 | Target: 1 | Targeting: AOE | Affects: ['ALL'] | DOT: False | Blast: False
        Enemy 1 QUA-break | From: DPS | ENTANGLE | Stacks: 1 | Value: 34076.706 | Remaining Turns: 1 | Target: 1 | Targeting: ST | Affects: ['ALL'] | DOT: False | Blast: False
        ----------End of Debuff List----------
        ----------Healing List----------
        ----------End of Healing List----------
        ----------Shields List----------
        ----------End of Shields List----------
    GAUGE  - Enemy 1 toughness reduced by 0.000
    RESULT - HuoHuoBasic | HuoHuo | SUS | DMG: 2022.762 | ELADMG: 0.000 | Enemies Hit: [1] | Enemies Broken: [] | WB DMG: 0.000 | Energy: 27.088 | Amount HP Healed: 0.000 | Amount HP Lost: 0.000 | HuoHuo Energy: 47/140 | SP: 7 | MaxSP: 11)
Rin has obtained 1 Gem Energy from SP and now has 63 Gem Energy
    TURN   - ArcherFUA | Archer | DPS | ST attack | ['QUA'] | ['FUA'] | Scaling: ATK | TargetID: 1 | DMG/BREAK Splits: [2.0, 0]/[10, 0] | Energy Gained: 5 | SP Change: 1

        ----------Char Buffs----------
        IdealsBurnCR | CR% | Stacks: 1 | Value: 0.160 | Remaining Turns: 1 | TickDown: DPS, PERM | Target: DPS | Affects: ['ALL']
        IdealsBurnATK | ATK% | Stacks: 1 | Value: 0.400 | Remaining Turns: 1 | TickDown: DPS, PERM | Target: DPS | Affects: ['ALL']
        GeniusDMG | DMG% | Stacks: 1 | Value: 0.100 | Remaining Turns: 1 | TickDown: DPS, PERM | Target: DPS | Affects: ['ALL']
        GeniusSHRED | SHRED | Stacks: 1 | Value: 0.200 | Remaining Turns: 1 | TickDown: DPS, PERM | Target: DPS | Affects: ['ALL']
        TengokuCD | CD% | Stacks: 1 | Value: 0.160 | Remaining Turns: 1 | TickDown: DPS, PERM | Target: DPS | Affects: ['ALL']
        ArcherTraceCR | CD% | Stacks: 1 | Value: 0.067 | Remaining Turns: 1 | TickDown: DPS, PERM | Target: DPS | Affects: ['ALL']
        ArcherTraceATK | ATK% | Stacks: 1 | Value: 0.180 | Remaining Turns: 1 | TickDown: DPS, PERM | Target: DPS | Affects: ['ALL']
        ArcherTraceDMG | DMG% | Stacks: 1 | Value: 0.224 | Remaining Turns: 1 | TickDown: DPS, PERM | Target: DPS | Affects: ['ALL']
        KeelCD(SUP2) | CD% | Stacks: 1 | Value: 0.100 | Remaining Turns: 1 | TickDown: DPS, PERM | Target: DPS | Affects: ['ALL']
        SparkleTeamATK | ATK% | Stacks: 1 | Value: 0.450 | Remaining Turns: 1 | TickDown: DPS, PERM | Target: DPS | Affects: ['ALL']
        KeelCD(SUS) | CD% | Stacks: 1 | Value: 0.100 | Remaining Turns: 1 | TickDown: DPS, PERM | Target: DPS | Affects: ['ALL']
        RinTohsakaAllyTrace1ATK | ATK% | Stacks: 1 | Value: 1.500 | Remaining Turns: 1 | TickDown: DPS, PERM | Target: DPS | Affects: ['ALL']
        RinTohsakaAllyTrace1PEN | QUAPEN | Stacks: 1 | Value: 0.150 | Remaining Turns: 1 | TickDown: DPS, PERM | Target: DPS | Affects: ['ALL']
        SparkleVUL | VULN | Stacks: 3 | Value: 0.120 | Remaining Turns: 1 | TickDown: DPS, END | Target: DPS | Affects: ['ALL']
        RinTalentCD | CD% | Stacks: 1 | Value: 0.700 | Remaining Turns: 1 | TickDown: DPS, END | Target: DPS | Affects: ['ALL']
        SacerdosCDSUP2 | CD% | Stacks: 2 | Value: 0.360 | Remaining Turns: 1 | TickDown: DPS, END | Target: DPS | Affects: ['ALL']
        SparkleCD | CD% | Stacks: 1 | Value: 1.175 | Remaining Turns: 1 | TickDown: DPS, END | Target: DPS | Affects: ['ALL']
        SparklePEN | PEN | Stacks: 1 | Value: 0.100 | Remaining Turns: 1 | TickDown: DPS, END | Target: DPS | Affects: ['ALL']
        SparkleUltVUL | VULN | Stacks: 1 | Value: 0.180 | Remaining Turns: 2 | TickDown: DPS, END | Target: DPS | Affects: ['ALL']
        IdealsBurnSKLATK | ATK% | Stacks: 1 | Value: 0.400 | Remaining Turns: 1 | TickDown: DPS, PERM | Target: DPS | Affects: ['ALL']
        TengokuSPArcherCD | CD% | Stacks: 1 | Value: 0.320 | Remaining Turns: 2 | TickDown: DPS, END | Target: DPS | Affects: ['ALL']
        WarriorGoddessHealCD | CD% | Stacks: 1 | Value: 0.150 | Remaining Turns: 2 | TickDown: DPS, START | Target: DPS | Affects: ['ALL']
        HuoHuoUltATK | ATK% | Stacks: 1 | Value: 0.400 | Remaining Turns: 1 | TickDown: DPS, END | Target: DPS | Affects: ['ALL']
        HuoHuoUltExtraATK | ATK% | Stacks: 1 | Value: 0.240 | Remaining Turns: 1 | TickDown: DPS, END | Target: DPS | Affects: ['ALL']
        Trace3CD | CD% | Stacks: 1 | Value: 1.200 | Remaining Turns: 1 | TickDown: DPS, END | Target: DPS | Affects: ['ALL']
        ----------End of Buff List----------
        ----------Enemy Debuffs----------
        RinTohsakaUltVuln | From: SUP1 | VULN | Stacks: 1 | Value: 0.200 | Remaining Turns: 2 | Target: 1 | Targeting: AOE | Affects: ['ALL'] | DOT: False | Blast: False
        Enemy 1 QUA-break | From: DPS | ENTANGLE | Stacks: 1 | Value: 34076.706 | Remaining Turns: 1 | Target: 1 | Targeting: ST | Affects: ['ALL'] | DOT: False | Blast: False
        ----------End of Debuff List----------
        ----------Healing List----------
        ----------End of Healing List----------
        ----------Shields List----------
        ----------End of Shields List----------
    GAUGE  - Enemy 1 toughness reduced by 10.000
    RESULT - ArcherFUA | Archer | DPS | DMG: 140564.572 | ELADMG: 0.000 | Enemies Hit: [1] | Enemies Broken: [] | WB DMG: 0.000 | Energy: 5.000 | Amount HP Healed: 0.000 | Amount HP Lost: 0.000 | Archer Energy: 75/220 | SP: 8 | MaxSP: 11)
Rin has obtained 1 Gem Energy from SP and now has 64 Gem Energy
AV     > HuoHuo AV reset to 62.308 | 160.492 SPD

<<< NEW TURN >>>
-   Enemy 2 AV: 0.000 ENERGY: 0.000 MaxHP: 2000000.000 CurrHp 512975.692 ShieldHP: 0.000
-   Enemy 0 AV: 0.000 ENERGY: 0.000 MaxHP: 2000000.000 CurrHp 517709.615 ShieldHP: 0.000
-   RinTohsaka AV: 3.785 ENERGY: 45.000 MaxHP: 3051.570 CurrHp 2560.139 ShieldHP: 0.000
-   Enemy 1 AV: 27.950 ENERGY: 0.000 MaxHP: 5000000.000 CurrHp 4264639.134 ShieldHP: 0.000
-   Sparkle AV: 31.621 ENERGY: 69.034 MaxHP: 4358.742 CurrHp 2695.207 ShieldHP: 0.000
-   HuoHuo AV: 34.412 ENERGY: 46.501 MaxHP: 6139.808 CurrHp 5791.896 ShieldHP: 0.000
-   Archer AV: 64.603 ENERGY: 75.000 MaxHP: 3063.425 CurrHp 2737.287 ShieldHP: 0.000

Combat context set: 3 enemies, 4 players
Combat context initialized: 3 enemies, Elation team size: 0
ACTION > [ENEMY] TotalAV: 344.102 | TurnAV: 27.896 | Enemy 2 | 1 attacks
    CharEnergy - Archer: Hit 1.667 Total: 76.667 | RinTohsaka: Hit 8.333 Total: 53.333 | Sparkle: Hit 8.333 Total: 79.821 | HuoHuo: Hit 8.333 Total: 57.787 |
    ENEMY  - Enemy 2 [aoe] dealt 322.2 to Sparkle (energy: 3.3, DEF: 1413, atkMul: 1.00, dmgMul: 1.00) | Shield Absorbed: 0.0 | HP Lost: 322.2 | HP: 2373/4359 | Shield HP: 0
    ENEMY  - Enemy 2 [aoe] dealt 287.7 to RinTohsaka (energy: 3.3, DEF: 1720, atkMul: 1.00, dmgMul: 1.00) | Shield Absorbed: 0.0 | HP Lost: 287.7 | HP: 2272/3052 | Shield HP: 0
    ENEMY  - Enemy 2 [aoe] dealt 231.9 to HuoHuo (energy: 3.3, DEF: 2410, atkMul: 1.00, dmgMul: 1.00) | Shield Absorbed: 0.0 | HP Lost: 231.9 | HP: 5560/6140 | Shield HP: 0
    ENEMY  - Enemy 2 [aoe] dealt 116.3 to Archer (energy: 1.7, DEF: 2399, atkMul: 1.00, dmgMul: 1.00) | Shield Absorbed: 0.0 | HP Lost: 116.3 | HP: 2621/3063 | Shield HP: 0
    ENEMY  - Enemy 2 [aoe] dealt 143.9 to RinTohsaka (energy: 1.7, DEF: 1720, atkMul: 1.00, dmgMul: 1.00) | Shield Absorbed: 0.0 | HP Lost: 143.9 | HP: 2129/3052 | Shield HP: 0
    ENEMY  - Enemy 2 [aoe] dealt 161.1 to Sparkle (energy: 1.7, DEF: 1413, atkMul: 1.00, dmgMul: 1.00) | Shield Absorbed: 0.0 | HP Lost: 161.1 | HP: 2212/4359 | Shield HP: 0
    ENEMY  - Enemy 2 [aoe] dealt 116.0 to HuoHuo (energy: 1.7, DEF: 2410, atkMul: 1.00, dmgMul: 1.00) | Shield Absorbed: 0.0 | HP Lost: 116.0 | HP: 5444/6140 | Shield HP: 0
    ENEMY  - Enemy 2 [aoe] dealt 322.2 to Sparkle (energy: 3.3, DEF: 1413, atkMul: 1.00, dmgMul: 1.00) | Shield Absorbed: 0.0 | HP Lost: 322.2 | HP: 1890/4359 | Shield HP: 0
    ENEMY  - Enemy 2 [aoe] dealt 287.7 to RinTohsaka (energy: 3.3, DEF: 1720, atkMul: 1.00, dmgMul: 1.00) | Shield Absorbed: 0.0 | HP Lost: 287.7 | HP: 1841/3052 | Shield HP: 0
    ENEMY  - Enemy 2 [aoe] dealt 231.9 to HuoHuo (energy: 3.3, DEF: 2410, atkMul: 1.00, dmgMul: 1.00) | Shield Absorbed: 0.0 | HP Lost: 231.9 | HP: 5212/6140 | Shield HP: 0
AV     > Enemy 2 AV reset to 76.923 | 130.000 SPD

<<< NEW TURN >>>
-   Enemy 0 AV: 0.000 ENERGY: 0.000 MaxHP: 2000000.000 CurrHp 517709.615 ShieldHP: 0.000
-   RinTohsaka AV: 3.785 ENERGY: 53.333 MaxHP: 3051.570 CurrHp 1840.797 ShieldHP: 0.000
-   Enemy 1 AV: 27.950 ENERGY: 0.000 MaxHP: 5000000.000 CurrHp 4264639.134 ShieldHP: 0.000
-   Sparkle AV: 31.621 ENERGY: 79.821 MaxHP: 4358.742 CurrHp 1889.718 ShieldHP: 0.000
-   HuoHuo AV: 34.412 ENERGY: 57.787 MaxHP: 6139.808 CurrHp 5212.043 ShieldHP: 0.000
-   Archer AV: 64.603 ENERGY: 76.667 MaxHP: 3063.425 CurrHp 2620.967 ShieldHP: 0.000
-   Enemy 2 AV: 76.923 ENERGY: 0.000 MaxHP: 2000000.000 CurrHp 512975.692 ShieldHP: 0.000

Combat context set: 3 enemies, 4 players
Combat context initialized: 3 enemies, Elation team size: 0
ACTION > [ENEMY] TotalAV: 344.102 | TurnAV: 0.000 | Enemy 0 | 1 attacks
    CharEnergy - Archer: Hit 6.667 Total: 83.333 | RinTohsaka: Hit 6.667 Total: 60.000 | Sparkle: Hit 6.667 Total: 88.450 | HuoHuo: Hit 3.333 Total: 62.302 |
    ENEMY  - Enemy 0 [aoe] dealt 287.7 to RinTohsaka (energy: 3.3, DEF: 1720, atkMul: 1.00, dmgMul: 1.00) | Shield Absorbed: 0.0 | HP Lost: 287.7 | HP: 1553/3052 | Shield HP: 0
    ENEMY  - Enemy 0 [aoe] dealt 232.6 to Archer (energy: 3.3, DEF: 2399, atkMul: 1.00, dmgMul: 1.00) | Shield Absorbed: 0.0 | HP Lost: 232.6 | HP: 2388/3063 | Shield HP: 0
    ENEMY  - Enemy 0 [aoe] dealt 322.2 to Sparkle (energy: 3.3, DEF: 1413, atkMul: 1.00, dmgMul: 1.00) | Shield Absorbed: 0.0 | HP Lost: 322.2 | HP: 1568/4359 | Shield HP: 0
    ENEMY  - Enemy 0 [aoe] dealt 322.2 to Sparkle (energy: 3.3, DEF: 1413, atkMul: 1.00, dmgMul: 1.00) | Shield Absorbed: 0.0 | HP Lost: 322.2 | HP: 1245/4359 | Shield HP: 0
    ENEMY  - Enemy 0 [aoe] dealt 287.7 to RinTohsaka (energy: 3.3, DEF: 1720, atkMul: 1.00, dmgMul: 1.00) | Shield Absorbed: 0.0 | HP Lost: 287.7 | HP: 1265/3052 | Shield HP: 0
    ENEMY  - Enemy 0 [aoe] dealt 231.9 to HuoHuo (energy: 3.3, DEF: 2410, atkMul: 1.00, dmgMul: 1.00) | Shield Absorbed: 0.0 | HP Lost: 231.9 | HP: 4980/6140 | Shield HP: 0
    ENEMY  - Enemy 0 [aoe] dealt 232.6 to Archer (energy: 3.3, DEF: 2399, atkMul: 1.00, dmgMul: 1.00) | Shield Absorbed: 0.0 | HP Lost: 232.6 | HP: 2156/3063 | Shield HP: 0
AV     > Enemy 0 AV reset to 76.923 | 130.000 SPD

<<< NEW TURN >>>
-   RinTohsaka AV: 0.000 ENERGY: 60.000 MaxHP: 3051.570 CurrHp 1265.324 ShieldHP: 0.000
-   Enemy 1 AV: 24.166 ENERGY: 0.000 MaxHP: 5000000.000 CurrHp 4264639.134 ShieldHP: 0.000
-   Sparkle AV: 27.836 ENERGY: 88.450 MaxHP: 4358.742 CurrHp 1245.326 ShieldHP: 0.000
-   HuoHuo AV: 30.627 ENERGY: 62.302 MaxHP: 6139.808 CurrHp 4980.102 ShieldHP: 0.000
-   Archer AV: 60.818 ENERGY: 83.333 MaxHP: 3063.425 CurrHp 2155.689 ShieldHP: 0.000
-   Enemy 0 AV: 73.138 ENERGY: 0.000 MaxHP: 2000000.000 CurrHp 517709.615 ShieldHP: 0.000
-   Enemy 2 AV: 73.138 ENERGY: 0.000 MaxHP: 2000000.000 CurrHp 512975.692 ShieldHP: 0.000

Combat context set: 3 enemies, 4 players
Combat context initialized: 3 enemies, Elation team size: 0
Rin can use Enhanced Skill
ACTION > [CHAR] TotalAV: 347.887 | TurnAV: 3.785 | RinTohsaka | A-move
    TURN   - RinTohsakaBasic | RinTohsaka | SUP1 | ST attack | ['QUA'] | ['BSC'] | Scaling: ATK | TargetID: 1 | DMG/BREAK Splits: [1.0, 0]/[10, 0] | Energy Gained: 20 | SP Change: 1

        ----------Char Buffs----------
        CalculusATK | ATK% | Stacks: 1 | Value: 0.120 | Remaining Turns: 1 | TickDown: SUP1, PERM | Target: SUP1 | Affects: ['ALL']
        GeniusDMG | DMG% | Stacks: 1 | Value: 0.100 | Remaining Turns: 1 | TickDown: SUP1, PERM | Target: SUP1 | Affects: ['ALL']
        GeniusSHRED | SHRED | Stacks: 1 | Value: 0.200 | Remaining Turns: 1 | TickDown: SUP1, PERM | Target: SUP1 | Affects: ['ALL']
        RutilantCR | CR% | Stacks: 1 | Value: 0.080 | Remaining Turns: 1 | TickDown: SUP1, PERM | Target: SUP1 | Affects: ['ALL']
        RutilantBonusDMG | DMG% | Stacks: 1 | Value: 0.200 | Remaining Turns: 1 | TickDown: SUP1, PERM | Target: SUP1 | Affects: ['BSC', 'SKL']
        RinTohsakaTraceCD | CD% | Stacks: 1 | Value: 0.373 | Remaining Turns: 1 | TickDown: SUP1, PERM | Target: SUP1 | Affects: ['ALL']
        RinTohsakaTraceATK | ATK% | Stacks: 1 | Value: 0.180 | Remaining Turns: 1 | TickDown: SUP1, PERM | Target: SUP1 | Affects: ['ALL']
        RinTohsakaTraceDMG | DMG% | Stacks: 1 | Value: 0.080 | Remaining Turns: 1 | TickDown: SUP1, PERM | Target: SUP1 | Affects: ['ALL']
        RinTohsakaTrace1ATK | ATK% | Stacks: 1 | Value: 1.500 | Remaining Turns: 1 | TickDown: SUP1, PERM | Target: SUP1 | Affects: ['ALL']
        RinTohsakaTrace1PEN | QUAPEN | Stacks: 1 | Value: 0.150 | Remaining Turns: 1 | TickDown: SUP1, PERM | Target: SUP1 | Affects: ['ALL']
        KeelCD(SUP2) | CD% | Stacks: 1 | Value: 0.100 | Remaining Turns: 1 | TickDown: SUP1, PERM | Target: SUP1 | Affects: ['ALL']
        SparkleTeamATK | ATK% | Stacks: 1 | Value: 0.450 | Remaining Turns: 1 | TickDown: SUP1, PERM | Target: SUP1 | Affects: ['ALL']
        KeelCD(SUS) | CD% | Stacks: 1 | Value: 0.100 | Remaining Turns: 1 | TickDown: SUP1, PERM | Target: SUP1 | Affects: ['ALL']
        CalculusHitATK | ATK% | Stacks: 1 | Value: 0.240 | Remaining Turns: 1 | TickDown: SUP1, PERM | Target: SUP1 | Affects: ['ALL']
        TalentCD | CD% | Stacks: 1 | Value: 0.700 | Remaining Turns: 2 | TickDown: SUP1, END | Target: SUP1 | Affects: ['ALL']
        SparkleVUL | VULN | Stacks: 3 | Value: 0.120 | Remaining Turns: 2 | TickDown: SUP1, END | Target: SUP1 | Affects: ['ALL']
        SparkleUltVUL | VULN | Stacks: 1 | Value: 0.180 | Remaining Turns: 2 | TickDown: SUP1, END | Target: SUP1 | Affects: ['ALL']
        EnhancedSkillSPD | SPD% | Stacks: 1 | Value: 0.200 | Remaining Turns: 1 | TickDown: SUP1, END | Target: SUP1 | Affects: ['ALL']
        WarriorGoddessHealCD | CD% | Stacks: 1 | Value: 0.150 | Remaining Turns: 1 | TickDown: SUP1, START | Target: SUP1 | Affects: ['ALL']
        HuoHuoUltATK | ATK% | Stacks: 1 | Value: 0.400 | Remaining Turns: 1 | TickDown: SUP1, END | Target: SUP1 | Affects: ['ALL']
        HuoHuoUltExtraATK | ATK% | Stacks: 1 | Value: 0.240 | Remaining Turns: 1 | TickDown: SUP1, END | Target: SUP1 | Affects: ['ALL']
        CalculusHitSpd | SPD% | Stacks: 1 | Value: 0.160 | Remaining Turns: 1 | TickDown: SUP1, END | Target: SUP1 | Affects: ['ALL']
        ----------End of Buff List----------
        ----------Enemy Debuffs----------
        RinTohsakaUltVuln | From: SUP1 | VULN | Stacks: 1 | Value: 0.200 | Remaining Turns: 2 | Target: 1 | Targeting: AOE | Affects: ['ALL'] | DOT: False | Blast: False
        Enemy 1 QUA-break | From: DPS | ENTANGLE | Stacks: 1 | Value: 34076.706 | Remaining Turns: 1 | Target: 1 | Targeting: ST | Affects: ['ALL'] | DOT: False | Blast: False
        ----------End of Debuff List----------
        ----------Healing List----------
        ----------End of Healing List----------
        ----------Shields List----------
        ----------End of Shields List----------
    GAUGE  - Enemy 1 toughness reduced by 10.000
    RESULT - RinTohsakaBasic | RinTohsaka | SUP1 | DMG: 27569.928 | ELADMG: 0.000 | Enemies Hit: [1] | Enemies Broken: [] | WB DMG: 0.000 | Energy: 20.000 | Amount HP Healed: 0.000 | Amount HP Lost: 0.000 | RinTohsaka Energy: 80/160 | SP: 9 | MaxSP: 11)
Rin has obtained 1 Gem Energy from SP and now has 65 Gem Energy
        Buff EnhancedSkillSPD expired
        Buff HuoHuoUltATK expired
        Buff HuoHuoUltExtraATK expired
        Buff CalculusHitSpd expired
SPD    > RinTohsaka speed changed to 145.432 | NewAV: 0.000
AV     > RinTohsaka AV reset to 68.761 | 145.432 SPD

<<< NEW TURN >>>
-   Enemy 1 AV: 0.000 ENERGY: 0.000 MaxHP: 5000000.000 CurrHp 4237069.206 ShieldHP: 0.000
-   Sparkle AV: 3.671 ENERGY: 88.450 MaxHP: 4358.742 CurrHp 1245.326 ShieldHP: 0.000
-   HuoHuo AV: 6.462 ENERGY: 62.302 MaxHP: 6139.808 CurrHp 4980.102 ShieldHP: 0.000
-   Archer AV: 36.652 ENERGY: 83.333 MaxHP: 3063.425 CurrHp 2155.689 ShieldHP: 0.000
-   RinTohsaka AV: 44.595 ENERGY: 80.000 MaxHP: 3051.570 CurrHp 1265.324 ShieldHP: 0.000
-   Enemy 0 AV: 48.973 ENERGY: 0.000 MaxHP: 2000000.000 CurrHp 517709.615 ShieldHP: 0.000
-   Enemy 2 AV: 48.973 ENERGY: 0.000 MaxHP: 2000000.000 CurrHp 512975.692 ShieldHP: 0.000

Combat context set: 3 enemies, 4 players
Combat context initialized: 3 enemies, Elation team size: 0
ACTION > [ENEMY] TotalAV: 372.053 | TurnAV: 24.166 | Enemy 1 | 1 attacks
    CharEnergy - Archer: Hit 3.333 Total: 86.667 | RinTohsaka: Hit 6.667 Total: 86.667 | Sparkle: Hit 6.667 Total: 97.080 | HuoHuo: Hit 3.333 Total: 66.817 |
    ENEMY  - Enemy 1 [aoe] dealt 322.2 to Sparkle (energy: 3.3, DEF: 1413, atkMul: 1.00, dmgMul: 1.00) | Shield Absorbed: 0.0 | HP Lost: 322.2 | HP: 923/4359 | Shield HP: 0
    ENEMY  - Enemy 1 [aoe] dealt 322.2 to Sparkle (energy: 3.3, DEF: 1413, atkMul: 1.00, dmgMul: 1.00) | Shield Absorbed: 0.0 | HP Lost: 322.2 | HP: 601/4359 | Shield HP: 0
    ENEMY  - Enemy 1 [aoe] dealt 287.7 to RinTohsaka (energy: 3.3, DEF: 1720, atkMul: 1.00, dmgMul: 1.00) | Shield Absorbed: 0.0 | HP Lost: 287.7 | HP: 978/3052 | Shield HP: 0
    ENEMY  - Enemy 1 [aoe] dealt 231.9 to HuoHuo (energy: 3.3, DEF: 2410, atkMul: 1.00, dmgMul: 1.00) | Shield Absorbed: 0.0 | HP Lost: 231.9 | HP: 4748/6140 | Shield HP: 0
    ENEMY  - Enemy 1 [aoe] dealt 232.6 to Archer (energy: 3.3, DEF: 2399, atkMul: 1.00, dmgMul: 1.00) | Shield Absorbed: 0.0 | HP Lost: 232.6 | HP: 1923/3063 | Shield HP: 0
    ENEMY  - Enemy 1 [aoe] dealt 287.7 to RinTohsaka (energy: 3.3, DEF: 1720, atkMul: 1.00, dmgMul: 1.00) | Shield Absorbed: 0.0 | HP Lost: 287.7 | HP: 690/3052 | Shield HP: 0
    DEBUFF - Enemy 1 took 0.000 Debuff damage from Enemy 1 QUA-break
        Debuff Enemy 1 QUA-break expired
AV     > Enemy 1 AV reset to 63.131 | 158.400 SPD

<<< NEW TURN >>>
-   Sparkle AV: 0.000 ENERGY: 97.080 MaxHP: 4358.742 CurrHp 600.935 ShieldHP: 0.000
-   HuoHuo AV: 2.791 ENERGY: 66.817 MaxHP: 6139.808 CurrHp 4748.161 ShieldHP: 0.000
-   Archer AV: 32.982 ENERGY: 86.667 MaxHP: 3063.425 CurrHp 1923.050 ShieldHP: 0.000
-   RinTohsaka AV: 40.924 ENERGY: 86.667 MaxHP: 3051.570 CurrHp 689.850 ShieldHP: 0.000
-   Enemy 0 AV: 45.302 ENERGY: 0.000 MaxHP: 2000000.000 CurrHp 517709.615 ShieldHP: 0.000
-   Enemy 2 AV: 45.302 ENERGY: 0.000 MaxHP: 2000000.000 CurrHp 512975.692 ShieldHP: 0.000
-   Enemy 1 AV: 59.461 ENERGY: 0.000 MaxHP: 5000000.000 CurrHp 4237069.206 ShieldHP: 0.000

Combat context set: 3 enemies, 4 players
Combat context initialized: 3 enemies, Elation team size: 0
ACTION > [CHAR] TotalAV: 375.723 | TurnAV: 3.671 | Sparkle | E-move
    TURN   - SparkleSkill | Sparkle | SUP2 | NA attack | ['QUA'] | ['SKL'] | Scaling: ATK | TargetID: -1 | DMG/BREAK Splits: [0, 0]/[0, 0] | Energy Gained: 30 | SP Change: 0

        ----------Char Buffs----------
        BattleIsntOverERR | ERR% | Stacks: 1 | Value: 0.100 | Remaining Turns: 1 | TickDown: SUP2, PERM | Target: SUP2 | Affects: ['ALL']
        SacerdosSPD | SPD% | Stacks: 1 | Value: 0.060 | Remaining Turns: 1 | TickDown: SUP2, PERM | Target: SUP2 | Affects: ['ALL']
        KeelEFFRES | ERS% | Stacks: 1 | Value: 0.100 | Remaining Turns: 1 | TickDown: SUP2, PERM | Target: SUP2 | Affects: ['ALL']
        KeelCD(SUP2) | CD% | Stacks: 1 | Value: 0.100 | Remaining Turns: 1 | TickDown: SUP2, PERM | Target: SUP2 | Affects: ['ALL']
        SparkleTraceHP | HP% | Stacks: 1 | Value: 0.280 | Remaining Turns: 1 | TickDown: SUP2, PERM | Target: SUP2 | Affects: ['ALL']
        SparkleTraceCD | CD% | Stacks: 1 | Value: 0.240 | Remaining Turns: 1 | TickDown: SUP2, PERM | Target: SUP2 | Affects: ['ALL']
        SparkleTraceERS | ERS% | Stacks: 1 | Value: 0.100 | Remaining Turns: 1 | TickDown: SUP2, PERM | Target: SUP2 | Affects: ['ALL']
        SparkleTeamATK | ATK% | Stacks: 1 | Value: 0.450 | Remaining Turns: 1 | TickDown: SUP2, PERM | Target: SUP2 | Affects: ['ALL']
        KeelCD(SUS) | CD% | Stacks: 1 | Value: 0.100 | Remaining Turns: 1 | TickDown: SUP2, PERM | Target: SUP2 | Affects: ['ALL']
        SparkleVUL | VULN | Stacks: 3 | Value: 0.120 | Remaining Turns: 2 | TickDown: SUP2, END | Target: SUP2 | Affects: ['ALL']
        SparkleUltVUL | VULN | Stacks: 1 | Value: 0.180 | Remaining Turns: 2 | TickDown: SUP2, END | Target: SUP2 | Affects: ['ALL']
        RinTalentCD | CD% | Stacks: 1 | Value: 0.700 | Remaining Turns: 1 | TickDown: SUP2, END | Target: SUP2 | Affects: ['ALL']
        WarriorGoddessHealCD | CD% | Stacks: 1 | Value: 0.150 | Remaining Turns: 1 | TickDown: SUP2, START | Target: SUP2 | Affects: ['ALL']
        ----------End of Buff List----------
        ----------Enemy Debuffs----------
        ----------End of Debuff List----------
        ----------Healing List----------
        ----------End of Healing List----------
        ----------Shields List----------
        ----------End of Shields List----------
    GAUGE  - Enemy 0 toughness reduced by 0.000
    RESULT - SparkleSkill | Sparkle | SUP2 | DMG: 0.000 | ELADMG: 0.000 | Enemies Hit: [0] | Enemies Broken: [] | WB DMG: 0.000 | Energy: 38.832 | Amount HP Healed: 0.000 | Amount HP Lost: 0.000 | Sparkle Energy: 110/110 | SP: 9 | MaxSP: 11)
ADV    > Archer advanced by 50.000% from SparkleForward | NewAV: 0.000 | Priority: 20
ULT    > Sparkle used their ultimate
    TURN   - SparkleUlt | Sparkle | SUP2 | NA attack | ['QUA'] | ['ULT'] | Scaling: ATK | TargetID: -1 | DMG/BREAK Splits: [0, 0]/[0, 0] | Energy Gained: 5 | SP Change: 6

        ----------Char Buffs----------
        BattleIsntOverERR | ERR% | Stacks: 1 | Value: 0.100 | Remaining Turns: 1 | TickDown: SUP2, PERM | Target: SUP2 | Affects: ['ALL']
        SacerdosSPD | SPD% | Stacks: 1 | Value: 0.060 | Remaining Turns: 1 | TickDown: SUP2, PERM | Target: SUP2 | Affects: ['ALL']
        KeelEFFRES | ERS% | Stacks: 1 | Value: 0.100 | Remaining Turns: 1 | TickDown: SUP2, PERM | Target: SUP2 | Affects: ['ALL']
        KeelCD(SUP2) | CD% | Stacks: 1 | Value: 0.100 | Remaining Turns: 1 | TickDown: SUP2, PERM | Target: SUP2 | Affects: ['ALL']
        SparkleTraceHP | HP% | Stacks: 1 | Value: 0.280 | Remaining Turns: 1 | TickDown: SUP2, PERM | Target: SUP2 | Affects: ['ALL']
        SparkleTraceCD | CD% | Stacks: 1 | Value: 0.240 | Remaining Turns: 1 | TickDown: SUP2, PERM | Target: SUP2 | Affects: ['ALL']
        SparkleTraceERS | ERS% | Stacks: 1 | Value: 0.100 | Remaining Turns: 1 | TickDown: SUP2, PERM | Target: SUP2 | Affects: ['ALL']
        SparkleTeamATK | ATK% | Stacks: 1 | Value: 0.450 | Remaining Turns: 1 | TickDown: SUP2, PERM | Target: SUP2 | Affects: ['ALL']
        KeelCD(SUS) | CD% | Stacks: 1 | Value: 0.100 | Remaining Turns: 1 | TickDown: SUP2, PERM | Target: SUP2 | Affects: ['ALL']
        SparkleVUL | VULN | Stacks: 3 | Value: 0.120 | Remaining Turns: 2 | TickDown: SUP2, END | Target: SUP2 | Affects: ['ALL']
        SparkleUltVUL | VULN | Stacks: 1 | Value: 0.180 | Remaining Turns: 3 | TickDown: SUP2, END | Target: SUP2 | Affects: ['ALL']
        RinTalentCD | CD% | Stacks: 1 | Value: 0.700 | Remaining Turns: 1 | TickDown: SUP2, END | Target: SUP2 | Affects: ['ALL']
        WarriorGoddessHealCD | CD% | Stacks: 1 | Value: 0.150 | Remaining Turns: 1 | TickDown: SUP2, START | Target: SUP2 | Affects: ['ALL']
        ----------End of Buff List----------
        ----------Enemy Debuffs----------
        ----------End of Debuff List----------
        ----------Healing List----------
        ----------End of Healing List----------
        ----------Shields List----------
        ----------End of Shields List----------
    GAUGE  - Enemy 0 toughness reduced by 0.000
    RESULT - SparkleUlt | Sparkle | SUP2 | DMG: 0.000 | ELADMG: 0.000 | Enemies Hit: [0] | Enemies Broken: [] | WB DMG: 0.000 | Energy: 6.472 | Amount HP Healed: 0.000 | Amount HP Lost: 0.000 | Sparkle Energy: 6/110 | SP: 11 | MaxSP: 11)
Rin has obtained 6 Gem Energy from SP and now has 71 Gem Energy
AV     > Sparkle AV reset to 62.621 | 159.692 SPD

<<< NEW TURN >>>
-   Archer AV: 0.000 ENERGY: 86.667 MaxHP: 3063.425 CurrHp 1923.050 ShieldHP: 0.000
-   HuoHuo AV: 2.791 ENERGY: 66.817 MaxHP: 6139.808 CurrHp 4748.161 ShieldHP: 0.000
-   RinTohsaka AV: 40.924 ENERGY: 86.667 MaxHP: 3051.570 CurrHp 689.850 ShieldHP: 0.000
-   Enemy 0 AV: 45.302 ENERGY: 0.000 MaxHP: 2000000.000 CurrHp 517709.615 ShieldHP: 0.000
-   Enemy 2 AV: 45.302 ENERGY: 0.000 MaxHP: 2000000.000 CurrHp 512975.692 ShieldHP: 0.000
-   Enemy 1 AV: 59.461 ENERGY: 0.000 MaxHP: 5000000.000 CurrHp 4237069.206 ShieldHP: 0.000
-   Sparkle AV: 62.621 ENERGY: 6.472 MaxHP: 4358.742 CurrHp 600.935 ShieldHP: 0.000

Combat context set: 3 enemies, 4 players
Combat context initialized: 3 enemies, Elation team size: 0
ACTION > [CHAR] TotalAV: 375.723 | TurnAV: 0.000 | Archer | E-move
        Buff SkillDmg expired
CIRCUIT > Archer entered Circuit Connection (use 1/5)
    TURN   - ArcherSkill | Archer | DPS | ST attack | ['QUA'] | ['SKL'] | Scaling: ATK | TargetID: 1 | DMG/BREAK Splits: [3.6, 0]/[20, 0] | Energy Gained: 30 | SP Change: -2

        ----------Char Buffs----------
        IdealsBurnCR | CR% | Stacks: 1 | Value: 0.160 | Remaining Turns: 1 | TickDown: DPS, PERM | Target: DPS | Affects: ['ALL']
        IdealsBurnATK | ATK% | Stacks: 1 | Value: 0.400 | Remaining Turns: 1 | TickDown: DPS, PERM | Target: DPS | Affects: ['ALL']
        GeniusDMG | DMG% | Stacks: 1 | Value: 0.100 | Remaining Turns: 1 | TickDown: DPS, PERM | Target: DPS | Affects: ['ALL']
        GeniusSHRED | SHRED | Stacks: 1 | Value: 0.200 | Remaining Turns: 1 | TickDown: DPS, PERM | Target: DPS | Affects: ['ALL']
        TengokuCD | CD% | Stacks: 1 | Value: 0.160 | Remaining Turns: 1 | TickDown: DPS, PERM | Target: DPS | Affects: ['ALL']
        ArcherTraceCR | CD% | Stacks: 1 | Value: 0.067 | Remaining Turns: 1 | TickDown: DPS, PERM | Target: DPS | Affects: ['ALL']
        ArcherTraceATK | ATK% | Stacks: 1 | Value: 0.180 | Remaining Turns: 1 | TickDown: DPS, PERM | Target: DPS | Affects: ['ALL']
        ArcherTraceDMG | DMG% | Stacks: 1 | Value: 0.224 | Remaining Turns: 1 | TickDown: DPS, PERM | Target: DPS | Affects: ['ALL']
        KeelCD(SUP2) | CD% | Stacks: 1 | Value: 0.100 | Remaining Turns: 1 | TickDown: DPS, PERM | Target: DPS | Affects: ['ALL']
        SparkleTeamATK | ATK% | Stacks: 1 | Value: 0.450 | Remaining Turns: 1 | TickDown: DPS, PERM | Target: DPS | Affects: ['ALL']
        KeelCD(SUS) | CD% | Stacks: 1 | Value: 0.100 | Remaining Turns: 1 | TickDown: DPS, PERM | Target: DPS | Affects: ['ALL']
        RinTohsakaAllyTrace1ATK | ATK% | Stacks: 1 | Value: 1.500 | Remaining Turns: 1 | TickDown: DPS, PERM | Target: DPS | Affects: ['ALL']
        RinTohsakaAllyTrace1PEN | QUAPEN | Stacks: 1 | Value: 0.150 | Remaining Turns: 1 | TickDown: DPS, PERM | Target: DPS | Affects: ['ALL']
        SparkleVUL | VULN | Stacks: 3 | Value: 0.120 | Remaining Turns: 1 | TickDown: DPS, END | Target: DPS | Affects: ['ALL']
        RinTalentCD | CD% | Stacks: 1 | Value: 0.700 | Remaining Turns: 2 | TickDown: DPS, END | Target: DPS | Affects: ['ALL']
        SacerdosCDSUP2 | CD% | Stacks: 2 | Value: 0.360 | Remaining Turns: 2 | TickDown: DPS, END | Target: DPS | Affects: ['ALL']
        SparkleCD | CD% | Stacks: 1 | Value: 1.175 | Remaining Turns: 2 | TickDown: DPS, END | Target: DPS | Affects: ['ALL']
        SparklePEN | PEN | Stacks: 1 | Value: 0.100 | Remaining Turns: 2 | TickDown: DPS, END | Target: DPS | Affects: ['ALL']
        SparkleUltVUL | VULN | Stacks: 1 | Value: 0.180 | Remaining Turns: 3 | TickDown: DPS, END | Target: DPS | Affects: ['ALL']
        IdealsBurnSKLATK | ATK% | Stacks: 1 | Value: 0.400 | Remaining Turns: 1 | TickDown: DPS, PERM | Target: DPS | Affects: ['ALL']
        TengokuSPArcherCD | CD% | Stacks: 1 | Value: 0.320 | Remaining Turns: 2 | TickDown: DPS, END | Target: DPS | Affects: ['ALL']
        WarriorGoddessHealCD | CD% | Stacks: 1 | Value: 0.150 | Remaining Turns: 1 | TickDown: DPS, START | Target: DPS | Affects: ['ALL']
        HuoHuoUltATK | ATK% | Stacks: 1 | Value: 0.400 | Remaining Turns: 1 | TickDown: DPS, END | Target: DPS | Affects: ['ALL']
        HuoHuoUltExtraATK | ATK% | Stacks: 1 | Value: 0.240 | Remaining Turns: 1 | TickDown: DPS, END | Target: DPS | Affects: ['ALL']
        Trace3CD | CD% | Stacks: 1 | Value: 1.200 | Remaining Turns: 1 | TickDown: DPS, END | Target: DPS | Affects: ['ALL']
        BattleIsntOverDMGRole.SUP2 | DMG% | Stacks: 1 | Value: 0.300 | Remaining Turns: 1 | TickDown: DPS, END | Target: DPS | Affects: ['ALL']
        ----------End of Buff List----------
        ----------Enemy Debuffs----------
        RinTohsakaUltVuln | From: SUP1 | VULN | Stacks: 1 | Value: 0.200 | Remaining Turns: 1 | Target: 1 | Targeting: AOE | Affects: ['ALL'] | DOT: False | Blast: False
        ----------End of Debuff List----------
        ----------Healing List----------
        ----------End of Healing List----------
        ----------Shields List----------
        ----------End of Shields List----------
    GAUGE  - Enemy 1 toughness reduced by 20.000
    RESULT - ArcherSkill | Archer | DPS | DMG: 267599.160 | ELADMG: 0.000 | Enemies Hit: [1] | Enemies Broken: [] | WB DMG: 0.000 | Energy: 30.000 | Amount HP Healed: 0.000 | Amount HP Lost: 0.000 | Archer Energy: 117/220 | SP: 9 | MaxSP: 11)
Rin has obtained 2 Gem Energy from SP and now has 73 Gem Energy
ERR    > 1.294 energy added to Sparkle from SparkleTalentERR | Sparkle Energy: 7.766
ACTION > [CIRCUIT] TotalAV: 375.723 | Archer | circuit skill use 2
CIRCUIT > Archer Circuit skill use 2/5
    TURN   - ArcherSkill | Archer | DPS | ST attack | ['QUA'] | ['SKL'] | Scaling: ATK | TargetID: 1 | DMG/BREAK Splits: [3.6, 0]/[20, 0] | Energy Gained: 30 | SP Change: -2

        ----------Char Buffs----------
        IdealsBurnCR | CR% | Stacks: 1 | Value: 0.160 | Remaining Turns: 1 | TickDown: DPS, PERM | Target: DPS | Affects: ['ALL']
        IdealsBurnATK | ATK% | Stacks: 1 | Value: 0.400 | Remaining Turns: 1 | TickDown: DPS, PERM | Target: DPS | Affects: ['ALL']
        GeniusDMG | DMG% | Stacks: 1 | Value: 0.100 | Remaining Turns: 1 | TickDown: DPS, PERM | Target: DPS | Affects: ['ALL']
        GeniusSHRED | SHRED | Stacks: 1 | Value: 0.200 | Remaining Turns: 1 | TickDown: DPS, PERM | Target: DPS | Affects: ['ALL']
        TengokuCD | CD% | Stacks: 1 | Value: 0.160 | Remaining Turns: 1 | TickDown: DPS, PERM | Target: DPS | Affects: ['ALL']
        ArcherTraceCR | CD% | Stacks: 1 | Value: 0.067 | Remaining Turns: 1 | TickDown: DPS, PERM | Target: DPS | Affects: ['ALL']
        ArcherTraceATK | ATK% | Stacks: 1 | Value: 0.180 | Remaining Turns: 1 | TickDown: DPS, PERM | Target: DPS | Affects: ['ALL']
        ArcherTraceDMG | DMG% | Stacks: 1 | Value: 0.224 | Remaining Turns: 1 | TickDown: DPS, PERM | Target: DPS | Affects: ['ALL']
        KeelCD(SUP2) | CD% | Stacks: 1 | Value: 0.100 | Remaining Turns: 1 | TickDown: DPS, PERM | Target: DPS | Affects: ['ALL']
        SparkleTeamATK | ATK% | Stacks: 1 | Value: 0.450 | Remaining Turns: 1 | TickDown: DPS, PERM | Target: DPS | Affects: ['ALL']
        KeelCD(SUS) | CD% | Stacks: 1 | Value: 0.100 | Remaining Turns: 1 | TickDown: DPS, PERM | Target: DPS | Affects: ['ALL']
        RinTohsakaAllyTrace1ATK | ATK% | Stacks: 1 | Value: 1.500 | Remaining Turns: 1 | TickDown: DPS, PERM | Target: DPS | Affects: ['ALL']
        RinTohsakaAllyTrace1PEN | QUAPEN | Stacks: 1 | Value: 0.150 | Remaining Turns: 1 | TickDown: DPS, PERM | Target: DPS | Affects: ['ALL']
        SparkleVUL | VULN | Stacks: 3 | Value: 0.120 | Remaining Turns: 2 | TickDown: DPS, END | Target: DPS | Affects: ['ALL']
        RinTalentCD | CD% | Stacks: 1 | Value: 0.700 | Remaining Turns: 2 | TickDown: DPS, END | Target: DPS | Affects: ['ALL']
        SacerdosCDSUP2 | CD% | Stacks: 2 | Value: 0.360 | Remaining Turns: 2 | TickDown: DPS, END | Target: DPS | Affects: ['ALL']
        SparkleCD | CD% | Stacks: 1 | Value: 1.175 | Remaining Turns: 2 | TickDown: DPS, END | Target: DPS | Affects: ['ALL']
        SparklePEN | PEN | Stacks: 1 | Value: 0.100 | Remaining Turns: 2 | TickDown: DPS, END | Target: DPS | Affects: ['ALL']
        SparkleUltVUL | VULN | Stacks: 1 | Value: 0.180 | Remaining Turns: 3 | TickDown: DPS, END | Target: DPS | Affects: ['ALL']
        IdealsBurnSKLATK | ATK% | Stacks: 1 | Value: 0.400 | Remaining Turns: 1 | TickDown: DPS, PERM | Target: DPS | Affects: ['ALL']
        TengokuSPArcherCD | CD% | Stacks: 1 | Value: 0.320 | Remaining Turns: 3 | TickDown: DPS, END | Target: DPS | Affects: ['ALL']
        WarriorGoddessHealCD | CD% | Stacks: 1 | Value: 0.150 | Remaining Turns: 1 | TickDown: DPS, START | Target: DPS | Affects: ['ALL']
        HuoHuoUltATK | ATK% | Stacks: 1 | Value: 0.400 | Remaining Turns: 1 | TickDown: DPS, END | Target: DPS | Affects: ['ALL']
        HuoHuoUltExtraATK | ATK% | Stacks: 1 | Value: 0.240 | Remaining Turns: 1 | TickDown: DPS, END | Target: DPS | Affects: ['ALL']
        Trace3CD | CD% | Stacks: 1 | Value: 1.200 | Remaining Turns: 1 | TickDown: DPS, END | Target: DPS | Affects: ['ALL']
        BattleIsntOverDMGRole.SUP2 | DMG% | Stacks: 1 | Value: 0.300 | Remaining Turns: 1 | TickDown: DPS, END | Target: DPS | Affects: ['ALL']
        SkillDmg | DMG% | Stacks: 1 | Value: 1.000 | Remaining Turns: 1 | TickDown: DPS, START | Target: DPS | Affects: ['SKL']
        ----------End of Buff List----------
        ----------Enemy Debuffs----------
        RinTohsakaUltVuln | From: SUP1 | VULN | Stacks: 1 | Value: 0.200 | Remaining Turns: 1 | Target: 1 | Targeting: AOE | Affects: ['ALL'] | DOT: False | Blast: False
        ----------End of Debuff List----------
        ----------Healing List----------
        ----------End of Healing List----------
        ----------Shields List----------
        ----------End of Shields List----------
    GAUGE  - Enemy 1 toughness reduced by 20.000
    RESULT - ArcherSkill | Archer | DPS | DMG: 400547.669 | ELADMG: 0.000 | Enemies Hit: [1] | Enemies Broken: [] | WB DMG: 0.000 | Energy: 30.000 | Amount HP Healed: 0.000 | Amount HP Lost: 0.000 | Archer Energy: 147/220 | SP: 7 | MaxSP: 11)
Rin has obtained 2 Gem Energy from SP and now has 75 Gem Energy
ERR    > 1.294 energy added to Sparkle from SparkleTalentERR | Sparkle Energy: 9.061
ACTION > [CIRCUIT] TotalAV: 375.723 | Archer | circuit skill use 3
CIRCUIT > Archer Circuit skill use 3/5
    TURN   - ArcherSkill | Archer | DPS | ST attack | ['QUA'] | ['SKL'] | Scaling: ATK | TargetID: 1 | DMG/BREAK Splits: [3.6, 0]/[20, 0] | Energy Gained: 30 | SP Change: -2

        ----------Char Buffs----------
        IdealsBurnCR | CR% | Stacks: 1 | Value: 0.160 | Remaining Turns: 1 | TickDown: DPS, PERM | Target: DPS | Affects: ['ALL']
        IdealsBurnATK | ATK% | Stacks: 1 | Value: 0.400 | Remaining Turns: 1 | TickDown: DPS, PERM | Target: DPS | Affects: ['ALL']
        GeniusDMG | DMG% | Stacks: 1 | Value: 0.100 | Remaining Turns: 1 | TickDown: DPS, PERM | Target: DPS | Affects: ['ALL']
        GeniusSHRED | SHRED | Stacks: 1 | Value: 0.200 | Remaining Turns: 1 | TickDown: DPS, PERM | Target: DPS | Affects: ['ALL']
        TengokuCD | CD% | Stacks: 1 | Value: 0.160 | Remaining Turns: 1 | TickDown: DPS, PERM | Target: DPS | Affects: ['ALL']
        ArcherTraceCR | CD% | Stacks: 1 | Value: 0.067 | Remaining Turns: 1 | TickDown: DPS, PERM | Target: DPS | Affects: ['ALL']
        ArcherTraceATK | ATK% | Stacks: 1 | Value: 0.180 | Remaining Turns: 1 | TickDown: DPS, PERM | Target: DPS | Affects: ['ALL']
        ArcherTraceDMG | DMG% | Stacks: 1 | Value: 0.224 | Remaining Turns: 1 | TickDown: DPS, PERM | Target: DPS | Affects: ['ALL']
        KeelCD(SUP2) | CD% | Stacks: 1 | Value: 0.100 | Remaining Turns: 1 | TickDown: DPS, PERM | Target: DPS | Affects: ['ALL']
        SparkleTeamATK | ATK% | Stacks: 1 | Value: 0.450 | Remaining Turns: 1 | TickDown: DPS, PERM | Target: DPS | Affects: ['ALL']
        KeelCD(SUS) | CD% | Stacks: 1 | Value: 0.100 | Remaining Turns: 1 | TickDown: DPS, PERM | Target: DPS | Affects: ['ALL']
        RinTohsakaAllyTrace1ATK | ATK% | Stacks: 1 | Value: 1.500 | Remaining Turns: 1 | TickDown: DPS, PERM | Target: DPS | Affects: ['ALL']
        RinTohsakaAllyTrace1PEN | QUAPEN | Stacks: 1 | Value: 0.150 | Remaining Turns: 1 | TickDown: DPS, PERM | Target: DPS | Affects: ['ALL']
        SparkleVUL | VULN | Stacks: 3 | Value: 0.120 | Remaining Turns: 2 | TickDown: DPS, END | Target: DPS | Affects: ['ALL']
        RinTalentCD | CD% | Stacks: 1 | Value: 0.700 | Remaining Turns: 2 | TickDown: DPS, END | Target: DPS | Affects: ['ALL']
        SacerdosCDSUP2 | CD% | Stacks: 2 | Value: 0.360 | Remaining Turns: 2 | TickDown: DPS, END | Target: DPS | Affects: ['ALL']
        SparkleCD | CD% | Stacks: 1 | Value: 1.175 | Remaining Turns: 2 | TickDown: DPS, END | Target: DPS | Affects: ['ALL']
        SparklePEN | PEN | Stacks: 1 | Value: 0.100 | Remaining Turns: 2 | TickDown: DPS, END | Target: DPS | Affects: ['ALL']
        SparkleUltVUL | VULN | Stacks: 1 | Value: 0.180 | Remaining Turns: 3 | TickDown: DPS, END | Target: DPS | Affects: ['ALL']
        IdealsBurnSKLATK | ATK% | Stacks: 1 | Value: 0.400 | Remaining Turns: 1 | TickDown: DPS, PERM | Target: DPS | Affects: ['ALL']
        TengokuSPArcherCD | CD% | Stacks: 1 | Value: 0.320 | Remaining Turns: 3 | TickDown: DPS, END | Target: DPS | Affects: ['ALL']
        WarriorGoddessHealCD | CD% | Stacks: 1 | Value: 0.150 | Remaining Turns: 1 | TickDown: DPS, START | Target: DPS | Affects: ['ALL']
        HuoHuoUltATK | ATK% | Stacks: 1 | Value: 0.400 | Remaining Turns: 1 | TickDown: DPS, END | Target: DPS | Affects: ['ALL']
        HuoHuoUltExtraATK | ATK% | Stacks: 1 | Value: 0.240 | Remaining Turns: 1 | TickDown: DPS, END | Target: DPS | Affects: ['ALL']
        Trace3CD | CD% | Stacks: 1 | Value: 1.200 | Remaining Turns: 1 | TickDown: DPS, END | Target: DPS | Affects: ['ALL']
        BattleIsntOverDMGRole.SUP2 | DMG% | Stacks: 1 | Value: 0.300 | Remaining Turns: 1 | TickDown: DPS, END | Target: DPS | Affects: ['ALL']
        SkillDmg | DMG% | Stacks: 2 | Value: 2.000 | Remaining Turns: 1 | TickDown: DPS, START | Target: DPS | Affects: ['SKL']
        ----------End of Buff List----------
        ----------Enemy Debuffs----------
        RinTohsakaUltVuln | From: SUP1 | VULN | Stacks: 1 | Value: 0.200 | Remaining Turns: 1 | Target: 1 | Targeting: AOE | Affects: ['ALL'] | DOT: False | Blast: False
        ----------End of Debuff List----------
        ----------Healing List----------
        ----------End of Healing List----------
        ----------Shields List----------
        ----------End of Shields List----------
    GAUGE  - Enemy 1 toughness reduced by 20.000
    RESULT - ArcherSkill | Archer | DPS | DMG: 533496.179 | ELADMG: 0.000 | Enemies Hit: [1] | Enemies Broken: [] | WB DMG: 0.000 | Energy: 30.000 | Amount HP Healed: 0.000 | Amount HP Lost: 0.000 | Archer Energy: 177/220 | SP: 5 | MaxSP: 11)
Rin has obtained 2 Gem Energy from SP and now has 77 Gem Energy
ERR    > 1.294 energy added to Sparkle from SparkleTalentERR | Sparkle Energy: 10.355
ACTION > [CIRCUIT] TotalAV: 375.723 | Archer | circuit skill use 4
CIRCUIT > Archer Circuit skill use 4/5
    TURN   - ArcherSkill | Archer | DPS | ST attack | ['QUA'] | ['SKL'] | Scaling: ATK | TargetID: 1 | DMG/BREAK Splits: [3.6, 0]/[20, 0] | Energy Gained: 30 | SP Change: -2

        ----------Char Buffs----------
        IdealsBurnCR | CR% | Stacks: 1 | Value: 0.160 | Remaining Turns: 1 | TickDown: DPS, PERM | Target: DPS | Affects: ['ALL']
        IdealsBurnATK | ATK% | Stacks: 1 | Value: 0.400 | Remaining Turns: 1 | TickDown: DPS, PERM | Target: DPS | Affects: ['ALL']
        GeniusDMG | DMG% | Stacks: 1 | Value: 0.100 | Remaining Turns: 1 | TickDown: DPS, PERM | Target: DPS | Affects: ['ALL']
        GeniusSHRED | SHRED | Stacks: 1 | Value: 0.200 | Remaining Turns: 1 | TickDown: DPS, PERM | Target: DPS | Affects: ['ALL']
        TengokuCD | CD% | Stacks: 1 | Value: 0.160 | Remaining Turns: 1 | TickDown: DPS, PERM | Target: DPS | Affects: ['ALL']
        ArcherTraceCR | CD% | Stacks: 1 | Value: 0.067 | Remaining Turns: 1 | TickDown: DPS, PERM | Target: DPS | Affects: ['ALL']
        ArcherTraceATK | ATK% | Stacks: 1 | Value: 0.180 | Remaining Turns: 1 | TickDown: DPS, PERM | Target: DPS | Affects: ['ALL']
        ArcherTraceDMG | DMG% | Stacks: 1 | Value: 0.224 | Remaining Turns: 1 | TickDown: DPS, PERM | Target: DPS | Affects: ['ALL']
        KeelCD(SUP2) | CD% | Stacks: 1 | Value: 0.100 | Remaining Turns: 1 | TickDown: DPS, PERM | Target: DPS | Affects: ['ALL']
        SparkleTeamATK | ATK% | Stacks: 1 | Value: 0.450 | Remaining Turns: 1 | TickDown: DPS, PERM | Target: DPS | Affects: ['ALL']
        KeelCD(SUS) | CD% | Stacks: 1 | Value: 0.100 | Remaining Turns: 1 | TickDown: DPS, PERM | Target: DPS | Affects: ['ALL']
        RinTohsakaAllyTrace1ATK | ATK% | Stacks: 1 | Value: 1.500 | Remaining Turns: 1 | TickDown: DPS, PERM | Target: DPS | Affects: ['ALL']
        RinTohsakaAllyTrace1PEN | QUAPEN | Stacks: 1 | Value: 0.150 | Remaining Turns: 1 | TickDown: DPS, PERM | Target: DPS | Affects: ['ALL']
        SparkleVUL | VULN | Stacks: 3 | Value: 0.120 | Remaining Turns: 2 | TickDown: DPS, END | Target: DPS | Affects: ['ALL']
        RinTalentCD | CD% | Stacks: 1 | Value: 0.700 | Remaining Turns: 2 | TickDown: DPS, END | Target: DPS | Affects: ['ALL']
        SacerdosCDSUP2 | CD% | Stacks: 2 | Value: 0.360 | Remaining Turns: 2 | TickDown: DPS, END | Target: DPS | Affects: ['ALL']
        SparkleCD | CD% | Stacks: 1 | Value: 1.175 | Remaining Turns: 2 | TickDown: DPS, END | Target: DPS | Affects: ['ALL']
        SparklePEN | PEN | Stacks: 1 | Value: 0.100 | Remaining Turns: 2 | TickDown: DPS, END | Target: DPS | Affects: ['ALL']
        SparkleUltVUL | VULN | Stacks: 1 | Value: 0.180 | Remaining Turns: 3 | TickDown: DPS, END | Target: DPS | Affects: ['ALL']
        IdealsBurnSKLATK | ATK% | Stacks: 1 | Value: 0.400 | Remaining Turns: 1 | TickDown: DPS, PERM | Target: DPS | Affects: ['ALL']
        TengokuSPArcherCD | CD% | Stacks: 1 | Value: 0.320 | Remaining Turns: 3 | TickDown: DPS, END | Target: DPS | Affects: ['ALL']
        WarriorGoddessHealCD | CD% | Stacks: 1 | Value: 0.150 | Remaining Turns: 1 | TickDown: DPS, START | Target: DPS | Affects: ['ALL']
        HuoHuoUltATK | ATK% | Stacks: 1 | Value: 0.400 | Remaining Turns: 1 | TickDown: DPS, END | Target: DPS | Affects: ['ALL']
        HuoHuoUltExtraATK | ATK% | Stacks: 1 | Value: 0.240 | Remaining Turns: 1 | TickDown: DPS, END | Target: DPS | Affects: ['ALL']
        Trace3CD | CD% | Stacks: 1 | Value: 1.200 | Remaining Turns: 1 | TickDown: DPS, END | Target: DPS | Affects: ['ALL']
        BattleIsntOverDMGRole.SUP2 | DMG% | Stacks: 1 | Value: 0.300 | Remaining Turns: 1 | TickDown: DPS, END | Target: DPS | Affects: ['ALL']
        SkillDmg | DMG% | Stacks: 2 | Value: 2.000 | Remaining Turns: 1 | TickDown: DPS, START | Target: DPS | Affects: ['SKL']
        ----------End of Buff List----------
        ----------Enemy Debuffs----------
        RinTohsakaUltVuln | From: SUP1 | VULN | Stacks: 1 | Value: 0.200 | Remaining Turns: 1 | Target: 1 | Targeting: AOE | Affects: ['ALL'] | DOT: False | Blast: False
        ----------End of Debuff List----------
        ----------Healing List----------
        ----------End of Healing List----------
        ----------Shields List----------
        ----------End of Shields List----------
    GAUGE  - Enemy 1 toughness reduced by 20.000
    RESULT - ArcherSkill | Archer | DPS | DMG: 533496.179 | ELADMG: 0.000 | Enemies Hit: [1] | Enemies Broken: [] | WB DMG: 0.000 | Energy: 30.000 | Amount HP Healed: 0.000 | Amount HP Lost: 0.000 | Archer Energy: 207/220 | SP: 3 | MaxSP: 11)
Rin has obtained 2 Gem Energy from SP and now has 79 Gem Energy
    TURN   - ArcherJointAttack | Archer | DPS | AOE attack | ['QUA'] | ['FUA'] | Scaling: ATK | TargetID: 1 | DMG/BREAK Splits: [3.0, 0]/[0, 0] | Energy Gained: 0 | SP Change: 0

        ----------Char Buffs----------
        IdealsBurnCR | CR% | Stacks: 1 | Value: 0.160 | Remaining Turns: 1 | TickDown: DPS, PERM | Target: DPS | Affects: ['ALL']
        IdealsBurnATK | ATK% | Stacks: 1 | Value: 0.400 | Remaining Turns: 1 | TickDown: DPS, PERM | Target: DPS | Affects: ['ALL']
        GeniusDMG | DMG% | Stacks: 1 | Value: 0.100 | Remaining Turns: 1 | TickDown: DPS, PERM | Target: DPS | Affects: ['ALL']
        GeniusSHRED | SHRED | Stacks: 1 | Value: 0.200 | Remaining Turns: 1 | TickDown: DPS, PERM | Target: DPS | Affects: ['ALL']
        TengokuCD | CD% | Stacks: 1 | Value: 0.160 | Remaining Turns: 1 | TickDown: DPS, PERM | Target: DPS | Affects: ['ALL']
        ArcherTraceCR | CD% | Stacks: 1 | Value: 0.067 | Remaining Turns: 1 | TickDown: DPS, PERM | Target: DPS | Affects: ['ALL']
        ArcherTraceATK | ATK% | Stacks: 1 | Value: 0.180 | Remaining Turns: 1 | TickDown: DPS, PERM | Target: DPS | Affects: ['ALL']
        ArcherTraceDMG | DMG% | Stacks: 1 | Value: 0.224 | Remaining Turns: 1 | TickDown: DPS, PERM | Target: DPS | Affects: ['ALL']
        KeelCD(SUP2) | CD% | Stacks: 1 | Value: 0.100 | Remaining Turns: 1 | TickDown: DPS, PERM | Target: DPS | Affects: ['ALL']
        SparkleTeamATK | ATK% | Stacks: 1 | Value: 0.450 | Remaining Turns: 1 | TickDown: DPS, PERM | Target: DPS | Affects: ['ALL']
        KeelCD(SUS) | CD% | Stacks: 1 | Value: 0.100 | Remaining Turns: 1 | TickDown: DPS, PERM | Target: DPS | Affects: ['ALL']
        RinTohsakaAllyTrace1ATK | ATK% | Stacks: 1 | Value: 1.500 | Remaining Turns: 1 | TickDown: DPS, PERM | Target: DPS | Affects: ['ALL']
        RinTohsakaAllyTrace1PEN | QUAPEN | Stacks: 1 | Value: 0.150 | Remaining Turns: 1 | TickDown: DPS, PERM | Target: DPS | Affects: ['ALL']
        SparkleVUL | VULN | Stacks: 3 | Value: 0.120 | Remaining Turns: 2 | TickDown: DPS, END | Target: DPS | Affects: ['ALL']
        RinTalentCD | CD% | Stacks: 1 | Value: 0.700 | Remaining Turns: 2 | TickDown: DPS, END | Target: DPS | Affects: ['ALL']
        SacerdosCDSUP2 | CD% | Stacks: 2 | Value: 0.360 | Remaining Turns: 2 | TickDown: DPS, END | Target: DPS | Affects: ['ALL']
        SparkleCD | CD% | Stacks: 1 | Value: 1.175 | Remaining Turns: 2 | TickDown: DPS, END | Target: DPS | Affects: ['ALL']
        SparklePEN | PEN | Stacks: 1 | Value: 0.100 | Remaining Turns: 2 | TickDown: DPS, END | Target: DPS | Affects: ['ALL']
        SparkleUltVUL | VULN | Stacks: 1 | Value: 0.180 | Remaining Turns: 3 | TickDown: DPS, END | Target: DPS | Affects: ['ALL']
        IdealsBurnSKLATK | ATK% | Stacks: 1 | Value: 0.400 | Remaining Turns: 1 | TickDown: DPS, PERM | Target: DPS | Affects: ['ALL']
        TengokuSPArcherCD | CD% | Stacks: 1 | Value: 0.320 | Remaining Turns: 3 | TickDown: DPS, END | Target: DPS | Affects: ['ALL']
        WarriorGoddessHealCD | CD% | Stacks: 1 | Value: 0.150 | Remaining Turns: 1 | TickDown: DPS, START | Target: DPS | Affects: ['ALL']
        HuoHuoUltATK | ATK% | Stacks: 1 | Value: 0.400 | Remaining Turns: 1 | TickDown: DPS, END | Target: DPS | Affects: ['ALL']
        HuoHuoUltExtraATK | ATK% | Stacks: 1 | Value: 0.240 | Remaining Turns: 1 | TickDown: DPS, END | Target: DPS | Affects: ['ALL']
        Trace3CD | CD% | Stacks: 1 | Value: 1.200 | Remaining Turns: 1 | TickDown: DPS, END | Target: DPS | Affects: ['ALL']
        BattleIsntOverDMGRole.SUP2 | DMG% | Stacks: 1 | Value: 0.300 | Remaining Turns: 1 | TickDown: DPS, END | Target: DPS | Affects: ['ALL']
        ----------End of Buff List----------
        ----------Enemy Debuffs----------
        RinTohsakaUltVuln | From: SUP1 | VULN | Stacks: 1 | Value: 0.200 | Remaining Turns: 1 | Target: 1 | Targeting: AOE | Affects: ['ALL'] | DOT: False | Blast: False
        ----------End of Debuff List----------
        ----------Healing List----------
        ----------End of Healing List----------
        ----------Shields List----------
        ----------End of Shields List----------
    GAUGE  - Enemy 0 toughness reduced by 0.000
    GAUGE  - Enemy 1 toughness reduced by 0.000
    GAUGE  - Enemy 2 toughness reduced by 0.000
    RESULT - ArcherJointAttack | Archer | DPS | DMG: 668997.899 | ELADMG: 0.000 | Enemies Hit: [0, 1, 2] | Enemies Broken: [] | WB DMG: 0.000 | Energy: 0.000 | Amount HP Healed: 0.000 | Amount HP Lost: 0.000 | Archer Energy: 207/220 | SP: 3 | MaxSP: 11)
    TURN   - RinTohsakaJointAttack | RinTohsaka | SUP1 | AOE attack | ['QUA'] | ['FUA'] | Scaling: ATK | TargetID: 1 | DMG/BREAK Splits: [3.0, 0]/[20, 0] | Energy Gained: 10 | SP Change: 4

        ----------Char Buffs----------
        CalculusATK | ATK% | Stacks: 1 | Value: 0.120 | Remaining Turns: 1 | TickDown: SUP1, PERM | Target: SUP1 | Affects: ['ALL']
        GeniusDMG | DMG% | Stacks: 1 | Value: 0.100 | Remaining Turns: 1 | TickDown: SUP1, PERM | Target: SUP1 | Affects: ['ALL']
        GeniusSHRED | SHRED | Stacks: 1 | Value: 0.200 | Remaining Turns: 1 | TickDown: SUP1, PERM | Target: SUP1 | Affects: ['ALL']
        RutilantCR | CR% | Stacks: 1 | Value: 0.080 | Remaining Turns: 1 | TickDown: SUP1, PERM | Target: SUP1 | Affects: ['ALL']
        RinTohsakaTraceCD | CD% | Stacks: 1 | Value: 0.373 | Remaining Turns: 1 | TickDown: SUP1, PERM | Target: SUP1 | Affects: ['ALL']
        RinTohsakaTraceATK | ATK% | Stacks: 1 | Value: 0.180 | Remaining Turns: 1 | TickDown: SUP1, PERM | Target: SUP1 | Affects: ['ALL']
        RinTohsakaTraceDMG | DMG% | Stacks: 1 | Value: 0.080 | Remaining Turns: 1 | TickDown: SUP1, PERM | Target: SUP1 | Affects: ['ALL']
        RinTohsakaTrace1ATK | ATK% | Stacks: 1 | Value: 1.500 | Remaining Turns: 1 | TickDown: SUP1, PERM | Target: SUP1 | Affects: ['ALL']
        RinTohsakaTrace1PEN | QUAPEN | Stacks: 1 | Value: 0.150 | Remaining Turns: 1 | TickDown: SUP1, PERM | Target: SUP1 | Affects: ['ALL']
        KeelCD(SUP2) | CD% | Stacks: 1 | Value: 0.100 | Remaining Turns: 1 | TickDown: SUP1, PERM | Target: SUP1 | Affects: ['ALL']
        SparkleTeamATK | ATK% | Stacks: 1 | Value: 0.450 | Remaining Turns: 1 | TickDown: SUP1, PERM | Target: SUP1 | Affects: ['ALL']
        KeelCD(SUS) | CD% | Stacks: 1 | Value: 0.100 | Remaining Turns: 1 | TickDown: SUP1, PERM | Target: SUP1 | Affects: ['ALL']
        CalculusHitATK | ATK% | Stacks: 1 | Value: 0.080 | Remaining Turns: 1 | TickDown: SUP1, PERM | Target: SUP1 | Affects: ['ALL']
        TalentCD | CD% | Stacks: 1 | Value: 0.700 | Remaining Turns: 1 | TickDown: SUP1, END | Target: SUP1 | Affects: ['ALL']
        SparkleVUL | VULN | Stacks: 3 | Value: 0.120 | Remaining Turns: 2 | TickDown: SUP1, END | Target: SUP1 | Affects: ['ALL']
        SparkleUltVUL | VULN | Stacks: 1 | Value: 0.180 | Remaining Turns: 3 | TickDown: SUP1, END | Target: SUP1 | Affects: ['ALL']
        WarriorGoddessHealCD | CD% | Stacks: 1 | Value: 0.150 | Remaining Turns: 1 | TickDown: SUP1, START | Target: SUP1 | Affects: ['ALL']
        ----------End of Buff List----------
        ----------Enemy Debuffs----------
        RinTohsakaUltVuln | From: SUP1 | VULN | Stacks: 1 | Value: 0.200 | Remaining Turns: 1 | Target: 1 | Targeting: AOE | Affects: ['ALL'] | DOT: False | Blast: False
        ----------End of Debuff List----------
        ----------Healing List----------
        ----------End of Healing List----------
        ----------Shields List----------
        ----------End of Shields List----------
    GAUGE  - Enemy 0 toughness reduced by 20.000
    GAUGE  - Enemy 1 toughness reduced by 20.000
    GAUGE  - Enemy 2 toughness reduced by 20.000
    RESULT - RinTohsakaJointAttack | RinTohsaka | SUP1 | DMG: 166356.067 | ELADMG: 0.000 | Enemies Hit: [0, 1, 2] | Enemies Broken: [] | WB DMG: 0.000 | Energy: 10.000 | Amount HP Healed: 0.000 | Amount HP Lost: 0.000 | RinTohsaka Energy: 97/160 | SP: 7 | MaxSP: 11)
Rin has obtained 4 Gem Energy from SP and now has 83 Gem Energy
    TURN   - SparkleOverflowSP | Sparkle | SUP2 | NA attack | ['QUA'] | ['SPECIAL'] | Scaling: ATK | TargetID: -1 | DMG/BREAK Splits: [0, 0]/[0, 0] | Energy Gained: 0 | SP Change: 4

        ----------Char Buffs----------
        BattleIsntOverERR | ERR% | Stacks: 1 | Value: 0.100 | Remaining Turns: 1 | TickDown: SUP2, PERM | Target: SUP2 | Affects: ['ALL']
        SacerdosSPD | SPD% | Stacks: 1 | Value: 0.060 | Remaining Turns: 1 | TickDown: SUP2, PERM | Target: SUP2 | Affects: ['ALL']
        KeelEFFRES | ERS% | Stacks: 1 | Value: 0.100 | Remaining Turns: 1 | TickDown: SUP2, PERM | Target: SUP2 | Affects: ['ALL']
        KeelCD(SUP2) | CD% | Stacks: 1 | Value: 0.100 | Remaining Turns: 1 | TickDown: SUP2, PERM | Target: SUP2 | Affects: ['ALL']
        SparkleTraceHP | HP% | Stacks: 1 | Value: 0.280 | Remaining Turns: 1 | TickDown: SUP2, PERM | Target: SUP2 | Affects: ['ALL']
        SparkleTraceCD | CD% | Stacks: 1 | Value: 0.240 | Remaining Turns: 1 | TickDown: SUP2, PERM | Target: SUP2 | Affects: ['ALL']
        SparkleTraceERS | ERS% | Stacks: 1 | Value: 0.100 | Remaining Turns: 1 | TickDown: SUP2, PERM | Target: SUP2 | Affects: ['ALL']
        SparkleTeamATK | ATK% | Stacks: 1 | Value: 0.450 | Remaining Turns: 1 | TickDown: SUP2, PERM | Target: SUP2 | Affects: ['ALL']
        KeelCD(SUS) | CD% | Stacks: 1 | Value: 0.100 | Remaining Turns: 1 | TickDown: SUP2, PERM | Target: SUP2 | Affects: ['ALL']
        SparkleVUL | VULN | Stacks: 3 | Value: 0.120 | Remaining Turns: 2 | TickDown: SUP2, END | Target: SUP2 | Affects: ['ALL']
        SparkleUltVUL | VULN | Stacks: 1 | Value: 0.180 | Remaining Turns: 2 | TickDown: SUP2, END | Target: SUP2 | Affects: ['ALL']
        RinTalentCD | CD% | Stacks: 1 | Value: 0.700 | Remaining Turns: 1 | TickDown: SUP2, END | Target: SUP2 | Affects: ['ALL']
        WarriorGoddessHealCD | CD% | Stacks: 1 | Value: 0.150 | Remaining Turns: 1 | TickDown: SUP2, START | Target: SUP2 | Affects: ['ALL']
        SparkleTalentERR | ERR_T | Stacks: 1 | Value: 1.000 | Remaining Turns: 1 | TickDown: SUP2, START | Target: SUP2 | Affects: ['ALL']
        ----------End of Buff List----------
        ----------Enemy Debuffs----------
        ----------End of Debuff List----------
        ----------Healing List----------
        ----------End of Healing List----------
        ----------Shields List----------
        ----------End of Shields List----------
    GAUGE  - Enemy 0 toughness reduced by 0.000
    RESULT - SparkleOverflowSP | Sparkle | SUP2 | DMG: 0.000 | ELADMG: 0.000 | Enemies Hit: [0] | Enemies Broken: [] | WB DMG: 0.000 | Energy: 0.000 | Amount HP Healed: 0.000 | Amount HP Lost: 0.000 | Sparkle Energy: 10/110 | SP: 11 | MaxSP: 11)
Rin has obtained 4 Gem Energy from SP and now has 87 Gem Energy
ERR    > 1.294 energy added to Sparkle from SparkleTalentERR | Sparkle Energy: 11.650
ACTION > [CIRCUIT] TotalAV: 375.723 | Archer | circuit skill use 5
CIRCUIT > Archer Circuit skill use 5/5
CIRCUIT > Archer exited Circuit Connection state
    TURN   - ArcherSkill | Archer | DPS | ST attack | ['QUA'] | ['SKL'] | Scaling: ATK | TargetID: 1 | DMG/BREAK Splits: [3.6, 0]/[20, 0] | Energy Gained: 30 | SP Change: -2

        ----------Char Buffs----------
        IdealsBurnCR | CR% | Stacks: 1 | Value: 0.160 | Remaining Turns: 1 | TickDown: DPS, PERM | Target: DPS | Affects: ['ALL']
        IdealsBurnATK | ATK% | Stacks: 1 | Value: 0.400 | Remaining Turns: 1 | TickDown: DPS, PERM | Target: DPS | Affects: ['ALL']
        GeniusDMG | DMG% | Stacks: 1 | Value: 0.100 | Remaining Turns: 1 | TickDown: DPS, PERM | Target: DPS | Affects: ['ALL']
        GeniusSHRED | SHRED | Stacks: 1 | Value: 0.200 | Remaining Turns: 1 | TickDown: DPS, PERM | Target: DPS | Affects: ['ALL']
        TengokuCD | CD% | Stacks: 1 | Value: 0.160 | Remaining Turns: 1 | TickDown: DPS, PERM | Target: DPS | Affects: ['ALL']
        ArcherTraceCR | CD% | Stacks: 1 | Value: 0.067 | Remaining Turns: 1 | TickDown: DPS, PERM | Target: DPS | Affects: ['ALL']
        ArcherTraceATK | ATK% | Stacks: 1 | Value: 0.180 | Remaining Turns: 1 | TickDown: DPS, PERM | Target: DPS | Affects: ['ALL']
        ArcherTraceDMG | DMG% | Stacks: 1 | Value: 0.224 | Remaining Turns: 1 | TickDown: DPS, PERM | Target: DPS | Affects: ['ALL']
        KeelCD(SUP2) | CD% | Stacks: 1 | Value: 0.100 | Remaining Turns: 1 | TickDown: DPS, PERM | Target: DPS | Affects: ['ALL']
        SparkleTeamATK | ATK% | Stacks: 1 | Value: 0.450 | Remaining Turns: 1 | TickDown: DPS, PERM | Target: DPS | Affects: ['ALL']
        KeelCD(SUS) | CD% | Stacks: 1 | Value: 0.100 | Remaining Turns: 1 | TickDown: DPS, PERM | Target: DPS | Affects: ['ALL']
        RinTohsakaAllyTrace1ATK | ATK% | Stacks: 1 | Value: 1.500 | Remaining Turns: 1 | TickDown: DPS, PERM | Target: DPS | Affects: ['ALL']
        RinTohsakaAllyTrace1PEN | QUAPEN | Stacks: 1 | Value: 0.150 | Remaining Turns: 1 | TickDown: DPS, PERM | Target: DPS | Affects: ['ALL']
        SparkleVUL | VULN | Stacks: 3 | Value: 0.120 | Remaining Turns: 2 | TickDown: DPS, END | Target: DPS | Affects: ['ALL']
        RinTalentCD | CD% | Stacks: 1 | Value: 0.700 | Remaining Turns: 2 | TickDown: DPS, END | Target: DPS | Affects: ['ALL']
        SacerdosCDSUP2 | CD% | Stacks: 2 | Value: 0.360 | Remaining Turns: 2 | TickDown: DPS, END | Target: DPS | Affects: ['ALL']
        SparkleCD | CD% | Stacks: 1 | Value: 1.175 | Remaining Turns: 2 | TickDown: DPS, END | Target: DPS | Affects: ['ALL']
        SparklePEN | PEN | Stacks: 1 | Value: 0.100 | Remaining Turns: 2 | TickDown: DPS, END | Target: DPS | Affects: ['ALL']
        SparkleUltVUL | VULN | Stacks: 1 | Value: 0.180 | Remaining Turns: 3 | TickDown: DPS, END | Target: DPS | Affects: ['ALL']
        IdealsBurnSKLATK | ATK% | Stacks: 1 | Value: 0.400 | Remaining Turns: 1 | TickDown: DPS, PERM | Target: DPS | Affects: ['ALL']
        TengokuSPArcherCD | CD% | Stacks: 1 | Value: 0.320 | Remaining Turns: 3 | TickDown: DPS, END | Target: DPS | Affects: ['ALL']
        WarriorGoddessHealCD | CD% | Stacks: 1 | Value: 0.150 | Remaining Turns: 1 | TickDown: DPS, START | Target: DPS | Affects: ['ALL']
        HuoHuoUltATK | ATK% | Stacks: 1 | Value: 0.400 | Remaining Turns: 1 | TickDown: DPS, END | Target: DPS | Affects: ['ALL']
        HuoHuoUltExtraATK | ATK% | Stacks: 1 | Value: 0.240 | Remaining Turns: 1 | TickDown: DPS, END | Target: DPS | Affects: ['ALL']
        Trace3CD | CD% | Stacks: 1 | Value: 1.200 | Remaining Turns: 1 | TickDown: DPS, END | Target: DPS | Affects: ['ALL']
        BattleIsntOverDMGRole.SUP2 | DMG% | Stacks: 1 | Value: 0.300 | Remaining Turns: 1 | TickDown: DPS, END | Target: DPS | Affects: ['ALL']
        SkillDmg | DMG% | Stacks: 2 | Value: 2.000 | Remaining Turns: 1 | TickDown: DPS, START | Target: DPS | Affects: ['SKL']
        ----------End of Buff List----------
        ----------Enemy Debuffs----------
        RinTohsakaUltVuln | From: SUP1 | VULN | Stacks: 1 | Value: 0.200 | Remaining Turns: 1 | Target: 1 | Targeting: AOE | Affects: ['ALL'] | DOT: False | Blast: False
        ----------End of Debuff List----------
        ----------Healing List----------
        ----------End of Healing List----------
        ----------Shields List----------
        ----------End of Shields List----------
    GAUGE  - Enemy 1 toughness reduced by 20.000
    RESULT - ArcherSkill | Archer | DPS | DMG: 533496.179 | ELADMG: 0.000 | Enemies Hit: [1] | Enemies Broken: [] | WB DMG: 0.000 | Energy: 30.000 | Amount HP Healed: 0.000 | Amount HP Lost: 0.000 | Archer Energy: 220/220 | SP: 9 | MaxSP: 11)
Rin has obtained 2 Gem Energy from SP and now has 89 Gem Energy
ERR    > 1.294 energy added to Sparkle from SparkleTalentERR | Sparkle Energy: 12.944
ULT    > Archer used their ultimate
Archer Obtained 2 FUA Charge
    TURN   - ArcherUlt | Archer | DPS | ST attack | ['QUA'] | ['ULT'] | Scaling: ATK | TargetID: 1 | DMG/BREAK Splits: [10.0, 0]/[30, 0] | Energy Gained: 5 | SP Change: 0

        ----------Char Buffs----------
        IdealsBurnCR | CR% | Stacks: 1 | Value: 0.160 | Remaining Turns: 1 | TickDown: DPS, PERM | Target: DPS | Affects: ['ALL']
        IdealsBurnATK | ATK% | Stacks: 1 | Value: 0.400 | Remaining Turns: 1 | TickDown: DPS, PERM | Target: DPS | Affects: ['ALL']
        GeniusDMG | DMG% | Stacks: 1 | Value: 0.100 | Remaining Turns: 1 | TickDown: DPS, PERM | Target: DPS | Affects: ['ALL']
        GeniusSHRED | SHRED | Stacks: 1 | Value: 0.200 | Remaining Turns: 1 | TickDown: DPS, PERM | Target: DPS | Affects: ['ALL']
        TengokuCD | CD% | Stacks: 1 | Value: 0.160 | Remaining Turns: 1 | TickDown: DPS, PERM | Target: DPS | Affects: ['ALL']
        ArcherTraceCR | CD% | Stacks: 1 | Value: 0.067 | Remaining Turns: 1 | TickDown: DPS, PERM | Target: DPS | Affects: ['ALL']
        ArcherTraceATK | ATK% | Stacks: 1 | Value: 0.180 | Remaining Turns: 1 | TickDown: DPS, PERM | Target: DPS | Affects: ['ALL']
        ArcherTraceDMG | DMG% | Stacks: 1 | Value: 0.224 | Remaining Turns: 1 | TickDown: DPS, PERM | Target: DPS | Affects: ['ALL']
        KeelCD(SUP2) | CD% | Stacks: 1 | Value: 0.100 | Remaining Turns: 1 | TickDown: DPS, PERM | Target: DPS | Affects: ['ALL']
        SparkleTeamATK | ATK% | Stacks: 1 | Value: 0.450 | Remaining Turns: 1 | TickDown: DPS, PERM | Target: DPS | Affects: ['ALL']
        KeelCD(SUS) | CD% | Stacks: 1 | Value: 0.100 | Remaining Turns: 1 | TickDown: DPS, PERM | Target: DPS | Affects: ['ALL']
        RinTohsakaAllyTrace1ATK | ATK% | Stacks: 1 | Value: 1.500 | Remaining Turns: 1 | TickDown: DPS, PERM | Target: DPS | Affects: ['ALL']
        RinTohsakaAllyTrace1PEN | QUAPEN | Stacks: 1 | Value: 0.150 | Remaining Turns: 1 | TickDown: DPS, PERM | Target: DPS | Affects: ['ALL']
        SparkleVUL | VULN | Stacks: 3 | Value: 0.120 | Remaining Turns: 2 | TickDown: DPS, END | Target: DPS | Affects: ['ALL']
        RinTalentCD | CD% | Stacks: 1 | Value: 0.700 | Remaining Turns: 2 | TickDown: DPS, END | Target: DPS | Affects: ['ALL']
        SacerdosCDSUP2 | CD% | Stacks: 2 | Value: 0.360 | Remaining Turns: 2 | TickDown: DPS, END | Target: DPS | Affects: ['ALL']
        SparkleCD | CD% | Stacks: 1 | Value: 1.175 | Remaining Turns: 2 | TickDown: DPS, END | Target: DPS | Affects: ['ALL']
        SparklePEN | PEN | Stacks: 1 | Value: 0.100 | Remaining Turns: 2 | TickDown: DPS, END | Target: DPS | Affects: ['ALL']
        SparkleUltVUL | VULN | Stacks: 1 | Value: 0.180 | Remaining Turns: 3 | TickDown: DPS, END | Target: DPS | Affects: ['ALL']
        IdealsBurnSKLATK | ATK% | Stacks: 1 | Value: 0.400 | Remaining Turns: 1 | TickDown: DPS, PERM | Target: DPS | Affects: ['ALL']
        TengokuSPArcherCD | CD% | Stacks: 1 | Value: 0.320 | Remaining Turns: 3 | TickDown: DPS, END | Target: DPS | Affects: ['ALL']
        WarriorGoddessHealCD | CD% | Stacks: 1 | Value: 0.150 | Remaining Turns: 1 | TickDown: DPS, START | Target: DPS | Affects: ['ALL']
        HuoHuoUltATK | ATK% | Stacks: 1 | Value: 0.400 | Remaining Turns: 1 | TickDown: DPS, END | Target: DPS | Affects: ['ALL']
        HuoHuoUltExtraATK | ATK% | Stacks: 1 | Value: 0.240 | Remaining Turns: 1 | TickDown: DPS, END | Target: DPS | Affects: ['ALL']
        Trace3CD | CD% | Stacks: 1 | Value: 1.200 | Remaining Turns: 1 | TickDown: DPS, END | Target: DPS | Affects: ['ALL']
        BattleIsntOverDMGRole.SUP2 | DMG% | Stacks: 1 | Value: 0.300 | Remaining Turns: 1 | TickDown: DPS, END | Target: DPS | Affects: ['ALL']
        ----------End of Buff List----------
        ----------Enemy Debuffs----------
        RinTohsakaUltVuln | From: SUP1 | VULN | Stacks: 1 | Value: 0.200 | Remaining Turns: 1 | Target: 1 | Targeting: AOE | Affects: ['ALL'] | DOT: False | Blast: False
        ----------End of Debuff List----------
        ----------Healing List----------
        ----------End of Healing List----------
        ----------Shields List----------
        ----------End of Shields List----------
    GAUGE  - Enemy 1 toughness reduced by 30.000
    RESULT - ArcherUlt | Archer | DPS | DMG: 743330.999 | ELADMG: 0.000 | Enemies Hit: [1] | Enemies Broken: [] | WB DMG: 0.000 | Energy: 5.000 | Amount HP Healed: 0.000 | Amount HP Lost: 0.000 | Archer Energy: 5/220 | SP: 9 | MaxSP: 11)
        Buff HuoHuoUltATK expired
        Buff HuoHuoUltExtraATK expired
        Buff Trace3CD expired
        Buff BattleIsntOverDMGRole.SUP2 expired
SPD    > RinTohsaka speed changed to 161.752 | NewAV: 36.795
AV     > Archer AV reset to 95.602 | 104.600 SPD

<<< NEW TURN >>>
-   HuoHuo AV: 0.000 ENERGY: 66.817 MaxHP: 6139.808 CurrHp 4748.161 ShieldHP: 0.000
-   RinTohsaka AV: 34.004 ENERGY: 96.667 MaxHP: 3051.570 CurrHp 689.850 ShieldHP: 0.000
-   Enemy 0 AV: 42.511 ENERGY: 0.000 MaxHP: 2000000.000 CurrHp 239258.293 ShieldHP: 0.000
-   Enemy 2 AV: 42.511 ENERGY: 0.000 MaxHP: 2000000.000 CurrHp 234524.370 ShieldHP: 0.000
-   Enemy 1 AV: 56.670 ENERGY: 0.000 MaxHP: 5000000.000 CurrHp 946651.518 ShieldHP: 0.000
-   Sparkle AV: 59.830 ENERGY: 12.944 MaxHP: 4358.742 CurrHp 600.935 ShieldHP: 0.000
-   Archer AV: 92.811 ENERGY: 5.000 MaxHP: 3063.425 CurrHp 1923.050 ShieldHP: 0.000

Combat context set: 3 enemies, 4 players
Combat context initialized: 3 enemies, Elation team size: 0
ACTION > [CHAR] TotalAV: 378.514 | TurnAV: 2.791 | HuoHuo | A-move
        Buff WarriorGoddessHealSPD expired
        Buff WarriorGoddessHealCD expired
    TURN   - HuoHuoBasic | HuoHuo | SUS | ST attack | ['WIN'] | ['BSC'] | Scaling: HP | TargetID: 1 | DMG/BREAK Splits: [0.5, 0]/[10, 0] | Energy Gained: 20 | SP Change: 1

        ----------Char Buffs----------
        KeelCD(SUP2) | CD% | Stacks: 1 | Value: 0.100 | Remaining Turns: 1 | TickDown: SUS, PERM | Target: SUS | Affects: ['ALL']
        SparkleTeamATK | ATK% | Stacks: 1 | Value: 0.450 | Remaining Turns: 1 | TickDown: SUS, PERM | Target: SUS | Affects: ['ALL']
        PostOpERR | ERR% | Stacks: 1 | Value: 0.160 | Remaining Turns: 1 | TickDown: SUS, PERM | Target: SUS | Affects: ['ALL']
        WarriorGoddessSPD | SPD% | Stacks: 1 | Value: 0.060 | Remaining Turns: 1 | TickDown: SUS, PERM | Target: SUS | Affects: ['ALL']
        KeelEFFRES | ERS% | Stacks: 1 | Value: 0.100 | Remaining Turns: 1 | TickDown: SUS, PERM | Target: SUS | Affects: ['ALL']
        KeelCD(SUS) | CD% | Stacks: 1 | Value: 0.100 | Remaining Turns: 1 | TickDown: SUS, PERM | Target: SUS | Affects: ['ALL']
        HHTraceHP | HP% | Stacks: 1 | Value: 0.280 | Remaining Turns: 1 | TickDown: SUS, PERM | Target: SUS | Affects: ['ALL']
        HHTraceERS | ERS% | Stacks: 1 | Value: 0.180 | Remaining Turns: 1 | TickDown: SUS, PERM | Target: SUS | Affects: ['ALL']
        HHTraceSPD | SPD | Stacks: 1 | Value: 5.000 | Remaining Turns: 1 | TickDown: SUS, PERM | Target: SUS | Affects: ['ALL']
        SparkleVUL | VULN | Stacks: 3 | Value: 0.120 | Remaining Turns: 2 | TickDown: SUS, END | Target: SUS | Affects: ['ALL']
        SparkleUltVUL | VULN | Stacks: 1 | Value: 0.180 | Remaining Turns: 3 | TickDown: SUS, END | Target: SUS | Affects: ['ALL']
        RinTalentCD | CD% | Stacks: 1 | Value: 0.700 | Remaining Turns: 1 | TickDown: SUS, END | Target: SUS | Affects: ['ALL']
        ----------End of Buff List----------
        ----------Enemy Debuffs----------
        RinTohsakaUltVuln | From: SUP1 | VULN | Stacks: 1 | Value: 0.200 | Remaining Turns: 1 | Target: 1 | Targeting: AOE | Affects: ['ALL'] | DOT: False | Blast: False
        ----------End of Debuff List----------
        ----------Healing List----------
        ----------End of Healing List----------
        ----------Shields List----------
        ----------End of Shields List----------
    GAUGE  - Enemy 1 toughness reduced by 0.000
    RESULT - HuoHuoBasic | HuoHuo | SUS | DMG: 1795.430 | ELADMG: 0.000 | Enemies Hit: [1] | Enemies Broken: [] | WB DMG: 0.000 | Energy: 27.088 | Amount HP Healed: 0.000 | Amount HP Lost: 0.000 | HuoHuo Energy: 94/140 | SP: 10 | MaxSP: 11)
Rin has obtained 1 Gem Energy from SP and now has 90 Gem Energy
    TURN   - ArcherFUA | Archer | DPS | ST attack | ['QUA'] | ['FUA'] | Scaling: ATK | TargetID: 1 | DMG/BREAK Splits: [2.0, 0]/[10, 0] | Energy Gained: 5 | SP Change: 1

        ----------Char Buffs----------
        IdealsBurnCR | CR% | Stacks: 1 | Value: 0.160 | Remaining Turns: 1 | TickDown: DPS, PERM | Target: DPS | Affects: ['ALL']
        IdealsBurnATK | ATK% | Stacks: 1 | Value: 0.400 | Remaining Turns: 1 | TickDown: DPS, PERM | Target: DPS | Affects: ['ALL']
        GeniusDMG | DMG% | Stacks: 1 | Value: 0.100 | Remaining Turns: 1 | TickDown: DPS, PERM | Target: DPS | Affects: ['ALL']
        GeniusSHRED | SHRED | Stacks: 1 | Value: 0.200 | Remaining Turns: 1 | TickDown: DPS, PERM | Target: DPS | Affects: ['ALL']
        TengokuCD | CD% | Stacks: 1 | Value: 0.160 | Remaining Turns: 1 | TickDown: DPS, PERM | Target: DPS | Affects: ['ALL']
        ArcherTraceCR | CD% | Stacks: 1 | Value: 0.067 | Remaining Turns: 1 | TickDown: DPS, PERM | Target: DPS | Affects: ['ALL']
        ArcherTraceATK | ATK% | Stacks: 1 | Value: 0.180 | Remaining Turns: 1 | TickDown: DPS, PERM | Target: DPS | Affects: ['ALL']
        ArcherTraceDMG | DMG% | Stacks: 1 | Value: 0.224 | Remaining Turns: 1 | TickDown: DPS, PERM | Target: DPS | Affects: ['ALL']
        KeelCD(SUP2) | CD% | Stacks: 1 | Value: 0.100 | Remaining Turns: 1 | TickDown: DPS, PERM | Target: DPS | Affects: ['ALL']
        SparkleTeamATK | ATK% | Stacks: 1 | Value: 0.450 | Remaining Turns: 1 | TickDown: DPS, PERM | Target: DPS | Affects: ['ALL']
        KeelCD(SUS) | CD% | Stacks: 1 | Value: 0.100 | Remaining Turns: 1 | TickDown: DPS, PERM | Target: DPS | Affects: ['ALL']
        RinTohsakaAllyTrace1ATK | ATK% | Stacks: 1 | Value: 1.500 | Remaining Turns: 1 | TickDown: DPS, PERM | Target: DPS | Affects: ['ALL']
        RinTohsakaAllyTrace1PEN | QUAPEN | Stacks: 1 | Value: 0.150 | Remaining Turns: 1 | TickDown: DPS, PERM | Target: DPS | Affects: ['ALL']
        SparkleVUL | VULN | Stacks: 3 | Value: 0.120 | Remaining Turns: 1 | TickDown: DPS, END | Target: DPS | Affects: ['ALL']
        RinTalentCD | CD% | Stacks: 1 | Value: 0.700 | Remaining Turns: 1 | TickDown: DPS, END | Target: DPS | Affects: ['ALL']
        SacerdosCDSUP2 | CD% | Stacks: 2 | Value: 0.360 | Remaining Turns: 1 | TickDown: DPS, END | Target: DPS | Affects: ['ALL']
        SparkleCD | CD% | Stacks: 1 | Value: 1.175 | Remaining Turns: 1 | TickDown: DPS, END | Target: DPS | Affects: ['ALL']
        SparklePEN | PEN | Stacks: 1 | Value: 0.100 | Remaining Turns: 1 | TickDown: DPS, END | Target: DPS | Affects: ['ALL']
        SparkleUltVUL | VULN | Stacks: 1 | Value: 0.180 | Remaining Turns: 2 | TickDown: DPS, END | Target: DPS | Affects: ['ALL']
        IdealsBurnSKLATK | ATK% | Stacks: 1 | Value: 0.400 | Remaining Turns: 1 | TickDown: DPS, PERM | Target: DPS | Affects: ['ALL']
        TengokuSPArcherCD | CD% | Stacks: 1 | Value: 0.320 | Remaining Turns: 2 | TickDown: DPS, END | Target: DPS | Affects: ['ALL']
        WarriorGoddessHealCD | CD% | Stacks: 1 | Value: 0.150 | Remaining Turns: 1 | TickDown: DPS, START | Target: DPS | Affects: ['ALL']
        Trace3CD | CD% | Stacks: 1 | Value: 1.200 | Remaining Turns: 1 | TickDown: DPS, END | Target: DPS | Affects: ['ALL']
        ----------End of Buff List----------
        ----------Enemy Debuffs----------
        RinTohsakaUltVuln | From: SUP1 | VULN | Stacks: 1 | Value: 0.200 | Remaining Turns: 1 | Target: 1 | Targeting: AOE | Affects: ['ALL'] | DOT: False | Blast: False
        ----------End of Debuff List----------
        ----------Healing List----------
        ----------End of Healing List----------
        ----------Shields List----------
        ----------End of Shields List----------
    GAUGE  - Enemy 1 toughness reduced by 10.000
    RESULT - ArcherFUA | Archer | DPS | DMG: 112728.167 | ELADMG: 0.000 | Enemies Hit: [1] | Enemies Broken: [1] | WB DMG: 9243.898 | Energy: 5.000 | Amount HP Healed: 0.000 | Amount HP Lost: 0.000 | Archer Energy: 10/220 | SP: 11 | MaxSP: 11)
Rin has obtained 1 Gem Energy from SP and now has 91 Gem Energy
SPD    > HuoHuo speed changed to 154.612 | NewAV: 0.000
AV     > HuoHuo AV reset to 64.678 | 154.612 SPD
DELAY  > Enemy 1 delayed by 25.0% from STDBreakDelay | NewAV: 72.452
DELAY  > Enemy 1 delayed by 22.3% from QUA-break | NewAV: 86.551

<<< NEW TURN >>>
-   RinTohsaka AV: 0.000 ENERGY: 96.667 MaxHP: 3051.570 CurrHp 689.850 ShieldHP: 0.000
-   Enemy 0 AV: 8.507 ENERGY: 0.000 MaxHP: 2000000.000 CurrHp 239258.293 ShieldHP: 0.000
-   Enemy 2 AV: 8.507 ENERGY: 0.000 MaxHP: 2000000.000 CurrHp 234524.370 ShieldHP: 0.000
-   Sparkle AV: 25.825 ENERGY: 12.944 MaxHP: 4358.742 CurrHp 600.935 ShieldHP: 0.000
-   HuoHuo AV: 30.674 ENERGY: 93.905 MaxHP: 6139.808 CurrHp 4748.161 ShieldHP: 0.000
-   Enemy 1 AV: 52.547 ENERGY: 0.000 MaxHP: 5000000.000 CurrHp 832127.921 ShieldHP: 0.000
-   Archer AV: 58.807 ENERGY: 10.000 MaxHP: 3063.425 CurrHp 1923.050 ShieldHP: 0.000

Combat context set: 3 enemies, 4 players
Combat context initialized: 3 enemies, Elation team size: 0
Rin can use Enhanced Skill
ACTION > [CHAR] TotalAV: 412.518 | TurnAV: 34.004 | RinTohsaka | E-move
        Buff WarriorGoddessHealCD expired
Amount of extraHits from EnhancedSkill = 30 from 91 Gem Energy
    TURN   - RinTohsakaSkillAOE | RinTohsaka | SUP1 | AOE attack | ['QUA'] | ['SKL'] | Scaling: ATK | TargetID: 1 | DMG/BREAK Splits: [0.9, 0]/[20, 0] | Energy Gained: 0 | SP Change: 0

        ----------Char Buffs----------
        CalculusATK | ATK% | Stacks: 1 | Value: 0.120 | Remaining Turns: 1 | TickDown: SUP1, PERM | Target: SUP1 | Affects: ['ALL']
        GeniusDMG | DMG% | Stacks: 1 | Value: 0.100 | Remaining Turns: 1 | TickDown: SUP1, PERM | Target: SUP1 | Affects: ['ALL']
        GeniusSHRED | SHRED | Stacks: 1 | Value: 0.200 | Remaining Turns: 1 | TickDown: SUP1, PERM | Target: SUP1 | Affects: ['ALL']
        RutilantCR | CR% | Stacks: 1 | Value: 0.080 | Remaining Turns: 1 | TickDown: SUP1, PERM | Target: SUP1 | Affects: ['ALL']
        RutilantBonusDMG | DMG% | Stacks: 1 | Value: 0.200 | Remaining Turns: 1 | TickDown: SUP1, PERM | Target: SUP1 | Affects: ['BSC', 'SKL']
        RinTohsakaTraceCD | CD% | Stacks: 1 | Value: 0.373 | Remaining Turns: 1 | TickDown: SUP1, PERM | Target: SUP1 | Affects: ['ALL']
        RinTohsakaTraceATK | ATK% | Stacks: 1 | Value: 0.180 | Remaining Turns: 1 | TickDown: SUP1, PERM | Target: SUP1 | Affects: ['ALL']
        RinTohsakaTraceDMG | DMG% | Stacks: 1 | Value: 0.080 | Remaining Turns: 1 | TickDown: SUP1, PERM | Target: SUP1 | Affects: ['ALL']
        RinTohsakaTrace1ATK | ATK% | Stacks: 1 | Value: 1.500 | Remaining Turns: 1 | TickDown: SUP1, PERM | Target: SUP1 | Affects: ['ALL']
        RinTohsakaTrace1PEN | QUAPEN | Stacks: 1 | Value: 0.150 | Remaining Turns: 1 | TickDown: SUP1, PERM | Target: SUP1 | Affects: ['ALL']
        KeelCD(SUP2) | CD% | Stacks: 1 | Value: 0.100 | Remaining Turns: 1 | TickDown: SUP1, PERM | Target: SUP1 | Affects: ['ALL']
        SparkleTeamATK | ATK% | Stacks: 1 | Value: 0.450 | Remaining Turns: 1 | TickDown: SUP1, PERM | Target: SUP1 | Affects: ['ALL']
        KeelCD(SUS) | CD% | Stacks: 1 | Value: 0.100 | Remaining Turns: 1 | TickDown: SUP1, PERM | Target: SUP1 | Affects: ['ALL']
        CalculusHitATK | ATK% | Stacks: 1 | Value: 0.240 | Remaining Turns: 1 | TickDown: SUP1, PERM | Target: SUP1 | Affects: ['ALL']
        TalentCD | CD% | Stacks: 1 | Value: 0.700 | Remaining Turns: 2 | TickDown: SUP1, END | Target: SUP1 | Affects: ['ALL']
        SparkleVUL | VULN | Stacks: 3 | Value: 0.120 | Remaining Turns: 2 | TickDown: SUP1, END | Target: SUP1 | Affects: ['ALL']
        SparkleUltVUL | VULN | Stacks: 1 | Value: 0.180 | Remaining Turns: 3 | TickDown: SUP1, END | Target: SUP1 | Affects: ['ALL']
        CalculusHitSpd | SPD% | Stacks: 1 | Value: 0.160 | Remaining Turns: 1 | TickDown: SUP1, END | Target: SUP1 | Affects: ['ALL']
        EnhancedSkillSPD | SPD% | Stacks: 1 | Value: 0.200 | Remaining Turns: 3 | TickDown: SUP1, END | Target: SUP1 | Affects: ['ALL']
        ----------End of Buff List----------
        ----------Enemy Debuffs----------
        RinTohsakaUltVuln | From: SUP1 | VULN | Stacks: 1 | Value: 0.200 | Remaining Turns: 1 | Target: 1 | Targeting: AOE | Affects: ['ALL'] | DOT: False | Blast: False
        Enemy 1 QUA-break | From: DPS | ENTANGLE | Stacks: 1 | Value: 34076.706 | Remaining Turns: 1 | Target: 1 | Targeting: ST | Affects: ['ALL'] | DOT: False | Blast: False
        ----------End of Debuff List----------
        ----------Healing List----------
        ----------End of Healing List----------
        ----------Shields List----------
        ----------End of Shields List----------
    GAUGE  - Enemy 0 toughness reduced by 20.000
    GAUGE  - Enemy 1 toughness reduced by 20.000
    GAUGE  - Enemy 2 toughness reduced by 20.000
    RESULT - RinTohsakaSkillAOE | RinTohsaka | SUP1 | DMG: 57994.089 | ELADMG: 0.000 | Enemies Hit: [0, 1, 2] | Enemies Broken: [] | WB DMG: 0.000 | Energy: 0.000 | Amount HP Healed: 0.000 | Amount HP Lost: 0.000 | RinTohsaka Energy: 97/160 | SP: 11 | MaxSP: 11)
    TURN   - RinTohsakaSkillSingle | RinTohsaka | SUP1 | ST attack | ['QUA'] | ['SKL'] | Scaling: ATK | TargetID: 1 | DMG/BREAK Splits: [27.0, 0]/[60, 0] | Energy Gained: 30 | SP Change: -9

        ----------Char Buffs----------
        CalculusATK | ATK% | Stacks: 1 | Value: 0.120 | Remaining Turns: 1 | TickDown: SUP1, PERM | Target: SUP1 | Affects: ['ALL']
        GeniusDMG | DMG% | Stacks: 1 | Value: 0.100 | Remaining Turns: 1 | TickDown: SUP1, PERM | Target: SUP1 | Affects: ['ALL']
        GeniusSHRED | SHRED | Stacks: 1 | Value: 0.200 | Remaining Turns: 1 | TickDown: SUP1, PERM | Target: SUP1 | Affects: ['ALL']
        RutilantCR | CR% | Stacks: 1 | Value: 0.080 | Remaining Turns: 1 | TickDown: SUP1, PERM | Target: SUP1 | Affects: ['ALL']
        RutilantBonusDMG | DMG% | Stacks: 1 | Value: 0.200 | Remaining Turns: 1 | TickDown: SUP1, PERM | Target: SUP1 | Affects: ['BSC', 'SKL']
        RinTohsakaTraceCD | CD% | Stacks: 1 | Value: 0.373 | Remaining Turns: 1 | TickDown: SUP1, PERM | Target: SUP1 | Affects: ['ALL']
        RinTohsakaTraceATK | ATK% | Stacks: 1 | Value: 0.180 | Remaining Turns: 1 | TickDown: SUP1, PERM | Target: SUP1 | Affects: ['ALL']
        RinTohsakaTraceDMG | DMG% | Stacks: 1 | Value: 0.080 | Remaining Turns: 1 | TickDown: SUP1, PERM | Target: SUP1 | Affects: ['ALL']
        RinTohsakaTrace1ATK | ATK% | Stacks: 1 | Value: 1.500 | Remaining Turns: 1 | TickDown: SUP1, PERM | Target: SUP1 | Affects: ['ALL']
        RinTohsakaTrace1PEN | QUAPEN | Stacks: 1 | Value: 0.150 | Remaining Turns: 1 | TickDown: SUP1, PERM | Target: SUP1 | Affects: ['ALL']
        KeelCD(SUP2) | CD% | Stacks: 1 | Value: 0.100 | Remaining Turns: 1 | TickDown: SUP1, PERM | Target: SUP1 | Affects: ['ALL']
        SparkleTeamATK | ATK% | Stacks: 1 | Value: 0.450 | Remaining Turns: 1 | TickDown: SUP1, PERM | Target: SUP1 | Affects: ['ALL']
        KeelCD(SUS) | CD% | Stacks: 1 | Value: 0.100 | Remaining Turns: 1 | TickDown: SUP1, PERM | Target: SUP1 | Affects: ['ALL']
        CalculusHitATK | ATK% | Stacks: 1 | Value: 0.240 | Remaining Turns: 1 | TickDown: SUP1, PERM | Target: SUP1 | Affects: ['ALL']
        TalentCD | CD% | Stacks: 1 | Value: 0.700 | Remaining Turns: 2 | TickDown: SUP1, END | Target: SUP1 | Affects: ['ALL']
        SparkleVUL | VULN | Stacks: 3 | Value: 0.120 | Remaining Turns: 2 | TickDown: SUP1, END | Target: SUP1 | Affects: ['ALL']
        SparkleUltVUL | VULN | Stacks: 1 | Value: 0.180 | Remaining Turns: 3 | TickDown: SUP1, END | Target: SUP1 | Affects: ['ALL']
        CalculusHitSpd | SPD% | Stacks: 1 | Value: 0.160 | Remaining Turns: 1 | TickDown: SUP1, END | Target: SUP1 | Affects: ['ALL']
        EnhancedSkillSPD | SPD% | Stacks: 1 | Value: 0.200 | Remaining Turns: 3 | TickDown: SUP1, END | Target: SUP1 | Affects: ['ALL']
        ----------End of Buff List----------
        ----------Enemy Debuffs----------
        RinTohsakaUltVuln | From: SUP1 | VULN | Stacks: 1 | Value: 0.200 | Remaining Turns: 1 | Target: 1 | Targeting: AOE | Affects: ['ALL'] | DOT: False | Blast: False
        Enemy 1 QUA-break | From: DPS | ENTANGLE | Stacks: 1 | Value: 34076.706 | Remaining Turns: 1 | Target: 1 | Targeting: ST | Affects: ['ALL'] | DOT: False | Blast: False
        ----------End of Debuff List----------
        ----------Healing List----------
        ----------End of Healing List----------
        ----------Shields List----------
        ----------End of Shields List----------
    GAUGE  - Enemy 1 toughness reduced by 60.000
    RESULT - RinTohsakaSkillSingle | RinTohsaka | SUP1 | DMG: 621365.235 | ELADMG: 0.000 | Enemies Hit: [1] | Enemies Broken: [] | WB DMG: 0.000 | Energy: 30.000 | Amount HP Healed: 0.000 | Amount HP Lost: 0.000 | RinTohsaka Energy: 127/160 | SP: 2 | MaxSP: 11)
Rin has obtained 18 Gem Energy from SP and now has 19 Gem Energy
    TURN   - ArcherFUA | Archer | DPS | ST attack | ['QUA'] | ['FUA'] | Scaling: ATK | TargetID: 1 | DMG/BREAK Splits: [2.0, 0]/[10, 0] | Energy Gained: 5 | SP Change: 1

        ----------Char Buffs----------
        IdealsBurnCR | CR% | Stacks: 1 | Value: 0.160 | Remaining Turns: 1 | TickDown: DPS, PERM | Target: DPS | Affects: ['ALL']
        IdealsBurnATK | ATK% | Stacks: 1 | Value: 0.400 | Remaining Turns: 1 | TickDown: DPS, PERM | Target: DPS | Affects: ['ALL']
        GeniusDMG | DMG% | Stacks: 1 | Value: 0.100 | Remaining Turns: 1 | TickDown: DPS, PERM | Target: DPS | Affects: ['ALL']
        GeniusSHRED | SHRED | Stacks: 1 | Value: 0.200 | Remaining Turns: 1 | TickDown: DPS, PERM | Target: DPS | Affects: ['ALL']
        TengokuCD | CD% | Stacks: 1 | Value: 0.160 | Remaining Turns: 1 | TickDown: DPS, PERM | Target: DPS | Affects: ['ALL']
        ArcherTraceCR | CD% | Stacks: 1 | Value: 0.067 | Remaining Turns: 1 | TickDown: DPS, PERM | Target: DPS | Affects: ['ALL']
        ArcherTraceATK | ATK% | Stacks: 1 | Value: 0.180 | Remaining Turns: 1 | TickDown: DPS, PERM | Target: DPS | Affects: ['ALL']
        ArcherTraceDMG | DMG% | Stacks: 1 | Value: 0.224 | Remaining Turns: 1 | TickDown: DPS, PERM | Target: DPS | Affects: ['ALL']
        KeelCD(SUP2) | CD% | Stacks: 1 | Value: 0.100 | Remaining Turns: 1 | TickDown: DPS, PERM | Target: DPS | Affects: ['ALL']
        SparkleTeamATK | ATK% | Stacks: 1 | Value: 0.450 | Remaining Turns: 1 | TickDown: DPS, PERM | Target: DPS | Affects: ['ALL']
        KeelCD(SUS) | CD% | Stacks: 1 | Value: 0.100 | Remaining Turns: 1 | TickDown: DPS, PERM | Target: DPS | Affects: ['ALL']
        RinTohsakaAllyTrace1ATK | ATK% | Stacks: 1 | Value: 1.500 | Remaining Turns: 1 | TickDown: DPS, PERM | Target: DPS | Affects: ['ALL']
        RinTohsakaAllyTrace1PEN | QUAPEN | Stacks: 1 | Value: 0.150 | Remaining Turns: 1 | TickDown: DPS, PERM | Target: DPS | Affects: ['ALL']
        SparkleVUL | VULN | Stacks: 3 | Value: 0.120 | Remaining Turns: 2 | TickDown: DPS, END | Target: DPS | Affects: ['ALL']
        RinTalentCD | CD% | Stacks: 1 | Value: 0.700 | Remaining Turns: 2 | TickDown: DPS, END | Target: DPS | Affects: ['ALL']
        SacerdosCDSUP2 | CD% | Stacks: 2 | Value: 0.360 | Remaining Turns: 1 | TickDown: DPS, END | Target: DPS | Affects: ['ALL']
        SparkleCD | CD% | Stacks: 1 | Value: 1.175 | Remaining Turns: 1 | TickDown: DPS, END | Target: DPS | Affects: ['ALL']
        SparklePEN | PEN | Stacks: 1 | Value: 0.100 | Remaining Turns: 1 | TickDown: DPS, END | Target: DPS | Affects: ['ALL']
        SparkleUltVUL | VULN | Stacks: 1 | Value: 0.180 | Remaining Turns: 2 | TickDown: DPS, END | Target: DPS | Affects: ['ALL']
        IdealsBurnSKLATK | ATK% | Stacks: 1 | Value: 0.400 | Remaining Turns: 1 | TickDown: DPS, PERM | Target: DPS | Affects: ['ALL']
        TengokuSPArcherCD | CD% | Stacks: 1 | Value: 0.320 | Remaining Turns: 2 | TickDown: DPS, END | Target: DPS | Affects: ['ALL']
        WarriorGoddessHealCD | CD% | Stacks: 1 | Value: 0.150 | Remaining Turns: 1 | TickDown: DPS, START | Target: DPS | Affects: ['ALL']
        Trace3CD | CD% | Stacks: 1 | Value: 1.200 | Remaining Turns: 1 | TickDown: DPS, END | Target: DPS | Affects: ['ALL']
        ----------End of Buff List----------
        ----------Enemy Debuffs----------
        RinTohsakaUltVuln | From: SUP1 | VULN | Stacks: 1 | Value: 0.200 | Remaining Turns: 1 | Target: 1 | Targeting: AOE | Affects: ['ALL'] | DOT: False | Blast: False
        Enemy 1 QUA-break | From: DPS | ENTANGLE | Stacks: 1 | Value: 34076.706 | Remaining Turns: 1 | Target: 1 | Targeting: ST | Affects: ['ALL'] | DOT: False | Blast: False
        ----------End of Debuff List----------
        ----------Healing List----------
        ----------End of Healing List----------
        ----------Shields List----------
        ----------End of Shields List----------
    GAUGE  - Enemy 1 toughness reduced by 10.000
    RESULT - ArcherFUA | Archer | DPS | DMG: 125253.519 | ELADMG: 0.000 | Enemies Hit: [1] | Enemies Broken: [] | WB DMG: 0.000 | Energy: 5.000 | Amount HP Healed: 0.000 | Amount HP Lost: 0.000 | Archer Energy: 15/220 | SP: 3 | MaxSP: 11)
Rin has obtained 1 Gem Energy from SP and now has 20 Gem Energy
        Buff CalculusHitSpd expired
SPD    > RinTohsaka speed changed to 165.832 | NewAV: 0.000
AV     > RinTohsaka AV reset to 60.302 | 165.832 SPD

<<< NEW TURN >>>
-   Enemy 0 AV: 0.000 ENERGY: 0.000 MaxHP: 2000000.000 CurrHp 220617.336 ShieldHP: 0.000
-   Enemy 2 AV: 0.000 ENERGY: 0.000 MaxHP: 2000000.000 CurrHp 215883.413 ShieldHP: 0.000
-   Sparkle AV: 17.319 ENERGY: 12.944 MaxHP: 4358.742 CurrHp 600.935 ShieldHP: 0.000
-   HuoHuo AV: 22.167 ENERGY: 93.905 MaxHP: 6139.808 CurrHp 4748.161 ShieldHP: 0.000
-   Enemy 1 AV: 44.040 ENERGY: 0.000 MaxHP: 5000000.000 CurrHp 64796.992 ShieldHP: 0.000
-   Archer AV: 50.300 ENERGY: 15.000 MaxHP: 3063.425 CurrHp 1923.050 ShieldHP: 0.000
-   RinTohsaka AV: 51.795 ENERGY: 126.667 MaxHP: 3051.570 CurrHp 689.850 ShieldHP: 0.000

Combat context set: 3 enemies, 4 players
Combat context initialized: 3 enemies, Elation team size: 0
ACTION > [ENEMY] TotalAV: 421.025 | TurnAV: 8.507 | Enemy 0 | 1 attacks
    CharEnergy - Archer: Hit 3.333 Total: 18.333 | RinTohsaka: Hit 10.000 Total: 136.667 | Sparkle: Hit 3.333 Total: 17.259 | HuoHuo: Hit 3.333 Total: 98.419 |
    ENEMY  - Enemy 0 [aoe] dealt 322.2 to Sparkle (energy: 3.3, DEF: 1413, atkMul: 1.00, dmgMul: 1.00) | Shield Absorbed: 0.0 | HP Lost: 322.2 | HP: 279/4359 | Shield HP: 0
    ENEMY  - Enemy 0 [aoe] dealt 287.7 to RinTohsaka (energy: 3.3, DEF: 1720, atkMul: 1.00, dmgMul: 1.00) | Shield Absorbed: 0.0 | HP Lost: 287.7 | HP: 402/3052 | Shield HP: 0
    ENEMY  - Enemy 0 [aoe] dealt 231.9 to HuoHuo (energy: 3.3, DEF: 2410, atkMul: 1.00, dmgMul: 1.00) | Shield Absorbed: 0.0 | HP Lost: 231.9 | HP: 4516/6140 | Shield HP: 0
    ENEMY  - Enemy 0 [aoe] dealt 232.6 to Archer (energy: 3.3, DEF: 2399, atkMul: 1.00, dmgMul: 1.00) | Shield Absorbed: 0.0 | HP Lost: 232.6 | HP: 1690/3063 | Shield HP: 0
    ENEMY  - Enemy 0 [aoe] dealt 287.7 to RinTohsaka (energy: 3.3, DEF: 1720, atkMul: 1.00, dmgMul: 1.00) | Shield Absorbed: 0.0 | HP Lost: 287.7 | HP: 114/3052 | Shield HP: 0
    ENEMY  - Enemy 0 [aoe] dealt 287.7 to RinTohsaka (energy: 3.3, DEF: 1720, atkMul: 1.00, dmgMul: 1.00) | Shield Absorbed: 0.0 | HP Lost: 287.7 | HP: 1/3052 | Shield HP: 0
AV     > Enemy 0 AV reset to 76.923 | 130.000 SPD

<<< NEW TURN >>>
-   Enemy 2 AV: 0.000 ENERGY: 0.000 MaxHP: 2000000.000 CurrHp 215883.413 ShieldHP: 0.000
-   Sparkle AV: 17.319 ENERGY: 17.259 MaxHP: 4358.742 CurrHp 278.739 ShieldHP: 0.000
-   HuoHuo AV: 22.167 ENERGY: 98.419 MaxHP: 6139.808 CurrHp 4516.220 ShieldHP: 0.000
-   Enemy 1 AV: 44.040 ENERGY: 0.000 MaxHP: 5000000.000 CurrHp 64796.992 ShieldHP: 0.000
-   Archer AV: 50.300 ENERGY: 18.333 MaxHP: 3063.425 CurrHp 1690.411 ShieldHP: 0.000
-   RinTohsaka AV: 51.795 ENERGY: 136.667 MaxHP: 3051.570 CurrHp 1.000 ShieldHP: 0.000
-   Enemy 0 AV: 76.923 ENERGY: 0.000 MaxHP: 2000000.000 CurrHp 220617.336 ShieldHP: 0.000

Combat context set: 3 enemies, 4 players
Combat context initialized: 3 enemies, Elation team size: 0
ACTION > [ENEMY] TotalAV: 421.025 | TurnAV: 0.000 | Enemy 2 | 1 attacks
    CharEnergy - Archer: Hit 0.000 Total: 18.333 | RinTohsaka: Hit 6.667 Total: 143.333 | Sparkle: Hit 6.667 Total: 25.888 | HuoHuo: Hit 3.333 Total: 102.934 |
    ENEMY  - Enemy 2 [aoe] dealt 287.7 to RinTohsaka (energy: 3.3, DEF: 1720, atkMul: 1.00, dmgMul: 1.00) | Shield Absorbed: 0.0 | HP Lost: 287.7 | HP: 1/3052 | Shield HP: 0
    ENEMY  - Enemy 2 [aoe] dealt 322.2 to Sparkle (energy: 3.3, DEF: 1413, atkMul: 1.00, dmgMul: 1.00) | Shield Absorbed: 0.0 | HP Lost: 322.2 | HP: 1/4359 | Shield HP: 0
    ENEMY  - Enemy 2 [aoe] dealt 287.7 to RinTohsaka (energy: 3.3, DEF: 1720, atkMul: 1.00, dmgMul: 1.00) | Shield Absorbed: 0.0 | HP Lost: 287.7 | HP: 1/3052 | Shield HP: 0
    ENEMY  - Enemy 2 [aoe] dealt 231.9 to HuoHuo (energy: 3.3, DEF: 2410, atkMul: 1.00, dmgMul: 1.00) | Shield Absorbed: 0.0 | HP Lost: 231.9 | HP: 4284/6140 | Shield HP: 0
    ENEMY  - Enemy 2 [aoe] dealt 322.2 to Sparkle (energy: 3.3, DEF: 1413, atkMul: 1.00, dmgMul: 1.00) | Shield Absorbed: 0.0 | HP Lost: 322.2 | HP: 1/4359 | Shield HP: 0
        Debuff RinTohsakaUltVuln expired
AV     > Enemy 2 AV reset to 76.923 | 130.000 SPD

<<< NEW TURN >>>
-   Sparkle AV: 0.000 ENERGY: 25.888 MaxHP: 4358.742 CurrHp 1.000 ShieldHP: 0.000
-   HuoHuo AV: 4.849 ENERGY: 102.934 MaxHP: 6139.808 CurrHp 4284.278 ShieldHP: 0.000
-   Enemy 1 AV: 26.722 ENERGY: 0.000 MaxHP: 5000000.000 CurrHp 64796.992 ShieldHP: 0.000
-   Archer AV: 32.982 ENERGY: 18.333 MaxHP: 3063.425 CurrHp 1690.411 ShieldHP: 0.000
-   RinTohsaka AV: 34.477 ENERGY: 143.333 MaxHP: 3051.570 CurrHp 1.000 ShieldHP: 0.000
-   Enemy 2 AV: 59.604 ENERGY: 0.000 MaxHP: 2000000.000 CurrHp 215883.413 ShieldHP: 0.000
-   Enemy 0 AV: 59.604 ENERGY: 0.000 MaxHP: 2000000.000 CurrHp 220617.336 ShieldHP: 0.000

Combat context set: 3 enemies, 4 players
Combat context initialized: 3 enemies, Elation team size: 0
ACTION > [CHAR] TotalAV: 438.344 | TurnAV: 17.319 | Sparkle | E-move
        Buff WarriorGoddessHealCD expired
    TURN   - SparkleSkill | Sparkle | SUP2 | NA attack | ['QUA'] | ['SKL'] | Scaling: ATK | TargetID: -1 | DMG/BREAK Splits: [0, 0]/[0, 0] | Energy Gained: 30 | SP Change: 0

        ----------Char Buffs----------
        BattleIsntOverERR | ERR% | Stacks: 1 | Value: 0.100 | Remaining Turns: 1 | TickDown: SUP2, PERM | Target: SUP2 | Affects: ['ALL']
        SacerdosSPD | SPD% | Stacks: 1 | Value: 0.060 | Remaining Turns: 1 | TickDown: SUP2, PERM | Target: SUP2 | Affects: ['ALL']
        KeelEFFRES | ERS% | Stacks: 1 | Value: 0.100 | Remaining Turns: 1 | TickDown: SUP2, PERM | Target: SUP2 | Affects: ['ALL']
        KeelCD(SUP2) | CD% | Stacks: 1 | Value: 0.100 | Remaining Turns: 1 | TickDown: SUP2, PERM | Target: SUP2 | Affects: ['ALL']
        SparkleTraceHP | HP% | Stacks: 1 | Value: 0.280 | Remaining Turns: 1 | TickDown: SUP2, PERM | Target: SUP2 | Affects: ['ALL']
        SparkleTraceCD | CD% | Stacks: 1 | Value: 0.240 | Remaining Turns: 1 | TickDown: SUP2, PERM | Target: SUP2 | Affects: ['ALL']
        SparkleTraceERS | ERS% | Stacks: 1 | Value: 0.100 | Remaining Turns: 1 | TickDown: SUP2, PERM | Target: SUP2 | Affects: ['ALL']
        SparkleTeamATK | ATK% | Stacks: 1 | Value: 0.450 | Remaining Turns: 1 | TickDown: SUP2, PERM | Target: SUP2 | Affects: ['ALL']
        KeelCD(SUS) | CD% | Stacks: 1 | Value: 0.100 | Remaining Turns: 1 | TickDown: SUP2, PERM | Target: SUP2 | Affects: ['ALL']
        SparkleVUL | VULN | Stacks: 3 | Value: 0.120 | Remaining Turns: 2 | TickDown: SUP2, END | Target: SUP2 | Affects: ['ALL']
        SparkleUltVUL | VULN | Stacks: 1 | Value: 0.180 | Remaining Turns: 2 | TickDown: SUP2, END | Target: SUP2 | Affects: ['ALL']
        RinTalentCD | CD% | Stacks: 1 | Value: 0.700 | Remaining Turns: 2 | TickDown: SUP2, END | Target: SUP2 | Affects: ['ALL']
        ----------End of Buff List----------
        ----------Enemy Debuffs----------
        ----------End of Debuff List----------
        ----------Healing List----------
        ----------End of Healing List----------
        ----------Shields List----------
        ----------End of Shields List----------
    GAUGE  - Enemy 1 toughness reduced by 0.000
    RESULT - SparkleSkill | Sparkle | SUP2 | DMG: 0.000 | ELADMG: 0.000 | Enemies Hit: [1] | Enemies Broken: [] | WB DMG: 0.000 | Energy: 38.832 | Amount HP Healed: 0.000 | Amount HP Lost: 0.000 | Sparkle Energy: 65/110 | SP: 3 | MaxSP: 11)
ADV    > Archer advanced by 50.000% from SparkleForward | NewAV: 0.000 | Priority: 19
AV     > Sparkle AV reset to 62.621 | 159.692 SPD

<<< NEW TURN >>>
-   Archer AV: 0.000 ENERGY: 18.333 MaxHP: 3063.425 CurrHp 1690.411 ShieldHP: 0.000
-   HuoHuo AV: 4.849 ENERGY: 102.934 MaxHP: 6139.808 CurrHp 4284.278 ShieldHP: 0.000
-   Enemy 1 AV: 26.722 ENERGY: 0.000 MaxHP: 5000000.000 CurrHp 64796.992 ShieldHP: 0.000
-   RinTohsaka AV: 34.477 ENERGY: 143.333 MaxHP: 3051.570 CurrHp 1.000 ShieldHP: 0.000
-   Enemy 2 AV: 59.604 ENERGY: 0.000 MaxHP: 2000000.000 CurrHp 215883.413 ShieldHP: 0.000
-   Enemy 0 AV: 59.604 ENERGY: 0.000 MaxHP: 2000000.000 CurrHp 220617.336 ShieldHP: 0.000
-   Sparkle AV: 62.621 ENERGY: 64.720 MaxHP: 4358.742 CurrHp 1.000 ShieldHP: 0.000

Combat context set: 3 enemies, 4 players
Combat context initialized: 3 enemies, Elation team size: 0
ACTION > [CHAR] TotalAV: 438.344 | TurnAV: 0.000 | Archer | E-move
        Buff WarriorGoddessHealCD expired
        Buff SkillDmg expired
CIRCUIT > Archer entered Circuit Connection (use 1/5)
    TURN   - ArcherSkill | Archer | DPS | ST attack | ['QUA'] | ['SKL'] | Scaling: ATK | TargetID: 1 | DMG/BREAK Splits: [3.6, 0]/[20, 0] | Energy Gained: 30 | SP Change: -2

        ----------Char Buffs----------
        IdealsBurnCR | CR% | Stacks: 1 | Value: 0.160 | Remaining Turns: 1 | TickDown: DPS, PERM | Target: DPS | Affects: ['ALL']
        IdealsBurnATK | ATK% | Stacks: 1 | Value: 0.400 | Remaining Turns: 1 | TickDown: DPS, PERM | Target: DPS | Affects: ['ALL']
        GeniusDMG | DMG% | Stacks: 1 | Value: 0.100 | Remaining Turns: 1 | TickDown: DPS, PERM | Target: DPS | Affects: ['ALL']
        GeniusSHRED | SHRED | Stacks: 1 | Value: 0.200 | Remaining Turns: 1 | TickDown: DPS, PERM | Target: DPS | Affects: ['ALL']
        TengokuCD | CD% | Stacks: 1 | Value: 0.160 | Remaining Turns: 1 | TickDown: DPS, PERM | Target: DPS | Affects: ['ALL']
        ArcherTraceCR | CD% | Stacks: 1 | Value: 0.067 | Remaining Turns: 1 | TickDown: DPS, PERM | Target: DPS | Affects: ['ALL']
        ArcherTraceATK | ATK% | Stacks: 1 | Value: 0.180 | Remaining Turns: 1 | TickDown: DPS, PERM | Target: DPS | Affects: ['ALL']
        ArcherTraceDMG | DMG% | Stacks: 1 | Value: 0.224 | Remaining Turns: 1 | TickDown: DPS, PERM | Target: DPS | Affects: ['ALL']
        KeelCD(SUP2) | CD% | Stacks: 1 | Value: 0.100 | Remaining Turns: 1 | TickDown: DPS, PERM | Target: DPS | Affects: ['ALL']
        SparkleTeamATK | ATK% | Stacks: 1 | Value: 0.450 | Remaining Turns: 1 | TickDown: DPS, PERM | Target: DPS | Affects: ['ALL']
        KeelCD(SUS) | CD% | Stacks: 1 | Value: 0.100 | Remaining Turns: 1 | TickDown: DPS, PERM | Target: DPS | Affects: ['ALL']
        RinTohsakaAllyTrace1ATK | ATK% | Stacks: 1 | Value: 1.500 | Remaining Turns: 1 | TickDown: DPS, PERM | Target: DPS | Affects: ['ALL']
        RinTohsakaAllyTrace1PEN | QUAPEN | Stacks: 1 | Value: 0.150 | Remaining Turns: 1 | TickDown: DPS, PERM | Target: DPS | Affects: ['ALL']
        SparkleVUL | VULN | Stacks: 3 | Value: 0.120 | Remaining Turns: 2 | TickDown: DPS, END | Target: DPS | Affects: ['ALL']
        RinTalentCD | CD% | Stacks: 1 | Value: 0.700 | Remaining Turns: 2 | TickDown: DPS, END | Target: DPS | Affects: ['ALL']
        SacerdosCDSUP2 | CD% | Stacks: 2 | Value: 0.360 | Remaining Turns: 2 | TickDown: DPS, END | Target: DPS | Affects: ['ALL']
        SparkleCD | CD% | Stacks: 1 | Value: 1.175 | Remaining Turns: 2 | TickDown: DPS, END | Target: DPS | Affects: ['ALL']
        SparklePEN | PEN | Stacks: 1 | Value: 0.100 | Remaining Turns: 2 | TickDown: DPS, END | Target: DPS | Affects: ['ALL']
        SparkleUltVUL | VULN | Stacks: 1 | Value: 0.180 | Remaining Turns: 2 | TickDown: DPS, END | Target: DPS | Affects: ['ALL']
        IdealsBurnSKLATK | ATK% | Stacks: 1 | Value: 0.400 | Remaining Turns: 1 | TickDown: DPS, PERM | Target: DPS | Affects: ['ALL']
        TengokuSPArcherCD | CD% | Stacks: 1 | Value: 0.320 | Remaining Turns: 2 | TickDown: DPS, END | Target: DPS | Affects: ['ALL']
        Trace3CD | CD% | Stacks: 1 | Value: 1.200 | Remaining Turns: 1 | TickDown: DPS, END | Target: DPS | Affects: ['ALL']
        BattleIsntOverDMGRole.SUP2 | DMG% | Stacks: 1 | Value: 0.300 | Remaining Turns: 1 | TickDown: DPS, END | Target: DPS | Affects: ['ALL']
        ----------End of Buff List----------
        ----------Enemy Debuffs----------
        RinTohsakaUltVuln | From: SUP1 | VULN | Stacks: 1 | Value: 0.200 | Remaining Turns: 1 | Target: 1 | Targeting: AOE | Affects: ['ALL'] | DOT: False | Blast: False
        Enemy 1 QUA-break | From: DPS | ENTANGLE | Stacks: 1 | Value: 34076.706 | Remaining Turns: 1 | Target: 1 | Targeting: ST | Affects: ['ALL'] | DOT: False | Blast: False
        ----------End of Debuff List----------
        ----------Healing List----------
        ----------End of Healing List----------
        ----------Shields List----------
        ----------End of Shields List----------
    KILL   - Archer killed Enemy 1 (overkill: 548061.6)
    SPAWN  - Enemy 1 respawned at full HP, AV set to 0
    GAUGE  - Enemy 1 toughness reduced by 20.000
    RESULT - ArcherSkill | Archer | DPS | DMG: 258841.069 | ELADMG: 0.000 | Enemies Hit: [1] | Enemies Broken: [] | WB DMG: 0.000 | Energy: 30.000 | Amount HP Healed: 0.000 | Amount HP Lost: 0.000 | Archer Energy: 48/220 | SP: 1 | MaxSP: 11)
Rin has obtained 2 Gem Energy from SP and now has 22 Gem Energy
    TURN   - ArcherJointAttack | Archer | DPS | AOE attack | ['QUA'] | ['FUA'] | Scaling: ATK | TargetID: 1 | DMG/BREAK Splits: [3.0, 0]/[0, 0] | Energy Gained: 0 | SP Change: 0

        ----------Char Buffs----------
        IdealsBurnCR | CR% | Stacks: 1 | Value: 0.160 | Remaining Turns: 1 | TickDown: DPS, PERM | Target: DPS | Affects: ['ALL']
        IdealsBurnATK | ATK% | Stacks: 1 | Value: 0.400 | Remaining Turns: 1 | TickDown: DPS, PERM | Target: DPS | Affects: ['ALL']
        GeniusDMG | DMG% | Stacks: 1 | Value: 0.100 | Remaining Turns: 1 | TickDown: DPS, PERM | Target: DPS | Affects: ['ALL']
        GeniusSHRED | SHRED | Stacks: 1 | Value: 0.200 | Remaining Turns: 1 | TickDown: DPS, PERM | Target: DPS | Affects: ['ALL']
        TengokuCD | CD% | Stacks: 1 | Value: 0.160 | Remaining Turns: 1 | TickDown: DPS, PERM | Target: DPS | Affects: ['ALL']
        ArcherTraceCR | CD% | Stacks: 1 | Value: 0.067 | Remaining Turns: 1 | TickDown: DPS, PERM | Target: DPS | Affects: ['ALL']
        ArcherTraceATK | ATK% | Stacks: 1 | Value: 0.180 | Remaining Turns: 1 | TickDown: DPS, PERM | Target: DPS | Affects: ['ALL']
        ArcherTraceDMG | DMG% | Stacks: 1 | Value: 0.224 | Remaining Turns: 1 | TickDown: DPS, PERM | Target: DPS | Affects: ['ALL']
        KeelCD(SUP2) | CD% | Stacks: 1 | Value: 0.100 | Remaining Turns: 1 | TickDown: DPS, PERM | Target: DPS | Affects: ['ALL']
        SparkleTeamATK | ATK% | Stacks: 1 | Value: 0.450 | Remaining Turns: 1 | TickDown: DPS, PERM | Target: DPS | Affects: ['ALL']
        KeelCD(SUS) | CD% | Stacks: 1 | Value: 0.100 | Remaining Turns: 1 | TickDown: DPS, PERM | Target: DPS | Affects: ['ALL']
        RinTohsakaAllyTrace1ATK | ATK% | Stacks: 1 | Value: 1.500 | Remaining Turns: 1 | TickDown: DPS, PERM | Target: DPS | Affects: ['ALL']
        RinTohsakaAllyTrace1PEN | QUAPEN | Stacks: 1 | Value: 0.150 | Remaining Turns: 1 | TickDown: DPS, PERM | Target: DPS | Affects: ['ALL']
        SparkleVUL | VULN | Stacks: 3 | Value: 0.120 | Remaining Turns: 2 | TickDown: DPS, END | Target: DPS | Affects: ['ALL']
        RinTalentCD | CD% | Stacks: 1 | Value: 0.700 | Remaining Turns: 2 | TickDown: DPS, END | Target: DPS | Affects: ['ALL']
        SacerdosCDSUP2 | CD% | Stacks: 2 | Value: 0.360 | Remaining Turns: 2 | TickDown: DPS, END | Target: DPS | Affects: ['ALL']
        SparkleCD | CD% | Stacks: 1 | Value: 1.175 | Remaining Turns: 2 | TickDown: DPS, END | Target: DPS | Affects: ['ALL']
        SparklePEN | PEN | Stacks: 1 | Value: 0.100 | Remaining Turns: 2 | TickDown: DPS, END | Target: DPS | Affects: ['ALL']
        SparkleUltVUL | VULN | Stacks: 1 | Value: 0.180 | Remaining Turns: 2 | TickDown: DPS, END | Target: DPS | Affects: ['ALL']
        IdealsBurnSKLATK | ATK% | Stacks: 1 | Value: 0.400 | Remaining Turns: 1 | TickDown: DPS, PERM | Target: DPS | Affects: ['ALL']
        TengokuSPArcherCD | CD% | Stacks: 1 | Value: 0.320 | Remaining Turns: 3 | TickDown: DPS, END | Target: DPS | Affects: ['ALL']
        Trace3CD | CD% | Stacks: 1 | Value: 1.200 | Remaining Turns: 1 | TickDown: DPS, END | Target: DPS | Affects: ['ALL']
        BattleIsntOverDMGRole.SUP2 | DMG% | Stacks: 1 | Value: 0.300 | Remaining Turns: 1 | TickDown: DPS, END | Target: DPS | Affects: ['ALL']
        ----------End of Buff List----------
        ----------Enemy Debuffs----------
        RinTohsakaUltVuln | From: SUP1 | VULN | Stacks: 1 | Value: 0.200 | Remaining Turns: 1 | Target: 1 | Targeting: AOE | Affects: ['ALL'] | DOT: False | Blast: False
        Enemy 1 QUA-break | From: DPS | ENTANGLE | Stacks: 1 | Value: 34076.706 | Remaining Turns: 1 | Target: 1 | Targeting: ST | Affects: ['ALL'] | DOT: False | Blast: False
        ----------End of Debuff List----------
        ----------Healing List----------
        ----------End of Healing List----------
        ----------Shields List----------
        ----------End of Shields List----------
    GAUGE  - Enemy 0 toughness reduced by 0.000
    GAUGE  - Enemy 1 toughness reduced by 0.000
    GAUGE  - Enemy 2 toughness reduced by 0.000
    RESULT - ArcherJointAttack | Archer | DPS | DMG: 578078.387 | ELADMG: 0.000 | Enemies Hit: [0, 1, 2] | Enemies Broken: [] | WB DMG: 0.000 | Energy: 0.000 | Amount HP Healed: 0.000 | Amount HP Lost: 0.000 | Archer Energy: 48/220 | SP: 1 | MaxSP: 11)
    TURN   - RinTohsakaJointAttack | RinTohsaka | SUP1 | AOE attack | ['QUA'] | ['FUA'] | Scaling: ATK | TargetID: 1 | DMG/BREAK Splits: [3.0, 0]/[20, 0] | Energy Gained: 10 | SP Change: 4

        ----------Char Buffs----------
        CalculusATK | ATK% | Stacks: 1 | Value: 0.120 | Remaining Turns: 1 | TickDown: SUP1, PERM | Target: SUP1 | Affects: ['ALL']
        GeniusDMG | DMG% | Stacks: 1 | Value: 0.100 | Remaining Turns: 1 | TickDown: SUP1, PERM | Target: SUP1 | Affects: ['ALL']
        GeniusSHRED | SHRED | Stacks: 1 | Value: 0.200 | Remaining Turns: 1 | TickDown: SUP1, PERM | Target: SUP1 | Affects: ['ALL']
        RutilantCR | CR% | Stacks: 1 | Value: 0.080 | Remaining Turns: 1 | TickDown: SUP1, PERM | Target: SUP1 | Affects: ['ALL']
        RinTohsakaTraceCD | CD% | Stacks: 1 | Value: 0.373 | Remaining Turns: 1 | TickDown: SUP1, PERM | Target: SUP1 | Affects: ['ALL']
        RinTohsakaTraceATK | ATK% | Stacks: 1 | Value: 0.180 | Remaining Turns: 1 | TickDown: SUP1, PERM | Target: SUP1 | Affects: ['ALL']
        RinTohsakaTraceDMG | DMG% | Stacks: 1 | Value: 0.080 | Remaining Turns: 1 | TickDown: SUP1, PERM | Target: SUP1 | Affects: ['ALL']
        RinTohsakaTrace1ATK | ATK% | Stacks: 1 | Value: 1.500 | Remaining Turns: 1 | TickDown: SUP1, PERM | Target: SUP1 | Affects: ['ALL']
        RinTohsakaTrace1PEN | QUAPEN | Stacks: 1 | Value: 0.150 | Remaining Turns: 1 | TickDown: SUP1, PERM | Target: SUP1 | Affects: ['ALL']
        KeelCD(SUP2) | CD% | Stacks: 1 | Value: 0.100 | Remaining Turns: 1 | TickDown: SUP1, PERM | Target: SUP1 | Affects: ['ALL']
        SparkleTeamATK | ATK% | Stacks: 1 | Value: 0.450 | Remaining Turns: 1 | TickDown: SUP1, PERM | Target: SUP1 | Affects: ['ALL']
        KeelCD(SUS) | CD% | Stacks: 1 | Value: 0.100 | Remaining Turns: 1 | TickDown: SUP1, PERM | Target: SUP1 | Affects: ['ALL']
        CalculusHitATK | ATK% | Stacks: 1 | Value: 0.080 | Remaining Turns: 1 | TickDown: SUP1, PERM | Target: SUP1 | Affects: ['ALL']
        TalentCD | CD% | Stacks: 1 | Value: 0.700 | Remaining Turns: 1 | TickDown: SUP1, END | Target: SUP1 | Affects: ['ALL']
        SparkleVUL | VULN | Stacks: 3 | Value: 0.120 | Remaining Turns: 2 | TickDown: SUP1, END | Target: SUP1 | Affects: ['ALL']
        SparkleUltVUL | VULN | Stacks: 1 | Value: 0.180 | Remaining Turns: 2 | TickDown: SUP1, END | Target: SUP1 | Affects: ['ALL']
        EnhancedSkillSPD | SPD% | Stacks: 1 | Value: 0.200 | Remaining Turns: 2 | TickDown: SUP1, END | Target: SUP1 | Affects: ['ALL']
        ----------End of Buff List----------
        ----------Enemy Debuffs----------
        RinTohsakaUltVuln | From: SUP1 | VULN | Stacks: 1 | Value: 0.200 | Remaining Turns: 1 | Target: 1 | Targeting: AOE | Affects: ['ALL'] | DOT: False | Blast: False
        Enemy 1 QUA-break | From: DPS | ENTANGLE | Stacks: 1 | Value: 34076.706 | Remaining Turns: 1 | Target: 1 | Targeting: ST | Affects: ['ALL'] | DOT: False | Blast: False
        ----------End of Debuff List----------
        ----------Healing List----------
        ----------End of Healing List----------
        ----------Shields List----------
        ----------End of Shields List----------
    KILL   - RinTohsaka killed Enemy 0 (overkill: 26600.3)
    SPAWN  - Enemy 0 respawned at full HP, AV set to 0
    GAUGE  - Enemy 0 toughness reduced by 20.000
    GAUGE  - Enemy 1 toughness reduced by 20.000
    GAUGE  - Enemy 2 toughness reduced by 20.000
    RESULT - RinTohsakaJointAttack | RinTohsaka | SUP1 | DMG: 158080.922 | ELADMG: 0.000 | Enemies Hit: [0, 1, 2] | Enemies Broken: [0] | WB DMG: 5669.591 | Energy: 10.000 | Amount HP Healed: 0.000 | Amount HP Lost: 0.000 | RinTohsaka Energy: 153/160 | SP: 5 | MaxSP: 11)
Rin has obtained 4 Gem Energy from SP and now has 26 Gem Energy
ERR    > 1.294 energy added to Sparkle from SparkleTalentERR | Sparkle Energy: 66.014
ACTION > [CIRCUIT] TotalAV: 438.344 | Archer | circuit skill use 2
CIRCUIT > Archer Circuit skill use 2/5
    TURN   - ArcherSkill | Archer | DPS | ST attack | ['QUA'] | ['SKL'] | Scaling: ATK | TargetID: 1 | DMG/BREAK Splits: [3.6, 0]/[20, 0] | Energy Gained: 30 | SP Change: -2

        ----------Char Buffs----------
        IdealsBurnCR | CR% | Stacks: 1 | Value: 0.160 | Remaining Turns: 1 | TickDown: DPS, PERM | Target: DPS | Affects: ['ALL']
        IdealsBurnATK | ATK% | Stacks: 1 | Value: 0.400 | Remaining Turns: 1 | TickDown: DPS, PERM | Target: DPS | Affects: ['ALL']
        GeniusDMG | DMG% | Stacks: 1 | Value: 0.100 | Remaining Turns: 1 | TickDown: DPS, PERM | Target: DPS | Affects: ['ALL']
        GeniusSHRED | SHRED | Stacks: 1 | Value: 0.200 | Remaining Turns: 1 | TickDown: DPS, PERM | Target: DPS | Affects: ['ALL']
        TengokuCD | CD% | Stacks: 1 | Value: 0.160 | Remaining Turns: 1 | TickDown: DPS, PERM | Target: DPS | Affects: ['ALL']
        ArcherTraceCR | CD% | Stacks: 1 | Value: 0.067 | Remaining Turns: 1 | TickDown: DPS, PERM | Target: DPS | Affects: ['ALL']
        ArcherTraceATK | ATK% | Stacks: 1 | Value: 0.180 | Remaining Turns: 1 | TickDown: DPS, PERM | Target: DPS | Affects: ['ALL']
        ArcherTraceDMG | DMG% | Stacks: 1 | Value: 0.224 | Remaining Turns: 1 | TickDown: DPS, PERM | Target: DPS | Affects: ['ALL']
        KeelCD(SUP2) | CD% | Stacks: 1 | Value: 0.100 | Remaining Turns: 1 | TickDown: DPS, PERM | Target: DPS | Affects: ['ALL']
        SparkleTeamATK | ATK% | Stacks: 1 | Value: 0.450 | Remaining Turns: 1 | TickDown: DPS, PERM | Target: DPS | Affects: ['ALL']
        KeelCD(SUS) | CD% | Stacks: 1 | Value: 0.100 | Remaining Turns: 1 | TickDown: DPS, PERM | Target: DPS | Affects: ['ALL']
        RinTohsakaAllyTrace1ATK | ATK% | Stacks: 1 | Value: 1.500 | Remaining Turns: 1 | TickDown: DPS, PERM | Target: DPS | Affects: ['ALL']
        RinTohsakaAllyTrace1PEN | QUAPEN | Stacks: 1 | Value: 0.150 | Remaining Turns: 1 | TickDown: DPS, PERM | Target: DPS | Affects: ['ALL']
        SparkleVUL | VULN | Stacks: 3 | Value: 0.120 | Remaining Turns: 2 | TickDown: DPS, END | Target: DPS | Affects: ['ALL']
        RinTalentCD | CD% | Stacks: 1 | Value: 0.700 | Remaining Turns: 2 | TickDown: DPS, END | Target: DPS | Affects: ['ALL']
        SacerdosCDSUP2 | CD% | Stacks: 2 | Value: 0.360 | Remaining Turns: 2 | TickDown: DPS, END | Target: DPS | Affects: ['ALL']
        SparkleCD | CD% | Stacks: 1 | Value: 1.175 | Remaining Turns: 2 | TickDown: DPS, END | Target: DPS | Affects: ['ALL']
        SparklePEN | PEN | Stacks: 1 | Value: 0.100 | Remaining Turns: 2 | TickDown: DPS, END | Target: DPS | Affects: ['ALL']
        SparkleUltVUL | VULN | Stacks: 1 | Value: 0.180 | Remaining Turns: 2 | TickDown: DPS, END | Target: DPS | Affects: ['ALL']
        IdealsBurnSKLATK | ATK% | Stacks: 1 | Value: 0.400 | Remaining Turns: 1 | TickDown: DPS, PERM | Target: DPS | Affects: ['ALL']
        TengokuSPArcherCD | CD% | Stacks: 1 | Value: 0.320 | Remaining Turns: 3 | TickDown: DPS, END | Target: DPS | Affects: ['ALL']
        Trace3CD | CD% | Stacks: 1 | Value: 1.200 | Remaining Turns: 1 | TickDown: DPS, END | Target: DPS | Affects: ['ALL']
        BattleIsntOverDMGRole.SUP2 | DMG% | Stacks: 1 | Value: 0.300 | Remaining Turns: 1 | TickDown: DPS, END | Target: DPS | Affects: ['ALL']
        SkillDmg | DMG% | Stacks: 1 | Value: 1.000 | Remaining Turns: 1 | TickDown: DPS, START | Target: DPS | Affects: ['SKL']
        ----------End of Buff List----------
        ----------Enemy Debuffs----------
        RinTohsakaUltVuln | From: SUP1 | VULN | Stacks: 1 | Value: 0.200 | Remaining Turns: 1 | Target: 1 | Targeting: AOE | Affects: ['ALL'] | DOT: False | Blast: False
        Enemy 1 QUA-break | From: DPS | ENTANGLE | Stacks: 1 | Value: 34076.706 | Remaining Turns: 1 | Target: 1 | Targeting: ST | Affects: ['ALL'] | DOT: False | Blast: False
        ----------End of Debuff List----------
        ----------Healing List----------
        ----------End of Healing List----------
        ----------Shields List----------
        ----------End of Shields List----------
    GAUGE  - Enemy 1 toughness reduced by 20.000
    RESULT - ArcherSkill | Archer | DPS | DMG: 387438.388 | ELADMG: 0.000 | Enemies Hit: [1] | Enemies Broken: [] | WB DMG: 0.000 | Energy: 30.000 | Amount HP Healed: 0.000 | Amount HP Lost: 0.000 | Archer Energy: 78/220 | SP: 3 | MaxSP: 11)
Rin has obtained 2 Gem Energy from SP and now has 28 Gem Energy
ERR    > 1.294 energy added to Sparkle from SparkleTalentERR | Sparkle Energy: 67.308
ACTION > [CIRCUIT] TotalAV: 438.344 | Archer | circuit skill use 3
CIRCUIT > Archer Circuit skill use 3/5
CIRCUIT > Archer exited Circuit Connection state
    TURN   - ArcherSkill | Archer | DPS | ST attack | ['QUA'] | ['SKL'] | Scaling: ATK | TargetID: 1 | DMG/BREAK Splits: [3.6, 0]/[20, 0] | Energy Gained: 30 | SP Change: -2

        ----------Char Buffs----------
        IdealsBurnCR | CR% | Stacks: 1 | Value: 0.160 | Remaining Turns: 1 | TickDown: DPS, PERM | Target: DPS | Affects: ['ALL']
        IdealsBurnATK | ATK% | Stacks: 1 | Value: 0.400 | Remaining Turns: 1 | TickDown: DPS, PERM | Target: DPS | Affects: ['ALL']
        GeniusDMG | DMG% | Stacks: 1 | Value: 0.100 | Remaining Turns: 1 | TickDown: DPS, PERM | Target: DPS | Affects: ['ALL']
        GeniusSHRED | SHRED | Stacks: 1 | Value: 0.200 | Remaining Turns: 1 | TickDown: DPS, PERM | Target: DPS | Affects: ['ALL']
        TengokuCD | CD% | Stacks: 1 | Value: 0.160 | Remaining Turns: 1 | TickDown: DPS, PERM | Target: DPS | Affects: ['ALL']
        ArcherTraceCR | CD% | Stacks: 1 | Value: 0.067 | Remaining Turns: 1 | TickDown: DPS, PERM | Target: DPS | Affects: ['ALL']
        ArcherTraceATK | ATK% | Stacks: 1 | Value: 0.180 | Remaining Turns: 1 | TickDown: DPS, PERM | Target: DPS | Affects: ['ALL']
        ArcherTraceDMG | DMG% | Stacks: 1 | Value: 0.224 | Remaining Turns: 1 | TickDown: DPS, PERM | Target: DPS | Affects: ['ALL']
        KeelCD(SUP2) | CD% | Stacks: 1 | Value: 0.100 | Remaining Turns: 1 | TickDown: DPS, PERM | Target: DPS | Affects: ['ALL']
        SparkleTeamATK | ATK% | Stacks: 1 | Value: 0.450 | Remaining Turns: 1 | TickDown: DPS, PERM | Target: DPS | Affects: ['ALL']
        KeelCD(SUS) | CD% | Stacks: 1 | Value: 0.100 | Remaining Turns: 1 | TickDown: DPS, PERM | Target: DPS | Affects: ['ALL']
        RinTohsakaAllyTrace1ATK | ATK% | Stacks: 1 | Value: 1.500 | Remaining Turns: 1 | TickDown: DPS, PERM | Target: DPS | Affects: ['ALL']
        RinTohsakaAllyTrace1PEN | QUAPEN | Stacks: 1 | Value: 0.150 | Remaining Turns: 1 | TickDown: DPS, PERM | Target: DPS | Affects: ['ALL']
        SparkleVUL | VULN | Stacks: 3 | Value: 0.120 | Remaining Turns: 2 | TickDown: DPS, END | Target: DPS | Affects: ['ALL']
        RinTalentCD | CD% | Stacks: 1 | Value: 0.700 | Remaining Turns: 2 | TickDown: DPS, END | Target: DPS | Affects: ['ALL']
        SacerdosCDSUP2 | CD% | Stacks: 2 | Value: 0.360 | Remaining Turns: 2 | TickDown: DPS, END | Target: DPS | Affects: ['ALL']
        SparkleCD | CD% | Stacks: 1 | Value: 1.175 | Remaining Turns: 2 | TickDown: DPS, END | Target: DPS | Affects: ['ALL']
        SparklePEN | PEN | Stacks: 1 | Value: 0.100 | Remaining Turns: 2 | TickDown: DPS, END | Target: DPS | Affects: ['ALL']
        SparkleUltVUL | VULN | Stacks: 1 | Value: 0.180 | Remaining Turns: 2 | TickDown: DPS, END | Target: DPS | Affects: ['ALL']
        IdealsBurnSKLATK | ATK% | Stacks: 1 | Value: 0.400 | Remaining Turns: 1 | TickDown: DPS, PERM | Target: DPS | Affects: ['ALL']
        TengokuSPArcherCD | CD% | Stacks: 1 | Value: 0.320 | Remaining Turns: 3 | TickDown: DPS, END | Target: DPS | Affects: ['ALL']
        Trace3CD | CD% | Stacks: 1 | Value: 1.200 | Remaining Turns: 1 | TickDown: DPS, END | Target: DPS | Affects: ['ALL']
        BattleIsntOverDMGRole.SUP2 | DMG% | Stacks: 1 | Value: 0.300 | Remaining Turns: 1 | TickDown: DPS, END | Target: DPS | Affects: ['ALL']
        SkillDmg | DMG% | Stacks: 2 | Value: 2.000 | Remaining Turns: 1 | TickDown: DPS, START | Target: DPS | Affects: ['SKL']
        ----------End of Buff List----------
        ----------Enemy Debuffs----------
        RinTohsakaUltVuln | From: SUP1 | VULN | Stacks: 1 | Value: 0.200 | Remaining Turns: 1 | Target: 1 | Targeting: AOE | Affects: ['ALL'] | DOT: False | Blast: False
        Enemy 1 QUA-break | From: DPS | ENTANGLE | Stacks: 1 | Value: 34076.706 | Remaining Turns: 1 | Target: 1 | Targeting: ST | Affects: ['ALL'] | DOT: False | Blast: False
        ----------End of Debuff List----------
        ----------Healing List----------
        ----------End of Healing List----------
        ----------Shields List----------
        ----------End of Shields List----------
    GAUGE  - Enemy 1 toughness reduced by 20.000
    RESULT - ArcherSkill | Archer | DPS | DMG: 516035.706 | ELADMG: 0.000 | Enemies Hit: [1] | Enemies Broken: [] | WB DMG: 0.000 | Energy: 30.000 | Amount HP Healed: 0.000 | Amount HP Lost: 0.000 | Archer Energy: 108/220 | SP: 1 | MaxSP: 11)
Rin has obtained 2 Gem Energy from SP and now has 30 Gem Energy
ERR    > 1.294 energy added to Sparkle from SparkleTalentERR | Sparkle Energy: 68.603
        Buff Trace3CD expired
        Buff BattleIsntOverDMGRole.SUP2 expired
SPD    > RinTohsaka speed changed to 182.152 | NewAV: 31.388
AV     > Archer AV reset to 95.602 | 104.600 SPD
DELAY  > Enemy 0 delayed by 25.0% from STDBreakDelay | NewAV: 78.835
DELAY  > Enemy 0 delayed by 22.3% from QUA-break | NewAV: 96.014

<<< NEW TURN >>>
-   HuoHuo AV: 0.000 ENERGY: 102.934 MaxHP: 6139.808 CurrHp 4284.278 ShieldHP: 0.000
-   Enemy 1 AV: 21.873 ENERGY: 0.000 MaxHP: 5000000.000 CurrHp 3821839.597 ShieldHP: 0.000
-   RinTohsaka AV: 26.539 ENERGY: 153.333 MaxHP: 3051.570 CurrHp 1.000 ShieldHP: 0.000
-   Enemy 2 AV: 54.756 ENERGY: 0.000 MaxHP: 2000000.000 CurrHp 1628.092 ShieldHP: 0.000
-   Sparkle AV: 57.772 ENERGY: 68.603 MaxHP: 4358.742 CurrHp 1.000 ShieldHP: 0.000
-   Archer AV: 90.754 ENERGY: 108.333 MaxHP: 3063.425 CurrHp 1690.411 ShieldHP: 0.000
-   Enemy 0 AV: 91.166 ENERGY: 0.000 MaxHP: 2000000.000 CurrHp 2000000.000 ShieldHP: 0.000

Combat context set: 3 enemies, 4 players
Combat context initialized: 3 enemies, Elation team size: 0
ACTION > [CHAR] TotalAV: 443.192 | TurnAV: 4.849 | HuoHuo | E-move
    TURN   - HuoHuoSkill | HuoHuo | SUS | NA attack | ['WIN'] | ['SKL'] | Scaling: HP | TargetID: -1 | DMG/BREAK Splits: [0, 0]/[0, 0] | Energy Gained: 30 | SP Change: -1

        ----------Char Buffs----------
        KeelCD(SUP2) | CD% | Stacks: 1 | Value: 0.100 | Remaining Turns: 1 | TickDown: SUS, PERM | Target: SUS | Affects: ['ALL']
        SparkleTeamATK | ATK% | Stacks: 1 | Value: 0.450 | Remaining Turns: 1 | TickDown: SUS, PERM | Target: SUS | Affects: ['ALL']
        PostOpERR | ERR% | Stacks: 1 | Value: 0.160 | Remaining Turns: 1 | TickDown: SUS, PERM | Target: SUS | Affects: ['ALL']
        WarriorGoddessSPD | SPD% | Stacks: 1 | Value: 0.060 | Remaining Turns: 1 | TickDown: SUS, PERM | Target: SUS | Affects: ['ALL']
        KeelEFFRES | ERS% | Stacks: 1 | Value: 0.100 | Remaining Turns: 1 | TickDown: SUS, PERM | Target: SUS | Affects: ['ALL']
        KeelCD(SUS) | CD% | Stacks: 1 | Value: 0.100 | Remaining Turns: 1 | TickDown: SUS, PERM | Target: SUS | Affects: ['ALL']
        HHTraceHP | HP% | Stacks: 1 | Value: 0.280 | Remaining Turns: 1 | TickDown: SUS, PERM | Target: SUS | Affects: ['ALL']
        HHTraceERS | ERS% | Stacks: 1 | Value: 0.180 | Remaining Turns: 1 | TickDown: SUS, PERM | Target: SUS | Affects: ['ALL']
        HHTraceSPD | SPD | Stacks: 1 | Value: 5.000 | Remaining Turns: 1 | TickDown: SUS, PERM | Target: SUS | Affects: ['ALL']
        SparkleVUL | VULN | Stacks: 3 | Value: 0.120 | Remaining Turns: 2 | TickDown: SUS, END | Target: SUS | Affects: ['ALL']
        SparkleUltVUL | VULN | Stacks: 1 | Value: 0.180 | Remaining Turns: 2 | TickDown: SUS, END | Target: SUS | Affects: ['ALL']
        RinTalentCD | CD% | Stacks: 1 | Value: 0.700 | Remaining Turns: 1 | TickDown: SUS, END | Target: SUS | Affects: ['ALL']
        ----------End of Buff List----------
        ----------Enemy Debuffs----------
        ----------End of Debuff List----------
        ----------Healing List----------
        HuoHuoSkillHealingScaling | Targeting: Targeting.BLAST | Healing Value: [0.24] | Target: ALL
        HuoHuoSkillHealingScaling | Targeting: Targeting.BLAST | Healing Value: [0.24] | Target: ALL
        HuoHuoSkillHealingScaling | Targeting: Targeting.BLAST | Healing Value: [0.24] | Target: ALL
        HuoHuoSkillHealingScaling | Targeting: Targeting.BLAST | Healing Value: [0.24] | Target: ALL
        HuoHuoSkillHealingScaling | Targeting: Targeting.BLAST | Healing Value: [0.24] | Target: ALL
        HuoHuoSkillHealingScaling | Targeting: Targeting.BLAST | Healing Value: [0.24] | Target: ALL
        HuoHuoSkillHealingFlat | Targeting: Targeting.BLAST | Healing Value: [640] | Target: ALL
        HuoHuoSkillHealingFlat | Targeting: Targeting.BLAST | Healing Value: [640] | Target: ALL
        HuoHuoSkillHealingFlat | Targeting: Targeting.BLAST | Healing Value: [640] | Target: ALL
        HuoHuoSkillHealingFlat | Targeting: Targeting.BLAST | Healing Value: [640] | Target: ALL
        HuoHuoSkillHealingFlat | Targeting: Targeting.BLAST | Healing Value: [640] | Target: ALL
        HuoHuoSkillHealingFlat | Targeting: Targeting.BLAST | Healing Value: [640] | Target: ALL
        ----------End of Healing List----------
        ----------Shields List----------
        ----------End of Shields List----------
    GAUGE  - Enemy 0 toughness reduced by 0.000
    RESULT - HuoHuoSkill | HuoHuo | SUS | DMG: 0.000 | ELADMG: 0.000 | Enemies Hit: [0] | Enemies Broken: [] | WB DMG: 0.000 | Energy: 40.632 | Amount HP Healed: 7931.292 | Amount HP Lost: 0.000 | HuoHuo Energy: 140/140 | SP: 0 | MaxSP: 11)
Rin has obtained 1 Gem Energy from SP and now has 31 Gem Energy
ULT    > HuoHuo used their ultimate
    TURN   - HuoHuoUlt | HuoHuo | SUS | NA attack | ['WIN'] | ['ULT'] | Scaling: HP | TargetID: -1 | DMG/BREAK Splits: [0, 0]/[0, 0] | Energy Gained: 5 | SP Change: 0

        ----------Char Buffs----------
        KeelCD(SUP2) | CD% | Stacks: 1 | Value: 0.100 | Remaining Turns: 1 | TickDown: SUS, PERM | Target: SUS | Affects: ['ALL']
        SparkleTeamATK | ATK% | Stacks: 1 | Value: 0.450 | Remaining Turns: 1 | TickDown: SUS, PERM | Target: SUS | Affects: ['ALL']
        PostOpERR | ERR% | Stacks: 1 | Value: 0.160 | Remaining Turns: 1 | TickDown: SUS, PERM | Target: SUS | Affects: ['ALL']
        PostOpOGH | OGH% | Stacks: 1 | Value: 0.240 | Remaining Turns: 1 | TickDown: SUS, PERM | Target: SUS | Affects: ['ULT']
        WarriorGoddessSPD | SPD% | Stacks: 1 | Value: 0.060 | Remaining Turns: 1 | TickDown: SUS, PERM | Target: SUS | Affects: ['ALL']
        KeelEFFRES | ERS% | Stacks: 1 | Value: 0.100 | Remaining Turns: 1 | TickDown: SUS, PERM | Target: SUS | Affects: ['ALL']
        KeelCD(SUS) | CD% | Stacks: 1 | Value: 0.100 | Remaining Turns: 1 | TickDown: SUS, PERM | Target: SUS | Affects: ['ALL']
        HHTraceHP | HP% | Stacks: 1 | Value: 0.280 | Remaining Turns: 1 | TickDown: SUS, PERM | Target: SUS | Affects: ['ALL']
        HHTraceERS | ERS% | Stacks: 1 | Value: 0.180 | Remaining Turns: 1 | TickDown: SUS, PERM | Target: SUS | Affects: ['ALL']
        HHTraceSPD | SPD | Stacks: 1 | Value: 5.000 | Remaining Turns: 1 | TickDown: SUS, PERM | Target: SUS | Affects: ['ALL']
        SparkleVUL | VULN | Stacks: 3 | Value: 0.120 | Remaining Turns: 2 | TickDown: SUS, END | Target: SUS | Affects: ['ALL']
        SparkleUltVUL | VULN | Stacks: 1 | Value: 0.180 | Remaining Turns: 2 | TickDown: SUS, END | Target: SUS | Affects: ['ALL']
        RinTalentCD | CD% | Stacks: 1 | Value: 0.700 | Remaining Turns: 2 | TickDown: SUS, END | Target: SUS | Affects: ['ALL']
        WarriorGoddessHealSPD | SPD% | Stacks: 1 | Value: 0.060 | Remaining Turns: 2 | TickDown: SUS, START | Target: SUS | Affects: ['ALL']
        WarriorGoddessHealCD | CD% | Stacks: 1 | Value: 0.150 | Remaining Turns: 2 | TickDown: SUS, START | Target: SUS | Affects: ['ALL']
        ----------End of Buff List----------
        ----------Enemy Debuffs----------
        ----------End of Debuff List----------
        ----------Healing List----------
        ----------End of Healing List----------
        ----------Shields List----------
        ----------End of Shields List----------
    GAUGE  - Enemy 0 toughness reduced by 0.000
    RESULT - HuoHuoUlt | HuoHuo | SUS | DMG: 0.000 | ELADMG: 0.000 | Enemies Hit: [0] | Enemies Broken: [] | WB DMG: 0.000 | Energy: 6.772 | Amount HP Healed: 0.000 | Amount HP Lost: 0.000 | HuoHuo Energy: 7/140 | SP: 0 | MaxSP: 11)
ERR    > 44.000 energy added to Archer from HuoHuoERR | Archer Energy: 152.333
ERR    > 32.000 energy added to RinTohsaka from HuoHuoERR | RinTohsaka Energy: 160.000
ERR    > 22.000 energy added to Sparkle from HuoHuoERR | Sparkle Energy: 90.603
ULT    > RinTohsaka used their ultimate
Rin has obtained 12 Gem Energy from Ultimate and now has 43 Gem Energy
    TURN   - RinTohsakaUltMain | RinTohsaka | SUP1 | ST attack | ['QUA'] | ['ULT'] | Scaling: ATK | TargetID: 1 | DMG/BREAK Splits: [4.0, 0]/[10, 0] | Energy Gained: 0 | SP Change: 0

        ----------Char Buffs----------
        CalculusATK | ATK% | Stacks: 1 | Value: 0.120 | Remaining Turns: 1 | TickDown: SUP1, PERM | Target: SUP1 | Affects: ['ALL']
        GeniusDMG | DMG% | Stacks: 1 | Value: 0.100 | Remaining Turns: 1 | TickDown: SUP1, PERM | Target: SUP1 | Affects: ['ALL']
        GeniusSHRED | SHRED | Stacks: 1 | Value: 0.200 | Remaining Turns: 1 | TickDown: SUP1, PERM | Target: SUP1 | Affects: ['ALL']
        RutilantCR | CR% | Stacks: 1 | Value: 0.080 | Remaining Turns: 1 | TickDown: SUP1, PERM | Target: SUP1 | Affects: ['ALL']
        RinTohsakaTraceCD | CD% | Stacks: 1 | Value: 0.373 | Remaining Turns: 1 | TickDown: SUP1, PERM | Target: SUP1 | Affects: ['ALL']
        RinTohsakaTraceATK | ATK% | Stacks: 1 | Value: 0.180 | Remaining Turns: 1 | TickDown: SUP1, PERM | Target: SUP1 | Affects: ['ALL']
        RinTohsakaTraceDMG | DMG% | Stacks: 1 | Value: 0.080 | Remaining Turns: 1 | TickDown: SUP1, PERM | Target: SUP1 | Affects: ['ALL']
        RinTohsakaTrace1ATK | ATK% | Stacks: 1 | Value: 1.500 | Remaining Turns: 1 | TickDown: SUP1, PERM | Target: SUP1 | Affects: ['ALL']
        RinTohsakaTrace1PEN | QUAPEN | Stacks: 1 | Value: 0.150 | Remaining Turns: 1 | TickDown: SUP1, PERM | Target: SUP1 | Affects: ['ALL']
        KeelCD(SUP2) | CD% | Stacks: 1 | Value: 0.100 | Remaining Turns: 1 | TickDown: SUP1, PERM | Target: SUP1 | Affects: ['ALL']
        SparkleTeamATK | ATK% | Stacks: 1 | Value: 0.450 | Remaining Turns: 1 | TickDown: SUP1, PERM | Target: SUP1 | Affects: ['ALL']
        KeelCD(SUS) | CD% | Stacks: 1 | Value: 0.100 | Remaining Turns: 1 | TickDown: SUP1, PERM | Target: SUP1 | Affects: ['ALL']
        CalculusHitATK | ATK% | Stacks: 1 | Value: 0.240 | Remaining Turns: 1 | TickDown: SUP1, PERM | Target: SUP1 | Affects: ['ALL']
        TalentCD | CD% | Stacks: 1 | Value: 0.700 | Remaining Turns: 2 | TickDown: SUP1, END | Target: SUP1 | Affects: ['ALL']
        SparkleVUL | VULN | Stacks: 3 | Value: 0.120 | Remaining Turns: 2 | TickDown: SUP1, END | Target: SUP1 | Affects: ['ALL']
        SparkleUltVUL | VULN | Stacks: 1 | Value: 0.180 | Remaining Turns: 2 | TickDown: SUP1, END | Target: SUP1 | Affects: ['ALL']
        EnhancedSkillSPD | SPD% | Stacks: 1 | Value: 0.200 | Remaining Turns: 2 | TickDown: SUP1, END | Target: SUP1 | Affects: ['ALL']
        CalculusHitSpd | SPD% | Stacks: 1 | Value: 0.160 | Remaining Turns: 1 | TickDown: SUP1, END | Target: SUP1 | Affects: ['ALL']
        WarriorGoddessHealCD | CD% | Stacks: 1 | Value: 0.150 | Remaining Turns: 2 | TickDown: SUP1, START | Target: SUP1 | Affects: ['ALL']
        HuoHuoUltATK | ATK% | Stacks: 1 | Value: 0.400 | Remaining Turns: 2 | TickDown: SUP1, END | Target: SUP1 | Affects: ['ALL']
        HuoHuoUltExtraATK | ATK% | Stacks: 1 | Value: 0.240 | Remaining Turns: 2 | TickDown: SUP1, END | Target: SUP1 | Affects: ['ALL']
        ----------End of Buff List----------
        ----------Enemy Debuffs----------
        RinTohsakaUltVuln | From: SUP1 | VULN | Stacks: 1 | Value: 0.200 | Remaining Turns: 3 | Target: 1 | Targeting: AOE | Affects: ['ALL'] | DOT: False | Blast: False
        Enemy 1 QUA-break | From: DPS | ENTANGLE | Stacks: 1 | Value: 34076.706 | Remaining Turns: 1 | Target: 1 | Targeting: ST | Affects: ['ALL'] | DOT: False | Blast: False
        ----------End of Debuff List----------
        ----------Healing List----------
        ----------End of Healing List----------
        ----------Shields List----------
        ----------End of Shields List----------
    GAUGE  - Enemy 1 toughness reduced by 10.000
    RESULT - RinTohsakaUltMain | RinTohsaka | SUP1 | DMG: 97810.295 | ELADMG: 0.000 | Enemies Hit: [1] | Enemies Broken: [] | WB DMG: 0.000 | Energy: 0.000 | Amount HP Healed: 0.000 | Amount HP Lost: 0.000 | RinTohsaka Energy: 0/160 | SP: 0 | MaxSP: 11)
    TURN   - RinTohsakaUltSide | RinTohsaka | SUP1 | AOE attack | ['QUA'] | ['ULT'] | Scaling: ATK | TargetID: 1 | DMG/BREAK Splits: [2.0, 0]/[20, 0] | Energy Gained: 5 | SP Change: 1

        ----------Char Buffs----------
        CalculusATK | ATK% | Stacks: 1 | Value: 0.120 | Remaining Turns: 1 | TickDown: SUP1, PERM | Target: SUP1 | Affects: ['ALL']
        GeniusDMG | DMG% | Stacks: 1 | Value: 0.100 | Remaining Turns: 1 | TickDown: SUP1, PERM | Target: SUP1 | Affects: ['ALL']
        GeniusSHRED | SHRED | Stacks: 1 | Value: 0.200 | Remaining Turns: 1 | TickDown: SUP1, PERM | Target: SUP1 | Affects: ['ALL']
        RutilantCR | CR% | Stacks: 1 | Value: 0.080 | Remaining Turns: 1 | TickDown: SUP1, PERM | Target: SUP1 | Affects: ['ALL']
        RinTohsakaTraceCD | CD% | Stacks: 1 | Value: 0.373 | Remaining Turns: 1 | TickDown: SUP1, PERM | Target: SUP1 | Affects: ['ALL']
        RinTohsakaTraceATK | ATK% | Stacks: 1 | Value: 0.180 | Remaining Turns: 1 | TickDown: SUP1, PERM | Target: SUP1 | Affects: ['ALL']
        RinTohsakaTraceDMG | DMG% | Stacks: 1 | Value: 0.080 | Remaining Turns: 1 | TickDown: SUP1, PERM | Target: SUP1 | Affects: ['ALL']
        RinTohsakaTrace1ATK | ATK% | Stacks: 1 | Value: 1.500 | Remaining Turns: 1 | TickDown: SUP1, PERM | Target: SUP1 | Affects: ['ALL']
        RinTohsakaTrace1PEN | QUAPEN | Stacks: 1 | Value: 0.150 | Remaining Turns: 1 | TickDown: SUP1, PERM | Target: SUP1 | Affects: ['ALL']
        KeelCD(SUP2) | CD% | Stacks: 1 | Value: 0.100 | Remaining Turns: 1 | TickDown: SUP1, PERM | Target: SUP1 | Affects: ['ALL']
        SparkleTeamATK | ATK% | Stacks: 1 | Value: 0.450 | Remaining Turns: 1 | TickDown: SUP1, PERM | Target: SUP1 | Affects: ['ALL']
        KeelCD(SUS) | CD% | Stacks: 1 | Value: 0.100 | Remaining Turns: 1 | TickDown: SUP1, PERM | Target: SUP1 | Affects: ['ALL']
        CalculusHitATK | ATK% | Stacks: 1 | Value: 0.080 | Remaining Turns: 1 | TickDown: SUP1, PERM | Target: SUP1 | Affects: ['ALL']
        TalentCD | CD% | Stacks: 1 | Value: 0.700 | Remaining Turns: 2 | TickDown: SUP1, END | Target: SUP1 | Affects: ['ALL']
        SparkleVUL | VULN | Stacks: 3 | Value: 0.120 | Remaining Turns: 2 | TickDown: SUP1, END | Target: SUP1 | Affects: ['ALL']
        SparkleUltVUL | VULN | Stacks: 1 | Value: 0.180 | Remaining Turns: 2 | TickDown: SUP1, END | Target: SUP1 | Affects: ['ALL']
        EnhancedSkillSPD | SPD% | Stacks: 1 | Value: 0.200 | Remaining Turns: 2 | TickDown: SUP1, END | Target: SUP1 | Affects: ['ALL']
        CalculusHitSpd | SPD% | Stacks: 1 | Value: 0.160 | Remaining Turns: 1 | TickDown: SUP1, END | Target: SUP1 | Affects: ['ALL']
        WarriorGoddessHealCD | CD% | Stacks: 1 | Value: 0.150 | Remaining Turns: 2 | TickDown: SUP1, START | Target: SUP1 | Affects: ['ALL']
        HuoHuoUltATK | ATK% | Stacks: 1 | Value: 0.400 | Remaining Turns: 2 | TickDown: SUP1, END | Target: SUP1 | Affects: ['ALL']
        HuoHuoUltExtraATK | ATK% | Stacks: 1 | Value: 0.240 | Remaining Turns: 2 | TickDown: SUP1, END | Target: SUP1 | Affects: ['ALL']
        ----------End of Buff List----------
        ----------Enemy Debuffs----------
        RinTohsakaUltVuln | From: SUP1 | VULN | Stacks: 1 | Value: 0.200 | Remaining Turns: 3 | Target: 1 | Targeting: AOE | Affects: ['ALL'] | DOT: False | Blast: False
        Enemy 1 QUA-break | From: DPS | ENTANGLE | Stacks: 1 | Value: 34076.706 | Remaining Turns: 1 | Target: 1 | Targeting: ST | Affects: ['ALL'] | DOT: False | Blast: False
        ----------End of Debuff List----------
        ----------Healing List----------
        ----------End of Healing List----------
        ----------Shields List----------
        ----------End of Shields List----------
    GAUGE  - Enemy 0 toughness reduced by 20.000
    GAUGE  - Enemy 1 toughness reduced by 20.000
    KILL   - RinTohsaka killed Enemy 2 (overkill: 40977.2)
    SPAWN  - Enemy 2 respawned at full HP, AV set to 0
    GAUGE  - Enemy 2 toughness reduced by 20.000
    RESULT - RinTohsakaUltSide | RinTohsaka | SUP1 | DMG: 137283.774 | ELADMG: 0.000 | Enemies Hit: [0, 1, 2] | Enemies Broken: [2] | WB DMG: 5669.591 | Energy: 5.000 | Amount HP Healed: 0.000 | Amount HP Lost: 0.000 | RinTohsaka Energy: 5/160 | SP: 1 | MaxSP: 11)
Rin has obtained 1 Gem Energy from SP and now has 44 Gem Energy
    TURN   - HuoHuoAllyERR | HuoHuo | SUS | NA attack | ['WIN'] | ['SPECIAL'] | Scaling: HP | TargetID: 1 | DMG/BREAK Splits: [0, 0]/[0, 0] | Energy Gained: 1 | SP Change: 0

        ----------Char Buffs----------
        KeelCD(SUP2) | CD% | Stacks: 1 | Value: 0.100 | Remaining Turns: 1 | TickDown: SUS, PERM | Target: SUS | Affects: ['ALL']
        SparkleTeamATK | ATK% | Stacks: 1 | Value: 0.450 | Remaining Turns: 1 | TickDown: SUS, PERM | Target: SUS | Affects: ['ALL']
        PostOpERR | ERR% | Stacks: 1 | Value: 0.160 | Remaining Turns: 1 | TickDown: SUS, PERM | Target: SUS | Affects: ['ALL']
        WarriorGoddessSPD | SPD% | Stacks: 1 | Value: 0.060 | Remaining Turns: 1 | TickDown: SUS, PERM | Target: SUS | Affects: ['ALL']
        KeelEFFRES | ERS% | Stacks: 1 | Value: 0.100 | Remaining Turns: 1 | TickDown: SUS, PERM | Target: SUS | Affects: ['ALL']
        KeelCD(SUS) | CD% | Stacks: 1 | Value: 0.100 | Remaining Turns: 1 | TickDown: SUS, PERM | Target: SUS | Affects: ['ALL']
        HHTraceHP | HP% | Stacks: 1 | Value: 0.280 | Remaining Turns: 1 | TickDown: SUS, PERM | Target: SUS | Affects: ['ALL']
        HHTraceERS | ERS% | Stacks: 1 | Value: 0.180 | Remaining Turns: 1 | TickDown: SUS, PERM | Target: SUS | Affects: ['ALL']
        HHTraceSPD | SPD | Stacks: 1 | Value: 5.000 | Remaining Turns: 1 | TickDown: SUS, PERM | Target: SUS | Affects: ['ALL']
        SparkleVUL | VULN | Stacks: 3 | Value: 0.120 | Remaining Turns: 1 | TickDown: SUS, END | Target: SUS | Affects: ['ALL']
        SparkleUltVUL | VULN | Stacks: 1 | Value: 0.180 | Remaining Turns: 1 | TickDown: SUS, END | Target: SUS | Affects: ['ALL']
        RinTalentCD | CD% | Stacks: 1 | Value: 0.700 | Remaining Turns: 1 | TickDown: SUS, END | Target: SUS | Affects: ['ALL']
        WarriorGoddessHealSPD | SPD% | Stacks: 1 | Value: 0.060 | Remaining Turns: 2 | TickDown: SUS, START | Target: SUS | Affects: ['ALL']
        WarriorGoddessHealCD | CD% | Stacks: 1 | Value: 0.150 | Remaining Turns: 2 | TickDown: SUS, START | Target: SUS | Affects: ['ALL']
        ----------End of Buff List----------
        ----------Enemy Debuffs----------
        RinTohsakaUltVuln | From: SUP1 | VULN | Stacks: 1 | Value: 0.200 | Remaining Turns: 3 | Target: 1 | Targeting: AOE | Affects: ['ALL'] | DOT: False | Blast: False
        Enemy 1 QUA-break | From: DPS | ENTANGLE | Stacks: 1 | Value: 34076.706 | Remaining Turns: 1 | Target: 1 | Targeting: ST | Affects: ['ALL'] | DOT: False | Blast: False
        ----------End of Debuff List----------
        ----------Healing List----------
        HuoHuoTalentHealingScaling | Targeting: Targeting.SINGLE | Healing Value: [0] | Target: ALL
        HuoHuoTalentHealingScaling | Targeting: Targeting.SINGLE | Healing Value: [0.045] | Target: ALL
        HuoHuoTalentHealingScaling | Targeting: Targeting.SINGLE | Healing Value: [0] | Target: ALL
        HuoHuoTalentHealingScaling | Targeting: Targeting.SINGLE | Healing Value: [0] | Target: ALL
        HuoHuoTalentHealingFlat | Targeting: Targeting.SINGLE | Healing Value: [0] | Target: ALL
        HuoHuoTalentHealingFlat | Targeting: Targeting.SINGLE | Healing Value: [120] | Target: ALL
        HuoHuoTalentHealingFlat | Targeting: Targeting.SINGLE | Healing Value: [0] | Target: ALL
        HuoHuoTalentHealingFlat | Targeting: Targeting.SINGLE | Healing Value: [0] | Target: ALL
        ----------End of Healing List----------
        ----------Shields List----------
        ----------End of Shields List----------
    GAUGE  - Enemy 1 toughness reduced by 0.000
    RESULT - HuoHuoAllyERR | HuoHuo | SUS | DMG: 0.000 | ELADMG: 0.000 | Enemies Hit: [1] | Enemies Broken: [] | WB DMG: 0.000 | Energy: 1.354 | Amount HP Healed: 371.779 | Amount HP Lost: 0.000 | HuoHuo Energy: 8/140 | SP: 1 | MaxSP: 11)
SPD    > HuoHuo speed changed to 160.492 | NewAV: 0.000
AV     > HuoHuo AV reset to 62.308 | 160.492 SPD
DELAY  > Enemy 2 delayed by 25.0% from STDBreakDelay | NewAV: 73.987
DELAY  > Enemy 2 delayed by 22.3% from QUA-break | NewAV: 91.166

<<< NEW TURN >>>
-   Enemy 1 AV: 0.000 ENERGY: 0.000 MaxHP: 5000000.000 CurrHp 3676690.069 ShieldHP: 0.000
-   RinTohsaka AV: 4.666 ENERGY: 5.000 MaxHP: 3051.570 CurrHp 2355.602 ShieldHP: 0.000
-   Sparkle AV: 35.899 ENERGY: 90.603 MaxHP: 4358.742 CurrHp 1983.823 ShieldHP: 0.000
-   HuoHuo AV: 40.435 ENERGY: 8.126 MaxHP: 6139.808 CurrHp 6139.808 ShieldHP: 0.000
-   Archer AV: 68.880 ENERGY: 152.333 MaxHP: 3063.425 CurrHp 3063.425 ShieldHP: 0.000
-   Enemy 2 AV: 69.292 ENERGY: 0.000 MaxHP: 2000000.000 CurrHp 2000000.000 ShieldHP: 0.000
-   Enemy 0 AV: 69.292 ENERGY: 0.000 MaxHP: 2000000.000 CurrHp 1952660.768 ShieldHP: 0.000

Combat context set: 3 enemies, 4 players
Combat context initialized: 3 enemies, Elation team size: 0
ACTION > [ENEMY] TotalAV: 465.066 | TurnAV: 21.873 | Enemy 1 | 1 attacks
    CharEnergy - Archer: Hit 5.000 Total: 157.333 | RinTohsaka: Hit 8.333 Total: 13.333 | Sparkle: Hit 5.000 Total: 97.075 | HuoHuo: Hit 5.000 Total: 14.898 |
    ENEMY  - Enemy 1 [aoe] dealt 232.6 to Archer (energy: 3.3, DEF: 2399, atkMul: 1.00, dmgMul: 1.00) | Shield Absorbed: 0.0 | HP Lost: 232.6 | HP: 2831/3063 | Shield HP: 0
    ENEMY  - Enemy 1 [aoe] dealt 287.7 to RinTohsaka (energy: 3.3, DEF: 1720, atkMul: 1.00, dmgMul: 1.00) | Shield Absorbed: 0.0 | HP Lost: 287.7 | HP: 2068/3052 | Shield HP: 0
    ENEMY  - Enemy 1 [aoe] dealt 116.3 to Archer (energy: 1.7, DEF: 2399, atkMul: 1.00, dmgMul: 1.00) | Shield Absorbed: 0.0 | HP Lost: 116.3 | HP: 2714/3063 | Shield HP: 0
    ENEMY  - Enemy 1 [aoe] dealt 143.9 to RinTohsaka (energy: 1.7, DEF: 1720, atkMul: 1.00, dmgMul: 1.00) | Shield Absorbed: 0.0 | HP Lost: 143.9 | HP: 1924/3052 | Shield HP: 0
    ENEMY  - Enemy 1 [aoe] dealt 161.1 to Sparkle (energy: 1.7, DEF: 1413, atkMul: 1.00, dmgMul: 1.00) | Shield Absorbed: 0.0 | HP Lost: 161.1 | HP: 1823/4359 | Shield HP: 0
    ENEMY  - Enemy 1 [aoe] dealt 116.0 to HuoHuo (energy: 1.7, DEF: 2410, atkMul: 1.00, dmgMul: 1.00) | Shield Absorbed: 0.0 | HP Lost: 116.0 | HP: 6024/6140 | Shield HP: 0
    ENEMY  - Enemy 1 [aoe] dealt 322.2 to Sparkle (energy: 3.3, DEF: 1413, atkMul: 1.00, dmgMul: 1.00) | Shield Absorbed: 0.0 | HP Lost: 322.2 | HP: 1501/4359 | Shield HP: 0
    ENEMY  - Enemy 1 [aoe] dealt 287.7 to RinTohsaka (energy: 3.3, DEF: 1720, atkMul: 1.00, dmgMul: 1.00) | Shield Absorbed: 0.0 | HP Lost: 287.7 | HP: 1636/3052 | Shield HP: 0
    ENEMY  - Enemy 1 [aoe] dealt 231.9 to HuoHuo (energy: 3.3, DEF: 2410, atkMul: 1.00, dmgMul: 1.00) | Shield Absorbed: 0.0 | HP Lost: 231.9 | HP: 5792/6140 | Shield HP: 0
    DEBUFF - Enemy 1 took 0.000 Debuff damage from Enemy 1 QUA-break
        Debuff Enemy 1 QUA-break expired
AV     > Enemy 1 AV reset to 63.131 | 158.400 SPD

<<< NEW TURN >>>
-   RinTohsaka AV: 0.000 ENERGY: 13.333 MaxHP: 3051.570 CurrHp 1636.260 ShieldHP: 0.000
-   Sparkle AV: 31.233 ENERGY: 97.075 MaxHP: 4358.742 CurrHp 1500.529 ShieldHP: 0.000
-   HuoHuo AV: 35.769 ENERGY: 14.898 MaxHP: 6139.808 CurrHp 5791.896 ShieldHP: 0.000
-   Enemy 1 AV: 58.466 ENERGY: 0.000 MaxHP: 5000000.000 CurrHp 3676690.069 ShieldHP: 0.000
-   Archer AV: 64.215 ENERGY: 157.333 MaxHP: 3063.425 CurrHp 2714.467 ShieldHP: 0.000
-   Enemy 2 AV: 64.627 ENERGY: 0.000 MaxHP: 2000000.000 CurrHp 2000000.000 ShieldHP: 0.000
-   Enemy 0 AV: 64.627 ENERGY: 0.000 MaxHP: 2000000.000 CurrHp 1952660.768 ShieldHP: 0.000

Combat context set: 3 enemies, 4 players
Combat context initialized: 3 enemies, Elation team size: 0
Rin can use Enhanced Skill
ACTION > [CHAR] TotalAV: 469.731 | TurnAV: 4.666 | RinTohsaka | A-move
    TURN   - RinTohsakaBasic | RinTohsaka | SUP1 | ST attack | ['QUA'] | ['BSC'] | Scaling: ATK | TargetID: 1 | DMG/BREAK Splits: [1.0, 0]/[10, 0] | Energy Gained: 20 | SP Change: 1

        ----------Char Buffs----------
        CalculusATK | ATK% | Stacks: 1 | Value: 0.120 | Remaining Turns: 1 | TickDown: SUP1, PERM | Target: SUP1 | Affects: ['ALL']
        GeniusDMG | DMG% | Stacks: 1 | Value: 0.100 | Remaining Turns: 1 | TickDown: SUP1, PERM | Target: SUP1 | Affects: ['ALL']
        GeniusSHRED | SHRED | Stacks: 1 | Value: 0.200 | Remaining Turns: 1 | TickDown: SUP1, PERM | Target: SUP1 | Affects: ['ALL']
        RutilantCR | CR% | Stacks: 1 | Value: 0.080 | Remaining Turns: 1 | TickDown: SUP1, PERM | Target: SUP1 | Affects: ['ALL']
        RutilantBonusDMG | DMG% | Stacks: 1 | Value: 0.200 | Remaining Turns: 1 | TickDown: SUP1, PERM | Target: SUP1 | Affects: ['BSC', 'SKL']
        RinTohsakaTraceCD | CD% | Stacks: 1 | Value: 0.373 | Remaining Turns: 1 | TickDown: SUP1, PERM | Target: SUP1 | Affects: ['ALL']
        RinTohsakaTraceATK | ATK% | Stacks: 1 | Value: 0.180 | Remaining Turns: 1 | TickDown: SUP1, PERM | Target: SUP1 | Affects: ['ALL']
        RinTohsakaTraceDMG | DMG% | Stacks: 1 | Value: 0.080 | Remaining Turns: 1 | TickDown: SUP1, PERM | Target: SUP1 | Affects: ['ALL']
        RinTohsakaTrace1ATK | ATK% | Stacks: 1 | Value: 1.500 | Remaining Turns: 1 | TickDown: SUP1, PERM | Target: SUP1 | Affects: ['ALL']
        RinTohsakaTrace1PEN | QUAPEN | Stacks: 1 | Value: 0.150 | Remaining Turns: 1 | TickDown: SUP1, PERM | Target: SUP1 | Affects: ['ALL']
        KeelCD(SUP2) | CD% | Stacks: 1 | Value: 0.100 | Remaining Turns: 1 | TickDown: SUP1, PERM | Target: SUP1 | Affects: ['ALL']
        SparkleTeamATK | ATK% | Stacks: 1 | Value: 0.450 | Remaining Turns: 1 | TickDown: SUP1, PERM | Target: SUP1 | Affects: ['ALL']
        KeelCD(SUS) | CD% | Stacks: 1 | Value: 0.100 | Remaining Turns: 1 | TickDown: SUP1, PERM | Target: SUP1 | Affects: ['ALL']
        CalculusHitATK | ATK% | Stacks: 1 | Value: 0.240 | Remaining Turns: 1 | TickDown: SUP1, PERM | Target: SUP1 | Affects: ['ALL']
        TalentCD | CD% | Stacks: 1 | Value: 0.700 | Remaining Turns: 2 | TickDown: SUP1, END | Target: SUP1 | Affects: ['ALL']
        SparkleVUL | VULN | Stacks: 3 | Value: 0.120 | Remaining Turns: 2 | TickDown: SUP1, END | Target: SUP1 | Affects: ['ALL']
        SparkleUltVUL | VULN | Stacks: 1 | Value: 0.180 | Remaining Turns: 2 | TickDown: SUP1, END | Target: SUP1 | Affects: ['ALL']
        EnhancedSkillSPD | SPD% | Stacks: 1 | Value: 0.200 | Remaining Turns: 2 | TickDown: SUP1, END | Target: SUP1 | Affects: ['ALL']
        CalculusHitSpd | SPD% | Stacks: 1 | Value: 0.160 | Remaining Turns: 1 | TickDown: SUP1, END | Target: SUP1 | Affects: ['ALL']
        WarriorGoddessHealCD | CD% | Stacks: 1 | Value: 0.150 | Remaining Turns: 1 | TickDown: SUP1, START | Target: SUP1 | Affects: ['ALL']
        HuoHuoUltATK | ATK% | Stacks: 1 | Value: 0.400 | Remaining Turns: 2 | TickDown: SUP1, END | Target: SUP1 | Affects: ['ALL']
        HuoHuoUltExtraATK | ATK% | Stacks: 1 | Value: 0.240 | Remaining Turns: 2 | TickDown: SUP1, END | Target: SUP1 | Affects: ['ALL']
        ----------End of Buff List----------
        ----------Enemy Debuffs----------
        RinTohsakaUltVuln | From: SUP1 | VULN | Stacks: 1 | Value: 0.200 | Remaining Turns: 2 | Target: 1 | Targeting: AOE | Affects: ['ALL'] | DOT: False | Blast: False
        ----------End of Debuff List----------
        ----------Healing List----------
        ----------End of Healing List----------
        ----------Shields List----------
        ----------End of Shields List----------
    GAUGE  - Enemy 1 toughness reduced by 10.000
    RESULT - RinTohsakaBasic | RinTohsaka | SUP1 | DMG: 24812.935 | ELADMG: 0.000 | Enemies Hit: [1] | Enemies Broken: [] | WB DMG: 0.000 | Energy: 20.000 | Amount HP Healed: 0.000 | Amount HP Lost: 0.000 | RinTohsaka Energy: 33/160 | SP: 2 | MaxSP: 11)
Rin has obtained 1 Gem Energy from SP and now has 45 Gem Energy
    TURN   - HuoHuoAllyERR | HuoHuo | SUS | NA attack | ['WIN'] | ['SPECIAL'] | Scaling: HP | TargetID: 1 | DMG/BREAK Splits: [0, 0]/[0, 0] | Energy Gained: 1 | SP Change: 0

        ----------Char Buffs----------
        KeelCD(SUP2) | CD% | Stacks: 1 | Value: 0.100 | Remaining Turns: 1 | TickDown: SUS, PERM | Target: SUS | Affects: ['ALL']
        SparkleTeamATK | ATK% | Stacks: 1 | Value: 0.450 | Remaining Turns: 1 | TickDown: SUS, PERM | Target: SUS | Affects: ['ALL']
        PostOpERR | ERR% | Stacks: 1 | Value: 0.160 | Remaining Turns: 1 | TickDown: SUS, PERM | Target: SUS | Affects: ['ALL']
        WarriorGoddessSPD | SPD% | Stacks: 1 | Value: 0.060 | Remaining Turns: 1 | TickDown: SUS, PERM | Target: SUS | Affects: ['ALL']
        KeelEFFRES | ERS% | Stacks: 1 | Value: 0.100 | Remaining Turns: 1 | TickDown: SUS, PERM | Target: SUS | Affects: ['ALL']
        KeelCD(SUS) | CD% | Stacks: 1 | Value: 0.100 | Remaining Turns: 1 | TickDown: SUS, PERM | Target: SUS | Affects: ['ALL']
        HHTraceHP | HP% | Stacks: 1 | Value: 0.280 | Remaining Turns: 1 | TickDown: SUS, PERM | Target: SUS | Affects: ['ALL']
        HHTraceERS | ERS% | Stacks: 1 | Value: 0.180 | Remaining Turns: 1 | TickDown: SUS, PERM | Target: SUS | Affects: ['ALL']
        HHTraceSPD | SPD | Stacks: 1 | Value: 5.000 | Remaining Turns: 1 | TickDown: SUS, PERM | Target: SUS | Affects: ['ALL']
        SparkleVUL | VULN | Stacks: 3 | Value: 0.120 | Remaining Turns: 1 | TickDown: SUS, END | Target: SUS | Affects: ['ALL']
        SparkleUltVUL | VULN | Stacks: 1 | Value: 0.180 | Remaining Turns: 1 | TickDown: SUS, END | Target: SUS | Affects: ['ALL']
        RinTalentCD | CD% | Stacks: 1 | Value: 0.700 | Remaining Turns: 1 | TickDown: SUS, END | Target: SUS | Affects: ['ALL']
        WarriorGoddessHealSPD | SPD% | Stacks: 1 | Value: 0.060 | Remaining Turns: 2 | TickDown: SUS, START | Target: SUS | Affects: ['ALL']
        WarriorGoddessHealCD | CD% | Stacks: 1 | Value: 0.150 | Remaining Turns: 2 | TickDown: SUS, START | Target: SUS | Affects: ['ALL']
        ----------End of Buff List----------
        ----------Enemy Debuffs----------
        RinTohsakaUltVuln | From: SUP1 | VULN | Stacks: 1 | Value: 0.200 | Remaining Turns: 2 | Target: 1 | Targeting: AOE | Affects: ['ALL'] | DOT: False | Blast: False
        ----------End of Debuff List----------
        ----------Healing List----------
        HuoHuoTalentHealingScaling | Targeting: Targeting.SINGLE | Healing Value: [0] | Target: ALL
        HuoHuoTalentHealingScaling | Targeting: Targeting.SINGLE | Healing Value: [0] | Target: ALL
        HuoHuoTalentHealingScaling | Targeting: Targeting.SINGLE | Healing Value: [0.045] | Target: ALL
        HuoHuoTalentHealingScaling | Targeting: Targeting.SINGLE | Healing Value: [0] | Target: ALL
        HuoHuoTalentHealingFlat | Targeting: Targeting.SINGLE | Healing Value: [0] | Target: ALL
        HuoHuoTalentHealingFlat | Targeting: Targeting.SINGLE | Healing Value: [0] | Target: ALL
        HuoHuoTalentHealingFlat | Targeting: Targeting.SINGLE | Healing Value: [120] | Target: ALL
        HuoHuoTalentHealingFlat | Targeting: Targeting.SINGLE | Healing Value: [0] | Target: ALL
        ----------End of Healing List----------
        ----------Shields List----------
        ----------End of Shields List----------
    GAUGE  - Enemy 1 toughness reduced by 0.000
    RESULT - HuoHuoAllyERR | HuoHuo | SUS | DMG: 0.000 | ELADMG: 0.000 | Enemies Hit: [1] | Enemies Broken: [] | WB DMG: 0.000 | Energy: 1.354 | Amount HP Healed: 371.779 | Amount HP Lost: 0.000 | HuoHuo Energy: 16/140 | SP: 2 | MaxSP: 11)
        Buff CalculusHitSpd expired
SPD    > RinTohsaka speed changed to 165.832 | NewAV: 0.000
AV     > RinTohsaka AV reset to 60.302 | 165.832 SPD

<<< NEW TURN >>>
-   Sparkle AV: 0.000 ENERGY: 97.075 MaxHP: 4358.742 CurrHp 1872.309 ShieldHP: 0.000
-   HuoHuo AV: 4.536 ENERGY: 16.253 MaxHP: 6139.808 CurrHp 5791.896 ShieldHP: 0.000
-   Enemy 1 AV: 27.233 ENERGY: 0.000 MaxHP: 5000000.000 CurrHp 3651877.134 ShieldHP: 0.000
-   RinTohsaka AV: 29.069 ENERGY: 33.333 MaxHP: 3051.570 CurrHp 1636.260 ShieldHP: 0.000
-   Archer AV: 32.982 ENERGY: 157.333 MaxHP: 3063.425 CurrHp 2714.467 ShieldHP: 0.000
-   Enemy 2 AV: 33.394 ENERGY: 0.000 MaxHP: 2000000.000 CurrHp 2000000.000 ShieldHP: 0.000
-   Enemy 0 AV: 33.394 ENERGY: 0.000 MaxHP: 2000000.000 CurrHp 1952660.768 ShieldHP: 0.000

Combat context set: 3 enemies, 4 players
Combat context initialized: 3 enemies, Elation team size: 0
ACTION > [CHAR] TotalAV: 500.964 | TurnAV: 31.233 | Sparkle | E-move
    TURN   - SparkleSkill | Sparkle | SUP2 | NA attack | ['QUA'] | ['SKL'] | Scaling: ATK | TargetID: -1 | DMG/BREAK Splits: [0, 0]/[0, 0] | Energy Gained: 30 | SP Change: 0

        ----------Char Buffs----------
        BattleIsntOverERR | ERR% | Stacks: 1 | Value: 0.100 | Remaining Turns: 1 | TickDown: SUP2, PERM | Target: SUP2 | Affects: ['ALL']
        SacerdosSPD | SPD% | Stacks: 1 | Value: 0.060 | Remaining Turns: 1 | TickDown: SUP2, PERM | Target: SUP2 | Affects: ['ALL']
        KeelEFFRES | ERS% | Stacks: 1 | Value: 0.100 | Remaining Turns: 1 | TickDown: SUP2, PERM | Target: SUP2 | Affects: ['ALL']
        KeelCD(SUP2) | CD% | Stacks: 1 | Value: 0.100 | Remaining Turns: 1 | TickDown: SUP2, PERM | Target: SUP2 | Affects: ['ALL']
        SparkleTraceHP | HP% | Stacks: 1 | Value: 0.280 | Remaining Turns: 1 | TickDown: SUP2, PERM | Target: SUP2 | Affects: ['ALL']
        SparkleTraceCD | CD% | Stacks: 1 | Value: 0.240 | Remaining Turns: 1 | TickDown: SUP2, PERM | Target: SUP2 | Affects: ['ALL']
        SparkleTraceERS | ERS% | Stacks: 1 | Value: 0.100 | Remaining Turns: 1 | TickDown: SUP2, PERM | Target: SUP2 | Affects: ['ALL']
        SparkleTeamATK | ATK% | Stacks: 1 | Value: 0.450 | Remaining Turns: 1 | TickDown: SUP2, PERM | Target: SUP2 | Affects: ['ALL']
        KeelCD(SUS) | CD% | Stacks: 1 | Value: 0.100 | Remaining Turns: 1 | TickDown: SUP2, PERM | Target: SUP2 | Affects: ['ALL']
        SparkleVUL | VULN | Stacks: 3 | Value: 0.120 | Remaining Turns: 2 | TickDown: SUP2, END | Target: SUP2 | Affects: ['ALL']
        SparkleUltVUL | VULN | Stacks: 1 | Value: 0.180 | Remaining Turns: 1 | TickDown: SUP2, END | Target: SUP2 | Affects: ['ALL']
        RinTalentCD | CD% | Stacks: 1 | Value: 0.700 | Remaining Turns: 1 | TickDown: SUP2, END | Target: SUP2 | Affects: ['ALL']
        WarriorGoddessHealCD | CD% | Stacks: 1 | Value: 0.150 | Remaining Turns: 1 | TickDown: SUP2, START | Target: SUP2 | Affects: ['ALL']
        ----------End of Buff List----------
        ----------Enemy Debuffs----------
        ----------End of Debuff List----------
        ----------Healing List----------
        ----------End of Healing List----------
        ----------Shields List----------
        ----------End of Shields List----------
    GAUGE  - Enemy 0 toughness reduced by 0.000
    RESULT - SparkleSkill | Sparkle | SUP2 | DMG: 0.000 | ELADMG: 0.000 | Enemies Hit: [0] | Enemies Broken: [] | WB DMG: 0.000 | Energy: 38.832 | Amount HP Healed: 0.000 | Amount HP Lost: 0.000 | Sparkle Energy: 110/110 | SP: 2 | MaxSP: 11)
ADV    > Archer advanced by 50.000% from SparkleForward | NewAV: 0.000 | Priority: 18
    TURN   - HuoHuoAllyERR | HuoHuo | SUS | NA attack | ['WIN'] | ['SPECIAL'] | Scaling: HP | TargetID: 1 | DMG/BREAK Splits: [0, 0]/[0, 0] | Energy Gained: 1 | SP Change: 0

        ----------Char Buffs----------
        KeelCD(SUP2) | CD% | Stacks: 1 | Value: 0.100 | Remaining Turns: 1 | TickDown: SUS, PERM | Target: SUS | Affects: ['ALL']
        SparkleTeamATK | ATK% | Stacks: 1 | Value: 0.450 | Remaining Turns: 1 | TickDown: SUS, PERM | Target: SUS | Affects: ['ALL']
        PostOpERR | ERR% | Stacks: 1 | Value: 0.160 | Remaining Turns: 1 | TickDown: SUS, PERM | Target: SUS | Affects: ['ALL']
        WarriorGoddessSPD | SPD% | Stacks: 1 | Value: 0.060 | Remaining Turns: 1 | TickDown: SUS, PERM | Target: SUS | Affects: ['ALL']
        KeelEFFRES | ERS% | Stacks: 1 | Value: 0.100 | Remaining Turns: 1 | TickDown: SUS, PERM | Target: SUS | Affects: ['ALL']
        KeelCD(SUS) | CD% | Stacks: 1 | Value: 0.100 | Remaining Turns: 1 | TickDown: SUS, PERM | Target: SUS | Affects: ['ALL']
        HHTraceHP | HP% | Stacks: 1 | Value: 0.280 | Remaining Turns: 1 | TickDown: SUS, PERM | Target: SUS | Affects: ['ALL']
        HHTraceERS | ERS% | Stacks: 1 | Value: 0.180 | Remaining Turns: 1 | TickDown: SUS, PERM | Target: SUS | Affects: ['ALL']
        HHTraceSPD | SPD | Stacks: 1 | Value: 5.000 | Remaining Turns: 1 | TickDown: SUS, PERM | Target: SUS | Affects: ['ALL']
        SparkleVUL | VULN | Stacks: 3 | Value: 0.120 | Remaining Turns: 1 | TickDown: SUS, END | Target: SUS | Affects: ['ALL']
        SparkleUltVUL | VULN | Stacks: 1 | Value: 0.180 | Remaining Turns: 1 | TickDown: SUS, END | Target: SUS | Affects: ['ALL']
        RinTalentCD | CD% | Stacks: 1 | Value: 0.700 | Remaining Turns: 1 | TickDown: SUS, END | Target: SUS | Affects: ['ALL']
        WarriorGoddessHealSPD | SPD% | Stacks: 1 | Value: 0.060 | Remaining Turns: 2 | TickDown: SUS, START | Target: SUS | Affects: ['ALL']
        WarriorGoddessHealCD | CD% | Stacks: 1 | Value: 0.150 | Remaining Turns: 2 | TickDown: SUS, START | Target: SUS | Affects: ['ALL']
        ----------End of Buff List----------
        ----------Enemy Debuffs----------
        RinTohsakaUltVuln | From: SUP1 | VULN | Stacks: 1 | Value: 0.200 | Remaining Turns: 2 | Target: 1 | Targeting: AOE | Affects: ['ALL'] | DOT: False | Blast: False
        ----------End of Debuff List----------
        ----------Healing List----------
        HuoHuoTalentHealingScaling | Targeting: Targeting.SINGLE | Healing Value: [0] | Target: ALL
        HuoHuoTalentHealingScaling | Targeting: Targeting.SINGLE | Healing Value: [0.045] | Target: ALL
        HuoHuoTalentHealingScaling | Targeting: Targeting.SINGLE | Healing Value: [0] | Target: ALL
        HuoHuoTalentHealingScaling | Targeting: Targeting.SINGLE | Healing Value: [0] | Target: ALL
        HuoHuoTalentHealingFlat | Targeting: Targeting.SINGLE | Healing Value: [0] | Target: ALL
        HuoHuoTalentHealingFlat | Targeting: Targeting.SINGLE | Healing Value: [120] | Target: ALL
        HuoHuoTalentHealingFlat | Targeting: Targeting.SINGLE | Healing Value: [0] | Target: ALL
        HuoHuoTalentHealingFlat | Targeting: Targeting.SINGLE | Healing Value: [0] | Target: ALL
        ----------End of Healing List----------
        ----------Shields List----------
        ----------End of Shields List----------
    GAUGE  - Enemy 1 toughness reduced by 0.000
    RESULT - HuoHuoAllyERR | HuoHuo | SUS | DMG: 0.000 | ELADMG: 0.000 | Enemies Hit: [1] | Enemies Broken: [] | WB DMG: 0.000 | Energy: 1.354 | Amount HP Healed: 371.779 | Amount HP Lost: 0.000 | HuoHuo Energy: 18/140 | SP: 2 | MaxSP: 11)
ULT    > Sparkle used their ultimate
    TURN   - SparkleUlt | Sparkle | SUP2 | NA attack | ['QUA'] | ['ULT'] | Scaling: ATK | TargetID: -1 | DMG/BREAK Splits: [0, 0]/[0, 0] | Energy Gained: 5 | SP Change: 6

        ----------Char Buffs----------
        BattleIsntOverERR | ERR% | Stacks: 1 | Value: 0.100 | Remaining Turns: 1 | TickDown: SUP2, PERM | Target: SUP2 | Affects: ['ALL']
        SacerdosSPD | SPD% | Stacks: 1 | Value: 0.060 | Remaining Turns: 1 | TickDown: SUP2, PERM | Target: SUP2 | Affects: ['ALL']
        KeelEFFRES | ERS% | Stacks: 1 | Value: 0.100 | Remaining Turns: 1 | TickDown: SUP2, PERM | Target: SUP2 | Affects: ['ALL']
        KeelCD(SUP2) | CD% | Stacks: 1 | Value: 0.100 | Remaining Turns: 1 | TickDown: SUP2, PERM | Target: SUP2 | Affects: ['ALL']
        SparkleTraceHP | HP% | Stacks: 1 | Value: 0.280 | Remaining Turns: 1 | TickDown: SUP2, PERM | Target: SUP2 | Affects: ['ALL']
        SparkleTraceCD | CD% | Stacks: 1 | Value: 0.240 | Remaining Turns: 1 | TickDown: SUP2, PERM | Target: SUP2 | Affects: ['ALL']
        SparkleTraceERS | ERS% | Stacks: 1 | Value: 0.100 | Remaining Turns: 1 | TickDown: SUP2, PERM | Target: SUP2 | Affects: ['ALL']
        SparkleTeamATK | ATK% | Stacks: 1 | Value: 0.450 | Remaining Turns: 1 | TickDown: SUP2, PERM | Target: SUP2 | Affects: ['ALL']
        KeelCD(SUS) | CD% | Stacks: 1 | Value: 0.100 | Remaining Turns: 1 | TickDown: SUP2, PERM | Target: SUP2 | Affects: ['ALL']
        SparkleVUL | VULN | Stacks: 3 | Value: 0.120 | Remaining Turns: 2 | TickDown: SUP2, END | Target: SUP2 | Affects: ['ALL']
        SparkleUltVUL | VULN | Stacks: 1 | Value: 0.180 | Remaining Turns: 3 | TickDown: SUP2, END | Target: SUP2 | Affects: ['ALL']
        RinTalentCD | CD% | Stacks: 1 | Value: 0.700 | Remaining Turns: 1 | TickDown: SUP2, END | Target: SUP2 | Affects: ['ALL']
        WarriorGoddessHealCD | CD% | Stacks: 1 | Value: 0.150 | Remaining Turns: 2 | TickDown: SUP2, START | Target: SUP2 | Affects: ['ALL']
        BattleIsntOverSPRole.SUP2 | SKILLPOINT | Stacks: 1 | Value: 1.000 | Remaining Turns: 1 | TickDown: SUP2, PERM | Target: SUP2 | Affects: ['ALL']
        ----------End of Buff List----------
        ----------Enemy Debuffs----------
        ----------End of Debuff List----------
        ----------Healing List----------
        ----------End of Healing List----------
        ----------Shields List----------
        ----------End of Shields List----------
    GAUGE  - Enemy 0 toughness reduced by 0.000
    RESULT - SparkleUlt | Sparkle | SUP2 | DMG: 0.000 | ELADMG: 0.000 | Enemies Hit: [0] | Enemies Broken: [] | WB DMG: 0.000 | Energy: 6.472 | Amount HP Healed: 0.000 | Amount HP Lost: 0.000 | Sparkle Energy: 6/110 | SP: 8 | MaxSP: 11)
Rin has obtained 6 Gem Energy from SP and now has 51 Gem Energy
    TURN   - HuoHuoAllyERR | HuoHuo | SUS | NA attack | ['WIN'] | ['SPECIAL'] | Scaling: HP | TargetID: 1 | DMG/BREAK Splits: [0, 0]/[0, 0] | Energy Gained: 1 | SP Change: 0

        ----------Char Buffs----------
        KeelCD(SUP2) | CD% | Stacks: 1 | Value: 0.100 | Remaining Turns: 1 | TickDown: SUS, PERM | Target: SUS | Affects: ['ALL']
        SparkleTeamATK | ATK% | Stacks: 1 | Value: 0.450 | Remaining Turns: 1 | TickDown: SUS, PERM | Target: SUS | Affects: ['ALL']
        PostOpERR | ERR% | Stacks: 1 | Value: 0.160 | Remaining Turns: 1 | TickDown: SUS, PERM | Target: SUS | Affects: ['ALL']
        WarriorGoddessSPD | SPD% | Stacks: 1 | Value: 0.060 | Remaining Turns: 1 | TickDown: SUS, PERM | Target: SUS | Affects: ['ALL']
        KeelEFFRES | ERS% | Stacks: 1 | Value: 0.100 | Remaining Turns: 1 | TickDown: SUS, PERM | Target: SUS | Affects: ['ALL']
        KeelCD(SUS) | CD% | Stacks: 1 | Value: 0.100 | Remaining Turns: 1 | TickDown: SUS, PERM | Target: SUS | Affects: ['ALL']
        HHTraceHP | HP% | Stacks: 1 | Value: 0.280 | Remaining Turns: 1 | TickDown: SUS, PERM | Target: SUS | Affects: ['ALL']
        HHTraceERS | ERS% | Stacks: 1 | Value: 0.180 | Remaining Turns: 1 | TickDown: SUS, PERM | Target: SUS | Affects: ['ALL']
        HHTraceSPD | SPD | Stacks: 1 | Value: 5.000 | Remaining Turns: 1 | TickDown: SUS, PERM | Target: SUS | Affects: ['ALL']
        SparkleVUL | VULN | Stacks: 3 | Value: 0.120 | Remaining Turns: 1 | TickDown: SUS, END | Target: SUS | Affects: ['ALL']
        SparkleUltVUL | VULN | Stacks: 1 | Value: 0.180 | Remaining Turns: 3 | TickDown: SUS, END | Target: SUS | Affects: ['ALL']
        RinTalentCD | CD% | Stacks: 1 | Value: 0.700 | Remaining Turns: 1 | TickDown: SUS, END | Target: SUS | Affects: ['ALL']
        WarriorGoddessHealSPD | SPD% | Stacks: 1 | Value: 0.060 | Remaining Turns: 2 | TickDown: SUS, START | Target: SUS | Affects: ['ALL']
        WarriorGoddessHealCD | CD% | Stacks: 1 | Value: 0.150 | Remaining Turns: 2 | TickDown: SUS, START | Target: SUS | Affects: ['ALL']
        ----------End of Buff List----------
        ----------Enemy Debuffs----------
        RinTohsakaUltVuln | From: SUP1 | VULN | Stacks: 1 | Value: 0.200 | Remaining Turns: 2 | Target: 1 | Targeting: AOE | Affects: ['ALL'] | DOT: False | Blast: False
        ----------End of Debuff List----------
        ----------Healing List----------
        HuoHuoTalentHealingScaling | Targeting: Targeting.SINGLE | Healing Value: [0] | Target: ALL
        HuoHuoTalentHealingScaling | Targeting: Targeting.SINGLE | Healing Value: [0] | Target: ALL
        HuoHuoTalentHealingScaling | Targeting: Targeting.SINGLE | Healing Value: [0.045] | Target: ALL
        HuoHuoTalentHealingScaling | Targeting: Targeting.SINGLE | Healing Value: [0] | Target: ALL
        HuoHuoTalentHealingFlat | Targeting: Targeting.SINGLE | Healing Value: [0] | Target: ALL
        HuoHuoTalentHealingFlat | Targeting: Targeting.SINGLE | Healing Value: [0] | Target: ALL
        HuoHuoTalentHealingFlat | Targeting: Targeting.SINGLE | Healing Value: [120] | Target: ALL
        HuoHuoTalentHealingFlat | Targeting: Targeting.SINGLE | Healing Value: [0] | Target: ALL
        ----------End of Healing List----------
        ----------Shields List----------
        ----------End of Shields List----------
    GAUGE  - Enemy 1 toughness reduced by 0.000
    RESULT - HuoHuoAllyERR | HuoHuo | SUS | DMG: 0.000 | ELADMG: 0.000 | Enemies Hit: [1] | Enemies Broken: [] | WB DMG: 0.000 | Energy: 1.354 | Amount HP Healed: 371.779 | Amount HP Lost: 0.000 | HuoHuo Energy: 19/140 | SP: 8 | MaxSP: 11)
AV     > Sparkle AV reset to 62.621 | 159.692 SPD

<<< NEW TURN >>>
-   Archer AV: 0.000 ENERGY: 157.333 MaxHP: 3063.425 CurrHp 2714.467 ShieldHP: 0.000
-   HuoHuo AV: 4.536 ENERGY: 18.962 MaxHP: 6139.808 CurrHp 5791.896 ShieldHP: 0.000
-   Enemy 1 AV: 27.233 ENERGY: 0.000 MaxHP: 5000000.000 CurrHp 3651877.134 ShieldHP: 0.000
-   RinTohsaka AV: 29.069 ENERGY: 33.333 MaxHP: 3051.570 CurrHp 2008.040 ShieldHP: 0.000
-   Enemy 2 AV: 33.394 ENERGY: 0.000 MaxHP: 2000000.000 CurrHp 2000000.000 ShieldHP: 0.000
-   Enemy 0 AV: 33.394 ENERGY: 0.000 MaxHP: 2000000.000 CurrHp 1952660.768 ShieldHP: 0.000
-   Sparkle AV: 62.621 ENERGY: 6.472 MaxHP: 4358.742 CurrHp 2244.088 ShieldHP: 0.000

Combat context set: 3 enemies, 4 players
Combat context initialized: 3 enemies, Elation team size: 0
ACTION > [CHAR] TotalAV: 500.964 | TurnAV: 0.000 | Archer | E-move
        Buff SkillDmg expired
CIRCUIT > Archer entered Circuit Connection (use 1/5)
    TURN   - ArcherSkill | Archer | DPS | ST attack | ['QUA'] | ['SKL'] | Scaling: ATK | TargetID: 1 | DMG/BREAK Splits: [3.6, 0]/[20, 0] | Energy Gained: 30 | SP Change: -2

        ----------Char Buffs----------
        IdealsBurnCR | CR% | Stacks: 1 | Value: 0.160 | Remaining Turns: 1 | TickDown: DPS, PERM | Target: DPS | Affects: ['ALL']
        IdealsBurnATK | ATK% | Stacks: 1 | Value: 0.400 | Remaining Turns: 1 | TickDown: DPS, PERM | Target: DPS | Affects: ['ALL']
        GeniusDMG | DMG% | Stacks: 1 | Value: 0.100 | Remaining Turns: 1 | TickDown: DPS, PERM | Target: DPS | Affects: ['ALL']
        GeniusSHRED | SHRED | Stacks: 1 | Value: 0.200 | Remaining Turns: 1 | TickDown: DPS, PERM | Target: DPS | Affects: ['ALL']
        TengokuCD | CD% | Stacks: 1 | Value: 0.160 | Remaining Turns: 1 | TickDown: DPS, PERM | Target: DPS | Affects: ['ALL']
        ArcherTraceCR | CD% | Stacks: 1 | Value: 0.067 | Remaining Turns: 1 | TickDown: DPS, PERM | Target: DPS | Affects: ['ALL']
        ArcherTraceATK | ATK% | Stacks: 1 | Value: 0.180 | Remaining Turns: 1 | TickDown: DPS, PERM | Target: DPS | Affects: ['ALL']
        ArcherTraceDMG | DMG% | Stacks: 1 | Value: 0.224 | Remaining Turns: 1 | TickDown: DPS, PERM | Target: DPS | Affects: ['ALL']
        KeelCD(SUP2) | CD% | Stacks: 1 | Value: 0.100 | Remaining Turns: 1 | TickDown: DPS, PERM | Target: DPS | Affects: ['ALL']
        SparkleTeamATK | ATK% | Stacks: 1 | Value: 0.450 | Remaining Turns: 1 | TickDown: DPS, PERM | Target: DPS | Affects: ['ALL']
        KeelCD(SUS) | CD% | Stacks: 1 | Value: 0.100 | Remaining Turns: 1 | TickDown: DPS, PERM | Target: DPS | Affects: ['ALL']
        RinTohsakaAllyTrace1ATK | ATK% | Stacks: 1 | Value: 1.500 | Remaining Turns: 1 | TickDown: DPS, PERM | Target: DPS | Affects: ['ALL']
        RinTohsakaAllyTrace1PEN | QUAPEN | Stacks: 1 | Value: 0.150 | Remaining Turns: 1 | TickDown: DPS, PERM | Target: DPS | Affects: ['ALL']
        SparkleVUL | VULN | Stacks: 3 | Value: 0.120 | Remaining Turns: 2 | TickDown: DPS, END | Target: DPS | Affects: ['ALL']
        RinTalentCD | CD% | Stacks: 1 | Value: 0.700 | Remaining Turns: 1 | TickDown: DPS, END | Target: DPS | Affects: ['ALL']
        SacerdosCDSUP2 | CD% | Stacks: 2 | Value: 0.360 | Remaining Turns: 2 | TickDown: DPS, END | Target: DPS | Affects: ['ALL']
        SparkleCD | CD% | Stacks: 1 | Value: 1.175 | Remaining Turns: 2 | TickDown: DPS, END | Target: DPS | Affects: ['ALL']
        SparklePEN | PEN | Stacks: 1 | Value: 0.100 | Remaining Turns: 2 | TickDown: DPS, END | Target: DPS | Affects: ['ALL']
        SparkleUltVUL | VULN | Stacks: 1 | Value: 0.180 | Remaining Turns: 3 | TickDown: DPS, END | Target: DPS | Affects: ['ALL']
        IdealsBurnSKLATK | ATK% | Stacks: 1 | Value: 0.400 | Remaining Turns: 1 | TickDown: DPS, PERM | Target: DPS | Affects: ['ALL']
        TengokuSPArcherCD | CD% | Stacks: 1 | Value: 0.320 | Remaining Turns: 2 | TickDown: DPS, END | Target: DPS | Affects: ['ALL']
        WarriorGoddessHealCD | CD% | Stacks: 1 | Value: 0.150 | Remaining Turns: 1 | TickDown: DPS, START | Target: DPS | Affects: ['ALL']
        HuoHuoUltATK | ATK% | Stacks: 1 | Value: 0.400 | Remaining Turns: 2 | TickDown: DPS, END | Target: DPS | Affects: ['ALL']
        HuoHuoUltExtraATK | ATK% | Stacks: 1 | Value: 0.240 | Remaining Turns: 2 | TickDown: DPS, END | Target: DPS | Affects: ['ALL']
        BattleIsntOverDMGRole.SUP2 | DMG% | Stacks: 1 | Value: 0.300 | Remaining Turns: 1 | TickDown: DPS, END | Target: DPS | Affects: ['ALL']
        Trace3CD | CD% | Stacks: 1 | Value: 1.200 | Remaining Turns: 1 | TickDown: DPS, END | Target: DPS | Affects: ['ALL']
        ----------End of Buff List----------
        ----------Enemy Debuffs----------
        RinTohsakaUltVuln | From: SUP1 | VULN | Stacks: 1 | Value: 0.200 | Remaining Turns: 2 | Target: 1 | Targeting: AOE | Affects: ['ALL'] | DOT: False | Blast: False
        ----------End of Debuff List----------
        ----------Healing List----------
        ----------End of Healing List----------
        ----------Shields List----------
        ----------End of Shields List----------
    GAUGE  - Enemy 1 toughness reduced by 20.000
    RESULT - ArcherSkill | Archer | DPS | DMG: 267599.160 | ELADMG: 0.000 | Enemies Hit: [1] | Enemies Broken: [] | WB DMG: 0.000 | Energy: 30.000 | Amount HP Healed: 0.000 | Amount HP Lost: 0.000 | Archer Energy: 187/220 | SP: 7 | MaxSP: 11)
Rin has obtained 2 Gem Energy from SP and now has 53 Gem Energy
    TURN   - HuoHuoAllyERR | HuoHuo | SUS | NA attack | ['WIN'] | ['SPECIAL'] | Scaling: HP | TargetID: 1 | DMG/BREAK Splits: [0, 0]/[0, 0] | Energy Gained: 1 | SP Change: 0

        ----------Char Buffs----------
        KeelCD(SUP2) | CD% | Stacks: 1 | Value: 0.100 | Remaining Turns: 1 | TickDown: SUS, PERM | Target: SUS | Affects: ['ALL']
        SparkleTeamATK | ATK% | Stacks: 1 | Value: 0.450 | Remaining Turns: 1 | TickDown: SUS, PERM | Target: SUS | Affects: ['ALL']
        PostOpERR | ERR% | Stacks: 1 | Value: 0.160 | Remaining Turns: 1 | TickDown: SUS, PERM | Target: SUS | Affects: ['ALL']
        WarriorGoddessSPD | SPD% | Stacks: 1 | Value: 0.060 | Remaining Turns: 1 | TickDown: SUS, PERM | Target: SUS | Affects: ['ALL']
        KeelEFFRES | ERS% | Stacks: 1 | Value: 0.100 | Remaining Turns: 1 | TickDown: SUS, PERM | Target: SUS | Affects: ['ALL']
        KeelCD(SUS) | CD% | Stacks: 1 | Value: 0.100 | Remaining Turns: 1 | TickDown: SUS, PERM | Target: SUS | Affects: ['ALL']
        HHTraceHP | HP% | Stacks: 1 | Value: 0.280 | Remaining Turns: 1 | TickDown: SUS, PERM | Target: SUS | Affects: ['ALL']
        HHTraceERS | ERS% | Stacks: 1 | Value: 0.180 | Remaining Turns: 1 | TickDown: SUS, PERM | Target: SUS | Affects: ['ALL']
        HHTraceSPD | SPD | Stacks: 1 | Value: 5.000 | Remaining Turns: 1 | TickDown: SUS, PERM | Target: SUS | Affects: ['ALL']
        SparkleVUL | VULN | Stacks: 3 | Value: 0.120 | Remaining Turns: 2 | TickDown: SUS, END | Target: SUS | Affects: ['ALL']
        SparkleUltVUL | VULN | Stacks: 1 | Value: 0.180 | Remaining Turns: 3 | TickDown: SUS, END | Target: SUS | Affects: ['ALL']
        RinTalentCD | CD% | Stacks: 1 | Value: 0.700 | Remaining Turns: 1 | TickDown: SUS, END | Target: SUS | Affects: ['ALL']
        WarriorGoddessHealSPD | SPD% | Stacks: 1 | Value: 0.060 | Remaining Turns: 2 | TickDown: SUS, START | Target: SUS | Affects: ['ALL']
        WarriorGoddessHealCD | CD% | Stacks: 1 | Value: 0.150 | Remaining Turns: 2 | TickDown: SUS, START | Target: SUS | Affects: ['ALL']
        ----------End of Buff List----------
        ----------Enemy Debuffs----------
        RinTohsakaUltVuln | From: SUP1 | VULN | Stacks: 1 | Value: 0.200 | Remaining Turns: 2 | Target: 1 | Targeting: AOE | Affects: ['ALL'] | DOT: False | Blast: False
        ----------End of Debuff List----------
        ----------Healing List----------
        HuoHuoTalentHealingScaling | Targeting: Targeting.SINGLE | Healing Value: [0] | Target: ALL
        HuoHuoTalentHealingScaling | Targeting: Targeting.SINGLE | Healing Value: [0.045] | Target: ALL
        HuoHuoTalentHealingScaling | Targeting: Targeting.SINGLE | Healing Value: [0] | Target: ALL
        HuoHuoTalentHealingScaling | Targeting: Targeting.SINGLE | Healing Value: [0] | Target: ALL
        HuoHuoTalentHealingFlat | Targeting: Targeting.SINGLE | Healing Value: [0] | Target: ALL
        HuoHuoTalentHealingFlat | Targeting: Targeting.SINGLE | Healing Value: [120] | Target: ALL
        HuoHuoTalentHealingFlat | Targeting: Targeting.SINGLE | Healing Value: [0] | Target: ALL
        HuoHuoTalentHealingFlat | Targeting: Targeting.SINGLE | Healing Value: [0] | Target: ALL
        ----------End of Healing List----------
        ----------Shields List----------
        ----------End of Shields List----------
    GAUGE  - Enemy 1 toughness reduced by 0.000
    RESULT - HuoHuoAllyERR | HuoHuo | SUS | DMG: 0.000 | ELADMG: 0.000 | Enemies Hit: [1] | Enemies Broken: [] | WB DMG: 0.000 | Energy: 1.354 | Amount HP Healed: 371.779 | Amount HP Lost: 0.000 | HuoHuo Energy: 20/140 | SP: 7 | MaxSP: 11)
ERR    > 1.294 energy added to Sparkle from SparkleTalentERR | Sparkle Energy: 7.766
ACTION > [CIRCUIT] TotalAV: 500.964 | Archer | circuit skill use 2
CIRCUIT > Archer Circuit skill use 2/5
    TURN   - ArcherSkill | Archer | DPS | ST attack | ['QUA'] | ['SKL'] | Scaling: ATK | TargetID: 1 | DMG/BREAK Splits: [3.6, 0]/[20, 0] | Energy Gained: 30 | SP Change: -2

        ----------Char Buffs----------
        IdealsBurnCR | CR% | Stacks: 1 | Value: 0.160 | Remaining Turns: 1 | TickDown: DPS, PERM | Target: DPS | Affects: ['ALL']
        IdealsBurnATK | ATK% | Stacks: 1 | Value: 0.400 | Remaining Turns: 1 | TickDown: DPS, PERM | Target: DPS | Affects: ['ALL']
        GeniusDMG | DMG% | Stacks: 1 | Value: 0.100 | Remaining Turns: 1 | TickDown: DPS, PERM | Target: DPS | Affects: ['ALL']
        GeniusSHRED | SHRED | Stacks: 1 | Value: 0.200 | Remaining Turns: 1 | TickDown: DPS, PERM | Target: DPS | Affects: ['ALL']
        TengokuCD | CD% | Stacks: 1 | Value: 0.160 | Remaining Turns: 1 | TickDown: DPS, PERM | Target: DPS | Affects: ['ALL']
        ArcherTraceCR | CD% | Stacks: 1 | Value: 0.067 | Remaining Turns: 1 | TickDown: DPS, PERM | Target: DPS | Affects: ['ALL']
        ArcherTraceATK | ATK% | Stacks: 1 | Value: 0.180 | Remaining Turns: 1 | TickDown: DPS, PERM | Target: DPS | Affects: ['ALL']
        ArcherTraceDMG | DMG% | Stacks: 1 | Value: 0.224 | Remaining Turns: 1 | TickDown: DPS, PERM | Target: DPS | Affects: ['ALL']
        KeelCD(SUP2) | CD% | Stacks: 1 | Value: 0.100 | Remaining Turns: 1 | TickDown: DPS, PERM | Target: DPS | Affects: ['ALL']
        SparkleTeamATK | ATK% | Stacks: 1 | Value: 0.450 | Remaining Turns: 1 | TickDown: DPS, PERM | Target: DPS | Affects: ['ALL']
        KeelCD(SUS) | CD% | Stacks: 1 | Value: 0.100 | Remaining Turns: 1 | TickDown: DPS, PERM | Target: DPS | Affects: ['ALL']
        RinTohsakaAllyTrace1ATK | ATK% | Stacks: 1 | Value: 1.500 | Remaining Turns: 1 | TickDown: DPS, PERM | Target: DPS | Affects: ['ALL']
        RinTohsakaAllyTrace1PEN | QUAPEN | Stacks: 1 | Value: 0.150 | Remaining Turns: 1 | TickDown: DPS, PERM | Target: DPS | Affects: ['ALL']
        SparkleVUL | VULN | Stacks: 3 | Value: 0.120 | Remaining Turns: 2 | TickDown: DPS, END | Target: DPS | Affects: ['ALL']
        RinTalentCD | CD% | Stacks: 1 | Value: 0.700 | Remaining Turns: 2 | TickDown: DPS, END | Target: DPS | Affects: ['ALL']
        SacerdosCDSUP2 | CD% | Stacks: 2 | Value: 0.360 | Remaining Turns: 2 | TickDown: DPS, END | Target: DPS | Affects: ['ALL']
        SparkleCD | CD% | Stacks: 1 | Value: 1.175 | Remaining Turns: 2 | TickDown: DPS, END | Target: DPS | Affects: ['ALL']
        SparklePEN | PEN | Stacks: 1 | Value: 0.100 | Remaining Turns: 2 | TickDown: DPS, END | Target: DPS | Affects: ['ALL']
        SparkleUltVUL | VULN | Stacks: 1 | Value: 0.180 | Remaining Turns: 3 | TickDown: DPS, END | Target: DPS | Affects: ['ALL']
        IdealsBurnSKLATK | ATK% | Stacks: 1 | Value: 0.400 | Remaining Turns: 1 | TickDown: DPS, PERM | Target: DPS | Affects: ['ALL']
        TengokuSPArcherCD | CD% | Stacks: 1 | Value: 0.320 | Remaining Turns: 3 | TickDown: DPS, END | Target: DPS | Affects: ['ALL']
        WarriorGoddessHealCD | CD% | Stacks: 1 | Value: 0.150 | Remaining Turns: 2 | TickDown: DPS, START | Target: DPS | Affects: ['ALL']
        HuoHuoUltATK | ATK% | Stacks: 1 | Value: 0.400 | Remaining Turns: 2 | TickDown: DPS, END | Target: DPS | Affects: ['ALL']
        HuoHuoUltExtraATK | ATK% | Stacks: 1 | Value: 0.240 | Remaining Turns: 2 | TickDown: DPS, END | Target: DPS | Affects: ['ALL']
        BattleIsntOverDMGRole.SUP2 | DMG% | Stacks: 1 | Value: 0.300 | Remaining Turns: 1 | TickDown: DPS, END | Target: DPS | Affects: ['ALL']
        Trace3CD | CD% | Stacks: 1 | Value: 1.200 | Remaining Turns: 1 | TickDown: DPS, END | Target: DPS | Affects: ['ALL']
        SkillDmg | DMG% | Stacks: 1 | Value: 1.000 | Remaining Turns: 1 | TickDown: DPS, START | Target: DPS | Affects: ['SKL']
        ----------End of Buff List----------
        ----------Enemy Debuffs----------
        RinTohsakaUltVuln | From: SUP1 | VULN | Stacks: 1 | Value: 0.200 | Remaining Turns: 2 | Target: 1 | Targeting: AOE | Affects: ['ALL'] | DOT: False | Blast: False
        ----------End of Debuff List----------
        ----------Healing List----------
        ----------End of Healing List----------
        ----------Shields List----------
        ----------End of Shields List----------
    GAUGE  - Enemy 1 toughness reduced by 20.000
    RESULT - ArcherSkill | Archer | DPS | DMG: 400547.669 | ELADMG: 0.000 | Enemies Hit: [1] | Enemies Broken: [] | WB DMG: 0.000 | Energy: 30.000 | Amount HP Healed: 0.000 | Amount HP Lost: 0.000 | Archer Energy: 217/220 | SP: 5 | MaxSP: 11)
Rin has obtained 2 Gem Energy from SP and now has 55 Gem Energy
    TURN   - HuoHuoAllyERR | HuoHuo | SUS | NA attack | ['WIN'] | ['SPECIAL'] | Scaling: HP | TargetID: 1 | DMG/BREAK Splits: [0, 0]/[0, 0] | Energy Gained: 1 | SP Change: 0

        ----------Char Buffs----------
        KeelCD(SUP2) | CD% | Stacks: 1 | Value: 0.100 | Remaining Turns: 1 | TickDown: SUS, PERM | Target: SUS | Affects: ['ALL']
        SparkleTeamATK | ATK% | Stacks: 1 | Value: 0.450 | Remaining Turns: 1 | TickDown: SUS, PERM | Target: SUS | Affects: ['ALL']
        PostOpERR | ERR% | Stacks: 1 | Value: 0.160 | Remaining Turns: 1 | TickDown: SUS, PERM | Target: SUS | Affects: ['ALL']
        WarriorGoddessSPD | SPD% | Stacks: 1 | Value: 0.060 | Remaining Turns: 1 | TickDown: SUS, PERM | Target: SUS | Affects: ['ALL']
        KeelEFFRES | ERS% | Stacks: 1 | Value: 0.100 | Remaining Turns: 1 | TickDown: SUS, PERM | Target: SUS | Affects: ['ALL']
        KeelCD(SUS) | CD% | Stacks: 1 | Value: 0.100 | Remaining Turns: 1 | TickDown: SUS, PERM | Target: SUS | Affects: ['ALL']
        HHTraceHP | HP% | Stacks: 1 | Value: 0.280 | Remaining Turns: 1 | TickDown: SUS, PERM | Target: SUS | Affects: ['ALL']
        HHTraceERS | ERS% | Stacks: 1 | Value: 0.180 | Remaining Turns: 1 | TickDown: SUS, PERM | Target: SUS | Affects: ['ALL']
        HHTraceSPD | SPD | Stacks: 1 | Value: 5.000 | Remaining Turns: 1 | TickDown: SUS, PERM | Target: SUS | Affects: ['ALL']
        SparkleVUL | VULN | Stacks: 3 | Value: 0.120 | Remaining Turns: 2 | TickDown: SUS, END | Target: SUS | Affects: ['ALL']
        SparkleUltVUL | VULN | Stacks: 1 | Value: 0.180 | Remaining Turns: 3 | TickDown: SUS, END | Target: SUS | Affects: ['ALL']
        RinTalentCD | CD% | Stacks: 1 | Value: 0.700 | Remaining Turns: 1 | TickDown: SUS, END | Target: SUS | Affects: ['ALL']
        WarriorGoddessHealSPD | SPD% | Stacks: 1 | Value: 0.060 | Remaining Turns: 2 | TickDown: SUS, START | Target: SUS | Affects: ['ALL']
        WarriorGoddessHealCD | CD% | Stacks: 1 | Value: 0.150 | Remaining Turns: 2 | TickDown: SUS, START | Target: SUS | Affects: ['ALL']
        ----------End of Buff List----------
        ----------Enemy Debuffs----------
        RinTohsakaUltVuln | From: SUP1 | VULN | Stacks: 1 | Value: 0.200 | Remaining Turns: 2 | Target: 1 | Targeting: AOE | Affects: ['ALL'] | DOT: False | Blast: False
        ----------End of Debuff List----------
        ----------Healing List----------
        HuoHuoTalentHealingScaling | Targeting: Targeting.SINGLE | Healing Value: [0] | Target: ALL
        HuoHuoTalentHealingScaling | Targeting: Targeting.SINGLE | Healing Value: [0] | Target: ALL
        HuoHuoTalentHealingScaling | Targeting: Targeting.SINGLE | Healing Value: [0.045] | Target: ALL
        HuoHuoTalentHealingScaling | Targeting: Targeting.SINGLE | Healing Value: [0] | Target: ALL
        HuoHuoTalentHealingFlat | Targeting: Targeting.SINGLE | Healing Value: [0] | Target: ALL
        HuoHuoTalentHealingFlat | Targeting: Targeting.SINGLE | Healing Value: [0] | Target: ALL
        HuoHuoTalentHealingFlat | Targeting: Targeting.SINGLE | Healing Value: [120] | Target: ALL
        HuoHuoTalentHealingFlat | Targeting: Targeting.SINGLE | Healing Value: [0] | Target: ALL
        ----------End of Healing List----------
        ----------Shields List----------
        ----------End of Shields List----------
    GAUGE  - Enemy 1 toughness reduced by 0.000
    RESULT - HuoHuoAllyERR | HuoHuo | SUS | DMG: 0.000 | ELADMG: 0.000 | Enemies Hit: [1] | Enemies Broken: [] | WB DMG: 0.000 | Energy: 1.354 | Amount HP Healed: 371.779 | Amount HP Lost: 0.000 | HuoHuo Energy: 22/140 | SP: 5 | MaxSP: 11)
ERR    > 1.294 energy added to Sparkle from SparkleTalentERR | Sparkle Energy: 9.061
ACTION > [CIRCUIT] TotalAV: 500.964 | Archer | circuit skill use 3
CIRCUIT > Archer Circuit skill use 3/5
    TURN   - ArcherSkill | Archer | DPS | ST attack | ['QUA'] | ['SKL'] | Scaling: ATK | TargetID: 1 | DMG/BREAK Splits: [3.6, 0]/[20, 0] | Energy Gained: 30 | SP Change: -2

        ----------Char Buffs----------
        IdealsBurnCR | CR% | Stacks: 1 | Value: 0.160 | Remaining Turns: 1 | TickDown: DPS, PERM | Target: DPS | Affects: ['ALL']
        IdealsBurnATK | ATK% | Stacks: 1 | Value: 0.400 | Remaining Turns: 1 | TickDown: DPS, PERM | Target: DPS | Affects: ['ALL']
        GeniusDMG | DMG% | Stacks: 1 | Value: 0.100 | Remaining Turns: 1 | TickDown: DPS, PERM | Target: DPS | Affects: ['ALL']
        GeniusSHRED | SHRED | Stacks: 1 | Value: 0.200 | Remaining Turns: 1 | TickDown: DPS, PERM | Target: DPS | Affects: ['ALL']
        TengokuCD | CD% | Stacks: 1 | Value: 0.160 | Remaining Turns: 1 | TickDown: DPS, PERM | Target: DPS | Affects: ['ALL']
        ArcherTraceCR | CD% | Stacks: 1 | Value: 0.067 | Remaining Turns: 1 | TickDown: DPS, PERM | Target: DPS | Affects: ['ALL']
        ArcherTraceATK | ATK% | Stacks: 1 | Value: 0.180 | Remaining Turns: 1 | TickDown: DPS, PERM | Target: DPS | Affects: ['ALL']
        ArcherTraceDMG | DMG% | Stacks: 1 | Value: 0.224 | Remaining Turns: 1 | TickDown: DPS, PERM | Target: DPS | Affects: ['ALL']
        KeelCD(SUP2) | CD% | Stacks: 1 | Value: 0.100 | Remaining Turns: 1 | TickDown: DPS, PERM | Target: DPS | Affects: ['ALL']
        SparkleTeamATK | ATK% | Stacks: 1 | Value: 0.450 | Remaining Turns: 1 | TickDown: DPS, PERM | Target: DPS | Affects: ['ALL']
        KeelCD(SUS) | CD% | Stacks: 1 | Value: 0.100 | Remaining Turns: 1 | TickDown: DPS, PERM | Target: DPS | Affects: ['ALL']
        RinTohsakaAllyTrace1ATK | ATK% | Stacks: 1 | Value: 1.500 | Remaining Turns: 1 | TickDown: DPS, PERM | Target: DPS | Affects: ['ALL']
        RinTohsakaAllyTrace1PEN | QUAPEN | Stacks: 1 | Value: 0.150 | Remaining Turns: 1 | TickDown: DPS, PERM | Target: DPS | Affects: ['ALL']
        SparkleVUL | VULN | Stacks: 3 | Value: 0.120 | Remaining Turns: 2 | TickDown: DPS, END | Target: DPS | Affects: ['ALL']
        RinTalentCD | CD% | Stacks: 1 | Value: 0.700 | Remaining Turns: 2 | TickDown: DPS, END | Target: DPS | Affects: ['ALL']
        SacerdosCDSUP2 | CD% | Stacks: 2 | Value: 0.360 | Remaining Turns: 2 | TickDown: DPS, END | Target: DPS | Affects: ['ALL']
        SparkleCD | CD% | Stacks: 1 | Value: 1.175 | Remaining Turns: 2 | TickDown: DPS, END | Target: DPS | Affects: ['ALL']
        SparklePEN | PEN | Stacks: 1 | Value: 0.100 | Remaining Turns: 2 | TickDown: DPS, END | Target: DPS | Affects: ['ALL']
        SparkleUltVUL | VULN | Stacks: 1 | Value: 0.180 | Remaining Turns: 3 | TickDown: DPS, END | Target: DPS | Affects: ['ALL']
        IdealsBurnSKLATK | ATK% | Stacks: 1 | Value: 0.400 | Remaining Turns: 1 | TickDown: DPS, PERM | Target: DPS | Affects: ['ALL']
        TengokuSPArcherCD | CD% | Stacks: 1 | Value: 0.320 | Remaining Turns: 3 | TickDown: DPS, END | Target: DPS | Affects: ['ALL']
        WarriorGoddessHealCD | CD% | Stacks: 1 | Value: 0.150 | Remaining Turns: 2 | TickDown: DPS, START | Target: DPS | Affects: ['ALL']
        HuoHuoUltATK | ATK% | Stacks: 1 | Value: 0.400 | Remaining Turns: 2 | TickDown: DPS, END | Target: DPS | Affects: ['ALL']
        HuoHuoUltExtraATK | ATK% | Stacks: 1 | Value: 0.240 | Remaining Turns: 2 | TickDown: DPS, END | Target: DPS | Affects: ['ALL']
        BattleIsntOverDMGRole.SUP2 | DMG% | Stacks: 1 | Value: 0.300 | Remaining Turns: 1 | TickDown: DPS, END | Target: DPS | Affects: ['ALL']
        Trace3CD | CD% | Stacks: 1 | Value: 1.200 | Remaining Turns: 1 | TickDown: DPS, END | Target: DPS | Affects: ['ALL']
        SkillDmg | DMG% | Stacks: 2 | Value: 2.000 | Remaining Turns: 1 | TickDown: DPS, START | Target: DPS | Affects: ['SKL']
        ----------End of Buff List----------
        ----------Enemy Debuffs----------
        RinTohsakaUltVuln | From: SUP1 | VULN | Stacks: 1 | Value: 0.200 | Remaining Turns: 2 | Target: 1 | Targeting: AOE | Affects: ['ALL'] | DOT: False | Blast: False
        ----------End of Debuff List----------
        ----------Healing List----------
        ----------End of Healing List----------
        ----------Shields List----------
        ----------End of Shields List----------
    GAUGE  - Enemy 1 toughness reduced by 20.000
    RESULT - ArcherSkill | Archer | DPS | DMG: 533496.179 | ELADMG: 0.000 | Enemies Hit: [1] | Enemies Broken: [] | WB DMG: 0.000 | Energy: 30.000 | Amount HP Healed: 0.000 | Amount HP Lost: 0.000 | Archer Energy: 220/220 | SP: 3 | MaxSP: 11)
Rin has obtained 2 Gem Energy from SP and now has 57 Gem Energy
    TURN   - ArcherJointAttack | Archer | DPS | AOE attack | ['QUA'] | ['FUA'] | Scaling: ATK | TargetID: 1 | DMG/BREAK Splits: [3.0, 0]/[0, 0] | Energy Gained: 0 | SP Change: 0

        ----------Char Buffs----------
        IdealsBurnCR | CR% | Stacks: 1 | Value: 0.160 | Remaining Turns: 1 | TickDown: DPS, PERM | Target: DPS | Affects: ['ALL']
        IdealsBurnATK | ATK% | Stacks: 1 | Value: 0.400 | Remaining Turns: 1 | TickDown: DPS, PERM | Target: DPS | Affects: ['ALL']
        GeniusDMG | DMG% | Stacks: 1 | Value: 0.100 | Remaining Turns: 1 | TickDown: DPS, PERM | Target: DPS | Affects: ['ALL']
        GeniusSHRED | SHRED | Stacks: 1 | Value: 0.200 | Remaining Turns: 1 | TickDown: DPS, PERM | Target: DPS | Affects: ['ALL']
        TengokuCD | CD% | Stacks: 1 | Value: 0.160 | Remaining Turns: 1 | TickDown: DPS, PERM | Target: DPS | Affects: ['ALL']
        ArcherTraceCR | CD% | Stacks: 1 | Value: 0.067 | Remaining Turns: 1 | TickDown: DPS, PERM | Target: DPS | Affects: ['ALL']
        ArcherTraceATK | ATK% | Stacks: 1 | Value: 0.180 | Remaining Turns: 1 | TickDown: DPS, PERM | Target: DPS | Affects: ['ALL']
        ArcherTraceDMG | DMG% | Stacks: 1 | Value: 0.224 | Remaining Turns: 1 | TickDown: DPS, PERM | Target: DPS | Affects: ['ALL']
        KeelCD(SUP2) | CD% | Stacks: 1 | Value: 0.100 | Remaining Turns: 1 | TickDown: DPS, PERM | Target: DPS | Affects: ['ALL']
        SparkleTeamATK | ATK% | Stacks: 1 | Value: 0.450 | Remaining Turns: 1 | TickDown: DPS, PERM | Target: DPS | Affects: ['ALL']
        KeelCD(SUS) | CD% | Stacks: 1 | Value: 0.100 | Remaining Turns: 1 | TickDown: DPS, PERM | Target: DPS | Affects: ['ALL']
        RinTohsakaAllyTrace1ATK | ATK% | Stacks: 1 | Value: 1.500 | Remaining Turns: 1 | TickDown: DPS, PERM | Target: DPS | Affects: ['ALL']
        RinTohsakaAllyTrace1PEN | QUAPEN | Stacks: 1 | Value: 0.150 | Remaining Turns: 1 | TickDown: DPS, PERM | Target: DPS | Affects: ['ALL']
        SparkleVUL | VULN | Stacks: 3 | Value: 0.120 | Remaining Turns: 2 | TickDown: DPS, END | Target: DPS | Affects: ['ALL']
        RinTalentCD | CD% | Stacks: 1 | Value: 0.700 | Remaining Turns: 2 | TickDown: DPS, END | Target: DPS | Affects: ['ALL']
        SacerdosCDSUP2 | CD% | Stacks: 2 | Value: 0.360 | Remaining Turns: 2 | TickDown: DPS, END | Target: DPS | Affects: ['ALL']
        SparkleCD | CD% | Stacks: 1 | Value: 1.175 | Remaining Turns: 2 | TickDown: DPS, END | Target: DPS | Affects: ['ALL']
        SparklePEN | PEN | Stacks: 1 | Value: 0.100 | Remaining Turns: 2 | TickDown: DPS, END | Target: DPS | Affects: ['ALL']
        SparkleUltVUL | VULN | Stacks: 1 | Value: 0.180 | Remaining Turns: 3 | TickDown: DPS, END | Target: DPS | Affects: ['ALL']
        IdealsBurnSKLATK | ATK% | Stacks: 1 | Value: 0.400 | Remaining Turns: 1 | TickDown: DPS, PERM | Target: DPS | Affects: ['ALL']
        TengokuSPArcherCD | CD% | Stacks: 1 | Value: 0.320 | Remaining Turns: 3 | TickDown: DPS, END | Target: DPS | Affects: ['ALL']
        WarriorGoddessHealCD | CD% | Stacks: 1 | Value: 0.150 | Remaining Turns: 2 | TickDown: DPS, START | Target: DPS | Affects: ['ALL']
        HuoHuoUltATK | ATK% | Stacks: 1 | Value: 0.400 | Remaining Turns: 2 | TickDown: DPS, END | Target: DPS | Affects: ['ALL']
        HuoHuoUltExtraATK | ATK% | Stacks: 1 | Value: 0.240 | Remaining Turns: 2 | TickDown: DPS, END | Target: DPS | Affects: ['ALL']
        BattleIsntOverDMGRole.SUP2 | DMG% | Stacks: 1 | Value: 0.300 | Remaining Turns: 1 | TickDown: DPS, END | Target: DPS | Affects: ['ALL']
        Trace3CD | CD% | Stacks: 1 | Value: 1.200 | Remaining Turns: 1 | TickDown: DPS, END | Target: DPS | Affects: ['ALL']
        ----------End of Buff List----------
        ----------Enemy Debuffs----------
        RinTohsakaUltVuln | From: SUP1 | VULN | Stacks: 1 | Value: 0.200 | Remaining Turns: 2 | Target: 1 | Targeting: AOE | Affects: ['ALL'] | DOT: False | Blast: False
        ----------End of Debuff List----------
        ----------Healing List----------
        ----------End of Healing List----------
        ----------Shields List----------
        ----------End of Shields List----------
    GAUGE  - Enemy 0 toughness reduced by 0.000
    GAUGE  - Enemy 1 toughness reduced by 0.000
    GAUGE  - Enemy 2 toughness reduced by 0.000
    RESULT - ArcherJointAttack | Archer | DPS | DMG: 718553.299 | ELADMG: 0.000 | Enemies Hit: [0, 1, 2] | Enemies Broken: [] | WB DMG: 0.000 | Energy: 0.000 | Amount HP Healed: 0.000 | Amount HP Lost: 0.000 | Archer Energy: 220/220 | SP: 3 | MaxSP: 11)
    TURN   - RinTohsakaJointAttack | RinTohsaka | SUP1 | AOE attack | ['QUA'] | ['FUA'] | Scaling: ATK | TargetID: 1 | DMG/BREAK Splits: [3.0, 0]/[20, 0] | Energy Gained: 10 | SP Change: 4

        ----------Char Buffs----------
        CalculusATK | ATK% | Stacks: 1 | Value: 0.120 | Remaining Turns: 1 | TickDown: SUP1, PERM | Target: SUP1 | Affects: ['ALL']
        GeniusDMG | DMG% | Stacks: 1 | Value: 0.100 | Remaining Turns: 1 | TickDown: SUP1, PERM | Target: SUP1 | Affects: ['ALL']
        GeniusSHRED | SHRED | Stacks: 1 | Value: 0.200 | Remaining Turns: 1 | TickDown: SUP1, PERM | Target: SUP1 | Affects: ['ALL']
        RutilantCR | CR% | Stacks: 1 | Value: 0.080 | Remaining Turns: 1 | TickDown: SUP1, PERM | Target: SUP1 | Affects: ['ALL']
        RinTohsakaTraceCD | CD% | Stacks: 1 | Value: 0.373 | Remaining Turns: 1 | TickDown: SUP1, PERM | Target: SUP1 | Affects: ['ALL']
        RinTohsakaTraceATK | ATK% | Stacks: 1 | Value: 0.180 | Remaining Turns: 1 | TickDown: SUP1, PERM | Target: SUP1 | Affects: ['ALL']
        RinTohsakaTraceDMG | DMG% | Stacks: 1 | Value: 0.080 | Remaining Turns: 1 | TickDown: SUP1, PERM | Target: SUP1 | Affects: ['ALL']
        RinTohsakaTrace1ATK | ATK% | Stacks: 1 | Value: 1.500 | Remaining Turns: 1 | TickDown: SUP1, PERM | Target: SUP1 | Affects: ['ALL']
        RinTohsakaTrace1PEN | QUAPEN | Stacks: 1 | Value: 0.150 | Remaining Turns: 1 | TickDown: SUP1, PERM | Target: SUP1 | Affects: ['ALL']
        KeelCD(SUP2) | CD% | Stacks: 1 | Value: 0.100 | Remaining Turns: 1 | TickDown: SUP1, PERM | Target: SUP1 | Affects: ['ALL']
        SparkleTeamATK | ATK% | Stacks: 1 | Value: 0.450 | Remaining Turns: 1 | TickDown: SUP1, PERM | Target: SUP1 | Affects: ['ALL']
        KeelCD(SUS) | CD% | Stacks: 1 | Value: 0.100 | Remaining Turns: 1 | TickDown: SUP1, PERM | Target: SUP1 | Affects: ['ALL']
        CalculusHitATK | ATK% | Stacks: 1 | Value: 0.080 | Remaining Turns: 1 | TickDown: SUP1, PERM | Target: SUP1 | Affects: ['ALL']
        TalentCD | CD% | Stacks: 1 | Value: 0.700 | Remaining Turns: 1 | TickDown: SUP1, END | Target: SUP1 | Affects: ['ALL']
        SparkleVUL | VULN | Stacks: 3 | Value: 0.120 | Remaining Turns: 2 | TickDown: SUP1, END | Target: SUP1 | Affects: ['ALL']
        SparkleUltVUL | VULN | Stacks: 1 | Value: 0.180 | Remaining Turns: 3 | TickDown: SUP1, END | Target: SUP1 | Affects: ['ALL']
        EnhancedSkillSPD | SPD% | Stacks: 1 | Value: 0.200 | Remaining Turns: 1 | TickDown: SUP1, END | Target: SUP1 | Affects: ['ALL']
        WarriorGoddessHealCD | CD% | Stacks: 1 | Value: 0.150 | Remaining Turns: 2 | TickDown: SUP1, START | Target: SUP1 | Affects: ['ALL']
        HuoHuoUltATK | ATK% | Stacks: 1 | Value: 0.400 | Remaining Turns: 1 | TickDown: SUP1, END | Target: SUP1 | Affects: ['ALL']
        HuoHuoUltExtraATK | ATK% | Stacks: 1 | Value: 0.240 | Remaining Turns: 1 | TickDown: SUP1, END | Target: SUP1 | Affects: ['ALL']
        ----------End of Buff List----------
        ----------Enemy Debuffs----------
        RinTohsakaUltVuln | From: SUP1 | VULN | Stacks: 1 | Value: 0.200 | Remaining Turns: 2 | Target: 1 | Targeting: AOE | Affects: ['ALL'] | DOT: False | Blast: False
        ----------End of Debuff List----------
        ----------Healing List----------
        ----------End of Healing List----------
        ----------Shields List----------
        ----------End of Shields List----------
    GAUGE  - Enemy 0 toughness reduced by 20.000
    GAUGE  - Enemy 1 toughness reduced by 20.000
    GAUGE  - Enemy 2 toughness reduced by 20.000
    RESULT - RinTohsakaJointAttack | RinTohsaka | SUP1 | DMG: 205925.661 | ELADMG: 0.000 | Enemies Hit: [0, 1, 2] | Enemies Broken: [] | WB DMG: 0.000 | Energy: 10.000 | Amount HP Healed: 0.000 | Amount HP Lost: 0.000 | RinTohsaka Energy: 43/160 | SP: 7 | MaxSP: 11)
Rin has obtained 4 Gem Energy from SP and now has 61 Gem Energy
ERR    > 1.294 energy added to Sparkle from SparkleTalentERR | Sparkle Energy: 10.355
ULT    > Archer used their ultimate
Archer Obtained 2 FUA Charge
    TURN   - ArcherUlt | Archer | DPS | ST attack | ['QUA'] | ['ULT'] | Scaling: ATK | TargetID: 1 | DMG/BREAK Splits: [10.0, 0]/[30, 0] | Energy Gained: 5 | SP Change: 0

        ----------Char Buffs----------
        IdealsBurnCR | CR% | Stacks: 1 | Value: 0.160 | Remaining Turns: 1 | TickDown: DPS, PERM | Target: DPS | Affects: ['ALL']
        IdealsBurnATK | ATK% | Stacks: 1 | Value: 0.400 | Remaining Turns: 1 | TickDown: DPS, PERM | Target: DPS | Affects: ['ALL']
        GeniusDMG | DMG% | Stacks: 1 | Value: 0.100 | Remaining Turns: 1 | TickDown: DPS, PERM | Target: DPS | Affects: ['ALL']
        GeniusSHRED | SHRED | Stacks: 1 | Value: 0.200 | Remaining Turns: 1 | TickDown: DPS, PERM | Target: DPS | Affects: ['ALL']
        TengokuCD | CD% | Stacks: 1 | Value: 0.160 | Remaining Turns: 1 | TickDown: DPS, PERM | Target: DPS | Affects: ['ALL']
        ArcherTraceCR | CD% | Stacks: 1 | Value: 0.067 | Remaining Turns: 1 | TickDown: DPS, PERM | Target: DPS | Affects: ['ALL']
        ArcherTraceATK | ATK% | Stacks: 1 | Value: 0.180 | Remaining Turns: 1 | TickDown: DPS, PERM | Target: DPS | Affects: ['ALL']
        ArcherTraceDMG | DMG% | Stacks: 1 | Value: 0.224 | Remaining Turns: 1 | TickDown: DPS, PERM | Target: DPS | Affects: ['ALL']
        KeelCD(SUP2) | CD% | Stacks: 1 | Value: 0.100 | Remaining Turns: 1 | TickDown: DPS, PERM | Target: DPS | Affects: ['ALL']
        SparkleTeamATK | ATK% | Stacks: 1 | Value: 0.450 | Remaining Turns: 1 | TickDown: DPS, PERM | Target: DPS | Affects: ['ALL']
        KeelCD(SUS) | CD% | Stacks: 1 | Value: 0.100 | Remaining Turns: 1 | TickDown: DPS, PERM | Target: DPS | Affects: ['ALL']
        RinTohsakaAllyTrace1ATK | ATK% | Stacks: 1 | Value: 1.500 | Remaining Turns: 1 | TickDown: DPS, PERM | Target: DPS | Affects: ['ALL']
        RinTohsakaAllyTrace1PEN | QUAPEN | Stacks: 1 | Value: 0.150 | Remaining Turns: 1 | TickDown: DPS, PERM | Target: DPS | Affects: ['ALL']
        SparkleVUL | VULN | Stacks: 3 | Value: 0.120 | Remaining Turns: 2 | TickDown: DPS, END | Target: DPS | Affects: ['ALL']
        RinTalentCD | CD% | Stacks: 1 | Value: 0.700 | Remaining Turns: 2 | TickDown: DPS, END | Target: DPS | Affects: ['ALL']
        SacerdosCDSUP2 | CD% | Stacks: 2 | Value: 0.360 | Remaining Turns: 2 | TickDown: DPS, END | Target: DPS | Affects: ['ALL']
        SparkleCD | CD% | Stacks: 1 | Value: 1.175 | Remaining Turns: 2 | TickDown: DPS, END | Target: DPS | Affects: ['ALL']
        SparklePEN | PEN | Stacks: 1 | Value: 0.100 | Remaining Turns: 2 | TickDown: DPS, END | Target: DPS | Affects: ['ALL']
        SparkleUltVUL | VULN | Stacks: 1 | Value: 0.180 | Remaining Turns: 3 | TickDown: DPS, END | Target: DPS | Affects: ['ALL']
        IdealsBurnSKLATK | ATK% | Stacks: 1 | Value: 0.400 | Remaining Turns: 1 | TickDown: DPS, PERM | Target: DPS | Affects: ['ALL']
        TengokuSPArcherCD | CD% | Stacks: 1 | Value: 0.320 | Remaining Turns: 3 | TickDown: DPS, END | Target: DPS | Affects: ['ALL']
        WarriorGoddessHealCD | CD% | Stacks: 1 | Value: 0.150 | Remaining Turns: 2 | TickDown: DPS, START | Target: DPS | Affects: ['ALL']
        HuoHuoUltATK | ATK% | Stacks: 1 | Value: 0.400 | Remaining Turns: 2 | TickDown: DPS, END | Target: DPS | Affects: ['ALL']
        HuoHuoUltExtraATK | ATK% | Stacks: 1 | Value: 0.240 | Remaining Turns: 2 | TickDown: DPS, END | Target: DPS | Affects: ['ALL']
        BattleIsntOverDMGRole.SUP2 | DMG% | Stacks: 1 | Value: 0.300 | Remaining Turns: 1 | TickDown: DPS, END | Target: DPS | Affects: ['ALL']
        Trace3CD | CD% | Stacks: 1 | Value: 1.200 | Remaining Turns: 1 | TickDown: DPS, END | Target: DPS | Affects: ['ALL']
        ----------End of Buff List----------
        ----------Enemy Debuffs----------
        RinTohsakaUltVuln | From: SUP1 | VULN | Stacks: 1 | Value: 0.200 | Remaining Turns: 2 | Target: 1 | Targeting: AOE | Affects: ['ALL'] | DOT: False | Blast: False
        ----------End of Debuff List----------
        ----------Healing List----------
        ----------End of Healing List----------
        ----------Shields List----------
        ----------End of Shields List----------
    GAUGE  - Enemy 1 toughness reduced by 30.000
    RESULT - ArcherUlt | Archer | DPS | DMG: 743330.999 | ELADMG: 0.000 | Enemies Hit: [1] | Enemies Broken: [] | WB DMG: 0.000 | Energy: 5.000 | Amount HP Healed: 0.000 | Amount HP Lost: 0.000 | Archer Energy: 5/220 | SP: 7 | MaxSP: 11)
ACTION > [CIRCUIT] TotalAV: 500.964 | Archer | circuit skill use 4
CIRCUIT > Archer Circuit skill use 4/5
    TURN   - ArcherSkill | Archer | DPS | ST attack | ['QUA'] | ['SKL'] | Scaling: ATK | TargetID: 1 | DMG/BREAK Splits: [3.6, 0]/[20, 0] | Energy Gained: 30 | SP Change: -2

        ----------Char Buffs----------
        IdealsBurnCR | CR% | Stacks: 1 | Value: 0.160 | Remaining Turns: 1 | TickDown: DPS, PERM | Target: DPS | Affects: ['ALL']
        IdealsBurnATK | ATK% | Stacks: 1 | Value: 0.400 | Remaining Turns: 1 | TickDown: DPS, PERM | Target: DPS | Affects: ['ALL']
        GeniusDMG | DMG% | Stacks: 1 | Value: 0.100 | Remaining Turns: 1 | TickDown: DPS, PERM | Target: DPS | Affects: ['ALL']
        GeniusSHRED | SHRED | Stacks: 1 | Value: 0.200 | Remaining Turns: 1 | TickDown: DPS, PERM | Target: DPS | Affects: ['ALL']
        TengokuCD | CD% | Stacks: 1 | Value: 0.160 | Remaining Turns: 1 | TickDown: DPS, PERM | Target: DPS | Affects: ['ALL']
        ArcherTraceCR | CD% | Stacks: 1 | Value: 0.067 | Remaining Turns: 1 | TickDown: DPS, PERM | Target: DPS | Affects: ['ALL']
        ArcherTraceATK | ATK% | Stacks: 1 | Value: 0.180 | Remaining Turns: 1 | TickDown: DPS, PERM | Target: DPS | Affects: ['ALL']
        ArcherTraceDMG | DMG% | Stacks: 1 | Value: 0.224 | Remaining Turns: 1 | TickDown: DPS, PERM | Target: DPS | Affects: ['ALL']
        KeelCD(SUP2) | CD% | Stacks: 1 | Value: 0.100 | Remaining Turns: 1 | TickDown: DPS, PERM | Target: DPS | Affects: ['ALL']
        SparkleTeamATK | ATK% | Stacks: 1 | Value: 0.450 | Remaining Turns: 1 | TickDown: DPS, PERM | Target: DPS | Affects: ['ALL']
        KeelCD(SUS) | CD% | Stacks: 1 | Value: 0.100 | Remaining Turns: 1 | TickDown: DPS, PERM | Target: DPS | Affects: ['ALL']
        RinTohsakaAllyTrace1ATK | ATK% | Stacks: 1 | Value: 1.500 | Remaining Turns: 1 | TickDown: DPS, PERM | Target: DPS | Affects: ['ALL']
        RinTohsakaAllyTrace1PEN | QUAPEN | Stacks: 1 | Value: 0.150 | Remaining Turns: 1 | TickDown: DPS, PERM | Target: DPS | Affects: ['ALL']
        SparkleVUL | VULN | Stacks: 3 | Value: 0.120 | Remaining Turns: 2 | TickDown: DPS, END | Target: DPS | Affects: ['ALL']
        RinTalentCD | CD% | Stacks: 1 | Value: 0.700 | Remaining Turns: 2 | TickDown: DPS, END | Target: DPS | Affects: ['ALL']
        SacerdosCDSUP2 | CD% | Stacks: 2 | Value: 0.360 | Remaining Turns: 2 | TickDown: DPS, END | Target: DPS | Affects: ['ALL']
        SparkleCD | CD% | Stacks: 1 | Value: 1.175 | Remaining Turns: 2 | TickDown: DPS, END | Target: DPS | Affects: ['ALL']
        SparklePEN | PEN | Stacks: 1 | Value: 0.100 | Remaining Turns: 2 | TickDown: DPS, END | Target: DPS | Affects: ['ALL']
        SparkleUltVUL | VULN | Stacks: 1 | Value: 0.180 | Remaining Turns: 3 | TickDown: DPS, END | Target: DPS | Affects: ['ALL']
        IdealsBurnSKLATK | ATK% | Stacks: 1 | Value: 0.400 | Remaining Turns: 1 | TickDown: DPS, PERM | Target: DPS | Affects: ['ALL']
        TengokuSPArcherCD | CD% | Stacks: 1 | Value: 0.320 | Remaining Turns: 3 | TickDown: DPS, END | Target: DPS | Affects: ['ALL']
        WarriorGoddessHealCD | CD% | Stacks: 1 | Value: 0.150 | Remaining Turns: 2 | TickDown: DPS, START | Target: DPS | Affects: ['ALL']
        HuoHuoUltATK | ATK% | Stacks: 1 | Value: 0.400 | Remaining Turns: 2 | TickDown: DPS, END | Target: DPS | Affects: ['ALL']
        HuoHuoUltExtraATK | ATK% | Stacks: 1 | Value: 0.240 | Remaining Turns: 2 | TickDown: DPS, END | Target: DPS | Affects: ['ALL']
        BattleIsntOverDMGRole.SUP2 | DMG% | Stacks: 1 | Value: 0.300 | Remaining Turns: 1 | TickDown: DPS, END | Target: DPS | Affects: ['ALL']
        Trace3CD | CD% | Stacks: 1 | Value: 1.200 | Remaining Turns: 1 | TickDown: DPS, END | Target: DPS | Affects: ['ALL']
        SkillDmg | DMG% | Stacks: 2 | Value: 2.000 | Remaining Turns: 1 | TickDown: DPS, START | Target: DPS | Affects: ['SKL']
        ----------End of Buff List----------
        ----------Enemy Debuffs----------
        RinTohsakaUltVuln | From: SUP1 | VULN | Stacks: 1 | Value: 0.200 | Remaining Turns: 2 | Target: 1 | Targeting: AOE | Affects: ['ALL'] | DOT: False | Blast: False
        ----------End of Debuff List----------
        ----------Healing List----------
        ----------End of Healing List----------
        ----------Shields List----------
        ----------End of Shields List----------
    GAUGE  - Enemy 1 toughness reduced by 20.000
    RESULT - ArcherSkill | Archer | DPS | DMG: 533496.179 | ELADMG: 0.000 | Enemies Hit: [1] | Enemies Broken: [] | WB DMG: 0.000 | Energy: 30.000 | Amount HP Healed: 0.000 | Amount HP Lost: 0.000 | Archer Energy: 35/220 | SP: 5 | MaxSP: 11)
Rin has obtained 2 Gem Energy from SP and now has 63 Gem Energy
ERR    > 1.294 energy added to Sparkle from SparkleTalentERR | Sparkle Energy: 11.650
ACTION > [CIRCUIT] TotalAV: 500.964 | Archer | circuit skill use 5
CIRCUIT > Archer Circuit skill use 5/5
CIRCUIT > Archer exited Circuit Connection state
    TURN   - ArcherSkill | Archer | DPS | ST attack | ['QUA'] | ['SKL'] | Scaling: ATK | TargetID: 1 | DMG/BREAK Splits: [3.6, 0]/[20, 0] | Energy Gained: 30 | SP Change: -2

        ----------Char Buffs----------
        IdealsBurnCR | CR% | Stacks: 1 | Value: 0.160 | Remaining Turns: 1 | TickDown: DPS, PERM | Target: DPS | Affects: ['ALL']
        IdealsBurnATK | ATK% | Stacks: 1 | Value: 0.400 | Remaining Turns: 1 | TickDown: DPS, PERM | Target: DPS | Affects: ['ALL']
        GeniusDMG | DMG% | Stacks: 1 | Value: 0.100 | Remaining Turns: 1 | TickDown: DPS, PERM | Target: DPS | Affects: ['ALL']
        GeniusSHRED | SHRED | Stacks: 1 | Value: 0.200 | Remaining Turns: 1 | TickDown: DPS, PERM | Target: DPS | Affects: ['ALL']
        TengokuCD | CD% | Stacks: 1 | Value: 0.160 | Remaining Turns: 1 | TickDown: DPS, PERM | Target: DPS | Affects: ['ALL']
        ArcherTraceCR | CD% | Stacks: 1 | Value: 0.067 | Remaining Turns: 1 | TickDown: DPS, PERM | Target: DPS | Affects: ['ALL']
        ArcherTraceATK | ATK% | Stacks: 1 | Value: 0.180 | Remaining Turns: 1 | TickDown: DPS, PERM | Target: DPS | Affects: ['ALL']
        ArcherTraceDMG | DMG% | Stacks: 1 | Value: 0.224 | Remaining Turns: 1 | TickDown: DPS, PERM | Target: DPS | Affects: ['ALL']
        KeelCD(SUP2) | CD% | Stacks: 1 | Value: 0.100 | Remaining Turns: 1 | TickDown: DPS, PERM | Target: DPS | Affects: ['ALL']
        SparkleTeamATK | ATK% | Stacks: 1 | Value: 0.450 | Remaining Turns: 1 | TickDown: DPS, PERM | Target: DPS | Affects: ['ALL']
        KeelCD(SUS) | CD% | Stacks: 1 | Value: 0.100 | Remaining Turns: 1 | TickDown: DPS, PERM | Target: DPS | Affects: ['ALL']
        RinTohsakaAllyTrace1ATK | ATK% | Stacks: 1 | Value: 1.500 | Remaining Turns: 1 | TickDown: DPS, PERM | Target: DPS | Affects: ['ALL']
        RinTohsakaAllyTrace1PEN | QUAPEN | Stacks: 1 | Value: 0.150 | Remaining Turns: 1 | TickDown: DPS, PERM | Target: DPS | Affects: ['ALL']
        SparkleVUL | VULN | Stacks: 3 | Value: 0.120 | Remaining Turns: 2 | TickDown: DPS, END | Target: DPS | Affects: ['ALL']
        RinTalentCD | CD% | Stacks: 1 | Value: 0.700 | Remaining Turns: 2 | TickDown: DPS, END | Target: DPS | Affects: ['ALL']
        SacerdosCDSUP2 | CD% | Stacks: 2 | Value: 0.360 | Remaining Turns: 2 | TickDown: DPS, END | Target: DPS | Affects: ['ALL']
        SparkleCD | CD% | Stacks: 1 | Value: 1.175 | Remaining Turns: 2 | TickDown: DPS, END | Target: DPS | Affects: ['ALL']
        SparklePEN | PEN | Stacks: 1 | Value: 0.100 | Remaining Turns: 2 | TickDown: DPS, END | Target: DPS | Affects: ['ALL']
        SparkleUltVUL | VULN | Stacks: 1 | Value: 0.180 | Remaining Turns: 3 | TickDown: DPS, END | Target: DPS | Affects: ['ALL']
        IdealsBurnSKLATK | ATK% | Stacks: 1 | Value: 0.400 | Remaining Turns: 1 | TickDown: DPS, PERM | Target: DPS | Affects: ['ALL']
        TengokuSPArcherCD | CD% | Stacks: 1 | Value: 0.320 | Remaining Turns: 3 | TickDown: DPS, END | Target: DPS | Affects: ['ALL']
        WarriorGoddessHealCD | CD% | Stacks: 1 | Value: 0.150 | Remaining Turns: 2 | TickDown: DPS, START | Target: DPS | Affects: ['ALL']
        HuoHuoUltATK | ATK% | Stacks: 1 | Value: 0.400 | Remaining Turns: 2 | TickDown: DPS, END | Target: DPS | Affects: ['ALL']
        HuoHuoUltExtraATK | ATK% | Stacks: 1 | Value: 0.240 | Remaining Turns: 2 | TickDown: DPS, END | Target: DPS | Affects: ['ALL']
        BattleIsntOverDMGRole.SUP2 | DMG% | Stacks: 1 | Value: 0.300 | Remaining Turns: 1 | TickDown: DPS, END | Target: DPS | Affects: ['ALL']
        Trace3CD | CD% | Stacks: 1 | Value: 1.200 | Remaining Turns: 1 | TickDown: DPS, END | Target: DPS | Affects: ['ALL']
        SkillDmg | DMG% | Stacks: 2 | Value: 2.000 | Remaining Turns: 1 | TickDown: DPS, START | Target: DPS | Affects: ['SKL']
        ----------End of Buff List----------
        ----------Enemy Debuffs----------
        RinTohsakaUltVuln | From: SUP1 | VULN | Stacks: 1 | Value: 0.200 | Remaining Turns: 2 | Target: 1 | Targeting: AOE | Affects: ['ALL'] | DOT: False | Blast: False
        ----------End of Debuff List----------
        ----------Healing List----------
        ----------End of Healing List----------
        ----------Shields List----------
        ----------End of Shields List----------
    GAUGE  - Enemy 1 toughness reduced by 20.000
    RESULT - ArcherSkill | Archer | DPS | DMG: 533496.179 | ELADMG: 0.000 | Enemies Hit: [1] | Enemies Broken: [1] | WB DMG: 9243.898 | Energy: 30.000 | Amount HP Healed: 0.000 | Amount HP Lost: 0.000 | Archer Energy: 65/220 | SP: 3 | MaxSP: 11)
Rin has obtained 2 Gem Energy from SP and now has 65 Gem Energy
ERR    > 1.294 energy added to Sparkle from SparkleTalentERR | Sparkle Energy: 12.944
        Buff BattleIsntOverDMGRole.SUP2 expired
        Buff Trace3CD expired
SPD    > RinTohsaka speed changed to 182.152 | NewAV: 26.465
AV     > Archer AV reset to 95.602 | 104.600 SPD
DELAY  > Enemy 1 delayed by 25.0% from STDBreakDelay | NewAV: 43.015
DELAY  > Enemy 1 delayed by 22.3% from QUA-break | NewAV: 57.114

<<< NEW TURN >>>
-   HuoHuo AV: 0.000 ENERGY: 21.670 MaxHP: 6139.808 CurrHp 5791.896 ShieldHP: 0.000
-   RinTohsaka AV: 21.928 ENERGY: 43.333 MaxHP: 3051.570 CurrHp 2379.819 ShieldHP: 0.000
-   Enemy 2 AV: 28.857 ENERGY: 0.000 MaxHP: 2000000.000 CurrHp 1681214.152 ShieldHP: 0.000
-   Enemy 0 AV: 28.857 ENERGY: 0.000 MaxHP: 2000000.000 CurrHp 1633874.919 ShieldHP: 0.000
-   Enemy 1 AV: 52.578 ENERGY: 0.000 MaxHP: 5000000.000 CurrHp 353003.505 ShieldHP: 0.000
-   Sparkle AV: 58.084 ENERGY: 12.944 MaxHP: 4358.742 CurrHp 2615.867 ShieldHP: 0.000
-   Archer AV: 91.066 ENERGY: 65.000 MaxHP: 3063.425 CurrHp 2714.467 ShieldHP: 0.000

Combat context set: 3 enemies, 4 players
Combat context initialized: 3 enemies, Elation team size: 0
ACTION > [CHAR] TotalAV: 505.501 | TurnAV: 4.536 | HuoHuo | A-move
    TURN   - HuoHuoBasic | HuoHuo | SUS | ST attack | ['WIN'] | ['BSC'] | Scaling: HP | TargetID: 1 | DMG/BREAK Splits: [0.5, 0]/[10, 0] | Energy Gained: 20 | SP Change: 1

        ----------Char Buffs----------
        KeelCD(SUP2) | CD% | Stacks: 1 | Value: 0.100 | Remaining Turns: 1 | TickDown: SUS, PERM | Target: SUS | Affects: ['ALL']
        SparkleTeamATK | ATK% | Stacks: 1 | Value: 0.450 | Remaining Turns: 1 | TickDown: SUS, PERM | Target: SUS | Affects: ['ALL']
        PostOpERR | ERR% | Stacks: 1 | Value: 0.160 | Remaining Turns: 1 | TickDown: SUS, PERM | Target: SUS | Affects: ['ALL']
        WarriorGoddessSPD | SPD% | Stacks: 1 | Value: 0.060 | Remaining Turns: 1 | TickDown: SUS, PERM | Target: SUS | Affects: ['ALL']
        KeelEFFRES | ERS% | Stacks: 1 | Value: 0.100 | Remaining Turns: 1 | TickDown: SUS, PERM | Target: SUS | Affects: ['ALL']
        KeelCD(SUS) | CD% | Stacks: 1 | Value: 0.100 | Remaining Turns: 1 | TickDown: SUS, PERM | Target: SUS | Affects: ['ALL']
        HHTraceHP | HP% | Stacks: 1 | Value: 0.280 | Remaining Turns: 1 | TickDown: SUS, PERM | Target: SUS | Affects: ['ALL']
        HHTraceERS | ERS% | Stacks: 1 | Value: 0.180 | Remaining Turns: 1 | TickDown: SUS, PERM | Target: SUS | Affects: ['ALL']
        HHTraceSPD | SPD | Stacks: 1 | Value: 5.000 | Remaining Turns: 1 | TickDown: SUS, PERM | Target: SUS | Affects: ['ALL']
        SparkleVUL | VULN | Stacks: 3 | Value: 0.120 | Remaining Turns: 2 | TickDown: SUS, END | Target: SUS | Affects: ['ALL']
        SparkleUltVUL | VULN | Stacks: 1 | Value: 0.180 | Remaining Turns: 3 | TickDown: SUS, END | Target: SUS | Affects: ['ALL']
        RinTalentCD | CD% | Stacks: 1 | Value: 0.700 | Remaining Turns: 1 | TickDown: SUS, END | Target: SUS | Affects: ['ALL']
        WarriorGoddessHealSPD | SPD% | Stacks: 1 | Value: 0.060 | Remaining Turns: 1 | TickDown: SUS, START | Target: SUS | Affects: ['ALL']
        WarriorGoddessHealCD | CD% | Stacks: 1 | Value: 0.150 | Remaining Turns: 1 | TickDown: SUS, START | Target: SUS | Affects: ['ALL']
        ----------End of Buff List----------
        ----------Enemy Debuffs----------
        RinTohsakaUltVuln | From: SUP1 | VULN | Stacks: 1 | Value: 0.200 | Remaining Turns: 2 | Target: 1 | Targeting: AOE | Affects: ['ALL'] | DOT: False | Blast: False
        Enemy 1 QUA-break | From: DPS | ENTANGLE | Stacks: 1 | Value: 34076.706 | Remaining Turns: 1 | Target: 1 | Targeting: ST | Affects: ['ALL'] | DOT: False | Blast: False
        ----------End of Debuff List----------
        ----------Healing List----------
        ----------End of Healing List----------
        ----------Shields List----------
        ----------End of Shields List----------
    GAUGE  - Enemy 1 toughness reduced by 0.000
    RESULT - HuoHuoBasic | HuoHuo | SUS | DMG: 2022.762 | ELADMG: 0.000 | Enemies Hit: [1] | Enemies Broken: [] | WB DMG: 0.000 | Energy: 27.088 | Amount HP Healed: 0.000 | Amount HP Lost: 0.000 | HuoHuo Energy: 49/140 | SP: 4 | MaxSP: 11)
Rin has obtained 1 Gem Energy from SP and now has 66 Gem Energy
    TURN   - ArcherFUA | Archer | DPS | ST attack | ['QUA'] | ['FUA'] | Scaling: ATK | TargetID: 1 | DMG/BREAK Splits: [2.0, 0]/[10, 0] | Energy Gained: 5 | SP Change: 1

        ----------Char Buffs----------
        IdealsBurnCR | CR% | Stacks: 1 | Value: 0.160 | Remaining Turns: 1 | TickDown: DPS, PERM | Target: DPS | Affects: ['ALL']
        IdealsBurnATK | ATK% | Stacks: 1 | Value: 0.400 | Remaining Turns: 1 | TickDown: DPS, PERM | Target: DPS | Affects: ['ALL']
        GeniusDMG | DMG% | Stacks: 1 | Value: 0.100 | Remaining Turns: 1 | TickDown: DPS, PERM | Target: DPS | Affects: ['ALL']
        GeniusSHRED | SHRED | Stacks: 1 | Value: 0.200 | Remaining Turns: 1 | TickDown: DPS, PERM | Target: DPS | Affects: ['ALL']
        TengokuCD | CD% | Stacks: 1 | Value: 0.160 | Remaining Turns: 1 | TickDown: DPS, PERM | Target: DPS | Affects: ['ALL']
        ArcherTraceCR | CD% | Stacks: 1 | Value: 0.067 | Remaining Turns: 1 | TickDown: DPS, PERM | Target: DPS | Affects: ['ALL']
        ArcherTraceATK | ATK% | Stacks: 1 | Value: 0.180 | Remaining Turns: 1 | TickDown: DPS, PERM | Target: DPS | Affects: ['ALL']
        ArcherTraceDMG | DMG% | Stacks: 1 | Value: 0.224 | Remaining Turns: 1 | TickDown: DPS, PERM | Target: DPS | Affects: ['ALL']
        KeelCD(SUP2) | CD% | Stacks: 1 | Value: 0.100 | Remaining Turns: 1 | TickDown: DPS, PERM | Target: DPS | Affects: ['ALL']
        SparkleTeamATK | ATK% | Stacks: 1 | Value: 0.450 | Remaining Turns: 1 | TickDown: DPS, PERM | Target: DPS | Affects: ['ALL']
        KeelCD(SUS) | CD% | Stacks: 1 | Value: 0.100 | Remaining Turns: 1 | TickDown: DPS, PERM | Target: DPS | Affects: ['ALL']
        RinTohsakaAllyTrace1ATK | ATK% | Stacks: 1 | Value: 1.500 | Remaining Turns: 1 | TickDown: DPS, PERM | Target: DPS | Affects: ['ALL']
        RinTohsakaAllyTrace1PEN | QUAPEN | Stacks: 1 | Value: 0.150 | Remaining Turns: 1 | TickDown: DPS, PERM | Target: DPS | Affects: ['ALL']
        SparkleVUL | VULN | Stacks: 3 | Value: 0.120 | Remaining Turns: 1 | TickDown: DPS, END | Target: DPS | Affects: ['ALL']
        RinTalentCD | CD% | Stacks: 1 | Value: 0.700 | Remaining Turns: 1 | TickDown: DPS, END | Target: DPS | Affects: ['ALL']
        SacerdosCDSUP2 | CD% | Stacks: 2 | Value: 0.360 | Remaining Turns: 1 | TickDown: DPS, END | Target: DPS | Affects: ['ALL']
        SparkleCD | CD% | Stacks: 1 | Value: 1.175 | Remaining Turns: 1 | TickDown: DPS, END | Target: DPS | Affects: ['ALL']
        SparklePEN | PEN | Stacks: 1 | Value: 0.100 | Remaining Turns: 1 | TickDown: DPS, END | Target: DPS | Affects: ['ALL']
        SparkleUltVUL | VULN | Stacks: 1 | Value: 0.180 | Remaining Turns: 2 | TickDown: DPS, END | Target: DPS | Affects: ['ALL']
        IdealsBurnSKLATK | ATK% | Stacks: 1 | Value: 0.400 | Remaining Turns: 1 | TickDown: DPS, PERM | Target: DPS | Affects: ['ALL']
        TengokuSPArcherCD | CD% | Stacks: 1 | Value: 0.320 | Remaining Turns: 2 | TickDown: DPS, END | Target: DPS | Affects: ['ALL']
        WarriorGoddessHealCD | CD% | Stacks: 1 | Value: 0.150 | Remaining Turns: 2 | TickDown: DPS, START | Target: DPS | Affects: ['ALL']
        HuoHuoUltATK | ATK% | Stacks: 1 | Value: 0.400 | Remaining Turns: 1 | TickDown: DPS, END | Target: DPS | Affects: ['ALL']
        HuoHuoUltExtraATK | ATK% | Stacks: 1 | Value: 0.240 | Remaining Turns: 1 | TickDown: DPS, END | Target: DPS | Affects: ['ALL']
        ----------End of Buff List----------
        ----------Enemy Debuffs----------
        RinTohsakaUltVuln | From: SUP1 | VULN | Stacks: 1 | Value: 0.200 | Remaining Turns: 2 | Target: 1 | Targeting: AOE | Affects: ['ALL'] | DOT: False | Blast: False
        Enemy 1 QUA-break | From: DPS | ENTANGLE | Stacks: 1 | Value: 34076.706 | Remaining Turns: 1 | Target: 1 | Targeting: ST | Affects: ['ALL'] | DOT: False | Blast: False
        ----------End of Debuff List----------
        ----------Healing List----------
        ----------End of Healing List----------
        ----------Shields List----------
        ----------End of Shields List----------
    GAUGE  - Enemy 1 toughness reduced by 10.000
    RESULT - ArcherFUA | Archer | DPS | DMG: 114655.971 | ELADMG: 0.000 | Enemies Hit: [1] | Enemies Broken: [] | WB DMG: 0.000 | Energy: 5.000 | Amount HP Healed: 0.000 | Amount HP Lost: 0.000 | Archer Energy: 70/220 | SP: 5 | MaxSP: 11)
Rin has obtained 1 Gem Energy from SP and now has 67 Gem Energy
AV     > HuoHuo AV reset to 62.308 | 160.492 SPD

<<< NEW TURN >>>
-   RinTohsaka AV: 0.000 ENERGY: 43.333 MaxHP: 3051.570 CurrHp 2379.819 ShieldHP: 0.000
-   Enemy 2 AV: 6.929 ENERGY: 0.000 MaxHP: 2000000.000 CurrHp 1681214.152 ShieldHP: 0.000
-   Enemy 0 AV: 6.929 ENERGY: 0.000 MaxHP: 2000000.000 CurrHp 1633874.919 ShieldHP: 0.000
-   Enemy 1 AV: 30.650 ENERGY: 0.000 MaxHP: 5000000.000 CurrHp 236324.772 ShieldHP: 0.000
-   Sparkle AV: 36.156 ENERGY: 12.944 MaxHP: 4358.742 CurrHp 2615.867 ShieldHP: 0.000
-   HuoHuo AV: 40.380 ENERGY: 48.758 MaxHP: 6139.808 CurrHp 5791.896 ShieldHP: 0.000
-   Archer AV: 69.138 ENERGY: 70.000 MaxHP: 3063.425 CurrHp 2714.467 ShieldHP: 0.000

Combat context set: 3 enemies, 4 players
Combat context initialized: 3 enemies, Elation team size: 0
Rin can use Enhanced Skill
ACTION > [CHAR] TotalAV: 527.429 | TurnAV: 21.928 | RinTohsaka | A-move
    TURN   - RinTohsakaBasic | RinTohsaka | SUP1 | ST attack | ['QUA'] | ['BSC'] | Scaling: ATK | TargetID: 1 | DMG/BREAK Splits: [1.0, 0]/[10, 0] | Energy Gained: 20 | SP Change: 1

        ----------Char Buffs----------
        CalculusATK | ATK% | Stacks: 1 | Value: 0.120 | Remaining Turns: 1 | TickDown: SUP1, PERM | Target: SUP1 | Affects: ['ALL']
        GeniusDMG | DMG% | Stacks: 1 | Value: 0.100 | Remaining Turns: 1 | TickDown: SUP1, PERM | Target: SUP1 | Affects: ['ALL']
        GeniusSHRED | SHRED | Stacks: 1 | Value: 0.200 | Remaining Turns: 1 | TickDown: SUP1, PERM | Target: SUP1 | Affects: ['ALL']
        RutilantCR | CR% | Stacks: 1 | Value: 0.080 | Remaining Turns: 1 | TickDown: SUP1, PERM | Target: SUP1 | Affects: ['ALL']
        RutilantBonusDMG | DMG% | Stacks: 1 | Value: 0.200 | Remaining Turns: 1 | TickDown: SUP1, PERM | Target: SUP1 | Affects: ['BSC', 'SKL']
        RinTohsakaTraceCD | CD% | Stacks: 1 | Value: 0.373 | Remaining Turns: 1 | TickDown: SUP1, PERM | Target: SUP1 | Affects: ['ALL']
        RinTohsakaTraceATK | ATK% | Stacks: 1 | Value: 0.180 | Remaining Turns: 1 | TickDown: SUP1, PERM | Target: SUP1 | Affects: ['ALL']
        RinTohsakaTraceDMG | DMG% | Stacks: 1 | Value: 0.080 | Remaining Turns: 1 | TickDown: SUP1, PERM | Target: SUP1 | Affects: ['ALL']
        RinTohsakaTrace1ATK | ATK% | Stacks: 1 | Value: 1.500 | Remaining Turns: 1 | TickDown: SUP1, PERM | Target: SUP1 | Affects: ['ALL']
        RinTohsakaTrace1PEN | QUAPEN | Stacks: 1 | Value: 0.150 | Remaining Turns: 1 | TickDown: SUP1, PERM | Target: SUP1 | Affects: ['ALL']
        KeelCD(SUP2) | CD% | Stacks: 1 | Value: 0.100 | Remaining Turns: 1 | TickDown: SUP1, PERM | Target: SUP1 | Affects: ['ALL']
        SparkleTeamATK | ATK% | Stacks: 1 | Value: 0.450 | Remaining Turns: 1 | TickDown: SUP1, PERM | Target: SUP1 | Affects: ['ALL']
        KeelCD(SUS) | CD% | Stacks: 1 | Value: 0.100 | Remaining Turns: 1 | TickDown: SUP1, PERM | Target: SUP1 | Affects: ['ALL']
        CalculusHitATK | ATK% | Stacks: 1 | Value: 0.240 | Remaining Turns: 1 | TickDown: SUP1, PERM | Target: SUP1 | Affects: ['ALL']
        TalentCD | CD% | Stacks: 1 | Value: 0.700 | Remaining Turns: 2 | TickDown: SUP1, END | Target: SUP1 | Affects: ['ALL']
        SparkleVUL | VULN | Stacks: 3 | Value: 0.120 | Remaining Turns: 2 | TickDown: SUP1, END | Target: SUP1 | Affects: ['ALL']
        SparkleUltVUL | VULN | Stacks: 1 | Value: 0.180 | Remaining Turns: 3 | TickDown: SUP1, END | Target: SUP1 | Affects: ['ALL']
        EnhancedSkillSPD | SPD% | Stacks: 1 | Value: 0.200 | Remaining Turns: 1 | TickDown: SUP1, END | Target: SUP1 | Affects: ['ALL']
        WarriorGoddessHealCD | CD% | Stacks: 1 | Value: 0.150 | Remaining Turns: 1 | TickDown: SUP1, START | Target: SUP1 | Affects: ['ALL']
        HuoHuoUltATK | ATK% | Stacks: 1 | Value: 0.400 | Remaining Turns: 1 | TickDown: SUP1, END | Target: SUP1 | Affects: ['ALL']
        HuoHuoUltExtraATK | ATK% | Stacks: 1 | Value: 0.240 | Remaining Turns: 1 | TickDown: SUP1, END | Target: SUP1 | Affects: ['ALL']
        CalculusHitSpd | SPD% | Stacks: 1 | Value: 0.160 | Remaining Turns: 1 | TickDown: SUP1, END | Target: SUP1 | Affects: ['ALL']
        ----------End of Buff List----------
        ----------Enemy Debuffs----------
        RinTohsakaUltVuln | From: SUP1 | VULN | Stacks: 1 | Value: 0.200 | Remaining Turns: 2 | Target: 1 | Targeting: AOE | Affects: ['ALL'] | DOT: False | Blast: False
        Enemy 1 QUA-break | From: DPS | ENTANGLE | Stacks: 1 | Value: 34076.706 | Remaining Turns: 1 | Target: 1 | Targeting: ST | Affects: ['ALL'] | DOT: False | Blast: False
        ----------End of Debuff List----------
        ----------Healing List----------
        ----------End of Healing List----------
        ----------Shields List----------
        ----------End of Shields List----------
    GAUGE  - Enemy 1 toughness reduced by 10.000
    RESULT - RinTohsakaBasic | RinTohsaka | SUP1 | DMG: 27569.928 | ELADMG: 0.000 | Enemies Hit: [1] | Enemies Broken: [] | WB DMG: 0.000 | Energy: 20.000 | Amount HP Healed: 0.000 | Amount HP Lost: 0.000 | RinTohsaka Energy: 63/160 | SP: 6 | MaxSP: 11)
Rin has obtained 1 Gem Energy from SP and now has 68 Gem Energy
    TURN   - ArcherFUA | Archer | DPS | ST attack | ['QUA'] | ['FUA'] | Scaling: ATK | TargetID: 1 | DMG/BREAK Splits: [2.0, 0]/[10, 0] | Energy Gained: 5 | SP Change: 1

        ----------Char Buffs----------
        IdealsBurnCR | CR% | Stacks: 1 | Value: 0.160 | Remaining Turns: 1 | TickDown: DPS, PERM | Target: DPS | Affects: ['ALL']
        IdealsBurnATK | ATK% | Stacks: 1 | Value: 0.400 | Remaining Turns: 1 | TickDown: DPS, PERM | Target: DPS | Affects: ['ALL']
        GeniusDMG | DMG% | Stacks: 1 | Value: 0.100 | Remaining Turns: 1 | TickDown: DPS, PERM | Target: DPS | Affects: ['ALL']
        GeniusSHRED | SHRED | Stacks: 1 | Value: 0.200 | Remaining Turns: 1 | TickDown: DPS, PERM | Target: DPS | Affects: ['ALL']
        TengokuCD | CD% | Stacks: 1 | Value: 0.160 | Remaining Turns: 1 | TickDown: DPS, PERM | Target: DPS | Affects: ['ALL']
        ArcherTraceCR | CD% | Stacks: 1 | Value: 0.067 | Remaining Turns: 1 | TickDown: DPS, PERM | Target: DPS | Affects: ['ALL']
        ArcherTraceATK | ATK% | Stacks: 1 | Value: 0.180 | Remaining Turns: 1 | TickDown: DPS, PERM | Target: DPS | Affects: ['ALL']
        ArcherTraceDMG | DMG% | Stacks: 1 | Value: 0.224 | Remaining Turns: 1 | TickDown: DPS, PERM | Target: DPS | Affects: ['ALL']
        KeelCD(SUP2) | CD% | Stacks: 1 | Value: 0.100 | Remaining Turns: 1 | TickDown: DPS, PERM | Target: DPS | Affects: ['ALL']
        SparkleTeamATK | ATK% | Stacks: 1 | Value: 0.450 | Remaining Turns: 1 | TickDown: DPS, PERM | Target: DPS | Affects: ['ALL']
        KeelCD(SUS) | CD% | Stacks: 1 | Value: 0.100 | Remaining Turns: 1 | TickDown: DPS, PERM | Target: DPS | Affects: ['ALL']
        RinTohsakaAllyTrace1ATK | ATK% | Stacks: 1 | Value: 1.500 | Remaining Turns: 1 | TickDown: DPS, PERM | Target: DPS | Affects: ['ALL']
        RinTohsakaAllyTrace1PEN | QUAPEN | Stacks: 1 | Value: 0.150 | Remaining Turns: 1 | TickDown: DPS, PERM | Target: DPS | Affects: ['ALL']
        SparkleVUL | VULN | Stacks: 3 | Value: 0.120 | Remaining Turns: 1 | TickDown: DPS, END | Target: DPS | Affects: ['ALL']
        RinTalentCD | CD% | Stacks: 1 | Value: 0.700 | Remaining Turns: 2 | TickDown: DPS, END | Target: DPS | Affects: ['ALL']
        SacerdosCDSUP2 | CD% | Stacks: 2 | Value: 0.360 | Remaining Turns: 1 | TickDown: DPS, END | Target: DPS | Affects: ['ALL']
        SparkleCD | CD% | Stacks: 1 | Value: 1.175 | Remaining Turns: 1 | TickDown: DPS, END | Target: DPS | Affects: ['ALL']
        SparklePEN | PEN | Stacks: 1 | Value: 0.100 | Remaining Turns: 1 | TickDown: DPS, END | Target: DPS | Affects: ['ALL']
        SparkleUltVUL | VULN | Stacks: 1 | Value: 0.180 | Remaining Turns: 2 | TickDown: DPS, END | Target: DPS | Affects: ['ALL']
        IdealsBurnSKLATK | ATK% | Stacks: 1 | Value: 0.400 | Remaining Turns: 1 | TickDown: DPS, PERM | Target: DPS | Affects: ['ALL']
        TengokuSPArcherCD | CD% | Stacks: 1 | Value: 0.320 | Remaining Turns: 2 | TickDown: DPS, END | Target: DPS | Affects: ['ALL']
        WarriorGoddessHealCD | CD% | Stacks: 1 | Value: 0.150 | Remaining Turns: 2 | TickDown: DPS, START | Target: DPS | Affects: ['ALL']
        HuoHuoUltATK | ATK% | Stacks: 1 | Value: 0.400 | Remaining Turns: 1 | TickDown: DPS, END | Target: DPS | Affects: ['ALL']
        HuoHuoUltExtraATK | ATK% | Stacks: 1 | Value: 0.240 | Remaining Turns: 1 | TickDown: DPS, END | Target: DPS | Affects: ['ALL']
        Trace3CD | CD% | Stacks: 1 | Value: 1.200 | Remaining Turns: 1 | TickDown: DPS, END | Target: DPS | Affects: ['ALL']
        ----------End of Buff List----------
        ----------Enemy Debuffs----------
        RinTohsakaUltVuln | From: SUP1 | VULN | Stacks: 1 | Value: 0.200 | Remaining Turns: 2 | Target: 1 | Targeting: AOE | Affects: ['ALL'] | DOT: False | Blast: False
        Enemy 1 QUA-break | From: DPS | ENTANGLE | Stacks: 1 | Value: 34076.706 | Remaining Turns: 1 | Target: 1 | Targeting: ST | Affects: ['ALL'] | DOT: False | Blast: False
        ----------End of Debuff List----------
        ----------Healing List----------
        ----------End of Healing List----------
        ----------Shields List----------
        ----------End of Shields List----------
    GAUGE  - Enemy 1 toughness reduced by 10.000
    RESULT - ArcherFUA | Archer | DPS | DMG: 140564.572 | ELADMG: 0.000 | Enemies Hit: [1] | Enemies Broken: [] | WB DMG: 0.000 | Energy: 5.000 | Amount HP Healed: 0.000 | Amount HP Lost: 0.000 | Archer Energy: 75/220 | SP: 7 | MaxSP: 11)
Rin has obtained 1 Gem Energy from SP and now has 69 Gem Energy
        Buff EnhancedSkillSPD expired
        Buff HuoHuoUltATK expired
        Buff HuoHuoUltExtraATK expired
        Buff CalculusHitSpd expired
SPD    > RinTohsaka speed changed to 145.432 | NewAV: 0.000
AV     > RinTohsaka AV reset to 68.761 | 145.432 SPD

<<< NEW TURN >>>
-   Enemy 2 AV: 0.000 ENERGY: 0.000 MaxHP: 2000000.000 CurrHp 1681214.152 ShieldHP: 0.000
-   Enemy 0 AV: 0.000 ENERGY: 0.000 MaxHP: 2000000.000 CurrHp 1633874.919 ShieldHP: 0.000
-   Enemy 1 AV: 23.721 ENERGY: 0.000 MaxHP: 5000000.000 CurrHp 68190.272 ShieldHP: 0.000
-   Sparkle AV: 29.227 ENERGY: 12.944 MaxHP: 4358.742 CurrHp 2615.867 ShieldHP: 0.000
-   HuoHuo AV: 33.451 ENERGY: 48.758 MaxHP: 6139.808 CurrHp 5791.896 ShieldHP: 0.000
-   RinTohsaka AV: 61.831 ENERGY: 63.333 MaxHP: 3051.570 CurrHp 2379.819 ShieldHP: 0.000
-   Archer AV: 62.208 ENERGY: 75.000 MaxHP: 3063.425 CurrHp 2714.467 ShieldHP: 0.000

Combat context set: 3 enemies, 4 players
Combat context initialized: 3 enemies, Elation team size: 0
ACTION > [ENEMY] TotalAV: 534.358 | TurnAV: 6.929 | Enemy 2 | 1 attacks
    CharEnergy - Archer: Hit 6.667 Total: 81.667 | RinTohsaka: Hit 6.667 Total: 70.000 | Sparkle: Hit 0.000 Total: 12.944 | HuoHuo: Hit 0.000 Total: 48.758 |
    ENEMY  - Enemy 2 [aoe] dealt 287.7 to RinTohsaka (energy: 3.3, DEF: 1720, atkMul: 1.00, dmgMul: 1.00) | Shield Absorbed: 0.0 | HP Lost: 287.7 | HP: 2092/3052 | Shield HP: 0
    ENEMY  - Enemy 2 [aoe] dealt 232.6 to Archer (energy: 3.3, DEF: 2399, atkMul: 1.00, dmgMul: 1.00) | Shield Absorbed: 0.0 | HP Lost: 232.6 | HP: 2482/3063 | Shield HP: 0
    ENEMY  - Enemy 2 [aoe] dealt 287.7 to RinTohsaka (energy: 3.3, DEF: 1720, atkMul: 1.00, dmgMul: 1.00) | Shield Absorbed: 0.0 | HP Lost: 287.7 | HP: 1804/3052 | Shield HP: 0
    ENEMY  - Enemy 2 [aoe] dealt 232.6 to Archer (energy: 3.3, DEF: 2399, atkMul: 1.00, dmgMul: 1.00) | Shield Absorbed: 0.0 | HP Lost: 232.6 | HP: 2249/3063 | Shield HP: 0
    DEBUFF - Enemy 2 took 0.000 Debuff damage from Enemy 2 QUA-break
        Debuff Enemy 2 QUA-break expired
AV     > Enemy 2 AV reset to 76.923 | 130.000 SPD

<<< NEW TURN >>>
-   Enemy 0 AV: 0.000 ENERGY: 0.000 MaxHP: 2000000.000 CurrHp 1633874.919 ShieldHP: 0.000
-   Enemy 1 AV: 23.721 ENERGY: 0.000 MaxHP: 5000000.000 CurrHp 68190.272 ShieldHP: 0.000
-   Sparkle AV: 29.227 ENERGY: 12.944 MaxHP: 4358.742 CurrHp 2615.867 ShieldHP: 0.000
-   HuoHuo AV: 33.451 ENERGY: 48.758 MaxHP: 6139.808 CurrHp 5791.896 ShieldHP: 0.000
-   RinTohsaka AV: 61.831 ENERGY: 70.000 MaxHP: 3051.570 CurrHp 1804.345 ShieldHP: 0.000
-   Archer AV: 62.208 ENERGY: 81.667 MaxHP: 3063.425 CurrHp 2249.188 ShieldHP: 0.000
-   Enemy 2 AV: 76.923 ENERGY: 0.000 MaxHP: 2000000.000 CurrHp 1681214.152 ShieldHP: 0.000

Combat context set: 3 enemies, 4 players
Combat context initialized: 3 enemies, Elation team size: 0
ACTION > [ENEMY] TotalAV: 534.358 | TurnAV: 0.000 | Enemy 0 | 1 attacks
    CharEnergy - Archer: Hit 0.000 Total: 81.667 | RinTohsaka: Hit 6.667 Total: 76.667 | Sparkle: Hit 10.000 Total: 25.888 | HuoHuo: Hit 6.667 Total: 57.787 |
    ENEMY  - Enemy 0 [aoe] dealt 322.2 to Sparkle (energy: 3.3, DEF: 1413, atkMul: 1.00, dmgMul: 1.00) | Shield Absorbed: 0.0 | HP Lost: 322.2 | HP: 2294/4359 | Shield HP: 0
    ENEMY  - Enemy 0 [aoe] dealt 322.2 to Sparkle (energy: 3.3, DEF: 1413, atkMul: 1.00, dmgMul: 1.00) | Shield Absorbed: 0.0 | HP Lost: 322.2 | HP: 1971/4359 | Shield HP: 0
    ENEMY  - Enemy 0 [aoe] dealt 287.7 to RinTohsaka (energy: 3.3, DEF: 1720, atkMul: 1.00, dmgMul: 1.00) | Shield Absorbed: 0.0 | HP Lost: 287.7 | HP: 1517/3052 | Shield HP: 0
    ENEMY  - Enemy 0 [aoe] dealt 231.9 to HuoHuo (energy: 3.3, DEF: 2410, atkMul: 1.00, dmgMul: 1.00) | Shield Absorbed: 0.0 | HP Lost: 231.9 | HP: 5560/6140 | Shield HP: 0
    ENEMY  - Enemy 0 [aoe] dealt 322.2 to Sparkle (energy: 3.3, DEF: 1413, atkMul: 1.00, dmgMul: 1.00) | Shield Absorbed: 0.0 | HP Lost: 322.2 | HP: 1649/4359 | Shield HP: 0
    ENEMY  - Enemy 0 [aoe] dealt 287.7 to RinTohsaka (energy: 3.3, DEF: 1720, atkMul: 1.00, dmgMul: 1.00) | Shield Absorbed: 0.0 | HP Lost: 287.7 | HP: 1229/3052 | Shield HP: 0
    ENEMY  - Enemy 0 [aoe] dealt 231.9 to HuoHuo (energy: 3.3, DEF: 2410, atkMul: 1.00, dmgMul: 1.00) | Shield Absorbed: 0.0 | HP Lost: 231.9 | HP: 5328/6140 | Shield HP: 0
    DEBUFF - Enemy 0 took 0.000 Debuff damage from Enemy 0 QUA-break
        Debuff Enemy 0 QUA-break expired
AV     > Enemy 0 AV reset to 76.923 | 130.000 SPD

==========COMBAT SIMULATION ENDED==========

==========SIMULATION RESULTS==========
TOTAL TEAM DMG: 30308529.564 | AV: 550
TEAM DPAV: 55106.417
TOTAL TEAM HPGAIN: 32716.578 | TOTAL TEAM HPLOSS 0.000
TOTAL SHIELD GRANTED: 0.000 | TOTAL SHIELD ABSORBED: 0.000
  Archer Current Shield HP: 0.0
  RinTohsaka Current Shield HP: 0.0
  Sparkle Current Shield HP: 0.0
  HuoHuo Current Shield HP: 0.0
DEBUFF DMG: 0.000 | CHAR DMG: 30232359.844 | WB DMG: 76169.720 |ELATION DMG: 0.000
SP GAINED: 102 | SP USED: 92 | Enemy Attacks: 17
FINITE HP MODE: ON | Total Overkill DMG: 615639.2
  Enemy 0 (ELITE) | Overkill: 26600.3 | HP: 1633875/2000000
  Enemy 1 (BOSS) | Overkill: 548061.6 | HP: 68190/5000000
  Enemy 2 (ELITE) | Overkill: 40977.2 | HP: 1681214/2000000

Archer DPAV: 48278.391, 87.609%
RinTohsaka DPAV: 6671.074, 12.106%
Sparkle DPAV: 0.000, 0.000%
HuoHuo DPAV: 17.562, 0.032%

Archer > Total DMG: 26553115.040 | Basics: 0 | Skills: 36 | Ults: 6 | FuAs: 14 | MemoAttacks: 0 | ElationSkills: 0 | JointAttacks: 8 | Leftover AV: 62.208 | Excess Energy: 81.667
-BSC: 0.000 | 0.000%
-SKL: 15405295.461 | 58.017%
-ULT: 4308996.856 | 16.228%
-BRK: 44986.971 | 0.169%
-FUA: 6793835.752 | 25.586%
-ADD: 0.000 | 0.000%

RinTohsaka > Total DMG: 3669090.873 | Basics: 6 | Skills: 3 | Ults: 3 | FuAs: 0 | MemoAttacks: 0 | ElationSkills: 0 | JointAttacks: 8 | Leftover AV: 61.831 | Excess Energy: 76.667
-BSC: 157148.590 | 4.283%
-SKL: 1378913.237 | 37.582%
-ULT: 700548.284 | 19.093%
-BRK: 31182.749 | 0.850%
-FUA: 1401298.014 | 38.192%

Sparkle > Total DMG: 0.000 | Basics: 0 | Skills: 8 | Ults: 5 | FuAs: 0 | MemoAttacks: 0 | ElationSkills: 0 | JointAttacks: 0 | Leftover AV: 29.227 | Excess Energy: 25.888
-BSC: 0.000 | 0.000%
-BRK: 0.000 | 0.000%

HuoHuo > Total DMG: 9659.145 | Basics: 5 | Skills: 3 | Ults: 3 | FuAs: 0 | MemoAttacks: 0 | ElationSkills: 0 | JointAttacks: 0 | Leftover AV: 33.451 | Excess Energy: 57.787
-BSC: 9659.145 | 100.000%
-BRK: 0.000 | 0.000%

