Enemy Team:
Enemy 0 | LVL: 95 | SPD: 130 | Weakness: ['LIGHTNING'] | Toughness: 100
Enemy 1 | LVL: 95 | SPD: 158.4 | Weakness: ['LIGHTNING'] | Toughness: 160
Enemy 2 | LVL: 95 | SPD: 130 | Weakness: ['LIGHTNING'] | Toughness: 100

Player Team:
Gilgamesh E0 | LIGHTNING-DESTRUCTION | DPS | POS:0
On the Fall of an Aeon S5
Scholar lost in Erudition (4-pc)
Cosmic Life Sciences Institute

Ashveil E0 | LIGHTNING-HUNT | SUP1 | POS:1
Cruising in the Stellar Sea S5
The Ashblazing Grand Duke (4-pc)
City of Converging Stars

MortenaxBlade E0 | FIRE-NIHILITY | SUP2 | POS:2
Before the Tutorial Mission Starts S5
Divine-Querying Master Smith (4-pc)
Lushaka, the Sunken Seas

HuoHuo E0 | WIND-ABUNDANCE | SUS | POS:3
Post-Op Conversation S5
Warrior Goddess of Sun and Thunder (4-pc)
Broken Keel

    PUNCH  > SharedPunchline: 0.0 -> 0.0

Initial AV Adjustments

Initial Enemy Delays

==========COMBAT SIMULATION STARTED==========

<<< NEW TURN >>>
-   Enemy 1 AV: 0.000 ENERGY: 0.000 MaxHP: 5000000.000 CurrHp 5000000.000
-   MortenaxBlade AV: 1.371 ENERGY: 120.000 MaxHP: 4869.135 CurrHp 4869.135
-   HuoHuo AV: 1.547 ENERGY: 70.000 MaxHP: 6139.808 CurrHp 6139.808
-   Ashveil AV: 10.598 ENERGY: 75.000 MaxHP: 2729.320 CurrHp 2729.320
-   Enemy 0 AV: 13.792 ENERGY: 0.000 MaxHP: 2000000.000 CurrHp 2000000.000
-   Enemy 2 AV: 13.792 ENERGY: 0.000 MaxHP: 2000000.000 CurrHp 2000000.000
-   Gilgamesh AV: 35.294 ENERGY: 180.000 MaxHP: 3134.558 CurrHp 3134.558
-   InfiniteFury AV: 9936.869 ENERGY: 0.000 MaxHP: 0.000 CurrHp 0.000

Combat context set: 3 enemies, 4 players
Combat context initialized: 3 enemies, Elation team size: 0
Gilgamesh Obtained 3 Interest from Technique, Current count: 3
    TURN   - GilgameshTechnique | Gilgamesh | DPS | AOE attack | ['LNG'] | ['SPECIAL'] | Scaling: ATK | TargetID: 1 | DMG/BREAK Splits: [2.0, 0]/[0, 0] | Energy Gained: 0 | SP Change: 0

        ----------Char Buffs----------
        ScholarCR | CR% | Stacks: 1 | Value: 0.080 | Remaining Turns: 1 | TickDown: DPS, PERM | Target: DPS | Affects: ['ALL']
        GilgameshTraceATK | ATK | Stacks: 1 | Value: 0.180 | Remaining Turns: 1 | TickDown: DPS, PERM | Target: DPS | Affects: ['ALL']
        GilgameshTraceCR | CR% | Stacks: 1 | Value: 0.187 | Remaining Turns: 1 | TickDown: DPS, PERM | Target: DPS | Affects: ['ALL']
        GilgameshTraceDMG | DMG% | Stacks: 1 | Value: 0.080 | Remaining Turns: 1 | TickDown: DPS, PERM | Target: DPS | Affects: ['ALL']
        GilgameshTrace3ATK | ATK% | Stacks: 1 | Value: 0.200 | Remaining Turns: 1 | TickDown: DPS, PERM | Target: DPS | Affects: ['ALL']
        GilgameshTrace3CD | CD% | Stacks: 1 | Value: 0.200 | Remaining Turns: 1 | TickDown: DPS, PERM | Target: DPS | Affects: ['ALL']
        GilgameshTrace3SelfATK | ATK% | Stacks: 1 | Value: 1.000 | Remaining Turns: 1 | TickDown: DPS, PERM | Target: DPS | Affects: ['ALL']
        GilgameshTrace3SelfCD | CD% | Stacks: 1 | Value: 1.000 | Remaining Turns: 1 | TickDown: DPS, PERM | Target: DPS | Affects: ['ALL']
        AshveilTrace3CD | CD% | Stacks: 1 | Value: 0.400 | Remaining Turns: 1 | TickDown: SUP1, PERM | Target: DPS | Affects: ['ALL']
        LushakaATK(SUP2) | ATK% | Stacks: 1 | Value: 0.120 | Remaining Turns: 1 | TickDown: DPS, PERM | Target: DPS | Affects: ['ALL']
        KeelCD(SUS) | CD% | Stacks: 1 | Value: 0.100 | Remaining Turns: 1 | TickDown: DPS, PERM | Target: DPS | Affects: ['ALL']
        CosmicLifeDMG | DMG% | Stacks: 1 | Value: 0.320 | Remaining Turns: 1 | TickDown: DPS, PERM | Target: DPS | Affects: ['ALL']
        Trace2CDExtra | CD% | Stacks: 1 | Value: 0.750 | Remaining Turns: 1 | TickDown: DPS, PERM | Target: DPS | Affects: ['ALL']
        GilgameshInterestSPD | SPD% | Stacks: 1 | Value: 0.300 | Remaining Turns: 1 | TickDown: SUP2, PERM | Target: DPS | Affects: ['ALL']
        ----------End of Buff List----------

        ----------Enemy Debuffs----------
        AshveilBaitShred | From: SUP1 | SHRED | Stacks: 1 | Value: 0.400 | Remaining Turns: 1000 | Target: 1 | Targeting: ST | Affects: ['ALL'] | DOT: False | Blast: False
        HuohuoTechniqueDebuff | From: SUS | ATK_REDUCTION | Stacks: 1 | Value: 0.250 | Remaining Turns: 2 | Target: 1 | Targeting: ST | Affects: ['SPECIAL'] | DOT: False | Blast: False
        ----------End of Debuff List----------
        ----------Healing List----------
        ----------End of Healing List----------
    GAUGE  - Enemy 0 toughness reduced by 0.000
    GAUGE  - Enemy 1 toughness reduced by 0.000
    GAUGE  - Enemy 2 toughness reduced by 0.000
    RESULT - GilgameshTechnique | Gilgamesh | DPS | DMG: 117440.070 | ELADMG: 0.000 | Enemies Hit: [0, 1, 2] | Enemies Broken: [] | WB DMG: 0.000 | Energy: 0.000 | Amount HP Healed: 0.000 | Amount HP Lost: 0.000 | Gilgamesh Energy: 180/360 | SP: 3 | MaxSP: 5)
    TURN   - AshveilTech | Ashveil | SUP1 | NA attack | ['LNG'] | ['TECH'] | Scaling: ATK | TargetID: -1 | DMG/BREAK Splits: [1.0, 0]/[0, 0] | Energy Gained: 0 | SP Change: 0

        ----------Char Buffs----------
        GilgameshTrace3ATK | ATK% | Stacks: 1 | Value: 0.200 | Remaining Turns: 1 | TickDown: SUP1, PERM | Target: SUP1 | Affects: ['ALL']
        GilgameshTrace3CD | CD% | Stacks: 1 | Value: 0.200 | Remaining Turns: 1 | TickDown: SUP1, PERM | Target: SUP1 | Affects: ['ALL']
        CruisingBaseCR | CR% | Stacks: 1 | Value: 0.160 | Remaining Turns: 1 | TickDown: SUP1, PERM | Target: SUP1 | Affects: ['ALL']
        AshveilTraceCD | CD% | Stacks: 1 | Value: 0.373 | Remaining Turns: 1 | TickDown: SUP1, PERM | Target: SUP1 | Affects: ['ALL']
        AshveilTraceATK | ATK% | Stacks: 1 | Value: 0.100 | Remaining Turns: 1 | TickDown: SUP1, PERM | Target: SUP1 | Affects: ['ALL']
        AshveilTraceDMG | DMG% | Stacks: 1 | Value: 0.144 | Remaining Turns: 1 | TickDown: SUP1, PERM | Target: SUP1 | Affects: ['ALL']
        AshveilTrace3CD | CD% | Stacks: 1 | Value: 0.400 | Remaining Turns: 1 | TickDown: SUP1, PERM | Target: SUP1 | Affects: ['ALL']
        KeelCD(SUS) | CD% | Stacks: 1 | Value: 0.100 | Remaining Turns: 1 | TickDown: SUP1, PERM | Target: SUP1 | Affects: ['ALL']
        ----------End of Buff List----------

        ----------Enemy Debuffs----------
        ----------End of Debuff List----------
        ----------Healing List----------
        ----------End of Healing List----------
    GAUGE  - Enemy 0 toughness reduced by 0.000
    RESULT - AshveilTech | Ashveil | SUP1 | DMG: 6066.826 | ELADMG: 0.000 | Enemies Hit: [0] | Enemies Broken: [] | WB DMG: 0.000 | Energy: 0.000 | Amount HP Healed: 0.000 | Amount HP Lost: 0.000 | Ashveil Energy: 75/150 | SP: 3 | MaxSP: 5)
    TURN   - MortenaxBladeTech | MortenaxBlade | SUP2 | ST attack | ['FIR'] | ['ALL'] | Scaling: HP | TargetID: 1 | DMG/BREAK Splits: [0, 0]/[20, 0] | Energy Gained: 0 | SP Change: 0

        ----------Char Buffs----------
        GilgameshTrace3ATK | ATK% | Stacks: 1 | Value: 0.200 | Remaining Turns: 1 | TickDown: SUP2, PERM | Target: SUP2 | Affects: ['ALL']
        GilgameshTrace3CD | CD% | Stacks: 1 | Value: 0.200 | Remaining Turns: 1 | TickDown: SUP2, PERM | Target: SUP2 | Affects: ['ALL']
        AshveilTrace3CD | CD% | Stacks: 1 | Value: 0.400 | Remaining Turns: 1 | TickDown: SUP1, PERM | Target: SUP2 | Affects: ['ALL']
        AshveilTrace3FUACD | CD% | Stacks: 1 | Value: 0.800 | Remaining Turns: 1 | TickDown: SUP1, PERM | Target: SUP2 | Affects: ['FUA']
        TutorialEHR | EHR% | Stacks: 1 | Value: 0.400 | Remaining Turns: 1 | TickDown: SUP2, PERM | Target: SUP2 | Affects: ['ALL']
        MasterSmithHP | HP% | Stacks: 1 | Value: 0.120 | Remaining Turns: 1 | TickDown: SUP2, PERM | Target: SUP2 | Affects: ['ALL']
        LushakaERR | ERR% | Stacks: 1 | Value: 0.050 | Remaining Turns: 1 | TickDown: SUP2, PERM | Target: SUP2 | Affects: ['ALL']
        MortenaxBladeTraceCR | CR% | Stacks: 1 | Value: 0.120 | Remaining Turns: 1 | TickDown: SUP2, PERM | Target: SUP2 | Affects: ['ALL']
        MortenaxBladeTraceHP | HP% | Stacks: 1 | Value: 0.100 | Remaining Turns: 1 | TickDown: SUP2, PERM | Target: SUP2 | Affects: ['ALL']
        MortenaxBladeTraceDMG | DMG% | Stacks: 1 | Value: 0.224 | Remaining Turns: 1 | TickDown: SUP2, PERM | Target: SUP2 | Affects: ['ALL']
        KeelCD(SUS) | CD% | Stacks: 1 | Value: 0.100 | Remaining Turns: 1 | TickDown: SUP2, PERM | Target: SUP2 | Affects: ['ALL']
        MortenaxBladeTechDMGReduction | DMG_REDUCTION | Stacks: 1 | Value: 0.900 | Remaining Turns: 2 | TickDown: SUP2, END | Target: SUP2 | Affects: ['ALL']
        ----------End of Buff List----------

        ----------Enemy Debuffs----------
        AshveilBaitShred | From: SUP1 | SHRED | Stacks: 1 | Value: 0.400 | Remaining Turns: 1000 | Target: 1 | Targeting: ST | Affects: ['ALL'] | DOT: False | Blast: False
        HuohuoTechniqueDebuff | From: SUS | ATK_REDUCTION | Stacks: 1 | Value: 0.250 | Remaining Turns: 2 | Target: 1 | Targeting: ST | Affects: ['SPECIAL'] | DOT: False | Blast: False
        ----------End of Debuff List----------
        ----------Healing List----------
        ----------End of Healing List----------
    GAUGE  - Enemy 1 toughness reduced by 0.000
    RESULT - MortenaxBladeTech | MortenaxBlade | SUP2 | DMG: 0.000 | ELADMG: 0.000 | Enemies Hit: [1] | Enemies Broken: [] | WB DMG: 0.000 | Energy: 0.000 | Amount HP Healed: 0.000 | Amount HP Lost: 0.000 | MortenaxBlade Energy: 120/160 | SP: 3 | MaxSP: 5)
Gilgamesh Obtained 1 Interest from Teammate, Current count: 4
ERR    > 40.632 energy added to HuoHuo from HHTraceERR | HuoHuo Energy: 110.632
ACTION > [ENEMY] TotalAV: 63.131 | TurnAV: 63.131 | Enemy 1 | 1 attacks
    CharEnergy - Gilgamesh: Hit 3.333 Total: 183.333 | Ashveil: Hit 6.667 Total: 81.667 | MortenaxBlade: Hit 6.667 Total: 128.296 | HuoHuo: Hit 3.333 Total: 115.146 |
    ENEMY  - Enemy 2 [aoe] dealt 19.4 to MortenaxBlade (energy: 3.3, DEF: 2045, atkMul: 0.75, dmgMul: 1.00) | HP: 4850/4869
    ENEMY  - Enemy 2 [aoe] dealt 185.7 to Gilgamesh (energy: 3.3, DEF: 2185, atkMul: 0.75, dmgMul: 1.00) | HP: 2949/3135
    ENEMY  - Enemy 2 [aoe] dealt 191.9 to Ashveil (energy: 3.3, DEF: 2076, atkMul: 0.75, dmgMul: 1.00) | HP: 2537/2729
    ENEMY  - Enemy 2 [aoe] dealt 19.4 to MortenaxBlade (energy: 3.3, DEF: 2045, atkMul: 0.75, dmgMul: 1.00) | HP: 4830/4869
    ENEMY  - Enemy 2 [aoe] dealt 191.9 to Ashveil (energy: 3.3, DEF: 2076, atkMul: 0.75, dmgMul: 1.00) | HP: 2345/2729
    ENEMY  - Enemy 2 [aoe] dealt 174.0 to HuoHuo (energy: 3.3, DEF: 2410, atkMul: 0.75, dmgMul: 1.00) | HP: 5966/6140
SPD    > Gilgamesh speed changed to 140.400 | NewAV: 25.540
AV     > Enemy 1 AV reset to 63.131 | 158.400 SPD

<<< NEW TURN >>>
-   MortenaxBlade AV: 0.000 ENERGY: 128.296 MaxHP: 4869.135 CurrHp 4830.375
-   HuoHuo AV: 0.175 ENERGY: 115.146 MaxHP: 6139.808 CurrHp 5965.852
-   Ashveil AV: 9.226 ENERGY: 81.667 MaxHP: 2729.320 CurrHp 2345.443
-   Enemy 0 AV: 12.420 ENERGY: 0.000 MaxHP: 2000000.000 CurrHp 1954786.484
-   Enemy 2 AV: 12.420 ENERGY: 0.000 MaxHP: 2000000.000 CurrHp 1960853.310
-   Gilgamesh AV: 24.169 ENERGY: 183.333 MaxHP: 3134.558 CurrHp 2948.888
-   Enemy 1 AV: 61.760 ENERGY: 0.000 MaxHP: 5000000.000 CurrHp 4960853.310
-   InfiniteFury AV: 9935.497 ENERGY: 0.000 MaxHP: 0.000 CurrHp 0.000

Combat context set: 3 enemies, 4 players
Combat context initialized: 3 enemies, Elation team size: 0
ACTION > [CHAR] TotalAV: 64.503 | TurnAV: 1.371 | MortenaxBlade | A-move
    TURN   - MortenaxBladeBasic | MortenaxBlade | SUP2 | ST attack | ['FIR'] | ['BSC'] | Scaling: HP | TargetID: 1 | DMG/BREAK Splits: [0.5, 0]/[10, 0] | Energy Gained: 20 | SP Change: 1

        ----------Char Buffs----------
        GilgameshTrace3ATK | ATK% | Stacks: 1 | Value: 0.200 | Remaining Turns: 1 | TickDown: SUP2, PERM | Target: SUP2 | Affects: ['ALL']
        GilgameshTrace3CD | CD% | Stacks: 1 | Value: 0.200 | Remaining Turns: 1 | TickDown: SUP2, PERM | Target: SUP2 | Affects: ['ALL']
        AshveilTrace3CD | CD% | Stacks: 1 | Value: 0.400 | Remaining Turns: 1 | TickDown: SUP1, PERM | Target: SUP2 | Affects: ['ALL']
        TutorialEHR | EHR% | Stacks: 1 | Value: 0.400 | Remaining Turns: 1 | TickDown: SUP2, PERM | Target: SUP2 | Affects: ['ALL']
        MasterSmithHP | HP% | Stacks: 1 | Value: 0.120 | Remaining Turns: 1 | TickDown: SUP2, PERM | Target: SUP2 | Affects: ['ALL']
        LushakaERR | ERR% | Stacks: 1 | Value: 0.050 | Remaining Turns: 1 | TickDown: SUP2, PERM | Target: SUP2 | Affects: ['ALL']
        MortenaxBladeTraceCR | CR% | Stacks: 1 | Value: 0.120 | Remaining Turns: 1 | TickDown: SUP2, PERM | Target: SUP2 | Affects: ['ALL']
        MortenaxBladeTraceHP | HP% | Stacks: 1 | Value: 0.100 | Remaining Turns: 1 | TickDown: SUP2, PERM | Target: SUP2 | Affects: ['ALL']
        MortenaxBladeTraceDMG | DMG% | Stacks: 1 | Value: 0.224 | Remaining Turns: 1 | TickDown: SUP2, PERM | Target: SUP2 | Affects: ['ALL']
        KeelCD(SUS) | CD% | Stacks: 1 | Value: 0.100 | Remaining Turns: 1 | TickDown: SUP2, PERM | Target: SUP2 | Affects: ['ALL']
        MortenaxBladeTechDMGReduction | DMG_REDUCTION | Stacks: 1 | Value: 0.900 | Remaining Turns: 2 | TickDown: SUP2, END | Target: SUP2 | Affects: ['ALL']
        MasterSmithCD | CD% | Stacks: 1 | Value: 0.280 | Remaining Turns: 1 | TickDown: SUP2, PERM | Target: SUP2 | Affects: ['ALL']
        MasterSmithComburent | DMG% | Stacks: 1 | Value: 0.150 | Remaining Turns: 2 | TickDown: SUP2, END | Target: SUP2 | Affects: ['ALL']
        ----------End of Buff List----------

        ----------Enemy Debuffs----------
        AshveilBaitShred | From: SUP1 | SHRED | Stacks: 1 | Value: 0.400 | Remaining Turns: 999 | Target: 1 | Targeting: ST | Affects: ['ALL'] | DOT: False | Blast: False
        HuohuoTechniqueDebuff | From: SUS | ATK_REDUCTION | Stacks: 1 | Value: 0.250 | Remaining Turns: 1 | Target: 1 | Targeting: ST | Affects: ['SPECIAL'] | DOT: False | Blast: False
        ----------End of Debuff List----------
        ----------Healing List----------
        ----------End of Healing List----------
    GAUGE  - Enemy 1 toughness reduced by 0.000
    RESULT - MortenaxBladeBasic | MortenaxBlade | SUP2 | DMG: 3473.874 | ELADMG: 0.000 | Enemies Hit: [1] | Enemies Broken: [] | WB DMG: 0.000 | Energy: 24.888 | Amount HP Healed: 0.000 | Amount HP Lost: 0.000 | MortenaxBlade Energy: 153/160 | SP: 4 | MaxSP: 5)
Gilgamesh Obtained 1 Interest from Teammate, Current count: 5
Ashveil has obtained 2 gluttony stacks from FUA.
    TURN   - AshveilFUA | Ashveil | SUP1 | ST attack | ['LNG'] | ['FUA'] | Scaling: ATK | TargetID: 0 | DMG/BREAK Splits: [2.0, 0]/[5, 0] | Energy Gained: 5 | SP Change: 0

        ----------Char Buffs----------
        GilgameshTrace3ATK | ATK% | Stacks: 1 | Value: 0.200 | Remaining Turns: 1 | TickDown: SUP1, PERM | Target: SUP1 | Affects: ['ALL']
        GilgameshTrace3CD | CD% | Stacks: 1 | Value: 0.200 | Remaining Turns: 1 | TickDown: SUP1, PERM | Target: SUP1 | Affects: ['ALL']
        CruisingBaseCR | CR% | Stacks: 1 | Value: 0.160 | Remaining Turns: 1 | TickDown: SUP1, PERM | Target: SUP1 | Affects: ['ALL']
        DukeDMG | DMG% | Stacks: 1 | Value: 0.200 | Remaining Turns: 1 | TickDown: SUP1, PERM | Target: SUP1 | Affects: ['FUA']
        AshveilTraceCD | CD% | Stacks: 1 | Value: 0.373 | Remaining Turns: 1 | TickDown: SUP1, PERM | Target: SUP1 | Affects: ['ALL']
        AshveilTraceATK | ATK% | Stacks: 1 | Value: 0.100 | Remaining Turns: 1 | TickDown: SUP1, PERM | Target: SUP1 | Affects: ['ALL']
        AshveilTraceDMG | DMG% | Stacks: 1 | Value: 0.144 | Remaining Turns: 1 | TickDown: SUP1, PERM | Target: SUP1 | Affects: ['ALL']
        AshveilTrace2DMG | DMG% | Stacks: 1 | Value: 0.800 | Remaining Turns: 1 | TickDown: SUP1, PERM | Target: SUP1 | Affects: ['FUA']
        AshveilTrace3CD | CD% | Stacks: 1 | Value: 0.400 | Remaining Turns: 1 | TickDown: SUP1, PERM | Target: SUP1 | Affects: ['ALL']
        AshveilTrace3FUACD | CD% | Stacks: 1 | Value: 0.800 | Remaining Turns: 1 | TickDown: SUP1, PERM | Target: SUP1 | Affects: ['FUA']
        KeelCD(SUS) | CD% | Stacks: 1 | Value: 0.100 | Remaining Turns: 1 | TickDown: SUP1, PERM | Target: SUP1 | Affects: ['ALL']
        GilgameshTrace3AllyATK | ATK% | Stacks: 1 | Value: 0.100 | Remaining Turns: 1 | TickDown: SUP1, PERM | Target: SUP1 | Affects: ['ALL']
        GilgameshTrace3AllyCD | CD% | Stacks: 1 | Value: 0.100 | Remaining Turns: 1 | TickDown: SUP1, PERM | Target: SUP1 | Affects: ['ALL']
        MasterSmithComburent | DMG% | Stacks: 1 | Value: 0.150 | Remaining Turns: 2 | TickDown: SUP1, END | Target: SUP1 | Affects: ['ALL']
        AshveilTalentEnergy0 | ERR_F | Stacks: 1 | Value: 8.000 | Remaining Turns: 1 | TickDown: SUP1, END | Target: SUP1 | Affects: ['ALL']
        DukeATK | ATK% | Stacks: 1 | Value: 0.480 | Remaining Turns: 3 | TickDown: SUP1, END | Target: SUP1 | Affects: ['ALL']
        ConvergingStarsATK | ATK% | Stacks: 1 | Value: 0.240 | Remaining Turns: 2 | TickDown: SUP1, END | Target: SUP1 | Affects: ['ALL']
        AshveilTrace2GluttonyDMG | DMG% | Stacks: 1 | Value: 0.000 | Remaining Turns: 1 | TickDown: SUP1, END | Target: SUP1 | Affects: ['FUA']
        ----------End of Buff List----------

        ----------Enemy Debuffs----------
        AshveilBaitShred | From: SUP1 | SHRED | Stacks: 1 | Value: 0.400 | Remaining Turns: 1000 | Target: 0 | Targeting: ST | Affects: ['ALL'] | DOT: False | Blast: False
        HuohuoTechniqueDebuff | From: SUS | ATK_REDUCTION | Stacks: 1 | Value: 0.250 | Remaining Turns: 2 | Target: 0 | Targeting: ST | Affects: ['SPECIAL'] | DOT: False | Blast: False
        ----------End of Debuff List----------
        ----------Healing List----------
        HuoHuoTalentHealingScaling | Targeting: Targeting.SINGLE | Healing Value: [0] | Target: ALL
        HuoHuoTalentHealingScaling | Targeting: Targeting.SINGLE | Healing Value: [0.045] | Target: ALL
        HuoHuoTalentHealingScaling | Targeting: Targeting.SINGLE | Healing Value: [0] | Target: ALL
        HuoHuoTalentHealingScaling | Targeting: Targeting.SINGLE | Healing Value: [0] | Target: ALL
        HuoHuoTalentHealingFlat | Targeting: Targeting.SINGLE | Healing Value: [0] | Target: ALL
        HuoHuoTalentHealingFlat | Targeting: Targeting.SINGLE | Healing Value: [120] | Target: ALL
        HuoHuoTalentHealingFlat | Targeting: Targeting.SINGLE | Healing Value: [0] | Target: ALL
        HuoHuoTalentHealingFlat | Targeting: Targeting.SINGLE | Healing Value: [0] | Target: ALL
        ----------End of Healing List----------
    GAUGE  - Enemy 0 toughness reduced by 5.000
    RESULT - AshveilFUA | Ashveil | SUP1 | DMG: 40688.252 | ELADMG: 0.000 | Enemies Hit: [0] | Enemies Broken: [] | WB DMG: 0.000 | Energy: 5.000 | Amount HP Healed: 371.779 | Amount HP Lost: 0.000 | Ashveil Energy: 87/150 | SP: 4 | MaxSP: 5)
Gilgamesh Obtained 1 Interest from Teammate, Current count: 6
    TURN   - HuoHuoAllyERR | HuoHuo | SUS | NA attack | ['WIN'] | ['SPECIAL'] | Scaling: HP | TargetID: 1 | DMG/BREAK Splits: [0, 0]/[0, 0] | Energy Gained: 1 | SP Change: 0

        ----------Char Buffs----------
        GilgameshTrace3ATK | ATK% | Stacks: 1 | Value: 0.200 | Remaining Turns: 1 | TickDown: SUS, PERM | Target: SUS | Affects: ['ALL']
        GilgameshTrace3CD | CD% | Stacks: 1 | Value: 0.200 | Remaining Turns: 1 | TickDown: SUS, PERM | Target: SUS | Affects: ['ALL']
        AshveilTrace3CD | CD% | Stacks: 1 | Value: 0.400 | Remaining Turns: 1 | TickDown: SUP1, PERM | Target: SUS | Affects: ['ALL']
        PostOpERR | ERR% | Stacks: 1 | Value: 0.160 | Remaining Turns: 1 | TickDown: SUS, PERM | Target: SUS | Affects: ['ALL']
        WarriorGoddessSPD | SPD% | Stacks: 1 | Value: 0.060 | Remaining Turns: 1 | TickDown: SUS, PERM | Target: SUS | Affects: ['ALL']
        KeelEFFRES | ERS% | Stacks: 1 | Value: 0.100 | Remaining Turns: 1 | TickDown: SUS, PERM | Target: SUS | Affects: ['ALL']
        KeelCD(SUS) | CD% | Stacks: 1 | Value: 0.100 | Remaining Turns: 1 | TickDown: SUS, PERM | Target: SUS | Affects: ['ALL']
        HHTraceHP | HP% | Stacks: 1 | Value: 0.280 | Remaining Turns: 1 | TickDown: SUS, PERM | Target: SUS | Affects: ['ALL']
        HHTraceERS | ERS% | Stacks: 1 | Value: 0.180 | Remaining Turns: 1 | TickDown: SUS, PERM | Target: SUS | Affects: ['ALL']
        HHTraceSPD | SPD | Stacks: 1 | Value: 5.000 | Remaining Turns: 1 | TickDown: SUS, PERM | Target: SUS | Affects: ['ALL']
        MasterSmithComburent | DMG% | Stacks: 1 | Value: 0.150 | Remaining Turns: 2 | TickDown: SUS, END | Target: SUS | Affects: ['ALL']
        ----------End of Buff List----------

        ----------Enemy Debuffs----------
        AshveilBaitShred | From: SUP1 | SHRED | Stacks: 1 | Value: 0.400 | Remaining Turns: 999 | Target: 1 | Targeting: ST | Affects: ['ALL'] | DOT: False | Blast: False
        HuohuoTechniqueDebuff | From: SUS | ATK_REDUCTION | Stacks: 1 | Value: 0.250 | Remaining Turns: 1 | Target: 1 | Targeting: ST | Affects: ['SPECIAL'] | DOT: False | Blast: False
        ----------End of Debuff List----------
        ----------Healing List----------
        ----------End of Healing List----------
    GAUGE  - Enemy 1 toughness reduced by 0.000
    RESULT - HuoHuoAllyERR | HuoHuo | SUS | DMG: 0.000 | ELADMG: 0.000 | Enemies Hit: [1] | Enemies Broken: [] | WB DMG: 0.000 | Energy: 1.354 | Amount HP Healed: 0.000 | Amount HP Lost: 0.000 | HuoHuo Energy: 117/140 | SP: 4 | MaxSP: 5)
ERR    > 8.000 energy added to Ashveil from AshveilTalentEnergy0 | Ashveil Energy: 94.667
ERR    > 9.955 energy added to MortenaxBlade from TutorialERR | MortenaxBlade Energy: 160.000
ULT    > MortenaxBlade used their ultimate
MortenaxBlade transferred 3.1 overflow energy on Ult entry
    TURN   - MortenaxBladeUlt | MortenaxBlade | SUP2 | NA attack | ['FIR'] | ['ALL'] | Scaling: HP | TargetID: 1 | DMG/BREAK Splits: [0, 0]/[0, 0] | Energy Gained: 5 | SP Change: 0

        ----------Char Buffs----------
        GilgameshTrace3ATK | ATK% | Stacks: 1 | Value: 0.200 | Remaining Turns: 1 | TickDown: SUP2, PERM | Target: SUP2 | Affects: ['ALL']
        GilgameshTrace3CD | CD% | Stacks: 1 | Value: 0.200 | Remaining Turns: 1 | TickDown: SUP2, PERM | Target: SUP2 | Affects: ['ALL']
        AshveilTrace3CD | CD% | Stacks: 1 | Value: 0.400 | Remaining Turns: 1 | TickDown: SUP1, PERM | Target: SUP2 | Affects: ['ALL']
        AshveilTrace3FUACD | CD% | Stacks: 1 | Value: 0.800 | Remaining Turns: 1 | TickDown: SUP1, PERM | Target: SUP2 | Affects: ['FUA']
        TutorialEHR | EHR% | Stacks: 1 | Value: 0.400 | Remaining Turns: 1 | TickDown: SUP2, PERM | Target: SUP2 | Affects: ['ALL']
        MasterSmithHP | HP% | Stacks: 1 | Value: 0.120 | Remaining Turns: 1 | TickDown: SUP2, PERM | Target: SUP2 | Affects: ['ALL']
        LushakaERR | ERR% | Stacks: 1 | Value: 0.050 | Remaining Turns: 1 | TickDown: SUP2, PERM | Target: SUP2 | Affects: ['ALL']
        MortenaxBladeTraceCR | CR% | Stacks: 1 | Value: 0.120 | Remaining Turns: 1 | TickDown: SUP2, PERM | Target: SUP2 | Affects: ['ALL']
        MortenaxBladeTraceHP | HP% | Stacks: 1 | Value: 0.100 | Remaining Turns: 1 | TickDown: SUP2, PERM | Target: SUP2 | Affects: ['ALL']
        MortenaxBladeTraceDMG | DMG% | Stacks: 1 | Value: 0.224 | Remaining Turns: 1 | TickDown: SUP2, PERM | Target: SUP2 | Affects: ['ALL']
        KeelCD(SUS) | CD% | Stacks: 1 | Value: 0.100 | Remaining Turns: 1 | TickDown: SUP2, PERM | Target: SUP2 | Affects: ['ALL']
        MortenaxBladeTechDMGReduction | DMG_REDUCTION | Stacks: 1 | Value: 0.900 | Remaining Turns: 2 | TickDown: SUP2, END | Target: SUP2 | Affects: ['ALL']
        MasterSmithCD | CD% | Stacks: 1 | Value: 0.280 | Remaining Turns: 1 | TickDown: SUP2, PERM | Target: SUP2 | Affects: ['ALL']
        MasterSmithComburent | DMG% | Stacks: 1 | Value: 0.150 | Remaining Turns: 2 | TickDown: SUP2, END | Target: SUP2 | Affects: ['ALL']
        MortenaxBladeCRBoost | CR% | Stacks: 1 | Value: 0.200 | Remaining Turns: 1 | TickDown: SUP2, PERM | Target: SUP2 | Affects: ['ALL']
        MortenaxBladeCDBoost | CD% | Stacks: 1 | Value: 0.600 | Remaining Turns: 1 | TickDown: SUP2, PERM | Target: SUP2 | Affects: ['ALL']
        MortenaxBladeDMGReduction | DMG_REDUCTION | Stacks: 1 | Value: 0.500 | Remaining Turns: 1 | TickDown: SUP2, PERM | Target: SUP2 | Affects: ['ALL']
        MortenaxBladeDMGBoost | DMG% | Stacks: 1 | Value: 0.500 | Remaining Turns: 1 | TickDown: SUP2, PERM | Target: SUP2 | Affects: ['ALL']
        MortenaxBladeDMG | DMG% | Stacks: 1 | Value: 0.750 | Remaining Turns: 1 | TickDown: SUP2, PERM | Target: SUP2 | Affects: ['ALL']
        ----------End of Buff List----------

        ----------Enemy Debuffs----------
        AshveilBaitShred | From: SUP1 | SHRED | Stacks: 1 | Value: 0.400 | Remaining Turns: 999 | Target: 1 | Targeting: ST | Affects: ['ALL'] | DOT: False | Blast: False
        HuohuoTechniqueDebuff | From: SUS | ATK_REDUCTION | Stacks: 1 | Value: 0.250 | Remaining Turns: 1 | Target: 1 | Targeting: ST | Affects: ['SPECIAL'] | DOT: False | Blast: False
        MortenaxBladeUltVul | From: SUP2 | VULN | Stacks: 1 | Value: 0.500 | Remaining Turns: 2 | Target: 1 | Targeting: ST | Affects: ['ALL'] | DOT: False | Blast: False
        MortenaxBladeUltShred | From: SUP2 | SHRED | Stacks: 1 | Value: 0.300 | Remaining Turns: 2 | Target: 1 | Targeting: ST | Affects: ['ALL'] | DOT: False | Blast: False
        ----------End of Debuff List----------
        ----------Healing List----------
        ----------End of Healing List----------
    GAUGE  - Enemy 1 toughness reduced by 0.000
    RESULT - MortenaxBladeUlt | MortenaxBlade | SUP2 | DMG: 0.000 | ELADMG: 0.000 | Enemies Hit: [1] | Enemies Broken: [] | WB DMG: 0.000 | Energy: 6.222 | Amount HP Healed: 0.000 | Amount HP Lost: 0.000 | MortenaxBlade Energy: 9/160 | SP: 4 | MaxSP: 5)
Gilgamesh Obtained 2 Interest from Teammate Ult, Current count: 8
Gilgamesh Obtained 48.0 Energy from Teammate
Gilgamesh Obtained 1 Interest from Teammate, Current count: 9
    TURN   - HuoHuoAllyERR | HuoHuo | SUS | NA attack | ['WIN'] | ['SPECIAL'] | Scaling: HP | TargetID: 1 | DMG/BREAK Splits: [0, 0]/[0, 0] | Energy Gained: 1 | SP Change: 0

        ----------Char Buffs----------
        GilgameshTrace3ATK | ATK% | Stacks: 1 | Value: 0.200 | Remaining Turns: 1 | TickDown: SUS, PERM | Target: SUS | Affects: ['ALL']
        GilgameshTrace3CD | CD% | Stacks: 1 | Value: 0.200 | Remaining Turns: 1 | TickDown: SUS, PERM | Target: SUS | Affects: ['ALL']
        AshveilTrace3CD | CD% | Stacks: 1 | Value: 0.400 | Remaining Turns: 1 | TickDown: SUP1, PERM | Target: SUS | Affects: ['ALL']
        PostOpERR | ERR% | Stacks: 1 | Value: 0.160 | Remaining Turns: 1 | TickDown: SUS, PERM | Target: SUS | Affects: ['ALL']
        WarriorGoddessSPD | SPD% | Stacks: 1 | Value: 0.060 | Remaining Turns: 1 | TickDown: SUS, PERM | Target: SUS | Affects: ['ALL']
        KeelEFFRES | ERS% | Stacks: 1 | Value: 0.100 | Remaining Turns: 1 | TickDown: SUS, PERM | Target: SUS | Affects: ['ALL']
        KeelCD(SUS) | CD% | Stacks: 1 | Value: 0.100 | Remaining Turns: 1 | TickDown: SUS, PERM | Target: SUS | Affects: ['ALL']
        HHTraceHP | HP% | Stacks: 1 | Value: 0.280 | Remaining Turns: 1 | TickDown: SUS, PERM | Target: SUS | Affects: ['ALL']
        HHTraceERS | ERS% | Stacks: 1 | Value: 0.180 | Remaining Turns: 1 | TickDown: SUS, PERM | Target: SUS | Affects: ['ALL']
        HHTraceSPD | SPD | Stacks: 1 | Value: 5.000 | Remaining Turns: 1 | TickDown: SUS, PERM | Target: SUS | Affects: ['ALL']
        MasterSmithComburent | DMG% | Stacks: 1 | Value: 0.150 | Remaining Turns: 2 | TickDown: SUS, END | Target: SUS | Affects: ['ALL']
        MortenaxBladeDMGBoost | DMG% | Stacks: 1 | Value: 0.500 | Remaining Turns: 1 | TickDown: SUS, PERM | Target: SUS | Affects: ['ALL']
        ----------End of Buff List----------

        ----------Enemy Debuffs----------
        AshveilBaitShred | From: SUP1 | SHRED | Stacks: 1 | Value: 0.400 | Remaining Turns: 999 | Target: 1 | Targeting: ST | Affects: ['ALL'] | DOT: False | Blast: False
        HuohuoTechniqueDebuff | From: SUS | ATK_REDUCTION | Stacks: 1 | Value: 0.250 | Remaining Turns: 1 | Target: 1 | Targeting: ST | Affects: ['SPECIAL'] | DOT: False | Blast: False
        MortenaxBladeUltVul | From: SUP2 | VULN | Stacks: 1 | Value: 0.500 | Remaining Turns: 2 | Target: 1 | Targeting: ST | Affects: ['ALL'] | DOT: False | Blast: False
        MortenaxBladeUltShred | From: SUP2 | SHRED | Stacks: 1 | Value: 0.300 | Remaining Turns: 2 | Target: 1 | Targeting: ST | Affects: ['ALL'] | DOT: False | Blast: False
        ----------End of Debuff List----------
        ----------Healing List----------
        HuoHuoTalentHealingScaling | Targeting: Targeting.SINGLE | Healing Value: [0] | Target: ALL
        HuoHuoTalentHealingScaling | Targeting: Targeting.SINGLE | Healing Value: [0.045] | Target: ALL
        HuoHuoTalentHealingScaling | Targeting: Targeting.SINGLE | Healing Value: [0] | Target: ALL
        HuoHuoTalentHealingScaling | Targeting: Targeting.SINGLE | Healing Value: [0] | Target: ALL
        HuoHuoTalentHealingFlat | Targeting: Targeting.SINGLE | Healing Value: [0] | Target: ALL
        HuoHuoTalentHealingFlat | Targeting: Targeting.SINGLE | Healing Value: [120] | Target: ALL
        HuoHuoTalentHealingFlat | Targeting: Targeting.SINGLE | Healing Value: [0] | Target: ALL
        HuoHuoTalentHealingFlat | Targeting: Targeting.SINGLE | Healing Value: [0] | Target: ALL
        ----------End of Healing List----------
    GAUGE  - Enemy 1 toughness reduced by 0.000
    RESULT - HuoHuoAllyERR | HuoHuo | SUS | DMG: 0.000 | ELADMG: 0.000 | Enemies Hit: [1] | Enemies Broken: [] | WB DMG: 0.000 | Energy: 1.354 | Amount HP Healed: 371.779 | Amount HP Lost: 0.000 | HuoHuo Energy: 118/140 | SP: 4 | MaxSP: 5)
ERR    > 48.000 energy added to Gilgamesh from GilgameshTrace1ERRAlly2 | Gilgamesh Energy: 231.333
SPD    > Gilgamesh speed changed to 188.900 | NewAV: 17.963
SPD    > HuoHuo speed changed to 160.492 | NewAV: 0.169
AV     > MortenaxBlade AV reset to 64.503 | 155.032 SPD

<<< NEW TURN >>>
-   HuoHuo AV: 0.000 ENERGY: 117.855 MaxHP: 6139.808 CurrHp 5965.852
-   Ashveil AV: 9.057 ENERGY: 94.667 MaxHP: 2729.320 CurrHp 2729.320
-   Enemy 0 AV: 12.251 ENERGY: 0.000 MaxHP: 2000000.000 CurrHp 1914098.232
-   Enemy 2 AV: 12.251 ENERGY: 0.000 MaxHP: 2000000.000 CurrHp 1960853.310
-   Gilgamesh AV: 17.795 ENERGY: 231.333 MaxHP: 3134.558 CurrHp 2948.888
-   Enemy 1 AV: 61.591 ENERGY: 0.000 MaxHP: 5000000.000 CurrHp 4957379.436
-   MortenaxBlade AV: 64.334 ENERGY: 9.361 MaxHP: 4869.135 CurrHp 3856.548
-   InfiniteFury AV: 142.688 ENERGY: 0.000 MaxHP: 0.000 CurrHp 0.000

Combat context set: 3 enemies, 4 players
Combat context initialized: 3 enemies, Elation team size: 0
ACTION > [CHAR] TotalAV: 64.672 | TurnAV: 0.169 | HuoHuo | E-move
    TURN   - HuoHuoSkill | HuoHuo | SUS | NA attack | ['WIN'] | ['SKL'] | Scaling: HP | TargetID: -1 | DMG/BREAK Splits: [0, 0]/[0, 0] | Energy Gained: 30 | SP Change: -1

        ----------Char Buffs----------
        GilgameshTrace3ATK | ATK% | Stacks: 1 | Value: 0.200 | Remaining Turns: 1 | TickDown: SUS, PERM | Target: SUS | Affects: ['ALL']
        GilgameshTrace3CD | CD% | Stacks: 1 | Value: 0.200 | Remaining Turns: 1 | TickDown: SUS, PERM | Target: SUS | Affects: ['ALL']
        AshveilTrace3CD | CD% | Stacks: 1 | Value: 0.400 | Remaining Turns: 1 | TickDown: SUP1, PERM | Target: SUS | Affects: ['ALL']
        PostOpERR | ERR% | Stacks: 1 | Value: 0.160 | Remaining Turns: 1 | TickDown: SUS, PERM | Target: SUS | Affects: ['ALL']
        WarriorGoddessSPD | SPD% | Stacks: 1 | Value: 0.060 | Remaining Turns: 1 | TickDown: SUS, PERM | Target: SUS | Affects: ['ALL']
        KeelEFFRES | ERS% | Stacks: 1 | Value: 0.100 | Remaining Turns: 1 | TickDown: SUS, PERM | Target: SUS | Affects: ['ALL']
        KeelCD(SUS) | CD% | Stacks: 1 | Value: 0.100 | Remaining Turns: 1 | TickDown: SUS, PERM | Target: SUS | Affects: ['ALL']
        HHTraceHP | HP% | Stacks: 1 | Value: 0.280 | Remaining Turns: 1 | TickDown: SUS, PERM | Target: SUS | Affects: ['ALL']
        HHTraceERS | ERS% | Stacks: 1 | Value: 0.180 | Remaining Turns: 1 | TickDown: SUS, PERM | Target: SUS | Affects: ['ALL']
        HHTraceSPD | SPD | Stacks: 1 | Value: 5.000 | Remaining Turns: 1 | TickDown: SUS, PERM | Target: SUS | Affects: ['ALL']
        MasterSmithComburent | DMG% | Stacks: 1 | Value: 0.150 | Remaining Turns: 2 | TickDown: SUS, END | Target: SUS | Affects: ['ALL']
        MortenaxBladeDMGBoost | DMG% | Stacks: 1 | Value: 0.500 | Remaining Turns: 1 | TickDown: SUS, PERM | Target: SUS | Affects: ['ALL']
        WarriorGoddessHealSPD | SPD% | Stacks: 1 | Value: 0.060 | Remaining Turns: 1 | TickDown: SUS, START | Target: SUS | Affects: ['ALL']
        WarriorGoddessHealCD | CD% | Stacks: 1 | Value: 0.150 | Remaining Turns: 1 | TickDown: SUS, START | Target: SUS | Affects: ['ALL']
        ----------End of Buff List----------

        ----------Enemy Debuffs----------
        ----------End of Debuff List----------
        ----------Healing List----------
        HuoHuoSkillHealingScaling | Targeting: Targeting.BLAST | Healing Value: [0.24] | Target: ALL
        HuoHuoSkillHealingScaling | Targeting: Targeting.BLAST | Healing Value: [0.24] | Target: ALL
        HuoHuoSkillHealingScaling | Targeting: Targeting.BLAST | Healing Value: [0.24] | Target: ALL
        HuoHuoSkillHealingScaling | Targeting: Targeting.BLAST | Healing Value: [0.24] | Target: ALL
        HuoHuoSkillHealingScaling | Targeting: Targeting.BLAST | Healing Value: [0.24] | Target: ALL
        HuoHuoSkillHealingScaling | Targeting: Targeting.BLAST | Healing Value: [0.24] | Target: ALL
        HuoHuoSkillHealingFlat | Targeting: Targeting.BLAST | Healing Value: [640] | Target: ALL
        HuoHuoSkillHealingFlat | Targeting: Targeting.BLAST | Healing Value: [640] | Target: ALL
        HuoHuoSkillHealingFlat | Targeting: Targeting.BLAST | Healing Value: [640] | Target: ALL
        HuoHuoSkillHealingFlat | Targeting: Targeting.BLAST | Healing Value: [640] | Target: ALL
        HuoHuoSkillHealingFlat | Targeting: Targeting.BLAST | Healing Value: [640] | Target: ALL
        HuoHuoSkillHealingFlat | Targeting: Targeting.BLAST | Healing Value: [640] | Target: ALL
        ----------End of Healing List----------
    GAUGE  - Enemy 0 toughness reduced by 0.000
    RESULT - HuoHuoSkill | HuoHuo | SUS | DMG: 0.000 | ELADMG: 0.000 | Enemies Hit: [0] | Enemies Broken: [] | WB DMG: 0.000 | Energy: 40.632 | Amount HP Healed: 7931.292 | Amount HP Lost: 0.000 | HuoHuo Energy: 140/140 | SP: 3 | MaxSP: 5)
Gilgamesh Obtained 1 Interest from Teammate, Current count: 10
ULT    > HuoHuo used their ultimate
    TURN   - HuoHuoUlt | HuoHuo | SUS | NA attack | ['WIN'] | ['ULT'] | Scaling: HP | TargetID: -1 | DMG/BREAK Splits: [0, 0]/[0, 0] | Energy Gained: 5 | SP Change: 0

        ----------Char Buffs----------
        GilgameshTrace3ATK | ATK% | Stacks: 1 | Value: 0.200 | Remaining Turns: 1 | TickDown: SUS, PERM | Target: SUS | Affects: ['ALL']
        GilgameshTrace3CD | CD% | Stacks: 1 | Value: 0.200 | Remaining Turns: 1 | TickDown: SUS, PERM | Target: SUS | Affects: ['ALL']
        AshveilTrace3CD | CD% | Stacks: 1 | Value: 0.400 | Remaining Turns: 1 | TickDown: SUP1, PERM | Target: SUS | Affects: ['ALL']
        PostOpERR | ERR% | Stacks: 1 | Value: 0.160 | Remaining Turns: 1 | TickDown: SUS, PERM | Target: SUS | Affects: ['ALL']
        PostOpOGH | OGH% | Stacks: 1 | Value: 0.240 | Remaining Turns: 1 | TickDown: SUS, PERM | Target: SUS | Affects: ['ULT']
        WarriorGoddessSPD | SPD% | Stacks: 1 | Value: 0.060 | Remaining Turns: 1 | TickDown: SUS, PERM | Target: SUS | Affects: ['ALL']
        KeelEFFRES | ERS% | Stacks: 1 | Value: 0.100 | Remaining Turns: 1 | TickDown: SUS, PERM | Target: SUS | Affects: ['ALL']
        KeelCD(SUS) | CD% | Stacks: 1 | Value: 0.100 | Remaining Turns: 1 | TickDown: SUS, PERM | Target: SUS | Affects: ['ALL']
        HHTraceHP | HP% | Stacks: 1 | Value: 0.280 | Remaining Turns: 1 | TickDown: SUS, PERM | Target: SUS | Affects: ['ALL']
        HHTraceERS | ERS% | Stacks: 1 | Value: 0.180 | Remaining Turns: 1 | TickDown: SUS, PERM | Target: SUS | Affects: ['ALL']
        HHTraceSPD | SPD | Stacks: 1 | Value: 5.000 | Remaining Turns: 1 | TickDown: SUS, PERM | Target: SUS | Affects: ['ALL']
        MasterSmithComburent | DMG% | Stacks: 1 | Value: 0.150 | Remaining Turns: 2 | TickDown: SUS, END | Target: SUS | Affects: ['ALL']
        MortenaxBladeDMGBoost | DMG% | Stacks: 1 | Value: 0.500 | Remaining Turns: 1 | TickDown: SUS, PERM | Target: SUS | Affects: ['ALL']
        WarriorGoddessHealSPD | SPD% | Stacks: 1 | Value: 0.060 | Remaining Turns: 2 | TickDown: SUS, START | Target: SUS | Affects: ['ALL']
        WarriorGoddessHealCD | CD% | Stacks: 1 | Value: 0.150 | Remaining Turns: 2 | TickDown: SUS, START | Target: SUS | Affects: ['ALL']
        ----------End of Buff List----------

        ----------Enemy Debuffs----------
        ----------End of Debuff List----------
        ----------Healing List----------
        ----------End of Healing List----------
    GAUGE  - Enemy 0 toughness reduced by 0.000
    RESULT - HuoHuoUlt | HuoHuo | SUS | DMG: 0.000 | ELADMG: 0.000 | Enemies Hit: [0] | Enemies Broken: [] | WB DMG: 0.000 | Energy: 6.772 | Amount HP Healed: 0.000 | Amount HP Lost: 0.000 | HuoHuo Energy: 7/140 | SP: 3 | MaxSP: 5)
Gilgamesh Obtained 2 Interest from Teammate Ult, Current count: 12
Gilgamesh Obtained 42.0 Energy from Teammate
Gilgamesh Obtained 1 Interest from Teammate, Current count: 13
ERR    > 72.000 energy added to Gilgamesh from HuoHuoERR | Gilgamesh Energy: 303.333
ERR    > 30.000 energy added to Ashveil from HuoHuoERR | Ashveil Energy: 124.667
ERR    > 32.000 energy added to MortenaxBlade from HuoHuoERR | MortenaxBlade Energy: 41.361
ERR    > 42.000 energy added to Gilgamesh from GilgameshTrace1ERRAlly3 | Gilgamesh Energy: 345.333
SPD    > Gilgamesh speed changed to 227.700 | NewAV: 14.762
AV     > HuoHuo AV reset to 62.308 | 160.492 SPD

<<< NEW TURN >>>
-   Ashveil AV: 0.000 ENERGY: 124.667 MaxHP: 2729.320 CurrHp 2729.320
-   Enemy 0 AV: 3.194 ENERGY: 0.000 MaxHP: 2000000.000 CurrHp 1914098.232
-   Enemy 2 AV: 3.194 ENERGY: 0.000 MaxHP: 2000000.000 CurrHp 1960853.310
-   Gilgamesh AV: 5.705 ENERGY: 345.333 MaxHP: 3134.558 CurrHp 3134.558
-   Enemy 1 AV: 52.534 ENERGY: 0.000 MaxHP: 5000000.000 CurrHp 4957379.436
-   HuoHuo AV: 53.251 ENERGY: 6.772 MaxHP: 6139.808 CurrHp 6139.808
-   MortenaxBlade AV: 55.277 ENERGY: 41.361 MaxHP: 4869.135 CurrHp 4869.135
-   InfiniteFury AV: 133.631 ENERGY: 0.000 MaxHP: 0.000 CurrHp 0.000

Combat context set: 3 enemies, 4 players
Combat context initialized: 3 enemies, Elation team size: 0
ACTION > [CHAR] TotalAV: 73.729 | TurnAV: 9.057 | Ashveil | E-move
Ashveil has obtained 1 gluttony stack from Skill.
    TURN   - AshveilSkill | Ashveil | SUP1 | ST attack | ['LNG'] | ['SKL'] | Scaling: ATK | TargetID: 0 | DMG/BREAK Splits: [3.0, 0]/[20, 0] | Energy Gained: 30 | SP Change: 0

        ----------Char Buffs----------
        GilgameshTrace3ATK | ATK% | Stacks: 1 | Value: 0.200 | Remaining Turns: 1 | TickDown: SUP1, PERM | Target: SUP1 | Affects: ['ALL']
        GilgameshTrace3CD | CD% | Stacks: 1 | Value: 0.200 | Remaining Turns: 1 | TickDown: SUP1, PERM | Target: SUP1 | Affects: ['ALL']
        CruisingBaseCR | CR% | Stacks: 1 | Value: 0.160 | Remaining Turns: 1 | TickDown: SUP1, PERM | Target: SUP1 | Affects: ['ALL']
        AshveilTraceCD | CD% | Stacks: 1 | Value: 0.373 | Remaining Turns: 1 | TickDown: SUP1, PERM | Target: SUP1 | Affects: ['ALL']
        AshveilTraceATK | ATK% | Stacks: 1 | Value: 0.100 | Remaining Turns: 1 | TickDown: SUP1, PERM | Target: SUP1 | Affects: ['ALL']
        AshveilTraceDMG | DMG% | Stacks: 1 | Value: 0.144 | Remaining Turns: 1 | TickDown: SUP1, PERM | Target: SUP1 | Affects: ['ALL']
        AshveilTrace3CD | CD% | Stacks: 1 | Value: 0.400 | Remaining Turns: 1 | TickDown: SUP1, PERM | Target: SUP1 | Affects: ['ALL']
        KeelCD(SUS) | CD% | Stacks: 1 | Value: 0.100 | Remaining Turns: 1 | TickDown: SUP1, PERM | Target: SUP1 | Affects: ['ALL']
        GilgameshTrace3AllyATK | ATK% | Stacks: 1 | Value: 0.100 | Remaining Turns: 1 | TickDown: SUP1, PERM | Target: SUP1 | Affects: ['ALL']
        GilgameshTrace3AllyCD | CD% | Stacks: 1 | Value: 0.100 | Remaining Turns: 1 | TickDown: SUP1, PERM | Target: SUP1 | Affects: ['ALL']
        MasterSmithComburent | DMG% | Stacks: 1 | Value: 0.150 | Remaining Turns: 2 | TickDown: SUP1, END | Target: SUP1 | Affects: ['ALL']
        DukeATK | ATK% | Stacks: 1 | Value: 0.480 | Remaining Turns: 3 | TickDown: SUP1, END | Target: SUP1 | Affects: ['ALL']
        ConvergingStarsATK | ATK% | Stacks: 1 | Value: 0.240 | Remaining Turns: 2 | TickDown: SUP1, END | Target: SUP1 | Affects: ['ALL']
        MortenaxBladeDMGBoost | DMG% | Stacks: 1 | Value: 0.500 | Remaining Turns: 1 | TickDown: SUP1, PERM | Target: SUP1 | Affects: ['ALL']
        WarriorGoddessHealCD | CD% | Stacks: 1 | Value: 0.150 | Remaining Turns: 1 | TickDown: SUP1, START | Target: SUP1 | Affects: ['ALL']
        ----------End of Buff List----------

        ----------Enemy Debuffs----------
        AshveilBaitShred | From: SUP1 | SHRED | Stacks: 1 | Value: 0.400 | Remaining Turns: 1000 | Target: 0 | Targeting: ST | Affects: ['ALL'] | DOT: False | Blast: False
        HuohuoTechniqueDebuff | From: SUS | ATK_REDUCTION | Stacks: 1 | Value: 0.250 | Remaining Turns: 2 | Target: 0 | Targeting: ST | Affects: ['SPECIAL'] | DOT: False | Blast: False
        MortenaxBladeUltVul | From: SUP2 | VULN | Stacks: 1 | Value: 0.500 | Remaining Turns: 2 | Target: 0 | Targeting: ST | Affects: ['ALL'] | DOT: False | Blast: False
        MortenaxBladeUltShred | From: SUP2 | SHRED | Stacks: 1 | Value: 0.300 | Remaining Turns: 2 | Target: 0 | Targeting: ST | Affects: ['ALL'] | DOT: False | Blast: False
        ----------End of Debuff List----------
        ----------Healing List----------
        ----------End of Healing List----------
    GAUGE  - Enemy 0 toughness reduced by 20.000
    RESULT - AshveilSkill | Ashveil | SUP1 | DMG: 76187.164 | ELADMG: 0.000 | Enemies Hit: [0] | Enemies Broken: [] | WB DMG: 0.000 | Energy: 30.000 | Amount HP Healed: 0.000 | Amount HP Lost: 0.000 | Ashveil Energy: 150/150 | SP: 3 | MaxSP: 5)
Gilgamesh Obtained 1 Interest from Teammate, Current count: 14
MortenaxBlade has obtained 1 Charge. Current Charge count: 1.
    TURN   - HuoHuoAllyERR | HuoHuo | SUS | NA attack | ['WIN'] | ['SPECIAL'] | Scaling: HP | TargetID: 1 | DMG/BREAK Splits: [0, 0]/[0, 0] | Energy Gained: 1 | SP Change: 0

        ----------Char Buffs----------
        GilgameshTrace3ATK | ATK% | Stacks: 1 | Value: 0.200 | Remaining Turns: 1 | TickDown: SUS, PERM | Target: SUS | Affects: ['ALL']
        GilgameshTrace3CD | CD% | Stacks: 1 | Value: 0.200 | Remaining Turns: 1 | TickDown: SUS, PERM | Target: SUS | Affects: ['ALL']
        AshveilTrace3CD | CD% | Stacks: 1 | Value: 0.400 | Remaining Turns: 1 | TickDown: SUP1, PERM | Target: SUS | Affects: ['ALL']
        PostOpERR | ERR% | Stacks: 1 | Value: 0.160 | Remaining Turns: 1 | TickDown: SUS, PERM | Target: SUS | Affects: ['ALL']
        WarriorGoddessSPD | SPD% | Stacks: 1 | Value: 0.060 | Remaining Turns: 1 | TickDown: SUS, PERM | Target: SUS | Affects: ['ALL']
        KeelEFFRES | ERS% | Stacks: 1 | Value: 0.100 | Remaining Turns: 1 | TickDown: SUS, PERM | Target: SUS | Affects: ['ALL']
        KeelCD(SUS) | CD% | Stacks: 1 | Value: 0.100 | Remaining Turns: 1 | TickDown: SUS, PERM | Target: SUS | Affects: ['ALL']
        HHTraceHP | HP% | Stacks: 1 | Value: 0.280 | Remaining Turns: 1 | TickDown: SUS, PERM | Target: SUS | Affects: ['ALL']
        HHTraceERS | ERS% | Stacks: 1 | Value: 0.180 | Remaining Turns: 1 | TickDown: SUS, PERM | Target: SUS | Affects: ['ALL']
        HHTraceSPD | SPD | Stacks: 1 | Value: 5.000 | Remaining Turns: 1 | TickDown: SUS, PERM | Target: SUS | Affects: ['ALL']
        MasterSmithComburent | DMG% | Stacks: 1 | Value: 0.150 | Remaining Turns: 1 | TickDown: SUS, END | Target: SUS | Affects: ['ALL']
        MortenaxBladeDMGBoost | DMG% | Stacks: 1 | Value: 0.500 | Remaining Turns: 1 | TickDown: SUS, PERM | Target: SUS | Affects: ['ALL']
        WarriorGoddessHealSPD | SPD% | Stacks: 1 | Value: 0.060 | Remaining Turns: 2 | TickDown: SUS, START | Target: SUS | Affects: ['ALL']
        WarriorGoddessHealCD | CD% | Stacks: 1 | Value: 0.150 | Remaining Turns: 2 | TickDown: SUS, START | Target: SUS | Affects: ['ALL']
        ----------End of Buff List----------

        ----------Enemy Debuffs----------
        AshveilBaitShred | From: SUP1 | SHRED | Stacks: 1 | Value: 0.400 | Remaining Turns: 999 | Target: 1 | Targeting: ST | Affects: ['ALL'] | DOT: False | Blast: False
        HuohuoTechniqueDebuff | From: SUS | ATK_REDUCTION | Stacks: 1 | Value: 0.250 | Remaining Turns: 1 | Target: 1 | Targeting: ST | Affects: ['SPECIAL'] | DOT: False | Blast: False
        MortenaxBladeUltVul | From: SUP2 | VULN | Stacks: 1 | Value: 0.500 | Remaining Turns: 2 | Target: 1 | Targeting: ST | Affects: ['ALL'] | DOT: False | Blast: False
        MortenaxBladeUltShred | From: SUP2 | SHRED | Stacks: 1 | Value: 0.300 | Remaining Turns: 2 | Target: 1 | Targeting: ST | Affects: ['ALL'] | DOT: False | Blast: False
        ----------End of Debuff List----------
        ----------Healing List----------
        HuoHuoTalentHealingScaling | Targeting: Targeting.SINGLE | Healing Value: [0] | Target: ALL
        HuoHuoTalentHealingScaling | Targeting: Targeting.SINGLE | Healing Value: [0.045] | Target: ALL
        HuoHuoTalentHealingScaling | Targeting: Targeting.SINGLE | Healing Value: [0] | Target: ALL
        HuoHuoTalentHealingScaling | Targeting: Targeting.SINGLE | Healing Value: [0] | Target: ALL
        HuoHuoTalentHealingFlat | Targeting: Targeting.SINGLE | Healing Value: [0] | Target: ALL
        HuoHuoTalentHealingFlat | Targeting: Targeting.SINGLE | Healing Value: [120] | Target: ALL
        HuoHuoTalentHealingFlat | Targeting: Targeting.SINGLE | Healing Value: [0] | Target: ALL
        HuoHuoTalentHealingFlat | Targeting: Targeting.SINGLE | Healing Value: [0] | Target: ALL
        ----------End of Healing List----------
    GAUGE  - Enemy 1 toughness reduced by 0.000
    RESULT - HuoHuoAllyERR | HuoHuo | SUS | DMG: 0.000 | ELADMG: 0.000 | Enemies Hit: [1] | Enemies Broken: [] | WB DMG: 0.000 | Energy: 1.354 | Amount HP Healed: 371.779 | Amount HP Lost: 0.000 | HuoHuo Energy: 8/140 | SP: 3 | MaxSP: 5)
        Buff AshveilTrace2GluttonyDMG expired
SPD    > Gilgamesh speed changed to 237.400 | NewAV: 5.472
AV     > Ashveil AV reset to 73.729 | 135.632 SPD

<<< NEW TURN >>>
-   Enemy 0 AV: 0.000 ENERGY: 0.000 MaxHP: 2000000.000 CurrHp 1837911.068
-   Enemy 2 AV: 0.000 ENERGY: 0.000 MaxHP: 2000000.000 CurrHp 1960853.310
-   Gilgamesh AV: 2.278 ENERGY: 345.333 MaxHP: 3134.558 CurrHp 3134.558
-   Enemy 1 AV: 49.340 ENERGY: 0.000 MaxHP: 5000000.000 CurrHp 4957379.436
-   HuoHuo AV: 50.057 ENERGY: 8.126 MaxHP: 6139.808 CurrHp 6139.808
-   MortenaxBlade AV: 52.083 ENERGY: 41.361 MaxHP: 4869.135 CurrHp 4869.135
-   Ashveil AV: 70.535 ENERGY: 150.000 MaxHP: 2729.320 CurrHp 2729.320
-   InfiniteFury AV: 130.437 ENERGY: 0.000 MaxHP: 0.000 CurrHp 0.000

Combat context set: 3 enemies, 4 players
Combat context initialized: 3 enemies, Elation team size: 0
ACTION > [ENEMY] TotalAV: 76.923 | TurnAV: 3.194 | Enemy 0 | 1 attacks
MortenaxBlade has obtained 1 Charge. Current Charge count: 2.
    CharEnergy - Gilgamesh: Hit 5.000 Total: 350.333 | Ashveil: Hit 5.000 Total: 150.000 | MortenaxBlade: Hit 5.000 Total: 47.583 | HuoHuo: Hit 5.000 Total: 14.898 |
    ENEMY  - Enemy 2 [aoe] dealt 185.7 to Gilgamesh (energy: 3.3, DEF: 2185, atkMul: 0.75, dmgMul: 1.00) | HP: 2949/3135
    ENEMY  - Enemy 2 [aoe] dealt 92.8 to Gilgamesh (energy: 1.7, DEF: 2185, atkMul: 0.75, dmgMul: 1.00) | HP: 2856/3135
    ENEMY  - Enemy 2 [aoe] dealt 96.0 to Ashveil (energy: 1.7, DEF: 2076, atkMul: 0.75, dmgMul: 1.00) | HP: 2633/2729
    ENEMY  - Enemy 2 [aoe] dealt 0.0 to MortenaxBlade (energy: 1.7, DEF: 2045, atkMul: 0.75, dmgMul: 1.00) | HP: 4869/4869
    ENEMY  - Enemy 2 [aoe] dealt 87.0 to HuoHuo (energy: 1.7, DEF: 2410, atkMul: 0.75, dmgMul: 1.00) | HP: 6053/6140
    ENEMY  - Enemy 2 [aoe] dealt 0.0 to MortenaxBlade (energy: 3.3, DEF: 2045, atkMul: 0.75, dmgMul: 1.00) | HP: 4869/4869
    ENEMY  - Enemy 2 [aoe] dealt 191.9 to Ashveil (energy: 3.3, DEF: 2076, atkMul: 0.75, dmgMul: 1.00) | HP: 2441/2729
    ENEMY  - Enemy 2 [aoe] dealt 174.0 to HuoHuo (energy: 3.3, DEF: 2410, atkMul: 0.75, dmgMul: 1.00) | HP: 5879/6140
MortenaxBlade has obtained 1 Charge. Current Charge count: 3.
MortenaxBlade useHit produced 2 debuffs
AV     > Enemy 0 AV reset to 76.923 | 130.000 SPD

<<< NEW TURN >>>
-   Enemy 2 AV: 0.000 ENERGY: 0.000 MaxHP: 2000000.000 CurrHp 1960853.310
-   Gilgamesh AV: 2.278 ENERGY: 350.333 MaxHP: 3134.558 CurrHp 2856.053
-   Enemy 1 AV: 49.340 ENERGY: 0.000 MaxHP: 5000000.000 CurrHp 4957379.436
-   HuoHuo AV: 50.057 ENERGY: 14.898 MaxHP: 6139.808 CurrHp 5878.874
-   MortenaxBlade AV: 52.083 ENERGY: 47.583 MaxHP: 4869.135 CurrHp 4869.135
-   Ashveil AV: 70.535 ENERGY: 150.000 MaxHP: 2729.320 CurrHp 2441.412
-   Enemy 0 AV: 76.923 ENERGY: 0.000 MaxHP: 2000000.000 CurrHp 1837911.068
-   InfiniteFury AV: 130.437 ENERGY: 0.000 MaxHP: 0.000 CurrHp 0.000

Combat context set: 3 enemies, 4 players
Combat context initialized: 3 enemies, Elation team size: 0
ACTION > [ENEMY] TotalAV: 76.923 | TurnAV: 0.000 | Enemy 2 | 1 attacks
MortenaxBlade has obtained 1 Charge. Current Charge count: 4.
    CharEnergy - Gilgamesh: Hit 1.667 Total: 352.000 | Ashveil: Hit 5.000 Total: 150.000 | MortenaxBlade: Hit 8.333 Total: 57.953 | HuoHuo: Hit 5.000 Total: 21.670 |
    ENEMY  - Enemy 2 [aoe] dealt 0.0 to MortenaxBlade (energy: 3.3, DEF: 2045, atkMul: 0.75, dmgMul: 1.00) | HP: 4869/4869
    ENEMY  - Enemy 2 [aoe] dealt 191.9 to Ashveil (energy: 3.3, DEF: 2076, atkMul: 0.75, dmgMul: 1.00) | HP: 2249/2729
    ENEMY  - Enemy 2 [aoe] dealt 174.0 to HuoHuo (energy: 3.3, DEF: 2410, atkMul: 0.75, dmgMul: 1.00) | HP: 5705/6140
    ENEMY  - Enemy 2 [aoe] dealt 92.8 to Gilgamesh (energy: 1.7, DEF: 2185, atkMul: 0.75, dmgMul: 1.00) | HP: 2763/3135
    ENEMY  - Enemy 2 [aoe] dealt 96.0 to Ashveil (energy: 1.7, DEF: 2076, atkMul: 0.75, dmgMul: 1.00) | HP: 2154/2729
    ENEMY  - Enemy 2 [aoe] dealt 0.0 to MortenaxBlade (energy: 1.7, DEF: 2045, atkMul: 0.75, dmgMul: 1.00) | HP: 4869/4869
    ENEMY  - Enemy 2 [aoe] dealt 87.0 to HuoHuo (energy: 1.7, DEF: 2410, atkMul: 0.75, dmgMul: 1.00) | HP: 5618/6140
    ENEMY  - Enemy 2 [aoe] dealt 0.0 to MortenaxBlade (energy: 3.3, DEF: 2045, atkMul: 0.75, dmgMul: 1.00) | HP: 4869/4869
MortenaxBlade has obtained 1 Charge. Current Charge count: 5.
MortenaxBlade useHit produced 2 debuffs
AV     > Enemy 2 AV reset to 76.923 | 130.000 SPD

<<< NEW TURN >>>
-   Gilgamesh AV: 0.000 ENERGY: 352.000 MaxHP: 3134.558 CurrHp 2763.219
-   Enemy 1 AV: 47.062 ENERGY: 0.000 MaxHP: 5000000.000 CurrHp 4957379.436
-   HuoHuo AV: 47.779 ENERGY: 21.670 MaxHP: 6139.808 CurrHp 5617.940
-   MortenaxBlade AV: 49.805 ENERGY: 57.953 MaxHP: 4869.135 CurrHp 4869.135
-   Ashveil AV: 68.257 ENERGY: 150.000 MaxHP: 2729.320 CurrHp 2153.505
-   Enemy 2 AV: 74.645 ENERGY: 0.000 MaxHP: 2000000.000 CurrHp 1960853.310
-   Enemy 0 AV: 74.645 ENERGY: 0.000 MaxHP: 2000000.000 CurrHp 1837911.068
-   InfiniteFury AV: 128.159 ENERGY: 0.000 MaxHP: 0.000 CurrHp 0.000

Combat context set: 3 enemies, 4 players
Combat context initialized: 3 enemies, Elation team size: 0
ACTION > [CHAR] TotalAV: 79.201 | TurnAV: 2.278 | Gilgamesh | E-move
Gilgamesh JointCounter increased by one, current count: 1
    TURN   - GilgameshSkill | Gilgamesh | DPS | BLAST attack | ['LNG'] | ['SKL'] | Scaling: ATK | TargetID: 1 | DMG/BREAK Splits: [2.8, 1.4]/[20, 10] | Energy Gained: 30 | SP Change: 0

        ----------Char Buffs----------
        ScholarCR | CR% | Stacks: 1 | Value: 0.080 | Remaining Turns: 1 | TickDown: DPS, PERM | Target: DPS | Affects: ['ALL']
        ScholarDMG | DMG% | Stacks: 1 | Value: 0.200 | Remaining Turns: 1 | TickDown: DPS, PERM | Target: DPS | Affects: ['SKL', 'ULT']
        GilgameshTraceATK | ATK | Stacks: 1 | Value: 0.180 | Remaining Turns: 1 | TickDown: DPS, PERM | Target: DPS | Affects: ['ALL']
        GilgameshTraceCR | CR% | Stacks: 1 | Value: 0.187 | Remaining Turns: 1 | TickDown: DPS, PERM | Target: DPS | Affects: ['ALL']
        GilgameshTraceDMG | DMG% | Stacks: 1 | Value: 0.080 | Remaining Turns: 1 | TickDown: DPS, PERM | Target: DPS | Affects: ['ALL']
        GilgameshTrace3ATK | ATK% | Stacks: 1 | Value: 0.200 | Remaining Turns: 1 | TickDown: DPS, PERM | Target: DPS | Affects: ['ALL']
        GilgameshTrace3CD | CD% | Stacks: 1 | Value: 0.200 | Remaining Turns: 1 | TickDown: DPS, PERM | Target: DPS | Affects: ['ALL']
        GilgameshTrace3SelfATK | ATK% | Stacks: 1 | Value: 1.000 | Remaining Turns: 1 | TickDown: DPS, PERM | Target: DPS | Affects: ['ALL']
        GilgameshTrace3SelfCD | CD% | Stacks: 1 | Value: 1.000 | Remaining Turns: 1 | TickDown: DPS, PERM | Target: DPS | Affects: ['ALL']
        AshveilTrace3CD | CD% | Stacks: 1 | Value: 0.400 | Remaining Turns: 1 | TickDown: SUP1, PERM | Target: DPS | Affects: ['ALL']
        LushakaATK(SUP2) | ATK% | Stacks: 1 | Value: 0.120 | Remaining Turns: 1 | TickDown: DPS, PERM | Target: DPS | Affects: ['ALL']
        KeelCD(SUS) | CD% | Stacks: 1 | Value: 0.100 | Remaining Turns: 1 | TickDown: DPS, PERM | Target: DPS | Affects: ['ALL']
        CosmicLifeDMG | DMG% | Stacks: 1 | Value: 0.320 | Remaining Turns: 1 | TickDown: DPS, PERM | Target: DPS | Affects: ['ALL']
        Trace2CDExtra | CD% | Stacks: 1 | Value: 1.500 | Remaining Turns: 1 | TickDown: DPS, PERM | Target: DPS | Affects: ['ALL']
        GilgameshInterestSPD | SPD% | Stacks: 1 | Value: 1.400 | Remaining Turns: 1 | TickDown: SUP2, PERM | Target: DPS | Affects: ['ALL']
        MasterSmithComburent | DMG% | Stacks: 1 | Value: 0.150 | Remaining Turns: 2 | TickDown: DPS, END | Target: DPS | Affects: ['ALL']
        MortenaxBladeDMGBoost | DMG% | Stacks: 1 | Value: 0.500 | Remaining Turns: 1 | TickDown: DPS, PERM | Target: DPS | Affects: ['ALL']
        WarriorGoddessHealCD | CD% | Stacks: 1 | Value: 0.150 | Remaining Turns: 1 | TickDown: DPS, START | Target: DPS | Affects: ['ALL']
        HuoHuoUltATK | ATK% | Stacks: 1 | Value: 0.400 | Remaining Turns: 2 | TickDown: DPS, END | Target: DPS | Affects: ['ALL']
        HuoHuoUltExtraATK | ATK% | Stacks: 1 | Value: 0.240 | Remaining Turns: 2 | TickDown: DPS, END | Target: DPS | Affects: ['ALL']
        GilgameshSKLShred | SHRED | Stacks: 1 | Value: 0.300 | Remaining Turns: 3 | TickDown: DPS, END | Target: DPS | Affects: ['ALL']
        ----------End of Buff List----------

        ----------Enemy Debuffs----------
        AshveilBaitShred | From: SUP1 | SHRED | Stacks: 1 | Value: 0.400 | Remaining Turns: 999 | Target: 1 | Targeting: ST | Affects: ['ALL'] | DOT: False | Blast: False
        HuohuoTechniqueDebuff | From: SUS | ATK_REDUCTION | Stacks: 1 | Value: 0.250 | Remaining Turns: 1 | Target: 1 | Targeting: ST | Affects: ['SPECIAL'] | DOT: False | Blast: False
        MortenaxBladeUltVul | From: SUP2 | VULN | Stacks: 1 | Value: 0.500 | Remaining Turns: 2 | Target: 1 | Targeting: ST | Affects: ['ALL'] | DOT: False | Blast: False
        MortenaxBladeUltShred | From: SUP2 | SHRED | Stacks: 1 | Value: 0.300 | Remaining Turns: 2 | Target: 1 | Targeting: ST | Affects: ['ALL'] | DOT: False | Blast: False
        ----------End of Debuff List----------
        ----------Healing List----------
        ----------End of Healing List----------
    GAUGE  - Enemy 1 toughness reduced by 20.000
    GAUGE  - Enemy 0 toughness reduced by 10.000
    GAUGE  - Enemy 2 toughness reduced by 10.000
    RESULT - GilgameshSkill | Gilgamesh | DPS | DMG: 576865.335 | ELADMG: 0.000 | Enemies Hit: [1, 0, 2] | Enemies Broken: [] | WB DMG: 0.000 | Energy: 30.000 | Amount HP Healed: 0.000 | Amount HP Lost: 0.000 | Gilgamesh Energy: 360/360 | SP: 3 | MaxSP: 5)
Ashveil has obtained 2 gluttony stacks from FUA.
MortenaxBlade has obtained 1 Charge. Current Charge count: 6.
    TURN   - AshveilFUA | Ashveil | SUP1 | ST attack | ['LNG'] | ['FUA'] | Scaling: ATK | TargetID: 0 | DMG/BREAK Splits: [2.0, 0]/[5, 0] | Energy Gained: 5 | SP Change: 0

        ----------Char Buffs----------
        GilgameshTrace3ATK | ATK% | Stacks: 1 | Value: 0.200 | Remaining Turns: 1 | TickDown: SUP1, PERM | Target: SUP1 | Affects: ['ALL']
        GilgameshTrace3CD | CD% | Stacks: 1 | Value: 0.200 | Remaining Turns: 1 | TickDown: SUP1, PERM | Target: SUP1 | Affects: ['ALL']
        CruisingBaseCR | CR% | Stacks: 1 | Value: 0.160 | Remaining Turns: 1 | TickDown: SUP1, PERM | Target: SUP1 | Affects: ['ALL']
        DukeDMG | DMG% | Stacks: 1 | Value: 0.200 | Remaining Turns: 1 | TickDown: SUP1, PERM | Target: SUP1 | Affects: ['FUA']
        AshveilTraceCD | CD% | Stacks: 1 | Value: 0.373 | Remaining Turns: 1 | TickDown: SUP1, PERM | Target: SUP1 | Affects: ['ALL']
        AshveilTraceATK | ATK% | Stacks: 1 | Value: 0.100 | Remaining Turns: 1 | TickDown: SUP1, PERM | Target: SUP1 | Affects: ['ALL']
        AshveilTraceDMG | DMG% | Stacks: 1 | Value: 0.144 | Remaining Turns: 1 | TickDown: SUP1, PERM | Target: SUP1 | Affects: ['ALL']
        AshveilTrace2DMG | DMG% | Stacks: 1 | Value: 0.800 | Remaining Turns: 1 | TickDown: SUP1, PERM | Target: SUP1 | Affects: ['FUA']
        AshveilTrace3CD | CD% | Stacks: 1 | Value: 0.400 | Remaining Turns: 1 | TickDown: SUP1, PERM | Target: SUP1 | Affects: ['ALL']
        AshveilTrace3FUACD | CD% | Stacks: 1 | Value: 0.800 | Remaining Turns: 1 | TickDown: SUP1, PERM | Target: SUP1 | Affects: ['FUA']
        KeelCD(SUS) | CD% | Stacks: 1 | Value: 0.100 | Remaining Turns: 1 | TickDown: SUP1, PERM | Target: SUP1 | Affects: ['ALL']
        GilgameshTrace3AllyATK | ATK% | Stacks: 1 | Value: 0.100 | Remaining Turns: 1 | TickDown: SUP1, PERM | Target: SUP1 | Affects: ['ALL']
        GilgameshTrace3AllyCD | CD% | Stacks: 1 | Value: 0.100 | Remaining Turns: 1 | TickDown: SUP1, PERM | Target: SUP1 | Affects: ['ALL']
        MasterSmithComburent | DMG% | Stacks: 1 | Value: 0.150 | Remaining Turns: 1 | TickDown: SUP1, END | Target: SUP1 | Affects: ['ALL']
        DukeATK | ATK% | Stacks: 1 | Value: 0.480 | Remaining Turns: 3 | TickDown: SUP1, END | Target: SUP1 | Affects: ['ALL']
        ConvergingStarsATK | ATK% | Stacks: 1 | Value: 0.240 | Remaining Turns: 2 | TickDown: SUP1, END | Target: SUP1 | Affects: ['ALL']
        MortenaxBladeDMGBoost | DMG% | Stacks: 1 | Value: 0.500 | Remaining Turns: 1 | TickDown: SUP1, PERM | Target: SUP1 | Affects: ['ALL']
        WarriorGoddessHealCD | CD% | Stacks: 1 | Value: 0.150 | Remaining Turns: 2 | TickDown: SUP1, START | Target: SUP1 | Affects: ['ALL']
        AshveilTalentEnergy1 | ERR_F | Stacks: 1 | Value: 8.000 | Remaining Turns: 1 | TickDown: SUP1, END | Target: SUP1 | Affects: ['ALL']
        AshveilTrace2GluttonyDMG | DMG% | Stacks: 1 | Value: 0.300 | Remaining Turns: 1 | TickDown: SUP1, END | Target: SUP1 | Affects: ['FUA']
        ----------End of Buff List----------

        ----------Enemy Debuffs----------
        AshveilBaitShred | From: SUP1 | SHRED | Stacks: 1 | Value: 0.400 | Remaining Turns: 999 | Target: 0 | Targeting: ST | Affects: ['ALL'] | DOT: False | Blast: False
        HuohuoTechniqueDebuff | From: SUS | ATK_REDUCTION | Stacks: 1 | Value: 0.250 | Remaining Turns: 1 | Target: 0 | Targeting: ST | Affects: ['SPECIAL'] | DOT: False | Blast: False
        MortenaxBladeUltVul | From: SUP2 | VULN | Stacks: 1 | Value: 0.500 | Remaining Turns: 2 | Target: 0 | Targeting: ST | Affects: ['ALL'] | DOT: False | Blast: False
        MortenaxBladeUltShred | From: SUP2 | SHRED | Stacks: 1 | Value: 0.300 | Remaining Turns: 2 | Target: 0 | Targeting: ST | Affects: ['ALL'] | DOT: False | Blast: False
        ----------End of Debuff List----------
        ----------Healing List----------
        HuoHuoTalentHealingScaling | Targeting: Targeting.SINGLE | Healing Value: [0] | Target: ALL
        HuoHuoTalentHealingScaling | Targeting: Targeting.SINGLE | Healing Value: [0.045] | Target: ALL
        HuoHuoTalentHealingScaling | Targeting: Targeting.SINGLE | Healing Value: [0] | Target: ALL
        HuoHuoTalentHealingScaling | Targeting: Targeting.SINGLE | Healing Value: [0] | Target: ALL
        HuoHuoTalentHealingFlat | Targeting: Targeting.SINGLE | Healing Value: [0] | Target: ALL
        HuoHuoTalentHealingFlat | Targeting: Targeting.SINGLE | Healing Value: [120] | Target: ALL
        HuoHuoTalentHealingFlat | Targeting: Targeting.SINGLE | Healing Value: [0] | Target: ALL
        HuoHuoTalentHealingFlat | Targeting: Targeting.SINGLE | Healing Value: [0] | Target: ALL
        ----------End of Healing List----------
    GAUGE  - Enemy 0 toughness reduced by 5.000
    RESULT - AshveilFUA | Ashveil | SUP1 | DMG: 107085.298 | ELADMG: 0.000 | Enemies Hit: [0] | Enemies Broken: [] | WB DMG: 0.000 | Energy: 5.000 | Amount HP Healed: 371.779 | Amount HP Lost: 0.000 | Ashveil Energy: 150/150 | SP: 3 | MaxSP: 5)
Gilgamesh Obtained 1 Interest from Teammate, Current count: 1
MortenaxBlade has obtained 1 Charge. Current Charge count: 7.
    TURN   - HuoHuoAllyERR | HuoHuo | SUS | NA attack | ['WIN'] | ['SPECIAL'] | Scaling: HP | TargetID: 1 | DMG/BREAK Splits: [0, 0]/[0, 0] | Energy Gained: 1 | SP Change: 0

        ----------Char Buffs----------
        GilgameshTrace3ATK | ATK% | Stacks: 1 | Value: 0.200 | Remaining Turns: 1 | TickDown: SUS, PERM | Target: SUS | Affects: ['ALL']
        GilgameshTrace3CD | CD% | Stacks: 1 | Value: 0.200 | Remaining Turns: 1 | TickDown: SUS, PERM | Target: SUS | Affects: ['ALL']
        AshveilTrace3CD | CD% | Stacks: 1 | Value: 0.400 | Remaining Turns: 1 | TickDown: SUP1, PERM | Target: SUS | Affects: ['ALL']
        PostOpERR | ERR% | Stacks: 1 | Value: 0.160 | Remaining Turns: 1 | TickDown: SUS, PERM | Target: SUS | Affects: ['ALL']
        WarriorGoddessSPD | SPD% | Stacks: 1 | Value: 0.060 | Remaining Turns: 1 | TickDown: SUS, PERM | Target: SUS | Affects: ['ALL']
        KeelEFFRES | ERS% | Stacks: 1 | Value: 0.100 | Remaining Turns: 1 | TickDown: SUS, PERM | Target: SUS | Affects: ['ALL']
        KeelCD(SUS) | CD% | Stacks: 1 | Value: 0.100 | Remaining Turns: 1 | TickDown: SUS, PERM | Target: SUS | Affects: ['ALL']
        HHTraceHP | HP% | Stacks: 1 | Value: 0.280 | Remaining Turns: 1 | TickDown: SUS, PERM | Target: SUS | Affects: ['ALL']
        HHTraceERS | ERS% | Stacks: 1 | Value: 0.180 | Remaining Turns: 1 | TickDown: SUS, PERM | Target: SUS | Affects: ['ALL']
        HHTraceSPD | SPD | Stacks: 1 | Value: 5.000 | Remaining Turns: 1 | TickDown: SUS, PERM | Target: SUS | Affects: ['ALL']
        MasterSmithComburent | DMG% | Stacks: 1 | Value: 0.150 | Remaining Turns: 1 | TickDown: SUS, END | Target: SUS | Affects: ['ALL']
        MortenaxBladeDMGBoost | DMG% | Stacks: 1 | Value: 0.500 | Remaining Turns: 1 | TickDown: SUS, PERM | Target: SUS | Affects: ['ALL']
        WarriorGoddessHealSPD | SPD% | Stacks: 1 | Value: 0.060 | Remaining Turns: 2 | TickDown: SUS, START | Target: SUS | Affects: ['ALL']
        WarriorGoddessHealCD | CD% | Stacks: 1 | Value: 0.150 | Remaining Turns: 2 | TickDown: SUS, START | Target: SUS | Affects: ['ALL']
        ----------End of Buff List----------

        ----------Enemy Debuffs----------
        AshveilBaitShred | From: SUP1 | SHRED | Stacks: 1 | Value: 0.400 | Remaining Turns: 999 | Target: 1 | Targeting: ST | Affects: ['ALL'] | DOT: False | Blast: False
        HuohuoTechniqueDebuff | From: SUS | ATK_REDUCTION | Stacks: 1 | Value: 0.250 | Remaining Turns: 1 | Target: 1 | Targeting: ST | Affects: ['SPECIAL'] | DOT: False | Blast: False
        MortenaxBladeUltVul | From: SUP2 | VULN | Stacks: 1 | Value: 0.500 | Remaining Turns: 2 | Target: 1 | Targeting: ST | Affects: ['ALL'] | DOT: False | Blast: False
        MortenaxBladeUltShred | From: SUP2 | SHRED | Stacks: 1 | Value: 0.300 | Remaining Turns: 2 | Target: 1 | Targeting: ST | Affects: ['ALL'] | DOT: False | Blast: False
        ----------End of Debuff List----------
        ----------Healing List----------
        ----------End of Healing List----------
    GAUGE  - Enemy 1 toughness reduced by 0.000
    RESULT - HuoHuoAllyERR | HuoHuo | SUS | DMG: 0.000 | ELADMG: 0.000 | Enemies Hit: [1] | Enemies Broken: [] | WB DMG: 0.000 | Energy: 1.354 | Amount HP Healed: 0.000 | Amount HP Lost: 0.000 | HuoHuo Energy: 23/140 | SP: 3 | MaxSP: 5)
ERR    > 8.000 energy added to Ashveil from AshveilTalentEnergy1 | Ashveil Energy: 150.000
ULT    > Gilgamesh used their ultimate
Gilgamesh Obtained 2 Interest from Ult, Current count: 3
Gilgamesh JointCounter increased by one, current count: 2
    TURN   - GilgameshUltAll | Gilgamesh | DPS | AOE attack | ['LNG'] | ['ULT'] | Scaling: ATK | TargetID: 1 | DMG/BREAK Splits: [4.0, 0]/[40, 0] | Energy Gained: 0 | SP Change: 0

        ----------Char Buffs----------
        ScholarCR | CR% | Stacks: 1 | Value: 0.080 | Remaining Turns: 1 | TickDown: DPS, PERM | Target: DPS | Affects: ['ALL']
        ScholarDMG | DMG% | Stacks: 1 | Value: 0.200 | Remaining Turns: 1 | TickDown: DPS, PERM | Target: DPS | Affects: ['SKL', 'ULT']
        GilgameshTraceATK | ATK | Stacks: 1 | Value: 0.180 | Remaining Turns: 1 | TickDown: DPS, PERM | Target: DPS | Affects: ['ALL']
        GilgameshTraceCR | CR% | Stacks: 1 | Value: 0.187 | Remaining Turns: 1 | TickDown: DPS, PERM | Target: DPS | Affects: ['ALL']
        GilgameshTraceDMG | DMG% | Stacks: 1 | Value: 0.080 | Remaining Turns: 1 | TickDown: DPS, PERM | Target: DPS | Affects: ['ALL']
        GilgameshTrace3ATK | ATK% | Stacks: 1 | Value: 0.200 | Remaining Turns: 1 | TickDown: DPS, PERM | Target: DPS | Affects: ['ALL']
        GilgameshTrace3CD | CD% | Stacks: 1 | Value: 0.200 | Remaining Turns: 1 | TickDown: DPS, PERM | Target: DPS | Affects: ['ALL']
        GilgameshTrace3SelfATK | ATK% | Stacks: 1 | Value: 1.000 | Remaining Turns: 1 | TickDown: DPS, PERM | Target: DPS | Affects: ['ALL']
        GilgameshTrace3SelfCD | CD% | Stacks: 1 | Value: 1.000 | Remaining Turns: 1 | TickDown: DPS, PERM | Target: DPS | Affects: ['ALL']
        AshveilTrace3CD | CD% | Stacks: 1 | Value: 0.400 | Remaining Turns: 1 | TickDown: SUP1, PERM | Target: DPS | Affects: ['ALL']
        LushakaATK(SUP2) | ATK% | Stacks: 1 | Value: 0.120 | Remaining Turns: 1 | TickDown: DPS, PERM | Target: DPS | Affects: ['ALL']
        KeelCD(SUS) | CD% | Stacks: 1 | Value: 0.100 | Remaining Turns: 1 | TickDown: DPS, PERM | Target: DPS | Affects: ['ALL']
        CosmicLifeDMG | DMG% | Stacks: 1 | Value: 0.320 | Remaining Turns: 1 | TickDown: DPS, PERM | Target: DPS | Affects: ['ALL']
        Trace2CDExtra | CD% | Stacks: 1 | Value: 1.500 | Remaining Turns: 1 | TickDown: DPS, PERM | Target: DPS | Affects: ['ALL']
        GilgameshInterestSPD | SPD% | Stacks: 1 | Value: 0.100 | Remaining Turns: 1 | TickDown: SUP2, PERM | Target: DPS | Affects: ['ALL']
        MasterSmithComburent | DMG% | Stacks: 1 | Value: 0.150 | Remaining Turns: 2 | TickDown: DPS, END | Target: DPS | Affects: ['ALL']
        MortenaxBladeDMGBoost | DMG% | Stacks: 1 | Value: 0.500 | Remaining Turns: 1 | TickDown: DPS, PERM | Target: DPS | Affects: ['ALL']
        GilgameshUltDmg | DMG% | Stacks: 1 | Value: 0.400 | Remaining Turns: 3 | TickDown: DPS, END | Target: DPS | Affects: ['ULT']
        WarriorGoddessHealCD | CD% | Stacks: 1 | Value: 0.150 | Remaining Turns: 1 | TickDown: DPS, START | Target: DPS | Affects: ['ALL']
        HuoHuoUltATK | ATK% | Stacks: 1 | Value: 0.400 | Remaining Turns: 2 | TickDown: DPS, END | Target: DPS | Affects: ['ALL']
        HuoHuoUltExtraATK | ATK% | Stacks: 1 | Value: 0.240 | Remaining Turns: 2 | TickDown: DPS, END | Target: DPS | Affects: ['ALL']
        GilgameshSKLShred | SHRED | Stacks: 1 | Value: 0.300 | Remaining Turns: 3 | TickDown: DPS, END | Target: DPS | Affects: ['ALL']
        AeonATK | ATK% | Stacks: 1 | Value: 0.160 | Remaining Turns: 1 | TickDown: DPS, PERM | Target: DPS | Affects: ['ALL']
        ----------End of Buff List----------

        ----------Enemy Debuffs----------
        AshveilBaitShred | From: SUP1 | SHRED | Stacks: 1 | Value: 0.400 | Remaining Turns: 999 | Target: 1 | Targeting: ST | Affects: ['ALL'] | DOT: False | Blast: False
        HuohuoTechniqueDebuff | From: SUS | ATK_REDUCTION | Stacks: 1 | Value: 0.250 | Remaining Turns: 1 | Target: 1 | Targeting: ST | Affects: ['SPECIAL'] | DOT: False | Blast: False
        MortenaxBladeUltVul | From: SUP2 | VULN | Stacks: 1 | Value: 0.500 | Remaining Turns: 2 | Target: 1 | Targeting: ST | Affects: ['ALL'] | DOT: False | Blast: False
        MortenaxBladeUltShred | From: SUP2 | SHRED | Stacks: 1 | Value: 0.300 | Remaining Turns: 2 | Target: 1 | Targeting: ST | Affects: ['ALL'] | DOT: False | Blast: False
        ----------End of Debuff List----------
        ----------Healing List----------
        ----------End of Healing List----------
    GAUGE  - Enemy 0 toughness reduced by 40.000
    GAUGE  - Enemy 1 toughness reduced by 40.000
    GAUGE  - Enemy 2 toughness reduced by 40.000
    RESULT - GilgameshUltAll | Gilgamesh | DPS | DMG: 1477056.544 | ELADMG: 0.000 | Enemies Hit: [0, 1, 2] | Enemies Broken: [] | WB DMG: 0.000 | Energy: 0.000 | Amount HP Healed: 0.000 | Amount HP Lost: 0.000 | Gilgamesh Energy: 0/360 | SP: 3 | MaxSP: 5)
Ashveil has obtained 2 gluttony stacks from FUA.
MortenaxBlade has obtained 1 Charge. Current Charge count: 8.
    TURN   - GilgameshUltSingle | Gilgamesh | DPS | ST attack | ['LNG'] | ['ULT'] | Scaling: ATK | TargetID: 1 | DMG/BREAK Splits: [10.0, 0]/[20, 0] | Energy Gained: 5 | SP Change: 0

        ----------Char Buffs----------
        ScholarCR | CR% | Stacks: 1 | Value: 0.080 | Remaining Turns: 1 | TickDown: DPS, PERM | Target: DPS | Affects: ['ALL']
        ScholarDMG | DMG% | Stacks: 1 | Value: 0.200 | Remaining Turns: 1 | TickDown: DPS, PERM | Target: DPS | Affects: ['SKL', 'ULT']
        GilgameshTraceATK | ATK | Stacks: 1 | Value: 0.180 | Remaining Turns: 1 | TickDown: DPS, PERM | Target: DPS | Affects: ['ALL']
        GilgameshTraceCR | CR% | Stacks: 1 | Value: 0.187 | Remaining Turns: 1 | TickDown: DPS, PERM | Target: DPS | Affects: ['ALL']
        GilgameshTraceDMG | DMG% | Stacks: 1 | Value: 0.080 | Remaining Turns: 1 | TickDown: DPS, PERM | Target: DPS | Affects: ['ALL']
        GilgameshTrace3ATK | ATK% | Stacks: 1 | Value: 0.200 | Remaining Turns: 1 | TickDown: DPS, PERM | Target: DPS | Affects: ['ALL']
        GilgameshTrace3CD | CD% | Stacks: 1 | Value: 0.200 | Remaining Turns: 1 | TickDown: DPS, PERM | Target: DPS | Affects: ['ALL']
        GilgameshTrace3SelfATK | ATK% | Stacks: 1 | Value: 1.000 | Remaining Turns: 1 | TickDown: DPS, PERM | Target: DPS | Affects: ['ALL']
        GilgameshTrace3SelfCD | CD% | Stacks: 1 | Value: 1.000 | Remaining Turns: 1 | TickDown: DPS, PERM | Target: DPS | Affects: ['ALL']
        AshveilTrace3CD | CD% | Stacks: 1 | Value: 0.400 | Remaining Turns: 1 | TickDown: SUP1, PERM | Target: DPS | Affects: ['ALL']
        LushakaATK(SUP2) | ATK% | Stacks: 1 | Value: 0.120 | Remaining Turns: 1 | TickDown: DPS, PERM | Target: DPS | Affects: ['ALL']
        KeelCD(SUS) | CD% | Stacks: 1 | Value: 0.100 | Remaining Turns: 1 | TickDown: DPS, PERM | Target: DPS | Affects: ['ALL']
        CosmicLifeDMG | DMG% | Stacks: 1 | Value: 0.320 | Remaining Turns: 1 | TickDown: DPS, PERM | Target: DPS | Affects: ['ALL']
        Trace2CDExtra | CD% | Stacks: 1 | Value: 1.500 | Remaining Turns: 1 | TickDown: DPS, PERM | Target: DPS | Affects: ['ALL']
        GilgameshInterestSPD | SPD% | Stacks: 1 | Value: 0.300 | Remaining Turns: 1 | TickDown: SUP2, PERM | Target: DPS | Affects: ['ALL']
        MasterSmithComburent | DMG% | Stacks: 1 | Value: 0.150 | Remaining Turns: 2 | TickDown: DPS, END | Target: DPS | Affects: ['ALL']
        MortenaxBladeDMGBoost | DMG% | Stacks: 1 | Value: 0.500 | Remaining Turns: 1 | TickDown: DPS, PERM | Target: DPS | Affects: ['ALL']
        GilgameshUltDmg | DMG% | Stacks: 1 | Value: 0.400 | Remaining Turns: 3 | TickDown: DPS, END | Target: DPS | Affects: ['ULT']
        WarriorGoddessHealCD | CD% | Stacks: 1 | Value: 0.150 | Remaining Turns: 1 | TickDown: DPS, START | Target: DPS | Affects: ['ALL']
        HuoHuoUltATK | ATK% | Stacks: 1 | Value: 0.400 | Remaining Turns: 2 | TickDown: DPS, END | Target: DPS | Affects: ['ALL']
        HuoHuoUltExtraATK | ATK% | Stacks: 1 | Value: 0.240 | Remaining Turns: 2 | TickDown: DPS, END | Target: DPS | Affects: ['ALL']
        GilgameshSKLShred | SHRED | Stacks: 1 | Value: 0.300 | Remaining Turns: 3 | TickDown: DPS, END | Target: DPS | Affects: ['ALL']
        AeonATK | ATK% | Stacks: 1 | Value: 0.320 | Remaining Turns: 1 | TickDown: DPS, PERM | Target: DPS | Affects: ['ALL']
        ----------End of Buff List----------

        ----------Enemy Debuffs----------
        AshveilBaitShred | From: SUP1 | SHRED | Stacks: 1 | Value: 0.400 | Remaining Turns: 999 | Target: 1 | Targeting: ST | Affects: ['ALL'] | DOT: False | Blast: False
        HuohuoTechniqueDebuff | From: SUS | ATK_REDUCTION | Stacks: 1 | Value: 0.250 | Remaining Turns: 1 | Target: 1 | Targeting: ST | Affects: ['SPECIAL'] | DOT: False | Blast: False
        MortenaxBladeUltVul | From: SUP2 | VULN | Stacks: 1 | Value: 0.500 | Remaining Turns: 2 | Target: 1 | Targeting: ST | Affects: ['ALL'] | DOT: False | Blast: False
        MortenaxBladeUltShred | From: SUP2 | SHRED | Stacks: 1 | Value: 0.300 | Remaining Turns: 2 | Target: 1 | Targeting: ST | Affects: ['ALL'] | DOT: False | Blast: False
        ----------End of Debuff List----------
        ----------Healing List----------
        HuoHuoTalentHealingScaling | Targeting: Targeting.SINGLE | Healing Value: [0] | Target: ALL
        HuoHuoTalentHealingScaling | Targeting: Targeting.SINGLE | Healing Value: [0.045] | Target: ALL
        HuoHuoTalentHealingScaling | Targeting: Targeting.SINGLE | Healing Value: [0] | Target: ALL
        HuoHuoTalentHealingScaling | Targeting: Targeting.SINGLE | Healing Value: [0] | Target: ALL
        HuoHuoTalentHealingFlat | Targeting: Targeting.SINGLE | Healing Value: [0] | Target: ALL
        HuoHuoTalentHealingFlat | Targeting: Targeting.SINGLE | Healing Value: [120] | Target: ALL
        HuoHuoTalentHealingFlat | Targeting: Targeting.SINGLE | Healing Value: [0] | Target: ALL
        HuoHuoTalentHealingFlat | Targeting: Targeting.SINGLE | Healing Value: [0] | Target: ALL
        ----------End of Healing List----------
    GAUGE  - Enemy 1 toughness reduced by 20.000
    RESULT - GilgameshUltSingle | Gilgamesh | DPS | DMG: 1275495.154 | ELADMG: 0.000 | Enemies Hit: [1] | Enemies Broken: [] | WB DMG: 0.000 | Energy: 5.000 | Amount HP Healed: 438.089 | Amount HP Lost: 0.000 | Gilgamesh Energy: 5/360 | SP: 3 | MaxSP: 5)
    TURN   - AshveilFUA | Ashveil | SUP1 | ST attack | ['LNG'] | ['FUA'] | Scaling: ATK | TargetID: 0 | DMG/BREAK Splits: [2.0, 0]/[5, 0] | Energy Gained: 5 | SP Change: 0

        ----------Char Buffs----------
        GilgameshTrace3ATK | ATK% | Stacks: 1 | Value: 0.200 | Remaining Turns: 1 | TickDown: SUP1, PERM | Target: SUP1 | Affects: ['ALL']
        GilgameshTrace3CD | CD% | Stacks: 1 | Value: 0.200 | Remaining Turns: 1 | TickDown: SUP1, PERM | Target: SUP1 | Affects: ['ALL']
        CruisingBaseCR | CR% | Stacks: 1 | Value: 0.160 | Remaining Turns: 1 | TickDown: SUP1, PERM | Target: SUP1 | Affects: ['ALL']
        DukeDMG | DMG% | Stacks: 1 | Value: 0.200 | Remaining Turns: 1 | TickDown: SUP1, PERM | Target: SUP1 | Affects: ['FUA']
        AshveilTraceCD | CD% | Stacks: 1 | Value: 0.373 | Remaining Turns: 1 | TickDown: SUP1, PERM | Target: SUP1 | Affects: ['ALL']
        AshveilTraceATK | ATK% | Stacks: 1 | Value: 0.100 | Remaining Turns: 1 | TickDown: SUP1, PERM | Target: SUP1 | Affects: ['ALL']
        AshveilTraceDMG | DMG% | Stacks: 1 | Value: 0.144 | Remaining Turns: 1 | TickDown: SUP1, PERM | Target: SUP1 | Affects: ['ALL']
        AshveilTrace2DMG | DMG% | Stacks: 1 | Value: 0.800 | Remaining Turns: 1 | TickDown: SUP1, PERM | Target: SUP1 | Affects: ['FUA']
        AshveilTrace3CD | CD% | Stacks: 1 | Value: 0.400 | Remaining Turns: 1 | TickDown: SUP1, PERM | Target: SUP1 | Affects: ['ALL']
        AshveilTrace3FUACD | CD% | Stacks: 1 | Value: 0.800 | Remaining Turns: 1 | TickDown: SUP1, PERM | Target: SUP1 | Affects: ['FUA']
        KeelCD(SUS) | CD% | Stacks: 1 | Value: 0.100 | Remaining Turns: 1 | TickDown: SUP1, PERM | Target: SUP1 | Affects: ['ALL']
        GilgameshTrace3AllyATK | ATK% | Stacks: 1 | Value: 0.100 | Remaining Turns: 1 | TickDown: SUP1, PERM | Target: SUP1 | Affects: ['ALL']
        GilgameshTrace3AllyCD | CD% | Stacks: 1 | Value: 0.100 | Remaining Turns: 1 | TickDown: SUP1, PERM | Target: SUP1 | Affects: ['ALL']
        MasterSmithComburent | DMG% | Stacks: 1 | Value: 0.150 | Remaining Turns: 1 | TickDown: SUP1, END | Target: SUP1 | Affects: ['ALL']
        DukeATK | ATK% | Stacks: 1 | Value: 0.480 | Remaining Turns: 3 | TickDown: SUP1, END | Target: SUP1 | Affects: ['ALL']
        ConvergingStarsATK | ATK% | Stacks: 1 | Value: 0.240 | Remaining Turns: 2 | TickDown: SUP1, END | Target: SUP1 | Affects: ['ALL']
        MortenaxBladeDMGBoost | DMG% | Stacks: 1 | Value: 0.500 | Remaining Turns: 1 | TickDown: SUP1, PERM | Target: SUP1 | Affects: ['ALL']
        WarriorGoddessHealCD | CD% | Stacks: 1 | Value: 0.150 | Remaining Turns: 2 | TickDown: SUP1, START | Target: SUP1 | Affects: ['ALL']
        AshveilTrace2GluttonyDMG | DMG% | Stacks: 1 | Value: 0.500 | Remaining Turns: 1 | TickDown: SUP1, END | Target: SUP1 | Affects: ['FUA']
        AshveilTalentEnergy2 | ERR_F | Stacks: 1 | Value: 8.000 | Remaining Turns: 1 | TickDown: SUP1, END | Target: SUP1 | Affects: ['ALL']
        ----------End of Buff List----------

        ----------Enemy Debuffs----------
        AshveilBaitShred | From: SUP1 | SHRED | Stacks: 1 | Value: 0.400 | Remaining Turns: 999 | Target: 0 | Targeting: ST | Affects: ['ALL'] | DOT: False | Blast: False
        HuohuoTechniqueDebuff | From: SUS | ATK_REDUCTION | Stacks: 1 | Value: 0.250 | Remaining Turns: 1 | Target: 0 | Targeting: ST | Affects: ['SPECIAL'] | DOT: False | Blast: False
        MortenaxBladeUltVul | From: SUP2 | VULN | Stacks: 1 | Value: 0.500 | Remaining Turns: 2 | Target: 0 | Targeting: ST | Affects: ['ALL'] | DOT: False | Blast: False
        MortenaxBladeUltShred | From: SUP2 | SHRED | Stacks: 1 | Value: 0.300 | Remaining Turns: 2 | Target: 0 | Targeting: ST | Affects: ['ALL'] | DOT: False | Blast: False
        ----------End of Debuff List----------
        ----------Healing List----------
        ----------End of Healing List----------
    GAUGE  - Enemy 0 toughness reduced by 5.000
    RESULT - AshveilFUA | Ashveil | SUP1 | DMG: 114007.424 | ELADMG: 0.000 | Enemies Hit: [0] | Enemies Broken: [] | WB DMG: 0.000 | Energy: 5.000 | Amount HP Healed: 0.000 | Amount HP Lost: 0.000 | Ashveil Energy: 150/150 | SP: 3 | MaxSP: 5)
Gilgamesh Obtained 1 Interest from Teammate, Current count: 4
MortenaxBlade has obtained 1 Charge. Current Charge count: 9.
MortenaxBlade has obtained 1 Charge. Current Charge count: 1.
    TURN   - HuoHuoAllyERR | HuoHuo | SUS | NA attack | ['WIN'] | ['SPECIAL'] | Scaling: HP | TargetID: 1 | DMG/BREAK Splits: [0, 0]/[0, 0] | Energy Gained: 1 | SP Change: 0

        ----------Char Buffs----------
        GilgameshTrace3ATK | ATK% | Stacks: 1 | Value: 0.200 | Remaining Turns: 1 | TickDown: SUS, PERM | Target: SUS | Affects: ['ALL']
        GilgameshTrace3CD | CD% | Stacks: 1 | Value: 0.200 | Remaining Turns: 1 | TickDown: SUS, PERM | Target: SUS | Affects: ['ALL']
        AshveilTrace3CD | CD% | Stacks: 1 | Value: 0.400 | Remaining Turns: 1 | TickDown: SUP1, PERM | Target: SUS | Affects: ['ALL']
        PostOpERR | ERR% | Stacks: 1 | Value: 0.160 | Remaining Turns: 1 | TickDown: SUS, PERM | Target: SUS | Affects: ['ALL']
        WarriorGoddessSPD | SPD% | Stacks: 1 | Value: 0.060 | Remaining Turns: 1 | TickDown: SUS, PERM | Target: SUS | Affects: ['ALL']
        KeelEFFRES | ERS% | Stacks: 1 | Value: 0.100 | Remaining Turns: 1 | TickDown: SUS, PERM | Target: SUS | Affects: ['ALL']
        KeelCD(SUS) | CD% | Stacks: 1 | Value: 0.100 | Remaining Turns: 1 | TickDown: SUS, PERM | Target: SUS | Affects: ['ALL']
        HHTraceHP | HP% | Stacks: 1 | Value: 0.280 | Remaining Turns: 1 | TickDown: SUS, PERM | Target: SUS | Affects: ['ALL']
        HHTraceERS | ERS% | Stacks: 1 | Value: 0.180 | Remaining Turns: 1 | TickDown: SUS, PERM | Target: SUS | Affects: ['ALL']
        HHTraceSPD | SPD | Stacks: 1 | Value: 5.000 | Remaining Turns: 1 | TickDown: SUS, PERM | Target: SUS | Affects: ['ALL']
        MasterSmithComburent | DMG% | Stacks: 1 | Value: 0.150 | Remaining Turns: 1 | TickDown: SUS, END | Target: SUS | Affects: ['ALL']
        MortenaxBladeDMGBoost | DMG% | Stacks: 1 | Value: 0.500 | Remaining Turns: 1 | TickDown: SUS, PERM | Target: SUS | Affects: ['ALL']
        WarriorGoddessHealSPD | SPD% | Stacks: 1 | Value: 0.060 | Remaining Turns: 2 | TickDown: SUS, START | Target: SUS | Affects: ['ALL']
        WarriorGoddessHealCD | CD% | Stacks: 1 | Value: 0.150 | Remaining Turns: 2 | TickDown: SUS, START | Target: SUS | Affects: ['ALL']
        ----------End of Buff List----------

        ----------Enemy Debuffs----------
        AshveilBaitShred | From: SUP1 | SHRED | Stacks: 1 | Value: 0.400 | Remaining Turns: 999 | Target: 1 | Targeting: ST | Affects: ['ALL'] | DOT: False | Blast: False
        HuohuoTechniqueDebuff | From: SUS | ATK_REDUCTION | Stacks: 1 | Value: 0.250 | Remaining Turns: 1 | Target: 1 | Targeting: ST | Affects: ['SPECIAL'] | DOT: False | Blast: False
        MortenaxBladeUltVul | From: SUP2 | VULN | Stacks: 1 | Value: 0.500 | Remaining Turns: 2 | Target: 1 | Targeting: ST | Affects: ['ALL'] | DOT: False | Blast: False
        MortenaxBladeUltShred | From: SUP2 | SHRED | Stacks: 1 | Value: 0.300 | Remaining Turns: 2 | Target: 1 | Targeting: ST | Affects: ['ALL'] | DOT: False | Blast: False
        ----------End of Debuff List----------
        ----------Healing List----------
        ----------End of Healing List----------
    GAUGE  - Enemy 1 toughness reduced by 0.000
    RESULT - HuoHuoAllyERR | HuoHuo | SUS | DMG: 0.000 | ELADMG: 0.000 | Enemies Hit: [1] | Enemies Broken: [] | WB DMG: 0.000 | Energy: 1.354 | Amount HP Healed: 0.000 | Amount HP Lost: 0.000 | HuoHuo Energy: 24/140 | SP: 3 | MaxSP: 5)
    TURN   - MortenaxBladeAOEFUA | MortenaxBlade | SUP2 | AOE attack | ['FIR'] | ['FUA'] | Scaling: HP | TargetID: 1 | DMG/BREAK Splits: [0.72, 0]/[10, 0] | Energy Gained: 25 | SP Change: 0

        ----------Char Buffs----------
        GilgameshTrace3ATK | ATK% | Stacks: 1 | Value: 0.200 | Remaining Turns: 1 | TickDown: SUP2, PERM | Target: SUP2 | Affects: ['ALL']
        GilgameshTrace3CD | CD% | Stacks: 1 | Value: 0.200 | Remaining Turns: 1 | TickDown: SUP2, PERM | Target: SUP2 | Affects: ['ALL']
        AshveilTrace3CD | CD% | Stacks: 1 | Value: 0.400 | Remaining Turns: 1 | TickDown: SUP1, PERM | Target: SUP2 | Affects: ['ALL']
        AshveilTrace3FUACD | CD% | Stacks: 1 | Value: 0.800 | Remaining Turns: 1 | TickDown: SUP1, PERM | Target: SUP2 | Affects: ['FUA']
        TutorialEHR | EHR% | Stacks: 1 | Value: 0.400 | Remaining Turns: 1 | TickDown: SUP2, PERM | Target: SUP2 | Affects: ['ALL']
        MasterSmithHP | HP% | Stacks: 1 | Value: 0.120 | Remaining Turns: 1 | TickDown: SUP2, PERM | Target: SUP2 | Affects: ['ALL']
        LushakaERR | ERR% | Stacks: 1 | Value: 0.050 | Remaining Turns: 1 | TickDown: SUP2, PERM | Target: SUP2 | Affects: ['ALL']
        MortenaxBladeTraceCR | CR% | Stacks: 1 | Value: 0.120 | Remaining Turns: 1 | TickDown: SUP2, PERM | Target: SUP2 | Affects: ['ALL']
        MortenaxBladeTraceHP | HP% | Stacks: 1 | Value: 0.100 | Remaining Turns: 1 | TickDown: SUP2, PERM | Target: SUP2 | Affects: ['ALL']
        MortenaxBladeTraceDMG | DMG% | Stacks: 1 | Value: 0.224 | Remaining Turns: 1 | TickDown: SUP2, PERM | Target: SUP2 | Affects: ['ALL']
        KeelCD(SUS) | CD% | Stacks: 1 | Value: 0.100 | Remaining Turns: 1 | TickDown: SUP2, PERM | Target: SUP2 | Affects: ['ALL']
        MortenaxBladeTechDMGReduction | DMG_REDUCTION | Stacks: 1 | Value: 0.900 | Remaining Turns: 1 | TickDown: SUP2, END | Target: SUP2 | Affects: ['ALL']
        MasterSmithCD | CD% | Stacks: 1 | Value: 0.280 | Remaining Turns: 1 | TickDown: SUP2, PERM | Target: SUP2 | Affects: ['ALL']
        MasterSmithComburent | DMG% | Stacks: 1 | Value: 0.150 | Remaining Turns: 1 | TickDown: SUP2, END | Target: SUP2 | Affects: ['ALL']
        MortenaxBladeCRBoost | CR% | Stacks: 1 | Value: 0.200 | Remaining Turns: 1 | TickDown: SUP2, PERM | Target: SUP2 | Affects: ['ALL']
        MortenaxBladeCDBoost | CD% | Stacks: 1 | Value: 0.600 | Remaining Turns: 1 | TickDown: SUP2, PERM | Target: SUP2 | Affects: ['ALL']
        MortenaxBladeDMGReduction | DMG_REDUCTION | Stacks: 1 | Value: 0.500 | Remaining Turns: 1 | TickDown: SUP2, PERM | Target: SUP2 | Affects: ['ALL']
        MortenaxBladeDMGBoost | DMG% | Stacks: 1 | Value: 0.500 | Remaining Turns: 1 | TickDown: SUP2, PERM | Target: SUP2 | Affects: ['ALL']
        MortenaxBladeDMG | DMG% | Stacks: 1 | Value: 0.750 | Remaining Turns: 1 | TickDown: SUP2, PERM | Target: SUP2 | Affects: ['ALL']
        WarriorGoddessHealCD | CD% | Stacks: 1 | Value: 0.150 | Remaining Turns: 2 | TickDown: SUP2, START | Target: SUP2 | Affects: ['ALL']
        HuoHuoUltATK | ATK% | Stacks: 1 | Value: 0.400 | Remaining Turns: 2 | TickDown: SUP2, END | Target: SUP2 | Affects: ['ALL']
        HuoHuoUltExtraATK | ATK% | Stacks: 1 | Value: 0.240 | Remaining Turns: 2 | TickDown: SUP2, END | Target: SUP2 | Affects: ['ALL']
        ----------End of Buff List----------

        ----------Enemy Debuffs----------
        AshveilBaitShred | From: SUP1 | SHRED | Stacks: 1 | Value: 0.400 | Remaining Turns: 999 | Target: 1 | Targeting: ST | Affects: ['ALL'] | DOT: False | Blast: False
        HuohuoTechniqueDebuff | From: SUS | ATK_REDUCTION | Stacks: 1 | Value: 0.250 | Remaining Turns: 1 | Target: 1 | Targeting: ST | Affects: ['SPECIAL'] | DOT: False | Blast: False
        MortenaxBladeUltVul | From: SUP2 | VULN | Stacks: 1 | Value: 0.500 | Remaining Turns: 2 | Target: 1 | Targeting: ST | Affects: ['ALL'] | DOT: False | Blast: False
        MortenaxBladeUltShred | From: SUP2 | SHRED | Stacks: 1 | Value: 0.300 | Remaining Turns: 2 | Target: 1 | Targeting: ST | Affects: ['ALL'] | DOT: False | Blast: False
        ----------End of Debuff List----------
        ----------Healing List----------
        ----------End of Healing List----------
    GAUGE  - Enemy 0 toughness reduced by 0.000
    GAUGE  - Enemy 1 toughness reduced by 0.000
    GAUGE  - Enemy 2 toughness reduced by 0.000
    RESULT - MortenaxBladeAOEFUA | MortenaxBlade | SUP2 | DMG: 95980.718 | ELADMG: 0.000 | Enemies Hit: [0, 1, 2] | Enemies Broken: [] | WB DMG: 0.000 | Energy: 31.110 | Amount HP Healed: 0.000 | Amount HP Lost: 0.000 | MortenaxBlade Energy: 89/160 | SP: 3 | MaxSP: 5)
Gilgamesh Obtained 1 Interest from Teammate, Current count: 5
    TURN   - MortenaxBladeBounceFUA | MortenaxBlade | SUP2 | ST attack | ['FIR'] | ['FUA'] | Scaling: HP | TargetID: 1 | DMG/BREAK Splits: [0.24, 0]/[5, 0] | Energy Gained: 0 | SP Change: 0

        ----------Char Buffs----------
        GilgameshTrace3ATK | ATK% | Stacks: 1 | Value: 0.200 | Remaining Turns: 1 | TickDown: SUP2, PERM | Target: SUP2 | Affects: ['ALL']
        GilgameshTrace3CD | CD% | Stacks: 1 | Value: 0.200 | Remaining Turns: 1 | TickDown: SUP2, PERM | Target: SUP2 | Affects: ['ALL']
        AshveilTrace3CD | CD% | Stacks: 1 | Value: 0.400 | Remaining Turns: 1 | TickDown: SUP1, PERM | Target: SUP2 | Affects: ['ALL']
        AshveilTrace3FUACD | CD% | Stacks: 1 | Value: 0.800 | Remaining Turns: 1 | TickDown: SUP1, PERM | Target: SUP2 | Affects: ['FUA']
        TutorialEHR | EHR% | Stacks: 1 | Value: 0.400 | Remaining Turns: 1 | TickDown: SUP2, PERM | Target: SUP2 | Affects: ['ALL']
        MasterSmithHP | HP% | Stacks: 1 | Value: 0.120 | Remaining Turns: 1 | TickDown: SUP2, PERM | Target: SUP2 | Affects: ['ALL']
        LushakaERR | ERR% | Stacks: 1 | Value: 0.050 | Remaining Turns: 1 | TickDown: SUP2, PERM | Target: SUP2 | Affects: ['ALL']
        MortenaxBladeTraceCR | CR% | Stacks: 1 | Value: 0.120 | Remaining Turns: 1 | TickDown: SUP2, PERM | Target: SUP2 | Affects: ['ALL']
        MortenaxBladeTraceHP | HP% | Stacks: 1 | Value: 0.100 | Remaining Turns: 1 | TickDown: SUP2, PERM | Target: SUP2 | Affects: ['ALL']
        MortenaxBladeTraceDMG | DMG% | Stacks: 1 | Value: 0.224 | Remaining Turns: 1 | TickDown: SUP2, PERM | Target: SUP2 | Affects: ['ALL']
        KeelCD(SUS) | CD% | Stacks: 1 | Value: 0.100 | Remaining Turns: 1 | TickDown: SUP2, PERM | Target: SUP2 | Affects: ['ALL']
        MortenaxBladeTechDMGReduction | DMG_REDUCTION | Stacks: 1 | Value: 0.900 | Remaining Turns: 1 | TickDown: SUP2, END | Target: SUP2 | Affects: ['ALL']
        MasterSmithCD | CD% | Stacks: 1 | Value: 0.280 | Remaining Turns: 1 | TickDown: SUP2, PERM | Target: SUP2 | Affects: ['ALL']
        MasterSmithComburent | DMG% | Stacks: 1 | Value: 0.150 | Remaining Turns: 2 | TickDown: SUP2, END | Target: SUP2 | Affects: ['ALL']
        MortenaxBladeCRBoost | CR% | Stacks: 1 | Value: 0.200 | Remaining Turns: 1 | TickDown: SUP2, PERM | Target: SUP2 | Affects: ['ALL']
        MortenaxBladeCDBoost | CD% | Stacks: 1 | Value: 0.600 | Remaining Turns: 1 | TickDown: SUP2, PERM | Target: SUP2 | Affects: ['ALL']
        MortenaxBladeDMGReduction | DMG_REDUCTION | Stacks: 1 | Value: 0.500 | Remaining Turns: 1 | TickDown: SUP2, PERM | Target: SUP2 | Affects: ['ALL']
        MortenaxBladeDMGBoost | DMG% | Stacks: 1 | Value: 0.500 | Remaining Turns: 1 | TickDown: SUP2, PERM | Target: SUP2 | Affects: ['ALL']
        MortenaxBladeDMG | DMG% | Stacks: 1 | Value: 0.750 | Remaining Turns: 1 | TickDown: SUP2, PERM | Target: SUP2 | Affects: ['ALL']
        WarriorGoddessHealCD | CD% | Stacks: 1 | Value: 0.150 | Remaining Turns: 2 | TickDown: SUP2, START | Target: SUP2 | Affects: ['ALL']
        HuoHuoUltATK | ATK% | Stacks: 1 | Value: 0.400 | Remaining Turns: 2 | TickDown: SUP2, END | Target: SUP2 | Affects: ['ALL']
        HuoHuoUltExtraATK | ATK% | Stacks: 1 | Value: 0.240 | Remaining Turns: 2 | TickDown: SUP2, END | Target: SUP2 | Affects: ['ALL']
        TutorialERR | ERR_T | Stacks: 1 | Value: 8.000 | Remaining Turns: 1 | TickDown: SUP2, START | Target: SUP2 | Affects: ['ALL']
        ----------End of Buff List----------

        ----------Enemy Debuffs----------
        AshveilBaitShred | From: SUP1 | SHRED | Stacks: 1 | Value: 0.400 | Remaining Turns: 999 | Target: 1 | Targeting: ST | Affects: ['ALL'] | DOT: False | Blast: False
        HuohuoTechniqueDebuff | From: SUS | ATK_REDUCTION | Stacks: 1 | Value: 0.250 | Remaining Turns: 1 | Target: 1 | Targeting: ST | Affects: ['SPECIAL'] | DOT: False | Blast: False
        MortenaxBladeUltVul | From: SUP2 | VULN | Stacks: 1 | Value: 0.500 | Remaining Turns: 2 | Target: 1 | Targeting: ST | Affects: ['ALL'] | DOT: False | Blast: False
        MortenaxBladeUltShred | From: SUP2 | SHRED | Stacks: 1 | Value: 0.300 | Remaining Turns: 2 | Target: 1 | Targeting: ST | Affects: ['ALL'] | DOT: False | Blast: False
        ----------End of Debuff List----------
        ----------Healing List----------
        ----------End of Healing List----------
    GAUGE  - Enemy 1 toughness reduced by 0.000
    RESULT - MortenaxBladeBounceFUA | MortenaxBlade | SUP2 | DMG: 10664.524 | ELADMG: 0.000 | Enemies Hit: [1] | Enemies Broken: [] | WB DMG: 0.000 | Energy: 0.000 | Amount HP Healed: 0.000 | Amount HP Lost: 0.000 | MortenaxBlade Energy: 89/160 | SP: 3 | MaxSP: 5)
    TURN   - MortenaxBladeBounceFUA | MortenaxBlade | SUP2 | ST attack | ['FIR'] | ['FUA'] | Scaling: HP | TargetID: 1 | DMG/BREAK Splits: [0.24, 0]/[5, 0] | Energy Gained: 0 | SP Change: 0

        ----------Char Buffs----------
        GilgameshTrace3ATK | ATK% | Stacks: 1 | Value: 0.200 | Remaining Turns: 1 | TickDown: SUP2, PERM | Target: SUP2 | Affects: ['ALL']
        GilgameshTrace3CD | CD% | Stacks: 1 | Value: 0.200 | Remaining Turns: 1 | TickDown: SUP2, PERM | Target: SUP2 | Affects: ['ALL']
        AshveilTrace3CD | CD% | Stacks: 1 | Value: 0.400 | Remaining Turns: 1 | TickDown: SUP1, PERM | Target: SUP2 | Affects: ['ALL']
        AshveilTrace3FUACD | CD% | Stacks: 1 | Value: 0.800 | Remaining Turns: 1 | TickDown: SUP1, PERM | Target: SUP2 | Affects: ['FUA']
        TutorialEHR | EHR% | Stacks: 1 | Value: 0.400 | Remaining Turns: 1 | TickDown: SUP2, PERM | Target: SUP2 | Affects: ['ALL']
        MasterSmithHP | HP% | Stacks: 1 | Value: 0.120 | Remaining Turns: 1 | TickDown: SUP2, PERM | Target: SUP2 | Affects: ['ALL']
        LushakaERR | ERR% | Stacks: 1 | Value: 0.050 | Remaining Turns: 1 | TickDown: SUP2, PERM | Target: SUP2 | Affects: ['ALL']
        MortenaxBladeTraceCR | CR% | Stacks: 1 | Value: 0.120 | Remaining Turns: 1 | TickDown: SUP2, PERM | Target: SUP2 | Affects: ['ALL']
        MortenaxBladeTraceHP | HP% | Stacks: 1 | Value: 0.100 | Remaining Turns: 1 | TickDown: SUP2, PERM | Target: SUP2 | Affects: ['ALL']
        MortenaxBladeTraceDMG | DMG% | Stacks: 1 | Value: 0.224 | Remaining Turns: 1 | TickDown: SUP2, PERM | Target: SUP2 | Affects: ['ALL']
        KeelCD(SUS) | CD% | Stacks: 1 | Value: 0.100 | Remaining Turns: 1 | TickDown: SUP2, PERM | Target: SUP2 | Affects: ['ALL']
        MortenaxBladeTechDMGReduction | DMG_REDUCTION | Stacks: 1 | Value: 0.900 | Remaining Turns: 1 | TickDown: SUP2, END | Target: SUP2 | Affects: ['ALL']
        MasterSmithCD | CD% | Stacks: 1 | Value: 0.280 | Remaining Turns: 1 | TickDown: SUP2, PERM | Target: SUP2 | Affects: ['ALL']
        MasterSmithComburent | DMG% | Stacks: 1 | Value: 0.150 | Remaining Turns: 2 | TickDown: SUP2, END | Target: SUP2 | Affects: ['ALL']
        MortenaxBladeCRBoost | CR% | Stacks: 1 | Value: 0.200 | Remaining Turns: 1 | TickDown: SUP2, PERM | Target: SUP2 | Affects: ['ALL']
        MortenaxBladeCDBoost | CD% | Stacks: 1 | Value: 0.600 | Remaining Turns: 1 | TickDown: SUP2, PERM | Target: SUP2 | Affects: ['ALL']
        MortenaxBladeDMGReduction | DMG_REDUCTION | Stacks: 1 | Value: 0.500 | Remaining Turns: 1 | TickDown: SUP2, PERM | Target: SUP2 | Affects: ['ALL']
        MortenaxBladeDMGBoost | DMG% | Stacks: 1 | Value: 0.500 | Remaining Turns: 1 | TickDown: SUP2, PERM | Target: SUP2 | Affects: ['ALL']
        MortenaxBladeDMG | DMG% | Stacks: 1 | Value: 0.750 | Remaining Turns: 1 | TickDown: SUP2, PERM | Target: SUP2 | Affects: ['ALL']
        WarriorGoddessHealCD | CD% | Stacks: 1 | Value: 0.150 | Remaining Turns: 2 | TickDown: SUP2, START | Target: SUP2 | Affects: ['ALL']
        HuoHuoUltATK | ATK% | Stacks: 1 | Value: 0.400 | Remaining Turns: 2 | TickDown: SUP2, END | Target: SUP2 | Affects: ['ALL']
        HuoHuoUltExtraATK | ATK% | Stacks: 1 | Value: 0.240 | Remaining Turns: 2 | TickDown: SUP2, END | Target: SUP2 | Affects: ['ALL']
        TutorialERR | ERR_T | Stacks: 1 | Value: 8.000 | Remaining Turns: 1 | TickDown: SUP2, START | Target: SUP2 | Affects: ['ALL']
        ----------End of Buff List----------

        ----------Enemy Debuffs----------
        AshveilBaitShred | From: SUP1 | SHRED | Stacks: 1 | Value: 0.400 | Remaining Turns: 999 | Target: 1 | Targeting: ST | Affects: ['ALL'] | DOT: False | Blast: False
        HuohuoTechniqueDebuff | From: SUS | ATK_REDUCTION | Stacks: 1 | Value: 0.250 | Remaining Turns: 1 | Target: 1 | Targeting: ST | Affects: ['SPECIAL'] | DOT: False | Blast: False
        MortenaxBladeUltVul | From: SUP2 | VULN | Stacks: 1 | Value: 0.500 | Remaining Turns: 2 | Target: 1 | Targeting: ST | Affects: ['ALL'] | DOT: False | Blast: False
        MortenaxBladeUltShred | From: SUP2 | SHRED | Stacks: 1 | Value: 0.300 | Remaining Turns: 2 | Target: 1 | Targeting: ST | Affects: ['ALL'] | DOT: False | Blast: False
        ----------End of Debuff List----------
        ----------Healing List----------
        ----------End of Healing List----------
    GAUGE  - Enemy 1 toughness reduced by 0.000
    RESULT - MortenaxBladeBounceFUA | MortenaxBlade | SUP2 | DMG: 10664.524 | ELADMG: 0.000 | Enemies Hit: [1] | Enemies Broken: [] | WB DMG: 0.000 | Energy: 0.000 | Amount HP Healed: 0.000 | Amount HP Lost: 0.000 | MortenaxBlade Energy: 89/160 | SP: 3 | MaxSP: 5)
    TURN   - MortenaxBladeBounceFUA | MortenaxBlade | SUP2 | ST attack | ['FIR'] | ['FUA'] | Scaling: HP | TargetID: 1 | DMG/BREAK Splits: [0.24, 0]/[5, 0] | Energy Gained: 0 | SP Change: 0

        ----------Char Buffs----------
        GilgameshTrace3ATK | ATK% | Stacks: 1 | Value: 0.200 | Remaining Turns: 1 | TickDown: SUP2, PERM | Target: SUP2 | Affects: ['ALL']
        GilgameshTrace3CD | CD% | Stacks: 1 | Value: 0.200 | Remaining Turns: 1 | TickDown: SUP2, PERM | Target: SUP2 | Affects: ['ALL']
        AshveilTrace3CD | CD% | Stacks: 1 | Value: 0.400 | Remaining Turns: 1 | TickDown: SUP1, PERM | Target: SUP2 | Affects: ['ALL']
        AshveilTrace3FUACD | CD% | Stacks: 1 | Value: 0.800 | Remaining Turns: 1 | TickDown: SUP1, PERM | Target: SUP2 | Affects: ['FUA']
        TutorialEHR | EHR% | Stacks: 1 | Value: 0.400 | Remaining Turns: 1 | TickDown: SUP2, PERM | Target: SUP2 | Affects: ['ALL']
        MasterSmithHP | HP% | Stacks: 1 | Value: 0.120 | Remaining Turns: 1 | TickDown: SUP2, PERM | Target: SUP2 | Affects: ['ALL']
        LushakaERR | ERR% | Stacks: 1 | Value: 0.050 | Remaining Turns: 1 | TickDown: SUP2, PERM | Target: SUP2 | Affects: ['ALL']
        MortenaxBladeTraceCR | CR% | Stacks: 1 | Value: 0.120 | Remaining Turns: 1 | TickDown: SUP2, PERM | Target: SUP2 | Affects: ['ALL']
        MortenaxBladeTraceHP | HP% | Stacks: 1 | Value: 0.100 | Remaining Turns: 1 | TickDown: SUP2, PERM | Target: SUP2 | Affects: ['ALL']
        MortenaxBladeTraceDMG | DMG% | Stacks: 1 | Value: 0.224 | Remaining Turns: 1 | TickDown: SUP2, PERM | Target: SUP2 | Affects: ['ALL']
        KeelCD(SUS) | CD% | Stacks: 1 | Value: 0.100 | Remaining Turns: 1 | TickDown: SUP2, PERM | Target: SUP2 | Affects: ['ALL']
        MortenaxBladeTechDMGReduction | DMG_REDUCTION | Stacks: 1 | Value: 0.900 | Remaining Turns: 1 | TickDown: SUP2, END | Target: SUP2 | Affects: ['ALL']
        MasterSmithCD | CD% | Stacks: 1 | Value: 0.280 | Remaining Turns: 1 | TickDown: SUP2, PERM | Target: SUP2 | Affects: ['ALL']
        MasterSmithComburent | DMG% | Stacks: 1 | Value: 0.150 | Remaining Turns: 2 | TickDown: SUP2, END | Target: SUP2 | Affects: ['ALL']
        MortenaxBladeCRBoost | CR% | Stacks: 1 | Value: 0.200 | Remaining Turns: 1 | TickDown: SUP2, PERM | Target: SUP2 | Affects: ['ALL']
        MortenaxBladeCDBoost | CD% | Stacks: 1 | Value: 0.600 | Remaining Turns: 1 | TickDown: SUP2, PERM | Target: SUP2 | Affects: ['ALL']
        MortenaxBladeDMGReduction | DMG_REDUCTION | Stacks: 1 | Value: 0.500 | Remaining Turns: 1 | TickDown: SUP2, PERM | Target: SUP2 | Affects: ['ALL']
        MortenaxBladeDMGBoost | DMG% | Stacks: 1 | Value: 0.500 | Remaining Turns: 1 | TickDown: SUP2, PERM | Target: SUP2 | Affects: ['ALL']
        MortenaxBladeDMG | DMG% | Stacks: 1 | Value: 0.750 | Remaining Turns: 1 | TickDown: SUP2, PERM | Target: SUP2 | Affects: ['ALL']
        WarriorGoddessHealCD | CD% | Stacks: 1 | Value: 0.150 | Remaining Turns: 2 | TickDown: SUP2, START | Target: SUP2 | Affects: ['ALL']
        HuoHuoUltATK | ATK% | Stacks: 1 | Value: 0.400 | Remaining Turns: 2 | TickDown: SUP2, END | Target: SUP2 | Affects: ['ALL']
        HuoHuoUltExtraATK | ATK% | Stacks: 1 | Value: 0.240 | Remaining Turns: 2 | TickDown: SUP2, END | Target: SUP2 | Affects: ['ALL']
        TutorialERR | ERR_T | Stacks: 1 | Value: 8.000 | Remaining Turns: 1 | TickDown: SUP2, START | Target: SUP2 | Affects: ['ALL']
        ----------End of Buff List----------

        ----------Enemy Debuffs----------
        AshveilBaitShred | From: SUP1 | SHRED | Stacks: 1 | Value: 0.400 | Remaining Turns: 999 | Target: 1 | Targeting: ST | Affects: ['ALL'] | DOT: False | Blast: False
        HuohuoTechniqueDebuff | From: SUS | ATK_REDUCTION | Stacks: 1 | Value: 0.250 | Remaining Turns: 1 | Target: 1 | Targeting: ST | Affects: ['SPECIAL'] | DOT: False | Blast: False
        MortenaxBladeUltVul | From: SUP2 | VULN | Stacks: 1 | Value: 0.500 | Remaining Turns: 2 | Target: 1 | Targeting: ST | Affects: ['ALL'] | DOT: False | Blast: False
        MortenaxBladeUltShred | From: SUP2 | SHRED | Stacks: 1 | Value: 0.300 | Remaining Turns: 2 | Target: 1 | Targeting: ST | Affects: ['ALL'] | DOT: False | Blast: False
        ----------End of Debuff List----------
        ----------Healing List----------
        ----------End of Healing List----------
    GAUGE  - Enemy 1 toughness reduced by 0.000
    RESULT - MortenaxBladeBounceFUA | MortenaxBlade | SUP2 | DMG: 10664.524 | ELADMG: 0.000 | Enemies Hit: [1] | Enemies Broken: [] | WB DMG: 0.000 | Energy: 0.000 | Amount HP Healed: 0.000 | Amount HP Lost: 0.000 | MortenaxBlade Energy: 89/160 | SP: 3 | MaxSP: 5)
    TURN   - MortenaxBladeBounceFUA | MortenaxBlade | SUP2 | ST attack | ['FIR'] | ['FUA'] | Scaling: HP | TargetID: 1 | DMG/BREAK Splits: [0.24, 0]/[5, 0] | Energy Gained: 0 | SP Change: 0

        ----------Char Buffs----------
        GilgameshTrace3ATK | ATK% | Stacks: 1 | Value: 0.200 | Remaining Turns: 1 | TickDown: SUP2, PERM | Target: SUP2 | Affects: ['ALL']
        GilgameshTrace3CD | CD% | Stacks: 1 | Value: 0.200 | Remaining Turns: 1 | TickDown: SUP2, PERM | Target: SUP2 | Affects: ['ALL']
        AshveilTrace3CD | CD% | Stacks: 1 | Value: 0.400 | Remaining Turns: 1 | TickDown: SUP1, PERM | Target: SUP2 | Affects: ['ALL']
        AshveilTrace3FUACD | CD% | Stacks: 1 | Value: 0.800 | Remaining Turns: 1 | TickDown: SUP1, PERM | Target: SUP2 | Affects: ['FUA']
        TutorialEHR | EHR% | Stacks: 1 | Value: 0.400 | Remaining Turns: 1 | TickDown: SUP2, PERM | Target: SUP2 | Affects: ['ALL']
        MasterSmithHP | HP% | Stacks: 1 | Value: 0.120 | Remaining Turns: 1 | TickDown: SUP2, PERM | Target: SUP2 | Affects: ['ALL']
        LushakaERR | ERR% | Stacks: 1 | Value: 0.050 | Remaining Turns: 1 | TickDown: SUP2, PERM | Target: SUP2 | Affects: ['ALL']
        MortenaxBladeTraceCR | CR% | Stacks: 1 | Value: 0.120 | Remaining Turns: 1 | TickDown: SUP2, PERM | Target: SUP2 | Affects: ['ALL']
        MortenaxBladeTraceHP | HP% | Stacks: 1 | Value: 0.100 | Remaining Turns: 1 | TickDown: SUP2, PERM | Target: SUP2 | Affects: ['ALL']
        MortenaxBladeTraceDMG | DMG% | Stacks: 1 | Value: 0.224 | Remaining Turns: 1 | TickDown: SUP2, PERM | Target: SUP2 | Affects: ['ALL']
        KeelCD(SUS) | CD% | Stacks: 1 | Value: 0.100 | Remaining Turns: 1 | TickDown: SUP2, PERM | Target: SUP2 | Affects: ['ALL']
        MortenaxBladeTechDMGReduction | DMG_REDUCTION | Stacks: 1 | Value: 0.900 | Remaining Turns: 1 | TickDown: SUP2, END | Target: SUP2 | Affects: ['ALL']
        MasterSmithCD | CD% | Stacks: 1 | Value: 0.280 | Remaining Turns: 1 | TickDown: SUP2, PERM | Target: SUP2 | Affects: ['ALL']
        MasterSmithComburent | DMG% | Stacks: 1 | Value: 0.150 | Remaining Turns: 2 | TickDown: SUP2, END | Target: SUP2 | Affects: ['ALL']
        MortenaxBladeCRBoost | CR% | Stacks: 1 | Value: 0.200 | Remaining Turns: 1 | TickDown: SUP2, PERM | Target: SUP2 | Affects: ['ALL']
        MortenaxBladeCDBoost | CD% | Stacks: 1 | Value: 0.600 | Remaining Turns: 1 | TickDown: SUP2, PERM | Target: SUP2 | Affects: ['ALL']
        MortenaxBladeDMGReduction | DMG_REDUCTION | Stacks: 1 | Value: 0.500 | Remaining Turns: 1 | TickDown: SUP2, PERM | Target: SUP2 | Affects: ['ALL']
        MortenaxBladeDMGBoost | DMG% | Stacks: 1 | Value: 0.500 | Remaining Turns: 1 | TickDown: SUP2, PERM | Target: SUP2 | Affects: ['ALL']
        MortenaxBladeDMG | DMG% | Stacks: 1 | Value: 0.750 | Remaining Turns: 1 | TickDown: SUP2, PERM | Target: SUP2 | Affects: ['ALL']
        WarriorGoddessHealCD | CD% | Stacks: 1 | Value: 0.150 | Remaining Turns: 2 | TickDown: SUP2, START | Target: SUP2 | Affects: ['ALL']
        HuoHuoUltATK | ATK% | Stacks: 1 | Value: 0.400 | Remaining Turns: 2 | TickDown: SUP2, END | Target: SUP2 | Affects: ['ALL']
        HuoHuoUltExtraATK | ATK% | Stacks: 1 | Value: 0.240 | Remaining Turns: 2 | TickDown: SUP2, END | Target: SUP2 | Affects: ['ALL']
        TutorialERR | ERR_T | Stacks: 1 | Value: 8.000 | Remaining Turns: 1 | TickDown: SUP2, START | Target: SUP2 | Affects: ['ALL']
        ----------End of Buff List----------

        ----------Enemy Debuffs----------
        AshveilBaitShred | From: SUP1 | SHRED | Stacks: 1 | Value: 0.400 | Remaining Turns: 999 | Target: 1 | Targeting: ST | Affects: ['ALL'] | DOT: False | Blast: False
        HuohuoTechniqueDebuff | From: SUS | ATK_REDUCTION | Stacks: 1 | Value: 0.250 | Remaining Turns: 1 | Target: 1 | Targeting: ST | Affects: ['SPECIAL'] | DOT: False | Blast: False
        MortenaxBladeUltVul | From: SUP2 | VULN | Stacks: 1 | Value: 0.500 | Remaining Turns: 2 | Target: 1 | Targeting: ST | Affects: ['ALL'] | DOT: False | Blast: False
        MortenaxBladeUltShred | From: SUP2 | SHRED | Stacks: 1 | Value: 0.300 | Remaining Turns: 2 | Target: 1 | Targeting: ST | Affects: ['ALL'] | DOT: False | Blast: False
        ----------End of Debuff List----------
        ----------Healing List----------
        ----------End of Healing List----------
    GAUGE  - Enemy 1 toughness reduced by 0.000
    RESULT - MortenaxBladeBounceFUA | MortenaxBlade | SUP2 | DMG: 10664.524 | ELADMG: 0.000 | Enemies Hit: [1] | Enemies Broken: [] | WB DMG: 0.000 | Energy: 0.000 | Amount HP Healed: 0.000 | Amount HP Lost: 0.000 | MortenaxBlade Energy: 89/160 | SP: 3 | MaxSP: 5)
ERR    > 8.000 energy added to Ashveil from AshveilTalentEnergy2 | Ashveil Energy: 150.000
ERR    > 8.000 energy added to Ashveil from AshveilTalentEnergy3 | Ashveil Energy: 150.000
ERR    > 9.955 energy added to MortenaxBlade from TutorialERR | MortenaxBlade Energy: 99.018
ULT    > Ashveil used their ultimate
Ashveil has 9 gluttony stacks before ult.
Ashveil has obtained 2 gluttony stacks from Ult.
    TURN   - AshveilUlt | Ashveil | SUP1 | ST attack | ['LNG'] | ['ULT'] | Scaling: ATK | TargetID: 0 | DMG/BREAK Splits: [4.0, 0]/[30, 0] | Energy Gained: 5 | SP Change: 0

        ----------Char Buffs----------
        GilgameshTrace3ATK | ATK% | Stacks: 1 | Value: 0.200 | Remaining Turns: 1 | TickDown: SUP1, PERM | Target: SUP1 | Affects: ['ALL']
        GilgameshTrace3CD | CD% | Stacks: 1 | Value: 0.200 | Remaining Turns: 1 | TickDown: SUP1, PERM | Target: SUP1 | Affects: ['ALL']
        CruisingBaseCR | CR% | Stacks: 1 | Value: 0.160 | Remaining Turns: 1 | TickDown: SUP1, PERM | Target: SUP1 | Affects: ['ALL']
        AshveilTraceCD | CD% | Stacks: 1 | Value: 0.373 | Remaining Turns: 1 | TickDown: SUP1, PERM | Target: SUP1 | Affects: ['ALL']
        AshveilTraceATK | ATK% | Stacks: 1 | Value: 0.100 | Remaining Turns: 1 | TickDown: SUP1, PERM | Target: SUP1 | Affects: ['ALL']
        AshveilTraceDMG | DMG% | Stacks: 1 | Value: 0.144 | Remaining Turns: 1 | TickDown: SUP1, PERM | Target: SUP1 | Affects: ['ALL']
        AshveilTrace3CD | CD% | Stacks: 1 | Value: 0.400 | Remaining Turns: 1 | TickDown: SUP1, PERM | Target: SUP1 | Affects: ['ALL']
        KeelCD(SUS) | CD% | Stacks: 1 | Value: 0.100 | Remaining Turns: 1 | TickDown: SUP1, PERM | Target: SUP1 | Affects: ['ALL']
        GilgameshTrace3AllyATK | ATK% | Stacks: 1 | Value: 0.100 | Remaining Turns: 1 | TickDown: SUP1, PERM | Target: SUP1 | Affects: ['ALL']
        GilgameshTrace3AllyCD | CD% | Stacks: 1 | Value: 0.100 | Remaining Turns: 1 | TickDown: SUP1, PERM | Target: SUP1 | Affects: ['ALL']
        MasterSmithComburent | DMG% | Stacks: 1 | Value: 0.150 | Remaining Turns: 2 | TickDown: SUP1, END | Target: SUP1 | Affects: ['ALL']
        DukeATK | ATK% | Stacks: 1 | Value: 0.480 | Remaining Turns: 3 | TickDown: SUP1, END | Target: SUP1 | Affects: ['ALL']
        ConvergingStarsATK | ATK% | Stacks: 1 | Value: 0.240 | Remaining Turns: 2 | TickDown: SUP1, END | Target: SUP1 | Affects: ['ALL']
        MortenaxBladeDMGBoost | DMG% | Stacks: 1 | Value: 0.500 | Remaining Turns: 1 | TickDown: SUP1, PERM | Target: SUP1 | Affects: ['ALL']
        WarriorGoddessHealCD | CD% | Stacks: 1 | Value: 0.150 | Remaining Turns: 2 | TickDown: SUP1, START | Target: SUP1 | Affects: ['ALL']
        CruisingLowHPCR | CR% | Stacks: 1 | Value: 0.160 | Remaining Turns: 1 | TickDown: SUP1, START | Target: SUP1 | Affects: ['ALL']
        ----------End of Buff List----------

        ----------Enemy Debuffs----------
        AshveilBaitShred | From: SUP1 | SHRED | Stacks: 1 | Value: 0.400 | Remaining Turns: 999 | Target: 0 | Targeting: ST | Affects: ['ALL'] | DOT: False | Blast: False
        HuohuoTechniqueDebuff | From: SUS | ATK_REDUCTION | Stacks: 1 | Value: 0.250 | Remaining Turns: 1 | Target: 0 | Targeting: ST | Affects: ['SPECIAL'] | DOT: False | Blast: False
        MortenaxBladeUltVul | From: SUP2 | VULN | Stacks: 1 | Value: 0.500 | Remaining Turns: 2 | Target: 0 | Targeting: ST | Affects: ['ALL'] | DOT: False | Blast: False
        MortenaxBladeUltShred | From: SUP2 | SHRED | Stacks: 1 | Value: 0.300 | Remaining Turns: 2 | Target: 0 | Targeting: ST | Affects: ['ALL'] | DOT: False | Blast: False
        ----------End of Debuff List----------
        ----------Healing List----------
        ----------End of Healing List----------
    GAUGE  - Enemy 0 toughness reduced by 30.000
    RESULT - AshveilUlt | Ashveil | SUP1 | DMG: 110726.049 | ELADMG: 0.000 | Enemies Hit: [0] | Enemies Broken: [0] | WB DMG: 14075.467 | Energy: 5.000 | Amount HP Healed: 0.000 | Amount HP Lost: 0.000 | Ashveil Energy: 5/150 | SP: 3 | MaxSP: 5)
Gilgamesh Obtained 2 Interest from Teammate Ult, Current count: 7
Gilgamesh Obtained 45.0 Energy from Teammate
Gilgamesh Obtained 1 Interest from Teammate, Current count: 8
Ashveil has obtained 2 gluttony stacks from FUA.
MortenaxBlade has obtained 1 Charge. Current Charge count: 2.
    TURN   - AshveilFUA | Ashveil | SUP1 | ST attack | ['LNG'] | ['FUA'] | Scaling: ATK | TargetID: 0 | DMG/BREAK Splits: [6.0, 0]/[5, 0] | Energy Gained: 5 | SP Change: 0

        ----------Char Buffs----------
        GilgameshTrace3ATK | ATK% | Stacks: 1 | Value: 0.200 | Remaining Turns: 1 | TickDown: SUP1, PERM | Target: SUP1 | Affects: ['ALL']
        GilgameshTrace3CD | CD% | Stacks: 1 | Value: 0.200 | Remaining Turns: 1 | TickDown: SUP1, PERM | Target: SUP1 | Affects: ['ALL']
        CruisingBaseCR | CR% | Stacks: 1 | Value: 0.160 | Remaining Turns: 1 | TickDown: SUP1, PERM | Target: SUP1 | Affects: ['ALL']
        DukeDMG | DMG% | Stacks: 1 | Value: 0.200 | Remaining Turns: 1 | TickDown: SUP1, PERM | Target: SUP1 | Affects: ['FUA']
        AshveilTraceCD | CD% | Stacks: 1 | Value: 0.373 | Remaining Turns: 1 | TickDown: SUP1, PERM | Target: SUP1 | Affects: ['ALL']
        AshveilTraceATK | ATK% | Stacks: 1 | Value: 0.100 | Remaining Turns: 1 | TickDown: SUP1, PERM | Target: SUP1 | Affects: ['ALL']
        AshveilTraceDMG | DMG% | Stacks: 1 | Value: 0.144 | Remaining Turns: 1 | TickDown: SUP1, PERM | Target: SUP1 | Affects: ['ALL']
        AshveilTrace2DMG | DMG% | Stacks: 1 | Value: 0.800 | Remaining Turns: 1 | TickDown: SUP1, PERM | Target: SUP1 | Affects: ['FUA']
        AshveilTrace3CD | CD% | Stacks: 1 | Value: 0.400 | Remaining Turns: 1 | TickDown: SUP1, PERM | Target: SUP1 | Affects: ['ALL']
        AshveilTrace3FUACD | CD% | Stacks: 1 | Value: 0.800 | Remaining Turns: 1 | TickDown: SUP1, PERM | Target: SUP1 | Affects: ['FUA']
        KeelCD(SUS) | CD% | Stacks: 1 | Value: 0.100 | Remaining Turns: 1 | TickDown: SUP1, PERM | Target: SUP1 | Affects: ['ALL']
        GilgameshTrace3AllyATK | ATK% | Stacks: 1 | Value: 0.100 | Remaining Turns: 1 | TickDown: SUP1, PERM | Target: SUP1 | Affects: ['ALL']
        GilgameshTrace3AllyCD | CD% | Stacks: 1 | Value: 0.100 | Remaining Turns: 1 | TickDown: SUP1, PERM | Target: SUP1 | Affects: ['ALL']
        MasterSmithComburent | DMG% | Stacks: 1 | Value: 0.150 | Remaining Turns: 2 | TickDown: SUP1, END | Target: SUP1 | Affects: ['ALL']
        DukeATK | ATK% | Stacks: 1 | Value: 0.480 | Remaining Turns: 3 | TickDown: SUP1, END | Target: SUP1 | Affects: ['ALL']
        ConvergingStarsATK | ATK% | Stacks: 1 | Value: 0.240 | Remaining Turns: 2 | TickDown: SUP1, END | Target: SUP1 | Affects: ['ALL']
        MortenaxBladeDMGBoost | DMG% | Stacks: 1 | Value: 0.500 | Remaining Turns: 1 | TickDown: SUP1, PERM | Target: SUP1 | Affects: ['ALL']
        WarriorGoddessHealCD | CD% | Stacks: 1 | Value: 0.150 | Remaining Turns: 2 | TickDown: SUP1, START | Target: SUP1 | Affects: ['ALL']
        AshveilTrace2GluttonyDMG | DMG% | Stacks: 1 | Value: 0.400 | Remaining Turns: 1 | TickDown: SUP1, END | Target: SUP1 | Affects: ['FUA']
        CruisingLowHPCR | CR% | Stacks: 1 | Value: 0.160 | Remaining Turns: 1 | TickDown: SUP1, START | Target: SUP1 | Affects: ['ALL']
        ----------End of Buff List----------

        ----------Enemy Debuffs----------
        AshveilBaitShred | From: SUP1 | SHRED | Stacks: 1 | Value: 0.400 | Remaining Turns: 999 | Target: 0 | Targeting: ST | Affects: ['ALL'] | DOT: False | Blast: False
        HuohuoTechniqueDebuff | From: SUS | ATK_REDUCTION | Stacks: 1 | Value: 0.250 | Remaining Turns: 1 | Target: 0 | Targeting: ST | Affects: ['SPECIAL'] | DOT: False | Blast: False
        MortenaxBladeUltVul | From: SUP2 | VULN | Stacks: 1 | Value: 0.500 | Remaining Turns: 2 | Target: 0 | Targeting: ST | Affects: ['ALL'] | DOT: False | Blast: False
        MortenaxBladeUltShred | From: SUP2 | SHRED | Stacks: 1 | Value: 0.300 | Remaining Turns: 2 | Target: 0 | Targeting: ST | Affects: ['ALL'] | DOT: False | Blast: False
        Enemy 0 LNG-break | From: SUP1 | SHOCK | Stacks: 1 | Value: 8414.001 | Remaining Turns: 2 | Target: 0 | Targeting: ST | Affects: ['ALL'] | DOT: True | Blast: False
        ----------End of Debuff List----------
        ----------Healing List----------
        HuoHuoTalentHealingScaling | Targeting: Targeting.SINGLE | Healing Value: [0] | Target: ALL
        HuoHuoTalentHealingScaling | Targeting: Targeting.SINGLE | Healing Value: [0.045] | Target: ALL
        HuoHuoTalentHealingScaling | Targeting: Targeting.SINGLE | Healing Value: [0] | Target: ALL
        HuoHuoTalentHealingScaling | Targeting: Targeting.SINGLE | Healing Value: [0] | Target: ALL
        HuoHuoTalentHealingFlat | Targeting: Targeting.SINGLE | Healing Value: [0] | Target: ALL
        HuoHuoTalentHealingFlat | Targeting: Targeting.SINGLE | Healing Value: [120] | Target: ALL
        HuoHuoTalentHealingFlat | Targeting: Targeting.SINGLE | Healing Value: [0] | Target: ALL
        HuoHuoTalentHealingFlat | Targeting: Targeting.SINGLE | Healing Value: [0] | Target: ALL
        ----------End of Healing List----------
    GAUGE  - Enemy 0 toughness reduced by 5.000
    RESULT - AshveilFUA | Ashveil | SUP1 | DMG: 404425.107 | ELADMG: 0.000 | Enemies Hit: [0] | Enemies Broken: [] | WB DMG: 0.000 | Energy: 5.000 | Amount HP Healed: 371.779 | Amount HP Lost: 0.000 | Ashveil Energy: 10/150 | SP: 3 | MaxSP: 5)
Gilgamesh Obtained 1 Interest from Teammate, Current count: 9
MortenaxBlade has obtained 1 Charge. Current Charge count: 3.
    TURN   - HuoHuoAllyERR | HuoHuo | SUS | NA attack | ['WIN'] | ['SPECIAL'] | Scaling: HP | TargetID: 1 | DMG/BREAK Splits: [0, 0]/[0, 0] | Energy Gained: 1 | SP Change: 0

        ----------Char Buffs----------
        GilgameshTrace3ATK | ATK% | Stacks: 1 | Value: 0.200 | Remaining Turns: 1 | TickDown: SUS, PERM | Target: SUS | Affects: ['ALL']
        GilgameshTrace3CD | CD% | Stacks: 1 | Value: 0.200 | Remaining Turns: 1 | TickDown: SUS, PERM | Target: SUS | Affects: ['ALL']
        AshveilTrace3CD | CD% | Stacks: 1 | Value: 0.400 | Remaining Turns: 1 | TickDown: SUP1, PERM | Target: SUS | Affects: ['ALL']
        PostOpERR | ERR% | Stacks: 1 | Value: 0.160 | Remaining Turns: 1 | TickDown: SUS, PERM | Target: SUS | Affects: ['ALL']
        WarriorGoddessSPD | SPD% | Stacks: 1 | Value: 0.060 | Remaining Turns: 1 | TickDown: SUS, PERM | Target: SUS | Affects: ['ALL']
        KeelEFFRES | ERS% | Stacks: 1 | Value: 0.100 | Remaining Turns: 1 | TickDown: SUS, PERM | Target: SUS | Affects: ['ALL']
        KeelCD(SUS) | CD% | Stacks: 1 | Value: 0.100 | Remaining Turns: 1 | TickDown: SUS, PERM | Target: SUS | Affects: ['ALL']
        HHTraceHP | HP% | Stacks: 1 | Value: 0.280 | Remaining Turns: 1 | TickDown: SUS, PERM | Target: SUS | Affects: ['ALL']
        HHTraceERS | ERS% | Stacks: 1 | Value: 0.180 | Remaining Turns: 1 | TickDown: SUS, PERM | Target: SUS | Affects: ['ALL']
        HHTraceSPD | SPD | Stacks: 1 | Value: 5.000 | Remaining Turns: 1 | TickDown: SUS, PERM | Target: SUS | Affects: ['ALL']
        MasterSmithComburent | DMG% | Stacks: 1 | Value: 0.150 | Remaining Turns: 2 | TickDown: SUS, END | Target: SUS | Affects: ['ALL']
        MortenaxBladeDMGBoost | DMG% | Stacks: 1 | Value: 0.500 | Remaining Turns: 1 | TickDown: SUS, PERM | Target: SUS | Affects: ['ALL']
        WarriorGoddessHealSPD | SPD% | Stacks: 1 | Value: 0.060 | Remaining Turns: 2 | TickDown: SUS, START | Target: SUS | Affects: ['ALL']
        WarriorGoddessHealCD | CD% | Stacks: 1 | Value: 0.150 | Remaining Turns: 2 | TickDown: SUS, START | Target: SUS | Affects: ['ALL']
        ----------End of Buff List----------

        ----------Enemy Debuffs----------
        AshveilBaitShred | From: SUP1 | SHRED | Stacks: 1 | Value: 0.400 | Remaining Turns: 999 | Target: 1 | Targeting: ST | Affects: ['ALL'] | DOT: False | Blast: False
        HuohuoTechniqueDebuff | From: SUS | ATK_REDUCTION | Stacks: 1 | Value: 0.250 | Remaining Turns: 1 | Target: 1 | Targeting: ST | Affects: ['SPECIAL'] | DOT: False | Blast: False
        MortenaxBladeUltVul | From: SUP2 | VULN | Stacks: 1 | Value: 0.500 | Remaining Turns: 2 | Target: 1 | Targeting: ST | Affects: ['ALL'] | DOT: False | Blast: False
        MortenaxBladeUltShred | From: SUP2 | SHRED | Stacks: 1 | Value: 0.300 | Remaining Turns: 2 | Target: 1 | Targeting: ST | Affects: ['ALL'] | DOT: False | Blast: False
        ----------End of Debuff List----------
        ----------Healing List----------
        ----------End of Healing List----------
    GAUGE  - Enemy 1 toughness reduced by 0.000
    RESULT - HuoHuoAllyERR | HuoHuo | SUS | DMG: 0.000 | ELADMG: 0.000 | Enemies Hit: [1] | Enemies Broken: [] | WB DMG: 0.000 | Energy: 1.354 | Amount HP Healed: 0.000 | Amount HP Lost: 0.000 | HuoHuo Energy: 26/140 | SP: 3 | MaxSP: 5)
ERR    > 45.000 energy added to Gilgamesh from GilgameshTrace1ERRAlly1 | Gilgamesh Energy: 50.000
SPD    > Gilgamesh speed changed to 188.900 | NewAV: 0.000
AV     > Gilgamesh AV reset to 52.938 | 188.900 SPD
DELAY  > Enemy 0 delayed by 25.0% from STDBreakDelay | NewAV: 93.876

<<< NEW TURN >>>
-   Enemy 1 AV: 0.000 ENERGY: 0.000 MaxHP: 5000000.000 CurrHp 2826447.763
-   HuoHuo AV: 0.717 ENERGY: 25.733 MaxHP: 6139.808 CurrHp 5617.940
-   MortenaxBlade AV: 2.743 ENERGY: 99.018 MaxHP: 4869.135 CurrHp 4382.221
-   Gilgamesh AV: 5.876 ENERGY: 50.000 MaxHP: 3134.558 CurrHp 2763.219
-   Ashveil AV: 21.195 ENERGY: 10.000 MaxHP: 2729.320 CurrHp 2729.320
-   Enemy 2 AV: 27.584 ENERGY: 0.000 MaxHP: 2000000.000 CurrHp 1292291.222
-   Enemy 0 AV: 46.814 ENERGY: 0.000 MaxHP: 2000000.000 CurrHp 433105.101
-   InfiniteFury AV: 81.097 ENERGY: 0.000 MaxHP: 0.000 CurrHp 0.000

Combat context set: 3 enemies, 4 players
Combat context initialized: 3 enemies, Elation team size: 0
ACTION > [ENEMY] TotalAV: 126.263 | TurnAV: 47.062 | Enemy 1 | 1 attacks
MortenaxBlade has obtained 1 Charge. Current Charge count: 4.
    CharEnergy - Gilgamesh: Hit 1.667 Total: 51.667 | Ashveil: Hit 5.000 Total: 15.000 | MortenaxBlade: Hit 8.333 Total: 109.388 | HuoHuo: Hit 5.000 Total: 32.505 |
    ENEMY  - Enemy 2 [aoe] dealt 0.0 to MortenaxBlade (energy: 3.3, DEF: 2045, atkMul: 0.75, dmgMul: 1.00) | HP: 4382/4869
    ENEMY  - Enemy 2 [aoe] dealt 191.9 to Ashveil (energy: 3.3, DEF: 2076, atkMul: 0.75, dmgMul: 1.00) | HP: 2537/2729
    ENEMY  - Enemy 2 [aoe] dealt 174.0 to HuoHuo (energy: 3.3, DEF: 2410, atkMul: 0.75, dmgMul: 1.00) | HP: 5444/6140
    ENEMY  - Enemy 2 [aoe] dealt 92.8 to Gilgamesh (energy: 1.7, DEF: 2185, atkMul: 0.75, dmgMul: 1.00) | HP: 2670/3135
    ENEMY  - Enemy 2 [aoe] dealt 96.0 to Ashveil (energy: 1.7, DEF: 2076, atkMul: 0.75, dmgMul: 1.00) | HP: 2441/2729
    ENEMY  - Enemy 2 [aoe] dealt 0.0 to MortenaxBlade (energy: 1.7, DEF: 2045, atkMul: 0.75, dmgMul: 1.00) | HP: 4382/4869
    ENEMY  - Enemy 2 [aoe] dealt 87.0 to HuoHuo (energy: 1.7, DEF: 2410, atkMul: 0.75, dmgMul: 1.00) | HP: 5357/6140
    ENEMY  - Enemy 2 [aoe] dealt 0.0 to MortenaxBlade (energy: 3.3, DEF: 2045, atkMul: 0.75, dmgMul: 1.00) | HP: 4382/4869
MortenaxBlade has obtained 1 Charge. Current Charge count: 5.
MortenaxBlade useHit produced 2 debuffs
        Debuff HuohuoTechniqueDebuff expired
AV     > Enemy 1 AV reset to 63.131 | 158.400 SPD

<<< NEW TURN >>>
-   HuoHuo AV: 0.000 ENERGY: 32.505 MaxHP: 6139.808 CurrHp 5357.006
-   MortenaxBlade AV: 2.026 ENERGY: 109.388 MaxHP: 4869.135 CurrHp 4382.221
-   Gilgamesh AV: 5.159 ENERGY: 51.667 MaxHP: 3134.558 CurrHp 2670.384
-   Ashveil AV: 20.478 ENERGY: 15.000 MaxHP: 2729.320 CurrHp 2441.412
-   Enemy 2 AV: 26.866 ENERGY: 0.000 MaxHP: 2000000.000 CurrHp 1292291.222
-   Enemy 0 AV: 46.097 ENERGY: 0.000 MaxHP: 2000000.000 CurrHp 433105.101
-   Enemy 1 AV: 62.414 ENERGY: 0.000 MaxHP: 5000000.000 CurrHp 2826447.763
-   InfiniteFury AV: 80.380 ENERGY: 0.000 MaxHP: 0.000 CurrHp 0.000

Combat context set: 3 enemies, 4 players
Combat context initialized: 3 enemies, Elation team size: 0
ACTION > [CHAR] TotalAV: 126.980 | TurnAV: 0.717 | HuoHuo | E-move
    TURN   - HuoHuoSkill | HuoHuo | SUS | NA attack | ['WIN'] | ['SKL'] | Scaling: HP | TargetID: -1 | DMG/BREAK Splits: [0, 0]/[0, 0] | Energy Gained: 30 | SP Change: -1

        ----------Char Buffs----------
        GilgameshTrace3ATK | ATK% | Stacks: 1 | Value: 0.200 | Remaining Turns: 1 | TickDown: SUS, PERM | Target: SUS | Affects: ['ALL']
        GilgameshTrace3CD | CD% | Stacks: 1 | Value: 0.200 | Remaining Turns: 1 | TickDown: SUS, PERM | Target: SUS | Affects: ['ALL']
        AshveilTrace3CD | CD% | Stacks: 1 | Value: 0.400 | Remaining Turns: 1 | TickDown: SUP1, PERM | Target: SUS | Affects: ['ALL']
        PostOpERR | ERR% | Stacks: 1 | Value: 0.160 | Remaining Turns: 1 | TickDown: SUS, PERM | Target: SUS | Affects: ['ALL']
        WarriorGoddessSPD | SPD% | Stacks: 1 | Value: 0.060 | Remaining Turns: 1 | TickDown: SUS, PERM | Target: SUS | Affects: ['ALL']
        KeelEFFRES | ERS% | Stacks: 1 | Value: 0.100 | Remaining Turns: 1 | TickDown: SUS, PERM | Target: SUS | Affects: ['ALL']
        KeelCD(SUS) | CD% | Stacks: 1 | Value: 0.100 | Remaining Turns: 1 | TickDown: SUS, PERM | Target: SUS | Affects: ['ALL']
        HHTraceHP | HP% | Stacks: 1 | Value: 0.280 | Remaining Turns: 1 | TickDown: SUS, PERM | Target: SUS | Affects: ['ALL']
        HHTraceERS | ERS% | Stacks: 1 | Value: 0.180 | Remaining Turns: 1 | TickDown: SUS, PERM | Target: SUS | Affects: ['ALL']
        HHTraceSPD | SPD | Stacks: 1 | Value: 5.000 | Remaining Turns: 1 | TickDown: SUS, PERM | Target: SUS | Affects: ['ALL']
        MasterSmithComburent | DMG% | Stacks: 1 | Value: 0.150 | Remaining Turns: 2 | TickDown: SUS, END | Target: SUS | Affects: ['ALL']
        MortenaxBladeDMGBoost | DMG% | Stacks: 1 | Value: 0.500 | Remaining Turns: 1 | TickDown: SUS, PERM | Target: SUS | Affects: ['ALL']
        WarriorGoddessHealSPD | SPD% | Stacks: 1 | Value: 0.060 | Remaining Turns: 1 | TickDown: SUS, START | Target: SUS | Affects: ['ALL']
        WarriorGoddessHealCD | CD% | Stacks: 1 | Value: 0.150 | Remaining Turns: 1 | TickDown: SUS, START | Target: SUS | Affects: ['ALL']
        ----------End of Buff List----------

        ----------Enemy Debuffs----------
        ----------End of Debuff List----------
        ----------Healing List----------
        HuoHuoSkillHealingScaling | Targeting: Targeting.BLAST | Healing Value: [0.24] | Target: ALL
        HuoHuoSkillHealingScaling | Targeting: Targeting.BLAST | Healing Value: [0.24] | Target: ALL
        HuoHuoSkillHealingScaling | Targeting: Targeting.BLAST | Healing Value: [0.24] | Target: ALL
        HuoHuoSkillHealingScaling | Targeting: Targeting.BLAST | Healing Value: [0.24] | Target: ALL
        HuoHuoSkillHealingScaling | Targeting: Targeting.BLAST | Healing Value: [0.24] | Target: ALL
        HuoHuoSkillHealingScaling | Targeting: Targeting.BLAST | Healing Value: [0.24] | Target: ALL
        HuoHuoSkillHealingFlat | Targeting: Targeting.BLAST | Healing Value: [640] | Target: ALL
        HuoHuoSkillHealingFlat | Targeting: Targeting.BLAST | Healing Value: [640] | Target: ALL
        HuoHuoSkillHealingFlat | Targeting: Targeting.BLAST | Healing Value: [640] | Target: ALL
        HuoHuoSkillHealingFlat | Targeting: Targeting.BLAST | Healing Value: [640] | Target: ALL
        HuoHuoSkillHealingFlat | Targeting: Targeting.BLAST | Healing Value: [640] | Target: ALL
        HuoHuoSkillHealingFlat | Targeting: Targeting.BLAST | Healing Value: [640] | Target: ALL
        ----------End of Healing List----------
    GAUGE  - Enemy 0 toughness reduced by 0.000
    RESULT - HuoHuoSkill | HuoHuo | SUS | DMG: 0.000 | ELADMG: 0.000 | Enemies Hit: [0] | Enemies Broken: [] | WB DMG: 0.000 | Energy: 40.632 | Amount HP Healed: 7931.292 | Amount HP Lost: 0.000 | HuoHuo Energy: 73/140 | SP: 2 | MaxSP: 5)
Gilgamesh Obtained 1 Interest from Teammate, Current count: 10
SPD    > Gilgamesh speed changed to 198.600 | NewAV: 4.907
AV     > HuoHuo AV reset to 62.308 | 160.492 SPD

<<< NEW TURN >>>
-   MortenaxBlade AV: 0.000 ENERGY: 109.388 MaxHP: 4869.135 CurrHp 4869.135
-   Gilgamesh AV: 2.881 ENERGY: 51.667 MaxHP: 3134.558 CurrHp 3134.558
-   Ashveil AV: 18.452 ENERGY: 15.000 MaxHP: 2729.320 CurrHp 2729.320
-   Enemy 2 AV: 24.841 ENERGY: 0.000 MaxHP: 2000000.000 CurrHp 1292291.222
-   Enemy 0 AV: 44.071 ENERGY: 0.000 MaxHP: 2000000.000 CurrHp 433105.101
-   HuoHuo AV: 60.283 ENERGY: 73.137 MaxHP: 6139.808 CurrHp 6139.808
-   Enemy 1 AV: 60.388 ENERGY: 0.000 MaxHP: 5000000.000 CurrHp 2826447.763
-   InfiniteFury AV: 78.354 ENERGY: 0.000 MaxHP: 0.000 CurrHp 0.000

Combat context set: 3 enemies, 4 players
Combat context initialized: 3 enemies, Elation team size: 0
ACTION > [CHAR] TotalAV: 129.006 | TurnAV: 2.026 | MortenaxBlade | E-move
MortenaxBlade has obtained 1 Charge. Current Charge count: 6.
    TURN   - MortenaxBladeAOESkill | MortenaxBlade | SUP2 | AOE attack | ['FIR'] | ['SKL'] | Scaling: HP | TargetID: 1 | DMG/BREAK Splits: [0.72, 0]/[10, 0] | Energy Gained: 30 | SP Change: 0

        ----------Char Buffs----------
        GilgameshTrace3ATK | ATK% | Stacks: 1 | Value: 0.200 | Remaining Turns: 1 | TickDown: SUP2, PERM | Target: SUP2 | Affects: ['ALL']
        GilgameshTrace3CD | CD% | Stacks: 1 | Value: 0.200 | Remaining Turns: 1 | TickDown: SUP2, PERM | Target: SUP2 | Affects: ['ALL']
        AshveilTrace3CD | CD% | Stacks: 1 | Value: 0.400 | Remaining Turns: 1 | TickDown: SUP1, PERM | Target: SUP2 | Affects: ['ALL']
        TutorialEHR | EHR% | Stacks: 1 | Value: 0.400 | Remaining Turns: 1 | TickDown: SUP2, PERM | Target: SUP2 | Affects: ['ALL']
        MasterSmithHP | HP% | Stacks: 1 | Value: 0.120 | Remaining Turns: 1 | TickDown: SUP2, PERM | Target: SUP2 | Affects: ['ALL']
        LushakaERR | ERR% | Stacks: 1 | Value: 0.050 | Remaining Turns: 1 | TickDown: SUP2, PERM | Target: SUP2 | Affects: ['ALL']
        MortenaxBladeTraceCR | CR% | Stacks: 1 | Value: 0.120 | Remaining Turns: 1 | TickDown: SUP2, PERM | Target: SUP2 | Affects: ['ALL']
        MortenaxBladeTraceHP | HP% | Stacks: 1 | Value: 0.100 | Remaining Turns: 1 | TickDown: SUP2, PERM | Target: SUP2 | Affects: ['ALL']
        MortenaxBladeTraceDMG | DMG% | Stacks: 1 | Value: 0.224 | Remaining Turns: 1 | TickDown: SUP2, PERM | Target: SUP2 | Affects: ['ALL']
        KeelCD(SUS) | CD% | Stacks: 1 | Value: 0.100 | Remaining Turns: 1 | TickDown: SUP2, PERM | Target: SUP2 | Affects: ['ALL']
        MortenaxBladeTechDMGReduction | DMG_REDUCTION | Stacks: 1 | Value: 0.900 | Remaining Turns: 1 | TickDown: SUP2, END | Target: SUP2 | Affects: ['ALL']
        MasterSmithCD | CD% | Stacks: 1 | Value: 0.280 | Remaining Turns: 1 | TickDown: SUP2, PERM | Target: SUP2 | Affects: ['ALL']
        MasterSmithComburent | DMG% | Stacks: 1 | Value: 0.150 | Remaining Turns: 2 | TickDown: SUP2, END | Target: SUP2 | Affects: ['ALL']
        MortenaxBladeCRBoost | CR% | Stacks: 1 | Value: 0.200 | Remaining Turns: 1 | TickDown: SUP2, PERM | Target: SUP2 | Affects: ['ALL']
        MortenaxBladeCDBoost | CD% | Stacks: 1 | Value: 0.600 | Remaining Turns: 1 | TickDown: SUP2, PERM | Target: SUP2 | Affects: ['ALL']
        MortenaxBladeDMGReduction | DMG_REDUCTION | Stacks: 1 | Value: 0.500 | Remaining Turns: 1 | TickDown: SUP2, PERM | Target: SUP2 | Affects: ['ALL']
        MortenaxBladeDMGBoost | DMG% | Stacks: 1 | Value: 0.500 | Remaining Turns: 1 | TickDown: SUP2, PERM | Target: SUP2 | Affects: ['ALL']
        MortenaxBladeDMG | DMG% | Stacks: 1 | Value: 0.750 | Remaining Turns: 1 | TickDown: SUP2, PERM | Target: SUP2 | Affects: ['ALL']
        WarriorGoddessHealCD | CD% | Stacks: 1 | Value: 0.150 | Remaining Turns: 1 | TickDown: SUP2, START | Target: SUP2 | Affects: ['ALL']
        HuoHuoUltATK | ATK% | Stacks: 1 | Value: 0.400 | Remaining Turns: 2 | TickDown: SUP2, END | Target: SUP2 | Affects: ['ALL']
        HuoHuoUltExtraATK | ATK% | Stacks: 1 | Value: 0.240 | Remaining Turns: 2 | TickDown: SUP2, END | Target: SUP2 | Affects: ['ALL']
        ----------End of Buff List----------

        ----------Enemy Debuffs----------
        AshveilBaitShred | From: SUP1 | SHRED | Stacks: 1 | Value: 0.400 | Remaining Turns: 998 | Target: 1 | Targeting: ST | Affects: ['ALL'] | DOT: False | Blast: False
        MortenaxBladeUltVul | From: SUP2 | VULN | Stacks: 1 | Value: 0.500 | Remaining Turns: 2 | Target: 1 | Targeting: ST | Affects: ['ALL'] | DOT: False | Blast: False
        MortenaxBladeUltShred | From: SUP2 | SHRED | Stacks: 1 | Value: 0.300 | Remaining Turns: 2 | Target: 1 | Targeting: ST | Affects: ['ALL'] | DOT: False | Blast: False
        ----------End of Debuff List----------
        ----------Healing List----------
        ----------End of Healing List----------
    GAUGE  - Enemy 0 toughness reduced by 0.000
    GAUGE  - Enemy 1 toughness reduced by 0.000
    GAUGE  - Enemy 2 toughness reduced by 0.000
    RESULT - MortenaxBladeAOESkill | MortenaxBlade | SUP2 | DMG: 81415.660 | ELADMG: 0.000 | Enemies Hit: [0, 1, 2] | Enemies Broken: [] | WB DMG: 0.000 | Energy: 37.332 | Amount HP Healed: 0.000 | Amount HP Lost: 0.000 | MortenaxBlade Energy: 147/160 | SP: 2 | MaxSP: 5)
Gilgamesh Obtained 1 Interest from Teammate, Current count: 11
Ashveil has obtained 2 gluttony stacks from FUA.
    TURN   - MortenaxBladeBounceSkill | MortenaxBlade | SUP2 | ST attack | ['FIR'] | ['SKL'] | Scaling: HP | TargetID: 1 | DMG/BREAK Splits: [0.24, 0]/[5, 0] | Energy Gained: 0 | SP Change: 0

        ----------Char Buffs----------
        GilgameshTrace3ATK | ATK% | Stacks: 1 | Value: 0.200 | Remaining Turns: 1 | TickDown: SUP2, PERM | Target: SUP2 | Affects: ['ALL']
        GilgameshTrace3CD | CD% | Stacks: 1 | Value: 0.200 | Remaining Turns: 1 | TickDown: SUP2, PERM | Target: SUP2 | Affects: ['ALL']
        AshveilTrace3CD | CD% | Stacks: 1 | Value: 0.400 | Remaining Turns: 1 | TickDown: SUP1, PERM | Target: SUP2 | Affects: ['ALL']
        TutorialEHR | EHR% | Stacks: 1 | Value: 0.400 | Remaining Turns: 1 | TickDown: SUP2, PERM | Target: SUP2 | Affects: ['ALL']
        MasterSmithHP | HP% | Stacks: 1 | Value: 0.120 | Remaining Turns: 1 | TickDown: SUP2, PERM | Target: SUP2 | Affects: ['ALL']
        LushakaERR | ERR% | Stacks: 1 | Value: 0.050 | Remaining Turns: 1 | TickDown: SUP2, PERM | Target: SUP2 | Affects: ['ALL']
        MortenaxBladeTraceCR | CR% | Stacks: 1 | Value: 0.120 | Remaining Turns: 1 | TickDown: SUP2, PERM | Target: SUP2 | Affects: ['ALL']
        MortenaxBladeTraceHP | HP% | Stacks: 1 | Value: 0.100 | Remaining Turns: 1 | TickDown: SUP2, PERM | Target: SUP2 | Affects: ['ALL']
        MortenaxBladeTraceDMG | DMG% | Stacks: 1 | Value: 0.224 | Remaining Turns: 1 | TickDown: SUP2, PERM | Target: SUP2 | Affects: ['ALL']
        KeelCD(SUS) | CD% | Stacks: 1 | Value: 0.100 | Remaining Turns: 1 | TickDown: SUP2, PERM | Target: SUP2 | Affects: ['ALL']
        MortenaxBladeTechDMGReduction | DMG_REDUCTION | Stacks: 1 | Value: 0.900 | Remaining Turns: 1 | TickDown: SUP2, END | Target: SUP2 | Affects: ['ALL']
        MasterSmithCD | CD% | Stacks: 1 | Value: 0.280 | Remaining Turns: 1 | TickDown: SUP2, PERM | Target: SUP2 | Affects: ['ALL']
        MasterSmithComburent | DMG% | Stacks: 1 | Value: 0.150 | Remaining Turns: 2 | TickDown: SUP2, END | Target: SUP2 | Affects: ['ALL']
        MortenaxBladeCRBoost | CR% | Stacks: 1 | Value: 0.200 | Remaining Turns: 1 | TickDown: SUP2, PERM | Target: SUP2 | Affects: ['ALL']
        MortenaxBladeCDBoost | CD% | Stacks: 1 | Value: 0.600 | Remaining Turns: 1 | TickDown: SUP2, PERM | Target: SUP2 | Affects: ['ALL']
        MortenaxBladeDMGReduction | DMG_REDUCTION | Stacks: 1 | Value: 0.500 | Remaining Turns: 1 | TickDown: SUP2, PERM | Target: SUP2 | Affects: ['ALL']
        MortenaxBladeDMGBoost | DMG% | Stacks: 1 | Value: 0.500 | Remaining Turns: 1 | TickDown: SUP2, PERM | Target: SUP2 | Affects: ['ALL']
        MortenaxBladeDMG | DMG% | Stacks: 1 | Value: 0.750 | Remaining Turns: 1 | TickDown: SUP2, PERM | Target: SUP2 | Affects: ['ALL']
        WarriorGoddessHealCD | CD% | Stacks: 1 | Value: 0.150 | Remaining Turns: 1 | TickDown: SUP2, START | Target: SUP2 | Affects: ['ALL']
        HuoHuoUltATK | ATK% | Stacks: 1 | Value: 0.400 | Remaining Turns: 2 | TickDown: SUP2, END | Target: SUP2 | Affects: ['ALL']
        HuoHuoUltExtraATK | ATK% | Stacks: 1 | Value: 0.240 | Remaining Turns: 2 | TickDown: SUP2, END | Target: SUP2 | Affects: ['ALL']
        TutorialERR | ERR_T | Stacks: 1 | Value: 8.000 | Remaining Turns: 1 | TickDown: SUP2, START | Target: SUP2 | Affects: ['ALL']
        ----------End of Buff List----------

        ----------Enemy Debuffs----------
        AshveilBaitShred | From: SUP1 | SHRED | Stacks: 1 | Value: 0.400 | Remaining Turns: 998 | Target: 1 | Targeting: ST | Affects: ['ALL'] | DOT: False | Blast: False
        MortenaxBladeUltVul | From: SUP2 | VULN | Stacks: 1 | Value: 0.500 | Remaining Turns: 2 | Target: 1 | Targeting: ST | Affects: ['ALL'] | DOT: False | Blast: False
        MortenaxBladeUltShred | From: SUP2 | SHRED | Stacks: 1 | Value: 0.300 | Remaining Turns: 2 | Target: 1 | Targeting: ST | Affects: ['ALL'] | DOT: False | Blast: False
        ----------End of Debuff List----------
        ----------Healing List----------
        HuoHuoTalentHealingScaling | Targeting: Targeting.SINGLE | Healing Value: [0] | Target: ALL
        HuoHuoTalentHealingScaling | Targeting: Targeting.SINGLE | Healing Value: [0.045] | Target: ALL
        HuoHuoTalentHealingScaling | Targeting: Targeting.SINGLE | Healing Value: [0] | Target: ALL
        HuoHuoTalentHealingScaling | Targeting: Targeting.SINGLE | Healing Value: [0] | Target: ALL
        HuoHuoTalentHealingFlat | Targeting: Targeting.SINGLE | Healing Value: [0] | Target: ALL
        HuoHuoTalentHealingFlat | Targeting: Targeting.SINGLE | Healing Value: [120] | Target: ALL
        HuoHuoTalentHealingFlat | Targeting: Targeting.SINGLE | Healing Value: [0] | Target: ALL
        HuoHuoTalentHealingFlat | Targeting: Targeting.SINGLE | Healing Value: [0] | Target: ALL
        ----------End of Healing List----------
    GAUGE  - Enemy 1 toughness reduced by 0.000
    RESULT - MortenaxBladeBounceSkill | MortenaxBlade | SUP2 | DMG: 8723.106 | ELADMG: 0.000 | Enemies Hit: [1] | Enemies Broken: [] | WB DMG: 0.000 | Energy: 0.000 | Amount HP Healed: 371.779 | Amount HP Lost: 0.000 | MortenaxBlade Energy: 147/160 | SP: 2 | MaxSP: 5)
    TURN   - MortenaxBladeBounceSkill | MortenaxBlade | SUP2 | ST attack | ['FIR'] | ['SKL'] | Scaling: HP | TargetID: 1 | DMG/BREAK Splits: [0.24, 0]/[5, 0] | Energy Gained: 0 | SP Change: 0

        ----------Char Buffs----------
        GilgameshTrace3ATK | ATK% | Stacks: 1 | Value: 0.200 | Remaining Turns: 1 | TickDown: SUP2, PERM | Target: SUP2 | Affects: ['ALL']
        GilgameshTrace3CD | CD% | Stacks: 1 | Value: 0.200 | Remaining Turns: 1 | TickDown: SUP2, PERM | Target: SUP2 | Affects: ['ALL']
        AshveilTrace3CD | CD% | Stacks: 1 | Value: 0.400 | Remaining Turns: 1 | TickDown: SUP1, PERM | Target: SUP2 | Affects: ['ALL']
        TutorialEHR | EHR% | Stacks: 1 | Value: 0.400 | Remaining Turns: 1 | TickDown: SUP2, PERM | Target: SUP2 | Affects: ['ALL']
        MasterSmithHP | HP% | Stacks: 1 | Value: 0.120 | Remaining Turns: 1 | TickDown: SUP2, PERM | Target: SUP2 | Affects: ['ALL']
        LushakaERR | ERR% | Stacks: 1 | Value: 0.050 | Remaining Turns: 1 | TickDown: SUP2, PERM | Target: SUP2 | Affects: ['ALL']
        MortenaxBladeTraceCR | CR% | Stacks: 1 | Value: 0.120 | Remaining Turns: 1 | TickDown: SUP2, PERM | Target: SUP2 | Affects: ['ALL']
        MortenaxBladeTraceHP | HP% | Stacks: 1 | Value: 0.100 | Remaining Turns: 1 | TickDown: SUP2, PERM | Target: SUP2 | Affects: ['ALL']
        MortenaxBladeTraceDMG | DMG% | Stacks: 1 | Value: 0.224 | Remaining Turns: 1 | TickDown: SUP2, PERM | Target: SUP2 | Affects: ['ALL']
        KeelCD(SUS) | CD% | Stacks: 1 | Value: 0.100 | Remaining Turns: 1 | TickDown: SUP2, PERM | Target: SUP2 | Affects: ['ALL']
        MortenaxBladeTechDMGReduction | DMG_REDUCTION | Stacks: 1 | Value: 0.900 | Remaining Turns: 1 | TickDown: SUP2, END | Target: SUP2 | Affects: ['ALL']
        MasterSmithCD | CD% | Stacks: 1 | Value: 0.280 | Remaining Turns: 1 | TickDown: SUP2, PERM | Target: SUP2 | Affects: ['ALL']
        MasterSmithComburent | DMG% | Stacks: 1 | Value: 0.150 | Remaining Turns: 2 | TickDown: SUP2, END | Target: SUP2 | Affects: ['ALL']
        MortenaxBladeCRBoost | CR% | Stacks: 1 | Value: 0.200 | Remaining Turns: 1 | TickDown: SUP2, PERM | Target: SUP2 | Affects: ['ALL']
        MortenaxBladeCDBoost | CD% | Stacks: 1 | Value: 0.600 | Remaining Turns: 1 | TickDown: SUP2, PERM | Target: SUP2 | Affects: ['ALL']
        MortenaxBladeDMGReduction | DMG_REDUCTION | Stacks: 1 | Value: 0.500 | Remaining Turns: 1 | TickDown: SUP2, PERM | Target: SUP2 | Affects: ['ALL']
        MortenaxBladeDMGBoost | DMG% | Stacks: 1 | Value: 0.500 | Remaining Turns: 1 | TickDown: SUP2, PERM | Target: SUP2 | Affects: ['ALL']
        MortenaxBladeDMG | DMG% | Stacks: 1 | Value: 0.750 | Remaining Turns: 1 | TickDown: SUP2, PERM | Target: SUP2 | Affects: ['ALL']
        WarriorGoddessHealCD | CD% | Stacks: 1 | Value: 0.150 | Remaining Turns: 1 | TickDown: SUP2, START | Target: SUP2 | Affects: ['ALL']
        HuoHuoUltATK | ATK% | Stacks: 1 | Value: 0.400 | Remaining Turns: 2 | TickDown: SUP2, END | Target: SUP2 | Affects: ['ALL']
        HuoHuoUltExtraATK | ATK% | Stacks: 1 | Value: 0.240 | Remaining Turns: 2 | TickDown: SUP2, END | Target: SUP2 | Affects: ['ALL']
        TutorialERR | ERR_T | Stacks: 1 | Value: 8.000 | Remaining Turns: 1 | TickDown: SUP2, START | Target: SUP2 | Affects: ['ALL']
        ----------End of Buff List----------

        ----------Enemy Debuffs----------
        AshveilBaitShred | From: SUP1 | SHRED | Stacks: 1 | Value: 0.400 | Remaining Turns: 998 | Target: 1 | Targeting: ST | Affects: ['ALL'] | DOT: False | Blast: False
        MortenaxBladeUltVul | From: SUP2 | VULN | Stacks: 1 | Value: 0.500 | Remaining Turns: 2 | Target: 1 | Targeting: ST | Affects: ['ALL'] | DOT: False | Blast: False
        MortenaxBladeUltShred | From: SUP2 | SHRED | Stacks: 1 | Value: 0.300 | Remaining Turns: 2 | Target: 1 | Targeting: ST | Affects: ['ALL'] | DOT: False | Blast: False
        ----------End of Debuff List----------
        ----------Healing List----------
        ----------End of Healing List----------
    GAUGE  - Enemy 1 toughness reduced by 0.000
    RESULT - MortenaxBladeBounceSkill | MortenaxBlade | SUP2 | DMG: 8723.106 | ELADMG: 0.000 | Enemies Hit: [1] | Enemies Broken: [] | WB DMG: 0.000 | Energy: 0.000 | Amount HP Healed: 0.000 | Amount HP Lost: 0.000 | MortenaxBlade Energy: 147/160 | SP: 2 | MaxSP: 5)
    TURN   - MortenaxBladeBounceSkill | MortenaxBlade | SUP2 | ST attack | ['FIR'] | ['SKL'] | Scaling: HP | TargetID: 1 | DMG/BREAK Splits: [0.24, 0]/[5, 0] | Energy Gained: 0 | SP Change: 0

        ----------Char Buffs----------
        GilgameshTrace3ATK | ATK% | Stacks: 1 | Value: 0.200 | Remaining Turns: 1 | TickDown: SUP2, PERM | Target: SUP2 | Affects: ['ALL']
        GilgameshTrace3CD | CD% | Stacks: 1 | Value: 0.200 | Remaining Turns: 1 | TickDown: SUP2, PERM | Target: SUP2 | Affects: ['ALL']
        AshveilTrace3CD | CD% | Stacks: 1 | Value: 0.400 | Remaining Turns: 1 | TickDown: SUP1, PERM | Target: SUP2 | Affects: ['ALL']
        TutorialEHR | EHR% | Stacks: 1 | Value: 0.400 | Remaining Turns: 1 | TickDown: SUP2, PERM | Target: SUP2 | Affects: ['ALL']
        MasterSmithHP | HP% | Stacks: 1 | Value: 0.120 | Remaining Turns: 1 | TickDown: SUP2, PERM | Target: SUP2 | Affects: ['ALL']
        LushakaERR | ERR% | Stacks: 1 | Value: 0.050 | Remaining Turns: 1 | TickDown: SUP2, PERM | Target: SUP2 | Affects: ['ALL']
        MortenaxBladeTraceCR | CR% | Stacks: 1 | Value: 0.120 | Remaining Turns: 1 | TickDown: SUP2, PERM | Target: SUP2 | Affects: ['ALL']
        MortenaxBladeTraceHP | HP% | Stacks: 1 | Value: 0.100 | Remaining Turns: 1 | TickDown: SUP2, PERM | Target: SUP2 | Affects: ['ALL']
        MortenaxBladeTraceDMG | DMG% | Stacks: 1 | Value: 0.224 | Remaining Turns: 1 | TickDown: SUP2, PERM | Target: SUP2 | Affects: ['ALL']
        KeelCD(SUS) | CD% | Stacks: 1 | Value: 0.100 | Remaining Turns: 1 | TickDown: SUP2, PERM | Target: SUP2 | Affects: ['ALL']
        MortenaxBladeTechDMGReduction | DMG_REDUCTION | Stacks: 1 | Value: 0.900 | Remaining Turns: 1 | TickDown: SUP2, END | Target: SUP2 | Affects: ['ALL']
        MasterSmithCD | CD% | Stacks: 1 | Value: 0.280 | Remaining Turns: 1 | TickDown: SUP2, PERM | Target: SUP2 | Affects: ['ALL']
        MasterSmithComburent | DMG% | Stacks: 1 | Value: 0.150 | Remaining Turns: 2 | TickDown: SUP2, END | Target: SUP2 | Affects: ['ALL']
        MortenaxBladeCRBoost | CR% | Stacks: 1 | Value: 0.200 | Remaining Turns: 1 | TickDown: SUP2, PERM | Target: SUP2 | Affects: ['ALL']
        MortenaxBladeCDBoost | CD% | Stacks: 1 | Value: 0.600 | Remaining Turns: 1 | TickDown: SUP2, PERM | Target: SUP2 | Affects: ['ALL']
        MortenaxBladeDMGReduction | DMG_REDUCTION | Stacks: 1 | Value: 0.500 | Remaining Turns: 1 | TickDown: SUP2, PERM | Target: SUP2 | Affects: ['ALL']
        MortenaxBladeDMGBoost | DMG% | Stacks: 1 | Value: 0.500 | Remaining Turns: 1 | TickDown: SUP2, PERM | Target: SUP2 | Affects: ['ALL']
        MortenaxBladeDMG | DMG% | Stacks: 1 | Value: 0.750 | Remaining Turns: 1 | TickDown: SUP2, PERM | Target: SUP2 | Affects: ['ALL']
        WarriorGoddessHealCD | CD% | Stacks: 1 | Value: 0.150 | Remaining Turns: 1 | TickDown: SUP2, START | Target: SUP2 | Affects: ['ALL']
        HuoHuoUltATK | ATK% | Stacks: 1 | Value: 0.400 | Remaining Turns: 2 | TickDown: SUP2, END | Target: SUP2 | Affects: ['ALL']
        HuoHuoUltExtraATK | ATK% | Stacks: 1 | Value: 0.240 | Remaining Turns: 2 | TickDown: SUP2, END | Target: SUP2 | Affects: ['ALL']
        TutorialERR | ERR_T | Stacks: 1 | Value: 8.000 | Remaining Turns: 1 | TickDown: SUP2, START | Target: SUP2 | Affects: ['ALL']
        ----------End of Buff List----------

        ----------Enemy Debuffs----------
        AshveilBaitShred | From: SUP1 | SHRED | Stacks: 1 | Value: 0.400 | Remaining Turns: 998 | Target: 1 | Targeting: ST | Affects: ['ALL'] | DOT: False | Blast: False
        MortenaxBladeUltVul | From: SUP2 | VULN | Stacks: 1 | Value: 0.500 | Remaining Turns: 2 | Target: 1 | Targeting: ST | Affects: ['ALL'] | DOT: False | Blast: False
        MortenaxBladeUltShred | From: SUP2 | SHRED | Stacks: 1 | Value: 0.300 | Remaining Turns: 2 | Target: 1 | Targeting: ST | Affects: ['ALL'] | DOT: False | Blast: False
        ----------End of Debuff List----------
        ----------Healing List----------
        ----------End of Healing List----------
    GAUGE  - Enemy 1 toughness reduced by 0.000
    RESULT - MortenaxBladeBounceSkill | MortenaxBlade | SUP2 | DMG: 8723.106 | ELADMG: 0.000 | Enemies Hit: [1] | Enemies Broken: [] | WB DMG: 0.000 | Energy: 0.000 | Amount HP Healed: 0.000 | Amount HP Lost: 0.000 | MortenaxBlade Energy: 147/160 | SP: 2 | MaxSP: 5)
    TURN   - MortenaxBladeBounceSkill | MortenaxBlade | SUP2 | ST attack | ['FIR'] | ['SKL'] | Scaling: HP | TargetID: 1 | DMG/BREAK Splits: [0.24, 0]/[5, 0] | Energy Gained: 0 | SP Change: 0

        ----------Char Buffs----------
        GilgameshTrace3ATK | ATK% | Stacks: 1 | Value: 0.200 | Remaining Turns: 1 | TickDown: SUP2, PERM | Target: SUP2 | Affects: ['ALL']
        GilgameshTrace3CD | CD% | Stacks: 1 | Value: 0.200 | Remaining Turns: 1 | TickDown: SUP2, PERM | Target: SUP2 | Affects: ['ALL']
        AshveilTrace3CD | CD% | Stacks: 1 | Value: 0.400 | Remaining Turns: 1 | TickDown: SUP1, PERM | Target: SUP2 | Affects: ['ALL']
        TutorialEHR | EHR% | Stacks: 1 | Value: 0.400 | Remaining Turns: 1 | TickDown: SUP2, PERM | Target: SUP2 | Affects: ['ALL']
        MasterSmithHP | HP% | Stacks: 1 | Value: 0.120 | Remaining Turns: 1 | TickDown: SUP2, PERM | Target: SUP2 | Affects: ['ALL']
        LushakaERR | ERR% | Stacks: 1 | Value: 0.050 | Remaining Turns: 1 | TickDown: SUP2, PERM | Target: SUP2 | Affects: ['ALL']
        MortenaxBladeTraceCR | CR% | Stacks: 1 | Value: 0.120 | Remaining Turns: 1 | TickDown: SUP2, PERM | Target: SUP2 | Affects: ['ALL']
        MortenaxBladeTraceHP | HP% | Stacks: 1 | Value: 0.100 | Remaining Turns: 1 | TickDown: SUP2, PERM | Target: SUP2 | Affects: ['ALL']
        MortenaxBladeTraceDMG | DMG% | Stacks: 1 | Value: 0.224 | Remaining Turns: 1 | TickDown: SUP2, PERM | Target: SUP2 | Affects: ['ALL']
        KeelCD(SUS) | CD% | Stacks: 1 | Value: 0.100 | Remaining Turns: 1 | TickDown: SUP2, PERM | Target: SUP2 | Affects: ['ALL']
        MortenaxBladeTechDMGReduction | DMG_REDUCTION | Stacks: 1 | Value: 0.900 | Remaining Turns: 1 | TickDown: SUP2, END | Target: SUP2 | Affects: ['ALL']
        MasterSmithCD | CD% | Stacks: 1 | Value: 0.280 | Remaining Turns: 1 | TickDown: SUP2, PERM | Target: SUP2 | Affects: ['ALL']
        MasterSmithComburent | DMG% | Stacks: 1 | Value: 0.150 | Remaining Turns: 2 | TickDown: SUP2, END | Target: SUP2 | Affects: ['ALL']
        MortenaxBladeCRBoost | CR% | Stacks: 1 | Value: 0.200 | Remaining Turns: 1 | TickDown: SUP2, PERM | Target: SUP2 | Affects: ['ALL']
        MortenaxBladeCDBoost | CD% | Stacks: 1 | Value: 0.600 | Remaining Turns: 1 | TickDown: SUP2, PERM | Target: SUP2 | Affects: ['ALL']
        MortenaxBladeDMGReduction | DMG_REDUCTION | Stacks: 1 | Value: 0.500 | Remaining Turns: 1 | TickDown: SUP2, PERM | Target: SUP2 | Affects: ['ALL']
        MortenaxBladeDMGBoost | DMG% | Stacks: 1 | Value: 0.500 | Remaining Turns: 1 | TickDown: SUP2, PERM | Target: SUP2 | Affects: ['ALL']
        MortenaxBladeDMG | DMG% | Stacks: 1 | Value: 0.750 | Remaining Turns: 1 | TickDown: SUP2, PERM | Target: SUP2 | Affects: ['ALL']
        WarriorGoddessHealCD | CD% | Stacks: 1 | Value: 0.150 | Remaining Turns: 1 | TickDown: SUP2, START | Target: SUP2 | Affects: ['ALL']
        HuoHuoUltATK | ATK% | Stacks: 1 | Value: 0.400 | Remaining Turns: 2 | TickDown: SUP2, END | Target: SUP2 | Affects: ['ALL']
        HuoHuoUltExtraATK | ATK% | Stacks: 1 | Value: 0.240 | Remaining Turns: 2 | TickDown: SUP2, END | Target: SUP2 | Affects: ['ALL']
        TutorialERR | ERR_T | Stacks: 1 | Value: 8.000 | Remaining Turns: 1 | TickDown: SUP2, START | Target: SUP2 | Affects: ['ALL']
        ----------End of Buff List----------

        ----------Enemy Debuffs----------
        AshveilBaitShred | From: SUP1 | SHRED | Stacks: 1 | Value: 0.400 | Remaining Turns: 998 | Target: 1 | Targeting: ST | Affects: ['ALL'] | DOT: False | Blast: False
        MortenaxBladeUltVul | From: SUP2 | VULN | Stacks: 1 | Value: 0.500 | Remaining Turns: 2 | Target: 1 | Targeting: ST | Affects: ['ALL'] | DOT: False | Blast: False
        MortenaxBladeUltShred | From: SUP2 | SHRED | Stacks: 1 | Value: 0.300 | Remaining Turns: 2 | Target: 1 | Targeting: ST | Affects: ['ALL'] | DOT: False | Blast: False
        ----------End of Debuff List----------
        ----------Healing List----------
        ----------End of Healing List----------
    GAUGE  - Enemy 1 toughness reduced by 0.000
    RESULT - MortenaxBladeBounceSkill | MortenaxBlade | SUP2 | DMG: 8723.106 | ELADMG: 0.000 | Enemies Hit: [1] | Enemies Broken: [] | WB DMG: 0.000 | Energy: 0.000 | Amount HP Healed: 0.000 | Amount HP Lost: 0.000 | MortenaxBlade Energy: 147/160 | SP: 2 | MaxSP: 5)
    TURN   - AshveilFUA | Ashveil | SUP1 | ST attack | ['LNG'] | ['FUA'] | Scaling: ATK | TargetID: 0 | DMG/BREAK Splits: [2.0, 0]/[5, 0] | Energy Gained: 5 | SP Change: 0

        ----------Char Buffs----------
        GilgameshTrace3ATK | ATK% | Stacks: 1 | Value: 0.200 | Remaining Turns: 1 | TickDown: SUP1, PERM | Target: SUP1 | Affects: ['ALL']
        GilgameshTrace3CD | CD% | Stacks: 1 | Value: 0.200 | Remaining Turns: 1 | TickDown: SUP1, PERM | Target: SUP1 | Affects: ['ALL']
        CruisingBaseCR | CR% | Stacks: 1 | Value: 0.160 | Remaining Turns: 1 | TickDown: SUP1, PERM | Target: SUP1 | Affects: ['ALL']
        DukeDMG | DMG% | Stacks: 1 | Value: 0.200 | Remaining Turns: 1 | TickDown: SUP1, PERM | Target: SUP1 | Affects: ['FUA']
        AshveilTraceCD | CD% | Stacks: 1 | Value: 0.373 | Remaining Turns: 1 | TickDown: SUP1, PERM | Target: SUP1 | Affects: ['ALL']
        AshveilTraceATK | ATK% | Stacks: 1 | Value: 0.100 | Remaining Turns: 1 | TickDown: SUP1, PERM | Target: SUP1 | Affects: ['ALL']
        AshveilTraceDMG | DMG% | Stacks: 1 | Value: 0.144 | Remaining Turns: 1 | TickDown: SUP1, PERM | Target: SUP1 | Affects: ['ALL']
        AshveilTrace2DMG | DMG% | Stacks: 1 | Value: 0.800 | Remaining Turns: 1 | TickDown: SUP1, PERM | Target: SUP1 | Affects: ['FUA']
        AshveilTrace3CD | CD% | Stacks: 1 | Value: 0.400 | Remaining Turns: 1 | TickDown: SUP1, PERM | Target: SUP1 | Affects: ['ALL']
        AshveilTrace3FUACD | CD% | Stacks: 1 | Value: 0.800 | Remaining Turns: 1 | TickDown: SUP1, PERM | Target: SUP1 | Affects: ['FUA']
        KeelCD(SUS) | CD% | Stacks: 1 | Value: 0.100 | Remaining Turns: 1 | TickDown: SUP1, PERM | Target: SUP1 | Affects: ['ALL']
        GilgameshTrace3AllyATK | ATK% | Stacks: 1 | Value: 0.100 | Remaining Turns: 1 | TickDown: SUP1, PERM | Target: SUP1 | Affects: ['ALL']
        GilgameshTrace3AllyCD | CD% | Stacks: 1 | Value: 0.100 | Remaining Turns: 1 | TickDown: SUP1, PERM | Target: SUP1 | Affects: ['ALL']
        MasterSmithComburent | DMG% | Stacks: 1 | Value: 0.150 | Remaining Turns: 2 | TickDown: SUP1, END | Target: SUP1 | Affects: ['ALL']
        DukeATK | ATK% | Stacks: 1 | Value: 0.480 | Remaining Turns: 3 | TickDown: SUP1, END | Target: SUP1 | Affects: ['ALL']
        ConvergingStarsATK | ATK% | Stacks: 1 | Value: 0.240 | Remaining Turns: 2 | TickDown: SUP1, END | Target: SUP1 | Affects: ['ALL']
        MortenaxBladeDMGBoost | DMG% | Stacks: 1 | Value: 0.500 | Remaining Turns: 1 | TickDown: SUP1, PERM | Target: SUP1 | Affects: ['ALL']
        WarriorGoddessHealCD | CD% | Stacks: 1 | Value: 0.150 | Remaining Turns: 2 | TickDown: SUP1, START | Target: SUP1 | Affects: ['ALL']
        AshveilTrace2GluttonyDMG | DMG% | Stacks: 1 | Value: 0.300 | Remaining Turns: 1 | TickDown: SUP1, END | Target: SUP1 | Affects: ['FUA']
        CruisingLowHPCR | CR% | Stacks: 1 | Value: 0.160 | Remaining Turns: 1 | TickDown: SUP1, START | Target: SUP1 | Affects: ['ALL']
        AshveilTalentEnergy4 | ERR_F | Stacks: 1 | Value: 8.000 | Remaining Turns: 1 | TickDown: SUP1, END | Target: SUP1 | Affects: ['ALL']
        ----------End of Buff List----------

        ----------Enemy Debuffs----------
        AshveilBaitShred | From: SUP1 | SHRED | Stacks: 1 | Value: 0.400 | Remaining Turns: 999 | Target: 0 | Targeting: ST | Affects: ['ALL'] | DOT: False | Blast: False
        HuohuoTechniqueDebuff | From: SUS | ATK_REDUCTION | Stacks: 1 | Value: 0.250 | Remaining Turns: 1 | Target: 0 | Targeting: ST | Affects: ['SPECIAL'] | DOT: False | Blast: False
        MortenaxBladeUltVul | From: SUP2 | VULN | Stacks: 1 | Value: 0.500 | Remaining Turns: 2 | Target: 0 | Targeting: ST | Affects: ['ALL'] | DOT: False | Blast: False
        MortenaxBladeUltShred | From: SUP2 | SHRED | Stacks: 1 | Value: 0.300 | Remaining Turns: 2 | Target: 0 | Targeting: ST | Affects: ['ALL'] | DOT: False | Blast: False
        Enemy 0 LNG-break | From: SUP1 | SHOCK | Stacks: 1 | Value: 8414.001 | Remaining Turns: 2 | Target: 0 | Targeting: ST | Affects: ['ALL'] | DOT: True | Blast: False
        ----------End of Debuff List----------
        ----------Healing List----------
        ----------End of Healing List----------
    GAUGE  - Enemy 0 toughness reduced by 5.000
    RESULT - AshveilFUA | Ashveil | SUP1 | DMG: 130587.694 | ELADMG: 0.000 | Enemies Hit: [0] | Enemies Broken: [] | WB DMG: 0.000 | Energy: 5.000 | Amount HP Healed: 0.000 | Amount HP Lost: 0.000 | Ashveil Energy: 20/150 | SP: 2 | MaxSP: 5)
Gilgamesh Obtained 1 Interest from Teammate, Current count: 12
MortenaxBlade has obtained 1 Charge. Current Charge count: 7.
    TURN   - HuoHuoAllyERR | HuoHuo | SUS | NA attack | ['WIN'] | ['SPECIAL'] | Scaling: HP | TargetID: 1 | DMG/BREAK Splits: [0, 0]/[0, 0] | Energy Gained: 1 | SP Change: 0

        ----------Char Buffs----------
        GilgameshTrace3ATK | ATK% | Stacks: 1 | Value: 0.200 | Remaining Turns: 1 | TickDown: SUS, PERM | Target: SUS | Affects: ['ALL']
        GilgameshTrace3CD | CD% | Stacks: 1 | Value: 0.200 | Remaining Turns: 1 | TickDown: SUS, PERM | Target: SUS | Affects: ['ALL']
        AshveilTrace3CD | CD% | Stacks: 1 | Value: 0.400 | Remaining Turns: 1 | TickDown: SUP1, PERM | Target: SUS | Affects: ['ALL']
        PostOpERR | ERR% | Stacks: 1 | Value: 0.160 | Remaining Turns: 1 | TickDown: SUS, PERM | Target: SUS | Affects: ['ALL']
        WarriorGoddessSPD | SPD% | Stacks: 1 | Value: 0.060 | Remaining Turns: 1 | TickDown: SUS, PERM | Target: SUS | Affects: ['ALL']
        KeelEFFRES | ERS% | Stacks: 1 | Value: 0.100 | Remaining Turns: 1 | TickDown: SUS, PERM | Target: SUS | Affects: ['ALL']
        KeelCD(SUS) | CD% | Stacks: 1 | Value: 0.100 | Remaining Turns: 1 | TickDown: SUS, PERM | Target: SUS | Affects: ['ALL']
        HHTraceHP | HP% | Stacks: 1 | Value: 0.280 | Remaining Turns: 1 | TickDown: SUS, PERM | Target: SUS | Affects: ['ALL']
        HHTraceERS | ERS% | Stacks: 1 | Value: 0.180 | Remaining Turns: 1 | TickDown: SUS, PERM | Target: SUS | Affects: ['ALL']
        HHTraceSPD | SPD | Stacks: 1 | Value: 5.000 | Remaining Turns: 1 | TickDown: SUS, PERM | Target: SUS | Affects: ['ALL']
        MasterSmithComburent | DMG% | Stacks: 1 | Value: 0.150 | Remaining Turns: 2 | TickDown: SUS, END | Target: SUS | Affects: ['ALL']
        MortenaxBladeDMGBoost | DMG% | Stacks: 1 | Value: 0.500 | Remaining Turns: 1 | TickDown: SUS, PERM | Target: SUS | Affects: ['ALL']
        WarriorGoddessHealSPD | SPD% | Stacks: 1 | Value: 0.060 | Remaining Turns: 2 | TickDown: SUS, START | Target: SUS | Affects: ['ALL']
        WarriorGoddessHealCD | CD% | Stacks: 1 | Value: 0.150 | Remaining Turns: 2 | TickDown: SUS, START | Target: SUS | Affects: ['ALL']
        ----------End of Buff List----------

        ----------Enemy Debuffs----------
        AshveilBaitShred | From: SUP1 | SHRED | Stacks: 1 | Value: 0.400 | Remaining Turns: 998 | Target: 1 | Targeting: ST | Affects: ['ALL'] | DOT: False | Blast: False
        MortenaxBladeUltVul | From: SUP2 | VULN | Stacks: 1 | Value: 0.500 | Remaining Turns: 2 | Target: 1 | Targeting: ST | Affects: ['ALL'] | DOT: False | Blast: False
        MortenaxBladeUltShred | From: SUP2 | SHRED | Stacks: 1 | Value: 0.300 | Remaining Turns: 2 | Target: 1 | Targeting: ST | Affects: ['ALL'] | DOT: False | Blast: False
        ----------End of Debuff List----------
        ----------Healing List----------
        ----------End of Healing List----------
    GAUGE  - Enemy 1 toughness reduced by 0.000
    RESULT - HuoHuoAllyERR | HuoHuo | SUS | DMG: 0.000 | ELADMG: 0.000 | Enemies Hit: [1] | Enemies Broken: [] | WB DMG: 0.000 | Energy: 1.354 | Amount HP Healed: 0.000 | Amount HP Lost: 0.000 | HuoHuo Energy: 74/140 | SP: 2 | MaxSP: 5)
ERR    > 8.000 energy added to Ashveil from AshveilTalentEnergy4 | Ashveil Energy: 28.000
ERR    > 9.955 energy added to MortenaxBlade from TutorialERR | MortenaxBlade Energy: 156.675
        Buff MortenaxBladeTechDMGReduction expired
SPD    > Gilgamesh speed changed to 218.000 | NewAV: 2.625
AV     > MortenaxBlade AV reset to 64.503 | 155.032 SPD

<<< NEW TURN >>>
-   Gilgamesh AV: 0.000 ENERGY: 51.667 MaxHP: 3134.558 CurrHp 3134.558
-   Ashveil AV: 15.827 ENERGY: 28.000 MaxHP: 2729.320 CurrHp 2729.320
-   Enemy 2 AV: 22.216 ENERGY: 0.000 MaxHP: 2000000.000 CurrHp 1266121.903
-   Enemy 0 AV: 41.446 ENERGY: 0.000 MaxHP: 2000000.000 CurrHp 273440.386
-   HuoHuo AV: 57.658 ENERGY: 74.492 MaxHP: 6139.808 CurrHp 6139.808
-   Enemy 1 AV: 57.763 ENERGY: 0.000 MaxHP: 5000000.000 CurrHp 2765386.018
-   MortenaxBlade AV: 61.878 ENERGY: 156.675 MaxHP: 4869.135 CurrHp 4382.221
-   InfiniteFury AV: 75.729 ENERGY: 0.000 MaxHP: 0.000 CurrHp 0.000

Combat context set: 3 enemies, 4 players
Combat context initialized: 3 enemies, Elation team size: 0
ACTION > [CHAR] TotalAV: 131.631 | TurnAV: 2.625 | Gilgamesh | E-move
Gilgamesh JointCounter increased by one, current count: 3
    TURN   - GilgameshSkill | Gilgamesh | DPS | BLAST attack | ['LNG'] | ['SKL'] | Scaling: ATK | TargetID: 1 | DMG/BREAK Splits: [2.8, 1.4]/[20, 10] | Energy Gained: 30 | SP Change: 0

        ----------Char Buffs----------
        ScholarCR | CR% | Stacks: 1 | Value: 0.080 | Remaining Turns: 1 | TickDown: DPS, PERM | Target: DPS | Affects: ['ALL']
        ScholarDMG | DMG% | Stacks: 1 | Value: 0.200 | Remaining Turns: 1 | TickDown: DPS, PERM | Target: DPS | Affects: ['SKL', 'ULT']
        GilgameshTraceATK | ATK | Stacks: 1 | Value: 0.180 | Remaining Turns: 1 | TickDown: DPS, PERM | Target: DPS | Affects: ['ALL']
        GilgameshTraceCR | CR% | Stacks: 1 | Value: 0.187 | Remaining Turns: 1 | TickDown: DPS, PERM | Target: DPS | Affects: ['ALL']
        GilgameshTraceDMG | DMG% | Stacks: 1 | Value: 0.080 | Remaining Turns: 1 | TickDown: DPS, PERM | Target: DPS | Affects: ['ALL']
        GilgameshTrace3ATK | ATK% | Stacks: 1 | Value: 0.200 | Remaining Turns: 1 | TickDown: DPS, PERM | Target: DPS | Affects: ['ALL']
        GilgameshTrace3CD | CD% | Stacks: 1 | Value: 0.200 | Remaining Turns: 1 | TickDown: DPS, PERM | Target: DPS | Affects: ['ALL']
        GilgameshTrace3SelfATK | ATK% | Stacks: 1 | Value: 1.000 | Remaining Turns: 1 | TickDown: DPS, PERM | Target: DPS | Affects: ['ALL']
        GilgameshTrace3SelfCD | CD% | Stacks: 1 | Value: 1.000 | Remaining Turns: 1 | TickDown: DPS, PERM | Target: DPS | Affects: ['ALL']
        AshveilTrace3CD | CD% | Stacks: 1 | Value: 0.400 | Remaining Turns: 1 | TickDown: SUP1, PERM | Target: DPS | Affects: ['ALL']
        LushakaATK(SUP2) | ATK% | Stacks: 1 | Value: 0.120 | Remaining Turns: 1 | TickDown: DPS, PERM | Target: DPS | Affects: ['ALL']
        KeelCD(SUS) | CD% | Stacks: 1 | Value: 0.100 | Remaining Turns: 1 | TickDown: DPS, PERM | Target: DPS | Affects: ['ALL']
        CosmicLifeDMG | DMG% | Stacks: 1 | Value: 0.320 | Remaining Turns: 1 | TickDown: DPS, PERM | Target: DPS | Affects: ['ALL']
        Trace2CDExtra | CD% | Stacks: 1 | Value: 1.500 | Remaining Turns: 1 | TickDown: DPS, PERM | Target: DPS | Affects: ['ALL']
        GilgameshInterestSPD | SPD% | Stacks: 1 | Value: 1.200 | Remaining Turns: 1 | TickDown: SUP2, PERM | Target: DPS | Affects: ['ALL']
        MasterSmithComburent | DMG% | Stacks: 1 | Value: 0.150 | Remaining Turns: 2 | TickDown: DPS, END | Target: DPS | Affects: ['ALL']
        MortenaxBladeDMGBoost | DMG% | Stacks: 1 | Value: 0.500 | Remaining Turns: 1 | TickDown: DPS, PERM | Target: DPS | Affects: ['ALL']
        WarriorGoddessHealCD | CD% | Stacks: 1 | Value: 0.150 | Remaining Turns: 1 | TickDown: DPS, START | Target: DPS | Affects: ['ALL']
        HuoHuoUltATK | ATK% | Stacks: 1 | Value: 0.400 | Remaining Turns: 1 | TickDown: DPS, END | Target: DPS | Affects: ['ALL']
        HuoHuoUltExtraATK | ATK% | Stacks: 1 | Value: 0.240 | Remaining Turns: 1 | TickDown: DPS, END | Target: DPS | Affects: ['ALL']
        GilgameshSKLShred | SHRED | Stacks: 1 | Value: 0.300 | Remaining Turns: 3 | TickDown: DPS, END | Target: DPS | Affects: ['ALL']
        AeonATK | ATK% | Stacks: 1 | Value: 0.320 | Remaining Turns: 1 | TickDown: DPS, PERM | Target: DPS | Affects: ['ALL']
        ScholarBonusDMG | DMG% | Stacks: 1 | Value: 0.250 | Remaining Turns: 1 | TickDown: DPS, START | Target: DPS | Affects: ['SKL']
        ----------End of Buff List----------

        ----------Enemy Debuffs----------
        AshveilBaitShred | From: SUP1 | SHRED | Stacks: 1 | Value: 0.400 | Remaining Turns: 998 | Target: 1 | Targeting: ST | Affects: ['ALL'] | DOT: False | Blast: False
        MortenaxBladeUltVul | From: SUP2 | VULN | Stacks: 1 | Value: 0.500 | Remaining Turns: 2 | Target: 1 | Targeting: ST | Affects: ['ALL'] | DOT: False | Blast: False
        MortenaxBladeUltShred | From: SUP2 | SHRED | Stacks: 1 | Value: 0.300 | Remaining Turns: 2 | Target: 1 | Targeting: ST | Affects: ['ALL'] | DOT: False | Blast: False
        ----------End of Debuff List----------
        ----------Healing List----------
        ----------End of Healing List----------
    GAUGE  - Enemy 1 toughness reduced by 20.000
    GAUGE  - Enemy 0 toughness reduced by 10.000
    GAUGE  - Enemy 2 toughness reduced by 10.000
    RESULT - GilgameshSkill | Gilgamesh | DPS | DMG: 697881.110 | ELADMG: 0.000 | Enemies Hit: [1, 0, 2] | Enemies Broken: [] | WB DMG: 0.000 | Energy: 30.000 | Amount HP Healed: 0.000 | Amount HP Lost: 0.000 | Gilgamesh Energy: 82/360 | SP: 2 | MaxSP: 5)
Ashveil has obtained 2 gluttony stacks from FUA.
MortenaxBlade has obtained 1 Charge. Current Charge count: 8.
    TURN   - AshveilFUA | Ashveil | SUP1 | ST attack | ['LNG'] | ['FUA'] | Scaling: ATK | TargetID: 0 | DMG/BREAK Splits: [2.0, 0]/[5, 0] | Energy Gained: 5 | SP Change: 0

        ----------Char Buffs----------
        GilgameshTrace3ATK | ATK% | Stacks: 1 | Value: 0.200 | Remaining Turns: 1 | TickDown: SUP1, PERM | Target: SUP1 | Affects: ['ALL']
        GilgameshTrace3CD | CD% | Stacks: 1 | Value: 0.200 | Remaining Turns: 1 | TickDown: SUP1, PERM | Target: SUP1 | Affects: ['ALL']
        CruisingBaseCR | CR% | Stacks: 1 | Value: 0.160 | Remaining Turns: 1 | TickDown: SUP1, PERM | Target: SUP1 | Affects: ['ALL']
        DukeDMG | DMG% | Stacks: 1 | Value: 0.200 | Remaining Turns: 1 | TickDown: SUP1, PERM | Target: SUP1 | Affects: ['FUA']
        AshveilTraceCD | CD% | Stacks: 1 | Value: 0.373 | Remaining Turns: 1 | TickDown: SUP1, PERM | Target: SUP1 | Affects: ['ALL']
        AshveilTraceATK | ATK% | Stacks: 1 | Value: 0.100 | Remaining Turns: 1 | TickDown: SUP1, PERM | Target: SUP1 | Affects: ['ALL']
        AshveilTraceDMG | DMG% | Stacks: 1 | Value: 0.144 | Remaining Turns: 1 | TickDown: SUP1, PERM | Target: SUP1 | Affects: ['ALL']
        AshveilTrace2DMG | DMG% | Stacks: 1 | Value: 0.800 | Remaining Turns: 1 | TickDown: SUP1, PERM | Target: SUP1 | Affects: ['FUA']
        AshveilTrace3CD | CD% | Stacks: 1 | Value: 0.400 | Remaining Turns: 1 | TickDown: SUP1, PERM | Target: SUP1 | Affects: ['ALL']
        AshveilTrace3FUACD | CD% | Stacks: 1 | Value: 0.800 | Remaining Turns: 1 | TickDown: SUP1, PERM | Target: SUP1 | Affects: ['FUA']
        KeelCD(SUS) | CD% | Stacks: 1 | Value: 0.100 | Remaining Turns: 1 | TickDown: SUP1, PERM | Target: SUP1 | Affects: ['ALL']
        GilgameshTrace3AllyATK | ATK% | Stacks: 1 | Value: 0.100 | Remaining Turns: 1 | TickDown: SUP1, PERM | Target: SUP1 | Affects: ['ALL']
        GilgameshTrace3AllyCD | CD% | Stacks: 1 | Value: 0.100 | Remaining Turns: 1 | TickDown: SUP1, PERM | Target: SUP1 | Affects: ['ALL']
        MasterSmithComburent | DMG% | Stacks: 1 | Value: 0.150 | Remaining Turns: 2 | TickDown: SUP1, END | Target: SUP1 | Affects: ['ALL']
        DukeATK | ATK% | Stacks: 1 | Value: 0.480 | Remaining Turns: 3 | TickDown: SUP1, END | Target: SUP1 | Affects: ['ALL']
        ConvergingStarsATK | ATK% | Stacks: 1 | Value: 0.240 | Remaining Turns: 2 | TickDown: SUP1, END | Target: SUP1 | Affects: ['ALL']
        MortenaxBladeDMGBoost | DMG% | Stacks: 1 | Value: 0.500 | Remaining Turns: 1 | TickDown: SUP1, PERM | Target: SUP1 | Affects: ['ALL']
        WarriorGoddessHealCD | CD% | Stacks: 1 | Value: 0.150 | Remaining Turns: 2 | TickDown: SUP1, START | Target: SUP1 | Affects: ['ALL']
        AshveilTrace2GluttonyDMG | DMG% | Stacks: 1 | Value: 0.500 | Remaining Turns: 1 | TickDown: SUP1, END | Target: SUP1 | Affects: ['FUA']
        CruisingLowHPCR | CR% | Stacks: 1 | Value: 0.160 | Remaining Turns: 1 | TickDown: SUP1, START | Target: SUP1 | Affects: ['ALL']
        AshveilTalentEnergy5 | ERR_F | Stacks: 1 | Value: 8.000 | Remaining Turns: 1 | TickDown: SUP1, END | Target: SUP1 | Affects: ['ALL']
        ----------End of Buff List----------

        ----------Enemy Debuffs----------
        AshveilBaitShred | From: SUP1 | SHRED | Stacks: 1 | Value: 0.400 | Remaining Turns: 999 | Target: 0 | Targeting: ST | Affects: ['ALL'] | DOT: False | Blast: False
        HuohuoTechniqueDebuff | From: SUS | ATK_REDUCTION | Stacks: 1 | Value: 0.250 | Remaining Turns: 1 | Target: 0 | Targeting: ST | Affects: ['SPECIAL'] | DOT: False | Blast: False
        MortenaxBladeUltVul | From: SUP2 | VULN | Stacks: 1 | Value: 0.500 | Remaining Turns: 2 | Target: 0 | Targeting: ST | Affects: ['ALL'] | DOT: False | Blast: False
        MortenaxBladeUltShred | From: SUP2 | SHRED | Stacks: 1 | Value: 0.300 | Remaining Turns: 2 | Target: 0 | Targeting: ST | Affects: ['ALL'] | DOT: False | Blast: False
        Enemy 0 LNG-break | From: SUP1 | SHOCK | Stacks: 1 | Value: 8414.001 | Remaining Turns: 2 | Target: 0 | Targeting: ST | Affects: ['ALL'] | DOT: True | Blast: False
        ----------End of Debuff List----------
        ----------Healing List----------
        HuoHuoTalentHealingScaling | Targeting: Targeting.SINGLE | Healing Value: [0] | Target: ALL
        HuoHuoTalentHealingScaling | Targeting: Targeting.SINGLE | Healing Value: [0.045] | Target: ALL
        HuoHuoTalentHealingScaling | Targeting: Targeting.SINGLE | Healing Value: [0] | Target: ALL
        HuoHuoTalentHealingScaling | Targeting: Targeting.SINGLE | Healing Value: [0] | Target: ALL
        HuoHuoTalentHealingFlat | Targeting: Targeting.SINGLE | Healing Value: [0] | Target: ALL
        HuoHuoTalentHealingFlat | Targeting: Targeting.SINGLE | Healing Value: [120] | Target: ALL
        HuoHuoTalentHealingFlat | Targeting: Targeting.SINGLE | Healing Value: [0] | Target: ALL
        HuoHuoTalentHealingFlat | Targeting: Targeting.SINGLE | Healing Value: [0] | Target: ALL
        ----------End of Healing List----------
    KILL   - Ashveil killed Enemy 0 (overkill: 54205.2)
    SPAWN  - Enemy 0 respawned at full HP, AV set to 0
    GAUGE  - Enemy 0 toughness reduced by 5.000
    RESULT - AshveilFUA | Ashveil | SUP1 | DMG: 139029.044 | ELADMG: 0.000 | Enemies Hit: [0] | Enemies Broken: [] | WB DMG: 0.000 | Energy: 5.000 | Amount HP Healed: 371.779 | Amount HP Lost: 0.000 | Ashveil Energy: 33/150 | SP: 2 | MaxSP: 5)
Gilgamesh Obtained 1 Interest from Teammate, Current count: 1
Ashveil has obtained 1 gluttony stacks from kill.
MortenaxBlade has obtained 1 Charge. Current Charge count: 9.
MortenaxBlade has obtained 1 Charge. Current Charge count: 1.
    TURN   - HuoHuoAllyERR | HuoHuo | SUS | NA attack | ['WIN'] | ['SPECIAL'] | Scaling: HP | TargetID: 1 | DMG/BREAK Splits: [0, 0]/[0, 0] | Energy Gained: 1 | SP Change: 0

        ----------Char Buffs----------
        GilgameshTrace3ATK | ATK% | Stacks: 1 | Value: 0.200 | Remaining Turns: 1 | TickDown: SUS, PERM | Target: SUS | Affects: ['ALL']
        GilgameshTrace3CD | CD% | Stacks: 1 | Value: 0.200 | Remaining Turns: 1 | TickDown: SUS, PERM | Target: SUS | Affects: ['ALL']
        AshveilTrace3CD | CD% | Stacks: 1 | Value: 0.400 | Remaining Turns: 1 | TickDown: SUP1, PERM | Target: SUS | Affects: ['ALL']
        PostOpERR | ERR% | Stacks: 1 | Value: 0.160 | Remaining Turns: 1 | TickDown: SUS, PERM | Target: SUS | Affects: ['ALL']
        WarriorGoddessSPD | SPD% | Stacks: 1 | Value: 0.060 | Remaining Turns: 1 | TickDown: SUS, PERM | Target: SUS | Affects: ['ALL']
        KeelEFFRES | ERS% | Stacks: 1 | Value: 0.100 | Remaining Turns: 1 | TickDown: SUS, PERM | Target: SUS | Affects: ['ALL']
        KeelCD(SUS) | CD% | Stacks: 1 | Value: 0.100 | Remaining Turns: 1 | TickDown: SUS, PERM | Target: SUS | Affects: ['ALL']
        HHTraceHP | HP% | Stacks: 1 | Value: 0.280 | Remaining Turns: 1 | TickDown: SUS, PERM | Target: SUS | Affects: ['ALL']
        HHTraceERS | ERS% | Stacks: 1 | Value: 0.180 | Remaining Turns: 1 | TickDown: SUS, PERM | Target: SUS | Affects: ['ALL']
        HHTraceSPD | SPD | Stacks: 1 | Value: 5.000 | Remaining Turns: 1 | TickDown: SUS, PERM | Target: SUS | Affects: ['ALL']
        MasterSmithComburent | DMG% | Stacks: 1 | Value: 0.150 | Remaining Turns: 2 | TickDown: SUS, END | Target: SUS | Affects: ['ALL']
        MortenaxBladeDMGBoost | DMG% | Stacks: 1 | Value: 0.500 | Remaining Turns: 1 | TickDown: SUS, PERM | Target: SUS | Affects: ['ALL']
        WarriorGoddessHealSPD | SPD% | Stacks: 1 | Value: 0.060 | Remaining Turns: 2 | TickDown: SUS, START | Target: SUS | Affects: ['ALL']
        WarriorGoddessHealCD | CD% | Stacks: 1 | Value: 0.150 | Remaining Turns: 2 | TickDown: SUS, START | Target: SUS | Affects: ['ALL']
        ConvergingStarsCD | CD% | Stacks: 1 | Value: 0.120 | Remaining Turns: 1 | TickDown: SUS, PERM | Target: SUS | Affects: ['ALL']
        ----------End of Buff List----------

        ----------Enemy Debuffs----------
        AshveilBaitShred | From: SUP1 | SHRED | Stacks: 1 | Value: 0.400 | Remaining Turns: 998 | Target: 1 | Targeting: ST | Affects: ['ALL'] | DOT: False | Blast: False
        MortenaxBladeUltVul | From: SUP2 | VULN | Stacks: 1 | Value: 0.500 | Remaining Turns: 2 | Target: 1 | Targeting: ST | Affects: ['ALL'] | DOT: False | Blast: False
        MortenaxBladeUltShred | From: SUP2 | SHRED | Stacks: 1 | Value: 0.300 | Remaining Turns: 2 | Target: 1 | Targeting: ST | Affects: ['ALL'] | DOT: False | Blast: False
        ----------End of Debuff List----------
        ----------Healing List----------
        ----------End of Healing List----------
    GAUGE  - Enemy 1 toughness reduced by 0.000
    RESULT - HuoHuoAllyERR | HuoHuo | SUS | DMG: 0.000 | ELADMG: 0.000 | Enemies Hit: [1] | Enemies Broken: [] | WB DMG: 0.000 | Energy: 1.354 | Amount HP Healed: 0.000 | Amount HP Lost: 0.000 | HuoHuo Energy: 76/140 | SP: 2 | MaxSP: 5)
    TURN   - MortenaxBladeAOEFUA | MortenaxBlade | SUP2 | AOE attack | ['FIR'] | ['FUA'] | Scaling: HP | TargetID: 1 | DMG/BREAK Splits: [0.72, 0]/[10, 0] | Energy Gained: 25 | SP Change: 0

        ----------Char Buffs----------
        GilgameshTrace3ATK | ATK% | Stacks: 1 | Value: 0.200 | Remaining Turns: 1 | TickDown: SUP2, PERM | Target: SUP2 | Affects: ['ALL']
        GilgameshTrace3CD | CD% | Stacks: 1 | Value: 0.200 | Remaining Turns: 1 | TickDown: SUP2, PERM | Target: SUP2 | Affects: ['ALL']
        AshveilTrace3CD | CD% | Stacks: 1 | Value: 0.400 | Remaining Turns: 1 | TickDown: SUP1, PERM | Target: SUP2 | Affects: ['ALL']
        AshveilTrace3FUACD | CD% | Stacks: 1 | Value: 0.800 | Remaining Turns: 1 | TickDown: SUP1, PERM | Target: SUP2 | Affects: ['FUA']
        TutorialEHR | EHR% | Stacks: 1 | Value: 0.400 | Remaining Turns: 1 | TickDown: SUP2, PERM | Target: SUP2 | Affects: ['ALL']
        MasterSmithHP | HP% | Stacks: 1 | Value: 0.120 | Remaining Turns: 1 | TickDown: SUP2, PERM | Target: SUP2 | Affects: ['ALL']
        LushakaERR | ERR% | Stacks: 1 | Value: 0.050 | Remaining Turns: 1 | TickDown: SUP2, PERM | Target: SUP2 | Affects: ['ALL']
        MortenaxBladeTraceCR | CR% | Stacks: 1 | Value: 0.120 | Remaining Turns: 1 | TickDown: SUP2, PERM | Target: SUP2 | Affects: ['ALL']
        MortenaxBladeTraceHP | HP% | Stacks: 1 | Value: 0.100 | Remaining Turns: 1 | TickDown: SUP2, PERM | Target: SUP2 | Affects: ['ALL']
        MortenaxBladeTraceDMG | DMG% | Stacks: 1 | Value: 0.224 | Remaining Turns: 1 | TickDown: SUP2, PERM | Target: SUP2 | Affects: ['ALL']
        KeelCD(SUS) | CD% | Stacks: 1 | Value: 0.100 | Remaining Turns: 1 | TickDown: SUP2, PERM | Target: SUP2 | Affects: ['ALL']
        MasterSmithCD | CD% | Stacks: 1 | Value: 0.280 | Remaining Turns: 1 | TickDown: SUP2, PERM | Target: SUP2 | Affects: ['ALL']
        MasterSmithComburent | DMG% | Stacks: 1 | Value: 0.150 | Remaining Turns: 1 | TickDown: SUP2, END | Target: SUP2 | Affects: ['ALL']
        MortenaxBladeCRBoost | CR% | Stacks: 1 | Value: 0.200 | Remaining Turns: 1 | TickDown: SUP2, PERM | Target: SUP2 | Affects: ['ALL']
        MortenaxBladeCDBoost | CD% | Stacks: 1 | Value: 0.600 | Remaining Turns: 1 | TickDown: SUP2, PERM | Target: SUP2 | Affects: ['ALL']
        MortenaxBladeDMGReduction | DMG_REDUCTION | Stacks: 1 | Value: 0.500 | Remaining Turns: 1 | TickDown: SUP2, PERM | Target: SUP2 | Affects: ['ALL']
        MortenaxBladeDMGBoost | DMG% | Stacks: 1 | Value: 0.500 | Remaining Turns: 1 | TickDown: SUP2, PERM | Target: SUP2 | Affects: ['ALL']
        MortenaxBladeDMG | DMG% | Stacks: 1 | Value: 0.750 | Remaining Turns: 1 | TickDown: SUP2, PERM | Target: SUP2 | Affects: ['ALL']
        WarriorGoddessHealCD | CD% | Stacks: 1 | Value: 0.150 | Remaining Turns: 1 | TickDown: SUP2, START | Target: SUP2 | Affects: ['ALL']
        HuoHuoUltATK | ATK% | Stacks: 1 | Value: 0.400 | Remaining Turns: 1 | TickDown: SUP2, END | Target: SUP2 | Affects: ['ALL']
        HuoHuoUltExtraATK | ATK% | Stacks: 1 | Value: 0.240 | Remaining Turns: 1 | TickDown: SUP2, END | Target: SUP2 | Affects: ['ALL']
        ConvergingStarsCD | CD% | Stacks: 1 | Value: 0.120 | Remaining Turns: 1 | TickDown: SUP2, PERM | Target: SUP2 | Affects: ['ALL']
        ----------End of Buff List----------

        ----------Enemy Debuffs----------
        AshveilBaitShred | From: SUP1 | SHRED | Stacks: 1 | Value: 0.400 | Remaining Turns: 998 | Target: 1 | Targeting: ST | Affects: ['ALL'] | DOT: False | Blast: False
        MortenaxBladeUltVul | From: SUP2 | VULN | Stacks: 1 | Value: 0.500 | Remaining Turns: 2 | Target: 1 | Targeting: ST | Affects: ['ALL'] | DOT: False | Blast: False
        MortenaxBladeUltShred | From: SUP2 | SHRED | Stacks: 1 | Value: 0.300 | Remaining Turns: 2 | Target: 1 | Targeting: ST | Affects: ['ALL'] | DOT: False | Blast: False
        ----------End of Debuff List----------
        ----------Healing List----------
        ----------End of Healing List----------
    GAUGE  - Enemy 0 toughness reduced by 0.000
    GAUGE  - Enemy 1 toughness reduced by 0.000
    GAUGE  - Enemy 2 toughness reduced by 0.000
    RESULT - MortenaxBladeAOEFUA | MortenaxBlade | SUP2 | DMG: 102253.545 | ELADMG: 0.000 | Enemies Hit: [0, 1, 2] | Enemies Broken: [] | WB DMG: 0.000 | Energy: 31.110 | Amount HP Healed: 0.000 | Amount HP Lost: 0.000 | MortenaxBlade Energy: 160/160 | SP: 2 | MaxSP: 5)
Gilgamesh Obtained 1 Interest from Teammate, Current count: 2
Ashveil has obtained 2 gluttony stacks from FUA.
    TURN   - MortenaxBladeBounceFUA | MortenaxBlade | SUP2 | ST attack | ['FIR'] | ['FUA'] | Scaling: HP | TargetID: 1 | DMG/BREAK Splits: [0.24, 0]/[5, 0] | Energy Gained: 0 | SP Change: 0

        ----------Char Buffs----------
        GilgameshTrace3ATK | ATK% | Stacks: 1 | Value: 0.200 | Remaining Turns: 1 | TickDown: SUP2, PERM | Target: SUP2 | Affects: ['ALL']
        GilgameshTrace3CD | CD% | Stacks: 1 | Value: 0.200 | Remaining Turns: 1 | TickDown: SUP2, PERM | Target: SUP2 | Affects: ['ALL']
        AshveilTrace3CD | CD% | Stacks: 1 | Value: 0.400 | Remaining Turns: 1 | TickDown: SUP1, PERM | Target: SUP2 | Affects: ['ALL']
        AshveilTrace3FUACD | CD% | Stacks: 1 | Value: 0.800 | Remaining Turns: 1 | TickDown: SUP1, PERM | Target: SUP2 | Affects: ['FUA']
        TutorialEHR | EHR% | Stacks: 1 | Value: 0.400 | Remaining Turns: 1 | TickDown: SUP2, PERM | Target: SUP2 | Affects: ['ALL']
        MasterSmithHP | HP% | Stacks: 1 | Value: 0.120 | Remaining Turns: 1 | TickDown: SUP2, PERM | Target: SUP2 | Affects: ['ALL']
        LushakaERR | ERR% | Stacks: 1 | Value: 0.050 | Remaining Turns: 1 | TickDown: SUP2, PERM | Target: SUP2 | Affects: ['ALL']
        MortenaxBladeTraceCR | CR% | Stacks: 1 | Value: 0.120 | Remaining Turns: 1 | TickDown: SUP2, PERM | Target: SUP2 | Affects: ['ALL']
        MortenaxBladeTraceHP | HP% | Stacks: 1 | Value: 0.100 | Remaining Turns: 1 | TickDown: SUP2, PERM | Target: SUP2 | Affects: ['ALL']
        MortenaxBladeTraceDMG | DMG% | Stacks: 1 | Value: 0.224 | Remaining Turns: 1 | TickDown: SUP2, PERM | Target: SUP2 | Affects: ['ALL']
        KeelCD(SUS) | CD% | Stacks: 1 | Value: 0.100 | Remaining Turns: 1 | TickDown: SUP2, PERM | Target: SUP2 | Affects: ['ALL']
        MasterSmithCD | CD% | Stacks: 1 | Value: 0.280 | Remaining Turns: 1 | TickDown: SUP2, PERM | Target: SUP2 | Affects: ['ALL']
        MasterSmithComburent | DMG% | Stacks: 1 | Value: 0.150 | Remaining Turns: 2 | TickDown: SUP2, END | Target: SUP2 | Affects: ['ALL']
        MortenaxBladeCRBoost | CR% | Stacks: 1 | Value: 0.200 | Remaining Turns: 1 | TickDown: SUP2, PERM | Target: SUP2 | Affects: ['ALL']
        MortenaxBladeCDBoost | CD% | Stacks: 1 | Value: 0.600 | Remaining Turns: 1 | TickDown: SUP2, PERM | Target: SUP2 | Affects: ['ALL']
        MortenaxBladeDMGReduction | DMG_REDUCTION | Stacks: 1 | Value: 0.500 | Remaining Turns: 1 | TickDown: SUP2, PERM | Target: SUP2 | Affects: ['ALL']
        MortenaxBladeDMGBoost | DMG% | Stacks: 1 | Value: 0.500 | Remaining Turns: 1 | TickDown: SUP2, PERM | Target: SUP2 | Affects: ['ALL']
        MortenaxBladeDMG | DMG% | Stacks: 1 | Value: 0.750 | Remaining Turns: 1 | TickDown: SUP2, PERM | Target: SUP2 | Affects: ['ALL']
        WarriorGoddessHealCD | CD% | Stacks: 1 | Value: 0.150 | Remaining Turns: 1 | TickDown: SUP2, START | Target: SUP2 | Affects: ['ALL']
        HuoHuoUltATK | ATK% | Stacks: 1 | Value: 0.400 | Remaining Turns: 1 | TickDown: SUP2, END | Target: SUP2 | Affects: ['ALL']
        HuoHuoUltExtraATK | ATK% | Stacks: 1 | Value: 0.240 | Remaining Turns: 1 | TickDown: SUP2, END | Target: SUP2 | Affects: ['ALL']
        ConvergingStarsCD | CD% | Stacks: 1 | Value: 0.120 | Remaining Turns: 1 | TickDown: SUP2, PERM | Target: SUP2 | Affects: ['ALL']
        TutorialERR | ERR_T | Stacks: 1 | Value: 8.000 | Remaining Turns: 1 | TickDown: SUP2, START | Target: SUP2 | Affects: ['ALL']
        ----------End of Buff List----------

        ----------Enemy Debuffs----------
        AshveilBaitShred | From: SUP1 | SHRED | Stacks: 1 | Value: 0.400 | Remaining Turns: 998 | Target: 1 | Targeting: ST | Affects: ['ALL'] | DOT: False | Blast: False
        MortenaxBladeUltVul | From: SUP2 | VULN | Stacks: 1 | Value: 0.500 | Remaining Turns: 2 | Target: 1 | Targeting: ST | Affects: ['ALL'] | DOT: False | Blast: False
        MortenaxBladeUltShred | From: SUP2 | SHRED | Stacks: 1 | Value: 0.300 | Remaining Turns: 2 | Target: 1 | Targeting: ST | Affects: ['ALL'] | DOT: False | Blast: False
        ----------End of Debuff List----------
        ----------Healing List----------
        ----------End of Healing List----------
    GAUGE  - Enemy 1 toughness reduced by 0.000
    RESULT - MortenaxBladeBounceFUA | MortenaxBlade | SUP2 | DMG: 10955.737 | ELADMG: 0.000 | Enemies Hit: [1] | Enemies Broken: [] | WB DMG: 0.000 | Energy: 0.000 | Amount HP Healed: 0.000 | Amount HP Lost: 0.000 | MortenaxBlade Energy: 160/160 | SP: 2 | MaxSP: 5)
    TURN   - MortenaxBladeBounceFUA | MortenaxBlade | SUP2 | ST attack | ['FIR'] | ['FUA'] | Scaling: HP | TargetID: 1 | DMG/BREAK Splits: [0.24, 0]/[5, 0] | Energy Gained: 0 | SP Change: 0

        ----------Char Buffs----------
        GilgameshTrace3ATK | ATK% | Stacks: 1 | Value: 0.200 | Remaining Turns: 1 | TickDown: SUP2, PERM | Target: SUP2 | Affects: ['ALL']
        GilgameshTrace3CD | CD% | Stacks: 1 | Value: 0.200 | Remaining Turns: 1 | TickDown: SUP2, PERM | Target: SUP2 | Affects: ['ALL']
        AshveilTrace3CD | CD% | Stacks: 1 | Value: 0.400 | Remaining Turns: 1 | TickDown: SUP1, PERM | Target: SUP2 | Affects: ['ALL']
        AshveilTrace3FUACD | CD% | Stacks: 1 | Value: 0.800 | Remaining Turns: 1 | TickDown: SUP1, PERM | Target: SUP2 | Affects: ['FUA']
        TutorialEHR | EHR% | Stacks: 1 | Value: 0.400 | Remaining Turns: 1 | TickDown: SUP2, PERM | Target: SUP2 | Affects: ['ALL']
        MasterSmithHP | HP% | Stacks: 1 | Value: 0.120 | Remaining Turns: 1 | TickDown: SUP2, PERM | Target: SUP2 | Affects: ['ALL']
        LushakaERR | ERR% | Stacks: 1 | Value: 0.050 | Remaining Turns: 1 | TickDown: SUP2, PERM | Target: SUP2 | Affects: ['ALL']
        MortenaxBladeTraceCR | CR% | Stacks: 1 | Value: 0.120 | Remaining Turns: 1 | TickDown: SUP2, PERM | Target: SUP2 | Affects: ['ALL']
        MortenaxBladeTraceHP | HP% | Stacks: 1 | Value: 0.100 | Remaining Turns: 1 | TickDown: SUP2, PERM | Target: SUP2 | Affects: ['ALL']
        MortenaxBladeTraceDMG | DMG% | Stacks: 1 | Value: 0.224 | Remaining Turns: 1 | TickDown: SUP2, PERM | Target: SUP2 | Affects: ['ALL']
        KeelCD(SUS) | CD% | Stacks: 1 | Value: 0.100 | Remaining Turns: 1 | TickDown: SUP2, PERM | Target: SUP2 | Affects: ['ALL']
        MasterSmithCD | CD% | Stacks: 1 | Value: 0.280 | Remaining Turns: 1 | TickDown: SUP2, PERM | Target: SUP2 | Affects: ['ALL']
        MasterSmithComburent | DMG% | Stacks: 1 | Value: 0.150 | Remaining Turns: 2 | TickDown: SUP2, END | Target: SUP2 | Affects: ['ALL']
        MortenaxBladeCRBoost | CR% | Stacks: 1 | Value: 0.200 | Remaining Turns: 1 | TickDown: SUP2, PERM | Target: SUP2 | Affects: ['ALL']
        MortenaxBladeCDBoost | CD% | Stacks: 1 | Value: 0.600 | Remaining Turns: 1 | TickDown: SUP2, PERM | Target: SUP2 | Affects: ['ALL']
        MortenaxBladeDMGReduction | DMG_REDUCTION | Stacks: 1 | Value: 0.500 | Remaining Turns: 1 | TickDown: SUP2, PERM | Target: SUP2 | Affects: ['ALL']
        MortenaxBladeDMGBoost | DMG% | Stacks: 1 | Value: 0.500 | Remaining Turns: 1 | TickDown: SUP2, PERM | Target: SUP2 | Affects: ['ALL']
        MortenaxBladeDMG | DMG% | Stacks: 1 | Value: 0.750 | Remaining Turns: 1 | TickDown: SUP2, PERM | Target: SUP2 | Affects: ['ALL']
        WarriorGoddessHealCD | CD% | Stacks: 1 | Value: 0.150 | Remaining Turns: 1 | TickDown: SUP2, START | Target: SUP2 | Affects: ['ALL']
        HuoHuoUltATK | ATK% | Stacks: 1 | Value: 0.400 | Remaining Turns: 1 | TickDown: SUP2, END | Target: SUP2 | Affects: ['ALL']
        HuoHuoUltExtraATK | ATK% | Stacks: 1 | Value: 0.240 | Remaining Turns: 1 | TickDown: SUP2, END | Target: SUP2 | Affects: ['ALL']
        ConvergingStarsCD | CD% | Stacks: 1 | Value: 0.120 | Remaining Turns: 1 | TickDown: SUP2, PERM | Target: SUP2 | Affects: ['ALL']
        TutorialERR | ERR_T | Stacks: 1 | Value: 8.000 | Remaining Turns: 1 | TickDown: SUP2, START | Target: SUP2 | Affects: ['ALL']
        ----------End of Buff List----------

        ----------Enemy Debuffs----------
        AshveilBaitShred | From: SUP1 | SHRED | Stacks: 1 | Value: 0.400 | Remaining Turns: 998 | Target: 1 | Targeting: ST | Affects: ['ALL'] | DOT: False | Blast: False
        MortenaxBladeUltVul | From: SUP2 | VULN | Stacks: 1 | Value: 0.500 | Remaining Turns: 2 | Target: 1 | Targeting: ST | Affects: ['ALL'] | DOT: False | Blast: False
        MortenaxBladeUltShred | From: SUP2 | SHRED | Stacks: 1 | Value: 0.300 | Remaining Turns: 2 | Target: 1 | Targeting: ST | Affects: ['ALL'] | DOT: False | Blast: False
        ----------End of Debuff List----------
        ----------Healing List----------
        ----------End of Healing List----------
    GAUGE  - Enemy 1 toughness reduced by 0.000
    RESULT - MortenaxBladeBounceFUA | MortenaxBlade | SUP2 | DMG: 10955.737 | ELADMG: 0.000 | Enemies Hit: [1] | Enemies Broken: [] | WB DMG: 0.000 | Energy: 0.000 | Amount HP Healed: 0.000 | Amount HP Lost: 0.000 | MortenaxBlade Energy: 160/160 | SP: 2 | MaxSP: 5)
    TURN   - MortenaxBladeBounceFUA | MortenaxBlade | SUP2 | ST attack | ['FIR'] | ['FUA'] | Scaling: HP | TargetID: 1 | DMG/BREAK Splits: [0.24, 0]/[5, 0] | Energy Gained: 0 | SP Change: 0

        ----------Char Buffs----------
        GilgameshTrace3ATK | ATK% | Stacks: 1 | Value: 0.200 | Remaining Turns: 1 | TickDown: SUP2, PERM | Target: SUP2 | Affects: ['ALL']
        GilgameshTrace3CD | CD% | Stacks: 1 | Value: 0.200 | Remaining Turns: 1 | TickDown: SUP2, PERM | Target: SUP2 | Affects: ['ALL']
        AshveilTrace3CD | CD% | Stacks: 1 | Value: 0.400 | Remaining Turns: 1 | TickDown: SUP1, PERM | Target: SUP2 | Affects: ['ALL']
        AshveilTrace3FUACD | CD% | Stacks: 1 | Value: 0.800 | Remaining Turns: 1 | TickDown: SUP1, PERM | Target: SUP2 | Affects: ['FUA']
        TutorialEHR | EHR% | Stacks: 1 | Value: 0.400 | Remaining Turns: 1 | TickDown: SUP2, PERM | Target: SUP2 | Affects: ['ALL']
        MasterSmithHP | HP% | Stacks: 1 | Value: 0.120 | Remaining Turns: 1 | TickDown: SUP2, PERM | Target: SUP2 | Affects: ['ALL']
        LushakaERR | ERR% | Stacks: 1 | Value: 0.050 | Remaining Turns: 1 | TickDown: SUP2, PERM | Target: SUP2 | Affects: ['ALL']
        MortenaxBladeTraceCR | CR% | Stacks: 1 | Value: 0.120 | Remaining Turns: 1 | TickDown: SUP2, PERM | Target: SUP2 | Affects: ['ALL']
        MortenaxBladeTraceHP | HP% | Stacks: 1 | Value: 0.100 | Remaining Turns: 1 | TickDown: SUP2, PERM | Target: SUP2 | Affects: ['ALL']
        MortenaxBladeTraceDMG | DMG% | Stacks: 1 | Value: 0.224 | Remaining Turns: 1 | TickDown: SUP2, PERM | Target: SUP2 | Affects: ['ALL']
        KeelCD(SUS) | CD% | Stacks: 1 | Value: 0.100 | Remaining Turns: 1 | TickDown: SUP2, PERM | Target: SUP2 | Affects: ['ALL']
        MasterSmithCD | CD% | Stacks: 1 | Value: 0.280 | Remaining Turns: 1 | TickDown: SUP2, PERM | Target: SUP2 | Affects: ['ALL']
        MasterSmithComburent | DMG% | Stacks: 1 | Value: 0.150 | Remaining Turns: 2 | TickDown: SUP2, END | Target: SUP2 | Affects: ['ALL']
        MortenaxBladeCRBoost | CR% | Stacks: 1 | Value: 0.200 | Remaining Turns: 1 | TickDown: SUP2, PERM | Target: SUP2 | Affects: ['ALL']
        MortenaxBladeCDBoost | CD% | Stacks: 1 | Value: 0.600 | Remaining Turns: 1 | TickDown: SUP2, PERM | Target: SUP2 | Affects: ['ALL']
        MortenaxBladeDMGReduction | DMG_REDUCTION | Stacks: 1 | Value: 0.500 | Remaining Turns: 1 | TickDown: SUP2, PERM | Target: SUP2 | Affects: ['ALL']
        MortenaxBladeDMGBoost | DMG% | Stacks: 1 | Value: 0.500 | Remaining Turns: 1 | TickDown: SUP2, PERM | Target: SUP2 | Affects: ['ALL']
        MortenaxBladeDMG | DMG% | Stacks: 1 | Value: 0.750 | Remaining Turns: 1 | TickDown: SUP2, PERM | Target: SUP2 | Affects: ['ALL']
        WarriorGoddessHealCD | CD% | Stacks: 1 | Value: 0.150 | Remaining Turns: 1 | TickDown: SUP2, START | Target: SUP2 | Affects: ['ALL']
        HuoHuoUltATK | ATK% | Stacks: 1 | Value: 0.400 | Remaining Turns: 1 | TickDown: SUP2, END | Target: SUP2 | Affects: ['ALL']
        HuoHuoUltExtraATK | ATK% | Stacks: 1 | Value: 0.240 | Remaining Turns: 1 | TickDown: SUP2, END | Target: SUP2 | Affects: ['ALL']
        ConvergingStarsCD | CD% | Stacks: 1 | Value: 0.120 | Remaining Turns: 1 | TickDown: SUP2, PERM | Target: SUP2 | Affects: ['ALL']
        TutorialERR | ERR_T | Stacks: 1 | Value: 8.000 | Remaining Turns: 1 | TickDown: SUP2, START | Target: SUP2 | Affects: ['ALL']
        ----------End of Buff List----------

        ----------Enemy Debuffs----------
        AshveilBaitShred | From: SUP1 | SHRED | Stacks: 1 | Value: 0.400 | Remaining Turns: 998 | Target: 1 | Targeting: ST | Affects: ['ALL'] | DOT: False | Blast: False
        MortenaxBladeUltVul | From: SUP2 | VULN | Stacks: 1 | Value: 0.500 | Remaining Turns: 2 | Target: 1 | Targeting: ST | Affects: ['ALL'] | DOT: False | Blast: False
        MortenaxBladeUltShred | From: SUP2 | SHRED | Stacks: 1 | Value: 0.300 | Remaining Turns: 2 | Target: 1 | Targeting: ST | Affects: ['ALL'] | DOT: False | Blast: False
        ----------End of Debuff List----------
        ----------Healing List----------
        ----------End of Healing List----------
    GAUGE  - Enemy 1 toughness reduced by 0.000
    RESULT - MortenaxBladeBounceFUA | MortenaxBlade | SUP2 | DMG: 10955.737 | ELADMG: 0.000 | Enemies Hit: [1] | Enemies Broken: [] | WB DMG: 0.000 | Energy: 0.000 | Amount HP Healed: 0.000 | Amount HP Lost: 0.000 | MortenaxBlade Energy: 160/160 | SP: 2 | MaxSP: 5)
    TURN   - MortenaxBladeBounceFUA | MortenaxBlade | SUP2 | ST attack | ['FIR'] | ['FUA'] | Scaling: HP | TargetID: 1 | DMG/BREAK Splits: [0.24, 0]/[5, 0] | Energy Gained: 0 | SP Change: 0

        ----------Char Buffs----------
        GilgameshTrace3ATK | ATK% | Stacks: 1 | Value: 0.200 | Remaining Turns: 1 | TickDown: SUP2, PERM | Target: SUP2 | Affects: ['ALL']
        GilgameshTrace3CD | CD% | Stacks: 1 | Value: 0.200 | Remaining Turns: 1 | TickDown: SUP2, PERM | Target: SUP2 | Affects: ['ALL']
        AshveilTrace3CD | CD% | Stacks: 1 | Value: 0.400 | Remaining Turns: 1 | TickDown: SUP1, PERM | Target: SUP2 | Affects: ['ALL']
        AshveilTrace3FUACD | CD% | Stacks: 1 | Value: 0.800 | Remaining Turns: 1 | TickDown: SUP1, PERM | Target: SUP2 | Affects: ['FUA']
        TutorialEHR | EHR% | Stacks: 1 | Value: 0.400 | Remaining Turns: 1 | TickDown: SUP2, PERM | Target: SUP2 | Affects: ['ALL']
        MasterSmithHP | HP% | Stacks: 1 | Value: 0.120 | Remaining Turns: 1 | TickDown: SUP2, PERM | Target: SUP2 | Affects: ['ALL']
        LushakaERR | ERR% | Stacks: 1 | Value: 0.050 | Remaining Turns: 1 | TickDown: SUP2, PERM | Target: SUP2 | Affects: ['ALL']
        MortenaxBladeTraceCR | CR% | Stacks: 1 | Value: 0.120 | Remaining Turns: 1 | TickDown: SUP2, PERM | Target: SUP2 | Affects: ['ALL']
        MortenaxBladeTraceHP | HP% | Stacks: 1 | Value: 0.100 | Remaining Turns: 1 | TickDown: SUP2, PERM | Target: SUP2 | Affects: ['ALL']
        MortenaxBladeTraceDMG | DMG% | Stacks: 1 | Value: 0.224 | Remaining Turns: 1 | TickDown: SUP2, PERM | Target: SUP2 | Affects: ['ALL']
        KeelCD(SUS) | CD% | Stacks: 1 | Value: 0.100 | Remaining Turns: 1 | TickDown: SUP2, PERM | Target: SUP2 | Affects: ['ALL']
        MasterSmithCD | CD% | Stacks: 1 | Value: 0.280 | Remaining Turns: 1 | TickDown: SUP2, PERM | Target: SUP2 | Affects: ['ALL']
        MasterSmithComburent | DMG% | Stacks: 1 | Value: 0.150 | Remaining Turns: 2 | TickDown: SUP2, END | Target: SUP2 | Affects: ['ALL']
        MortenaxBladeCRBoost | CR% | Stacks: 1 | Value: 0.200 | Remaining Turns: 1 | TickDown: SUP2, PERM | Target: SUP2 | Affects: ['ALL']
        MortenaxBladeCDBoost | CD% | Stacks: 1 | Value: 0.600 | Remaining Turns: 1 | TickDown: SUP2, PERM | Target: SUP2 | Affects: ['ALL']
        MortenaxBladeDMGReduction | DMG_REDUCTION | Stacks: 1 | Value: 0.500 | Remaining Turns: 1 | TickDown: SUP2, PERM | Target: SUP2 | Affects: ['ALL']
        MortenaxBladeDMGBoost | DMG% | Stacks: 1 | Value: 0.500 | Remaining Turns: 1 | TickDown: SUP2, PERM | Target: SUP2 | Affects: ['ALL']
        MortenaxBladeDMG | DMG% | Stacks: 1 | Value: 0.750 | Remaining Turns: 1 | TickDown: SUP2, PERM | Target: SUP2 | Affects: ['ALL']
        WarriorGoddessHealCD | CD% | Stacks: 1 | Value: 0.150 | Remaining Turns: 1 | TickDown: SUP2, START | Target: SUP2 | Affects: ['ALL']
        HuoHuoUltATK | ATK% | Stacks: 1 | Value: 0.400 | Remaining Turns: 1 | TickDown: SUP2, END | Target: SUP2 | Affects: ['ALL']
        HuoHuoUltExtraATK | ATK% | Stacks: 1 | Value: 0.240 | Remaining Turns: 1 | TickDown: SUP2, END | Target: SUP2 | Affects: ['ALL']
        ConvergingStarsCD | CD% | Stacks: 1 | Value: 0.120 | Remaining Turns: 1 | TickDown: SUP2, PERM | Target: SUP2 | Affects: ['ALL']
        TutorialERR | ERR_T | Stacks: 1 | Value: 8.000 | Remaining Turns: 1 | TickDown: SUP2, START | Target: SUP2 | Affects: ['ALL']
        ----------End of Buff List----------

        ----------Enemy Debuffs----------
        AshveilBaitShred | From: SUP1 | SHRED | Stacks: 1 | Value: 0.400 | Remaining Turns: 998 | Target: 1 | Targeting: ST | Affects: ['ALL'] | DOT: False | Blast: False
        MortenaxBladeUltVul | From: SUP2 | VULN | Stacks: 1 | Value: 0.500 | Remaining Turns: 2 | Target: 1 | Targeting: ST | Affects: ['ALL'] | DOT: False | Blast: False
        MortenaxBladeUltShred | From: SUP2 | SHRED | Stacks: 1 | Value: 0.300 | Remaining Turns: 2 | Target: 1 | Targeting: ST | Affects: ['ALL'] | DOT: False | Blast: False
        ----------End of Debuff List----------
        ----------Healing List----------
        ----------End of Healing List----------
    GAUGE  - Enemy 1 toughness reduced by 0.000
    RESULT - MortenaxBladeBounceFUA | MortenaxBlade | SUP2 | DMG: 10955.737 | ELADMG: 0.000 | Enemies Hit: [1] | Enemies Broken: [] | WB DMG: 0.000 | Energy: 0.000 | Amount HP Healed: 0.000 | Amount HP Lost: 0.000 | MortenaxBlade Energy: 160/160 | SP: 2 | MaxSP: 5)
    TURN   - AshveilFUA | Ashveil | SUP1 | ST attack | ['LNG'] | ['FUA'] | Scaling: ATK | TargetID: 0 | DMG/BREAK Splits: [2.0, 0]/[5, 0] | Energy Gained: 5 | SP Change: 0

        ----------Char Buffs----------
        GilgameshTrace3ATK | ATK% | Stacks: 1 | Value: 0.200 | Remaining Turns: 1 | TickDown: SUP1, PERM | Target: SUP1 | Affects: ['ALL']
        GilgameshTrace3CD | CD% | Stacks: 1 | Value: 0.200 | Remaining Turns: 1 | TickDown: SUP1, PERM | Target: SUP1 | Affects: ['ALL']
        CruisingBaseCR | CR% | Stacks: 1 | Value: 0.160 | Remaining Turns: 1 | TickDown: SUP1, PERM | Target: SUP1 | Affects: ['ALL']
        DukeDMG | DMG% | Stacks: 1 | Value: 0.200 | Remaining Turns: 1 | TickDown: SUP1, PERM | Target: SUP1 | Affects: ['FUA']
        AshveilTraceCD | CD% | Stacks: 1 | Value: 0.373 | Remaining Turns: 1 | TickDown: SUP1, PERM | Target: SUP1 | Affects: ['ALL']
        AshveilTraceATK | ATK% | Stacks: 1 | Value: 0.100 | Remaining Turns: 1 | TickDown: SUP1, PERM | Target: SUP1 | Affects: ['ALL']
        AshveilTraceDMG | DMG% | Stacks: 1 | Value: 0.144 | Remaining Turns: 1 | TickDown: SUP1, PERM | Target: SUP1 | Affects: ['ALL']
        AshveilTrace2DMG | DMG% | Stacks: 1 | Value: 0.800 | Remaining Turns: 1 | TickDown: SUP1, PERM | Target: SUP1 | Affects: ['FUA']
        AshveilTrace3CD | CD% | Stacks: 1 | Value: 0.400 | Remaining Turns: 1 | TickDown: SUP1, PERM | Target: SUP1 | Affects: ['ALL']
        AshveilTrace3FUACD | CD% | Stacks: 1 | Value: 0.800 | Remaining Turns: 1 | TickDown: SUP1, PERM | Target: SUP1 | Affects: ['FUA']
        KeelCD(SUS) | CD% | Stacks: 1 | Value: 0.100 | Remaining Turns: 1 | TickDown: SUP1, PERM | Target: SUP1 | Affects: ['ALL']
        GilgameshTrace3AllyATK | ATK% | Stacks: 1 | Value: 0.100 | Remaining Turns: 1 | TickDown: SUP1, PERM | Target: SUP1 | Affects: ['ALL']
        GilgameshTrace3AllyCD | CD% | Stacks: 1 | Value: 0.100 | Remaining Turns: 1 | TickDown: SUP1, PERM | Target: SUP1 | Affects: ['ALL']
        MasterSmithComburent | DMG% | Stacks: 1 | Value: 0.150 | Remaining Turns: 2 | TickDown: SUP1, END | Target: SUP1 | Affects: ['ALL']
        DukeATK | ATK% | Stacks: 1 | Value: 0.480 | Remaining Turns: 3 | TickDown: SUP1, END | Target: SUP1 | Affects: ['ALL']
        ConvergingStarsATK | ATK% | Stacks: 1 | Value: 0.240 | Remaining Turns: 2 | TickDown: SUP1, END | Target: SUP1 | Affects: ['ALL']
        MortenaxBladeDMGBoost | DMG% | Stacks: 1 | Value: 0.500 | Remaining Turns: 1 | TickDown: SUP1, PERM | Target: SUP1 | Affects: ['ALL']
        WarriorGoddessHealCD | CD% | Stacks: 1 | Value: 0.150 | Remaining Turns: 2 | TickDown: SUP1, START | Target: SUP1 | Affects: ['ALL']
        AshveilTrace2GluttonyDMG | DMG% | Stacks: 1 | Value: 0.800 | Remaining Turns: 1 | TickDown: SUP1, END | Target: SUP1 | Affects: ['FUA']
        CruisingLowHPCR | CR% | Stacks: 1 | Value: 0.160 | Remaining Turns: 1 | TickDown: SUP1, START | Target: SUP1 | Affects: ['ALL']
        AshveilTalentEnergy5 | ERR_F | Stacks: 1 | Value: 8.000 | Remaining Turns: 1 | TickDown: SUP1, END | Target: SUP1 | Affects: ['ALL']
        CruisingKillATK | ATK% | Stacks: 1 | Value: 0.400 | Remaining Turns: 2 | TickDown: SUP1, END | Target: SUP1 | Affects: ['ALL']
        ConvergingStarsCD | CD% | Stacks: 1 | Value: 0.120 | Remaining Turns: 1 | TickDown: SUP1, PERM | Target: SUP1 | Affects: ['ALL']
        AshveilTalentEnergy6 | ERR_F | Stacks: 1 | Value: 8.000 | Remaining Turns: 1 | TickDown: SUP1, END | Target: SUP1 | Affects: ['ALL']
        ----------End of Buff List----------

        ----------Enemy Debuffs----------
        AshveilBaitShred | From: SUP1 | SHRED | Stacks: 1 | Value: 0.400 | Remaining Turns: 999 | Target: 0 | Targeting: ST | Affects: ['ALL'] | DOT: False | Blast: False
        HuohuoTechniqueDebuff | From: SUS | ATK_REDUCTION | Stacks: 1 | Value: 0.250 | Remaining Turns: 1 | Target: 0 | Targeting: ST | Affects: ['SPECIAL'] | DOT: False | Blast: False
        MortenaxBladeUltVul | From: SUP2 | VULN | Stacks: 1 | Value: 0.500 | Remaining Turns: 2 | Target: 0 | Targeting: ST | Affects: ['ALL'] | DOT: False | Blast: False
        MortenaxBladeUltShred | From: SUP2 | SHRED | Stacks: 1 | Value: 0.300 | Remaining Turns: 2 | Target: 0 | Targeting: ST | Affects: ['ALL'] | DOT: False | Blast: False
        Enemy 0 LNG-break | From: SUP1 | SHOCK | Stacks: 1 | Value: 8414.001 | Remaining Turns: 2 | Target: 0 | Targeting: ST | Affects: ['ALL'] | DOT: True | Blast: False
        ----------End of Debuff List----------
        ----------Healing List----------
        ----------End of Healing List----------
    GAUGE  - Enemy 0 toughness reduced by 5.000
    RESULT - AshveilFUA | Ashveil | SUP1 | DMG: 174306.721 | ELADMG: 0.000 | Enemies Hit: [0] | Enemies Broken: [] | WB DMG: 0.000 | Energy: 5.000 | Amount HP Healed: 0.000 | Amount HP Lost: 0.000 | Ashveil Energy: 38/150 | SP: 2 | MaxSP: 5)
Gilgamesh Obtained 1 Interest from Teammate, Current count: 3
MortenaxBlade has obtained 1 Charge. Current Charge count: 2.
ERR    > 8.000 energy added to Ashveil from AshveilTalentEnergy5 | Ashveil Energy: 46.000
ERR    > 8.000 energy added to Ashveil from AshveilTalentEnergy6 | Ashveil Energy: 54.000
ERR    > 9.955 energy added to MortenaxBlade from TutorialERR | MortenaxBlade Energy: 160.000
ULT    > MortenaxBlade used their ultimate
MortenaxBlade has obtained 1 Charge. Current Charge count: 3.
    TURN   - MortenaxBladeEnhancedUlt | MortenaxBlade | SUP2 | AOE attack | ['FIR'] | ['ULT'] | Scaling: HP | TargetID: 1 | DMG/BREAK Splits: [3.5, 0]/[20, 0] | Energy Gained: 5 | SP Change: 0

        ----------Char Buffs----------
        GilgameshTrace3ATK | ATK% | Stacks: 1 | Value: 0.200 | Remaining Turns: 1 | TickDown: SUP2, PERM | Target: SUP2 | Affects: ['ALL']
        GilgameshTrace3CD | CD% | Stacks: 1 | Value: 0.200 | Remaining Turns: 1 | TickDown: SUP2, PERM | Target: SUP2 | Affects: ['ALL']
        AshveilTrace3CD | CD% | Stacks: 1 | Value: 0.400 | Remaining Turns: 1 | TickDown: SUP1, PERM | Target: SUP2 | Affects: ['ALL']
        TutorialEHR | EHR% | Stacks: 1 | Value: 0.400 | Remaining Turns: 1 | TickDown: SUP2, PERM | Target: SUP2 | Affects: ['ALL']
        MasterSmithHP | HP% | Stacks: 1 | Value: 0.120 | Remaining Turns: 1 | TickDown: SUP2, PERM | Target: SUP2 | Affects: ['ALL']
        LushakaERR | ERR% | Stacks: 1 | Value: 0.050 | Remaining Turns: 1 | TickDown: SUP2, PERM | Target: SUP2 | Affects: ['ALL']
        MortenaxBladeTraceCR | CR% | Stacks: 1 | Value: 0.120 | Remaining Turns: 1 | TickDown: SUP2, PERM | Target: SUP2 | Affects: ['ALL']
        MortenaxBladeTraceHP | HP% | Stacks: 1 | Value: 0.100 | Remaining Turns: 1 | TickDown: SUP2, PERM | Target: SUP2 | Affects: ['ALL']
        MortenaxBladeTraceDMG | DMG% | Stacks: 1 | Value: 0.224 | Remaining Turns: 1 | TickDown: SUP2, PERM | Target: SUP2 | Affects: ['ALL']
        KeelCD(SUS) | CD% | Stacks: 1 | Value: 0.100 | Remaining Turns: 1 | TickDown: SUP2, PERM | Target: SUP2 | Affects: ['ALL']
        MasterSmithCD | CD% | Stacks: 1 | Value: 0.280 | Remaining Turns: 1 | TickDown: SUP2, PERM | Target: SUP2 | Affects: ['ALL']
        MasterSmithComburent | DMG% | Stacks: 1 | Value: 0.150 | Remaining Turns: 2 | TickDown: SUP2, END | Target: SUP2 | Affects: ['ALL']
        MortenaxBladeCRBoost | CR% | Stacks: 1 | Value: 0.200 | Remaining Turns: 1 | TickDown: SUP2, PERM | Target: SUP2 | Affects: ['ALL']
        MortenaxBladeCDBoost | CD% | Stacks: 1 | Value: 0.600 | Remaining Turns: 1 | TickDown: SUP2, PERM | Target: SUP2 | Affects: ['ALL']
        MortenaxBladeDMGReduction | DMG_REDUCTION | Stacks: 1 | Value: 0.500 | Remaining Turns: 1 | TickDown: SUP2, PERM | Target: SUP2 | Affects: ['ALL']
        MortenaxBladeDMGBoost | DMG% | Stacks: 1 | Value: 0.500 | Remaining Turns: 1 | TickDown: SUP2, PERM | Target: SUP2 | Affects: ['ALL']
        MortenaxBladeDMG | DMG% | Stacks: 1 | Value: 0.750 | Remaining Turns: 1 | TickDown: SUP2, PERM | Target: SUP2 | Affects: ['ALL']
        WarriorGoddessHealCD | CD% | Stacks: 1 | Value: 0.150 | Remaining Turns: 1 | TickDown: SUP2, START | Target: SUP2 | Affects: ['ALL']
        HuoHuoUltATK | ATK% | Stacks: 1 | Value: 0.400 | Remaining Turns: 1 | TickDown: SUP2, END | Target: SUP2 | Affects: ['ALL']
        HuoHuoUltExtraATK | ATK% | Stacks: 1 | Value: 0.240 | Remaining Turns: 1 | TickDown: SUP2, END | Target: SUP2 | Affects: ['ALL']
        ConvergingStarsCD | CD% | Stacks: 1 | Value: 0.120 | Remaining Turns: 1 | TickDown: SUP2, PERM | Target: SUP2 | Affects: ['ALL']
        ----------End of Buff List----------

        ----------Enemy Debuffs----------
        AshveilBaitShred | From: SUP1 | SHRED | Stacks: 1 | Value: 0.400 | Remaining Turns: 998 | Target: 1 | Targeting: ST | Affects: ['ALL'] | DOT: False | Blast: False
        MortenaxBladeUltVul | From: SUP2 | VULN | Stacks: 1 | Value: 0.500 | Remaining Turns: 2 | Target: 1 | Targeting: ST | Affects: ['ALL'] | DOT: False | Blast: False
        MortenaxBladeUltShred | From: SUP2 | SHRED | Stacks: 1 | Value: 0.300 | Remaining Turns: 2 | Target: 1 | Targeting: ST | Affects: ['ALL'] | DOT: False | Blast: False
        ----------End of Debuff List----------
        ----------Healing List----------
        ----------End of Healing List----------
    GAUGE  - Enemy 0 toughness reduced by 0.000
    GAUGE  - Enemy 1 toughness reduced by 0.000
    GAUGE  - Enemy 2 toughness reduced by 0.000
    RESULT - MortenaxBladeEnhancedUlt | MortenaxBlade | SUP2 | DMG: 408982.998 | ELADMG: 0.000 | Enemies Hit: [0, 1, 2] | Enemies Broken: [] | WB DMG: 0.000 | Energy: 6.222 | Amount HP Healed: 0.000 | Amount HP Lost: 0.000 | MortenaxBlade Energy: 6/160 | SP: 2 | MaxSP: 5)
Gilgamesh Obtained 2 Interest from Teammate Ult, Current count: 5
Gilgamesh Obtained 48.0 Energy from Teammate
Gilgamesh Obtained 1 Interest from Teammate, Current count: 6
    TURN   - HuoHuoAllyERR | HuoHuo | SUS | NA attack | ['WIN'] | ['SPECIAL'] | Scaling: HP | TargetID: 1 | DMG/BREAK Splits: [0, 0]/[0, 0] | Energy Gained: 1 | SP Change: 0

        ----------Char Buffs----------
        GilgameshTrace3ATK | ATK% | Stacks: 1 | Value: 0.200 | Remaining Turns: 1 | TickDown: SUS, PERM | Target: SUS | Affects: ['ALL']
        GilgameshTrace3CD | CD% | Stacks: 1 | Value: 0.200 | Remaining Turns: 1 | TickDown: SUS, PERM | Target: SUS | Affects: ['ALL']
        AshveilTrace3CD | CD% | Stacks: 1 | Value: 0.400 | Remaining Turns: 1 | TickDown: SUP1, PERM | Target: SUS | Affects: ['ALL']
        PostOpERR | ERR% | Stacks: 1 | Value: 0.160 | Remaining Turns: 1 | TickDown: SUS, PERM | Target: SUS | Affects: ['ALL']
        WarriorGoddessSPD | SPD% | Stacks: 1 | Value: 0.060 | Remaining Turns: 1 | TickDown: SUS, PERM | Target: SUS | Affects: ['ALL']
        KeelEFFRES | ERS% | Stacks: 1 | Value: 0.100 | Remaining Turns: 1 | TickDown: SUS, PERM | Target: SUS | Affects: ['ALL']
        KeelCD(SUS) | CD% | Stacks: 1 | Value: 0.100 | Remaining Turns: 1 | TickDown: SUS, PERM | Target: SUS | Affects: ['ALL']
        HHTraceHP | HP% | Stacks: 1 | Value: 0.280 | Remaining Turns: 1 | TickDown: SUS, PERM | Target: SUS | Affects: ['ALL']
        HHTraceERS | ERS% | Stacks: 1 | Value: 0.180 | Remaining Turns: 1 | TickDown: SUS, PERM | Target: SUS | Affects: ['ALL']
        HHTraceSPD | SPD | Stacks: 1 | Value: 5.000 | Remaining Turns: 1 | TickDown: SUS, PERM | Target: SUS | Affects: ['ALL']
        MasterSmithComburent | DMG% | Stacks: 1 | Value: 0.150 | Remaining Turns: 2 | TickDown: SUS, END | Target: SUS | Affects: ['ALL']
        MortenaxBladeDMGBoost | DMG% | Stacks: 1 | Value: 0.500 | Remaining Turns: 1 | TickDown: SUS, PERM | Target: SUS | Affects: ['ALL']
        WarriorGoddessHealSPD | SPD% | Stacks: 1 | Value: 0.060 | Remaining Turns: 2 | TickDown: SUS, START | Target: SUS | Affects: ['ALL']
        WarriorGoddessHealCD | CD% | Stacks: 1 | Value: 0.150 | Remaining Turns: 2 | TickDown: SUS, START | Target: SUS | Affects: ['ALL']
        ConvergingStarsCD | CD% | Stacks: 1 | Value: 0.120 | Remaining Turns: 1 | TickDown: SUS, PERM | Target: SUS | Affects: ['ALL']
        ----------End of Buff List----------

        ----------Enemy Debuffs----------
        AshveilBaitShred | From: SUP1 | SHRED | Stacks: 1 | Value: 0.400 | Remaining Turns: 998 | Target: 1 | Targeting: ST | Affects: ['ALL'] | DOT: False | Blast: False
        MortenaxBladeUltVul | From: SUP2 | VULN | Stacks: 1 | Value: 0.500 | Remaining Turns: 2 | Target: 1 | Targeting: ST | Affects: ['ALL'] | DOT: False | Blast: False
        MortenaxBladeUltShred | From: SUP2 | SHRED | Stacks: 1 | Value: 0.300 | Remaining Turns: 2 | Target: 1 | Targeting: ST | Affects: ['ALL'] | DOT: False | Blast: False
        ----------End of Debuff List----------
        ----------Healing List----------
        HuoHuoTalentHealingScaling | Targeting: Targeting.SINGLE | Healing Value: [0] | Target: ALL
        HuoHuoTalentHealingScaling | Targeting: Targeting.SINGLE | Healing Value: [0.045] | Target: ALL
        HuoHuoTalentHealingScaling | Targeting: Targeting.SINGLE | Healing Value: [0] | Target: ALL
        HuoHuoTalentHealingScaling | Targeting: Targeting.SINGLE | Healing Value: [0] | Target: ALL
        HuoHuoTalentHealingFlat | Targeting: Targeting.SINGLE | Healing Value: [0] | Target: ALL
        HuoHuoTalentHealingFlat | Targeting: Targeting.SINGLE | Healing Value: [120] | Target: ALL
        HuoHuoTalentHealingFlat | Targeting: Targeting.SINGLE | Healing Value: [0] | Target: ALL
        HuoHuoTalentHealingFlat | Targeting: Targeting.SINGLE | Healing Value: [0] | Target: ALL
        ----------End of Healing List----------
    GAUGE  - Enemy 1 toughness reduced by 0.000
    RESULT - HuoHuoAllyERR | HuoHuo | SUS | DMG: 0.000 | ELADMG: 0.000 | Enemies Hit: [1] | Enemies Broken: [] | WB DMG: 0.000 | Energy: 1.354 | Amount HP Healed: 371.779 | Amount HP Lost: 0.000 | HuoHuo Energy: 77/140 | SP: 2 | MaxSP: 5)
ERR    > 48.000 energy added to Gilgamesh from GilgameshTrace1ERRAlly2 | Gilgamesh Energy: 129.667
ERR    > 8.000 energy added to Ashveil from AshveilTalentEnergy7 | Ashveil Energy: 62.000
ERR    > 9.955 energy added to MortenaxBlade from TutorialERR | MortenaxBlade Energy: 16.177
        Buff HuoHuoUltATK expired
        Buff HuoHuoUltExtraATK expired
SPD    > Gilgamesh speed changed to 159.800 | NewAV: 0.000
AV     > Gilgamesh AV reset to 62.578 | 159.800 SPD

<<< NEW TURN >>>
-   Ashveil AV: 0.000 ENERGY: 62.000 MaxHP: 2729.320 CurrHp 2729.320
-   Enemy 2 AV: 6.388 ENERGY: 0.000 MaxHP: 2000000.000 CurrHp 932041.006
-   Enemy 0 AV: 25.619 ENERGY: 0.000 MaxHP: 2000000.000 CurrHp 1643108.799
-   HuoHuo AV: 41.831 ENERGY: 77.200 MaxHP: 6139.808 CurrHp 6139.808
-   Enemy 1 AV: 41.936 ENERGY: 0.000 MaxHP: 5000000.000 CurrHp 2217727.310
-   MortenaxBlade AV: 46.051 ENERGY: 16.177 MaxHP: 4869.135 CurrHp 3895.308
-   Gilgamesh AV: 46.751 ENERGY: 129.667 MaxHP: 3134.558 CurrHp 3134.558
-   InfiniteFury AV: 59.902 ENERGY: 0.000 MaxHP: 0.000 CurrHp 0.000

Combat context set: 3 enemies, 4 players
Combat context initialized: 3 enemies, Elation team size: 0
ACTION > [CHAR] TotalAV: 147.458 | TurnAV: 15.827 | Ashveil | E-move
        Buff CruisingLowHPCR expired
Ashveil has obtained 1 gluttony stack from Skill.
    TURN   - AshveilSkill | Ashveil | SUP1 | ST attack | ['LNG'] | ['SKL'] | Scaling: ATK | TargetID: 2 | DMG/BREAK Splits: [3.0, 0]/[20, 0] | Energy Gained: 30 | SP Change: 0

        ----------Char Buffs----------
        GilgameshTrace3ATK | ATK% | Stacks: 1 | Value: 0.200 | Remaining Turns: 1 | TickDown: SUP1, PERM | Target: SUP1 | Affects: ['ALL']
        GilgameshTrace3CD | CD% | Stacks: 1 | Value: 0.200 | Remaining Turns: 1 | TickDown: SUP1, PERM | Target: SUP1 | Affects: ['ALL']
        CruisingBaseCR | CR% | Stacks: 1 | Value: 0.160 | Remaining Turns: 1 | TickDown: SUP1, PERM | Target: SUP1 | Affects: ['ALL']
        AshveilTraceCD | CD% | Stacks: 1 | Value: 0.373 | Remaining Turns: 1 | TickDown: SUP1, PERM | Target: SUP1 | Affects: ['ALL']
        AshveilTraceATK | ATK% | Stacks: 1 | Value: 0.100 | Remaining Turns: 1 | TickDown: SUP1, PERM | Target: SUP1 | Affects: ['ALL']
        AshveilTraceDMG | DMG% | Stacks: 1 | Value: 0.144 | Remaining Turns: 1 | TickDown: SUP1, PERM | Target: SUP1 | Affects: ['ALL']
        AshveilTrace3CD | CD% | Stacks: 1 | Value: 0.400 | Remaining Turns: 1 | TickDown: SUP1, PERM | Target: SUP1 | Affects: ['ALL']
        KeelCD(SUS) | CD% | Stacks: 1 | Value: 0.100 | Remaining Turns: 1 | TickDown: SUP1, PERM | Target: SUP1 | Affects: ['ALL']
        GilgameshTrace3AllyATK | ATK% | Stacks: 1 | Value: 0.100 | Remaining Turns: 1 | TickDown: SUP1, PERM | Target: SUP1 | Affects: ['ALL']
        GilgameshTrace3AllyCD | CD% | Stacks: 1 | Value: 0.100 | Remaining Turns: 1 | TickDown: SUP1, PERM | Target: SUP1 | Affects: ['ALL']
        MasterSmithComburent | DMG% | Stacks: 1 | Value: 0.150 | Remaining Turns: 2 | TickDown: SUP1, END | Target: SUP1 | Affects: ['ALL']
        DukeATK | ATK% | Stacks: 1 | Value: 0.480 | Remaining Turns: 3 | TickDown: SUP1, END | Target: SUP1 | Affects: ['ALL']
        ConvergingStarsATK | ATK% | Stacks: 1 | Value: 0.240 | Remaining Turns: 2 | TickDown: SUP1, END | Target: SUP1 | Affects: ['ALL']
        MortenaxBladeDMGBoost | DMG% | Stacks: 1 | Value: 0.500 | Remaining Turns: 1 | TickDown: SUP1, PERM | Target: SUP1 | Affects: ['ALL']
        WarriorGoddessHealCD | CD% | Stacks: 1 | Value: 0.150 | Remaining Turns: 1 | TickDown: SUP1, START | Target: SUP1 | Affects: ['ALL']
        CruisingKillATK | ATK% | Stacks: 1 | Value: 0.400 | Remaining Turns: 2 | TickDown: SUP1, END | Target: SUP1 | Affects: ['ALL']
        ConvergingStarsCD | CD% | Stacks: 1 | Value: 0.120 | Remaining Turns: 1 | TickDown: SUP1, PERM | Target: SUP1 | Affects: ['ALL']
        ----------End of Buff List----------

        ----------Enemy Debuffs----------
        AshveilBaitShred | From: SUP1 | SHRED | Stacks: 1 | Value: 0.400 | Remaining Turns: 999 | Target: 2 | Targeting: ST | Affects: ['ALL'] | DOT: False | Blast: False
        HuohuoTechniqueDebuff | From: SUS | ATK_REDUCTION | Stacks: 1 | Value: 0.250 | Remaining Turns: 1 | Target: 2 | Targeting: ST | Affects: ['SPECIAL'] | DOT: False | Blast: False
        MortenaxBladeUltVul | From: SUP2 | VULN | Stacks: 1 | Value: 0.500 | Remaining Turns: 2 | Target: 2 | Targeting: ST | Affects: ['ALL'] | DOT: False | Blast: False
        MortenaxBladeUltShred | From: SUP2 | SHRED | Stacks: 1 | Value: 0.300 | Remaining Turns: 2 | Target: 2 | Targeting: ST | Affects: ['ALL'] | DOT: False | Blast: False
        ----------End of Debuff List----------
        ----------Healing List----------
        ----------End of Healing List----------
    GAUGE  - Enemy 2 toughness reduced by 20.000
    RESULT - AshveilSkill | Ashveil | SUP1 | DMG: 87991.487 | ELADMG: 0.000 | Enemies Hit: [2] | Enemies Broken: [] | WB DMG: 0.000 | Energy: 30.000 | Amount HP Healed: 0.000 | Amount HP Lost: 0.000 | Ashveil Energy: 92/150 | SP: 2 | MaxSP: 5)
Gilgamesh Obtained 1 Interest from Teammate, Current count: 7
MortenaxBlade has obtained 1 Charge. Current Charge count: 4.
    TURN   - HuoHuoAllyERR | HuoHuo | SUS | NA attack | ['WIN'] | ['SPECIAL'] | Scaling: HP | TargetID: 1 | DMG/BREAK Splits: [0, 0]/[0, 0] | Energy Gained: 1 | SP Change: 0

        ----------Char Buffs----------
        GilgameshTrace3ATK | ATK% | Stacks: 1 | Value: 0.200 | Remaining Turns: 1 | TickDown: SUS, PERM | Target: SUS | Affects: ['ALL']
        GilgameshTrace3CD | CD% | Stacks: 1 | Value: 0.200 | Remaining Turns: 1 | TickDown: SUS, PERM | Target: SUS | Affects: ['ALL']
        AshveilTrace3CD | CD% | Stacks: 1 | Value: 0.400 | Remaining Turns: 1 | TickDown: SUP1, PERM | Target: SUS | Affects: ['ALL']
        PostOpERR | ERR% | Stacks: 1 | Value: 0.160 | Remaining Turns: 1 | TickDown: SUS, PERM | Target: SUS | Affects: ['ALL']
        WarriorGoddessSPD | SPD% | Stacks: 1 | Value: 0.060 | Remaining Turns: 1 | TickDown: SUS, PERM | Target: SUS | Affects: ['ALL']
        KeelEFFRES | ERS% | Stacks: 1 | Value: 0.100 | Remaining Turns: 1 | TickDown: SUS, PERM | Target: SUS | Affects: ['ALL']
        KeelCD(SUS) | CD% | Stacks: 1 | Value: 0.100 | Remaining Turns: 1 | TickDown: SUS, PERM | Target: SUS | Affects: ['ALL']
        HHTraceHP | HP% | Stacks: 1 | Value: 0.280 | Remaining Turns: 1 | TickDown: SUS, PERM | Target: SUS | Affects: ['ALL']
        HHTraceERS | ERS% | Stacks: 1 | Value: 0.180 | Remaining Turns: 1 | TickDown: SUS, PERM | Target: SUS | Affects: ['ALL']
        HHTraceSPD | SPD | Stacks: 1 | Value: 5.000 | Remaining Turns: 1 | TickDown: SUS, PERM | Target: SUS | Affects: ['ALL']
        MasterSmithComburent | DMG% | Stacks: 1 | Value: 0.150 | Remaining Turns: 2 | TickDown: SUS, END | Target: SUS | Affects: ['ALL']
        MortenaxBladeDMGBoost | DMG% | Stacks: 1 | Value: 0.500 | Remaining Turns: 1 | TickDown: SUS, PERM | Target: SUS | Affects: ['ALL']
        WarriorGoddessHealSPD | SPD% | Stacks: 1 | Value: 0.060 | Remaining Turns: 2 | TickDown: SUS, START | Target: SUS | Affects: ['ALL']
        WarriorGoddessHealCD | CD% | Stacks: 1 | Value: 0.150 | Remaining Turns: 2 | TickDown: SUS, START | Target: SUS | Affects: ['ALL']
        ConvergingStarsCD | CD% | Stacks: 1 | Value: 0.120 | Remaining Turns: 1 | TickDown: SUS, PERM | Target: SUS | Affects: ['ALL']
        ----------End of Buff List----------

        ----------Enemy Debuffs----------
        AshveilBaitShred | From: SUP1 | SHRED | Stacks: 1 | Value: 0.400 | Remaining Turns: 998 | Target: 1 | Targeting: ST | Affects: ['ALL'] | DOT: False | Blast: False
        MortenaxBladeUltVul | From: SUP2 | VULN | Stacks: 1 | Value: 0.500 | Remaining Turns: 2 | Target: 1 | Targeting: ST | Affects: ['ALL'] | DOT: False | Blast: False
        MortenaxBladeUltShred | From: SUP2 | SHRED | Stacks: 1 | Value: 0.300 | Remaining Turns: 2 | Target: 1 | Targeting: ST | Affects: ['ALL'] | DOT: False | Blast: False
        ----------End of Debuff List----------
        ----------Healing List----------
        HuoHuoTalentHealingScaling | Targeting: Targeting.SINGLE | Healing Value: [0] | Target: ALL
        HuoHuoTalentHealingScaling | Targeting: Targeting.SINGLE | Healing Value: [0.045] | Target: ALL
        HuoHuoTalentHealingScaling | Targeting: Targeting.SINGLE | Healing Value: [0] | Target: ALL
        HuoHuoTalentHealingScaling | Targeting: Targeting.SINGLE | Healing Value: [0] | Target: ALL
        HuoHuoTalentHealingFlat | Targeting: Targeting.SINGLE | Healing Value: [0] | Target: ALL
        HuoHuoTalentHealingFlat | Targeting: Targeting.SINGLE | Healing Value: [120] | Target: ALL
        HuoHuoTalentHealingFlat | Targeting: Targeting.SINGLE | Healing Value: [0] | Target: ALL
        HuoHuoTalentHealingFlat | Targeting: Targeting.SINGLE | Healing Value: [0] | Target: ALL
        ----------End of Healing List----------
    GAUGE  - Enemy 1 toughness reduced by 0.000
    RESULT - HuoHuoAllyERR | HuoHuo | SUS | DMG: 0.000 | ELADMG: 0.000 | Enemies Hit: [1] | Enemies Broken: [] | WB DMG: 0.000 | Energy: 1.354 | Amount HP Healed: 371.779 | Amount HP Lost: 0.000 | HuoHuo Energy: 79/140 | SP: 2 | MaxSP: 5)
        Buff AshveilTrace2GluttonyDMG expired
SPD    > Gilgamesh speed changed to 169.500 | NewAV: 44.076
AV     > Ashveil AV reset to 73.729 | 135.632 SPD

<<< NEW TURN >>>
-   Enemy 2 AV: 0.000 ENERGY: 0.000 MaxHP: 2000000.000 CurrHp 844049.519
-   Enemy 0 AV: 19.231 ENERGY: 0.000 MaxHP: 2000000.000 CurrHp 1643108.799
-   HuoHuo AV: 35.442 ENERGY: 78.555 MaxHP: 6139.808 CurrHp 6139.808
-   Enemy 1 AV: 35.548 ENERGY: 0.000 MaxHP: 5000000.000 CurrHp 2217727.310
-   Gilgamesh AV: 37.687 ENERGY: 129.667 MaxHP: 3134.558 CurrHp 3134.558
-   MortenaxBlade AV: 39.662 ENERGY: 16.177 MaxHP: 4869.135 CurrHp 3895.308
-   InfiniteFury AV: 53.514 ENERGY: 0.000 MaxHP: 0.000 CurrHp 0.000
-   Ashveil AV: 67.341 ENERGY: 92.000 MaxHP: 2729.320 CurrHp 2729.320

Combat context set: 3 enemies, 4 players
Combat context initialized: 3 enemies, Elation team size: 0
ACTION > [ENEMY] TotalAV: 153.846 | TurnAV: 6.388 | Enemy 2 | 1 attacks
MortenaxBlade has obtained 1 Charge. Current Charge count: 5.
    CharEnergy - Gilgamesh: Hit 3.333 Total: 133.000 | Ashveil: Hit 6.667 Total: 98.667 | MortenaxBlade: Hit 6.667 Total: 24.473 | HuoHuo: Hit 3.333 Total: 83.069 |
    ENEMY  - Enemy 2 [aoe] dealt 96.9 to MortenaxBlade (energy: 3.3, DEF: 2045, atkMul: 0.75, dmgMul: 1.00) | HP: 3798/4869
    ENEMY  - Enemy 2 [aoe] dealt 96.9 to MortenaxBlade (energy: 3.3, DEF: 2045, atkMul: 0.75, dmgMul: 1.00) | HP: 3702/4869
    ENEMY  - Enemy 2 [aoe] dealt 191.9 to Ashveil (energy: 3.3, DEF: 2076, atkMul: 0.75, dmgMul: 1.00) | HP: 2537/2729
    ENEMY  - Enemy 2 [aoe] dealt 174.0 to HuoHuo (energy: 3.3, DEF: 2410, atkMul: 0.75, dmgMul: 1.00) | HP: 5966/6140
    ENEMY  - Enemy 2 [aoe] dealt 185.7 to Gilgamesh (energy: 3.3, DEF: 2185, atkMul: 0.75, dmgMul: 1.00) | HP: 2949/3135
    ENEMY  - Enemy 2 [aoe] dealt 191.9 to Ashveil (energy: 3.3, DEF: 2076, atkMul: 0.75, dmgMul: 1.00) | HP: 2345/2729
MortenaxBlade has obtained 1 Charge. Current Charge count: 6.
MortenaxBlade useHit produced 2 debuffs
        Debuff HuohuoTechniqueDebuff expired
AV     > Enemy 2 AV reset to 76.923 | 130.000 SPD

<<< NEW TURN >>>
-   Enemy 0 AV: 0.000 ENERGY: 0.000 MaxHP: 2000000.000 CurrHp 1643108.799
-   HuoHuo AV: 16.211 ENERGY: 83.069 MaxHP: 6139.808 CurrHp 5965.852
-   Enemy 1 AV: 16.317 ENERGY: 0.000 MaxHP: 5000000.000 CurrHp 2217727.310
-   Gilgamesh AV: 18.457 ENERGY: 133.000 MaxHP: 3134.558 CurrHp 2948.888
-   MortenaxBlade AV: 20.432 ENERGY: 24.473 MaxHP: 4869.135 CurrHp 3701.512
-   InfiniteFury AV: 34.283 ENERGY: 0.000 MaxHP: 0.000 CurrHp 0.000
-   Ashveil AV: 48.110 ENERGY: 98.667 MaxHP: 2729.320 CurrHp 2345.443
-   Enemy 2 AV: 57.692 ENERGY: 0.000 MaxHP: 2000000.000 CurrHp 844049.519

Combat context set: 3 enemies, 4 players
Combat context initialized: 3 enemies, Elation team size: 0
ACTION > [ENEMY] TotalAV: 173.077 | TurnAV: 19.231 | Enemy 0 | 1 attacks
MortenaxBlade has obtained 1 Charge. Current Charge count: 7.
    CharEnergy - Gilgamesh: Hit 5.000 Total: 138.000 | Ashveil: Hit 5.000 Total: 103.667 | MortenaxBlade: Hit 1.667 Total: 26.547 | HuoHuo: Hit 1.667 Total: 85.327 |
    ENEMY  - Enemy 2 [aoe] dealt 255.9 to Ashveil (energy: 3.3, DEF: 2076, atkMul: 1.00, dmgMul: 1.00) | HP: 2090/2729
    ENEMY  - Enemy 2 [aoe] dealt 123.8 to Gilgamesh (energy: 1.7, DEF: 2185, atkMul: 1.00, dmgMul: 1.00) | HP: 2825/3135
    ENEMY  - Enemy 2 [aoe] dealt 128.0 to Ashveil (energy: 1.7, DEF: 2076, atkMul: 1.00, dmgMul: 1.00) | HP: 1962/2729
    ENEMY  - Enemy 2 [aoe] dealt 64.6 to MortenaxBlade (energy: 1.7, DEF: 2045, atkMul: 1.00, dmgMul: 1.00) | HP: 3637/4869
    ENEMY  - Enemy 2 [aoe] dealt 116.0 to HuoHuo (energy: 1.7, DEF: 2410, atkMul: 1.00, dmgMul: 1.00) | HP: 5850/6140
    ENEMY  - Enemy 2 [aoe] dealt 247.6 to Gilgamesh (energy: 3.3, DEF: 2185, atkMul: 1.00, dmgMul: 1.00) | HP: 2578/3135
MortenaxBlade has obtained 1 Charge. Current Charge count: 8.
MortenaxBlade useHit produced 2 debuffs
    DEBUFF - Enemy 0 took 8445.280 Debuff damage from Enemy 0 LNG-break
        Debuff HuohuoTechniqueDebuff expired
AV     > Enemy 0 AV reset to 76.923 | 130.000 SPD

<<< NEW TURN >>>
-   HuoHuo AV: 0.000 ENERGY: 85.327 MaxHP: 6139.808 CurrHp 5849.881
-   Enemy 1 AV: 0.106 ENERGY: 0.000 MaxHP: 5000000.000 CurrHp 2217727.310
-   Gilgamesh AV: 2.245 ENERGY: 138.000 MaxHP: 3134.558 CurrHp 2577.549
-   MortenaxBlade AV: 4.220 ENERGY: 26.547 MaxHP: 4869.135 CurrHp 3636.913
-   InfiniteFury AV: 18.072 ENERGY: 0.000 MaxHP: 0.000 CurrHp 0.000
-   Ashveil AV: 31.898 ENERGY: 103.667 MaxHP: 2729.320 CurrHp 1961.567
-   Enemy 2 AV: 41.481 ENERGY: 0.000 MaxHP: 2000000.000 CurrHp 844049.519
-   Enemy 0 AV: 60.712 ENERGY: 0.000 MaxHP: 2000000.000 CurrHp 1643108.799

Combat context set: 3 enemies, 4 players
Combat context initialized: 3 enemies, Elation team size: 0
ACTION > [CHAR] TotalAV: 189.288 | TurnAV: 16.211 | HuoHuo | E-move
    TURN   - HuoHuoSkill | HuoHuo | SUS | NA attack | ['WIN'] | ['SKL'] | Scaling: HP | TargetID: -1 | DMG/BREAK Splits: [0, 0]/[0, 0] | Energy Gained: 30 | SP Change: -1

        ----------Char Buffs----------
        GilgameshTrace3ATK | ATK% | Stacks: 1 | Value: 0.200 | Remaining Turns: 1 | TickDown: SUS, PERM | Target: SUS | Affects: ['ALL']
        GilgameshTrace3CD | CD% | Stacks: 1 | Value: 0.200 | Remaining Turns: 1 | TickDown: SUS, PERM | Target: SUS | Affects: ['ALL']
        AshveilTrace3CD | CD% | Stacks: 1 | Value: 0.400 | Remaining Turns: 1 | TickDown: SUP1, PERM | Target: SUS | Affects: ['ALL']
        PostOpERR | ERR% | Stacks: 1 | Value: 0.160 | Remaining Turns: 1 | TickDown: SUS, PERM | Target: SUS | Affects: ['ALL']
        WarriorGoddessSPD | SPD% | Stacks: 1 | Value: 0.060 | Remaining Turns: 1 | TickDown: SUS, PERM | Target: SUS | Affects: ['ALL']
        KeelEFFRES | ERS% | Stacks: 1 | Value: 0.100 | Remaining Turns: 1 | TickDown: SUS, PERM | Target: SUS | Affects: ['ALL']
        KeelCD(SUS) | CD% | Stacks: 1 | Value: 0.100 | Remaining Turns: 1 | TickDown: SUS, PERM | Target: SUS | Affects: ['ALL']
        HHTraceHP | HP% | Stacks: 1 | Value: 0.280 | Remaining Turns: 1 | TickDown: SUS, PERM | Target: SUS | Affects: ['ALL']
        HHTraceERS | ERS% | Stacks: 1 | Value: 0.180 | Remaining Turns: 1 | TickDown: SUS, PERM | Target: SUS | Affects: ['ALL']
        HHTraceSPD | SPD | Stacks: 1 | Value: 5.000 | Remaining Turns: 1 | TickDown: SUS, PERM | Target: SUS | Affects: ['ALL']
        MasterSmithComburent | DMG% | Stacks: 1 | Value: 0.150 | Remaining Turns: 2 | TickDown: SUS, END | Target: SUS | Affects: ['ALL']
        MortenaxBladeDMGBoost | DMG% | Stacks: 1 | Value: 0.500 | Remaining Turns: 1 | TickDown: SUS, PERM | Target: SUS | Affects: ['ALL']
        WarriorGoddessHealSPD | SPD% | Stacks: 1 | Value: 0.060 | Remaining Turns: 1 | TickDown: SUS, START | Target: SUS | Affects: ['ALL']
        WarriorGoddessHealCD | CD% | Stacks: 1 | Value: 0.150 | Remaining Turns: 1 | TickDown: SUS, START | Target: SUS | Affects: ['ALL']
        ConvergingStarsCD | CD% | Stacks: 1 | Value: 0.120 | Remaining Turns: 1 | TickDown: SUS, PERM | Target: SUS | Affects: ['ALL']
        ----------End of Buff List----------

        ----------Enemy Debuffs----------
        ----------End of Debuff List----------
        ----------Healing List----------
        HuoHuoSkillHealingScaling | Targeting: Targeting.BLAST | Healing Value: [0.24] | Target: ALL
        HuoHuoSkillHealingScaling | Targeting: Targeting.BLAST | Healing Value: [0.24] | Target: ALL
        HuoHuoSkillHealingScaling | Targeting: Targeting.BLAST | Healing Value: [0.24] | Target: ALL
        HuoHuoSkillHealingScaling | Targeting: Targeting.BLAST | Healing Value: [0.24] | Target: ALL
        HuoHuoSkillHealingScaling | Targeting: Targeting.BLAST | Healing Value: [0.24] | Target: ALL
        HuoHuoSkillHealingScaling | Targeting: Targeting.BLAST | Healing Value: [0.24] | Target: ALL
        HuoHuoSkillHealingFlat | Targeting: Targeting.BLAST | Healing Value: [640] | Target: ALL
        HuoHuoSkillHealingFlat | Targeting: Targeting.BLAST | Healing Value: [640] | Target: ALL
        HuoHuoSkillHealingFlat | Targeting: Targeting.BLAST | Healing Value: [640] | Target: ALL
        HuoHuoSkillHealingFlat | Targeting: Targeting.BLAST | Healing Value: [640] | Target: ALL
        HuoHuoSkillHealingFlat | Targeting: Targeting.BLAST | Healing Value: [640] | Target: ALL
        HuoHuoSkillHealingFlat | Targeting: Targeting.BLAST | Healing Value: [640] | Target: ALL
        ----------End of Healing List----------
    GAUGE  - Enemy 0 toughness reduced by 0.000
    RESULT - HuoHuoSkill | HuoHuo | SUS | DMG: 0.000 | ELADMG: 0.000 | Enemies Hit: [0] | Enemies Broken: [] | WB DMG: 0.000 | Energy: 40.632 | Amount HP Healed: 7931.292 | Amount HP Lost: 0.000 | HuoHuo Energy: 126/140 | SP: 1 | MaxSP: 5)
Gilgamesh Obtained 1 Interest from Teammate, Current count: 8
SPD    > Gilgamesh speed changed to 179.200 | NewAV: 2.123
AV     > HuoHuo AV reset to 62.308 | 160.492 SPD

<<< NEW TURN >>>
-   Enemy 1 AV: 0.000 ENERGY: 0.000 MaxHP: 5000000.000 CurrHp 2217727.310
-   Gilgamesh AV: 2.018 ENERGY: 138.000 MaxHP: 3134.558 CurrHp 3134.558
-   MortenaxBlade AV: 4.114 ENERGY: 26.547 MaxHP: 4869.135 CurrHp 4869.135
-   InfiniteFury AV: 17.966 ENERGY: 0.000 MaxHP: 0.000 CurrHp 0.000
-   Ashveil AV: 31.793 ENERGY: 103.667 MaxHP: 2729.320 CurrHp 2729.320
-   Enemy 2 AV: 41.375 ENERGY: 0.000 MaxHP: 2000000.000 CurrHp 844049.519
-   Enemy 0 AV: 60.606 ENERGY: 0.000 MaxHP: 2000000.000 CurrHp 1643108.799
-   HuoHuo AV: 62.203 ENERGY: 125.959 MaxHP: 6139.808 CurrHp 6139.808

Combat context set: 3 enemies, 4 players
Combat context initialized: 3 enemies, Elation team size: 0
ACTION > [ENEMY] TotalAV: 189.394 | TurnAV: 0.106 | Enemy 1 | 1 attacks
MortenaxBlade has obtained 1 Charge. Current Charge count: 9.
    CharEnergy - Gilgamesh: Hit 3.333 Total: 141.333 | Ashveil: Hit 10.000 Total: 113.667 | MortenaxBlade: Hit 6.667 Total: 34.843 | HuoHuo: Hit 6.667 Total: 134.988 |
    ENEMY  - Enemy 2 [aoe] dealt 129.2 to MortenaxBlade (energy: 3.3, DEF: 2045, atkMul: 1.00, dmgMul: 1.00) | HP: 4740/4869
    ENEMY  - Enemy 2 [aoe] dealt 255.9 to Ashveil (energy: 3.3, DEF: 2076, atkMul: 1.00, dmgMul: 1.00) | HP: 2473/2729
    ENEMY  - Enemy 2 [aoe] dealt 231.9 to HuoHuo (energy: 3.3, DEF: 2410, atkMul: 1.00, dmgMul: 1.00) | HP: 5908/6140
    ENEMY  - Enemy 2 [aoe] dealt 247.6 to Gilgamesh (energy: 3.3, DEF: 2185, atkMul: 1.00, dmgMul: 1.00) | HP: 2887/3135
    ENEMY  - Enemy 2 [aoe] dealt 255.9 to Ashveil (energy: 3.3, DEF: 2076, atkMul: 1.00, dmgMul: 1.00) | HP: 2217/2729
    ENEMY  - Enemy 2 [aoe] dealt 129.2 to MortenaxBlade (energy: 3.3, DEF: 2045, atkMul: 1.00, dmgMul: 1.00) | HP: 4611/4869
    ENEMY  - Enemy 2 [aoe] dealt 255.9 to Ashveil (energy: 3.3, DEF: 2076, atkMul: 1.00, dmgMul: 1.00) | HP: 1962/2729
    ENEMY  - Enemy 2 [aoe] dealt 231.9 to HuoHuo (energy: 3.3, DEF: 2410, atkMul: 1.00, dmgMul: 1.00) | HP: 5676/6140
MortenaxBlade has obtained 1 Charge. Current Charge count: 10.
MortenaxBlade useHit produced 2 debuffs
AV     > Enemy 1 AV reset to 63.131 | 158.400 SPD

<<< NEW TURN >>>
-   Gilgamesh AV: 0.000 ENERGY: 141.333 MaxHP: 3134.558 CurrHp 2886.998
-   MortenaxBlade AV: 2.097 ENERGY: 34.843 MaxHP: 4869.135 CurrHp 4610.740
-   InfiniteFury AV: 15.948 ENERGY: 0.000 MaxHP: 0.000 CurrHp 0.000
-   Ashveil AV: 29.775 ENERGY: 113.667 MaxHP: 2729.320 CurrHp 1961.567
-   Enemy 2 AV: 39.357 ENERGY: 0.000 MaxHP: 2000000.000 CurrHp 844049.519
-   Enemy 0 AV: 58.588 ENERGY: 0.000 MaxHP: 2000000.000 CurrHp 1643108.799
-   HuoHuo AV: 60.185 ENERGY: 134.988 MaxHP: 6139.808 CurrHp 5675.925
-   Enemy 1 AV: 61.113 ENERGY: 0.000 MaxHP: 5000000.000 CurrHp 2217727.310

Combat context set: 3 enemies, 4 players
Combat context initialized: 3 enemies, Elation team size: 0
ACTION > [CHAR] TotalAV: 191.412 | TurnAV: 2.018 | Gilgamesh | E-move
        Buff ScholarBonusDMG expired
Gilgamesh JointCounter increased by one, current count: 4
    TURN   - GilgameshSkill | Gilgamesh | DPS | BLAST attack | ['LNG'] | ['SKL'] | Scaling: ATK | TargetID: 1 | DMG/BREAK Splits: [2.8, 1.4]/[20, 10] | Energy Gained: 30 | SP Change: 0

        ----------Char Buffs----------
        ScholarCR | CR% | Stacks: 1 | Value: 0.080 | Remaining Turns: 1 | TickDown: DPS, PERM | Target: DPS | Affects: ['ALL']
        ScholarDMG | DMG% | Stacks: 1 | Value: 0.200 | Remaining Turns: 1 | TickDown: DPS, PERM | Target: DPS | Affects: ['SKL', 'ULT']
        GilgameshTraceATK | ATK | Stacks: 1 | Value: 0.180 | Remaining Turns: 1 | TickDown: DPS, PERM | Target: DPS | Affects: ['ALL']
        GilgameshTraceCR | CR% | Stacks: 1 | Value: 0.187 | Remaining Turns: 1 | TickDown: DPS, PERM | Target: DPS | Affects: ['ALL']
        GilgameshTraceDMG | DMG% | Stacks: 1 | Value: 0.080 | Remaining Turns: 1 | TickDown: DPS, PERM | Target: DPS | Affects: ['ALL']
        GilgameshTrace3ATK | ATK% | Stacks: 1 | Value: 0.200 | Remaining Turns: 1 | TickDown: DPS, PERM | Target: DPS | Affects: ['ALL']
        GilgameshTrace3CD | CD% | Stacks: 1 | Value: 0.200 | Remaining Turns: 1 | TickDown: DPS, PERM | Target: DPS | Affects: ['ALL']
        GilgameshTrace3SelfATK | ATK% | Stacks: 1 | Value: 1.000 | Remaining Turns: 1 | TickDown: DPS, PERM | Target: DPS | Affects: ['ALL']
        GilgameshTrace3SelfCD | CD% | Stacks: 1 | Value: 1.000 | Remaining Turns: 1 | TickDown: DPS, PERM | Target: DPS | Affects: ['ALL']
        AshveilTrace3CD | CD% | Stacks: 1 | Value: 0.400 | Remaining Turns: 1 | TickDown: SUP1, PERM | Target: DPS | Affects: ['ALL']
        LushakaATK(SUP2) | ATK% | Stacks: 1 | Value: 0.120 | Remaining Turns: 1 | TickDown: DPS, PERM | Target: DPS | Affects: ['ALL']
        KeelCD(SUS) | CD% | Stacks: 1 | Value: 0.100 | Remaining Turns: 1 | TickDown: DPS, PERM | Target: DPS | Affects: ['ALL']
        CosmicLifeDMG | DMG% | Stacks: 1 | Value: 0.320 | Remaining Turns: 1 | TickDown: DPS, PERM | Target: DPS | Affects: ['ALL']
        Trace2CDExtra | CD% | Stacks: 1 | Value: 1.500 | Remaining Turns: 1 | TickDown: DPS, PERM | Target: DPS | Affects: ['ALL']
        GilgameshInterestSPD | SPD% | Stacks: 1 | Value: 0.800 | Remaining Turns: 1 | TickDown: SUP2, PERM | Target: DPS | Affects: ['ALL']
        MasterSmithComburent | DMG% | Stacks: 1 | Value: 0.150 | Remaining Turns: 1 | TickDown: DPS, END | Target: DPS | Affects: ['ALL']
        MortenaxBladeDMGBoost | DMG% | Stacks: 1 | Value: 0.500 | Remaining Turns: 1 | TickDown: DPS, PERM | Target: DPS | Affects: ['ALL']
        WarriorGoddessHealCD | CD% | Stacks: 1 | Value: 0.150 | Remaining Turns: 1 | TickDown: DPS, START | Target: DPS | Affects: ['ALL']
        GilgameshSKLShred | SHRED | Stacks: 1 | Value: 0.300 | Remaining Turns: 3 | TickDown: DPS, END | Target: DPS | Affects: ['ALL']
        AeonATK | ATK% | Stacks: 1 | Value: 0.480 | Remaining Turns: 1 | TickDown: DPS, PERM | Target: DPS | Affects: ['ALL']
        ConvergingStarsCD | CD% | Stacks: 1 | Value: 0.120 | Remaining Turns: 1 | TickDown: DPS, PERM | Target: DPS | Affects: ['ALL']
        ----------End of Buff List----------

        ----------Enemy Debuffs----------
        AshveilBaitShred | From: SUP1 | SHRED | Stacks: 1 | Value: 0.400 | Remaining Turns: 997 | Target: 1 | Targeting: ST | Affects: ['ALL'] | DOT: False | Blast: False
        MortenaxBladeUltVul | From: SUP2 | VULN | Stacks: 1 | Value: 0.500 | Remaining Turns: 1 | Target: 1 | Targeting: ST | Affects: ['ALL'] | DOT: False | Blast: False
        MortenaxBladeUltShred | From: SUP2 | SHRED | Stacks: 1 | Value: 0.300 | Remaining Turns: 1 | Target: 1 | Targeting: ST | Affects: ['ALL'] | DOT: False | Blast: False
        ----------End of Debuff List----------
        ----------Healing List----------
        ----------End of Healing List----------
    GAUGE  - Enemy 1 toughness reduced by 20.000
    GAUGE  - Enemy 0 toughness reduced by 10.000
    GAUGE  - Enemy 2 toughness reduced by 10.000
    RESULT - GilgameshSkill | Gilgamesh | DPS | DMG: 567281.088 | ELADMG: 0.000 | Enemies Hit: [1, 0, 2] | Enemies Broken: [] | WB DMG: 0.000 | Energy: 30.000 | Amount HP Healed: 0.000 | Amount HP Lost: 0.000 | Gilgamesh Energy: 171/360 | SP: 1 | MaxSP: 5)
MortenaxBlade has obtained 1 Charge. Current Charge count: 11.
MortenaxBlade has obtained 1 Charge. Current Charge count: 3.
    TURN   - MortenaxBladeAOEFUA | MortenaxBlade | SUP2 | AOE attack | ['FIR'] | ['FUA'] | Scaling: HP | TargetID: 1 | DMG/BREAK Splits: [0.72, 0]/[10, 0] | Energy Gained: 25 | SP Change: 0

        ----------Char Buffs----------
        GilgameshTrace3ATK | ATK% | Stacks: 1 | Value: 0.200 | Remaining Turns: 1 | TickDown: SUP2, PERM | Target: SUP2 | Affects: ['ALL']
        GilgameshTrace3CD | CD% | Stacks: 1 | Value: 0.200 | Remaining Turns: 1 | TickDown: SUP2, PERM | Target: SUP2 | Affects: ['ALL']
        AshveilTrace3CD | CD% | Stacks: 1 | Value: 0.400 | Remaining Turns: 1 | TickDown: SUP1, PERM | Target: SUP2 | Affects: ['ALL']
        AshveilTrace3FUACD | CD% | Stacks: 1 | Value: 0.800 | Remaining Turns: 1 | TickDown: SUP1, PERM | Target: SUP2 | Affects: ['FUA']
        TutorialEHR | EHR% | Stacks: 1 | Value: 0.400 | Remaining Turns: 1 | TickDown: SUP2, PERM | Target: SUP2 | Affects: ['ALL']
        MasterSmithHP | HP% | Stacks: 1 | Value: 0.120 | Remaining Turns: 1 | TickDown: SUP2, PERM | Target: SUP2 | Affects: ['ALL']
        LushakaERR | ERR% | Stacks: 1 | Value: 0.050 | Remaining Turns: 1 | TickDown: SUP2, PERM | Target: SUP2 | Affects: ['ALL']
        MortenaxBladeTraceCR | CR% | Stacks: 1 | Value: 0.120 | Remaining Turns: 1 | TickDown: SUP2, PERM | Target: SUP2 | Affects: ['ALL']
        MortenaxBladeTraceHP | HP% | Stacks: 1 | Value: 0.100 | Remaining Turns: 1 | TickDown: SUP2, PERM | Target: SUP2 | Affects: ['ALL']
        MortenaxBladeTraceDMG | DMG% | Stacks: 1 | Value: 0.224 | Remaining Turns: 1 | TickDown: SUP2, PERM | Target: SUP2 | Affects: ['ALL']
        KeelCD(SUS) | CD% | Stacks: 1 | Value: 0.100 | Remaining Turns: 1 | TickDown: SUP2, PERM | Target: SUP2 | Affects: ['ALL']
        MasterSmithCD | CD% | Stacks: 1 | Value: 0.280 | Remaining Turns: 1 | TickDown: SUP2, PERM | Target: SUP2 | Affects: ['ALL']
        MasterSmithComburent | DMG% | Stacks: 1 | Value: 0.150 | Remaining Turns: 2 | TickDown: SUP2, END | Target: SUP2 | Affects: ['ALL']
        MortenaxBladeCRBoost | CR% | Stacks: 1 | Value: 0.200 | Remaining Turns: 1 | TickDown: SUP2, PERM | Target: SUP2 | Affects: ['ALL']
        MortenaxBladeCDBoost | CD% | Stacks: 1 | Value: 0.600 | Remaining Turns: 1 | TickDown: SUP2, PERM | Target: SUP2 | Affects: ['ALL']
        MortenaxBladeDMGReduction | DMG_REDUCTION | Stacks: 1 | Value: 0.500 | Remaining Turns: 1 | TickDown: SUP2, PERM | Target: SUP2 | Affects: ['ALL']
        MortenaxBladeDMGBoost | DMG% | Stacks: 1 | Value: 0.500 | Remaining Turns: 1 | TickDown: SUP2, PERM | Target: SUP2 | Affects: ['ALL']
        MortenaxBladeDMG | DMG% | Stacks: 1 | Value: 0.750 | Remaining Turns: 1 | TickDown: SUP2, PERM | Target: SUP2 | Affects: ['ALL']
        WarriorGoddessHealCD | CD% | Stacks: 1 | Value: 0.150 | Remaining Turns: 2 | TickDown: SUP2, START | Target: SUP2 | Affects: ['ALL']
        HuoHuoUltATK | ATK% | Stacks: 1 | Value: 0.400 | Remaining Turns: 1 | TickDown: SUP2, END | Target: SUP2 | Affects: ['ALL']
        HuoHuoUltExtraATK | ATK% | Stacks: 1 | Value: 0.240 | Remaining Turns: 1 | TickDown: SUP2, END | Target: SUP2 | Affects: ['ALL']
        ConvergingStarsCD | CD% | Stacks: 1 | Value: 0.120 | Remaining Turns: 1 | TickDown: SUP2, PERM | Target: SUP2 | Affects: ['ALL']
        ----------End of Buff List----------

        ----------Enemy Debuffs----------
        AshveilBaitShred | From: SUP1 | SHRED | Stacks: 1 | Value: 0.400 | Remaining Turns: 997 | Target: 1 | Targeting: ST | Affects: ['ALL'] | DOT: False | Blast: False
        MortenaxBladeUltVul | From: SUP2 | VULN | Stacks: 1 | Value: 0.500 | Remaining Turns: 2 | Target: 1 | Targeting: ST | Affects: ['ALL'] | DOT: False | Blast: False
        MortenaxBladeUltShred | From: SUP2 | SHRED | Stacks: 1 | Value: 0.300 | Remaining Turns: 2 | Target: 1 | Targeting: ST | Affects: ['ALL'] | DOT: False | Blast: False
        ----------End of Debuff List----------
        ----------Healing List----------
        HuoHuoTalentHealingScaling | Targeting: Targeting.SINGLE | Healing Value: [0] | Target: ALL
        HuoHuoTalentHealingScaling | Targeting: Targeting.SINGLE | Healing Value: [0.045] | Target: ALL
        HuoHuoTalentHealingScaling | Targeting: Targeting.SINGLE | Healing Value: [0] | Target: ALL
        HuoHuoTalentHealingScaling | Targeting: Targeting.SINGLE | Healing Value: [0] | Target: ALL
        HuoHuoTalentHealingFlat | Targeting: Targeting.SINGLE | Healing Value: [0] | Target: ALL
        HuoHuoTalentHealingFlat | Targeting: Targeting.SINGLE | Healing Value: [120] | Target: ALL
        HuoHuoTalentHealingFlat | Targeting: Targeting.SINGLE | Healing Value: [0] | Target: ALL
        HuoHuoTalentHealingFlat | Targeting: Targeting.SINGLE | Healing Value: [0] | Target: ALL
        ----------End of Healing List----------
    GAUGE  - Enemy 0 toughness reduced by 0.000
    GAUGE  - Enemy 1 toughness reduced by 0.000
    GAUGE  - Enemy 2 toughness reduced by 0.000
    RESULT - MortenaxBladeAOEFUA | MortenaxBlade | SUP2 | DMG: 98601.632 | ELADMG: 0.000 | Enemies Hit: [0, 1, 2] | Enemies Broken: [] | WB DMG: 0.000 | Energy: 31.110 | Amount HP Healed: 371.779 | Amount HP Lost: 0.000 | MortenaxBlade Energy: 66/160 | SP: 1 | MaxSP: 5)
Gilgamesh Obtained 1 Interest from Teammate, Current count: 1
    TURN   - MortenaxBladeBounceFUA | MortenaxBlade | SUP2 | ST attack | ['FIR'] | ['FUA'] | Scaling: HP | TargetID: 1 | DMG/BREAK Splits: [0.24, 0]/[5, 0] | Energy Gained: 0 | SP Change: 0

        ----------Char Buffs----------
        GilgameshTrace3ATK | ATK% | Stacks: 1 | Value: 0.200 | Remaining Turns: 1 | TickDown: SUP2, PERM | Target: SUP2 | Affects: ['ALL']
        GilgameshTrace3CD | CD% | Stacks: 1 | Value: 0.200 | Remaining Turns: 1 | TickDown: SUP2, PERM | Target: SUP2 | Affects: ['ALL']
        AshveilTrace3CD | CD% | Stacks: 1 | Value: 0.400 | Remaining Turns: 1 | TickDown: SUP1, PERM | Target: SUP2 | Affects: ['ALL']
        AshveilTrace3FUACD | CD% | Stacks: 1 | Value: 0.800 | Remaining Turns: 1 | TickDown: SUP1, PERM | Target: SUP2 | Affects: ['FUA']
        TutorialEHR | EHR% | Stacks: 1 | Value: 0.400 | Remaining Turns: 1 | TickDown: SUP2, PERM | Target: SUP2 | Affects: ['ALL']
        MasterSmithHP | HP% | Stacks: 1 | Value: 0.120 | Remaining Turns: 1 | TickDown: SUP2, PERM | Target: SUP2 | Affects: ['ALL']
        LushakaERR | ERR% | Stacks: 1 | Value: 0.050 | Remaining Turns: 1 | TickDown: SUP2, PERM | Target: SUP2 | Affects: ['ALL']
        MortenaxBladeTraceCR | CR% | Stacks: 1 | Value: 0.120 | Remaining Turns: 1 | TickDown: SUP2, PERM | Target: SUP2 | Affects: ['ALL']
        MortenaxBladeTraceHP | HP% | Stacks: 1 | Value: 0.100 | Remaining Turns: 1 | TickDown: SUP2, PERM | Target: SUP2 | Affects: ['ALL']
        MortenaxBladeTraceDMG | DMG% | Stacks: 1 | Value: 0.224 | Remaining Turns: 1 | TickDown: SUP2, PERM | Target: SUP2 | Affects: ['ALL']
        KeelCD(SUS) | CD% | Stacks: 1 | Value: 0.100 | Remaining Turns: 1 | TickDown: SUP2, PERM | Target: SUP2 | Affects: ['ALL']
        MasterSmithCD | CD% | Stacks: 1 | Value: 0.280 | Remaining Turns: 1 | TickDown: SUP2, PERM | Target: SUP2 | Affects: ['ALL']
        MasterSmithComburent | DMG% | Stacks: 1 | Value: 0.150 | Remaining Turns: 2 | TickDown: SUP2, END | Target: SUP2 | Affects: ['ALL']
        MortenaxBladeCRBoost | CR% | Stacks: 1 | Value: 0.200 | Remaining Turns: 1 | TickDown: SUP2, PERM | Target: SUP2 | Affects: ['ALL']
        MortenaxBladeCDBoost | CD% | Stacks: 1 | Value: 0.600 | Remaining Turns: 1 | TickDown: SUP2, PERM | Target: SUP2 | Affects: ['ALL']
        MortenaxBladeDMGReduction | DMG_REDUCTION | Stacks: 1 | Value: 0.500 | Remaining Turns: 1 | TickDown: SUP2, PERM | Target: SUP2 | Affects: ['ALL']
        MortenaxBladeDMGBoost | DMG% | Stacks: 1 | Value: 0.500 | Remaining Turns: 1 | TickDown: SUP2, PERM | Target: SUP2 | Affects: ['ALL']
        MortenaxBladeDMG | DMG% | Stacks: 1 | Value: 0.750 | Remaining Turns: 1 | TickDown: SUP2, PERM | Target: SUP2 | Affects: ['ALL']
        WarriorGoddessHealCD | CD% | Stacks: 1 | Value: 0.150 | Remaining Turns: 2 | TickDown: SUP2, START | Target: SUP2 | Affects: ['ALL']
        HuoHuoUltATK | ATK% | Stacks: 1 | Value: 0.400 | Remaining Turns: 1 | TickDown: SUP2, END | Target: SUP2 | Affects: ['ALL']
        HuoHuoUltExtraATK | ATK% | Stacks: 1 | Value: 0.240 | Remaining Turns: 1 | TickDown: SUP2, END | Target: SUP2 | Affects: ['ALL']
        ConvergingStarsCD | CD% | Stacks: 1 | Value: 0.120 | Remaining Turns: 1 | TickDown: SUP2, PERM | Target: SUP2 | Affects: ['ALL']
        TutorialERR | ERR_T | Stacks: 1 | Value: 8.000 | Remaining Turns: 1 | TickDown: SUP2, START | Target: SUP2 | Affects: ['ALL']
        ----------End of Buff List----------

        ----------Enemy Debuffs----------
        AshveilBaitShred | From: SUP1 | SHRED | Stacks: 1 | Value: 0.400 | Remaining Turns: 997 | Target: 1 | Targeting: ST | Affects: ['ALL'] | DOT: False | Blast: False
        MortenaxBladeUltVul | From: SUP2 | VULN | Stacks: 1 | Value: 0.500 | Remaining Turns: 2 | Target: 1 | Targeting: ST | Affects: ['ALL'] | DOT: False | Blast: False
        MortenaxBladeUltShred | From: SUP2 | SHRED | Stacks: 1 | Value: 0.300 | Remaining Turns: 2 | Target: 1 | Targeting: ST | Affects: ['ALL'] | DOT: False | Blast: False
        ----------End of Debuff List----------
        ----------Healing List----------
        ----------End of Healing List----------
    GAUGE  - Enemy 1 toughness reduced by 0.000
    RESULT - MortenaxBladeBounceFUA | MortenaxBlade | SUP2 | DMG: 10955.737 | ELADMG: 0.000 | Enemies Hit: [1] | Enemies Broken: [] | WB DMG: 0.000 | Energy: 0.000 | Amount HP Healed: 0.000 | Amount HP Lost: 0.000 | MortenaxBlade Energy: 66/160 | SP: 1 | MaxSP: 5)
    TURN   - MortenaxBladeBounceFUA | MortenaxBlade | SUP2 | ST attack | ['FIR'] | ['FUA'] | Scaling: HP | TargetID: 1 | DMG/BREAK Splits: [0.24, 0]/[5, 0] | Energy Gained: 0 | SP Change: 0

        ----------Char Buffs----------
        GilgameshTrace3ATK | ATK% | Stacks: 1 | Value: 0.200 | Remaining Turns: 1 | TickDown: SUP2, PERM | Target: SUP2 | Affects: ['ALL']
        GilgameshTrace3CD | CD% | Stacks: 1 | Value: 0.200 | Remaining Turns: 1 | TickDown: SUP2, PERM | Target: SUP2 | Affects: ['ALL']
        AshveilTrace3CD | CD% | Stacks: 1 | Value: 0.400 | Remaining Turns: 1 | TickDown: SUP1, PERM | Target: SUP2 | Affects: ['ALL']
        AshveilTrace3FUACD | CD% | Stacks: 1 | Value: 0.800 | Remaining Turns: 1 | TickDown: SUP1, PERM | Target: SUP2 | Affects: ['FUA']
        TutorialEHR | EHR% | Stacks: 1 | Value: 0.400 | Remaining Turns: 1 | TickDown: SUP2, PERM | Target: SUP2 | Affects: ['ALL']
        MasterSmithHP | HP% | Stacks: 1 | Value: 0.120 | Remaining Turns: 1 | TickDown: SUP2, PERM | Target: SUP2 | Affects: ['ALL']
        LushakaERR | ERR% | Stacks: 1 | Value: 0.050 | Remaining Turns: 1 | TickDown: SUP2, PERM | Target: SUP2 | Affects: ['ALL']
        MortenaxBladeTraceCR | CR% | Stacks: 1 | Value: 0.120 | Remaining Turns: 1 | TickDown: SUP2, PERM | Target: SUP2 | Affects: ['ALL']
        MortenaxBladeTraceHP | HP% | Stacks: 1 | Value: 0.100 | Remaining Turns: 1 | TickDown: SUP2, PERM | Target: SUP2 | Affects: ['ALL']
        MortenaxBladeTraceDMG | DMG% | Stacks: 1 | Value: 0.224 | Remaining Turns: 1 | TickDown: SUP2, PERM | Target: SUP2 | Affects: ['ALL']
        KeelCD(SUS) | CD% | Stacks: 1 | Value: 0.100 | Remaining Turns: 1 | TickDown: SUP2, PERM | Target: SUP2 | Affects: ['ALL']
        MasterSmithCD | CD% | Stacks: 1 | Value: 0.280 | Remaining Turns: 1 | TickDown: SUP2, PERM | Target: SUP2 | Affects: ['ALL']
        MasterSmithComburent | DMG% | Stacks: 1 | Value: 0.150 | Remaining Turns: 2 | TickDown: SUP2, END | Target: SUP2 | Affects: ['ALL']
        MortenaxBladeCRBoost | CR% | Stacks: 1 | Value: 0.200 | Remaining Turns: 1 | TickDown: SUP2, PERM | Target: SUP2 | Affects: ['ALL']
        MortenaxBladeCDBoost | CD% | Stacks: 1 | Value: 0.600 | Remaining Turns: 1 | TickDown: SUP2, PERM | Target: SUP2 | Affects: ['ALL']
        MortenaxBladeDMGReduction | DMG_REDUCTION | Stacks: 1 | Value: 0.500 | Remaining Turns: 1 | TickDown: SUP2, PERM | Target: SUP2 | Affects: ['ALL']
        MortenaxBladeDMGBoost | DMG% | Stacks: 1 | Value: 0.500 | Remaining Turns: 1 | TickDown: SUP2, PERM | Target: SUP2 | Affects: ['ALL']
        MortenaxBladeDMG | DMG% | Stacks: 1 | Value: 0.750 | Remaining Turns: 1 | TickDown: SUP2, PERM | Target: SUP2 | Affects: ['ALL']
        WarriorGoddessHealCD | CD% | Stacks: 1 | Value: 0.150 | Remaining Turns: 2 | TickDown: SUP2, START | Target: SUP2 | Affects: ['ALL']
        HuoHuoUltATK | ATK% | Stacks: 1 | Value: 0.400 | Remaining Turns: 1 | TickDown: SUP2, END | Target: SUP2 | Affects: ['ALL']
        HuoHuoUltExtraATK | ATK% | Stacks: 1 | Value: 0.240 | Remaining Turns: 1 | TickDown: SUP2, END | Target: SUP2 | Affects: ['ALL']
        ConvergingStarsCD | CD% | Stacks: 1 | Value: 0.120 | Remaining Turns: 1 | TickDown: SUP2, PERM | Target: SUP2 | Affects: ['ALL']
        TutorialERR | ERR_T | Stacks: 1 | Value: 8.000 | Remaining Turns: 1 | TickDown: SUP2, START | Target: SUP2 | Affects: ['ALL']
        ----------End of Buff List----------

        ----------Enemy Debuffs----------
        AshveilBaitShred | From: SUP1 | SHRED | Stacks: 1 | Value: 0.400 | Remaining Turns: 997 | Target: 1 | Targeting: ST | Affects: ['ALL'] | DOT: False | Blast: False
        MortenaxBladeUltVul | From: SUP2 | VULN | Stacks: 1 | Value: 0.500 | Remaining Turns: 2 | Target: 1 | Targeting: ST | Affects: ['ALL'] | DOT: False | Blast: False
        MortenaxBladeUltShred | From: SUP2 | SHRED | Stacks: 1 | Value: 0.300 | Remaining Turns: 2 | Target: 1 | Targeting: ST | Affects: ['ALL'] | DOT: False | Blast: False
        ----------End of Debuff List----------
        ----------Healing List----------
        ----------End of Healing List----------
    GAUGE  - Enemy 1 toughness reduced by 0.000
    RESULT - MortenaxBladeBounceFUA | MortenaxBlade | SUP2 | DMG: 10955.737 | ELADMG: 0.000 | Enemies Hit: [1] | Enemies Broken: [] | WB DMG: 0.000 | Energy: 0.000 | Amount HP Healed: 0.000 | Amount HP Lost: 0.000 | MortenaxBlade Energy: 66/160 | SP: 1 | MaxSP: 5)
    TURN   - MortenaxBladeBounceFUA | MortenaxBlade | SUP2 | ST attack | ['FIR'] | ['FUA'] | Scaling: HP | TargetID: 1 | DMG/BREAK Splits: [0.24, 0]/[5, 0] | Energy Gained: 0 | SP Change: 0

        ----------Char Buffs----------
        GilgameshTrace3ATK | ATK% | Stacks: 1 | Value: 0.200 | Remaining Turns: 1 | TickDown: SUP2, PERM | Target: SUP2 | Affects: ['ALL']
        GilgameshTrace3CD | CD% | Stacks: 1 | Value: 0.200 | Remaining Turns: 1 | TickDown: SUP2, PERM | Target: SUP2 | Affects: ['ALL']
        AshveilTrace3CD | CD% | Stacks: 1 | Value: 0.400 | Remaining Turns: 1 | TickDown: SUP1, PERM | Target: SUP2 | Affects: ['ALL']
        AshveilTrace3FUACD | CD% | Stacks: 1 | Value: 0.800 | Remaining Turns: 1 | TickDown: SUP1, PERM | Target: SUP2 | Affects: ['FUA']
        TutorialEHR | EHR% | Stacks: 1 | Value: 0.400 | Remaining Turns: 1 | TickDown: SUP2, PERM | Target: SUP2 | Affects: ['ALL']
        MasterSmithHP | HP% | Stacks: 1 | Value: 0.120 | Remaining Turns: 1 | TickDown: SUP2, PERM | Target: SUP2 | Affects: ['ALL']
        LushakaERR | ERR% | Stacks: 1 | Value: 0.050 | Remaining Turns: 1 | TickDown: SUP2, PERM | Target: SUP2 | Affects: ['ALL']
        MortenaxBladeTraceCR | CR% | Stacks: 1 | Value: 0.120 | Remaining Turns: 1 | TickDown: SUP2, PERM | Target: SUP2 | Affects: ['ALL']
        MortenaxBladeTraceHP | HP% | Stacks: 1 | Value: 0.100 | Remaining Turns: 1 | TickDown: SUP2, PERM | Target: SUP2 | Affects: ['ALL']
        MortenaxBladeTraceDMG | DMG% | Stacks: 1 | Value: 0.224 | Remaining Turns: 1 | TickDown: SUP2, PERM | Target: SUP2 | Affects: ['ALL']
        KeelCD(SUS) | CD% | Stacks: 1 | Value: 0.100 | Remaining Turns: 1 | TickDown: SUP2, PERM | Target: SUP2 | Affects: ['ALL']
        MasterSmithCD | CD% | Stacks: 1 | Value: 0.280 | Remaining Turns: 1 | TickDown: SUP2, PERM | Target: SUP2 | Affects: ['ALL']
        MasterSmithComburent | DMG% | Stacks: 1 | Value: 0.150 | Remaining Turns: 2 | TickDown: SUP2, END | Target: SUP2 | Affects: ['ALL']
        MortenaxBladeCRBoost | CR% | Stacks: 1 | Value: 0.200 | Remaining Turns: 1 | TickDown: SUP2, PERM | Target: SUP2 | Affects: ['ALL']
        MortenaxBladeCDBoost | CD% | Stacks: 1 | Value: 0.600 | Remaining Turns: 1 | TickDown: SUP2, PERM | Target: SUP2 | Affects: ['ALL']
        MortenaxBladeDMGReduction | DMG_REDUCTION | Stacks: 1 | Value: 0.500 | Remaining Turns: 1 | TickDown: SUP2, PERM | Target: SUP2 | Affects: ['ALL']
        MortenaxBladeDMGBoost | DMG% | Stacks: 1 | Value: 0.500 | Remaining Turns: 1 | TickDown: SUP2, PERM | Target: SUP2 | Affects: ['ALL']
        MortenaxBladeDMG | DMG% | Stacks: 1 | Value: 0.750 | Remaining Turns: 1 | TickDown: SUP2, PERM | Target: SUP2 | Affects: ['ALL']
        WarriorGoddessHealCD | CD% | Stacks: 1 | Value: 0.150 | Remaining Turns: 2 | TickDown: SUP2, START | Target: SUP2 | Affects: ['ALL']
        HuoHuoUltATK | ATK% | Stacks: 1 | Value: 0.400 | Remaining Turns: 1 | TickDown: SUP2, END | Target: SUP2 | Affects: ['ALL']
        HuoHuoUltExtraATK | ATK% | Stacks: 1 | Value: 0.240 | Remaining Turns: 1 | TickDown: SUP2, END | Target: SUP2 | Affects: ['ALL']
        ConvergingStarsCD | CD% | Stacks: 1 | Value: 0.120 | Remaining Turns: 1 | TickDown: SUP2, PERM | Target: SUP2 | Affects: ['ALL']
        TutorialERR | ERR_T | Stacks: 1 | Value: 8.000 | Remaining Turns: 1 | TickDown: SUP2, START | Target: SUP2 | Affects: ['ALL']
        ----------End of Buff List----------

        ----------Enemy Debuffs----------
        AshveilBaitShred | From: SUP1 | SHRED | Stacks: 1 | Value: 0.400 | Remaining Turns: 997 | Target: 1 | Targeting: ST | Affects: ['ALL'] | DOT: False | Blast: False
        MortenaxBladeUltVul | From: SUP2 | VULN | Stacks: 1 | Value: 0.500 | Remaining Turns: 2 | Target: 1 | Targeting: ST | Affects: ['ALL'] | DOT: False | Blast: False
        MortenaxBladeUltShred | From: SUP2 | SHRED | Stacks: 1 | Value: 0.300 | Remaining Turns: 2 | Target: 1 | Targeting: ST | Affects: ['ALL'] | DOT: False | Blast: False
        ----------End of Debuff List----------
        ----------Healing List----------
        ----------End of Healing List----------
    GAUGE  - Enemy 1 toughness reduced by 0.000
    RESULT - MortenaxBladeBounceFUA | MortenaxBlade | SUP2 | DMG: 10955.737 | ELADMG: 0.000 | Enemies Hit: [1] | Enemies Broken: [] | WB DMG: 0.000 | Energy: 0.000 | Amount HP Healed: 0.000 | Amount HP Lost: 0.000 | MortenaxBlade Energy: 66/160 | SP: 1 | MaxSP: 5)
    TURN   - MortenaxBladeBounceFUA | MortenaxBlade | SUP2 | ST attack | ['FIR'] | ['FUA'] | Scaling: HP | TargetID: 1 | DMG/BREAK Splits: [0.24, 0]/[5, 0] | Energy Gained: 0 | SP Change: 0

        ----------Char Buffs----------
        GilgameshTrace3ATK | ATK% | Stacks: 1 | Value: 0.200 | Remaining Turns: 1 | TickDown: SUP2, PERM | Target: SUP2 | Affects: ['ALL']
        GilgameshTrace3CD | CD% | Stacks: 1 | Value: 0.200 | Remaining Turns: 1 | TickDown: SUP2, PERM | Target: SUP2 | Affects: ['ALL']
        AshveilTrace3CD | CD% | Stacks: 1 | Value: 0.400 | Remaining Turns: 1 | TickDown: SUP1, PERM | Target: SUP2 | Affects: ['ALL']
        AshveilTrace3FUACD | CD% | Stacks: 1 | Value: 0.800 | Remaining Turns: 1 | TickDown: SUP1, PERM | Target: SUP2 | Affects: ['FUA']
        TutorialEHR | EHR% | Stacks: 1 | Value: 0.400 | Remaining Turns: 1 | TickDown: SUP2, PERM | Target: SUP2 | Affects: ['ALL']
        MasterSmithHP | HP% | Stacks: 1 | Value: 0.120 | Remaining Turns: 1 | TickDown: SUP2, PERM | Target: SUP2 | Affects: ['ALL']
        LushakaERR | ERR% | Stacks: 1 | Value: 0.050 | Remaining Turns: 1 | TickDown: SUP2, PERM | Target: SUP2 | Affects: ['ALL']
        MortenaxBladeTraceCR | CR% | Stacks: 1 | Value: 0.120 | Remaining Turns: 1 | TickDown: SUP2, PERM | Target: SUP2 | Affects: ['ALL']
        MortenaxBladeTraceHP | HP% | Stacks: 1 | Value: 0.100 | Remaining Turns: 1 | TickDown: SUP2, PERM | Target: SUP2 | Affects: ['ALL']
        MortenaxBladeTraceDMG | DMG% | Stacks: 1 | Value: 0.224 | Remaining Turns: 1 | TickDown: SUP2, PERM | Target: SUP2 | Affects: ['ALL']
        KeelCD(SUS) | CD% | Stacks: 1 | Value: 0.100 | Remaining Turns: 1 | TickDown: SUP2, PERM | Target: SUP2 | Affects: ['ALL']
        MasterSmithCD | CD% | Stacks: 1 | Value: 0.280 | Remaining Turns: 1 | TickDown: SUP2, PERM | Target: SUP2 | Affects: ['ALL']
        MasterSmithComburent | DMG% | Stacks: 1 | Value: 0.150 | Remaining Turns: 2 | TickDown: SUP2, END | Target: SUP2 | Affects: ['ALL']
        MortenaxBladeCRBoost | CR% | Stacks: 1 | Value: 0.200 | Remaining Turns: 1 | TickDown: SUP2, PERM | Target: SUP2 | Affects: ['ALL']
        MortenaxBladeCDBoost | CD% | Stacks: 1 | Value: 0.600 | Remaining Turns: 1 | TickDown: SUP2, PERM | Target: SUP2 | Affects: ['ALL']
        MortenaxBladeDMGReduction | DMG_REDUCTION | Stacks: 1 | Value: 0.500 | Remaining Turns: 1 | TickDown: SUP2, PERM | Target: SUP2 | Affects: ['ALL']
        MortenaxBladeDMGBoost | DMG% | Stacks: 1 | Value: 0.500 | Remaining Turns: 1 | TickDown: SUP2, PERM | Target: SUP2 | Affects: ['ALL']
        MortenaxBladeDMG | DMG% | Stacks: 1 | Value: 0.750 | Remaining Turns: 1 | TickDown: SUP2, PERM | Target: SUP2 | Affects: ['ALL']
        WarriorGoddessHealCD | CD% | Stacks: 1 | Value: 0.150 | Remaining Turns: 2 | TickDown: SUP2, START | Target: SUP2 | Affects: ['ALL']
        HuoHuoUltATK | ATK% | Stacks: 1 | Value: 0.400 | Remaining Turns: 1 | TickDown: SUP2, END | Target: SUP2 | Affects: ['ALL']
        HuoHuoUltExtraATK | ATK% | Stacks: 1 | Value: 0.240 | Remaining Turns: 1 | TickDown: SUP2, END | Target: SUP2 | Affects: ['ALL']
        ConvergingStarsCD | CD% | Stacks: 1 | Value: 0.120 | Remaining Turns: 1 | TickDown: SUP2, PERM | Target: SUP2 | Affects: ['ALL']
        TutorialERR | ERR_T | Stacks: 1 | Value: 8.000 | Remaining Turns: 1 | TickDown: SUP2, START | Target: SUP2 | Affects: ['ALL']
        ----------End of Buff List----------

        ----------Enemy Debuffs----------
        AshveilBaitShred | From: SUP1 | SHRED | Stacks: 1 | Value: 0.400 | Remaining Turns: 997 | Target: 1 | Targeting: ST | Affects: ['ALL'] | DOT: False | Blast: False
        MortenaxBladeUltVul | From: SUP2 | VULN | Stacks: 1 | Value: 0.500 | Remaining Turns: 2 | Target: 1 | Targeting: ST | Affects: ['ALL'] | DOT: False | Blast: False
        MortenaxBladeUltShred | From: SUP2 | SHRED | Stacks: 1 | Value: 0.300 | Remaining Turns: 2 | Target: 1 | Targeting: ST | Affects: ['ALL'] | DOT: False | Blast: False
        ----------End of Debuff List----------
        ----------Healing List----------
        ----------End of Healing List----------
    GAUGE  - Enemy 1 toughness reduced by 0.000
    RESULT - MortenaxBladeBounceFUA | MortenaxBlade | SUP2 | DMG: 10955.737 | ELADMG: 0.000 | Enemies Hit: [1] | Enemies Broken: [] | WB DMG: 0.000 | Energy: 0.000 | Amount HP Healed: 0.000 | Amount HP Lost: 0.000 | MortenaxBlade Energy: 66/160 | SP: 1 | MaxSP: 5)
    TURN   - HuoHuoAllyERR | HuoHuo | SUS | NA attack | ['WIN'] | ['SPECIAL'] | Scaling: HP | TargetID: 1 | DMG/BREAK Splits: [0, 0]/[0, 0] | Energy Gained: 1 | SP Change: 0

        ----------Char Buffs----------
        GilgameshTrace3ATK | ATK% | Stacks: 1 | Value: 0.200 | Remaining Turns: 1 | TickDown: SUS, PERM | Target: SUS | Affects: ['ALL']
        GilgameshTrace3CD | CD% | Stacks: 1 | Value: 0.200 | Remaining Turns: 1 | TickDown: SUS, PERM | Target: SUS | Affects: ['ALL']
        AshveilTrace3CD | CD% | Stacks: 1 | Value: 0.400 | Remaining Turns: 1 | TickDown: SUP1, PERM | Target: SUS | Affects: ['ALL']
        PostOpERR | ERR% | Stacks: 1 | Value: 0.160 | Remaining Turns: 1 | TickDown: SUS, PERM | Target: SUS | Affects: ['ALL']
        WarriorGoddessSPD | SPD% | Stacks: 1 | Value: 0.060 | Remaining Turns: 1 | TickDown: SUS, PERM | Target: SUS | Affects: ['ALL']
        KeelEFFRES | ERS% | Stacks: 1 | Value: 0.100 | Remaining Turns: 1 | TickDown: SUS, PERM | Target: SUS | Affects: ['ALL']
        KeelCD(SUS) | CD% | Stacks: 1 | Value: 0.100 | Remaining Turns: 1 | TickDown: SUS, PERM | Target: SUS | Affects: ['ALL']
        HHTraceHP | HP% | Stacks: 1 | Value: 0.280 | Remaining Turns: 1 | TickDown: SUS, PERM | Target: SUS | Affects: ['ALL']
        HHTraceERS | ERS% | Stacks: 1 | Value: 0.180 | Remaining Turns: 1 | TickDown: SUS, PERM | Target: SUS | Affects: ['ALL']
        HHTraceSPD | SPD | Stacks: 1 | Value: 5.000 | Remaining Turns: 1 | TickDown: SUS, PERM | Target: SUS | Affects: ['ALL']
        MasterSmithComburent | DMG% | Stacks: 1 | Value: 0.150 | Remaining Turns: 2 | TickDown: SUS, END | Target: SUS | Affects: ['ALL']
        MortenaxBladeDMGBoost | DMG% | Stacks: 1 | Value: 0.500 | Remaining Turns: 1 | TickDown: SUS, PERM | Target: SUS | Affects: ['ALL']
        WarriorGoddessHealSPD | SPD% | Stacks: 1 | Value: 0.060 | Remaining Turns: 2 | TickDown: SUS, START | Target: SUS | Affects: ['ALL']
        WarriorGoddessHealCD | CD% | Stacks: 1 | Value: 0.150 | Remaining Turns: 2 | TickDown: SUS, START | Target: SUS | Affects: ['ALL']
        ConvergingStarsCD | CD% | Stacks: 1 | Value: 0.120 | Remaining Turns: 1 | TickDown: SUS, PERM | Target: SUS | Affects: ['ALL']
        ----------End of Buff List----------

        ----------Enemy Debuffs----------
        AshveilBaitShred | From: SUP1 | SHRED | Stacks: 1 | Value: 0.400 | Remaining Turns: 997 | Target: 1 | Targeting: ST | Affects: ['ALL'] | DOT: False | Blast: False
        MortenaxBladeUltVul | From: SUP2 | VULN | Stacks: 1 | Value: 0.500 | Remaining Turns: 2 | Target: 1 | Targeting: ST | Affects: ['ALL'] | DOT: False | Blast: False
        MortenaxBladeUltShred | From: SUP2 | SHRED | Stacks: 1 | Value: 0.300 | Remaining Turns: 2 | Target: 1 | Targeting: ST | Affects: ['ALL'] | DOT: False | Blast: False
        ----------End of Debuff List----------
        ----------Healing List----------
        ----------End of Healing List----------
    GAUGE  - Enemy 1 toughness reduced by 0.000
    RESULT - HuoHuoAllyERR | HuoHuo | SUS | DMG: 0.000 | ELADMG: 0.000 | Enemies Hit: [1] | Enemies Broken: [] | WB DMG: 0.000 | Energy: 1.354 | Amount HP Healed: 0.000 | Amount HP Lost: 0.000 | HuoHuo Energy: 136/140 | SP: 1 | MaxSP: 5)
ERR    > 8.000 energy added to Ashveil from AshveilTalentEnergy8 | Ashveil Energy: 121.667
ERR    > 8.000 energy added to Ashveil from AshveilTalentEnergy9 | Ashveil Energy: 129.667
ERR    > 9.955 energy added to MortenaxBlade from TutorialERR | MortenaxBlade Energy: 75.908
SPD    > Gilgamesh speed changed to 111.300 | NewAV: 0.000
AV     > Gilgamesh AV reset to 89.847 | 111.300 SPD

<<< NEW TURN >>>
-   MortenaxBlade AV: 0.000 ENERGY: 75.908 MaxHP: 4869.135 CurrHp 4123.826
-   InfiniteFury AV: 13.852 ENERGY: 0.000 MaxHP: 0.000 CurrHp 0.000
-   Ashveil AV: 27.678 ENERGY: 129.667 MaxHP: 2729.320 CurrHp 2333.346
-   Enemy 2 AV: 37.261 ENERGY: 0.000 MaxHP: 2000000.000 CurrHp 669362.037
-   Enemy 0 AV: 56.492 ENERGY: 0.000 MaxHP: 2000000.000 CurrHp 1468421.317
-   HuoHuo AV: 58.088 ENERGY: 136.342 MaxHP: 6139.808 CurrHp 5675.925
-   Enemy 1 AV: 59.017 ENERGY: 0.000 MaxHP: 5000000.000 CurrHp 1857396.607
-   Gilgamesh AV: 87.751 ENERGY: 171.333 MaxHP: 3134.558 CurrHp 2886.998

Combat context set: 3 enemies, 4 players
Combat context initialized: 3 enemies, Elation team size: 0
ACTION > [CHAR] TotalAV: 193.508 | TurnAV: 2.097 | MortenaxBlade | E-move
MortenaxBlade has obtained 1 Charge. Current Charge count: 4.
    TURN   - MortenaxBladeAOESkill | MortenaxBlade | SUP2 | AOE attack | ['FIR'] | ['SKL'] | Scaling: HP | TargetID: 1 | DMG/BREAK Splits: [0.72, 0]/[10, 0] | Energy Gained: 30 | SP Change: 0

        ----------Char Buffs----------
        GilgameshTrace3ATK | ATK% | Stacks: 1 | Value: 0.200 | Remaining Turns: 1 | TickDown: SUP2, PERM | Target: SUP2 | Affects: ['ALL']
        GilgameshTrace3CD | CD% | Stacks: 1 | Value: 0.200 | Remaining Turns: 1 | TickDown: SUP2, PERM | Target: SUP2 | Affects: ['ALL']
        AshveilTrace3CD | CD% | Stacks: 1 | Value: 0.400 | Remaining Turns: 1 | TickDown: SUP1, PERM | Target: SUP2 | Affects: ['ALL']
        TutorialEHR | EHR% | Stacks: 1 | Value: 0.400 | Remaining Turns: 1 | TickDown: SUP2, PERM | Target: SUP2 | Affects: ['ALL']
        MasterSmithHP | HP% | Stacks: 1 | Value: 0.120 | Remaining Turns: 1 | TickDown: SUP2, PERM | Target: SUP2 | Affects: ['ALL']
        LushakaERR | ERR% | Stacks: 1 | Value: 0.050 | Remaining Turns: 1 | TickDown: SUP2, PERM | Target: SUP2 | Affects: ['ALL']
        MortenaxBladeTraceCR | CR% | Stacks: 1 | Value: 0.120 | Remaining Turns: 1 | TickDown: SUP2, PERM | Target: SUP2 | Affects: ['ALL']
        MortenaxBladeTraceHP | HP% | Stacks: 1 | Value: 0.100 | Remaining Turns: 1 | TickDown: SUP2, PERM | Target: SUP2 | Affects: ['ALL']
        MortenaxBladeTraceDMG | DMG% | Stacks: 1 | Value: 0.224 | Remaining Turns: 1 | TickDown: SUP2, PERM | Target: SUP2 | Affects: ['ALL']
        KeelCD(SUS) | CD% | Stacks: 1 | Value: 0.100 | Remaining Turns: 1 | TickDown: SUP2, PERM | Target: SUP2 | Affects: ['ALL']
        MasterSmithCD | CD% | Stacks: 1 | Value: 0.280 | Remaining Turns: 1 | TickDown: SUP2, PERM | Target: SUP2 | Affects: ['ALL']
        MasterSmithComburent | DMG% | Stacks: 1 | Value: 0.150 | Remaining Turns: 2 | TickDown: SUP2, END | Target: SUP2 | Affects: ['ALL']
        MortenaxBladeCRBoost | CR% | Stacks: 1 | Value: 0.200 | Remaining Turns: 1 | TickDown: SUP2, PERM | Target: SUP2 | Affects: ['ALL']
        MortenaxBladeCDBoost | CD% | Stacks: 1 | Value: 0.600 | Remaining Turns: 1 | TickDown: SUP2, PERM | Target: SUP2 | Affects: ['ALL']
        MortenaxBladeDMGReduction | DMG_REDUCTION | Stacks: 1 | Value: 0.500 | Remaining Turns: 1 | TickDown: SUP2, PERM | Target: SUP2 | Affects: ['ALL']
        MortenaxBladeDMGBoost | DMG% | Stacks: 1 | Value: 0.500 | Remaining Turns: 1 | TickDown: SUP2, PERM | Target: SUP2 | Affects: ['ALL']
        MortenaxBladeDMG | DMG% | Stacks: 1 | Value: 0.750 | Remaining Turns: 1 | TickDown: SUP2, PERM | Target: SUP2 | Affects: ['ALL']
        WarriorGoddessHealCD | CD% | Stacks: 1 | Value: 0.150 | Remaining Turns: 1 | TickDown: SUP2, START | Target: SUP2 | Affects: ['ALL']
        HuoHuoUltATK | ATK% | Stacks: 1 | Value: 0.400 | Remaining Turns: 1 | TickDown: SUP2, END | Target: SUP2 | Affects: ['ALL']
        HuoHuoUltExtraATK | ATK% | Stacks: 1 | Value: 0.240 | Remaining Turns: 1 | TickDown: SUP2, END | Target: SUP2 | Affects: ['ALL']
        ConvergingStarsCD | CD% | Stacks: 1 | Value: 0.120 | Remaining Turns: 1 | TickDown: SUP2, PERM | Target: SUP2 | Affects: ['ALL']
        ----------End of Buff List----------

        ----------Enemy Debuffs----------
        AshveilBaitShred | From: SUP1 | SHRED | Stacks: 1 | Value: 0.400 | Remaining Turns: 997 | Target: 1 | Targeting: ST | Affects: ['ALL'] | DOT: False | Blast: False
        MortenaxBladeUltVul | From: SUP2 | VULN | Stacks: 1 | Value: 0.500 | Remaining Turns: 2 | Target: 1 | Targeting: ST | Affects: ['ALL'] | DOT: False | Blast: False
        MortenaxBladeUltShred | From: SUP2 | SHRED | Stacks: 1 | Value: 0.300 | Remaining Turns: 2 | Target: 1 | Targeting: ST | Affects: ['ALL'] | DOT: False | Blast: False
        ----------End of Debuff List----------
        ----------Healing List----------
        ----------End of Healing List----------
    GAUGE  - Enemy 0 toughness reduced by 0.000
    GAUGE  - Enemy 1 toughness reduced by 0.000
    GAUGE  - Enemy 2 toughness reduced by 0.000
    RESULT - MortenaxBladeAOESkill | MortenaxBlade | SUP2 | DMG: 81128.872 | ELADMG: 0.000 | Enemies Hit: [0, 1, 2] | Enemies Broken: [] | WB DMG: 0.000 | Energy: 37.332 | Amount HP Healed: 0.000 | Amount HP Lost: 0.000 | MortenaxBlade Energy: 113/160 | SP: 1 | MaxSP: 5)
Gilgamesh Obtained 1 Interest from Teammate, Current count: 2
    TURN   - MortenaxBladeBounceSkill | MortenaxBlade | SUP2 | ST attack | ['FIR'] | ['SKL'] | Scaling: HP | TargetID: 1 | DMG/BREAK Splits: [0.24, 0]/[5, 0] | Energy Gained: 0 | SP Change: 0

        ----------Char Buffs----------
        GilgameshTrace3ATK | ATK% | Stacks: 1 | Value: 0.200 | Remaining Turns: 1 | TickDown: SUP2, PERM | Target: SUP2 | Affects: ['ALL']
        GilgameshTrace3CD | CD% | Stacks: 1 | Value: 0.200 | Remaining Turns: 1 | TickDown: SUP2, PERM | Target: SUP2 | Affects: ['ALL']
        AshveilTrace3CD | CD% | Stacks: 1 | Value: 0.400 | Remaining Turns: 1 | TickDown: SUP1, PERM | Target: SUP2 | Affects: ['ALL']
        TutorialEHR | EHR% | Stacks: 1 | Value: 0.400 | Remaining Turns: 1 | TickDown: SUP2, PERM | Target: SUP2 | Affects: ['ALL']
        MasterSmithHP | HP% | Stacks: 1 | Value: 0.120 | Remaining Turns: 1 | TickDown: SUP2, PERM | Target: SUP2 | Affects: ['ALL']
        LushakaERR | ERR% | Stacks: 1 | Value: 0.050 | Remaining Turns: 1 | TickDown: SUP2, PERM | Target: SUP2 | Affects: ['ALL']
        MortenaxBladeTraceCR | CR% | Stacks: 1 | Value: 0.120 | Remaining Turns: 1 | TickDown: SUP2, PERM | Target: SUP2 | Affects: ['ALL']
        MortenaxBladeTraceHP | HP% | Stacks: 1 | Value: 0.100 | Remaining Turns: 1 | TickDown: SUP2, PERM | Target: SUP2 | Affects: ['ALL']
        MortenaxBladeTraceDMG | DMG% | Stacks: 1 | Value: 0.224 | Remaining Turns: 1 | TickDown: SUP2, PERM | Target: SUP2 | Affects: ['ALL']
        KeelCD(SUS) | CD% | Stacks: 1 | Value: 0.100 | Remaining Turns: 1 | TickDown: SUP2, PERM | Target: SUP2 | Affects: ['ALL']
        MasterSmithCD | CD% | Stacks: 1 | Value: 0.280 | Remaining Turns: 1 | TickDown: SUP2, PERM | Target: SUP2 | Affects: ['ALL']
        MasterSmithComburent | DMG% | Stacks: 1 | Value: 0.150 | Remaining Turns: 2 | TickDown: SUP2, END | Target: SUP2 | Affects: ['ALL']
        MortenaxBladeCRBoost | CR% | Stacks: 1 | Value: 0.200 | Remaining Turns: 1 | TickDown: SUP2, PERM | Target: SUP2 | Affects: ['ALL']
        MortenaxBladeCDBoost | CD% | Stacks: 1 | Value: 0.600 | Remaining Turns: 1 | TickDown: SUP2, PERM | Target: SUP2 | Affects: ['ALL']
        MortenaxBladeDMGReduction | DMG_REDUCTION | Stacks: 1 | Value: 0.500 | Remaining Turns: 1 | TickDown: SUP2, PERM | Target: SUP2 | Affects: ['ALL']
        MortenaxBladeDMGBoost | DMG% | Stacks: 1 | Value: 0.500 | Remaining Turns: 1 | TickDown: SUP2, PERM | Target: SUP2 | Affects: ['ALL']
        MortenaxBladeDMG | DMG% | Stacks: 1 | Value: 0.750 | Remaining Turns: 1 | TickDown: SUP2, PERM | Target: SUP2 | Affects: ['ALL']
        WarriorGoddessHealCD | CD% | Stacks: 1 | Value: 0.150 | Remaining Turns: 1 | TickDown: SUP2, START | Target: SUP2 | Affects: ['ALL']
        HuoHuoUltATK | ATK% | Stacks: 1 | Value: 0.400 | Remaining Turns: 1 | TickDown: SUP2, END | Target: SUP2 | Affects: ['ALL']
        HuoHuoUltExtraATK | ATK% | Stacks: 1 | Value: 0.240 | Remaining Turns: 1 | TickDown: SUP2, END | Target: SUP2 | Affects: ['ALL']
        ConvergingStarsCD | CD% | Stacks: 1 | Value: 0.120 | Remaining Turns: 1 | TickDown: SUP2, PERM | Target: SUP2 | Affects: ['ALL']
        TutorialERR | ERR_T | Stacks: 1 | Value: 8.000 | Remaining Turns: 1 | TickDown: SUP2, START | Target: SUP2 | Affects: ['ALL']
        ----------End of Buff List----------

        ----------Enemy Debuffs----------
        AshveilBaitShred | From: SUP1 | SHRED | Stacks: 1 | Value: 0.400 | Remaining Turns: 997 | Target: 1 | Targeting: ST | Affects: ['ALL'] | DOT: False | Blast: False
        MortenaxBladeUltVul | From: SUP2 | VULN | Stacks: 1 | Value: 0.500 | Remaining Turns: 2 | Target: 1 | Targeting: ST | Affects: ['ALL'] | DOT: False | Blast: False
        MortenaxBladeUltShred | From: SUP2 | SHRED | Stacks: 1 | Value: 0.300 | Remaining Turns: 2 | Target: 1 | Targeting: ST | Affects: ['ALL'] | DOT: False | Blast: False
        ----------End of Debuff List----------
        ----------Healing List----------
        HuoHuoTalentHealingScaling | Targeting: Targeting.SINGLE | Healing Value: [0] | Target: ALL
        HuoHuoTalentHealingScaling | Targeting: Targeting.SINGLE | Healing Value: [0.045] | Target: ALL
        HuoHuoTalentHealingScaling | Targeting: Targeting.SINGLE | Healing Value: [0] | Target: ALL
        HuoHuoTalentHealingScaling | Targeting: Targeting.SINGLE | Healing Value: [0] | Target: ALL
        HuoHuoTalentHealingFlat | Targeting: Targeting.SINGLE | Healing Value: [0] | Target: ALL
        HuoHuoTalentHealingFlat | Targeting: Targeting.SINGLE | Healing Value: [120] | Target: ALL
        HuoHuoTalentHealingFlat | Targeting: Targeting.SINGLE | Healing Value: [0] | Target: ALL
        HuoHuoTalentHealingFlat | Targeting: Targeting.SINGLE | Healing Value: [0] | Target: ALL
        ----------End of Healing List----------
    GAUGE  - Enemy 1 toughness reduced by 0.000
    RESULT - MortenaxBladeBounceSkill | MortenaxBlade | SUP2 | DMG: 9014.319 | ELADMG: 0.000 | Enemies Hit: [1] | Enemies Broken: [] | WB DMG: 0.000 | Energy: 0.000 | Amount HP Healed: 371.779 | Amount HP Lost: 0.000 | MortenaxBlade Energy: 113/160 | SP: 1 | MaxSP: 5)
    TURN   - MortenaxBladeBounceSkill | MortenaxBlade | SUP2 | ST attack | ['FIR'] | ['SKL'] | Scaling: HP | TargetID: 1 | DMG/BREAK Splits: [0.24, 0]/[5, 0] | Energy Gained: 0 | SP Change: 0

        ----------Char Buffs----------
        GilgameshTrace3ATK | ATK% | Stacks: 1 | Value: 0.200 | Remaining Turns: 1 | TickDown: SUP2, PERM | Target: SUP2 | Affects: ['ALL']
        GilgameshTrace3CD | CD% | Stacks: 1 | Value: 0.200 | Remaining Turns: 1 | TickDown: SUP2, PERM | Target: SUP2 | Affects: ['ALL']
        AshveilTrace3CD | CD% | Stacks: 1 | Value: 0.400 | Remaining Turns: 1 | TickDown: SUP1, PERM | Target: SUP2 | Affects: ['ALL']
        TutorialEHR | EHR% | Stacks: 1 | Value: 0.400 | Remaining Turns: 1 | TickDown: SUP2, PERM | Target: SUP2 | Affects: ['ALL']
        MasterSmithHP | HP% | Stacks: 1 | Value: 0.120 | Remaining Turns: 1 | TickDown: SUP2, PERM | Target: SUP2 | Affects: ['ALL']
        LushakaERR | ERR% | Stacks: 1 | Value: 0.050 | Remaining Turns: 1 | TickDown: SUP2, PERM | Target: SUP2 | Affects: ['ALL']
        MortenaxBladeTraceCR | CR% | Stacks: 1 | Value: 0.120 | Remaining Turns: 1 | TickDown: SUP2, PERM | Target: SUP2 | Affects: ['ALL']
        MortenaxBladeTraceHP | HP% | Stacks: 1 | Value: 0.100 | Remaining Turns: 1 | TickDown: SUP2, PERM | Target: SUP2 | Affects: ['ALL']
        MortenaxBladeTraceDMG | DMG% | Stacks: 1 | Value: 0.224 | Remaining Turns: 1 | TickDown: SUP2, PERM | Target: SUP2 | Affects: ['ALL']
        KeelCD(SUS) | CD% | Stacks: 1 | Value: 0.100 | Remaining Turns: 1 | TickDown: SUP2, PERM | Target: SUP2 | Affects: ['ALL']
        MasterSmithCD | CD% | Stacks: 1 | Value: 0.280 | Remaining Turns: 1 | TickDown: SUP2, PERM | Target: SUP2 | Affects: ['ALL']
        MasterSmithComburent | DMG% | Stacks: 1 | Value: 0.150 | Remaining Turns: 2 | TickDown: SUP2, END | Target: SUP2 | Affects: ['ALL']
        MortenaxBladeCRBoost | CR% | Stacks: 1 | Value: 0.200 | Remaining Turns: 1 | TickDown: SUP2, PERM | Target: SUP2 | Affects: ['ALL']
        MortenaxBladeCDBoost | CD% | Stacks: 1 | Value: 0.600 | Remaining Turns: 1 | TickDown: SUP2, PERM | Target: SUP2 | Affects: ['ALL']
        MortenaxBladeDMGReduction | DMG_REDUCTION | Stacks: 1 | Value: 0.500 | Remaining Turns: 1 | TickDown: SUP2, PERM | Target: SUP2 | Affects: ['ALL']
        MortenaxBladeDMGBoost | DMG% | Stacks: 1 | Value: 0.500 | Remaining Turns: 1 | TickDown: SUP2, PERM | Target: SUP2 | Affects: ['ALL']
        MortenaxBladeDMG | DMG% | Stacks: 1 | Value: 0.750 | Remaining Turns: 1 | TickDown: SUP2, PERM | Target: SUP2 | Affects: ['ALL']
        WarriorGoddessHealCD | CD% | Stacks: 1 | Value: 0.150 | Remaining Turns: 1 | TickDown: SUP2, START | Target: SUP2 | Affects: ['ALL']
        HuoHuoUltATK | ATK% | Stacks: 1 | Value: 0.400 | Remaining Turns: 1 | TickDown: SUP2, END | Target: SUP2 | Affects: ['ALL']
        HuoHuoUltExtraATK | ATK% | Stacks: 1 | Value: 0.240 | Remaining Turns: 1 | TickDown: SUP2, END | Target: SUP2 | Affects: ['ALL']
        ConvergingStarsCD | CD% | Stacks: 1 | Value: 0.120 | Remaining Turns: 1 | TickDown: SUP2, PERM | Target: SUP2 | Affects: ['ALL']
        TutorialERR | ERR_T | Stacks: 1 | Value: 8.000 | Remaining Turns: 1 | TickDown: SUP2, START | Target: SUP2 | Affects: ['ALL']
        ----------End of Buff List----------

        ----------Enemy Debuffs----------
        AshveilBaitShred | From: SUP1 | SHRED | Stacks: 1 | Value: 0.400 | Remaining Turns: 997 | Target: 1 | Targeting: ST | Affects: ['ALL'] | DOT: False | Blast: False
        MortenaxBladeUltVul | From: SUP2 | VULN | Stacks: 1 | Value: 0.500 | Remaining Turns: 2 | Target: 1 | Targeting: ST | Affects: ['ALL'] | DOT: False | Blast: False
        MortenaxBladeUltShred | From: SUP2 | SHRED | Stacks: 1 | Value: 0.300 | Remaining Turns: 2 | Target: 1 | Targeting: ST | Affects: ['ALL'] | DOT: False | Blast: False
        ----------End of Debuff List----------
        ----------Healing List----------
        ----------End of Healing List----------
    GAUGE  - Enemy 1 toughness reduced by 0.000
    RESULT - MortenaxBladeBounceSkill | MortenaxBlade | SUP2 | DMG: 9014.319 | ELADMG: 0.000 | Enemies Hit: [1] | Enemies Broken: [] | WB DMG: 0.000 | Energy: 0.000 | Amount HP Healed: 0.000 | Amount HP Lost: 0.000 | MortenaxBlade Energy: 113/160 | SP: 1 | MaxSP: 5)
    TURN   - MortenaxBladeBounceSkill | MortenaxBlade | SUP2 | ST attack | ['FIR'] | ['SKL'] | Scaling: HP | TargetID: 1 | DMG/BREAK Splits: [0.24, 0]/[5, 0] | Energy Gained: 0 | SP Change: 0

        ----------Char Buffs----------
        GilgameshTrace3ATK | ATK% | Stacks: 1 | Value: 0.200 | Remaining Turns: 1 | TickDown: SUP2, PERM | Target: SUP2 | Affects: ['ALL']
        GilgameshTrace3CD | CD% | Stacks: 1 | Value: 0.200 | Remaining Turns: 1 | TickDown: SUP2, PERM | Target: SUP2 | Affects: ['ALL']
        AshveilTrace3CD | CD% | Stacks: 1 | Value: 0.400 | Remaining Turns: 1 | TickDown: SUP1, PERM | Target: SUP2 | Affects: ['ALL']
        TutorialEHR | EHR% | Stacks: 1 | Value: 0.400 | Remaining Turns: 1 | TickDown: SUP2, PERM | Target: SUP2 | Affects: ['ALL']
        MasterSmithHP | HP% | Stacks: 1 | Value: 0.120 | Remaining Turns: 1 | TickDown: SUP2, PERM | Target: SUP2 | Affects: ['ALL']
        LushakaERR | ERR% | Stacks: 1 | Value: 0.050 | Remaining Turns: 1 | TickDown: SUP2, PERM | Target: SUP2 | Affects: ['ALL']
        MortenaxBladeTraceCR | CR% | Stacks: 1 | Value: 0.120 | Remaining Turns: 1 | TickDown: SUP2, PERM | Target: SUP2 | Affects: ['ALL']
        MortenaxBladeTraceHP | HP% | Stacks: 1 | Value: 0.100 | Remaining Turns: 1 | TickDown: SUP2, PERM | Target: SUP2 | Affects: ['ALL']
        MortenaxBladeTraceDMG | DMG% | Stacks: 1 | Value: 0.224 | Remaining Turns: 1 | TickDown: SUP2, PERM | Target: SUP2 | Affects: ['ALL']
        KeelCD(SUS) | CD% | Stacks: 1 | Value: 0.100 | Remaining Turns: 1 | TickDown: SUP2, PERM | Target: SUP2 | Affects: ['ALL']
        MasterSmithCD | CD% | Stacks: 1 | Value: 0.280 | Remaining Turns: 1 | TickDown: SUP2, PERM | Target: SUP2 | Affects: ['ALL']
        MasterSmithComburent | DMG% | Stacks: 1 | Value: 0.150 | Remaining Turns: 2 | TickDown: SUP2, END | Target: SUP2 | Affects: ['ALL']
        MortenaxBladeCRBoost | CR% | Stacks: 1 | Value: 0.200 | Remaining Turns: 1 | TickDown: SUP2, PERM | Target: SUP2 | Affects: ['ALL']
        MortenaxBladeCDBoost | CD% | Stacks: 1 | Value: 0.600 | Remaining Turns: 1 | TickDown: SUP2, PERM | Target: SUP2 | Affects: ['ALL']
        MortenaxBladeDMGReduction | DMG_REDUCTION | Stacks: 1 | Value: 0.500 | Remaining Turns: 1 | TickDown: SUP2, PERM | Target: SUP2 | Affects: ['ALL']
        MortenaxBladeDMGBoost | DMG% | Stacks: 1 | Value: 0.500 | Remaining Turns: 1 | TickDown: SUP2, PERM | Target: SUP2 | Affects: ['ALL']
        MortenaxBladeDMG | DMG% | Stacks: 1 | Value: 0.750 | Remaining Turns: 1 | TickDown: SUP2, PERM | Target: SUP2 | Affects: ['ALL']
        WarriorGoddessHealCD | CD% | Stacks: 1 | Value: 0.150 | Remaining Turns: 1 | TickDown: SUP2, START | Target: SUP2 | Affects: ['ALL']
        HuoHuoUltATK | ATK% | Stacks: 1 | Value: 0.400 | Remaining Turns: 1 | TickDown: SUP2, END | Target: SUP2 | Affects: ['ALL']
        HuoHuoUltExtraATK | ATK% | Stacks: 1 | Value: 0.240 | Remaining Turns: 1 | TickDown: SUP2, END | Target: SUP2 | Affects: ['ALL']
        ConvergingStarsCD | CD% | Stacks: 1 | Value: 0.120 | Remaining Turns: 1 | TickDown: SUP2, PERM | Target: SUP2 | Affects: ['ALL']
        TutorialERR | ERR_T | Stacks: 1 | Value: 8.000 | Remaining Turns: 1 | TickDown: SUP2, START | Target: SUP2 | Affects: ['ALL']
        ----------End of Buff List----------

        ----------Enemy Debuffs----------
        AshveilBaitShred | From: SUP1 | SHRED | Stacks: 1 | Value: 0.400 | Remaining Turns: 997 | Target: 1 | Targeting: ST | Affects: ['ALL'] | DOT: False | Blast: False
        MortenaxBladeUltVul | From: SUP2 | VULN | Stacks: 1 | Value: 0.500 | Remaining Turns: 2 | Target: 1 | Targeting: ST | Affects: ['ALL'] | DOT: False | Blast: False
        MortenaxBladeUltShred | From: SUP2 | SHRED | Stacks: 1 | Value: 0.300 | Remaining Turns: 2 | Target: 1 | Targeting: ST | Affects: ['ALL'] | DOT: False | Blast: False
        ----------End of Debuff List----------
        ----------Healing List----------
        ----------End of Healing List----------
    GAUGE  - Enemy 1 toughness reduced by 0.000
    RESULT - MortenaxBladeBounceSkill | MortenaxBlade | SUP2 | DMG: 9014.319 | ELADMG: 0.000 | Enemies Hit: [1] | Enemies Broken: [] | WB DMG: 0.000 | Energy: 0.000 | Amount HP Healed: 0.000 | Amount HP Lost: 0.000 | MortenaxBlade Energy: 113/160 | SP: 1 | MaxSP: 5)
    TURN   - MortenaxBladeBounceSkill | MortenaxBlade | SUP2 | ST attack | ['FIR'] | ['SKL'] | Scaling: HP | TargetID: 1 | DMG/BREAK Splits: [0.24, 0]/[5, 0] | Energy Gained: 0 | SP Change: 0

        ----------Char Buffs----------
        GilgameshTrace3ATK | ATK% | Stacks: 1 | Value: 0.200 | Remaining Turns: 1 | TickDown: SUP2, PERM | Target: SUP2 | Affects: ['ALL']
        GilgameshTrace3CD | CD% | Stacks: 1 | Value: 0.200 | Remaining Turns: 1 | TickDown: SUP2, PERM | Target: SUP2 | Affects: ['ALL']
        AshveilTrace3CD | CD% | Stacks: 1 | Value: 0.400 | Remaining Turns: 1 | TickDown: SUP1, PERM | Target: SUP2 | Affects: ['ALL']
        TutorialEHR | EHR% | Stacks: 1 | Value: 0.400 | Remaining Turns: 1 | TickDown: SUP2, PERM | Target: SUP2 | Affects: ['ALL']
        MasterSmithHP | HP% | Stacks: 1 | Value: 0.120 | Remaining Turns: 1 | TickDown: SUP2, PERM | Target: SUP2 | Affects: ['ALL']
        LushakaERR | ERR% | Stacks: 1 | Value: 0.050 | Remaining Turns: 1 | TickDown: SUP2, PERM | Target: SUP2 | Affects: ['ALL']
        MortenaxBladeTraceCR | CR% | Stacks: 1 | Value: 0.120 | Remaining Turns: 1 | TickDown: SUP2, PERM | Target: SUP2 | Affects: ['ALL']
        MortenaxBladeTraceHP | HP% | Stacks: 1 | Value: 0.100 | Remaining Turns: 1 | TickDown: SUP2, PERM | Target: SUP2 | Affects: ['ALL']
        MortenaxBladeTraceDMG | DMG% | Stacks: 1 | Value: 0.224 | Remaining Turns: 1 | TickDown: SUP2, PERM | Target: SUP2 | Affects: ['ALL']
        KeelCD(SUS) | CD% | Stacks: 1 | Value: 0.100 | Remaining Turns: 1 | TickDown: SUP2, PERM | Target: SUP2 | Affects: ['ALL']
        MasterSmithCD | CD% | Stacks: 1 | Value: 0.280 | Remaining Turns: 1 | TickDown: SUP2, PERM | Target: SUP2 | Affects: ['ALL']
        MasterSmithComburent | DMG% | Stacks: 1 | Value: 0.150 | Remaining Turns: 2 | TickDown: SUP2, END | Target: SUP2 | Affects: ['ALL']
        MortenaxBladeCRBoost | CR% | Stacks: 1 | Value: 0.200 | Remaining Turns: 1 | TickDown: SUP2, PERM | Target: SUP2 | Affects: ['ALL']
        MortenaxBladeCDBoost | CD% | Stacks: 1 | Value: 0.600 | Remaining Turns: 1 | TickDown: SUP2, PERM | Target: SUP2 | Affects: ['ALL']
        MortenaxBladeDMGReduction | DMG_REDUCTION | Stacks: 1 | Value: 0.500 | Remaining Turns: 1 | TickDown: SUP2, PERM | Target: SUP2 | Affects: ['ALL']
        MortenaxBladeDMGBoost | DMG% | Stacks: 1 | Value: 0.500 | Remaining Turns: 1 | TickDown: SUP2, PERM | Target: SUP2 | Affects: ['ALL']
        MortenaxBladeDMG | DMG% | Stacks: 1 | Value: 0.750 | Remaining Turns: 1 | TickDown: SUP2, PERM | Target: SUP2 | Affects: ['ALL']
        WarriorGoddessHealCD | CD% | Stacks: 1 | Value: 0.150 | Remaining Turns: 1 | TickDown: SUP2, START | Target: SUP2 | Affects: ['ALL']
        HuoHuoUltATK | ATK% | Stacks: 1 | Value: 0.400 | Remaining Turns: 1 | TickDown: SUP2, END | Target: SUP2 | Affects: ['ALL']
        HuoHuoUltExtraATK | ATK% | Stacks: 1 | Value: 0.240 | Remaining Turns: 1 | TickDown: SUP2, END | Target: SUP2 | Affects: ['ALL']
        ConvergingStarsCD | CD% | Stacks: 1 | Value: 0.120 | Remaining Turns: 1 | TickDown: SUP2, PERM | Target: SUP2 | Affects: ['ALL']
        TutorialERR | ERR_T | Stacks: 1 | Value: 8.000 | Remaining Turns: 1 | TickDown: SUP2, START | Target: SUP2 | Affects: ['ALL']
        ----------End of Buff List----------

        ----------Enemy Debuffs----------
        AshveilBaitShred | From: SUP1 | SHRED | Stacks: 1 | Value: 0.400 | Remaining Turns: 997 | Target: 1 | Targeting: ST | Affects: ['ALL'] | DOT: False | Blast: False
        MortenaxBladeUltVul | From: SUP2 | VULN | Stacks: 1 | Value: 0.500 | Remaining Turns: 2 | Target: 1 | Targeting: ST | Affects: ['ALL'] | DOT: False | Blast: False
        MortenaxBladeUltShred | From: SUP2 | SHRED | Stacks: 1 | Value: 0.300 | Remaining Turns: 2 | Target: 1 | Targeting: ST | Affects: ['ALL'] | DOT: False | Blast: False
        ----------End of Debuff List----------
        ----------Healing List----------
        ----------End of Healing List----------
    GAUGE  - Enemy 1 toughness reduced by 0.000
    RESULT - MortenaxBladeBounceSkill | MortenaxBlade | SUP2 | DMG: 9014.319 | ELADMG: 0.000 | Enemies Hit: [1] | Enemies Broken: [] | WB DMG: 0.000 | Energy: 0.000 | Amount HP Healed: 0.000 | Amount HP Lost: 0.000 | MortenaxBlade Energy: 113/160 | SP: 1 | MaxSP: 5)
    TURN   - HuoHuoAllyERR | HuoHuo | SUS | NA attack | ['WIN'] | ['SPECIAL'] | Scaling: HP | TargetID: 1 | DMG/BREAK Splits: [0, 0]/[0, 0] | Energy Gained: 1 | SP Change: 0

        ----------Char Buffs----------
        GilgameshTrace3ATK | ATK% | Stacks: 1 | Value: 0.200 | Remaining Turns: 1 | TickDown: SUS, PERM | Target: SUS | Affects: ['ALL']
        GilgameshTrace3CD | CD% | Stacks: 1 | Value: 0.200 | Remaining Turns: 1 | TickDown: SUS, PERM | Target: SUS | Affects: ['ALL']
        AshveilTrace3CD | CD% | Stacks: 1 | Value: 0.400 | Remaining Turns: 1 | TickDown: SUP1, PERM | Target: SUS | Affects: ['ALL']
        PostOpERR | ERR% | Stacks: 1 | Value: 0.160 | Remaining Turns: 1 | TickDown: SUS, PERM | Target: SUS | Affects: ['ALL']
        WarriorGoddessSPD | SPD% | Stacks: 1 | Value: 0.060 | Remaining Turns: 1 | TickDown: SUS, PERM | Target: SUS | Affects: ['ALL']
        KeelEFFRES | ERS% | Stacks: 1 | Value: 0.100 | Remaining Turns: 1 | TickDown: SUS, PERM | Target: SUS | Affects: ['ALL']
        KeelCD(SUS) | CD% | Stacks: 1 | Value: 0.100 | Remaining Turns: 1 | TickDown: SUS, PERM | Target: SUS | Affects: ['ALL']
        HHTraceHP | HP% | Stacks: 1 | Value: 0.280 | Remaining Turns: 1 | TickDown: SUS, PERM | Target: SUS | Affects: ['ALL']
        HHTraceERS | ERS% | Stacks: 1 | Value: 0.180 | Remaining Turns: 1 | TickDown: SUS, PERM | Target: SUS | Affects: ['ALL']
        HHTraceSPD | SPD | Stacks: 1 | Value: 5.000 | Remaining Turns: 1 | TickDown: SUS, PERM | Target: SUS | Affects: ['ALL']
        MasterSmithComburent | DMG% | Stacks: 1 | Value: 0.150 | Remaining Turns: 2 | TickDown: SUS, END | Target: SUS | Affects: ['ALL']
        MortenaxBladeDMGBoost | DMG% | Stacks: 1 | Value: 0.500 | Remaining Turns: 1 | TickDown: SUS, PERM | Target: SUS | Affects: ['ALL']
        WarriorGoddessHealSPD | SPD% | Stacks: 1 | Value: 0.060 | Remaining Turns: 2 | TickDown: SUS, START | Target: SUS | Affects: ['ALL']
        WarriorGoddessHealCD | CD% | Stacks: 1 | Value: 0.150 | Remaining Turns: 2 | TickDown: SUS, START | Target: SUS | Affects: ['ALL']
        ConvergingStarsCD | CD% | Stacks: 1 | Value: 0.120 | Remaining Turns: 1 | TickDown: SUS, PERM | Target: SUS | Affects: ['ALL']
        ----------End of Buff List----------

        ----------Enemy Debuffs----------
        AshveilBaitShred | From: SUP1 | SHRED | Stacks: 1 | Value: 0.400 | Remaining Turns: 997 | Target: 1 | Targeting: ST | Affects: ['ALL'] | DOT: False | Blast: False
        MortenaxBladeUltVul | From: SUP2 | VULN | Stacks: 1 | Value: 0.500 | Remaining Turns: 2 | Target: 1 | Targeting: ST | Affects: ['ALL'] | DOT: False | Blast: False
        MortenaxBladeUltShred | From: SUP2 | SHRED | Stacks: 1 | Value: 0.300 | Remaining Turns: 2 | Target: 1 | Targeting: ST | Affects: ['ALL'] | DOT: False | Blast: False
        ----------End of Debuff List----------
        ----------Healing List----------
        ----------End of Healing List----------
    GAUGE  - Enemy 1 toughness reduced by 0.000
    RESULT - HuoHuoAllyERR | HuoHuo | SUS | DMG: 0.000 | ELADMG: 0.000 | Enemies Hit: [1] | Enemies Broken: [] | WB DMG: 0.000 | Energy: 1.354 | Amount HP Healed: 0.000 | Amount HP Lost: 0.000 | HuoHuo Energy: 138/140 | SP: 1 | MaxSP: 5)
ERR    > 8.000 energy added to Ashveil from AshveilTalentEnergy10 | Ashveil Energy: 137.667
ERR    > 9.955 energy added to MortenaxBlade from TutorialERR | MortenaxBlade Energy: 123.195
        Buff HuoHuoUltATK expired
        Buff HuoHuoUltExtraATK expired
SPD    > Gilgamesh speed changed to 121.000 | NewAV: 80.716
AV     > MortenaxBlade AV reset to 64.503 | 155.032 SPD

<<< NEW TURN >>>
-   InfiniteFury AV: 0.000 ENERGY: 0.000 MaxHP: 0.000 CurrHp 0.000
-   Ashveil AV: 13.827 ENERGY: 137.667 MaxHP: 2729.320 CurrHp 2705.125
-   Enemy 2 AV: 23.409 ENERGY: 0.000 MaxHP: 2000000.000 CurrHp 642319.079
-   Enemy 0 AV: 42.640 ENERGY: 0.000 MaxHP: 2000000.000 CurrHp 1441378.359
-   HuoHuo AV: 44.237 ENERGY: 137.697 MaxHP: 6139.808 CurrHp 5675.925
-   Enemy 1 AV: 45.165 ENERGY: 0.000 MaxHP: 5000000.000 CurrHp 1794296.373
-   MortenaxBlade AV: 50.651 ENERGY: 123.195 MaxHP: 4869.135 CurrHp 3636.913
-   Gilgamesh AV: 66.865 ENERGY: 171.333 MaxHP: 3134.558 CurrHp 2886.998

Combat context set: 3 enemies, 4 players
Combat context initialized: 3 enemies, Elation team size: 0
ACTION > [SUMMON] TotalAV: 207.360 | TurnAV: 13.852 | InfiniteFury
    TURN   - InfiniteFury | InfiniteFury | SUP2 | NA attack | ['FIR'] | ['ALL'] | Scaling: HP | TargetID: -1 | DMG/BREAK Splits: [0, 0]/[0, 0] | Energy Gained: 0 | SP Change: 0

        ----------Char Buffs----------
        GilgameshTrace3ATK | ATK% | Stacks: 1 | Value: 0.200 | Remaining Turns: 1 | TickDown: SUP2, PERM | Target: SUP2 | Affects: ['ALL']
        GilgameshTrace3CD | CD% | Stacks: 1 | Value: 0.200 | Remaining Turns: 1 | TickDown: SUP2, PERM | Target: SUP2 | Affects: ['ALL']
        AshveilTrace3CD | CD% | Stacks: 1 | Value: 0.400 | Remaining Turns: 1 | TickDown: SUP1, PERM | Target: SUP2 | Affects: ['ALL']
        AshveilTrace3FUACD | CD% | Stacks: 1 | Value: 0.800 | Remaining Turns: 1 | TickDown: SUP1, PERM | Target: SUP2 | Affects: ['FUA']
        TutorialEHR | EHR% | Stacks: 1 | Value: 0.400 | Remaining Turns: 1 | TickDown: SUP2, PERM | Target: SUP2 | Affects: ['ALL']
        MasterSmithHP | HP% | Stacks: 1 | Value: 0.120 | Remaining Turns: 1 | TickDown: SUP2, PERM | Target: SUP2 | Affects: ['ALL']
        LushakaERR | ERR% | Stacks: 1 | Value: 0.050 | Remaining Turns: 1 | TickDown: SUP2, PERM | Target: SUP2 | Affects: ['ALL']
        MortenaxBladeTraceCR | CR% | Stacks: 1 | Value: 0.120 | Remaining Turns: 1 | TickDown: SUP2, PERM | Target: SUP2 | Affects: ['ALL']
        MortenaxBladeTraceHP | HP% | Stacks: 1 | Value: 0.100 | Remaining Turns: 1 | TickDown: SUP2, PERM | Target: SUP2 | Affects: ['ALL']
        MortenaxBladeTraceDMG | DMG% | Stacks: 1 | Value: 0.224 | Remaining Turns: 1 | TickDown: SUP2, PERM | Target: SUP2 | Affects: ['ALL']
        KeelCD(SUS) | CD% | Stacks: 1 | Value: 0.100 | Remaining Turns: 1 | TickDown: SUP2, PERM | Target: SUP2 | Affects: ['ALL']
        MasterSmithCD | CD% | Stacks: 1 | Value: 0.280 | Remaining Turns: 1 | TickDown: SUP2, PERM | Target: SUP2 | Affects: ['ALL']
        MasterSmithComburent | DMG% | Stacks: 1 | Value: 0.150 | Remaining Turns: 1 | TickDown: SUP2, END | Target: SUP2 | Affects: ['ALL']
        MortenaxBladeCRBoost | CR% | Stacks: 1 | Value: 0.200 | Remaining Turns: 1 | TickDown: SUP2, PERM | Target: SUP2 | Affects: ['ALL']
        MortenaxBladeCDBoost | CD% | Stacks: 1 | Value: 0.600 | Remaining Turns: 1 | TickDown: SUP2, PERM | Target: SUP2 | Affects: ['ALL']
        MortenaxBladeDMGReduction | DMG_REDUCTION | Stacks: 1 | Value: 0.500 | Remaining Turns: 1 | TickDown: SUP2, PERM | Target: SUP2 | Affects: ['ALL']
        MortenaxBladeDMGBoost | DMG% | Stacks: 1 | Value: 0.500 | Remaining Turns: 1 | TickDown: SUP2, PERM | Target: SUP2 | Affects: ['ALL']
        MortenaxBladeDMG | DMG% | Stacks: 1 | Value: 0.750 | Remaining Turns: 1 | TickDown: SUP2, PERM | Target: SUP2 | Affects: ['ALL']
        WarriorGoddessHealCD | CD% | Stacks: 1 | Value: 0.150 | Remaining Turns: 1 | TickDown: SUP2, START | Target: SUP2 | Affects: ['ALL']
        ConvergingStarsCD | CD% | Stacks: 1 | Value: 0.120 | Remaining Turns: 1 | TickDown: SUP2, PERM | Target: SUP2 | Affects: ['ALL']
        ----------End of Buff List----------

        ----------Enemy Debuffs----------
        ----------End of Debuff List----------
        ----------Healing List----------
        ----------End of Healing List----------
    GAUGE  - Enemy 0 toughness reduced by 0.000
    RESULT - InfiniteFury | InfiniteFury | SUP2 | DMG: 0.000 | ELADMG: 0.000 | Enemies Hit: [0] | Enemies Broken: [] | WB DMG: 0.000 | Energy: 0.000 | Amount HP Healed: 0.000 | Amount HP Lost: 0.000 | MortenaxBlade Energy: 123/160 | SP: 1 | MaxSP: 5)
Gilgamesh Obtained 1 Interest from Teammate, Current count: 3
SPD    > Gilgamesh speed changed to 130.700 | NewAV: 61.902
AV     > InfiniteFury AV reset to 10000.000 | 1.000 SPD

<<< NEW TURN >>>
-   Ashveil AV: 0.000 ENERGY: 137.667 MaxHP: 2729.320 CurrHp 2705.125
-   Enemy 2 AV: 9.582 ENERGY: 0.000 MaxHP: 2000000.000 CurrHp 642319.079
-   Enemy 0 AV: 28.813 ENERGY: 0.000 MaxHP: 2000000.000 CurrHp 1441378.359
-   HuoHuo AV: 30.410 ENERGY: 137.697 MaxHP: 6139.808 CurrHp 5675.925
-   Enemy 1 AV: 31.339 ENERGY: 0.000 MaxHP: 5000000.000 CurrHp 1794296.373
-   MortenaxBlade AV: 36.825 ENERGY: 123.195 MaxHP: 4869.135 CurrHp 3636.913
-   Gilgamesh AV: 48.075 ENERGY: 171.333 MaxHP: 3134.558 CurrHp 2886.998
-   InfiniteFury AV: 9986.173 ENERGY: 0.000 MaxHP: 0.000 CurrHp 0.000

Combat context set: 3 enemies, 4 players
Combat context initialized: 3 enemies, Elation team size: 0
ACTION > [CHAR] TotalAV: 221.187 | TurnAV: 13.827 | Ashveil | E-move
        Buff CruisingLowHPCR expired
Ashveil has obtained 1 gluttony stack from Skill.
    TURN   - AshveilSkill | Ashveil | SUP1 | ST attack | ['LNG'] | ['SKL'] | Scaling: ATK | TargetID: 2 | DMG/BREAK Splits: [3.0, 0]/[20, 0] | Energy Gained: 30 | SP Change: 0

        ----------Char Buffs----------
        GilgameshTrace3ATK | ATK% | Stacks: 1 | Value: 0.200 | Remaining Turns: 1 | TickDown: SUP1, PERM | Target: SUP1 | Affects: ['ALL']
        GilgameshTrace3CD | CD% | Stacks: 1 | Value: 0.200 | Remaining Turns: 1 | TickDown: SUP1, PERM | Target: SUP1 | Affects: ['ALL']
        CruisingBaseCR | CR% | Stacks: 1 | Value: 0.160 | Remaining Turns: 1 | TickDown: SUP1, PERM | Target: SUP1 | Affects: ['ALL']
        AshveilTraceCD | CD% | Stacks: 1 | Value: 0.373 | Remaining Turns: 1 | TickDown: SUP1, PERM | Target: SUP1 | Affects: ['ALL']
        AshveilTraceATK | ATK% | Stacks: 1 | Value: 0.100 | Remaining Turns: 1 | TickDown: SUP1, PERM | Target: SUP1 | Affects: ['ALL']
        AshveilTraceDMG | DMG% | Stacks: 1 | Value: 0.144 | Remaining Turns: 1 | TickDown: SUP1, PERM | Target: SUP1 | Affects: ['ALL']
        AshveilTrace3CD | CD% | Stacks: 1 | Value: 0.400 | Remaining Turns: 1 | TickDown: SUP1, PERM | Target: SUP1 | Affects: ['ALL']
        KeelCD(SUS) | CD% | Stacks: 1 | Value: 0.100 | Remaining Turns: 1 | TickDown: SUP1, PERM | Target: SUP1 | Affects: ['ALL']
        GilgameshTrace3AllyATK | ATK% | Stacks: 1 | Value: 0.100 | Remaining Turns: 1 | TickDown: SUP1, PERM | Target: SUP1 | Affects: ['ALL']
        GilgameshTrace3AllyCD | CD% | Stacks: 1 | Value: 0.100 | Remaining Turns: 1 | TickDown: SUP1, PERM | Target: SUP1 | Affects: ['ALL']
        MasterSmithComburent | DMG% | Stacks: 1 | Value: 0.150 | Remaining Turns: 2 | TickDown: SUP1, END | Target: SUP1 | Affects: ['ALL']
        DukeATK | ATK% | Stacks: 1 | Value: 0.480 | Remaining Turns: 2 | TickDown: SUP1, END | Target: SUP1 | Affects: ['ALL']
        ConvergingStarsATK | ATK% | Stacks: 1 | Value: 0.240 | Remaining Turns: 1 | TickDown: SUP1, END | Target: SUP1 | Affects: ['ALL']
        MortenaxBladeDMGBoost | DMG% | Stacks: 1 | Value: 0.000 | Remaining Turns: 1 | TickDown: SUP1, PERM | Target: SUP1 | Affects: ['ALL']
        WarriorGoddessHealCD | CD% | Stacks: 1 | Value: 0.150 | Remaining Turns: 1 | TickDown: SUP1, START | Target: SUP1 | Affects: ['ALL']
        CruisingKillATK | ATK% | Stacks: 1 | Value: 0.400 | Remaining Turns: 1 | TickDown: SUP1, END | Target: SUP1 | Affects: ['ALL']
        ConvergingStarsCD | CD% | Stacks: 1 | Value: 0.120 | Remaining Turns: 1 | TickDown: SUP1, PERM | Target: SUP1 | Affects: ['ALL']
        ----------End of Buff List----------

        ----------Enemy Debuffs----------
        AshveilBaitShred | From: SUP1 | SHRED | Stacks: 1 | Value: 0.400 | Remaining Turns: 998 | Target: 2 | Targeting: ST | Affects: ['ALL'] | DOT: False | Blast: False
        MortenaxBladeUltVul | From: SUP2 | VULN | Stacks: 1 | Value: 0.500 | Remaining Turns: 2 | Target: 2 | Targeting: ST | Affects: ['ALL'] | DOT: False | Blast: False
        MortenaxBladeUltShred | From: SUP2 | SHRED | Stacks: 1 | Value: 0.300 | Remaining Turns: 2 | Target: 2 | Targeting: ST | Affects: ['ALL'] | DOT: False | Blast: False
        ----------End of Debuff List----------
        ----------Healing List----------
        ----------End of Healing List----------
    GAUGE  - Enemy 2 toughness reduced by 20.000
    RESULT - AshveilSkill | Ashveil | SUP1 | DMG: 63467.661 | ELADMG: 0.000 | Enemies Hit: [2] | Enemies Broken: [2] | WB DMG: 14075.467 | Energy: 30.000 | Amount HP Healed: 0.000 | Amount HP Lost: 0.000 | Ashveil Energy: 150/150 | SP: 1 | MaxSP: 5)
Gilgamesh Obtained 1 Interest from Teammate, Current count: 4
    TURN   - HuoHuoAllyERR | HuoHuo | SUS | NA attack | ['WIN'] | ['SPECIAL'] | Scaling: HP | TargetID: 1 | DMG/BREAK Splits: [0, 0]/[0, 0] | Energy Gained: 1 | SP Change: 0

        ----------Char Buffs----------
        GilgameshTrace3ATK | ATK% | Stacks: 1 | Value: 0.200 | Remaining Turns: 1 | TickDown: SUS, PERM | Target: SUS | Affects: ['ALL']
        GilgameshTrace3CD | CD% | Stacks: 1 | Value: 0.200 | Remaining Turns: 1 | TickDown: SUS, PERM | Target: SUS | Affects: ['ALL']
        AshveilTrace3CD | CD% | Stacks: 1 | Value: 0.400 | Remaining Turns: 1 | TickDown: SUP1, PERM | Target: SUS | Affects: ['ALL']
        PostOpERR | ERR% | Stacks: 1 | Value: 0.160 | Remaining Turns: 1 | TickDown: SUS, PERM | Target: SUS | Affects: ['ALL']
        WarriorGoddessSPD | SPD% | Stacks: 1 | Value: 0.060 | Remaining Turns: 1 | TickDown: SUS, PERM | Target: SUS | Affects: ['ALL']
        KeelEFFRES | ERS% | Stacks: 1 | Value: 0.100 | Remaining Turns: 1 | TickDown: SUS, PERM | Target: SUS | Affects: ['ALL']
        KeelCD(SUS) | CD% | Stacks: 1 | Value: 0.100 | Remaining Turns: 1 | TickDown: SUS, PERM | Target: SUS | Affects: ['ALL']
        HHTraceHP | HP% | Stacks: 1 | Value: 0.280 | Remaining Turns: 1 | TickDown: SUS, PERM | Target: SUS | Affects: ['ALL']
        HHTraceERS | ERS% | Stacks: 1 | Value: 0.180 | Remaining Turns: 1 | TickDown: SUS, PERM | Target: SUS | Affects: ['ALL']
        HHTraceSPD | SPD | Stacks: 1 | Value: 5.000 | Remaining Turns: 1 | TickDown: SUS, PERM | Target: SUS | Affects: ['ALL']
        MasterSmithComburent | DMG% | Stacks: 1 | Value: 0.150 | Remaining Turns: 2 | TickDown: SUS, END | Target: SUS | Affects: ['ALL']
        MortenaxBladeDMGBoost | DMG% | Stacks: 1 | Value: 0.000 | Remaining Turns: 1 | TickDown: SUS, PERM | Target: SUS | Affects: ['ALL']
        WarriorGoddessHealSPD | SPD% | Stacks: 1 | Value: 0.060 | Remaining Turns: 2 | TickDown: SUS, START | Target: SUS | Affects: ['ALL']
        WarriorGoddessHealCD | CD% | Stacks: 1 | Value: 0.150 | Remaining Turns: 2 | TickDown: SUS, START | Target: SUS | Affects: ['ALL']
        ConvergingStarsCD | CD% | Stacks: 1 | Value: 0.120 | Remaining Turns: 1 | TickDown: SUS, PERM | Target: SUS | Affects: ['ALL']
        ----------End of Buff List----------

        ----------Enemy Debuffs----------
        AshveilBaitShred | From: SUP1 | SHRED | Stacks: 1 | Value: 0.400 | Remaining Turns: 997 | Target: 1 | Targeting: ST | Affects: ['ALL'] | DOT: False | Blast: False
        MortenaxBladeUltVul | From: SUP2 | VULN | Stacks: 1 | Value: 0.500 | Remaining Turns: 2 | Target: 1 | Targeting: ST | Affects: ['ALL'] | DOT: False | Blast: False
        MortenaxBladeUltShred | From: SUP2 | SHRED | Stacks: 1 | Value: 0.300 | Remaining Turns: 2 | Target: 1 | Targeting: ST | Affects: ['ALL'] | DOT: False | Blast: False
        ----------End of Debuff List----------
        ----------Healing List----------
        HuoHuoTalentHealingScaling | Targeting: Targeting.SINGLE | Healing Value: [0] | Target: ALL
        HuoHuoTalentHealingScaling | Targeting: Targeting.SINGLE | Healing Value: [0.045] | Target: ALL
        HuoHuoTalentHealingScaling | Targeting: Targeting.SINGLE | Healing Value: [0] | Target: ALL
        HuoHuoTalentHealingScaling | Targeting: Targeting.SINGLE | Healing Value: [0] | Target: ALL
        HuoHuoTalentHealingFlat | Targeting: Targeting.SINGLE | Healing Value: [0] | Target: ALL
        HuoHuoTalentHealingFlat | Targeting: Targeting.SINGLE | Healing Value: [120] | Target: ALL
        HuoHuoTalentHealingFlat | Targeting: Targeting.SINGLE | Healing Value: [0] | Target: ALL
        HuoHuoTalentHealingFlat | Targeting: Targeting.SINGLE | Healing Value: [0] | Target: ALL
        ----------End of Healing List----------
    GAUGE  - Enemy 1 toughness reduced by 0.000
    RESULT - HuoHuoAllyERR | HuoHuo | SUS | DMG: 0.000 | ELADMG: 0.000 | Enemies Hit: [1] | Enemies Broken: [] | WB DMG: 0.000 | Energy: 1.354 | Amount HP Healed: 371.779 | Amount HP Lost: 0.000 | HuoHuo Energy: 139/140 | SP: 1 | MaxSP: 5)
ULT    > Ashveil used their ultimate
Ashveil has 12 gluttony stacks before ult.
Ashveil has obtained 2 gluttony stacks from Ult.
    TURN   - AshveilUlt | Ashveil | SUP1 | ST attack | ['LNG'] | ['ULT'] | Scaling: ATK | TargetID: 2 | DMG/BREAK Splits: [4.0, 0]/[30, 0] | Energy Gained: 5 | SP Change: 0

        ----------Char Buffs----------
        GilgameshTrace3ATK | ATK% | Stacks: 1 | Value: 0.200 | Remaining Turns: 1 | TickDown: SUP1, PERM | Target: SUP1 | Affects: ['ALL']
        GilgameshTrace3CD | CD% | Stacks: 1 | Value: 0.200 | Remaining Turns: 1 | TickDown: SUP1, PERM | Target: SUP1 | Affects: ['ALL']
        CruisingBaseCR | CR% | Stacks: 1 | Value: 0.160 | Remaining Turns: 1 | TickDown: SUP1, PERM | Target: SUP1 | Affects: ['ALL']
        AshveilTraceCD | CD% | Stacks: 1 | Value: 0.373 | Remaining Turns: 1 | TickDown: SUP1, PERM | Target: SUP1 | Affects: ['ALL']
        AshveilTraceATK | ATK% | Stacks: 1 | Value: 0.100 | Remaining Turns: 1 | TickDown: SUP1, PERM | Target: SUP1 | Affects: ['ALL']
        AshveilTraceDMG | DMG% | Stacks: 1 | Value: 0.144 | Remaining Turns: 1 | TickDown: SUP1, PERM | Target: SUP1 | Affects: ['ALL']
        AshveilTrace3CD | CD% | Stacks: 1 | Value: 0.400 | Remaining Turns: 1 | TickDown: SUP1, PERM | Target: SUP1 | Affects: ['ALL']
        KeelCD(SUS) | CD% | Stacks: 1 | Value: 0.100 | Remaining Turns: 1 | TickDown: SUP1, PERM | Target: SUP1 | Affects: ['ALL']
        GilgameshTrace3AllyATK | ATK% | Stacks: 1 | Value: 0.100 | Remaining Turns: 1 | TickDown: SUP1, PERM | Target: SUP1 | Affects: ['ALL']
        GilgameshTrace3AllyCD | CD% | Stacks: 1 | Value: 0.100 | Remaining Turns: 1 | TickDown: SUP1, PERM | Target: SUP1 | Affects: ['ALL']
        MasterSmithComburent | DMG% | Stacks: 1 | Value: 0.150 | Remaining Turns: 2 | TickDown: SUP1, END | Target: SUP1 | Affects: ['ALL']
        DukeATK | ATK% | Stacks: 1 | Value: 0.480 | Remaining Turns: 2 | TickDown: SUP1, END | Target: SUP1 | Affects: ['ALL']
        ConvergingStarsATK | ATK% | Stacks: 1 | Value: 0.240 | Remaining Turns: 1 | TickDown: SUP1, END | Target: SUP1 | Affects: ['ALL']
        MortenaxBladeDMGBoost | DMG% | Stacks: 1 | Value: 0.000 | Remaining Turns: 1 | TickDown: SUP1, PERM | Target: SUP1 | Affects: ['ALL']
        WarriorGoddessHealCD | CD% | Stacks: 1 | Value: 0.150 | Remaining Turns: 2 | TickDown: SUP1, START | Target: SUP1 | Affects: ['ALL']
        CruisingKillATK | ATK% | Stacks: 1 | Value: 0.400 | Remaining Turns: 1 | TickDown: SUP1, END | Target: SUP1 | Affects: ['ALL']
        ConvergingStarsCD | CD% | Stacks: 1 | Value: 0.120 | Remaining Turns: 1 | TickDown: SUP1, PERM | Target: SUP1 | Affects: ['ALL']
        CruisingLowHPCR | CR% | Stacks: 1 | Value: 0.160 | Remaining Turns: 1 | TickDown: SUP1, START | Target: SUP1 | Affects: ['ALL']
        ----------End of Buff List----------

        ----------Enemy Debuffs----------
        AshveilBaitShred | From: SUP1 | SHRED | Stacks: 1 | Value: 0.400 | Remaining Turns: 998 | Target: 2 | Targeting: ST | Affects: ['ALL'] | DOT: False | Blast: False
        MortenaxBladeUltVul | From: SUP2 | VULN | Stacks: 1 | Value: 0.500 | Remaining Turns: 2 | Target: 2 | Targeting: ST | Affects: ['ALL'] | DOT: False | Blast: False
        MortenaxBladeUltShred | From: SUP2 | SHRED | Stacks: 1 | Value: 0.300 | Remaining Turns: 2 | Target: 2 | Targeting: ST | Affects: ['ALL'] | DOT: False | Blast: False
        Enemy 2 LNG-break | From: SUP1 | SHOCK | Stacks: 1 | Value: 8414.001 | Remaining Turns: 2 | Target: 2 | Targeting: ST | Affects: ['ALL'] | DOT: True | Blast: False
        ----------End of Debuff List----------
        ----------Healing List----------
        ----------End of Healing List----------
    GAUGE  - Enemy 2 toughness reduced by 30.000
    RESULT - AshveilUlt | Ashveil | SUP1 | DMG: 102614.630 | ELADMG: 0.000 | Enemies Hit: [2] | Enemies Broken: [] | WB DMG: 0.000 | Energy: 5.000 | Amount HP Healed: 0.000 | Amount HP Lost: 0.000 | Ashveil Energy: 5/150 | SP: 1 | MaxSP: 5)
Gilgamesh Obtained 2 Interest from Teammate Ult, Current count: 6
Gilgamesh Obtained 45.0 Energy from Teammate
Gilgamesh Obtained 1 Interest from Teammate, Current count: 7
Ashveil has obtained 2 gluttony stacks from FUA.
    TURN   - AshveilFUA | Ashveil | SUP1 | ST attack | ['LNG'] | ['FUA'] | Scaling: ATK | TargetID: 2 | DMG/BREAK Splits: [8.0, 0]/[5, 0] | Energy Gained: 5 | SP Change: 0

        ----------Char Buffs----------
        GilgameshTrace3ATK | ATK% | Stacks: 1 | Value: 0.200 | Remaining Turns: 1 | TickDown: SUP1, PERM | Target: SUP1 | Affects: ['ALL']
        GilgameshTrace3CD | CD% | Stacks: 1 | Value: 0.200 | Remaining Turns: 1 | TickDown: SUP1, PERM | Target: SUP1 | Affects: ['ALL']
        CruisingBaseCR | CR% | Stacks: 1 | Value: 0.160 | Remaining Turns: 1 | TickDown: SUP1, PERM | Target: SUP1 | Affects: ['ALL']
        DukeDMG | DMG% | Stacks: 1 | Value: 0.200 | Remaining Turns: 1 | TickDown: SUP1, PERM | Target: SUP1 | Affects: ['FUA']
        AshveilTraceCD | CD% | Stacks: 1 | Value: 0.373 | Remaining Turns: 1 | TickDown: SUP1, PERM | Target: SUP1 | Affects: ['ALL']
        AshveilTraceATK | ATK% | Stacks: 1 | Value: 0.100 | Remaining Turns: 1 | TickDown: SUP1, PERM | Target: SUP1 | Affects: ['ALL']
        AshveilTraceDMG | DMG% | Stacks: 1 | Value: 0.144 | Remaining Turns: 1 | TickDown: SUP1, PERM | Target: SUP1 | Affects: ['ALL']
        AshveilTrace2DMG | DMG% | Stacks: 1 | Value: 0.800 | Remaining Turns: 1 | TickDown: SUP1, PERM | Target: SUP1 | Affects: ['FUA']
        AshveilTrace3CD | CD% | Stacks: 1 | Value: 0.400 | Remaining Turns: 1 | TickDown: SUP1, PERM | Target: SUP1 | Affects: ['ALL']
        AshveilTrace3FUACD | CD% | Stacks: 1 | Value: 0.800 | Remaining Turns: 1 | TickDown: SUP1, PERM | Target: SUP1 | Affects: ['FUA']
        KeelCD(SUS) | CD% | Stacks: 1 | Value: 0.100 | Remaining Turns: 1 | TickDown: SUP1, PERM | Target: SUP1 | Affects: ['ALL']
        GilgameshTrace3AllyATK | ATK% | Stacks: 1 | Value: 0.100 | Remaining Turns: 1 | TickDown: SUP1, PERM | Target: SUP1 | Affects: ['ALL']
        GilgameshTrace3AllyCD | CD% | Stacks: 1 | Value: 0.100 | Remaining Turns: 1 | TickDown: SUP1, PERM | Target: SUP1 | Affects: ['ALL']
        MasterSmithComburent | DMG% | Stacks: 1 | Value: 0.150 | Remaining Turns: 2 | TickDown: SUP1, END | Target: SUP1 | Affects: ['ALL']
        DukeATK | ATK% | Stacks: 1 | Value: 0.480 | Remaining Turns: 3 | TickDown: SUP1, END | Target: SUP1 | Affects: ['ALL']
        ConvergingStarsATK | ATK% | Stacks: 1 | Value: 0.240 | Remaining Turns: 2 | TickDown: SUP1, END | Target: SUP1 | Affects: ['ALL']
        MortenaxBladeDMGBoost | DMG% | Stacks: 1 | Value: 0.000 | Remaining Turns: 1 | TickDown: SUP1, PERM | Target: SUP1 | Affects: ['ALL']
        WarriorGoddessHealCD | CD% | Stacks: 1 | Value: 0.150 | Remaining Turns: 2 | TickDown: SUP1, START | Target: SUP1 | Affects: ['ALL']
        CruisingKillATK | ATK% | Stacks: 1 | Value: 0.400 | Remaining Turns: 1 | TickDown: SUP1, END | Target: SUP1 | Affects: ['ALL']
        ConvergingStarsCD | CD% | Stacks: 1 | Value: 0.120 | Remaining Turns: 1 | TickDown: SUP1, PERM | Target: SUP1 | Affects: ['ALL']
        CruisingLowHPCR | CR% | Stacks: 1 | Value: 0.160 | Remaining Turns: 1 | TickDown: SUP1, START | Target: SUP1 | Affects: ['ALL']
        AshveilTrace2GluttonyDMG | DMG% | Stacks: 1 | Value: 0.600 | Remaining Turns: 1 | TickDown: SUP1, END | Target: SUP1 | Affects: ['FUA']
        ----------End of Buff List----------

        ----------Enemy Debuffs----------
        AshveilBaitShred | From: SUP1 | SHRED | Stacks: 1 | Value: 0.400 | Remaining Turns: 998 | Target: 2 | Targeting: ST | Affects: ['ALL'] | DOT: False | Blast: False
        MortenaxBladeUltVul | From: SUP2 | VULN | Stacks: 1 | Value: 0.500 | Remaining Turns: 2 | Target: 2 | Targeting: ST | Affects: ['ALL'] | DOT: False | Blast: False
        MortenaxBladeUltShred | From: SUP2 | SHRED | Stacks: 1 | Value: 0.300 | Remaining Turns: 2 | Target: 2 | Targeting: ST | Affects: ['ALL'] | DOT: False | Blast: False
        Enemy 2 LNG-break | From: SUP1 | SHOCK | Stacks: 1 | Value: 8414.001 | Remaining Turns: 2 | Target: 2 | Targeting: ST | Affects: ['ALL'] | DOT: True | Blast: False
        ----------End of Debuff List----------
        ----------Healing List----------
        HuoHuoTalentHealingScaling | Targeting: Targeting.SINGLE | Healing Value: [0] | Target: ALL
        HuoHuoTalentHealingScaling | Targeting: Targeting.SINGLE | Healing Value: [0.045] | Target: ALL
        HuoHuoTalentHealingScaling | Targeting: Targeting.SINGLE | Healing Value: [0] | Target: ALL
        HuoHuoTalentHealingScaling | Targeting: Targeting.SINGLE | Healing Value: [0] | Target: ALL
        HuoHuoTalentHealingFlat | Targeting: Targeting.SINGLE | Healing Value: [0] | Target: ALL
        HuoHuoTalentHealingFlat | Targeting: Targeting.SINGLE | Healing Value: [120] | Target: ALL
        HuoHuoTalentHealingFlat | Targeting: Targeting.SINGLE | Healing Value: [0] | Target: ALL
        HuoHuoTalentHealingFlat | Targeting: Targeting.SINGLE | Healing Value: [0] | Target: ALL
        ----------End of Healing List----------
    KILL   - Ashveil killed Enemy 2 (overkill: 85191.9)
    SPAWN  - Enemy 2 respawned at full HP, AV set to 0
    GAUGE  - Enemy 2 toughness reduced by 5.000
    RESULT - AshveilFUA | Ashveil | SUP1 | DMG: 561428.660 | ELADMG: 0.000 | Enemies Hit: [2] | Enemies Broken: [] | WB DMG: 0.000 | Energy: 5.000 | Amount HP Healed: 371.779 | Amount HP Lost: 0.000 | Ashveil Energy: 10/150 | SP: 1 | MaxSP: 5)
Gilgamesh Obtained 1 Interest from Teammate, Current count: 8
Ashveil has obtained 1 gluttony stacks from kill.
    TURN   - HuoHuoAllyERR | HuoHuo | SUS | NA attack | ['WIN'] | ['SPECIAL'] | Scaling: HP | TargetID: 1 | DMG/BREAK Splits: [0, 0]/[0, 0] | Energy Gained: 1 | SP Change: 0

        ----------Char Buffs----------
        GilgameshTrace3ATK | ATK% | Stacks: 1 | Value: 0.200 | Remaining Turns: 1 | TickDown: SUS, PERM | Target: SUS | Affects: ['ALL']
        GilgameshTrace3CD | CD% | Stacks: 1 | Value: 0.200 | Remaining Turns: 1 | TickDown: SUS, PERM | Target: SUS | Affects: ['ALL']
        AshveilTrace3CD | CD% | Stacks: 1 | Value: 0.400 | Remaining Turns: 1 | TickDown: SUP1, PERM | Target: SUS | Affects: ['ALL']
        PostOpERR | ERR% | Stacks: 1 | Value: 0.160 | Remaining Turns: 1 | TickDown: SUS, PERM | Target: SUS | Affects: ['ALL']
        WarriorGoddessSPD | SPD% | Stacks: 1 | Value: 0.060 | Remaining Turns: 1 | TickDown: SUS, PERM | Target: SUS | Affects: ['ALL']
        KeelEFFRES | ERS% | Stacks: 1 | Value: 0.100 | Remaining Turns: 1 | TickDown: SUS, PERM | Target: SUS | Affects: ['ALL']
        KeelCD(SUS) | CD% | Stacks: 1 | Value: 0.100 | Remaining Turns: 1 | TickDown: SUS, PERM | Target: SUS | Affects: ['ALL']
        HHTraceHP | HP% | Stacks: 1 | Value: 0.280 | Remaining Turns: 1 | TickDown: SUS, PERM | Target: SUS | Affects: ['ALL']
        HHTraceERS | ERS% | Stacks: 1 | Value: 0.180 | Remaining Turns: 1 | TickDown: SUS, PERM | Target: SUS | Affects: ['ALL']
        HHTraceSPD | SPD | Stacks: 1 | Value: 5.000 | Remaining Turns: 1 | TickDown: SUS, PERM | Target: SUS | Affects: ['ALL']
        MasterSmithComburent | DMG% | Stacks: 1 | Value: 0.150 | Remaining Turns: 2 | TickDown: SUS, END | Target: SUS | Affects: ['ALL']
        MortenaxBladeDMGBoost | DMG% | Stacks: 1 | Value: 0.000 | Remaining Turns: 1 | TickDown: SUS, PERM | Target: SUS | Affects: ['ALL']
        WarriorGoddessHealSPD | SPD% | Stacks: 1 | Value: 0.060 | Remaining Turns: 2 | TickDown: SUS, START | Target: SUS | Affects: ['ALL']
        WarriorGoddessHealCD | CD% | Stacks: 1 | Value: 0.150 | Remaining Turns: 2 | TickDown: SUS, START | Target: SUS | Affects: ['ALL']
        ConvergingStarsCD | CD% | Stacks: 1 | Value: 0.120 | Remaining Turns: 1 | TickDown: SUS, PERM | Target: SUS | Affects: ['ALL']
        ----------End of Buff List----------

        ----------Enemy Debuffs----------
        AshveilBaitShred | From: SUP1 | SHRED | Stacks: 1 | Value: 0.400 | Remaining Turns: 997 | Target: 1 | Targeting: ST | Affects: ['ALL'] | DOT: False | Blast: False
        MortenaxBladeUltVul | From: SUP2 | VULN | Stacks: 1 | Value: 0.500 | Remaining Turns: 2 | Target: 1 | Targeting: ST | Affects: ['ALL'] | DOT: False | Blast: False
        MortenaxBladeUltShred | From: SUP2 | SHRED | Stacks: 1 | Value: 0.300 | Remaining Turns: 2 | Target: 1 | Targeting: ST | Affects: ['ALL'] | DOT: False | Blast: False
        ----------End of Debuff List----------
        ----------Healing List----------
        ----------End of Healing List----------
    GAUGE  - Enemy 1 toughness reduced by 0.000
    RESULT - HuoHuoAllyERR | HuoHuo | SUS | DMG: 0.000 | ELADMG: 0.000 | Enemies Hit: [1] | Enemies Broken: [] | WB DMG: 0.000 | Energy: 1.354 | Amount HP Healed: 0.000 | Amount HP Lost: 0.000 | HuoHuo Energy: 140/140 | SP: 1 | MaxSP: 5)
ERR    > 45.000 energy added to Gilgamesh from GilgameshTrace1ERRAlly1 | Gilgamesh Energy: 216.333
ULT    > HuoHuo used their ultimate
    TURN   - HuoHuoUlt | HuoHuo | SUS | NA attack | ['WIN'] | ['ULT'] | Scaling: HP | TargetID: -1 | DMG/BREAK Splits: [0, 0]/[0, 0] | Energy Gained: 5 | SP Change: 0

        ----------Char Buffs----------
        GilgameshTrace3ATK | ATK% | Stacks: 1 | Value: 0.200 | Remaining Turns: 1 | TickDown: SUS, PERM | Target: SUS | Affects: ['ALL']
        GilgameshTrace3CD | CD% | Stacks: 1 | Value: 0.200 | Remaining Turns: 1 | TickDown: SUS, PERM | Target: SUS | Affects: ['ALL']
        AshveilTrace3CD | CD% | Stacks: 1 | Value: 0.400 | Remaining Turns: 1 | TickDown: SUP1, PERM | Target: SUS | Affects: ['ALL']
        PostOpERR | ERR% | Stacks: 1 | Value: 0.160 | Remaining Turns: 1 | TickDown: SUS, PERM | Target: SUS | Affects: ['ALL']
        PostOpOGH | OGH% | Stacks: 1 | Value: 0.240 | Remaining Turns: 1 | TickDown: SUS, PERM | Target: SUS | Affects: ['ULT']
        WarriorGoddessSPD | SPD% | Stacks: 1 | Value: 0.060 | Remaining Turns: 1 | TickDown: SUS, PERM | Target: SUS | Affects: ['ALL']
        KeelEFFRES | ERS% | Stacks: 1 | Value: 0.100 | Remaining Turns: 1 | TickDown: SUS, PERM | Target: SUS | Affects: ['ALL']
        KeelCD(SUS) | CD% | Stacks: 1 | Value: 0.100 | Remaining Turns: 1 | TickDown: SUS, PERM | Target: SUS | Affects: ['ALL']
        HHTraceHP | HP% | Stacks: 1 | Value: 0.280 | Remaining Turns: 1 | TickDown: SUS, PERM | Target: SUS | Affects: ['ALL']
        HHTraceERS | ERS% | Stacks: 1 | Value: 0.180 | Remaining Turns: 1 | TickDown: SUS, PERM | Target: SUS | Affects: ['ALL']
        HHTraceSPD | SPD | Stacks: 1 | Value: 5.000 | Remaining Turns: 1 | TickDown: SUS, PERM | Target: SUS | Affects: ['ALL']
        MasterSmithComburent | DMG% | Stacks: 1 | Value: 0.150 | Remaining Turns: 2 | TickDown: SUS, END | Target: SUS | Affects: ['ALL']
        MortenaxBladeDMGBoost | DMG% | Stacks: 1 | Value: 0.000 | Remaining Turns: 1 | TickDown: SUS, PERM | Target: SUS | Affects: ['ALL']
        WarriorGoddessHealSPD | SPD% | Stacks: 1 | Value: 0.060 | Remaining Turns: 2 | TickDown: SUS, START | Target: SUS | Affects: ['ALL']
        WarriorGoddessHealCD | CD% | Stacks: 1 | Value: 0.150 | Remaining Turns: 2 | TickDown: SUS, START | Target: SUS | Affects: ['ALL']
        ConvergingStarsCD | CD% | Stacks: 1 | Value: 0.120 | Remaining Turns: 1 | TickDown: SUS, PERM | Target: SUS | Affects: ['ALL']
        ----------End of Buff List----------

        ----------Enemy Debuffs----------
        ----------End of Debuff List----------
        ----------Healing List----------
        ----------End of Healing List----------
    GAUGE  - Enemy 2 toughness reduced by 0.000
    RESULT - HuoHuoUlt | HuoHuo | SUS | DMG: 0.000 | ELADMG: 0.000 | Enemies Hit: [2] | Enemies Broken: [] | WB DMG: 0.000 | Energy: 6.772 | Amount HP Healed: 0.000 | Amount HP Lost: 0.000 | HuoHuo Energy: 7/140 | SP: 1 | MaxSP: 5)
Gilgamesh Obtained 2 Interest from Teammate Ult, Current count: 10
Gilgamesh Obtained 42.0 Energy from Teammate
Gilgamesh Obtained 1 Interest from Teammate, Current count: 11
ERR    > 72.000 energy added to Gilgamesh from HuoHuoERR | Gilgamesh Energy: 288.333
ERR    > 30.000 energy added to Ashveil from HuoHuoERR | Ashveil Energy: 40.000
ERR    > 32.000 energy added to MortenaxBlade from HuoHuoERR | MortenaxBlade Energy: 155.195
ERR    > 42.000 energy added to Gilgamesh from GilgameshTrace1ERRAlly3 | Gilgamesh Energy: 330.333
        Buff AshveilTrace2GluttonyDMG expired
SPD    > Gilgamesh speed changed to 208.300 | NewAV: 30.165
AV     > Ashveil AV reset to 73.729 | 135.632 SPD
DELAY  > Enemy 2 delayed by 25.0% from STDBreakDelay | NewAV: 28.813

<<< NEW TURN >>>
-   Enemy 0 AV: 0.000 ENERGY: 0.000 MaxHP: 2000000.000 CurrHp 1441378.359
-   Enemy 2 AV: 0.000 ENERGY: 0.000 MaxHP: 2000000.000 CurrHp 2000000.000
-   Gilgamesh AV: 1.352 ENERGY: 330.333 MaxHP: 3134.558 CurrHp 2886.998
-   HuoHuo AV: 1.597 ENERGY: 6.772 MaxHP: 6139.808 CurrHp 5675.925
-   Enemy 1 AV: 2.525 ENERGY: 0.000 MaxHP: 5000000.000 CurrHp 1794296.373
-   MortenaxBlade AV: 8.011 ENERGY: 155.195 MaxHP: 4869.135 CurrHp 3636.913
-   Ashveil AV: 44.916 ENERGY: 40.000 MaxHP: 2729.320 CurrHp 2729.320
-   InfiniteFury AV: 9957.360 ENERGY: 0.000 MaxHP: 0.000 CurrHp 0.000

Combat context set: 3 enemies, 4 players
Combat context initialized: 3 enemies, Elation team size: 0
ACTION > [ENEMY] TotalAV: 250.000 | TurnAV: 28.813 | Enemy 0 | 1 attacks
    CharEnergy - Gilgamesh: Hit 1.667 Total: 332.000 | Ashveil: Hit 5.000 Total: 45.000 | MortenaxBlade: Hit 8.333 Total: 160.000 | HuoHuo: Hit 5.000 Total: 13.544 |
    ENEMY  - Enemy 2 [aoe] dealt 258.4 to MortenaxBlade (energy: 3.3, DEF: 2045, atkMul: 1.00, dmgMul: 1.00) | HP: 3379/4869
    ENEMY  - Enemy 2 [aoe] dealt 255.9 to Ashveil (energy: 3.3, DEF: 2076, atkMul: 1.00, dmgMul: 1.00) | HP: 2473/2729
    ENEMY  - Enemy 2 [aoe] dealt 231.9 to HuoHuo (energy: 3.3, DEF: 2410, atkMul: 1.00, dmgMul: 1.00) | HP: 5444/6140
    ENEMY  - Enemy 2 [aoe] dealt 123.8 to Gilgamesh (energy: 1.7, DEF: 2185, atkMul: 1.00, dmgMul: 1.00) | HP: 2763/3135
    ENEMY  - Enemy 2 [aoe] dealt 128.0 to Ashveil (energy: 1.7, DEF: 2076, atkMul: 1.00, dmgMul: 1.00) | HP: 2345/2729
    ENEMY  - Enemy 2 [aoe] dealt 129.2 to MortenaxBlade (energy: 1.7, DEF: 2045, atkMul: 1.00, dmgMul: 1.00) | HP: 3249/4869
    ENEMY  - Enemy 2 [aoe] dealt 116.0 to HuoHuo (energy: 1.7, DEF: 2410, atkMul: 1.00, dmgMul: 1.00) | HP: 5328/6140
    ENEMY  - Enemy 2 [aoe] dealt 258.4 to MortenaxBlade (energy: 3.3, DEF: 2045, atkMul: 1.00, dmgMul: 1.00) | HP: 2991/4869
    DEBUFF - Enemy 0 took 8445.280 Debuff damage from Enemy 0 LNG-break
ULT    > MortenaxBlade used their ultimate
MortenaxBlade transferred 5.6 overflow energy on Ult entry
    TURN   - MortenaxBladeUlt | MortenaxBlade | SUP2 | NA attack | ['FIR'] | ['ALL'] | Scaling: HP | TargetID: 1 | DMG/BREAK Splits: [0, 0]/[0, 0] | Energy Gained: 5 | SP Change: 0

        ----------Char Buffs----------
        GilgameshTrace3ATK | ATK% | Stacks: 1 | Value: 0.200 | Remaining Turns: 1 | TickDown: SUP2, PERM | Target: SUP2 | Affects: ['ALL']
        GilgameshTrace3CD | CD% | Stacks: 1 | Value: 0.200 | Remaining Turns: 1 | TickDown: SUP2, PERM | Target: SUP2 | Affects: ['ALL']
        AshveilTrace3CD | CD% | Stacks: 1 | Value: 0.400 | Remaining Turns: 1 | TickDown: SUP1, PERM | Target: SUP2 | Affects: ['ALL']
        AshveilTrace3FUACD | CD% | Stacks: 1 | Value: 0.800 | Remaining Turns: 1 | TickDown: SUP1, PERM | Target: SUP2 | Affects: ['FUA']
        TutorialEHR | EHR% | Stacks: 1 | Value: 0.400 | Remaining Turns: 1 | TickDown: SUP2, PERM | Target: SUP2 | Affects: ['ALL']
        MasterSmithHP | HP% | Stacks: 1 | Value: 0.120 | Remaining Turns: 1 | TickDown: SUP2, PERM | Target: SUP2 | Affects: ['ALL']
        LushakaERR | ERR% | Stacks: 1 | Value: 0.050 | Remaining Turns: 1 | TickDown: SUP2, PERM | Target: SUP2 | Affects: ['ALL']
        MortenaxBladeTraceCR | CR% | Stacks: 1 | Value: 0.120 | Remaining Turns: 1 | TickDown: SUP2, PERM | Target: SUP2 | Affects: ['ALL']
        MortenaxBladeTraceHP | HP% | Stacks: 1 | Value: 0.100 | Remaining Turns: 1 | TickDown: SUP2, PERM | Target: SUP2 | Affects: ['ALL']
        MortenaxBladeTraceDMG | DMG% | Stacks: 1 | Value: 0.224 | Remaining Turns: 1 | TickDown: SUP2, PERM | Target: SUP2 | Affects: ['ALL']
        KeelCD(SUS) | CD% | Stacks: 1 | Value: 0.100 | Remaining Turns: 1 | TickDown: SUP2, PERM | Target: SUP2 | Affects: ['ALL']
        MasterSmithCD | CD% | Stacks: 1 | Value: 0.280 | Remaining Turns: 1 | TickDown: SUP2, PERM | Target: SUP2 | Affects: ['ALL']
        MasterSmithComburent | DMG% | Stacks: 1 | Value: 0.150 | Remaining Turns: 1 | TickDown: SUP2, END | Target: SUP2 | Affects: ['ALL']
        MortenaxBladeCRBoost | CR% | Stacks: 1 | Value: 0.200 | Remaining Turns: 1 | TickDown: SUP2, PERM | Target: SUP2 | Affects: ['ALL']
        MortenaxBladeCDBoost | CD% | Stacks: 1 | Value: 0.600 | Remaining Turns: 1 | TickDown: SUP2, PERM | Target: SUP2 | Affects: ['ALL']
        MortenaxBladeDMGReduction | DMG_REDUCTION | Stacks: 1 | Value: 0.500 | Remaining Turns: 1 | TickDown: SUP2, PERM | Target: SUP2 | Affects: ['ALL']
        MortenaxBladeDMGBoost | DMG% | Stacks: 1 | Value: 0.500 | Remaining Turns: 1 | TickDown: SUP2, PERM | Target: SUP2 | Affects: ['ALL']
        MortenaxBladeDMG | DMG% | Stacks: 1 | Value: 0.750 | Remaining Turns: 1 | TickDown: SUP2, PERM | Target: SUP2 | Affects: ['ALL']
        WarriorGoddessHealCD | CD% | Stacks: 1 | Value: 0.150 | Remaining Turns: 2 | TickDown: SUP2, START | Target: SUP2 | Affects: ['ALL']
        ConvergingStarsCD | CD% | Stacks: 1 | Value: 0.120 | Remaining Turns: 1 | TickDown: SUP2, PERM | Target: SUP2 | Affects: ['ALL']
        HuoHuoUltATK | ATK% | Stacks: 1 | Value: 0.400 | Remaining Turns: 2 | TickDown: SUP2, END | Target: SUP2 | Affects: ['ALL']
        HuoHuoUltExtraATK | ATK% | Stacks: 1 | Value: 0.240 | Remaining Turns: 2 | TickDown: SUP2, END | Target: SUP2 | Affects: ['ALL']
        ----------End of Buff List----------

        ----------Enemy Debuffs----------
        AshveilBaitShred | From: SUP1 | SHRED | Stacks: 1 | Value: 0.400 | Remaining Turns: 997 | Target: 1 | Targeting: ST | Affects: ['ALL'] | DOT: False | Blast: False
        MortenaxBladeUltVul | From: SUP2 | VULN | Stacks: 1 | Value: 0.500 | Remaining Turns: 2 | Target: 1 | Targeting: ST | Affects: ['ALL'] | DOT: False | Blast: False
        MortenaxBladeUltShred | From: SUP2 | SHRED | Stacks: 1 | Value: 0.300 | Remaining Turns: 2 | Target: 1 | Targeting: ST | Affects: ['ALL'] | DOT: False | Blast: False
        ----------End of Debuff List----------
        ----------Healing List----------
        ----------End of Healing List----------
    GAUGE  - Enemy 1 toughness reduced by 0.000
    RESULT - MortenaxBladeUlt | MortenaxBlade | SUP2 | DMG: 0.000 | ELADMG: 0.000 | Enemies Hit: [1] | Enemies Broken: [] | WB DMG: 0.000 | Energy: 6.222 | Amount HP Healed: 0.000 | Amount HP Lost: 0.000 | MortenaxBlade Energy: 12/160 | SP: 1 | MaxSP: 5)
Gilgamesh Obtained 2 Interest from Teammate Ult, Current count: 13
Gilgamesh Obtained 48.0 Energy from Teammate
Gilgamesh Obtained 1 Interest from Teammate, Current count: 14
    TURN   - HuoHuoAllyERR | HuoHuo | SUS | NA attack | ['WIN'] | ['SPECIAL'] | Scaling: HP | TargetID: 1 | DMG/BREAK Splits: [0, 0]/[0, 0] | Energy Gained: 1 | SP Change: 0

        ----------Char Buffs----------
        GilgameshTrace3ATK | ATK% | Stacks: 1 | Value: 0.200 | Remaining Turns: 1 | TickDown: SUS, PERM | Target: SUS | Affects: ['ALL']
        GilgameshTrace3CD | CD% | Stacks: 1 | Value: 0.200 | Remaining Turns: 1 | TickDown: SUS, PERM | Target: SUS | Affects: ['ALL']
        AshveilTrace3CD | CD% | Stacks: 1 | Value: 0.400 | Remaining Turns: 1 | TickDown: SUP1, PERM | Target: SUS | Affects: ['ALL']
        PostOpERR | ERR% | Stacks: 1 | Value: 0.160 | Remaining Turns: 1 | TickDown: SUS, PERM | Target: SUS | Affects: ['ALL']
        WarriorGoddessSPD | SPD% | Stacks: 1 | Value: 0.060 | Remaining Turns: 1 | TickDown: SUS, PERM | Target: SUS | Affects: ['ALL']
        KeelEFFRES | ERS% | Stacks: 1 | Value: 0.100 | Remaining Turns: 1 | TickDown: SUS, PERM | Target: SUS | Affects: ['ALL']
        KeelCD(SUS) | CD% | Stacks: 1 | Value: 0.100 | Remaining Turns: 1 | TickDown: SUS, PERM | Target: SUS | Affects: ['ALL']
        HHTraceHP | HP% | Stacks: 1 | Value: 0.280 | Remaining Turns: 1 | TickDown: SUS, PERM | Target: SUS | Affects: ['ALL']
        HHTraceERS | ERS% | Stacks: 1 | Value: 0.180 | Remaining Turns: 1 | TickDown: SUS, PERM | Target: SUS | Affects: ['ALL']
        HHTraceSPD | SPD | Stacks: 1 | Value: 5.000 | Remaining Turns: 1 | TickDown: SUS, PERM | Target: SUS | Affects: ['ALL']
        MasterSmithComburent | DMG% | Stacks: 1 | Value: 0.150 | Remaining Turns: 2 | TickDown: SUS, END | Target: SUS | Affects: ['ALL']
        MortenaxBladeDMGBoost | DMG% | Stacks: 1 | Value: 0.500 | Remaining Turns: 1 | TickDown: SUS, PERM | Target: SUS | Affects: ['ALL']
        WarriorGoddessHealSPD | SPD% | Stacks: 1 | Value: 0.060 | Remaining Turns: 2 | TickDown: SUS, START | Target: SUS | Affects: ['ALL']
        WarriorGoddessHealCD | CD% | Stacks: 1 | Value: 0.150 | Remaining Turns: 2 | TickDown: SUS, START | Target: SUS | Affects: ['ALL']
        ConvergingStarsCD | CD% | Stacks: 1 | Value: 0.120 | Remaining Turns: 1 | TickDown: SUS, PERM | Target: SUS | Affects: ['ALL']
        ----------End of Buff List----------

        ----------Enemy Debuffs----------
        AshveilBaitShred | From: SUP1 | SHRED | Stacks: 1 | Value: 0.400 | Remaining Turns: 997 | Target: 1 | Targeting: ST | Affects: ['ALL'] | DOT: False | Blast: False
        MortenaxBladeUltVul | From: SUP2 | VULN | Stacks: 1 | Value: 0.500 | Remaining Turns: 2 | Target: 1 | Targeting: ST | Affects: ['ALL'] | DOT: False | Blast: False
        MortenaxBladeUltShred | From: SUP2 | SHRED | Stacks: 1 | Value: 0.300 | Remaining Turns: 2 | Target: 1 | Targeting: ST | Affects: ['ALL'] | DOT: False | Blast: False
        ----------End of Debuff List----------
        ----------Healing List----------
        HuoHuoTalentHealingScaling | Targeting: Targeting.SINGLE | Healing Value: [0] | Target: ALL
        HuoHuoTalentHealingScaling | Targeting: Targeting.SINGLE | Healing Value: [0] | Target: ALL
        HuoHuoTalentHealingScaling | Targeting: Targeting.SINGLE | Healing Value: [0.045] | Target: ALL
        HuoHuoTalentHealingScaling | Targeting: Targeting.SINGLE | Healing Value: [0] | Target: ALL
        HuoHuoTalentHealingFlat | Targeting: Targeting.SINGLE | Healing Value: [0] | Target: ALL
        HuoHuoTalentHealingFlat | Targeting: Targeting.SINGLE | Healing Value: [0] | Target: ALL
        HuoHuoTalentHealingFlat | Targeting: Targeting.SINGLE | Healing Value: [120] | Target: ALL
        HuoHuoTalentHealingFlat | Targeting: Targeting.SINGLE | Healing Value: [0] | Target: ALL
        ----------End of Healing List----------
    GAUGE  - Enemy 1 toughness reduced by 0.000
    RESULT - HuoHuoAllyERR | HuoHuo | SUS | DMG: 0.000 | ELADMG: 0.000 | Enemies Hit: [1] | Enemies Broken: [] | WB DMG: 0.000 | Energy: 1.354 | Amount HP Healed: 371.779 | Amount HP Lost: 0.000 | HuoHuo Energy: 15/140 | SP: 1 | MaxSP: 5)
ERR    > 48.000 energy added to Gilgamesh from GilgameshTrace1ERRAlly2 | Gilgamesh Energy: 360.000
        Debuff Enemy 0 LNG-break expired
ULT    > Gilgamesh used their ultimate
Gilgamesh Obtained 2 Interest from Ult, Current count: 16
Gilgamesh JointCounter increased by one, current count: 5
    TURN   - GilgameshUltAll | Gilgamesh | DPS | AOE attack | ['LNG'] | ['ULT'] | Scaling: ATK | TargetID: 1 | DMG/BREAK Splits: [4.0, 0]/[40, 0] | Energy Gained: 0 | SP Change: 0

        ----------Char Buffs----------
        ScholarCR | CR% | Stacks: 1 | Value: 0.080 | Remaining Turns: 1 | TickDown: DPS, PERM | Target: DPS | Affects: ['ALL']
        ScholarDMG | DMG% | Stacks: 1 | Value: 0.200 | Remaining Turns: 1 | TickDown: DPS, PERM | Target: DPS | Affects: ['SKL', 'ULT']
        GilgameshTraceATK | ATK | Stacks: 1 | Value: 0.180 | Remaining Turns: 1 | TickDown: DPS, PERM | Target: DPS | Affects: ['ALL']
        GilgameshTraceCR | CR% | Stacks: 1 | Value: 0.187 | Remaining Turns: 1 | TickDown: DPS, PERM | Target: DPS | Affects: ['ALL']
        GilgameshTraceDMG | DMG% | Stacks: 1 | Value: 0.080 | Remaining Turns: 1 | TickDown: DPS, PERM | Target: DPS | Affects: ['ALL']
        GilgameshTrace3ATK | ATK% | Stacks: 1 | Value: 0.200 | Remaining Turns: 1 | TickDown: DPS, PERM | Target: DPS | Affects: ['ALL']
        GilgameshTrace3CD | CD% | Stacks: 1 | Value: 0.200 | Remaining Turns: 1 | TickDown: DPS, PERM | Target: DPS | Affects: ['ALL']
        GilgameshTrace3SelfATK | ATK% | Stacks: 1 | Value: 1.000 | Remaining Turns: 1 | TickDown: DPS, PERM | Target: DPS | Affects: ['ALL']
        GilgameshTrace3SelfCD | CD% | Stacks: 1 | Value: 1.000 | Remaining Turns: 1 | TickDown: DPS, PERM | Target: DPS | Affects: ['ALL']
        AshveilTrace3CD | CD% | Stacks: 1 | Value: 0.400 | Remaining Turns: 1 | TickDown: SUP1, PERM | Target: DPS | Affects: ['ALL']
        LushakaATK(SUP2) | ATK% | Stacks: 1 | Value: 0.120 | Remaining Turns: 1 | TickDown: DPS, PERM | Target: DPS | Affects: ['ALL']
        KeelCD(SUS) | CD% | Stacks: 1 | Value: 0.100 | Remaining Turns: 1 | TickDown: DPS, PERM | Target: DPS | Affects: ['ALL']
        CosmicLifeDMG | DMG% | Stacks: 1 | Value: 0.320 | Remaining Turns: 1 | TickDown: DPS, PERM | Target: DPS | Affects: ['ALL']
        Trace2CDExtra | CD% | Stacks: 1 | Value: 1.500 | Remaining Turns: 1 | TickDown: DPS, PERM | Target: DPS | Affects: ['ALL']
        GilgameshInterestSPD | SPD% | Stacks: 1 | Value: 1.400 | Remaining Turns: 1 | TickDown: SUP2, PERM | Target: DPS | Affects: ['ALL']
        MasterSmithComburent | DMG% | Stacks: 1 | Value: 0.150 | Remaining Turns: 2 | TickDown: DPS, END | Target: DPS | Affects: ['ALL']
        MortenaxBladeDMGBoost | DMG% | Stacks: 1 | Value: 0.500 | Remaining Turns: 1 | TickDown: DPS, PERM | Target: DPS | Affects: ['ALL']
        GilgameshUltDmg | DMG% | Stacks: 1 | Value: 0.400 | Remaining Turns: 3 | TickDown: DPS, END | Target: DPS | Affects: ['ULT']
        WarriorGoddessHealCD | CD% | Stacks: 1 | Value: 0.150 | Remaining Turns: 2 | TickDown: DPS, START | Target: DPS | Affects: ['ALL']
        GilgameshSKLShred | SHRED | Stacks: 1 | Value: 0.300 | Remaining Turns: 2 | TickDown: DPS, END | Target: DPS | Affects: ['ALL']
        AeonATK | ATK% | Stacks: 1 | Value: 0.640 | Remaining Turns: 1 | TickDown: DPS, PERM | Target: DPS | Affects: ['ALL']
        ConvergingStarsCD | CD% | Stacks: 1 | Value: 0.120 | Remaining Turns: 1 | TickDown: DPS, PERM | Target: DPS | Affects: ['ALL']
        HuoHuoUltATK | ATK% | Stacks: 1 | Value: 0.400 | Remaining Turns: 2 | TickDown: DPS, END | Target: DPS | Affects: ['ALL']
        HuoHuoUltExtraATK | ATK% | Stacks: 1 | Value: 0.240 | Remaining Turns: 2 | TickDown: DPS, END | Target: DPS | Affects: ['ALL']
        ----------End of Buff List----------

        ----------Enemy Debuffs----------
        AshveilBaitShred | From: SUP1 | SHRED | Stacks: 1 | Value: 0.400 | Remaining Turns: 997 | Target: 1 | Targeting: ST | Affects: ['ALL'] | DOT: False | Blast: False
        MortenaxBladeUltVul | From: SUP2 | VULN | Stacks: 1 | Value: 0.500 | Remaining Turns: 2 | Target: 1 | Targeting: ST | Affects: ['ALL'] | DOT: False | Blast: False
        MortenaxBladeUltShred | From: SUP2 | SHRED | Stacks: 1 | Value: 0.300 | Remaining Turns: 2 | Target: 1 | Targeting: ST | Affects: ['ALL'] | DOT: False | Blast: False
        ----------End of Debuff List----------
        ----------Healing List----------
        ----------End of Healing List----------
    GAUGE  - Enemy 0 toughness reduced by 40.000
    GAUGE  - Enemy 1 toughness reduced by 40.000
    GAUGE  - Enemy 2 toughness reduced by 40.000
    RESULT - GilgameshUltAll | Gilgamesh | DPS | DMG: 1735373.626 | ELADMG: 0.000 | Enemies Hit: [0, 1, 2] | Enemies Broken: [1] | WB DMG: 28397.255 | Energy: 0.000 | Amount HP Healed: 0.000 | Amount HP Lost: 0.000 | Gilgamesh Energy: 0/360 | SP: 1 | MaxSP: 5)
Ashveil has obtained 2 gluttony stacks from FUA.
MortenaxBlade has obtained 1 Charge. Current Charge count: 5.
    TURN   - GilgameshUltSingle | Gilgamesh | DPS | ST attack | ['LNG'] | ['ULT'] | Scaling: ATK | TargetID: 1 | DMG/BREAK Splits: [10.0, 0]/[20, 0] | Energy Gained: 5 | SP Change: 0

        ----------Char Buffs----------
        ScholarCR | CR% | Stacks: 1 | Value: 0.080 | Remaining Turns: 1 | TickDown: DPS, PERM | Target: DPS | Affects: ['ALL']
        ScholarDMG | DMG% | Stacks: 1 | Value: 0.200 | Remaining Turns: 1 | TickDown: DPS, PERM | Target: DPS | Affects: ['SKL', 'ULT']
        GilgameshTraceATK | ATK | Stacks: 1 | Value: 0.180 | Remaining Turns: 1 | TickDown: DPS, PERM | Target: DPS | Affects: ['ALL']
        GilgameshTraceCR | CR% | Stacks: 1 | Value: 0.187 | Remaining Turns: 1 | TickDown: DPS, PERM | Target: DPS | Affects: ['ALL']
        GilgameshTraceDMG | DMG% | Stacks: 1 | Value: 0.080 | Remaining Turns: 1 | TickDown: DPS, PERM | Target: DPS | Affects: ['ALL']
        GilgameshTrace3ATK | ATK% | Stacks: 1 | Value: 0.200 | Remaining Turns: 1 | TickDown: DPS, PERM | Target: DPS | Affects: ['ALL']
        GilgameshTrace3CD | CD% | Stacks: 1 | Value: 0.200 | Remaining Turns: 1 | TickDown: DPS, PERM | Target: DPS | Affects: ['ALL']
        GilgameshTrace3SelfATK | ATK% | Stacks: 1 | Value: 1.000 | Remaining Turns: 1 | TickDown: DPS, PERM | Target: DPS | Affects: ['ALL']
        GilgameshTrace3SelfCD | CD% | Stacks: 1 | Value: 1.000 | Remaining Turns: 1 | TickDown: DPS, PERM | Target: DPS | Affects: ['ALL']
        AshveilTrace3CD | CD% | Stacks: 1 | Value: 0.400 | Remaining Turns: 1 | TickDown: SUP1, PERM | Target: DPS | Affects: ['ALL']
        LushakaATK(SUP2) | ATK% | Stacks: 1 | Value: 0.120 | Remaining Turns: 1 | TickDown: DPS, PERM | Target: DPS | Affects: ['ALL']
        KeelCD(SUS) | CD% | Stacks: 1 | Value: 0.100 | Remaining Turns: 1 | TickDown: DPS, PERM | Target: DPS | Affects: ['ALL']
        CosmicLifeDMG | DMG% | Stacks: 1 | Value: 0.320 | Remaining Turns: 1 | TickDown: DPS, PERM | Target: DPS | Affects: ['ALL']
        Trace2CDExtra | CD% | Stacks: 1 | Value: 1.500 | Remaining Turns: 1 | TickDown: DPS, PERM | Target: DPS | Affects: ['ALL']
        GilgameshInterestSPD | SPD% | Stacks: 1 | Value: 1.600 | Remaining Turns: 1 | TickDown: SUP2, PERM | Target: DPS | Affects: ['ALL']
        MasterSmithComburent | DMG% | Stacks: 1 | Value: 0.150 | Remaining Turns: 2 | TickDown: DPS, END | Target: DPS | Affects: ['ALL']
        MortenaxBladeDMGBoost | DMG% | Stacks: 1 | Value: 0.500 | Remaining Turns: 1 | TickDown: DPS, PERM | Target: DPS | Affects: ['ALL']
        GilgameshUltDmg | DMG% | Stacks: 1 | Value: 0.400 | Remaining Turns: 3 | TickDown: DPS, END | Target: DPS | Affects: ['ULT']
        WarriorGoddessHealCD | CD% | Stacks: 1 | Value: 0.150 | Remaining Turns: 2 | TickDown: DPS, START | Target: DPS | Affects: ['ALL']
        GilgameshSKLShred | SHRED | Stacks: 1 | Value: 0.300 | Remaining Turns: 2 | TickDown: DPS, END | Target: DPS | Affects: ['ALL']
        AeonATK | ATK% | Stacks: 1 | Value: 0.640 | Remaining Turns: 1 | TickDown: DPS, PERM | Target: DPS | Affects: ['ALL']
        ConvergingStarsCD | CD% | Stacks: 1 | Value: 0.120 | Remaining Turns: 1 | TickDown: DPS, PERM | Target: DPS | Affects: ['ALL']
        HuoHuoUltATK | ATK% | Stacks: 1 | Value: 0.400 | Remaining Turns: 2 | TickDown: DPS, END | Target: DPS | Affects: ['ALL']
        HuoHuoUltExtraATK | ATK% | Stacks: 1 | Value: 0.240 | Remaining Turns: 2 | TickDown: DPS, END | Target: DPS | Affects: ['ALL']
        AeonDMG | DMG% | Stacks: 1 | Value: 0.240 | Remaining Turns: 2 | TickDown: DPS, END | Target: DPS | Affects: ['ALL']
        ----------End of Buff List----------

        ----------Enemy Debuffs----------
        AshveilBaitShred | From: SUP1 | SHRED | Stacks: 1 | Value: 0.400 | Remaining Turns: 997 | Target: 1 | Targeting: ST | Affects: ['ALL'] | DOT: False | Blast: False
        MortenaxBladeUltVul | From: SUP2 | VULN | Stacks: 1 | Value: 0.500 | Remaining Turns: 2 | Target: 1 | Targeting: ST | Affects: ['ALL'] | DOT: False | Blast: False
        MortenaxBladeUltShred | From: SUP2 | SHRED | Stacks: 1 | Value: 0.300 | Remaining Turns: 2 | Target: 1 | Targeting: ST | Affects: ['ALL'] | DOT: False | Blast: False
        Enemy 1 LNG-break | From: DPS | SHOCK | Stacks: 1 | Value: 8414.001 | Remaining Turns: 2 | Target: 1 | Targeting: ST | Affects: ['ALL'] | DOT: True | Blast: False
        ----------End of Debuff List----------
        ----------Healing List----------
        HuoHuoTalentHealingScaling | Targeting: Targeting.SINGLE | Healing Value: [0] | Target: ALL
        HuoHuoTalentHealingScaling | Targeting: Targeting.SINGLE | Healing Value: [0.045] | Target: ALL
        HuoHuoTalentHealingScaling | Targeting: Targeting.SINGLE | Healing Value: [0] | Target: ALL
        HuoHuoTalentHealingScaling | Targeting: Targeting.SINGLE | Healing Value: [0] | Target: ALL
        HuoHuoTalentHealingFlat | Targeting: Targeting.SINGLE | Healing Value: [0] | Target: ALL
        HuoHuoTalentHealingFlat | Targeting: Targeting.SINGLE | Healing Value: [120] | Target: ALL
        HuoHuoTalentHealingFlat | Targeting: Targeting.SINGLE | Healing Value: [0] | Target: ALL
        HuoHuoTalentHealingFlat | Targeting: Targeting.SINGLE | Healing Value: [0] | Target: ALL
        ----------End of Healing List----------
    KILL   - Gilgamesh killed Enemy 1 (overkill: 435315.5)
    SPAWN  - Enemy 1 respawned at full HP, AV set to 0
    GAUGE  - Enemy 1 toughness reduced by 20.000
    RESULT - GilgameshUltSingle | Gilgamesh | DPS | DMG: 1671813.191 | ELADMG: 0.000 | Enemies Hit: [1] | Enemies Broken: [] | WB DMG: 0.000 | Energy: 5.000 | Amount HP Healed: 438.089 | Amount HP Lost: 0.000 | Gilgamesh Energy: 5/360 | SP: 1 | MaxSP: 5)
    TURN   - AshveilFUA | Ashveil | SUP1 | ST attack | ['LNG'] | ['FUA'] | Scaling: ATK | TargetID: 0 | DMG/BREAK Splits: [2.0, 0]/[5, 0] | Energy Gained: 5 | SP Change: 0

        ----------Char Buffs----------
        GilgameshTrace3ATK | ATK% | Stacks: 1 | Value: 0.200 | Remaining Turns: 1 | TickDown: SUP1, PERM | Target: SUP1 | Affects: ['ALL']
        GilgameshTrace3CD | CD% | Stacks: 1 | Value: 0.200 | Remaining Turns: 1 | TickDown: SUP1, PERM | Target: SUP1 | Affects: ['ALL']
        CruisingBaseCR | CR% | Stacks: 1 | Value: 0.160 | Remaining Turns: 1 | TickDown: SUP1, PERM | Target: SUP1 | Affects: ['ALL']
        DukeDMG | DMG% | Stacks: 1 | Value: 0.200 | Remaining Turns: 1 | TickDown: SUP1, PERM | Target: SUP1 | Affects: ['FUA']
        AshveilTraceCD | CD% | Stacks: 1 | Value: 0.373 | Remaining Turns: 1 | TickDown: SUP1, PERM | Target: SUP1 | Affects: ['ALL']
        AshveilTraceATK | ATK% | Stacks: 1 | Value: 0.100 | Remaining Turns: 1 | TickDown: SUP1, PERM | Target: SUP1 | Affects: ['ALL']
        AshveilTraceDMG | DMG% | Stacks: 1 | Value: 0.144 | Remaining Turns: 1 | TickDown: SUP1, PERM | Target: SUP1 | Affects: ['ALL']
        AshveilTrace2DMG | DMG% | Stacks: 1 | Value: 0.800 | Remaining Turns: 1 | TickDown: SUP1, PERM | Target: SUP1 | Affects: ['FUA']
        AshveilTrace3CD | CD% | Stacks: 1 | Value: 0.400 | Remaining Turns: 1 | TickDown: SUP1, PERM | Target: SUP1 | Affects: ['ALL']
        AshveilTrace3FUACD | CD% | Stacks: 1 | Value: 0.800 | Remaining Turns: 1 | TickDown: SUP1, PERM | Target: SUP1 | Affects: ['FUA']
        KeelCD(SUS) | CD% | Stacks: 1 | Value: 0.100 | Remaining Turns: 1 | TickDown: SUP1, PERM | Target: SUP1 | Affects: ['ALL']
        GilgameshTrace3AllyATK | ATK% | Stacks: 1 | Value: 0.100 | Remaining Turns: 1 | TickDown: SUP1, PERM | Target: SUP1 | Affects: ['ALL']
        GilgameshTrace3AllyCD | CD% | Stacks: 1 | Value: 0.100 | Remaining Turns: 1 | TickDown: SUP1, PERM | Target: SUP1 | Affects: ['ALL']
        MasterSmithComburent | DMG% | Stacks: 1 | Value: 0.150 | Remaining Turns: 2 | TickDown: SUP1, END | Target: SUP1 | Affects: ['ALL']
        DukeATK | ATK% | Stacks: 1 | Value: 0.480 | Remaining Turns: 3 | TickDown: SUP1, END | Target: SUP1 | Affects: ['ALL']
        ConvergingStarsATK | ATK% | Stacks: 1 | Value: 0.240 | Remaining Turns: 2 | TickDown: SUP1, END | Target: SUP1 | Affects: ['ALL']
        MortenaxBladeDMGBoost | DMG% | Stacks: 1 | Value: 0.500 | Remaining Turns: 1 | TickDown: SUP1, PERM | Target: SUP1 | Affects: ['ALL']
        WarriorGoddessHealCD | CD% | Stacks: 1 | Value: 0.150 | Remaining Turns: 2 | TickDown: SUP1, START | Target: SUP1 | Affects: ['ALL']
        CruisingKillATK | ATK% | Stacks: 1 | Value: 0.400 | Remaining Turns: 1 | TickDown: SUP1, END | Target: SUP1 | Affects: ['ALL']
        ConvergingStarsCD | CD% | Stacks: 1 | Value: 0.120 | Remaining Turns: 1 | TickDown: SUP1, PERM | Target: SUP1 | Affects: ['ALL']
        CruisingLowHPCR | CR% | Stacks: 1 | Value: 0.160 | Remaining Turns: 1 | TickDown: SUP1, START | Target: SUP1 | Affects: ['ALL']
        AshveilTalentEnergy11 | ERR_F | Stacks: 1 | Value: 8.000 | Remaining Turns: 1 | TickDown: SUP1, END | Target: SUP1 | Affects: ['ALL']
        AshveilTrace2GluttonyDMG | DMG% | Stacks: 1 | Value: 0.300 | Remaining Turns: 1 | TickDown: SUP1, END | Target: SUP1 | Affects: ['FUA']
        ----------End of Buff List----------

        ----------Enemy Debuffs----------
        AshveilBaitShred | From: SUP1 | SHRED | Stacks: 1 | Value: 0.400 | Remaining Turns: 997 | Target: 0 | Targeting: ST | Affects: ['ALL'] | DOT: False | Blast: False
        MortenaxBladeUltVul | From: SUP2 | VULN | Stacks: 1 | Value: 0.500 | Remaining Turns: 1 | Target: 0 | Targeting: ST | Affects: ['ALL'] | DOT: False | Blast: False
        MortenaxBladeUltShred | From: SUP2 | SHRED | Stacks: 1 | Value: 0.300 | Remaining Turns: 1 | Target: 0 | Targeting: ST | Affects: ['ALL'] | DOT: False | Blast: False
        ----------End of Debuff List----------
        ----------Healing List----------
        ----------End of Healing List----------
    GAUGE  - Enemy 0 toughness reduced by 5.000
    RESULT - AshveilFUA | Ashveil | SUP1 | DMG: 135051.334 | ELADMG: 0.000 | Enemies Hit: [0] | Enemies Broken: [] | WB DMG: 0.000 | Energy: 5.000 | Amount HP Healed: 0.000 | Amount HP Lost: 0.000 | Ashveil Energy: 50/150 | SP: 1 | MaxSP: 5)
Gilgamesh Obtained 1 Interest from Teammate, Current count: 17
MortenaxBlade has obtained 1 Charge. Current Charge count: 6.
    TURN   - HuoHuoAllyERR | HuoHuo | SUS | NA attack | ['WIN'] | ['SPECIAL'] | Scaling: HP | TargetID: 1 | DMG/BREAK Splits: [0, 0]/[0, 0] | Energy Gained: 1 | SP Change: 0

        ----------Char Buffs----------
        GilgameshTrace3ATK | ATK% | Stacks: 1 | Value: 0.200 | Remaining Turns: 1 | TickDown: SUS, PERM | Target: SUS | Affects: ['ALL']
        GilgameshTrace3CD | CD% | Stacks: 1 | Value: 0.200 | Remaining Turns: 1 | TickDown: SUS, PERM | Target: SUS | Affects: ['ALL']
        AshveilTrace3CD | CD% | Stacks: 1 | Value: 0.400 | Remaining Turns: 1 | TickDown: SUP1, PERM | Target: SUS | Affects: ['ALL']
        PostOpERR | ERR% | Stacks: 1 | Value: 0.160 | Remaining Turns: 1 | TickDown: SUS, PERM | Target: SUS | Affects: ['ALL']
        WarriorGoddessSPD | SPD% | Stacks: 1 | Value: 0.060 | Remaining Turns: 1 | TickDown: SUS, PERM | Target: SUS | Affects: ['ALL']
        KeelEFFRES | ERS% | Stacks: 1 | Value: 0.100 | Remaining Turns: 1 | TickDown: SUS, PERM | Target: SUS | Affects: ['ALL']
        KeelCD(SUS) | CD% | Stacks: 1 | Value: 0.100 | Remaining Turns: 1 | TickDown: SUS, PERM | Target: SUS | Affects: ['ALL']
        HHTraceHP | HP% | Stacks: 1 | Value: 0.280 | Remaining Turns: 1 | TickDown: SUS, PERM | Target: SUS | Affects: ['ALL']
        HHTraceERS | ERS% | Stacks: 1 | Value: 0.180 | Remaining Turns: 1 | TickDown: SUS, PERM | Target: SUS | Affects: ['ALL']
        HHTraceSPD | SPD | Stacks: 1 | Value: 5.000 | Remaining Turns: 1 | TickDown: SUS, PERM | Target: SUS | Affects: ['ALL']
        MasterSmithComburent | DMG% | Stacks: 1 | Value: 0.150 | Remaining Turns: 2 | TickDown: SUS, END | Target: SUS | Affects: ['ALL']
        MortenaxBladeDMGBoost | DMG% | Stacks: 1 | Value: 0.500 | Remaining Turns: 1 | TickDown: SUS, PERM | Target: SUS | Affects: ['ALL']
        WarriorGoddessHealSPD | SPD% | Stacks: 1 | Value: 0.060 | Remaining Turns: 2 | TickDown: SUS, START | Target: SUS | Affects: ['ALL']
        WarriorGoddessHealCD | CD% | Stacks: 1 | Value: 0.150 | Remaining Turns: 2 | TickDown: SUS, START | Target: SUS | Affects: ['ALL']
        ConvergingStarsCD | CD% | Stacks: 1 | Value: 0.120 | Remaining Turns: 1 | TickDown: SUS, PERM | Target: SUS | Affects: ['ALL']
        ----------End of Buff List----------

        ----------Enemy Debuffs----------
        AshveilBaitShred | From: SUP1 | SHRED | Stacks: 1 | Value: 0.400 | Remaining Turns: 997 | Target: 1 | Targeting: ST | Affects: ['ALL'] | DOT: False | Blast: False
        MortenaxBladeUltVul | From: SUP2 | VULN | Stacks: 1 | Value: 0.500 | Remaining Turns: 2 | Target: 1 | Targeting: ST | Affects: ['ALL'] | DOT: False | Blast: False
        MortenaxBladeUltShred | From: SUP2 | SHRED | Stacks: 1 | Value: 0.300 | Remaining Turns: 2 | Target: 1 | Targeting: ST | Affects: ['ALL'] | DOT: False | Blast: False
        Enemy 1 LNG-break | From: DPS | SHOCK | Stacks: 1 | Value: 8414.001 | Remaining Turns: 2 | Target: 1 | Targeting: ST | Affects: ['ALL'] | DOT: True | Blast: False
        ----------End of Debuff List----------
        ----------Healing List----------
        ----------End of Healing List----------
    GAUGE  - Enemy 1 toughness reduced by 0.000
    RESULT - HuoHuoAllyERR | HuoHuo | SUS | DMG: 0.000 | ELADMG: 0.000 | Enemies Hit: [1] | Enemies Broken: [] | WB DMG: 0.000 | Energy: 1.354 | Amount HP Healed: 0.000 | Amount HP Lost: 0.000 | HuoHuo Energy: 16/140 | SP: 1 | MaxSP: 5)
ERR    > 8.000 energy added to Ashveil from AshveilTalentEnergy11 | Ashveil Energy: 58.000
SPD    > Gilgamesh speed changed to 266.500 | NewAV: 1.057
AV     > Enemy 0 AV reset to 76.923 | 130.000 SPD
DELAY  > Enemy 1 delayed by 25.0% from STDBreakDelay | NewAV: 18.308

<<< NEW TURN >>>
-   Enemy 2 AV: 0.000 ENERGY: 0.000 MaxHP: 2000000.000 CurrHp 1380223.705
-   Gilgamesh AV: 1.057 ENERGY: 5.000 MaxHP: 3134.558 CurrHp 2763.219
-   HuoHuo AV: 1.597 ENERGY: 16.253 MaxHP: 6139.808 CurrHp 5328.014
-   MortenaxBlade AV: 8.011 ENERGY: 11.787 MaxHP: 4869.135 CurrHp 2388.878
-   Enemy 1 AV: 18.308 ENERGY: 0.000 MaxHP: 5000000.000 CurrHp 5000000.000
-   Ashveil AV: 44.916 ENERGY: 58.000 MaxHP: 2729.320 CurrHp 2729.320
-   Enemy 0 AV: 76.923 ENERGY: 0.000 MaxHP: 2000000.000 CurrHp 748528.359
-   InfiniteFury AV: 142.857 ENERGY: 0.000 MaxHP: 0.000 CurrHp 0.000

Combat context set: 3 enemies, 4 players
Combat context initialized: 3 enemies, Elation team size: 0
ACTION > [ENEMY] TotalAV: 250.000 | TurnAV: 0.000 | Enemy 2 | 1 attacks
MortenaxBlade has obtained 1 Charge. Current Charge count: 7.
    CharEnergy - Gilgamesh: Hit 1.667 Total: 6.667 | Ashveil: Hit 8.333 Total: 66.333 | MortenaxBlade: Hit 8.333 Total: 22.157 | HuoHuo: Hit 8.333 Total: 27.539 |
    ENEMY  - Enemy 2 [aoe] dealt 129.2 to MortenaxBlade (energy: 3.3, DEF: 2045, atkMul: 1.00, dmgMul: 1.00) | HP: 2260/4869
    ENEMY  - Enemy 2 [aoe] dealt 255.9 to Ashveil (energy: 3.3, DEF: 2076, atkMul: 1.00, dmgMul: 1.00) | HP: 2473/2729
    ENEMY  - Enemy 2 [aoe] dealt 231.9 to HuoHuo (energy: 3.3, DEF: 2410, atkMul: 1.00, dmgMul: 1.00) | HP: 5096/6140
    ENEMY  - Enemy 2 [aoe] dealt 123.8 to Gilgamesh (energy: 1.7, DEF: 2185, atkMul: 1.00, dmgMul: 1.00) | HP: 2639/3135
    ENEMY  - Enemy 2 [aoe] dealt 128.0 to Ashveil (energy: 1.7, DEF: 2076, atkMul: 1.00, dmgMul: 1.00) | HP: 2345/2729
    ENEMY  - Enemy 2 [aoe] dealt 64.6 to MortenaxBlade (energy: 1.7, DEF: 2045, atkMul: 1.00, dmgMul: 1.00) | HP: 2195/4869
    ENEMY  - Enemy 2 [aoe] dealt 116.0 to HuoHuo (energy: 1.7, DEF: 2410, atkMul: 1.00, dmgMul: 1.00) | HP: 4980/6140
    ENEMY  - Enemy 2 [aoe] dealt 129.2 to MortenaxBlade (energy: 3.3, DEF: 2045, atkMul: 1.00, dmgMul: 1.00) | HP: 2066/4869
    ENEMY  - Enemy 2 [aoe] dealt 255.9 to Ashveil (energy: 3.3, DEF: 2076, atkMul: 1.00, dmgMul: 1.00) | HP: 2090/2729
    ENEMY  - Enemy 2 [aoe] dealt 231.9 to HuoHuo (energy: 3.3, DEF: 2410, atkMul: 1.00, dmgMul: 1.00) | HP: 4748/6140
MortenaxBlade has obtained 1 Charge. Current Charge count: 8.
MortenaxBlade useHit produced 2 debuffs
    DEBUFF - Enemy 2 took 8445.280 Debuff damage from Enemy 2 LNG-break
AV     > Enemy 2 AV reset to 76.923 | 130.000 SPD

<<< NEW TURN >>>
-   Gilgamesh AV: 0.000 ENERGY: 6.667 MaxHP: 3134.558 CurrHp 2639.439
-   HuoHuo AV: 0.540 ENERGY: 27.539 MaxHP: 6139.808 CurrHp 4748.161
-   MortenaxBlade AV: 6.954 ENERGY: 22.157 MaxHP: 4869.135 CurrHp 2065.885
-   Enemy 1 AV: 17.251 ENERGY: 0.000 MaxHP: 5000000.000 CurrHp 5000000.000
-   Ashveil AV: 43.859 ENERGY: 66.333 MaxHP: 2729.320 CurrHp 2089.526
-   Enemy 2 AV: 75.866 ENERGY: 0.000 MaxHP: 2000000.000 CurrHp 1380223.705
-   Enemy 0 AV: 75.866 ENERGY: 0.000 MaxHP: 2000000.000 CurrHp 748528.359
-   InfiniteFury AV: 141.800 ENERGY: 0.000 MaxHP: 0.000 CurrHp 0.000

Combat context set: 3 enemies, 4 players
Combat context initialized: 3 enemies, Elation team size: 0
ACTION > [CHAR] TotalAV: 251.057 | TurnAV: 1.057 | Gilgamesh | E-move
Gilgamesh JointCounter increased by one, current count: 6
    TURN   - GilgameshSkill | Gilgamesh | DPS | BLAST attack | ['LNG'] | ['SKL'] | Scaling: ATK | TargetID: 1 | DMG/BREAK Splits: [2.8, 1.4]/[20, 10] | Energy Gained: 30 | SP Change: 0

        ----------Char Buffs----------
        ScholarCR | CR% | Stacks: 1 | Value: 0.080 | Remaining Turns: 1 | TickDown: DPS, PERM | Target: DPS | Affects: ['ALL']
        ScholarDMG | DMG% | Stacks: 1 | Value: 0.200 | Remaining Turns: 1 | TickDown: DPS, PERM | Target: DPS | Affects: ['SKL', 'ULT']
        GilgameshTraceATK | ATK | Stacks: 1 | Value: 0.180 | Remaining Turns: 1 | TickDown: DPS, PERM | Target: DPS | Affects: ['ALL']
        GilgameshTraceCR | CR% | Stacks: 1 | Value: 0.187 | Remaining Turns: 1 | TickDown: DPS, PERM | Target: DPS | Affects: ['ALL']
        GilgameshTraceDMG | DMG% | Stacks: 1 | Value: 0.080 | Remaining Turns: 1 | TickDown: DPS, PERM | Target: DPS | Affects: ['ALL']
        GilgameshTrace3ATK | ATK% | Stacks: 1 | Value: 0.200 | Remaining Turns: 1 | TickDown: DPS, PERM | Target: DPS | Affects: ['ALL']
        GilgameshTrace3CD | CD% | Stacks: 1 | Value: 0.200 | Remaining Turns: 1 | TickDown: DPS, PERM | Target: DPS | Affects: ['ALL']
        GilgameshTrace3SelfATK | ATK% | Stacks: 1 | Value: 1.000 | Remaining Turns: 1 | TickDown: DPS, PERM | Target: DPS | Affects: ['ALL']
        GilgameshTrace3SelfCD | CD% | Stacks: 1 | Value: 1.000 | Remaining Turns: 1 | TickDown: DPS, PERM | Target: DPS | Affects: ['ALL']
        AshveilTrace3CD | CD% | Stacks: 1 | Value: 0.400 | Remaining Turns: 1 | TickDown: SUP1, PERM | Target: DPS | Affects: ['ALL']
        LushakaATK(SUP2) | ATK% | Stacks: 1 | Value: 0.120 | Remaining Turns: 1 | TickDown: DPS, PERM | Target: DPS | Affects: ['ALL']
        KeelCD(SUS) | CD% | Stacks: 1 | Value: 0.100 | Remaining Turns: 1 | TickDown: DPS, PERM | Target: DPS | Affects: ['ALL']
        CosmicLifeDMG | DMG% | Stacks: 1 | Value: 0.320 | Remaining Turns: 1 | TickDown: DPS, PERM | Target: DPS | Affects: ['ALL']
        Trace2CDExtra | CD% | Stacks: 1 | Value: 1.500 | Remaining Turns: 1 | TickDown: DPS, PERM | Target: DPS | Affects: ['ALL']
        GilgameshInterestSPD | SPD% | Stacks: 1 | Value: 1.700 | Remaining Turns: 1 | TickDown: SUP2, PERM | Target: DPS | Affects: ['ALL']
        MasterSmithComburent | DMG% | Stacks: 1 | Value: 0.150 | Remaining Turns: 2 | TickDown: DPS, END | Target: DPS | Affects: ['ALL']
        MortenaxBladeDMGBoost | DMG% | Stacks: 1 | Value: 0.500 | Remaining Turns: 1 | TickDown: DPS, PERM | Target: DPS | Affects: ['ALL']
        WarriorGoddessHealCD | CD% | Stacks: 1 | Value: 0.150 | Remaining Turns: 1 | TickDown: DPS, START | Target: DPS | Affects: ['ALL']
        GilgameshSKLShred | SHRED | Stacks: 1 | Value: 0.300 | Remaining Turns: 3 | TickDown: DPS, END | Target: DPS | Affects: ['ALL']
        AeonATK | ATK% | Stacks: 1 | Value: 0.640 | Remaining Turns: 1 | TickDown: DPS, PERM | Target: DPS | Affects: ['ALL']
        ConvergingStarsCD | CD% | Stacks: 1 | Value: 0.120 | Remaining Turns: 1 | TickDown: DPS, PERM | Target: DPS | Affects: ['ALL']
        HuoHuoUltATK | ATK% | Stacks: 1 | Value: 0.400 | Remaining Turns: 2 | TickDown: DPS, END | Target: DPS | Affects: ['ALL']
        HuoHuoUltExtraATK | ATK% | Stacks: 1 | Value: 0.240 | Remaining Turns: 2 | TickDown: DPS, END | Target: DPS | Affects: ['ALL']
        ScholarBonusDMG | DMG% | Stacks: 1 | Value: 0.250 | Remaining Turns: 1 | TickDown: DPS, START | Target: DPS | Affects: ['SKL']
        AeonDMG | DMG% | Stacks: 1 | Value: 0.240 | Remaining Turns: 2 | TickDown: DPS, END | Target: DPS | Affects: ['ALL']
        ----------End of Buff List----------

        ----------Enemy Debuffs----------
        AshveilBaitShred | From: SUP1 | SHRED | Stacks: 1 | Value: 0.400 | Remaining Turns: 997 | Target: 1 | Targeting: ST | Affects: ['ALL'] | DOT: False | Blast: False
        MortenaxBladeUltVul | From: SUP2 | VULN | Stacks: 1 | Value: 0.500 | Remaining Turns: 2 | Target: 1 | Targeting: ST | Affects: ['ALL'] | DOT: False | Blast: False
        MortenaxBladeUltShred | From: SUP2 | SHRED | Stacks: 1 | Value: 0.300 | Remaining Turns: 2 | Target: 1 | Targeting: ST | Affects: ['ALL'] | DOT: False | Blast: False
        Enemy 1 LNG-break | From: DPS | SHOCK | Stacks: 1 | Value: 8414.001 | Remaining Turns: 2 | Target: 1 | Targeting: ST | Affects: ['ALL'] | DOT: True | Blast: False
        ----------End of Debuff List----------
        ----------Healing List----------
        ----------End of Healing List----------
    GAUGE  - Enemy 1 toughness reduced by 20.000
    GAUGE  - Enemy 0 toughness reduced by 10.000
    GAUGE  - Enemy 2 toughness reduced by 10.000
    RESULT - GilgameshSkill | Gilgamesh | DPS | DMG: 848715.777 | ELADMG: 0.000 | Enemies Hit: [1, 0, 2] | Enemies Broken: [] | WB DMG: 0.000 | Energy: 30.000 | Amount HP Healed: 0.000 | Amount HP Lost: 0.000 | Gilgamesh Energy: 37/360 | SP: 1 | MaxSP: 5)
Ashveil has obtained 2 gluttony stacks from FUA.
MortenaxBlade has obtained 1 Charge. Current Charge count: 9.
MortenaxBlade has obtained 1 Charge. Current Charge count: 1.
    TURN   - AshveilFUA | Ashveil | SUP1 | ST attack | ['LNG'] | ['FUA'] | Scaling: ATK | TargetID: 0 | DMG/BREAK Splits: [2.0, 0]/[5, 0] | Energy Gained: 5 | SP Change: 0

        ----------Char Buffs----------
        GilgameshTrace3ATK | ATK% | Stacks: 1 | Value: 0.200 | Remaining Turns: 1 | TickDown: SUP1, PERM | Target: SUP1 | Affects: ['ALL']
        GilgameshTrace3CD | CD% | Stacks: 1 | Value: 0.200 | Remaining Turns: 1 | TickDown: SUP1, PERM | Target: SUP1 | Affects: ['ALL']
        CruisingBaseCR | CR% | Stacks: 1 | Value: 0.160 | Remaining Turns: 1 | TickDown: SUP1, PERM | Target: SUP1 | Affects: ['ALL']
        DukeDMG | DMG% | Stacks: 1 | Value: 0.200 | Remaining Turns: 1 | TickDown: SUP1, PERM | Target: SUP1 | Affects: ['FUA']
        AshveilTraceCD | CD% | Stacks: 1 | Value: 0.373 | Remaining Turns: 1 | TickDown: SUP1, PERM | Target: SUP1 | Affects: ['ALL']
        AshveilTraceATK | ATK% | Stacks: 1 | Value: 0.100 | Remaining Turns: 1 | TickDown: SUP1, PERM | Target: SUP1 | Affects: ['ALL']
        AshveilTraceDMG | DMG% | Stacks: 1 | Value: 0.144 | Remaining Turns: 1 | TickDown: SUP1, PERM | Target: SUP1 | Affects: ['ALL']
        AshveilTrace2DMG | DMG% | Stacks: 1 | Value: 0.800 | Remaining Turns: 1 | TickDown: SUP1, PERM | Target: SUP1 | Affects: ['FUA']
        AshveilTrace3CD | CD% | Stacks: 1 | Value: 0.400 | Remaining Turns: 1 | TickDown: SUP1, PERM | Target: SUP1 | Affects: ['ALL']
        AshveilTrace3FUACD | CD% | Stacks: 1 | Value: 0.800 | Remaining Turns: 1 | TickDown: SUP1, PERM | Target: SUP1 | Affects: ['FUA']
        KeelCD(SUS) | CD% | Stacks: 1 | Value: 0.100 | Remaining Turns: 1 | TickDown: SUP1, PERM | Target: SUP1 | Affects: ['ALL']
        GilgameshTrace3AllyATK | ATK% | Stacks: 1 | Value: 0.100 | Remaining Turns: 1 | TickDown: SUP1, PERM | Target: SUP1 | Affects: ['ALL']
        GilgameshTrace3AllyCD | CD% | Stacks: 1 | Value: 0.100 | Remaining Turns: 1 | TickDown: SUP1, PERM | Target: SUP1 | Affects: ['ALL']
        MasterSmithComburent | DMG% | Stacks: 1 | Value: 0.150 | Remaining Turns: 2 | TickDown: SUP1, END | Target: SUP1 | Affects: ['ALL']
        DukeATK | ATK% | Stacks: 1 | Value: 0.480 | Remaining Turns: 3 | TickDown: SUP1, END | Target: SUP1 | Affects: ['ALL']
        ConvergingStarsATK | ATK% | Stacks: 1 | Value: 0.240 | Remaining Turns: 2 | TickDown: SUP1, END | Target: SUP1 | Affects: ['ALL']
        MortenaxBladeDMGBoost | DMG% | Stacks: 1 | Value: 0.500 | Remaining Turns: 1 | TickDown: SUP1, PERM | Target: SUP1 | Affects: ['ALL']
        WarriorGoddessHealCD | CD% | Stacks: 1 | Value: 0.150 | Remaining Turns: 2 | TickDown: SUP1, START | Target: SUP1 | Affects: ['ALL']
        CruisingKillATK | ATK% | Stacks: 1 | Value: 0.400 | Remaining Turns: 1 | TickDown: SUP1, END | Target: SUP1 | Affects: ['ALL']
        ConvergingStarsCD | CD% | Stacks: 1 | Value: 0.120 | Remaining Turns: 1 | TickDown: SUP1, PERM | Target: SUP1 | Affects: ['ALL']
        CruisingLowHPCR | CR% | Stacks: 1 | Value: 0.160 | Remaining Turns: 1 | TickDown: SUP1, START | Target: SUP1 | Affects: ['ALL']
        AshveilTrace2GluttonyDMG | DMG% | Stacks: 1 | Value: 0.500 | Remaining Turns: 1 | TickDown: SUP1, END | Target: SUP1 | Affects: ['FUA']
        AshveilTalentEnergy12 | ERR_F | Stacks: 1 | Value: 8.000 | Remaining Turns: 1 | TickDown: SUP1, END | Target: SUP1 | Affects: ['ALL']
        ----------End of Buff List----------

        ----------Enemy Debuffs----------
        AshveilBaitShred | From: SUP1 | SHRED | Stacks: 1 | Value: 0.400 | Remaining Turns: 997 | Target: 0 | Targeting: ST | Affects: ['ALL'] | DOT: False | Blast: False
        MortenaxBladeUltVul | From: SUP2 | VULN | Stacks: 1 | Value: 0.500 | Remaining Turns: 2 | Target: 0 | Targeting: ST | Affects: ['ALL'] | DOT: False | Blast: False
        MortenaxBladeUltShred | From: SUP2 | SHRED | Stacks: 1 | Value: 0.300 | Remaining Turns: 2 | Target: 0 | Targeting: ST | Affects: ['ALL'] | DOT: False | Blast: False
        ----------End of Debuff List----------
        ----------Healing List----------
        ----------End of Healing List----------
    GAUGE  - Enemy 0 toughness reduced by 5.000
    RESULT - AshveilFUA | Ashveil | SUP1 | DMG: 143781.220 | ELADMG: 0.000 | Enemies Hit: [0] | Enemies Broken: [] | WB DMG: 0.000 | Energy: 5.000 | Amount HP Healed: 0.000 | Amount HP Lost: 0.000 | Ashveil Energy: 71/150 | SP: 1 | MaxSP: 5)
Gilgamesh Obtained 1 Interest from Teammate, Current count: 1
MortenaxBlade has obtained 1 Charge. Current Charge count: 2.
    TURN   - MortenaxBladeAOEFUA | MortenaxBlade | SUP2 | AOE attack | ['FIR'] | ['FUA'] | Scaling: HP | TargetID: 1 | DMG/BREAK Splits: [0.72, 0]/[10, 0] | Energy Gained: 25 | SP Change: 0

        ----------Char Buffs----------
        GilgameshTrace3ATK | ATK% | Stacks: 1 | Value: 0.200 | Remaining Turns: 1 | TickDown: SUP2, PERM | Target: SUP2 | Affects: ['ALL']
        GilgameshTrace3CD | CD% | Stacks: 1 | Value: 0.200 | Remaining Turns: 1 | TickDown: SUP2, PERM | Target: SUP2 | Affects: ['ALL']
        AshveilTrace3CD | CD% | Stacks: 1 | Value: 0.400 | Remaining Turns: 1 | TickDown: SUP1, PERM | Target: SUP2 | Affects: ['ALL']
        AshveilTrace3FUACD | CD% | Stacks: 1 | Value: 0.800 | Remaining Turns: 1 | TickDown: SUP1, PERM | Target: SUP2 | Affects: ['FUA']
        TutorialEHR | EHR% | Stacks: 1 | Value: 0.400 | Remaining Turns: 1 | TickDown: SUP2, PERM | Target: SUP2 | Affects: ['ALL']
        MasterSmithHP | HP% | Stacks: 1 | Value: 0.120 | Remaining Turns: 1 | TickDown: SUP2, PERM | Target: SUP2 | Affects: ['ALL']
        LushakaERR | ERR% | Stacks: 1 | Value: 0.050 | Remaining Turns: 1 | TickDown: SUP2, PERM | Target: SUP2 | Affects: ['ALL']
        MortenaxBladeTraceCR | CR% | Stacks: 1 | Value: 0.120 | Remaining Turns: 1 | TickDown: SUP2, PERM | Target: SUP2 | Affects: ['ALL']
        MortenaxBladeTraceHP | HP% | Stacks: 1 | Value: 0.100 | Remaining Turns: 1 | TickDown: SUP2, PERM | Target: SUP2 | Affects: ['ALL']
        MortenaxBladeTraceDMG | DMG% | Stacks: 1 | Value: 0.224 | Remaining Turns: 1 | TickDown: SUP2, PERM | Target: SUP2 | Affects: ['ALL']
        KeelCD(SUS) | CD% | Stacks: 1 | Value: 0.100 | Remaining Turns: 1 | TickDown: SUP2, PERM | Target: SUP2 | Affects: ['ALL']
        MasterSmithCD | CD% | Stacks: 1 | Value: 0.280 | Remaining Turns: 1 | TickDown: SUP2, PERM | Target: SUP2 | Affects: ['ALL']
        MasterSmithComburent | DMG% | Stacks: 1 | Value: 0.150 | Remaining Turns: 2 | TickDown: SUP2, END | Target: SUP2 | Affects: ['ALL']
        MortenaxBladeCRBoost | CR% | Stacks: 1 | Value: 0.200 | Remaining Turns: 1 | TickDown: SUP2, PERM | Target: SUP2 | Affects: ['ALL']
        MortenaxBladeCDBoost | CD% | Stacks: 1 | Value: 0.600 | Remaining Turns: 1 | TickDown: SUP2, PERM | Target: SUP2 | Affects: ['ALL']
        MortenaxBladeDMGReduction | DMG_REDUCTION | Stacks: 1 | Value: 0.500 | Remaining Turns: 1 | TickDown: SUP2, PERM | Target: SUP2 | Affects: ['ALL']
        MortenaxBladeDMGBoost | DMG% | Stacks: 1 | Value: 0.500 | Remaining Turns: 1 | TickDown: SUP2, PERM | Target: SUP2 | Affects: ['ALL']
        MortenaxBladeDMG | DMG% | Stacks: 1 | Value: 0.750 | Remaining Turns: 1 | TickDown: SUP2, PERM | Target: SUP2 | Affects: ['ALL']
        WarriorGoddessHealCD | CD% | Stacks: 1 | Value: 0.150 | Remaining Turns: 2 | TickDown: SUP2, START | Target: SUP2 | Affects: ['ALL']
        ConvergingStarsCD | CD% | Stacks: 1 | Value: 0.120 | Remaining Turns: 1 | TickDown: SUP2, PERM | Target: SUP2 | Affects: ['ALL']
        HuoHuoUltATK | ATK% | Stacks: 1 | Value: 0.400 | Remaining Turns: 2 | TickDown: SUP2, END | Target: SUP2 | Affects: ['ALL']
        HuoHuoUltExtraATK | ATK% | Stacks: 1 | Value: 0.240 | Remaining Turns: 2 | TickDown: SUP2, END | Target: SUP2 | Affects: ['ALL']
        ----------End of Buff List----------

        ----------Enemy Debuffs----------
        AshveilBaitShred | From: SUP1 | SHRED | Stacks: 1 | Value: 0.400 | Remaining Turns: 997 | Target: 1 | Targeting: ST | Affects: ['ALL'] | DOT: False | Blast: False
        MortenaxBladeUltVul | From: SUP2 | VULN | Stacks: 1 | Value: 0.500 | Remaining Turns: 2 | Target: 1 | Targeting: ST | Affects: ['ALL'] | DOT: False | Blast: False
        MortenaxBladeUltShred | From: SUP2 | SHRED | Stacks: 1 | Value: 0.300 | Remaining Turns: 2 | Target: 1 | Targeting: ST | Affects: ['ALL'] | DOT: False | Blast: False
        Enemy 1 LNG-break | From: DPS | SHOCK | Stacks: 1 | Value: 8414.001 | Remaining Turns: 2 | Target: 1 | Targeting: ST | Affects: ['ALL'] | DOT: True | Blast: False
        ----------End of Debuff List----------
        ----------Healing List----------
        ----------End of Healing List----------
    GAUGE  - Enemy 0 toughness reduced by 0.000
    GAUGE  - Enemy 1 toughness reduced by 0.000
    GAUGE  - Enemy 2 toughness reduced by 0.000
    RESULT - MortenaxBladeAOEFUA | MortenaxBlade | SUP2 | DMG: 102253.545 | ELADMG: 0.000 | Enemies Hit: [0, 1, 2] | Enemies Broken: [] | WB DMG: 0.000 | Energy: 31.110 | Amount HP Healed: 0.000 | Amount HP Lost: 0.000 | MortenaxBlade Energy: 53/160 | SP: 1 | MaxSP: 5)
Gilgamesh Obtained 1 Interest from Teammate, Current count: 2
Ashveil has obtained 2 gluttony stacks from FUA.
    TURN   - MortenaxBladeBounceFUA | MortenaxBlade | SUP2 | ST attack | ['FIR'] | ['FUA'] | Scaling: HP | TargetID: 1 | DMG/BREAK Splits: [0.24, 0]/[5, 0] | Energy Gained: 0 | SP Change: 0

        ----------Char Buffs----------
        GilgameshTrace3ATK | ATK% | Stacks: 1 | Value: 0.200 | Remaining Turns: 1 | TickDown: SUP2, PERM | Target: SUP2 | Affects: ['ALL']
        GilgameshTrace3CD | CD% | Stacks: 1 | Value: 0.200 | Remaining Turns: 1 | TickDown: SUP2, PERM | Target: SUP2 | Affects: ['ALL']
        AshveilTrace3CD | CD% | Stacks: 1 | Value: 0.400 | Remaining Turns: 1 | TickDown: SUP1, PERM | Target: SUP2 | Affects: ['ALL']
        AshveilTrace3FUACD | CD% | Stacks: 1 | Value: 0.800 | Remaining Turns: 1 | TickDown: SUP1, PERM | Target: SUP2 | Affects: ['FUA']
        TutorialEHR | EHR% | Stacks: 1 | Value: 0.400 | Remaining Turns: 1 | TickDown: SUP2, PERM | Target: SUP2 | Affects: ['ALL']
        MasterSmithHP | HP% | Stacks: 1 | Value: 0.120 | Remaining Turns: 1 | TickDown: SUP2, PERM | Target: SUP2 | Affects: ['ALL']
        LushakaERR | ERR% | Stacks: 1 | Value: 0.050 | Remaining Turns: 1 | TickDown: SUP2, PERM | Target: SUP2 | Affects: ['ALL']
        MortenaxBladeTraceCR | CR% | Stacks: 1 | Value: 0.120 | Remaining Turns: 1 | TickDown: SUP2, PERM | Target: SUP2 | Affects: ['ALL']
        MortenaxBladeTraceHP | HP% | Stacks: 1 | Value: 0.100 | Remaining Turns: 1 | TickDown: SUP2, PERM | Target: SUP2 | Affects: ['ALL']
        MortenaxBladeTraceDMG | DMG% | Stacks: 1 | Value: 0.224 | Remaining Turns: 1 | TickDown: SUP2, PERM | Target: SUP2 | Affects: ['ALL']
        KeelCD(SUS) | CD% | Stacks: 1 | Value: 0.100 | Remaining Turns: 1 | TickDown: SUP2, PERM | Target: SUP2 | Affects: ['ALL']
        MasterSmithCD | CD% | Stacks: 1 | Value: 0.280 | Remaining Turns: 1 | TickDown: SUP2, PERM | Target: SUP2 | Affects: ['ALL']
        MasterSmithComburent | DMG% | Stacks: 1 | Value: 0.150 | Remaining Turns: 2 | TickDown: SUP2, END | Target: SUP2 | Affects: ['ALL']
        MortenaxBladeCRBoost | CR% | Stacks: 1 | Value: 0.200 | Remaining Turns: 1 | TickDown: SUP2, PERM | Target: SUP2 | Affects: ['ALL']
        MortenaxBladeCDBoost | CD% | Stacks: 1 | Value: 0.600 | Remaining Turns: 1 | TickDown: SUP2, PERM | Target: SUP2 | Affects: ['ALL']
        MortenaxBladeDMGReduction | DMG_REDUCTION | Stacks: 1 | Value: 0.500 | Remaining Turns: 1 | TickDown: SUP2, PERM | Target: SUP2 | Affects: ['ALL']
        MortenaxBladeDMGBoost | DMG% | Stacks: 1 | Value: 0.500 | Remaining Turns: 1 | TickDown: SUP2, PERM | Target: SUP2 | Affects: ['ALL']
        MortenaxBladeDMG | DMG% | Stacks: 1 | Value: 0.750 | Remaining Turns: 1 | TickDown: SUP2, PERM | Target: SUP2 | Affects: ['ALL']
        WarriorGoddessHealCD | CD% | Stacks: 1 | Value: 0.150 | Remaining Turns: 2 | TickDown: SUP2, START | Target: SUP2 | Affects: ['ALL']
        ConvergingStarsCD | CD% | Stacks: 1 | Value: 0.120 | Remaining Turns: 1 | TickDown: SUP2, PERM | Target: SUP2 | Affects: ['ALL']
        HuoHuoUltATK | ATK% | Stacks: 1 | Value: 0.400 | Remaining Turns: 2 | TickDown: SUP2, END | Target: SUP2 | Affects: ['ALL']
        HuoHuoUltExtraATK | ATK% | Stacks: 1 | Value: 0.240 | Remaining Turns: 2 | TickDown: SUP2, END | Target: SUP2 | Affects: ['ALL']
        TutorialERR | ERR_T | Stacks: 1 | Value: 8.000 | Remaining Turns: 1 | TickDown: SUP2, START | Target: SUP2 | Affects: ['ALL']
        ----------End of Buff List----------

        ----------Enemy Debuffs----------
        AshveilBaitShred | From: SUP1 | SHRED | Stacks: 1 | Value: 0.400 | Remaining Turns: 997 | Target: 1 | Targeting: ST | Affects: ['ALL'] | DOT: False | Blast: False
        MortenaxBladeUltVul | From: SUP2 | VULN | Stacks: 1 | Value: 0.500 | Remaining Turns: 2 | Target: 1 | Targeting: ST | Affects: ['ALL'] | DOT: False | Blast: False
        MortenaxBladeUltShred | From: SUP2 | SHRED | Stacks: 1 | Value: 0.300 | Remaining Turns: 2 | Target: 1 | Targeting: ST | Affects: ['ALL'] | DOT: False | Blast: False
        Enemy 1 LNG-break | From: DPS | SHOCK | Stacks: 1 | Value: 8414.001 | Remaining Turns: 2 | Target: 1 | Targeting: ST | Affects: ['ALL'] | DOT: True | Blast: False
        ----------End of Debuff List----------
        ----------Healing List----------
        ----------End of Healing List----------
    GAUGE  - Enemy 1 toughness reduced by 0.000
    RESULT - MortenaxBladeBounceFUA | MortenaxBlade | SUP2 | DMG: 12173.041 | ELADMG: 0.000 | Enemies Hit: [1] | Enemies Broken: [] | WB DMG: 0.000 | Energy: 0.000 | Amount HP Healed: 0.000 | Amount HP Lost: 0.000 | MortenaxBlade Energy: 53/160 | SP: 1 | MaxSP: 5)
    TURN   - MortenaxBladeBounceFUA | MortenaxBlade | SUP2 | ST attack | ['FIR'] | ['FUA'] | Scaling: HP | TargetID: 1 | DMG/BREAK Splits: [0.24, 0]/[5, 0] | Energy Gained: 0 | SP Change: 0

        ----------Char Buffs----------
        GilgameshTrace3ATK | ATK% | Stacks: 1 | Value: 0.200 | Remaining Turns: 1 | TickDown: SUP2, PERM | Target: SUP2 | Affects: ['ALL']
        GilgameshTrace3CD | CD% | Stacks: 1 | Value: 0.200 | Remaining Turns: 1 | TickDown: SUP2, PERM | Target: SUP2 | Affects: ['ALL']
        AshveilTrace3CD | CD% | Stacks: 1 | Value: 0.400 | Remaining Turns: 1 | TickDown: SUP1, PERM | Target: SUP2 | Affects: ['ALL']
        AshveilTrace3FUACD | CD% | Stacks: 1 | Value: 0.800 | Remaining Turns: 1 | TickDown: SUP1, PERM | Target: SUP2 | Affects: ['FUA']
        TutorialEHR | EHR% | Stacks: 1 | Value: 0.400 | Remaining Turns: 1 | TickDown: SUP2, PERM | Target: SUP2 | Affects: ['ALL']
        MasterSmithHP | HP% | Stacks: 1 | Value: 0.120 | Remaining Turns: 1 | TickDown: SUP2, PERM | Target: SUP2 | Affects: ['ALL']
        LushakaERR | ERR% | Stacks: 1 | Value: 0.050 | Remaining Turns: 1 | TickDown: SUP2, PERM | Target: SUP2 | Affects: ['ALL']
        MortenaxBladeTraceCR | CR% | Stacks: 1 | Value: 0.120 | Remaining Turns: 1 | TickDown: SUP2, PERM | Target: SUP2 | Affects: ['ALL']
        MortenaxBladeTraceHP | HP% | Stacks: 1 | Value: 0.100 | Remaining Turns: 1 | TickDown: SUP2, PERM | Target: SUP2 | Affects: ['ALL']
        MortenaxBladeTraceDMG | DMG% | Stacks: 1 | Value: 0.224 | Remaining Turns: 1 | TickDown: SUP2, PERM | Target: SUP2 | Affects: ['ALL']
        KeelCD(SUS) | CD% | Stacks: 1 | Value: 0.100 | Remaining Turns: 1 | TickDown: SUP2, PERM | Target: SUP2 | Affects: ['ALL']
        MasterSmithCD | CD% | Stacks: 1 | Value: 0.280 | Remaining Turns: 1 | TickDown: SUP2, PERM | Target: SUP2 | Affects: ['ALL']
        MasterSmithComburent | DMG% | Stacks: 1 | Value: 0.150 | Remaining Turns: 2 | TickDown: SUP2, END | Target: SUP2 | Affects: ['ALL']
        MortenaxBladeCRBoost | CR% | Stacks: 1 | Value: 0.200 | Remaining Turns: 1 | TickDown: SUP2, PERM | Target: SUP2 | Affects: ['ALL']
        MortenaxBladeCDBoost | CD% | Stacks: 1 | Value: 0.600 | Remaining Turns: 1 | TickDown: SUP2, PERM | Target: SUP2 | Affects: ['ALL']
        MortenaxBladeDMGReduction | DMG_REDUCTION | Stacks: 1 | Value: 0.500 | Remaining Turns: 1 | TickDown: SUP2, PERM | Target: SUP2 | Affects: ['ALL']
        MortenaxBladeDMGBoost | DMG% | Stacks: 1 | Value: 0.500 | Remaining Turns: 1 | TickDown: SUP2, PERM | Target: SUP2 | Affects: ['ALL']
        MortenaxBladeDMG | DMG% | Stacks: 1 | Value: 0.750 | Remaining Turns: 1 | TickDown: SUP2, PERM | Target: SUP2 | Affects: ['ALL']
        WarriorGoddessHealCD | CD% | Stacks: 1 | Value: 0.150 | Remaining Turns: 2 | TickDown: SUP2, START | Target: SUP2 | Affects: ['ALL']
        ConvergingStarsCD | CD% | Stacks: 1 | Value: 0.120 | Remaining Turns: 1 | TickDown: SUP2, PERM | Target: SUP2 | Affects: ['ALL']
        HuoHuoUltATK | ATK% | Stacks: 1 | Value: 0.400 | Remaining Turns: 2 | TickDown: SUP2, END | Target: SUP2 | Affects: ['ALL']
        HuoHuoUltExtraATK | ATK% | Stacks: 1 | Value: 0.240 | Remaining Turns: 2 | TickDown: SUP2, END | Target: SUP2 | Affects: ['ALL']
        TutorialERR | ERR_T | Stacks: 1 | Value: 8.000 | Remaining Turns: 1 | TickDown: SUP2, START | Target: SUP2 | Affects: ['ALL']
        ----------End of Buff List----------

        ----------Enemy Debuffs----------
        AshveilBaitShred | From: SUP1 | SHRED | Stacks: 1 | Value: 0.400 | Remaining Turns: 997 | Target: 1 | Targeting: ST | Affects: ['ALL'] | DOT: False | Blast: False
        MortenaxBladeUltVul | From: SUP2 | VULN | Stacks: 1 | Value: 0.500 | Remaining Turns: 2 | Target: 1 | Targeting: ST | Affects: ['ALL'] | DOT: False | Blast: False
        MortenaxBladeUltShred | From: SUP2 | SHRED | Stacks: 1 | Value: 0.300 | Remaining Turns: 2 | Target: 1 | Targeting: ST | Affects: ['ALL'] | DOT: False | Blast: False
        Enemy 1 LNG-break | From: DPS | SHOCK | Stacks: 1 | Value: 8414.001 | Remaining Turns: 2 | Target: 1 | Targeting: ST | Affects: ['ALL'] | DOT: True | Blast: False
        ----------End of Debuff List----------
        ----------Healing List----------
        ----------End of Healing List----------
    GAUGE  - Enemy 1 toughness reduced by 0.000
    RESULT - MortenaxBladeBounceFUA | MortenaxBlade | SUP2 | DMG: 12173.041 | ELADMG: 0.000 | Enemies Hit: [1] | Enemies Broken: [] | WB DMG: 0.000 | Energy: 0.000 | Amount HP Healed: 0.000 | Amount HP Lost: 0.000 | MortenaxBlade Energy: 53/160 | SP: 1 | MaxSP: 5)
    TURN   - MortenaxBladeBounceFUA | MortenaxBlade | SUP2 | ST attack | ['FIR'] | ['FUA'] | Scaling: HP | TargetID: 1 | DMG/BREAK Splits: [0.24, 0]/[5, 0] | Energy Gained: 0 | SP Change: 0

        ----------Char Buffs----------
        GilgameshTrace3ATK | ATK% | Stacks: 1 | Value: 0.200 | Remaining Turns: 1 | TickDown: SUP2, PERM | Target: SUP2 | Affects: ['ALL']
        GilgameshTrace3CD | CD% | Stacks: 1 | Value: 0.200 | Remaining Turns: 1 | TickDown: SUP2, PERM | Target: SUP2 | Affects: ['ALL']
        AshveilTrace3CD | CD% | Stacks: 1 | Value: 0.400 | Remaining Turns: 1 | TickDown: SUP1, PERM | Target: SUP2 | Affects: ['ALL']
        AshveilTrace3FUACD | CD% | Stacks: 1 | Value: 0.800 | Remaining Turns: 1 | TickDown: SUP1, PERM | Target: SUP2 | Affects: ['FUA']
        TutorialEHR | EHR% | Stacks: 1 | Value: 0.400 | Remaining Turns: 1 | TickDown: SUP2, PERM | Target: SUP2 | Affects: ['ALL']
        MasterSmithHP | HP% | Stacks: 1 | Value: 0.120 | Remaining Turns: 1 | TickDown: SUP2, PERM | Target: SUP2 | Affects: ['ALL']
        LushakaERR | ERR% | Stacks: 1 | Value: 0.050 | Remaining Turns: 1 | TickDown: SUP2, PERM | Target: SUP2 | Affects: ['ALL']
        MortenaxBladeTraceCR | CR% | Stacks: 1 | Value: 0.120 | Remaining Turns: 1 | TickDown: SUP2, PERM | Target: SUP2 | Affects: ['ALL']
        MortenaxBladeTraceHP | HP% | Stacks: 1 | Value: 0.100 | Remaining Turns: 1 | TickDown: SUP2, PERM | Target: SUP2 | Affects: ['ALL']
        MortenaxBladeTraceDMG | DMG% | Stacks: 1 | Value: 0.224 | Remaining Turns: 1 | TickDown: SUP2, PERM | Target: SUP2 | Affects: ['ALL']
        KeelCD(SUS) | CD% | Stacks: 1 | Value: 0.100 | Remaining Turns: 1 | TickDown: SUP2, PERM | Target: SUP2 | Affects: ['ALL']
        MasterSmithCD | CD% | Stacks: 1 | Value: 0.280 | Remaining Turns: 1 | TickDown: SUP2, PERM | Target: SUP2 | Affects: ['ALL']
        MasterSmithComburent | DMG% | Stacks: 1 | Value: 0.150 | Remaining Turns: 2 | TickDown: SUP2, END | Target: SUP2 | Affects: ['ALL']
        MortenaxBladeCRBoost | CR% | Stacks: 1 | Value: 0.200 | Remaining Turns: 1 | TickDown: SUP2, PERM | Target: SUP2 | Affects: ['ALL']
        MortenaxBladeCDBoost | CD% | Stacks: 1 | Value: 0.600 | Remaining Turns: 1 | TickDown: SUP2, PERM | Target: SUP2 | Affects: ['ALL']
        MortenaxBladeDMGReduction | DMG_REDUCTION | Stacks: 1 | Value: 0.500 | Remaining Turns: 1 | TickDown: SUP2, PERM | Target: SUP2 | Affects: ['ALL']
        MortenaxBladeDMGBoost | DMG% | Stacks: 1 | Value: 0.500 | Remaining Turns: 1 | TickDown: SUP2, PERM | Target: SUP2 | Affects: ['ALL']
        MortenaxBladeDMG | DMG% | Stacks: 1 | Value: 0.750 | Remaining Turns: 1 | TickDown: SUP2, PERM | Target: SUP2 | Affects: ['ALL']
        WarriorGoddessHealCD | CD% | Stacks: 1 | Value: 0.150 | Remaining Turns: 2 | TickDown: SUP2, START | Target: SUP2 | Affects: ['ALL']
        ConvergingStarsCD | CD% | Stacks: 1 | Value: 0.120 | Remaining Turns: 1 | TickDown: SUP2, PERM | Target: SUP2 | Affects: ['ALL']
        HuoHuoUltATK | ATK% | Stacks: 1 | Value: 0.400 | Remaining Turns: 2 | TickDown: SUP2, END | Target: SUP2 | Affects: ['ALL']
        HuoHuoUltExtraATK | ATK% | Stacks: 1 | Value: 0.240 | Remaining Turns: 2 | TickDown: SUP2, END | Target: SUP2 | Affects: ['ALL']
        TutorialERR | ERR_T | Stacks: 1 | Value: 8.000 | Remaining Turns: 1 | TickDown: SUP2, START | Target: SUP2 | Affects: ['ALL']
        ----------End of Buff List----------

        ----------Enemy Debuffs----------
        AshveilBaitShred | From: SUP1 | SHRED | Stacks: 1 | Value: 0.400 | Remaining Turns: 997 | Target: 1 | Targeting: ST | Affects: ['ALL'] | DOT: False | Blast: False
        MortenaxBladeUltVul | From: SUP2 | VULN | Stacks: 1 | Value: 0.500 | Remaining Turns: 2 | Target: 1 | Targeting: ST | Affects: ['ALL'] | DOT: False | Blast: False
        MortenaxBladeUltShred | From: SUP2 | SHRED | Stacks: 1 | Value: 0.300 | Remaining Turns: 2 | Target: 1 | Targeting: ST | Affects: ['ALL'] | DOT: False | Blast: False
        Enemy 1 LNG-break | From: DPS | SHOCK | Stacks: 1 | Value: 8414.001 | Remaining Turns: 2 | Target: 1 | Targeting: ST | Affects: ['ALL'] | DOT: True | Blast: False
        ----------End of Debuff List----------
        ----------Healing List----------
        ----------End of Healing List----------
    GAUGE  - Enemy 1 toughness reduced by 0.000
    RESULT - MortenaxBladeBounceFUA | MortenaxBlade | SUP2 | DMG: 12173.041 | ELADMG: 0.000 | Enemies Hit: [1] | Enemies Broken: [] | WB DMG: 0.000 | Energy: 0.000 | Amount HP Healed: 0.000 | Amount HP Lost: 0.000 | MortenaxBlade Energy: 53/160 | SP: 1 | MaxSP: 5)
    TURN   - MortenaxBladeBounceFUA | MortenaxBlade | SUP2 | ST attack | ['FIR'] | ['FUA'] | Scaling: HP | TargetID: 1 | DMG/BREAK Splits: [0.24, 0]/[5, 0] | Energy Gained: 0 | SP Change: 0

        ----------Char Buffs----------
        GilgameshTrace3ATK | ATK% | Stacks: 1 | Value: 0.200 | Remaining Turns: 1 | TickDown: SUP2, PERM | Target: SUP2 | Affects: ['ALL']
        GilgameshTrace3CD | CD% | Stacks: 1 | Value: 0.200 | Remaining Turns: 1 | TickDown: SUP2, PERM | Target: SUP2 | Affects: ['ALL']
        AshveilTrace3CD | CD% | Stacks: 1 | Value: 0.400 | Remaining Turns: 1 | TickDown: SUP1, PERM | Target: SUP2 | Affects: ['ALL']
        AshveilTrace3FUACD | CD% | Stacks: 1 | Value: 0.800 | Remaining Turns: 1 | TickDown: SUP1, PERM | Target: SUP2 | Affects: ['FUA']
        TutorialEHR | EHR% | Stacks: 1 | Value: 0.400 | Remaining Turns: 1 | TickDown: SUP2, PERM | Target: SUP2 | Affects: ['ALL']
        MasterSmithHP | HP% | Stacks: 1 | Value: 0.120 | Remaining Turns: 1 | TickDown: SUP2, PERM | Target: SUP2 | Affects: ['ALL']
        LushakaERR | ERR% | Stacks: 1 | Value: 0.050 | Remaining Turns: 1 | TickDown: SUP2, PERM | Target: SUP2 | Affects: ['ALL']
        MortenaxBladeTraceCR | CR% | Stacks: 1 | Value: 0.120 | Remaining Turns: 1 | TickDown: SUP2, PERM | Target: SUP2 | Affects: ['ALL']
        MortenaxBladeTraceHP | HP% | Stacks: 1 | Value: 0.100 | Remaining Turns: 1 | TickDown: SUP2, PERM | Target: SUP2 | Affects: ['ALL']
        MortenaxBladeTraceDMG | DMG% | Stacks: 1 | Value: 0.224 | Remaining Turns: 1 | TickDown: SUP2, PERM | Target: SUP2 | Affects: ['ALL']
        KeelCD(SUS) | CD% | Stacks: 1 | Value: 0.100 | Remaining Turns: 1 | TickDown: SUP2, PERM | Target: SUP2 | Affects: ['ALL']
        MasterSmithCD | CD% | Stacks: 1 | Value: 0.280 | Remaining Turns: 1 | TickDown: SUP2, PERM | Target: SUP2 | Affects: ['ALL']
        MasterSmithComburent | DMG% | Stacks: 1 | Value: 0.150 | Remaining Turns: 2 | TickDown: SUP2, END | Target: SUP2 | Affects: ['ALL']
        MortenaxBladeCRBoost | CR% | Stacks: 1 | Value: 0.200 | Remaining Turns: 1 | TickDown: SUP2, PERM | Target: SUP2 | Affects: ['ALL']
        MortenaxBladeCDBoost | CD% | Stacks: 1 | Value: 0.600 | Remaining Turns: 1 | TickDown: SUP2, PERM | Target: SUP2 | Affects: ['ALL']
        MortenaxBladeDMGReduction | DMG_REDUCTION | Stacks: 1 | Value: 0.500 | Remaining Turns: 1 | TickDown: SUP2, PERM | Target: SUP2 | Affects: ['ALL']
        MortenaxBladeDMGBoost | DMG% | Stacks: 1 | Value: 0.500 | Remaining Turns: 1 | TickDown: SUP2, PERM | Target: SUP2 | Affects: ['ALL']
        MortenaxBladeDMG | DMG% | Stacks: 1 | Value: 0.750 | Remaining Turns: 1 | TickDown: SUP2, PERM | Target: SUP2 | Affects: ['ALL']
        WarriorGoddessHealCD | CD% | Stacks: 1 | Value: 0.150 | Remaining Turns: 2 | TickDown: SUP2, START | Target: SUP2 | Affects: ['ALL']
        ConvergingStarsCD | CD% | Stacks: 1 | Value: 0.120 | Remaining Turns: 1 | TickDown: SUP2, PERM | Target: SUP2 | Affects: ['ALL']
        HuoHuoUltATK | ATK% | Stacks: 1 | Value: 0.400 | Remaining Turns: 2 | TickDown: SUP2, END | Target: SUP2 | Affects: ['ALL']
        HuoHuoUltExtraATK | ATK% | Stacks: 1 | Value: 0.240 | Remaining Turns: 2 | TickDown: SUP2, END | Target: SUP2 | Affects: ['ALL']
        TutorialERR | ERR_T | Stacks: 1 | Value: 8.000 | Remaining Turns: 1 | TickDown: SUP2, START | Target: SUP2 | Affects: ['ALL']
        ----------End of Buff List----------

        ----------Enemy Debuffs----------
        AshveilBaitShred | From: SUP1 | SHRED | Stacks: 1 | Value: 0.400 | Remaining Turns: 997 | Target: 1 | Targeting: ST | Affects: ['ALL'] | DOT: False | Blast: False
        MortenaxBladeUltVul | From: SUP2 | VULN | Stacks: 1 | Value: 0.500 | Remaining Turns: 2 | Target: 1 | Targeting: ST | Affects: ['ALL'] | DOT: False | Blast: False
        MortenaxBladeUltShred | From: SUP2 | SHRED | Stacks: 1 | Value: 0.300 | Remaining Turns: 2 | Target: 1 | Targeting: ST | Affects: ['ALL'] | DOT: False | Blast: False
        Enemy 1 LNG-break | From: DPS | SHOCK | Stacks: 1 | Value: 8414.001 | Remaining Turns: 2 | Target: 1 | Targeting: ST | Affects: ['ALL'] | DOT: True | Blast: False
        ----------End of Debuff List----------
        ----------Healing List----------
        ----------End of Healing List----------
    GAUGE  - Enemy 1 toughness reduced by 0.000
    RESULT - MortenaxBladeBounceFUA | MortenaxBlade | SUP2 | DMG: 12173.041 | ELADMG: 0.000 | Enemies Hit: [1] | Enemies Broken: [] | WB DMG: 0.000 | Energy: 0.000 | Amount HP Healed: 0.000 | Amount HP Lost: 0.000 | MortenaxBlade Energy: 53/160 | SP: 1 | MaxSP: 5)
    TURN   - AshveilFUA | Ashveil | SUP1 | ST attack | ['LNG'] | ['FUA'] | Scaling: ATK | TargetID: 0 | DMG/BREAK Splits: [2.0, 0]/[5, 0] | Energy Gained: 5 | SP Change: 0

        ----------Char Buffs----------
        GilgameshTrace3ATK | ATK% | Stacks: 1 | Value: 0.200 | Remaining Turns: 1 | TickDown: SUP1, PERM | Target: SUP1 | Affects: ['ALL']
        GilgameshTrace3CD | CD% | Stacks: 1 | Value: 0.200 | Remaining Turns: 1 | TickDown: SUP1, PERM | Target: SUP1 | Affects: ['ALL']
        CruisingBaseCR | CR% | Stacks: 1 | Value: 0.160 | Remaining Turns: 1 | TickDown: SUP1, PERM | Target: SUP1 | Affects: ['ALL']
        DukeDMG | DMG% | Stacks: 1 | Value: 0.200 | Remaining Turns: 1 | TickDown: SUP1, PERM | Target: SUP1 | Affects: ['FUA']
        AshveilTraceCD | CD% | Stacks: 1 | Value: 0.373 | Remaining Turns: 1 | TickDown: SUP1, PERM | Target: SUP1 | Affects: ['ALL']
        AshveilTraceATK | ATK% | Stacks: 1 | Value: 0.100 | Remaining Turns: 1 | TickDown: SUP1, PERM | Target: SUP1 | Affects: ['ALL']
        AshveilTraceDMG | DMG% | Stacks: 1 | Value: 0.144 | Remaining Turns: 1 | TickDown: SUP1, PERM | Target: SUP1 | Affects: ['ALL']
        AshveilTrace2DMG | DMG% | Stacks: 1 | Value: 0.800 | Remaining Turns: 1 | TickDown: SUP1, PERM | Target: SUP1 | Affects: ['FUA']
        AshveilTrace3CD | CD% | Stacks: 1 | Value: 0.400 | Remaining Turns: 1 | TickDown: SUP1, PERM | Target: SUP1 | Affects: ['ALL']
        AshveilTrace3FUACD | CD% | Stacks: 1 | Value: 0.800 | Remaining Turns: 1 | TickDown: SUP1, PERM | Target: SUP1 | Affects: ['FUA']
        KeelCD(SUS) | CD% | Stacks: 1 | Value: 0.100 | Remaining Turns: 1 | TickDown: SUP1, PERM | Target: SUP1 | Affects: ['ALL']
        GilgameshTrace3AllyATK | ATK% | Stacks: 1 | Value: 0.100 | Remaining Turns: 1 | TickDown: SUP1, PERM | Target: SUP1 | Affects: ['ALL']
        GilgameshTrace3AllyCD | CD% | Stacks: 1 | Value: 0.100 | Remaining Turns: 1 | TickDown: SUP1, PERM | Target: SUP1 | Affects: ['ALL']
        MasterSmithComburent | DMG% | Stacks: 1 | Value: 0.150 | Remaining Turns: 2 | TickDown: SUP1, END | Target: SUP1 | Affects: ['ALL']
        DukeATK | ATK% | Stacks: 1 | Value: 0.480 | Remaining Turns: 3 | TickDown: SUP1, END | Target: SUP1 | Affects: ['ALL']
        ConvergingStarsATK | ATK% | Stacks: 1 | Value: 0.240 | Remaining Turns: 2 | TickDown: SUP1, END | Target: SUP1 | Affects: ['ALL']
        MortenaxBladeDMGBoost | DMG% | Stacks: 1 | Value: 0.500 | Remaining Turns: 1 | TickDown: SUP1, PERM | Target: SUP1 | Affects: ['ALL']
        WarriorGoddessHealCD | CD% | Stacks: 1 | Value: 0.150 | Remaining Turns: 2 | TickDown: SUP1, START | Target: SUP1 | Affects: ['ALL']
        CruisingKillATK | ATK% | Stacks: 1 | Value: 0.400 | Remaining Turns: 1 | TickDown: SUP1, END | Target: SUP1 | Affects: ['ALL']
        ConvergingStarsCD | CD% | Stacks: 1 | Value: 0.120 | Remaining Turns: 1 | TickDown: SUP1, PERM | Target: SUP1 | Affects: ['ALL']
        CruisingLowHPCR | CR% | Stacks: 1 | Value: 0.160 | Remaining Turns: 1 | TickDown: SUP1, START | Target: SUP1 | Affects: ['ALL']
        AshveilTrace2GluttonyDMG | DMG% | Stacks: 1 | Value: 0.700 | Remaining Turns: 1 | TickDown: SUP1, END | Target: SUP1 | Affects: ['FUA']
        AshveilTalentEnergy12 | ERR_F | Stacks: 1 | Value: 8.000 | Remaining Turns: 1 | TickDown: SUP1, END | Target: SUP1 | Affects: ['ALL']
        AshveilTalentEnergy13 | ERR_F | Stacks: 1 | Value: 8.000 | Remaining Turns: 1 | TickDown: SUP1, END | Target: SUP1 | Affects: ['ALL']
        ----------End of Buff List----------

        ----------Enemy Debuffs----------
        AshveilBaitShred | From: SUP1 | SHRED | Stacks: 1 | Value: 0.400 | Remaining Turns: 997 | Target: 0 | Targeting: ST | Affects: ['ALL'] | DOT: False | Blast: False
        MortenaxBladeUltVul | From: SUP2 | VULN | Stacks: 1 | Value: 0.500 | Remaining Turns: 2 | Target: 0 | Targeting: ST | Affects: ['ALL'] | DOT: False | Blast: False
        MortenaxBladeUltShred | From: SUP2 | SHRED | Stacks: 1 | Value: 0.300 | Remaining Turns: 2 | Target: 0 | Targeting: ST | Affects: ['ALL'] | DOT: False | Blast: False
        ----------End of Debuff List----------
        ----------Healing List----------
        ----------End of Healing List----------
    GAUGE  - Enemy 0 toughness reduced by 5.000
    RESULT - AshveilFUA | Ashveil | SUP1 | DMG: 152511.106 | ELADMG: 0.000 | Enemies Hit: [0] | Enemies Broken: [] | WB DMG: 0.000 | Energy: 5.000 | Amount HP Healed: 0.000 | Amount HP Lost: 0.000 | Ashveil Energy: 76/150 | SP: 1 | MaxSP: 5)
Gilgamesh Obtained 1 Interest from Teammate, Current count: 3
MortenaxBlade has obtained 1 Charge. Current Charge count: 3.
ERR    > 8.000 energy added to Ashveil from AshveilTalentEnergy12 | Ashveil Energy: 84.333
ERR    > 8.000 energy added to Ashveil from AshveilTalentEnergy13 | Ashveil Energy: 92.333
ERR    > 9.955 energy added to MortenaxBlade from TutorialERR | MortenaxBlade Energy: 63.222
SPD    > Gilgamesh speed changed to 130.700 | NewAV: 0.000
AV     > Gilgamesh AV reset to 76.511 | 130.700 SPD

<<< NEW TURN >>>
-   HuoHuo AV: 0.000 ENERGY: 27.539 MaxHP: 6139.808 CurrHp 4748.161
-   MortenaxBlade AV: 6.414 ENERGY: 63.222 MaxHP: 4869.135 CurrHp 1578.971
-   Enemy 1 AV: 16.711 ENERGY: 0.000 MaxHP: 5000000.000 CurrHp 4468096.199
-   Ashveil AV: 43.319 ENERGY: 92.333 MaxHP: 2729.320 CurrHp 2089.526
-   Enemy 2 AV: 75.326 ENERGY: 0.000 MaxHP: 2000000.000 CurrHp 1146344.863
-   Enemy 0 AV: 75.326 ENERGY: 0.000 MaxHP: 2000000.000 CurrHp 218357.191
-   Gilgamesh AV: 75.971 ENERGY: 36.667 MaxHP: 3134.558 CurrHp 2639.439
-   InfiniteFury AV: 141.260 ENERGY: 0.000 MaxHP: 0.000 CurrHp 0.000

Combat context set: 3 enemies, 4 players
Combat context initialized: 3 enemies, Elation team size: 0
ACTION > [CHAR] TotalAV: 251.597 | TurnAV: 0.540 | HuoHuo | E-move
    TURN   - HuoHuoSkill | HuoHuo | SUS | NA attack | ['WIN'] | ['SKL'] | Scaling: HP | TargetID: -1 | DMG/BREAK Splits: [0, 0]/[0, 0] | Energy Gained: 30 | SP Change: -1

        ----------Char Buffs----------
        GilgameshTrace3ATK | ATK% | Stacks: 1 | Value: 0.200 | Remaining Turns: 1 | TickDown: SUS, PERM | Target: SUS | Affects: ['ALL']
        GilgameshTrace3CD | CD% | Stacks: 1 | Value: 0.200 | Remaining Turns: 1 | TickDown: SUS, PERM | Target: SUS | Affects: ['ALL']
        AshveilTrace3CD | CD% | Stacks: 1 | Value: 0.400 | Remaining Turns: 1 | TickDown: SUP1, PERM | Target: SUS | Affects: ['ALL']
        PostOpERR | ERR% | Stacks: 1 | Value: 0.160 | Remaining Turns: 1 | TickDown: SUS, PERM | Target: SUS | Affects: ['ALL']
        WarriorGoddessSPD | SPD% | Stacks: 1 | Value: 0.060 | Remaining Turns: 1 | TickDown: SUS, PERM | Target: SUS | Affects: ['ALL']
        KeelEFFRES | ERS% | Stacks: 1 | Value: 0.100 | Remaining Turns: 1 | TickDown: SUS, PERM | Target: SUS | Affects: ['ALL']
        KeelCD(SUS) | CD% | Stacks: 1 | Value: 0.100 | Remaining Turns: 1 | TickDown: SUS, PERM | Target: SUS | Affects: ['ALL']
        HHTraceHP | HP% | Stacks: 1 | Value: 0.280 | Remaining Turns: 1 | TickDown: SUS, PERM | Target: SUS | Affects: ['ALL']
        HHTraceERS | ERS% | Stacks: 1 | Value: 0.180 | Remaining Turns: 1 | TickDown: SUS, PERM | Target: SUS | Affects: ['ALL']
        HHTraceSPD | SPD | Stacks: 1 | Value: 5.000 | Remaining Turns: 1 | TickDown: SUS, PERM | Target: SUS | Affects: ['ALL']
        MasterSmithComburent | DMG% | Stacks: 1 | Value: 0.150 | Remaining Turns: 2 | TickDown: SUS, END | Target: SUS | Affects: ['ALL']
        MortenaxBladeDMGBoost | DMG% | Stacks: 1 | Value: 0.500 | Remaining Turns: 1 | TickDown: SUS, PERM | Target: SUS | Affects: ['ALL']
        WarriorGoddessHealSPD | SPD% | Stacks: 1 | Value: 0.060 | Remaining Turns: 1 | TickDown: SUS, START | Target: SUS | Affects: ['ALL']
        WarriorGoddessHealCD | CD% | Stacks: 1 | Value: 0.150 | Remaining Turns: 1 | TickDown: SUS, START | Target: SUS | Affects: ['ALL']
        ConvergingStarsCD | CD% | Stacks: 1 | Value: 0.120 | Remaining Turns: 1 | TickDown: SUS, PERM | Target: SUS | Affects: ['ALL']
        ----------End of Buff List----------

        ----------Enemy Debuffs----------
        ----------End of Debuff List----------
        ----------Healing List----------
        HuoHuoSkillHealingScaling | Targeting: Targeting.BLAST | Healing Value: [0.24] | Target: ALL
        HuoHuoSkillHealingScaling | Targeting: Targeting.BLAST | Healing Value: [0.24] | Target: ALL
        HuoHuoSkillHealingScaling | Targeting: Targeting.BLAST | Healing Value: [0.24] | Target: ALL
        HuoHuoSkillHealingScaling | Targeting: Targeting.BLAST | Healing Value: [0.24] | Target: ALL
        HuoHuoSkillHealingScaling | Targeting: Targeting.BLAST | Healing Value: [0.24] | Target: ALL
        HuoHuoSkillHealingScaling | Targeting: Targeting.BLAST | Healing Value: [0.24] | Target: ALL
        HuoHuoSkillHealingFlat | Targeting: Targeting.BLAST | Healing Value: [640] | Target: ALL
        HuoHuoSkillHealingFlat | Targeting: Targeting.BLAST | Healing Value: [640] | Target: ALL
        HuoHuoSkillHealingFlat | Targeting: Targeting.BLAST | Healing Value: [640] | Target: ALL
        HuoHuoSkillHealingFlat | Targeting: Targeting.BLAST | Healing Value: [640] | Target: ALL
        HuoHuoSkillHealingFlat | Targeting: Targeting.BLAST | Healing Value: [640] | Target: ALL
        HuoHuoSkillHealingFlat | Targeting: Targeting.BLAST | Healing Value: [640] | Target: ALL
        ----------End of Healing List----------
    GAUGE  - Enemy 1 toughness reduced by 0.000
    RESULT - HuoHuoSkill | HuoHuo | SUS | DMG: 0.000 | ELADMG: 0.000 | Enemies Hit: [1] | Enemies Broken: [] | WB DMG: 0.000 | Energy: 40.632 | Amount HP Healed: 7931.292 | Amount HP Lost: 0.000 | HuoHuo Energy: 68/140 | SP: 0 | MaxSP: 5)
Gilgamesh Obtained 1 Interest from Teammate, Current count: 4
SPD    > Gilgamesh speed changed to 140.400 | NewAV: 70.722
AV     > HuoHuo AV reset to 62.308 | 160.492 SPD

<<< NEW TURN >>>
-   MortenaxBlade AV: 0.000 ENERGY: 63.222 MaxHP: 4869.135 CurrHp 3561.794
-   Enemy 1 AV: 10.297 ENERGY: 0.000 MaxHP: 5000000.000 CurrHp 4468096.199
-   Ashveil AV: 36.904 ENERGY: 92.333 MaxHP: 2729.320 CurrHp 2729.320
-   HuoHuo AV: 55.894 ENERGY: 68.171 MaxHP: 6139.808 CurrHp 6139.808
-   Gilgamesh AV: 64.308 ENERGY: 36.667 MaxHP: 3134.558 CurrHp 3134.558
-   Enemy 2 AV: 68.912 ENERGY: 0.000 MaxHP: 2000000.000 CurrHp 1146344.863
-   Enemy 0 AV: 68.912 ENERGY: 0.000 MaxHP: 2000000.000 CurrHp 218357.191
-   InfiniteFury AV: 134.846 ENERGY: 0.000 MaxHP: 0.000 CurrHp 0.000

Combat context set: 3 enemies, 4 players
Combat context initialized: 3 enemies, Elation team size: 0
ACTION > [CHAR] TotalAV: 258.011 | TurnAV: 6.414 | MortenaxBlade | E-move
MortenaxBlade has obtained 1 Charge. Current Charge count: 4.
    TURN   - MortenaxBladeAOESkill | MortenaxBlade | SUP2 | AOE attack | ['FIR'] | ['SKL'] | Scaling: HP | TargetID: 1 | DMG/BREAK Splits: [0.72, 0]/[10, 0] | Energy Gained: 30 | SP Change: 0

        ----------Char Buffs----------
        GilgameshTrace3ATK | ATK% | Stacks: 1 | Value: 0.200 | Remaining Turns: 1 | TickDown: SUP2, PERM | Target: SUP2 | Affects: ['ALL']
        GilgameshTrace3CD | CD% | Stacks: 1 | Value: 0.200 | Remaining Turns: 1 | TickDown: SUP2, PERM | Target: SUP2 | Affects: ['ALL']
        AshveilTrace3CD | CD% | Stacks: 1 | Value: 0.400 | Remaining Turns: 1 | TickDown: SUP1, PERM | Target: SUP2 | Affects: ['ALL']
        TutorialEHR | EHR% | Stacks: 1 | Value: 0.400 | Remaining Turns: 1 | TickDown: SUP2, PERM | Target: SUP2 | Affects: ['ALL']
        MasterSmithHP | HP% | Stacks: 1 | Value: 0.120 | Remaining Turns: 1 | TickDown: SUP2, PERM | Target: SUP2 | Affects: ['ALL']
        LushakaERR | ERR% | Stacks: 1 | Value: 0.050 | Remaining Turns: 1 | TickDown: SUP2, PERM | Target: SUP2 | Affects: ['ALL']
        MortenaxBladeTraceCR | CR% | Stacks: 1 | Value: 0.120 | Remaining Turns: 1 | TickDown: SUP2, PERM | Target: SUP2 | Affects: ['ALL']
        MortenaxBladeTraceHP | HP% | Stacks: 1 | Value: 0.100 | Remaining Turns: 1 | TickDown: SUP2, PERM | Target: SUP2 | Affects: ['ALL']
        MortenaxBladeTraceDMG | DMG% | Stacks: 1 | Value: 0.224 | Remaining Turns: 1 | TickDown: SUP2, PERM | Target: SUP2 | Affects: ['ALL']
        KeelCD(SUS) | CD% | Stacks: 1 | Value: 0.100 | Remaining Turns: 1 | TickDown: SUP2, PERM | Target: SUP2 | Affects: ['ALL']
        MasterSmithCD | CD% | Stacks: 1 | Value: 0.280 | Remaining Turns: 1 | TickDown: SUP2, PERM | Target: SUP2 | Affects: ['ALL']
        MasterSmithComburent | DMG% | Stacks: 1 | Value: 0.150 | Remaining Turns: 2 | TickDown: SUP2, END | Target: SUP2 | Affects: ['ALL']
        MortenaxBladeCRBoost | CR% | Stacks: 1 | Value: 0.200 | Remaining Turns: 1 | TickDown: SUP2, PERM | Target: SUP2 | Affects: ['ALL']
        MortenaxBladeCDBoost | CD% | Stacks: 1 | Value: 0.600 | Remaining Turns: 1 | TickDown: SUP2, PERM | Target: SUP2 | Affects: ['ALL']
        MortenaxBladeDMGReduction | DMG_REDUCTION | Stacks: 1 | Value: 0.500 | Remaining Turns: 1 | TickDown: SUP2, PERM | Target: SUP2 | Affects: ['ALL']
        MortenaxBladeDMGBoost | DMG% | Stacks: 1 | Value: 0.500 | Remaining Turns: 1 | TickDown: SUP2, PERM | Target: SUP2 | Affects: ['ALL']
        MortenaxBladeDMG | DMG% | Stacks: 1 | Value: 0.750 | Remaining Turns: 1 | TickDown: SUP2, PERM | Target: SUP2 | Affects: ['ALL']
        WarriorGoddessHealCD | CD% | Stacks: 1 | Value: 0.150 | Remaining Turns: 1 | TickDown: SUP2, START | Target: SUP2 | Affects: ['ALL']
        ConvergingStarsCD | CD% | Stacks: 1 | Value: 0.120 | Remaining Turns: 1 | TickDown: SUP2, PERM | Target: SUP2 | Affects: ['ALL']
        HuoHuoUltATK | ATK% | Stacks: 1 | Value: 0.400 | Remaining Turns: 2 | TickDown: SUP2, END | Target: SUP2 | Affects: ['ALL']
        HuoHuoUltExtraATK | ATK% | Stacks: 1 | Value: 0.240 | Remaining Turns: 2 | TickDown: SUP2, END | Target: SUP2 | Affects: ['ALL']
        ----------End of Buff List----------

        ----------Enemy Debuffs----------
        AshveilBaitShred | From: SUP1 | SHRED | Stacks: 1 | Value: 0.400 | Remaining Turns: 997 | Target: 1 | Targeting: ST | Affects: ['ALL'] | DOT: False | Blast: False
        MortenaxBladeUltVul | From: SUP2 | VULN | Stacks: 1 | Value: 0.500 | Remaining Turns: 2 | Target: 1 | Targeting: ST | Affects: ['ALL'] | DOT: False | Blast: False
        MortenaxBladeUltShred | From: SUP2 | SHRED | Stacks: 1 | Value: 0.300 | Remaining Turns: 2 | Target: 1 | Targeting: ST | Affects: ['ALL'] | DOT: False | Blast: False
        Enemy 1 LNG-break | From: DPS | SHOCK | Stacks: 1 | Value: 8414.001 | Remaining Turns: 2 | Target: 1 | Targeting: ST | Affects: ['ALL'] | DOT: True | Blast: False
        ----------End of Debuff List----------
        ----------Healing List----------
        ----------End of Healing List----------
    GAUGE  - Enemy 0 toughness reduced by 0.000
    GAUGE  - Enemy 1 toughness reduced by 0.000
    GAUGE  - Enemy 2 toughness reduced by 0.000
    RESULT - MortenaxBladeAOESkill | MortenaxBlade | SUP2 | DMG: 84133.645 | ELADMG: 0.000 | Enemies Hit: [0, 1, 2] | Enemies Broken: [] | WB DMG: 0.000 | Energy: 37.332 | Amount HP Healed: 0.000 | Amount HP Lost: 0.000 | MortenaxBlade Energy: 101/160 | SP: 0 | MaxSP: 5)
Gilgamesh Obtained 1 Interest from Teammate, Current count: 5
    TURN   - MortenaxBladeBounceSkill | MortenaxBlade | SUP2 | ST attack | ['FIR'] | ['SKL'] | Scaling: HP | TargetID: 1 | DMG/BREAK Splits: [0.24, 0]/[5, 0] | Energy Gained: 0 | SP Change: 0

        ----------Char Buffs----------
        GilgameshTrace3ATK | ATK% | Stacks: 1 | Value: 0.200 | Remaining Turns: 1 | TickDown: SUP2, PERM | Target: SUP2 | Affects: ['ALL']
        GilgameshTrace3CD | CD% | Stacks: 1 | Value: 0.200 | Remaining Turns: 1 | TickDown: SUP2, PERM | Target: SUP2 | Affects: ['ALL']
        AshveilTrace3CD | CD% | Stacks: 1 | Value: 0.400 | Remaining Turns: 1 | TickDown: SUP1, PERM | Target: SUP2 | Affects: ['ALL']
        TutorialEHR | EHR% | Stacks: 1 | Value: 0.400 | Remaining Turns: 1 | TickDown: SUP2, PERM | Target: SUP2 | Affects: ['ALL']
        MasterSmithHP | HP% | Stacks: 1 | Value: 0.120 | Remaining Turns: 1 | TickDown: SUP2, PERM | Target: SUP2 | Affects: ['ALL']
        LushakaERR | ERR% | Stacks: 1 | Value: 0.050 | Remaining Turns: 1 | TickDown: SUP2, PERM | Target: SUP2 | Affects: ['ALL']
        MortenaxBladeTraceCR | CR% | Stacks: 1 | Value: 0.120 | Remaining Turns: 1 | TickDown: SUP2, PERM | Target: SUP2 | Affects: ['ALL']
        MortenaxBladeTraceHP | HP% | Stacks: 1 | Value: 0.100 | Remaining Turns: 1 | TickDown: SUP2, PERM | Target: SUP2 | Affects: ['ALL']
        MortenaxBladeTraceDMG | DMG% | Stacks: 1 | Value: 0.224 | Remaining Turns: 1 | TickDown: SUP2, PERM | Target: SUP2 | Affects: ['ALL']
        KeelCD(SUS) | CD% | Stacks: 1 | Value: 0.100 | Remaining Turns: 1 | TickDown: SUP2, PERM | Target: SUP2 | Affects: ['ALL']
        MasterSmithCD | CD% | Stacks: 1 | Value: 0.280 | Remaining Turns: 1 | TickDown: SUP2, PERM | Target: SUP2 | Affects: ['ALL']
        MasterSmithComburent | DMG% | Stacks: 1 | Value: 0.150 | Remaining Turns: 2 | TickDown: SUP2, END | Target: SUP2 | Affects: ['ALL']
        MortenaxBladeCRBoost | CR% | Stacks: 1 | Value: 0.200 | Remaining Turns: 1 | TickDown: SUP2, PERM | Target: SUP2 | Affects: ['ALL']
        MortenaxBladeCDBoost | CD% | Stacks: 1 | Value: 0.600 | Remaining Turns: 1 | TickDown: SUP2, PERM | Target: SUP2 | Affects: ['ALL']
        MortenaxBladeDMGReduction | DMG_REDUCTION | Stacks: 1 | Value: 0.500 | Remaining Turns: 1 | TickDown: SUP2, PERM | Target: SUP2 | Affects: ['ALL']
        MortenaxBladeDMGBoost | DMG% | Stacks: 1 | Value: 0.500 | Remaining Turns: 1 | TickDown: SUP2, PERM | Target: SUP2 | Affects: ['ALL']
        MortenaxBladeDMG | DMG% | Stacks: 1 | Value: 0.750 | Remaining Turns: 1 | TickDown: SUP2, PERM | Target: SUP2 | Affects: ['ALL']
        WarriorGoddessHealCD | CD% | Stacks: 1 | Value: 0.150 | Remaining Turns: 1 | TickDown: SUP2, START | Target: SUP2 | Affects: ['ALL']
        ConvergingStarsCD | CD% | Stacks: 1 | Value: 0.120 | Remaining Turns: 1 | TickDown: SUP2, PERM | Target: SUP2 | Affects: ['ALL']
        HuoHuoUltATK | ATK% | Stacks: 1 | Value: 0.400 | Remaining Turns: 2 | TickDown: SUP2, END | Target: SUP2 | Affects: ['ALL']
        HuoHuoUltExtraATK | ATK% | Stacks: 1 | Value: 0.240 | Remaining Turns: 2 | TickDown: SUP2, END | Target: SUP2 | Affects: ['ALL']
        TutorialERR | ERR_T | Stacks: 1 | Value: 8.000 | Remaining Turns: 1 | TickDown: SUP2, START | Target: SUP2 | Affects: ['ALL']
        ----------End of Buff List----------

        ----------Enemy Debuffs----------
        AshveilBaitShred | From: SUP1 | SHRED | Stacks: 1 | Value: 0.400 | Remaining Turns: 997 | Target: 1 | Targeting: ST | Affects: ['ALL'] | DOT: False | Blast: False
        MortenaxBladeUltVul | From: SUP2 | VULN | Stacks: 1 | Value: 0.500 | Remaining Turns: 2 | Target: 1 | Targeting: ST | Affects: ['ALL'] | DOT: False | Blast: False
        MortenaxBladeUltShred | From: SUP2 | SHRED | Stacks: 1 | Value: 0.300 | Remaining Turns: 2 | Target: 1 | Targeting: ST | Affects: ['ALL'] | DOT: False | Blast: False
        Enemy 1 LNG-break | From: DPS | SHOCK | Stacks: 1 | Value: 8414.001 | Remaining Turns: 2 | Target: 1 | Targeting: ST | Affects: ['ALL'] | DOT: True | Blast: False
        ----------End of Debuff List----------
        ----------Healing List----------
        HuoHuoTalentHealingScaling | Targeting: Targeting.SINGLE | Healing Value: [0] | Target: ALL
        HuoHuoTalentHealingScaling | Targeting: Targeting.SINGLE | Healing Value: [0.045] | Target: ALL
        HuoHuoTalentHealingScaling | Targeting: Targeting.SINGLE | Healing Value: [0] | Target: ALL
        HuoHuoTalentHealingScaling | Targeting: Targeting.SINGLE | Healing Value: [0] | Target: ALL
        HuoHuoTalentHealingFlat | Targeting: Targeting.SINGLE | Healing Value: [0] | Target: ALL
        HuoHuoTalentHealingFlat | Targeting: Targeting.SINGLE | Healing Value: [120] | Target: ALL
        HuoHuoTalentHealingFlat | Targeting: Targeting.SINGLE | Healing Value: [0] | Target: ALL
        HuoHuoTalentHealingFlat | Targeting: Targeting.SINGLE | Healing Value: [0] | Target: ALL
        ----------End of Healing List----------
    GAUGE  - Enemy 1 toughness reduced by 0.000
    RESULT - MortenaxBladeBounceSkill | MortenaxBlade | SUP2 | DMG: 10015.910 | ELADMG: 0.000 | Enemies Hit: [1] | Enemies Broken: [] | WB DMG: 0.000 | Energy: 0.000 | Amount HP Healed: 371.779 | Amount HP Lost: 0.000 | MortenaxBlade Energy: 101/160 | SP: 0 | MaxSP: 5)
    TURN   - MortenaxBladeBounceSkill | MortenaxBlade | SUP2 | ST attack | ['FIR'] | ['SKL'] | Scaling: HP | TargetID: 1 | DMG/BREAK Splits: [0.24, 0]/[5, 0] | Energy Gained: 0 | SP Change: 0

        ----------Char Buffs----------
        GilgameshTrace3ATK | ATK% | Stacks: 1 | Value: 0.200 | Remaining Turns: 1 | TickDown: SUP2, PERM | Target: SUP2 | Affects: ['ALL']
        GilgameshTrace3CD | CD% | Stacks: 1 | Value: 0.200 | Remaining Turns: 1 | TickDown: SUP2, PERM | Target: SUP2 | Affects: ['ALL']
        AshveilTrace3CD | CD% | Stacks: 1 | Value: 0.400 | Remaining Turns: 1 | TickDown: SUP1, PERM | Target: SUP2 | Affects: ['ALL']
        TutorialEHR | EHR% | Stacks: 1 | Value: 0.400 | Remaining Turns: 1 | TickDown: SUP2, PERM | Target: SUP2 | Affects: ['ALL']
        MasterSmithHP | HP% | Stacks: 1 | Value: 0.120 | Remaining Turns: 1 | TickDown: SUP2, PERM | Target: SUP2 | Affects: ['ALL']
        LushakaERR | ERR% | Stacks: 1 | Value: 0.050 | Remaining Turns: 1 | TickDown: SUP2, PERM | Target: SUP2 | Affects: ['ALL']
        MortenaxBladeTraceCR | CR% | Stacks: 1 | Value: 0.120 | Remaining Turns: 1 | TickDown: SUP2, PERM | Target: SUP2 | Affects: ['ALL']
        MortenaxBladeTraceHP | HP% | Stacks: 1 | Value: 0.100 | Remaining Turns: 1 | TickDown: SUP2, PERM | Target: SUP2 | Affects: ['ALL']
        MortenaxBladeTraceDMG | DMG% | Stacks: 1 | Value: 0.224 | Remaining Turns: 1 | TickDown: SUP2, PERM | Target: SUP2 | Affects: ['ALL']
        KeelCD(SUS) | CD% | Stacks: 1 | Value: 0.100 | Remaining Turns: 1 | TickDown: SUP2, PERM | Target: SUP2 | Affects: ['ALL']
        MasterSmithCD | CD% | Stacks: 1 | Value: 0.280 | Remaining Turns: 1 | TickDown: SUP2, PERM | Target: SUP2 | Affects: ['ALL']
        MasterSmithComburent | DMG% | Stacks: 1 | Value: 0.150 | Remaining Turns: 2 | TickDown: SUP2, END | Target: SUP2 | Affects: ['ALL']
        MortenaxBladeCRBoost | CR% | Stacks: 1 | Value: 0.200 | Remaining Turns: 1 | TickDown: SUP2, PERM | Target: SUP2 | Affects: ['ALL']
        MortenaxBladeCDBoost | CD% | Stacks: 1 | Value: 0.600 | Remaining Turns: 1 | TickDown: SUP2, PERM | Target: SUP2 | Affects: ['ALL']
        MortenaxBladeDMGReduction | DMG_REDUCTION | Stacks: 1 | Value: 0.500 | Remaining Turns: 1 | TickDown: SUP2, PERM | Target: SUP2 | Affects: ['ALL']
        MortenaxBladeDMGBoost | DMG% | Stacks: 1 | Value: 0.500 | Remaining Turns: 1 | TickDown: SUP2, PERM | Target: SUP2 | Affects: ['ALL']
        MortenaxBladeDMG | DMG% | Stacks: 1 | Value: 0.750 | Remaining Turns: 1 | TickDown: SUP2, PERM | Target: SUP2 | Affects: ['ALL']
        WarriorGoddessHealCD | CD% | Stacks: 1 | Value: 0.150 | Remaining Turns: 1 | TickDown: SUP2, START | Target: SUP2 | Affects: ['ALL']
        ConvergingStarsCD | CD% | Stacks: 1 | Value: 0.120 | Remaining Turns: 1 | TickDown: SUP2, PERM | Target: SUP2 | Affects: ['ALL']
        HuoHuoUltATK | ATK% | Stacks: 1 | Value: 0.400 | Remaining Turns: 2 | TickDown: SUP2, END | Target: SUP2 | Affects: ['ALL']
        HuoHuoUltExtraATK | ATK% | Stacks: 1 | Value: 0.240 | Remaining Turns: 2 | TickDown: SUP2, END | Target: SUP2 | Affects: ['ALL']
        TutorialERR | ERR_T | Stacks: 1 | Value: 8.000 | Remaining Turns: 1 | TickDown: SUP2, START | Target: SUP2 | Affects: ['ALL']
        ----------End of Buff List----------

        ----------Enemy Debuffs----------
        AshveilBaitShred | From: SUP1 | SHRED | Stacks: 1 | Value: 0.400 | Remaining Turns: 997 | Target: 1 | Targeting: ST | Affects: ['ALL'] | DOT: False | Blast: False
        MortenaxBladeUltVul | From: SUP2 | VULN | Stacks: 1 | Value: 0.500 | Remaining Turns: 2 | Target: 1 | Targeting: ST | Affects: ['ALL'] | DOT: False | Blast: False
        MortenaxBladeUltShred | From: SUP2 | SHRED | Stacks: 1 | Value: 0.300 | Remaining Turns: 2 | Target: 1 | Targeting: ST | Affects: ['ALL'] | DOT: False | Blast: False
        Enemy 1 LNG-break | From: DPS | SHOCK | Stacks: 1 | Value: 8414.001 | Remaining Turns: 2 | Target: 1 | Targeting: ST | Affects: ['ALL'] | DOT: True | Blast: False
        ----------End of Debuff List----------
        ----------Healing List----------
        ----------End of Healing List----------
    GAUGE  - Enemy 1 toughness reduced by 0.000
    RESULT - MortenaxBladeBounceSkill | MortenaxBlade | SUP2 | DMG: 10015.910 | ELADMG: 0.000 | Enemies Hit: [1] | Enemies Broken: [] | WB DMG: 0.000 | Energy: 0.000 | Amount HP Healed: 0.000 | Amount HP Lost: 0.000 | MortenaxBlade Energy: 101/160 | SP: 0 | MaxSP: 5)
    TURN   - MortenaxBladeBounceSkill | MortenaxBlade | SUP2 | ST attack | ['FIR'] | ['SKL'] | Scaling: HP | TargetID: 1 | DMG/BREAK Splits: [0.24, 0]/[5, 0] | Energy Gained: 0 | SP Change: 0

        ----------Char Buffs----------
        GilgameshTrace3ATK | ATK% | Stacks: 1 | Value: 0.200 | Remaining Turns: 1 | TickDown: SUP2, PERM | Target: SUP2 | Affects: ['ALL']
        GilgameshTrace3CD | CD% | Stacks: 1 | Value: 0.200 | Remaining Turns: 1 | TickDown: SUP2, PERM | Target: SUP2 | Affects: ['ALL']
        AshveilTrace3CD | CD% | Stacks: 1 | Value: 0.400 | Remaining Turns: 1 | TickDown: SUP1, PERM | Target: SUP2 | Affects: ['ALL']
        TutorialEHR | EHR% | Stacks: 1 | Value: 0.400 | Remaining Turns: 1 | TickDown: SUP2, PERM | Target: SUP2 | Affects: ['ALL']
        MasterSmithHP | HP% | Stacks: 1 | Value: 0.120 | Remaining Turns: 1 | TickDown: SUP2, PERM | Target: SUP2 | Affects: ['ALL']
        LushakaERR | ERR% | Stacks: 1 | Value: 0.050 | Remaining Turns: 1 | TickDown: SUP2, PERM | Target: SUP2 | Affects: ['ALL']
        MortenaxBladeTraceCR | CR% | Stacks: 1 | Value: 0.120 | Remaining Turns: 1 | TickDown: SUP2, PERM | Target: SUP2 | Affects: ['ALL']
        MortenaxBladeTraceHP | HP% | Stacks: 1 | Value: 0.100 | Remaining Turns: 1 | TickDown: SUP2, PERM | Target: SUP2 | Affects: ['ALL']
        MortenaxBladeTraceDMG | DMG% | Stacks: 1 | Value: 0.224 | Remaining Turns: 1 | TickDown: SUP2, PERM | Target: SUP2 | Affects: ['ALL']
        KeelCD(SUS) | CD% | Stacks: 1 | Value: 0.100 | Remaining Turns: 1 | TickDown: SUP2, PERM | Target: SUP2 | Affects: ['ALL']
        MasterSmithCD | CD% | Stacks: 1 | Value: 0.280 | Remaining Turns: 1 | TickDown: SUP2, PERM | Target: SUP2 | Affects: ['ALL']
        MasterSmithComburent | DMG% | Stacks: 1 | Value: 0.150 | Remaining Turns: 2 | TickDown: SUP2, END | Target: SUP2 | Affects: ['ALL']
        MortenaxBladeCRBoost | CR% | Stacks: 1 | Value: 0.200 | Remaining Turns: 1 | TickDown: SUP2, PERM | Target: SUP2 | Affects: ['ALL']
        MortenaxBladeCDBoost | CD% | Stacks: 1 | Value: 0.600 | Remaining Turns: 1 | TickDown: SUP2, PERM | Target: SUP2 | Affects: ['ALL']
        MortenaxBladeDMGReduction | DMG_REDUCTION | Stacks: 1 | Value: 0.500 | Remaining Turns: 1 | TickDown: SUP2, PERM | Target: SUP2 | Affects: ['ALL']
        MortenaxBladeDMGBoost | DMG% | Stacks: 1 | Value: 0.500 | Remaining Turns: 1 | TickDown: SUP2, PERM | Target: SUP2 | Affects: ['ALL']
        MortenaxBladeDMG | DMG% | Stacks: 1 | Value: 0.750 | Remaining Turns: 1 | TickDown: SUP2, PERM | Target: SUP2 | Affects: ['ALL']
        WarriorGoddessHealCD | CD% | Stacks: 1 | Value: 0.150 | Remaining Turns: 1 | TickDown: SUP2, START | Target: SUP2 | Affects: ['ALL']
        ConvergingStarsCD | CD% | Stacks: 1 | Value: 0.120 | Remaining Turns: 1 | TickDown: SUP2, PERM | Target: SUP2 | Affects: ['ALL']
        HuoHuoUltATK | ATK% | Stacks: 1 | Value: 0.400 | Remaining Turns: 2 | TickDown: SUP2, END | Target: SUP2 | Affects: ['ALL']
        HuoHuoUltExtraATK | ATK% | Stacks: 1 | Value: 0.240 | Remaining Turns: 2 | TickDown: SUP2, END | Target: SUP2 | Affects: ['ALL']
        TutorialERR | ERR_T | Stacks: 1 | Value: 8.000 | Remaining Turns: 1 | TickDown: SUP2, START | Target: SUP2 | Affects: ['ALL']
        ----------End of Buff List----------

        ----------Enemy Debuffs----------
        AshveilBaitShred | From: SUP1 | SHRED | Stacks: 1 | Value: 0.400 | Remaining Turns: 997 | Target: 1 | Targeting: ST | Affects: ['ALL'] | DOT: False | Blast: False
        MortenaxBladeUltVul | From: SUP2 | VULN | Stacks: 1 | Value: 0.500 | Remaining Turns: 2 | Target: 1 | Targeting: ST | Affects: ['ALL'] | DOT: False | Blast: False
        MortenaxBladeUltShred | From: SUP2 | SHRED | Stacks: 1 | Value: 0.300 | Remaining Turns: 2 | Target: 1 | Targeting: ST | Affects: ['ALL'] | DOT: False | Blast: False
        Enemy 1 LNG-break | From: DPS | SHOCK | Stacks: 1 | Value: 8414.001 | Remaining Turns: 2 | Target: 1 | Targeting: ST | Affects: ['ALL'] | DOT: True | Blast: False
        ----------End of Debuff List----------
        ----------Healing List----------
        ----------End of Healing List----------
    GAUGE  - Enemy 1 toughness reduced by 0.000
    RESULT - MortenaxBladeBounceSkill | MortenaxBlade | SUP2 | DMG: 10015.910 | ELADMG: 0.000 | Enemies Hit: [1] | Enemies Broken: [] | WB DMG: 0.000 | Energy: 0.000 | Amount HP Healed: 0.000 | Amount HP Lost: 0.000 | MortenaxBlade Energy: 101/160 | SP: 0 | MaxSP: 5)
    TURN   - MortenaxBladeBounceSkill | MortenaxBlade | SUP2 | ST attack | ['FIR'] | ['SKL'] | Scaling: HP | TargetID: 1 | DMG/BREAK Splits: [0.24, 0]/[5, 0] | Energy Gained: 0 | SP Change: 0

        ----------Char Buffs----------
        GilgameshTrace3ATK | ATK% | Stacks: 1 | Value: 0.200 | Remaining Turns: 1 | TickDown: SUP2, PERM | Target: SUP2 | Affects: ['ALL']
        GilgameshTrace3CD | CD% | Stacks: 1 | Value: 0.200 | Remaining Turns: 1 | TickDown: SUP2, PERM | Target: SUP2 | Affects: ['ALL']
        AshveilTrace3CD | CD% | Stacks: 1 | Value: 0.400 | Remaining Turns: 1 | TickDown: SUP1, PERM | Target: SUP2 | Affects: ['ALL']
        TutorialEHR | EHR% | Stacks: 1 | Value: 0.400 | Remaining Turns: 1 | TickDown: SUP2, PERM | Target: SUP2 | Affects: ['ALL']
        MasterSmithHP | HP% | Stacks: 1 | Value: 0.120 | Remaining Turns: 1 | TickDown: SUP2, PERM | Target: SUP2 | Affects: ['ALL']
        LushakaERR | ERR% | Stacks: 1 | Value: 0.050 | Remaining Turns: 1 | TickDown: SUP2, PERM | Target: SUP2 | Affects: ['ALL']
        MortenaxBladeTraceCR | CR% | Stacks: 1 | Value: 0.120 | Remaining Turns: 1 | TickDown: SUP2, PERM | Target: SUP2 | Affects: ['ALL']
        MortenaxBladeTraceHP | HP% | Stacks: 1 | Value: 0.100 | Remaining Turns: 1 | TickDown: SUP2, PERM | Target: SUP2 | Affects: ['ALL']
        MortenaxBladeTraceDMG | DMG% | Stacks: 1 | Value: 0.224 | Remaining Turns: 1 | TickDown: SUP2, PERM | Target: SUP2 | Affects: ['ALL']
        KeelCD(SUS) | CD% | Stacks: 1 | Value: 0.100 | Remaining Turns: 1 | TickDown: SUP2, PERM | Target: SUP2 | Affects: ['ALL']
        MasterSmithCD | CD% | Stacks: 1 | Value: 0.280 | Remaining Turns: 1 | TickDown: SUP2, PERM | Target: SUP2 | Affects: ['ALL']
        MasterSmithComburent | DMG% | Stacks: 1 | Value: 0.150 | Remaining Turns: 2 | TickDown: SUP2, END | Target: SUP2 | Affects: ['ALL']
        MortenaxBladeCRBoost | CR% | Stacks: 1 | Value: 0.200 | Remaining Turns: 1 | TickDown: SUP2, PERM | Target: SUP2 | Affects: ['ALL']
        MortenaxBladeCDBoost | CD% | Stacks: 1 | Value: 0.600 | Remaining Turns: 1 | TickDown: SUP2, PERM | Target: SUP2 | Affects: ['ALL']
        MortenaxBladeDMGReduction | DMG_REDUCTION | Stacks: 1 | Value: 0.500 | Remaining Turns: 1 | TickDown: SUP2, PERM | Target: SUP2 | Affects: ['ALL']
        MortenaxBladeDMGBoost | DMG% | Stacks: 1 | Value: 0.500 | Remaining Turns: 1 | TickDown: SUP2, PERM | Target: SUP2 | Affects: ['ALL']
        MortenaxBladeDMG | DMG% | Stacks: 1 | Value: 0.750 | Remaining Turns: 1 | TickDown: SUP2, PERM | Target: SUP2 | Affects: ['ALL']
        WarriorGoddessHealCD | CD% | Stacks: 1 | Value: 0.150 | Remaining Turns: 1 | TickDown: SUP2, START | Target: SUP2 | Affects: ['ALL']
        ConvergingStarsCD | CD% | Stacks: 1 | Value: 0.120 | Remaining Turns: 1 | TickDown: SUP2, PERM | Target: SUP2 | Affects: ['ALL']
        HuoHuoUltATK | ATK% | Stacks: 1 | Value: 0.400 | Remaining Turns: 2 | TickDown: SUP2, END | Target: SUP2 | Affects: ['ALL']
        HuoHuoUltExtraATK | ATK% | Stacks: 1 | Value: 0.240 | Remaining Turns: 2 | TickDown: SUP2, END | Target: SUP2 | Affects: ['ALL']
        TutorialERR | ERR_T | Stacks: 1 | Value: 8.000 | Remaining Turns: 1 | TickDown: SUP2, START | Target: SUP2 | Affects: ['ALL']
        ----------End of Buff List----------

        ----------Enemy Debuffs----------
        AshveilBaitShred | From: SUP1 | SHRED | Stacks: 1 | Value: 0.400 | Remaining Turns: 997 | Target: 1 | Targeting: ST | Affects: ['ALL'] | DOT: False | Blast: False
        MortenaxBladeUltVul | From: SUP2 | VULN | Stacks: 1 | Value: 0.500 | Remaining Turns: 2 | Target: 1 | Targeting: ST | Affects: ['ALL'] | DOT: False | Blast: False
        MortenaxBladeUltShred | From: SUP2 | SHRED | Stacks: 1 | Value: 0.300 | Remaining Turns: 2 | Target: 1 | Targeting: ST | Affects: ['ALL'] | DOT: False | Blast: False
        Enemy 1 LNG-break | From: DPS | SHOCK | Stacks: 1 | Value: 8414.001 | Remaining Turns: 2 | Target: 1 | Targeting: ST | Affects: ['ALL'] | DOT: True | Blast: False
        ----------End of Debuff List----------
        ----------Healing List----------
        ----------End of Healing List----------
    GAUGE  - Enemy 1 toughness reduced by 0.000
    RESULT - MortenaxBladeBounceSkill | MortenaxBlade | SUP2 | DMG: 10015.910 | ELADMG: 0.000 | Enemies Hit: [1] | Enemies Broken: [] | WB DMG: 0.000 | Energy: 0.000 | Amount HP Healed: 0.000 | Amount HP Lost: 0.000 | MortenaxBlade Energy: 101/160 | SP: 0 | MaxSP: 5)
    TURN   - HuoHuoAllyERR | HuoHuo | SUS | NA attack | ['WIN'] | ['SPECIAL'] | Scaling: HP | TargetID: 1 | DMG/BREAK Splits: [0, 0]/[0, 0] | Energy Gained: 1 | SP Change: 0

        ----------Char Buffs----------
        GilgameshTrace3ATK | ATK% | Stacks: 1 | Value: 0.200 | Remaining Turns: 1 | TickDown: SUS, PERM | Target: SUS | Affects: ['ALL']
        GilgameshTrace3CD | CD% | Stacks: 1 | Value: 0.200 | Remaining Turns: 1 | TickDown: SUS, PERM | Target: SUS | Affects: ['ALL']
        AshveilTrace3CD | CD% | Stacks: 1 | Value: 0.400 | Remaining Turns: 1 | TickDown: SUP1, PERM | Target: SUS | Affects: ['ALL']
        PostOpERR | ERR% | Stacks: 1 | Value: 0.160 | Remaining Turns: 1 | TickDown: SUS, PERM | Target: SUS | Affects: ['ALL']
        WarriorGoddessSPD | SPD% | Stacks: 1 | Value: 0.060 | Remaining Turns: 1 | TickDown: SUS, PERM | Target: SUS | Affects: ['ALL']
        KeelEFFRES | ERS% | Stacks: 1 | Value: 0.100 | Remaining Turns: 1 | TickDown: SUS, PERM | Target: SUS | Affects: ['ALL']
        KeelCD(SUS) | CD% | Stacks: 1 | Value: 0.100 | Remaining Turns: 1 | TickDown: SUS, PERM | Target: SUS | Affects: ['ALL']
        HHTraceHP | HP% | Stacks: 1 | Value: 0.280 | Remaining Turns: 1 | TickDown: SUS, PERM | Target: SUS | Affects: ['ALL']
        HHTraceERS | ERS% | Stacks: 1 | Value: 0.180 | Remaining Turns: 1 | TickDown: SUS, PERM | Target: SUS | Affects: ['ALL']
        HHTraceSPD | SPD | Stacks: 1 | Value: 5.000 | Remaining Turns: 1 | TickDown: SUS, PERM | Target: SUS | Affects: ['ALL']
        MasterSmithComburent | DMG% | Stacks: 1 | Value: 0.150 | Remaining Turns: 2 | TickDown: SUS, END | Target: SUS | Affects: ['ALL']
        MortenaxBladeDMGBoost | DMG% | Stacks: 1 | Value: 0.500 | Remaining Turns: 1 | TickDown: SUS, PERM | Target: SUS | Affects: ['ALL']
        WarriorGoddessHealSPD | SPD% | Stacks: 1 | Value: 0.060 | Remaining Turns: 2 | TickDown: SUS, START | Target: SUS | Affects: ['ALL']
        WarriorGoddessHealCD | CD% | Stacks: 1 | Value: 0.150 | Remaining Turns: 2 | TickDown: SUS, START | Target: SUS | Affects: ['ALL']
        ConvergingStarsCD | CD% | Stacks: 1 | Value: 0.120 | Remaining Turns: 1 | TickDown: SUS, PERM | Target: SUS | Affects: ['ALL']
        ----------End of Buff List----------

        ----------Enemy Debuffs----------
        AshveilBaitShred | From: SUP1 | SHRED | Stacks: 1 | Value: 0.400 | Remaining Turns: 997 | Target: 1 | Targeting: ST | Affects: ['ALL'] | DOT: False | Blast: False
        MortenaxBladeUltVul | From: SUP2 | VULN | Stacks: 1 | Value: 0.500 | Remaining Turns: 2 | Target: 1 | Targeting: ST | Affects: ['ALL'] | DOT: False | Blast: False
        MortenaxBladeUltShred | From: SUP2 | SHRED | Stacks: 1 | Value: 0.300 | Remaining Turns: 2 | Target: 1 | Targeting: ST | Affects: ['ALL'] | DOT: False | Blast: False
        Enemy 1 LNG-break | From: DPS | SHOCK | Stacks: 1 | Value: 8414.001 | Remaining Turns: 2 | Target: 1 | Targeting: ST | Affects: ['ALL'] | DOT: True | Blast: False
        ----------End of Debuff List----------
        ----------Healing List----------
        ----------End of Healing List----------
    GAUGE  - Enemy 1 toughness reduced by 0.000
    RESULT - HuoHuoAllyERR | HuoHuo | SUS | DMG: 0.000 | ELADMG: 0.000 | Enemies Hit: [1] | Enemies Broken: [] | WB DMG: 0.000 | Energy: 1.354 | Amount HP Healed: 0.000 | Amount HP Lost: 0.000 | HuoHuo Energy: 70/140 | SP: 0 | MaxSP: 5)
ERR    > 8.000 energy added to Ashveil from AshveilTalentEnergy14 | Ashveil Energy: 100.333
ERR    > 9.955 energy added to MortenaxBlade from TutorialERR | MortenaxBlade Energy: 110.509
SPD    > Gilgamesh speed changed to 150.100 | NewAV: 60.152
AV     > MortenaxBlade AV reset to 64.503 | 155.032 SPD

<<< NEW TURN >>>
-   Enemy 1 AV: 0.000 ENERGY: 0.000 MaxHP: 5000000.000 CurrHp 4397984.828
-   Ashveil AV: 26.608 ENERGY: 100.333 MaxHP: 2729.320 CurrHp 2729.320
-   HuoHuo AV: 45.597 ENERGY: 69.526 MaxHP: 6139.808 CurrHp 6139.808
-   Gilgamesh AV: 49.855 ENERGY: 36.667 MaxHP: 3134.558 CurrHp 3134.558
-   MortenaxBlade AV: 54.206 ENERGY: 110.509 MaxHP: 4869.135 CurrHp 3074.881
-   Enemy 2 AV: 58.615 ENERGY: 0.000 MaxHP: 2000000.000 CurrHp 1119301.905
-   Enemy 0 AV: 58.615 ENERGY: 0.000 MaxHP: 2000000.000 CurrHp 191314.233
-   InfiniteFury AV: 124.549 ENERGY: 0.000 MaxHP: 0.000 CurrHp 0.000

Combat context set: 3 enemies, 4 players
Combat context initialized: 3 enemies, Elation team size: 0
ACTION > [ENEMY] TotalAV: 268.308 | TurnAV: 10.297 | Enemy 1 | 1 attacks
MortenaxBlade has obtained 1 Charge. Current Charge count: 5.
    CharEnergy - Gilgamesh: Hit 5.000 Total: 41.667 | Ashveil: Hit 5.000 Total: 105.333 | MortenaxBlade: Hit 8.333 Total: 120.879 | HuoHuo: Hit 1.667 Total: 71.783 |
    ENEMY  - Enemy 2 [aoe] dealt 255.9 to Ashveil (energy: 3.3, DEF: 2076, atkMul: 1.00, dmgMul: 1.00) | HP: 2473/2729
    ENEMY  - Enemy 2 [aoe] dealt 247.6 to Gilgamesh (energy: 3.3, DEF: 2185, atkMul: 1.00, dmgMul: 1.00) | HP: 2887/3135
    ENEMY  - Enemy 2 [aoe] dealt 129.2 to MortenaxBlade (energy: 3.3, DEF: 2045, atkMul: 1.00, dmgMul: 1.00) | HP: 2946/4869
    ENEMY  - Enemy 2 [aoe] dealt 123.8 to Gilgamesh (energy: 1.7, DEF: 2185, atkMul: 1.00, dmgMul: 1.00) | HP: 2763/3135
    ENEMY  - Enemy 2 [aoe] dealt 128.0 to Ashveil (energy: 1.7, DEF: 2076, atkMul: 1.00, dmgMul: 1.00) | HP: 2345/2729
    ENEMY  - Enemy 2 [aoe] dealt 64.6 to MortenaxBlade (energy: 1.7, DEF: 2045, atkMul: 1.00, dmgMul: 1.00) | HP: 2881/4869
    ENEMY  - Enemy 2 [aoe] dealt 116.0 to HuoHuo (energy: 1.7, DEF: 2410, atkMul: 1.00, dmgMul: 1.00) | HP: 6024/6140
    ENEMY  - Enemy 2 [aoe] dealt 129.2 to MortenaxBlade (energy: 3.3, DEF: 2045, atkMul: 1.00, dmgMul: 1.00) | HP: 2752/4869
MortenaxBlade has obtained 1 Charge. Current Charge count: 6.
MortenaxBlade useHit produced 2 debuffs
    DEBUFF - Enemy 1 took 11358.902 Debuff damage from Enemy 1 LNG-break
AV     > Enemy 1 AV reset to 63.131 | 158.400 SPD

<<< NEW TURN >>>
-   Ashveil AV: 0.000 ENERGY: 105.333 MaxHP: 2729.320 CurrHp 2345.443
-   HuoHuo AV: 18.990 ENERGY: 71.783 MaxHP: 6139.808 CurrHp 6023.837
-   Gilgamesh AV: 23.248 ENERGY: 41.667 MaxHP: 3134.558 CurrHp 2763.219
-   MortenaxBlade AV: 27.598 ENERGY: 120.879 MaxHP: 4869.135 CurrHp 2751.887
-   Enemy 2 AV: 32.007 ENERGY: 0.000 MaxHP: 2000000.000 CurrHp 1119301.905
-   Enemy 0 AV: 32.007 ENERGY: 0.000 MaxHP: 2000000.000 CurrHp 191314.233
-   Enemy 1 AV: 36.524 ENERGY: 0.000 MaxHP: 5000000.000 CurrHp 4397984.828
-   InfiniteFury AV: 97.941 ENERGY: 0.000 MaxHP: 0.000 CurrHp 0.000

Combat context set: 3 enemies, 4 players
Combat context initialized: 3 enemies, Elation team size: 0
ACTION > [CHAR] TotalAV: 294.916 | TurnAV: 26.608 | Ashveil | E-move
        Buff CruisingLowHPCR expired
Ashveil has obtained 1 gluttony stack from Skill.
    TURN   - AshveilSkill | Ashveil | SUP1 | ST attack | ['LNG'] | ['SKL'] | Scaling: ATK | TargetID: 0 | DMG/BREAK Splits: [3.0, 0]/[20, 0] | Energy Gained: 30 | SP Change: 0

        ----------Char Buffs----------
        GilgameshTrace3ATK | ATK% | Stacks: 1 | Value: 0.200 | Remaining Turns: 1 | TickDown: SUP1, PERM | Target: SUP1 | Affects: ['ALL']
        GilgameshTrace3CD | CD% | Stacks: 1 | Value: 0.200 | Remaining Turns: 1 | TickDown: SUP1, PERM | Target: SUP1 | Affects: ['ALL']
        CruisingBaseCR | CR% | Stacks: 1 | Value: 0.160 | Remaining Turns: 1 | TickDown: SUP1, PERM | Target: SUP1 | Affects: ['ALL']
        AshveilTraceCD | CD% | Stacks: 1 | Value: 0.373 | Remaining Turns: 1 | TickDown: SUP1, PERM | Target: SUP1 | Affects: ['ALL']
        AshveilTraceATK | ATK% | Stacks: 1 | Value: 0.100 | Remaining Turns: 1 | TickDown: SUP1, PERM | Target: SUP1 | Affects: ['ALL']
        AshveilTraceDMG | DMG% | Stacks: 1 | Value: 0.144 | Remaining Turns: 1 | TickDown: SUP1, PERM | Target: SUP1 | Affects: ['ALL']
        AshveilTrace3CD | CD% | Stacks: 1 | Value: 0.400 | Remaining Turns: 1 | TickDown: SUP1, PERM | Target: SUP1 | Affects: ['ALL']
        KeelCD(SUS) | CD% | Stacks: 1 | Value: 0.100 | Remaining Turns: 1 | TickDown: SUP1, PERM | Target: SUP1 | Affects: ['ALL']
        GilgameshTrace3AllyATK | ATK% | Stacks: 1 | Value: 0.100 | Remaining Turns: 1 | TickDown: SUP1, PERM | Target: SUP1 | Affects: ['ALL']
        GilgameshTrace3AllyCD | CD% | Stacks: 1 | Value: 0.100 | Remaining Turns: 1 | TickDown: SUP1, PERM | Target: SUP1 | Affects: ['ALL']
        MasterSmithComburent | DMG% | Stacks: 1 | Value: 0.150 | Remaining Turns: 2 | TickDown: SUP1, END | Target: SUP1 | Affects: ['ALL']
        DukeATK | ATK% | Stacks: 1 | Value: 0.480 | Remaining Turns: 3 | TickDown: SUP1, END | Target: SUP1 | Affects: ['ALL']
        ConvergingStarsATK | ATK% | Stacks: 1 | Value: 0.240 | Remaining Turns: 2 | TickDown: SUP1, END | Target: SUP1 | Affects: ['ALL']
        MortenaxBladeDMGBoost | DMG% | Stacks: 1 | Value: 0.500 | Remaining Turns: 1 | TickDown: SUP1, PERM | Target: SUP1 | Affects: ['ALL']
        WarriorGoddessHealCD | CD% | Stacks: 1 | Value: 0.150 | Remaining Turns: 1 | TickDown: SUP1, START | Target: SUP1 | Affects: ['ALL']
        CruisingKillATK | ATK% | Stacks: 1 | Value: 0.400 | Remaining Turns: 1 | TickDown: SUP1, END | Target: SUP1 | Affects: ['ALL']
        ConvergingStarsCD | CD% | Stacks: 1 | Value: 0.120 | Remaining Turns: 1 | TickDown: SUP1, PERM | Target: SUP1 | Affects: ['ALL']
        ----------End of Buff List----------

        ----------Enemy Debuffs----------
        AshveilBaitShred | From: SUP1 | SHRED | Stacks: 1 | Value: 0.400 | Remaining Turns: 997 | Target: 0 | Targeting: ST | Affects: ['ALL'] | DOT: False | Blast: False
        MortenaxBladeUltVul | From: SUP2 | VULN | Stacks: 1 | Value: 0.500 | Remaining Turns: 2 | Target: 0 | Targeting: ST | Affects: ['ALL'] | DOT: False | Blast: False
        MortenaxBladeUltShred | From: SUP2 | SHRED | Stacks: 1 | Value: 0.300 | Remaining Turns: 2 | Target: 0 | Targeting: ST | Affects: ['ALL'] | DOT: False | Blast: False
        ----------End of Debuff List----------
        ----------Healing List----------
        ----------End of Healing List----------
    GAUGE  - Enemy 0 toughness reduced by 20.000
    RESULT - AshveilSkill | Ashveil | SUP1 | DMG: 87991.487 | ELADMG: 0.000 | Enemies Hit: [0] | Enemies Broken: [] | WB DMG: 0.000 | Energy: 30.000 | Amount HP Healed: 0.000 | Amount HP Lost: 0.000 | Ashveil Energy: 135/150 | SP: 0 | MaxSP: 5)
Gilgamesh Obtained 1 Interest from Teammate, Current count: 6
MortenaxBlade has obtained 1 Charge. Current Charge count: 7.
    TURN   - HuoHuoAllyERR | HuoHuo | SUS | NA attack | ['WIN'] | ['SPECIAL'] | Scaling: HP | TargetID: 1 | DMG/BREAK Splits: [0, 0]/[0, 0] | Energy Gained: 1 | SP Change: 0

        ----------Char Buffs----------
        GilgameshTrace3ATK | ATK% | Stacks: 1 | Value: 0.200 | Remaining Turns: 1 | TickDown: SUS, PERM | Target: SUS | Affects: ['ALL']
        GilgameshTrace3CD | CD% | Stacks: 1 | Value: 0.200 | Remaining Turns: 1 | TickDown: SUS, PERM | Target: SUS | Affects: ['ALL']
        AshveilTrace3CD | CD% | Stacks: 1 | Value: 0.400 | Remaining Turns: 1 | TickDown: SUP1, PERM | Target: SUS | Affects: ['ALL']
        PostOpERR | ERR% | Stacks: 1 | Value: 0.160 | Remaining Turns: 1 | TickDown: SUS, PERM | Target: SUS | Affects: ['ALL']
        WarriorGoddessSPD | SPD% | Stacks: 1 | Value: 0.060 | Remaining Turns: 1 | TickDown: SUS, PERM | Target: SUS | Affects: ['ALL']
        KeelEFFRES | ERS% | Stacks: 1 | Value: 0.100 | Remaining Turns: 1 | TickDown: SUS, PERM | Target: SUS | Affects: ['ALL']
        KeelCD(SUS) | CD% | Stacks: 1 | Value: 0.100 | Remaining Turns: 1 | TickDown: SUS, PERM | Target: SUS | Affects: ['ALL']
        HHTraceHP | HP% | Stacks: 1 | Value: 0.280 | Remaining Turns: 1 | TickDown: SUS, PERM | Target: SUS | Affects: ['ALL']
        HHTraceERS | ERS% | Stacks: 1 | Value: 0.180 | Remaining Turns: 1 | TickDown: SUS, PERM | Target: SUS | Affects: ['ALL']
        HHTraceSPD | SPD | Stacks: 1 | Value: 5.000 | Remaining Turns: 1 | TickDown: SUS, PERM | Target: SUS | Affects: ['ALL']
        MasterSmithComburent | DMG% | Stacks: 1 | Value: 0.150 | Remaining Turns: 2 | TickDown: SUS, END | Target: SUS | Affects: ['ALL']
        MortenaxBladeDMGBoost | DMG% | Stacks: 1 | Value: 0.500 | Remaining Turns: 1 | TickDown: SUS, PERM | Target: SUS | Affects: ['ALL']
        WarriorGoddessHealSPD | SPD% | Stacks: 1 | Value: 0.060 | Remaining Turns: 2 | TickDown: SUS, START | Target: SUS | Affects: ['ALL']
        WarriorGoddessHealCD | CD% | Stacks: 1 | Value: 0.150 | Remaining Turns: 2 | TickDown: SUS, START | Target: SUS | Affects: ['ALL']
        ConvergingStarsCD | CD% | Stacks: 1 | Value: 0.120 | Remaining Turns: 1 | TickDown: SUS, PERM | Target: SUS | Affects: ['ALL']
        ----------End of Buff List----------

        ----------Enemy Debuffs----------
        AshveilBaitShred | From: SUP1 | SHRED | Stacks: 1 | Value: 0.400 | Remaining Turns: 996 | Target: 1 | Targeting: ST | Affects: ['ALL'] | DOT: False | Blast: False
        MortenaxBladeUltVul | From: SUP2 | VULN | Stacks: 1 | Value: 0.500 | Remaining Turns: 1 | Target: 1 | Targeting: ST | Affects: ['ALL'] | DOT: False | Blast: False
        MortenaxBladeUltShred | From: SUP2 | SHRED | Stacks: 1 | Value: 0.300 | Remaining Turns: 1 | Target: 1 | Targeting: ST | Affects: ['ALL'] | DOT: False | Blast: False
        Enemy 1 LNG-break | From: DPS | SHOCK | Stacks: 1 | Value: 8414.001 | Remaining Turns: 1 | Target: 1 | Targeting: ST | Affects: ['ALL'] | DOT: True | Blast: False
        ----------End of Debuff List----------
        ----------Healing List----------
        HuoHuoTalentHealingScaling | Targeting: Targeting.SINGLE | Healing Value: [0] | Target: ALL
        HuoHuoTalentHealingScaling | Targeting: Targeting.SINGLE | Healing Value: [0.045] | Target: ALL
        HuoHuoTalentHealingScaling | Targeting: Targeting.SINGLE | Healing Value: [0] | Target: ALL
        HuoHuoTalentHealingScaling | Targeting: Targeting.SINGLE | Healing Value: [0] | Target: ALL
        HuoHuoTalentHealingFlat | Targeting: Targeting.SINGLE | Healing Value: [0] | Target: ALL
        HuoHuoTalentHealingFlat | Targeting: Targeting.SINGLE | Healing Value: [120] | Target: ALL
        HuoHuoTalentHealingFlat | Targeting: Targeting.SINGLE | Healing Value: [0] | Target: ALL
        HuoHuoTalentHealingFlat | Targeting: Targeting.SINGLE | Healing Value: [0] | Target: ALL
        ----------End of Healing List----------
    GAUGE  - Enemy 1 toughness reduced by 0.000
    RESULT - HuoHuoAllyERR | HuoHuo | SUS | DMG: 0.000 | ELADMG: 0.000 | Enemies Hit: [1] | Enemies Broken: [] | WB DMG: 0.000 | Energy: 1.354 | Amount HP Healed: 371.779 | Amount HP Lost: 0.000 | HuoHuo Energy: 73/140 | SP: 0 | MaxSP: 5)
        Buff CruisingKillATK expired
        Buff AshveilTrace2GluttonyDMG expired
SPD    > Gilgamesh speed changed to 159.800 | NewAV: 21.837
AV     > Ashveil AV reset to 73.729 | 135.632 SPD

<<< NEW TURN >>>
-   HuoHuo AV: 0.000 ENERGY: 73.137 MaxHP: 6139.808 CurrHp 6023.837
-   Gilgamesh AV: 2.847 ENERGY: 41.667 MaxHP: 3134.558 CurrHp 2763.219
-   MortenaxBlade AV: 8.609 ENERGY: 120.879 MaxHP: 4869.135 CurrHp 2751.887
-   Enemy 2 AV: 13.018 ENERGY: 0.000 MaxHP: 2000000.000 CurrHp 1119301.905
-   Enemy 0 AV: 13.018 ENERGY: 0.000 MaxHP: 2000000.000 CurrHp 103322.746
-   Enemy 1 AV: 17.534 ENERGY: 0.000 MaxHP: 5000000.000 CurrHp 4397984.828
-   Ashveil AV: 54.739 ENERGY: 135.333 MaxHP: 2729.320 CurrHp 2717.223
-   InfiniteFury AV: 78.952 ENERGY: 0.000 MaxHP: 0.000 CurrHp 0.000

Combat context set: 3 enemies, 4 players
Combat context initialized: 3 enemies, Elation team size: 0
ACTION > [CHAR] TotalAV: 313.905 | TurnAV: 18.990 | HuoHuo | E-move
    TURN   - HuoHuoSkill | HuoHuo | SUS | NA attack | ['WIN'] | ['SKL'] | Scaling: HP | TargetID: -1 | DMG/BREAK Splits: [0, 0]/[0, 0] | Energy Gained: 30 | SP Change: -1

        ----------Char Buffs----------
        GilgameshTrace3ATK | ATK% | Stacks: 1 | Value: 0.200 | Remaining Turns: 1 | TickDown: SUS, PERM | Target: SUS | Affects: ['ALL']
        GilgameshTrace3CD | CD% | Stacks: 1 | Value: 0.200 | Remaining Turns: 1 | TickDown: SUS, PERM | Target: SUS | Affects: ['ALL']
        AshveilTrace3CD | CD% | Stacks: 1 | Value: 0.400 | Remaining Turns: 1 | TickDown: SUP1, PERM | Target: SUS | Affects: ['ALL']
        PostOpERR | ERR% | Stacks: 1 | Value: 0.160 | Remaining Turns: 1 | TickDown: SUS, PERM | Target: SUS | Affects: ['ALL']
        WarriorGoddessSPD | SPD% | Stacks: 1 | Value: 0.060 | Remaining Turns: 1 | TickDown: SUS, PERM | Target: SUS | Affects: ['ALL']
        KeelEFFRES | ERS% | Stacks: 1 | Value: 0.100 | Remaining Turns: 1 | TickDown: SUS, PERM | Target: SUS | Affects: ['ALL']
        KeelCD(SUS) | CD% | Stacks: 1 | Value: 0.100 | Remaining Turns: 1 | TickDown: SUS, PERM | Target: SUS | Affects: ['ALL']
        HHTraceHP | HP% | Stacks: 1 | Value: 0.280 | Remaining Turns: 1 | TickDown: SUS, PERM | Target: SUS | Affects: ['ALL']
        HHTraceERS | ERS% | Stacks: 1 | Value: 0.180 | Remaining Turns: 1 | TickDown: SUS, PERM | Target: SUS | Affects: ['ALL']
        HHTraceSPD | SPD | Stacks: 1 | Value: 5.000 | Remaining Turns: 1 | TickDown: SUS, PERM | Target: SUS | Affects: ['ALL']
        MasterSmithComburent | DMG% | Stacks: 1 | Value: 0.150 | Remaining Turns: 2 | TickDown: SUS, END | Target: SUS | Affects: ['ALL']
        MortenaxBladeDMGBoost | DMG% | Stacks: 1 | Value: 0.500 | Remaining Turns: 1 | TickDown: SUS, PERM | Target: SUS | Affects: ['ALL']
        WarriorGoddessHealSPD | SPD% | Stacks: 1 | Value: 0.060 | Remaining Turns: 1 | TickDown: SUS, START | Target: SUS | Affects: ['ALL']
        WarriorGoddessHealCD | CD% | Stacks: 1 | Value: 0.150 | Remaining Turns: 1 | TickDown: SUS, START | Target: SUS | Affects: ['ALL']
        ConvergingStarsCD | CD% | Stacks: 1 | Value: 0.120 | Remaining Turns: 1 | TickDown: SUS, PERM | Target: SUS | Affects: ['ALL']
        ----------End of Buff List----------

        ----------Enemy Debuffs----------
        ----------End of Debuff List----------
        ----------Healing List----------
        HuoHuoSkillHealingScaling | Targeting: Targeting.BLAST | Healing Value: [0.24] | Target: ALL
        HuoHuoSkillHealingScaling | Targeting: Targeting.BLAST | Healing Value: [0.24] | Target: ALL
        HuoHuoSkillHealingScaling | Targeting: Targeting.BLAST | Healing Value: [0.24] | Target: ALL
        HuoHuoSkillHealingScaling | Targeting: Targeting.BLAST | Healing Value: [0.24] | Target: ALL
        HuoHuoSkillHealingScaling | Targeting: Targeting.BLAST | Healing Value: [0.24] | Target: ALL
        HuoHuoSkillHealingScaling | Targeting: Targeting.BLAST | Healing Value: [0.24] | Target: ALL
        HuoHuoSkillHealingFlat | Targeting: Targeting.BLAST | Healing Value: [640] | Target: ALL
        HuoHuoSkillHealingFlat | Targeting: Targeting.BLAST | Healing Value: [640] | Target: ALL
        HuoHuoSkillHealingFlat | Targeting: Targeting.BLAST | Healing Value: [640] | Target: ALL
        HuoHuoSkillHealingFlat | Targeting: Targeting.BLAST | Healing Value: [640] | Target: ALL
        HuoHuoSkillHealingFlat | Targeting: Targeting.BLAST | Healing Value: [640] | Target: ALL
        HuoHuoSkillHealingFlat | Targeting: Targeting.BLAST | Healing Value: [640] | Target: ALL
        ----------End of Healing List----------
    GAUGE  - Enemy 0 toughness reduced by 0.000
    RESULT - HuoHuoSkill | HuoHuo | SUS | DMG: 0.000 | ELADMG: 0.000 | Enemies Hit: [0] | Enemies Broken: [] | WB DMG: 0.000 | Energy: 40.632 | Amount HP Healed: 7931.292 | Amount HP Lost: 0.000 | HuoHuo Energy: 114/140 | SP: 0 | MaxSP: 5)
Gilgamesh Obtained 1 Interest from Teammate, Current count: 7
SPD    > Gilgamesh speed changed to 169.500 | NewAV: 2.684
AV     > HuoHuo AV reset to 62.308 | 160.492 SPD

<<< NEW TURN >>>
-   Gilgamesh AV: 0.000 ENERGY: 41.667 MaxHP: 3134.558 CurrHp 3134.558
-   MortenaxBlade AV: 5.925 ENERGY: 120.879 MaxHP: 4869.135 CurrHp 4734.710
-   Enemy 2 AV: 10.334 ENERGY: 0.000 MaxHP: 2000000.000 CurrHp 1119301.905
-   Enemy 0 AV: 10.334 ENERGY: 0.000 MaxHP: 2000000.000 CurrHp 103322.746
-   Enemy 1 AV: 14.850 ENERGY: 0.000 MaxHP: 5000000.000 CurrHp 4397984.828
-   Ashveil AV: 52.055 ENERGY: 135.333 MaxHP: 2729.320 CurrHp 2729.320
-   HuoHuo AV: 59.624 ENERGY: 113.769 MaxHP: 6139.808 CurrHp 6139.808
-   InfiniteFury AV: 76.268 ENERGY: 0.000 MaxHP: 0.000 CurrHp 0.000

Combat context set: 3 enemies, 4 players
Combat context initialized: 3 enemies, Elation team size: 0
ACTION > [CHAR] TotalAV: 316.589 | TurnAV: 2.684 | Gilgamesh | E-move
        Buff ScholarBonusDMG expired
Gilgamesh JointCounter increased by one, current count: 7
    TURN   - GilgameshSkill | Gilgamesh | DPS | BLAST attack | ['LNG'] | ['SKL'] | Scaling: ATK | TargetID: 1 | DMG/BREAK Splits: [2.8, 1.4]/[20, 10] | Energy Gained: 30 | SP Change: 0

        ----------Char Buffs----------
        ScholarCR | CR% | Stacks: 1 | Value: 0.080 | Remaining Turns: 1 | TickDown: DPS, PERM | Target: DPS | Affects: ['ALL']
        ScholarDMG | DMG% | Stacks: 1 | Value: 0.200 | Remaining Turns: 1 | TickDown: DPS, PERM | Target: DPS | Affects: ['SKL', 'ULT']
        GilgameshTraceATK | ATK | Stacks: 1 | Value: 0.180 | Remaining Turns: 1 | TickDown: DPS, PERM | Target: DPS | Affects: ['ALL']
        GilgameshTraceCR | CR% | Stacks: 1 | Value: 0.187 | Remaining Turns: 1 | TickDown: DPS, PERM | Target: DPS | Affects: ['ALL']
        GilgameshTraceDMG | DMG% | Stacks: 1 | Value: 0.080 | Remaining Turns: 1 | TickDown: DPS, PERM | Target: DPS | Affects: ['ALL']
        GilgameshTrace3ATK | ATK% | Stacks: 1 | Value: 0.200 | Remaining Turns: 1 | TickDown: DPS, PERM | Target: DPS | Affects: ['ALL']
        GilgameshTrace3CD | CD% | Stacks: 1 | Value: 0.200 | Remaining Turns: 1 | TickDown: DPS, PERM | Target: DPS | Affects: ['ALL']
        GilgameshTrace3SelfATK | ATK% | Stacks: 1 | Value: 1.000 | Remaining Turns: 1 | TickDown: DPS, PERM | Target: DPS | Affects: ['ALL']
        GilgameshTrace3SelfCD | CD% | Stacks: 1 | Value: 1.000 | Remaining Turns: 1 | TickDown: DPS, PERM | Target: DPS | Affects: ['ALL']
        AshveilTrace3CD | CD% | Stacks: 1 | Value: 0.400 | Remaining Turns: 1 | TickDown: SUP1, PERM | Target: DPS | Affects: ['ALL']
        LushakaATK(SUP2) | ATK% | Stacks: 1 | Value: 0.120 | Remaining Turns: 1 | TickDown: DPS, PERM | Target: DPS | Affects: ['ALL']
        KeelCD(SUS) | CD% | Stacks: 1 | Value: 0.100 | Remaining Turns: 1 | TickDown: DPS, PERM | Target: DPS | Affects: ['ALL']
        CosmicLifeDMG | DMG% | Stacks: 1 | Value: 0.320 | Remaining Turns: 1 | TickDown: DPS, PERM | Target: DPS | Affects: ['ALL']
        Trace2CDExtra | CD% | Stacks: 1 | Value: 1.500 | Remaining Turns: 1 | TickDown: DPS, PERM | Target: DPS | Affects: ['ALL']
        GilgameshInterestSPD | SPD% | Stacks: 1 | Value: 0.700 | Remaining Turns: 1 | TickDown: SUP2, PERM | Target: DPS | Affects: ['ALL']
        MasterSmithComburent | DMG% | Stacks: 1 | Value: 0.150 | Remaining Turns: 2 | TickDown: DPS, END | Target: DPS | Affects: ['ALL']
        MortenaxBladeDMGBoost | DMG% | Stacks: 1 | Value: 0.500 | Remaining Turns: 1 | TickDown: DPS, PERM | Target: DPS | Affects: ['ALL']
        WarriorGoddessHealCD | CD% | Stacks: 1 | Value: 0.150 | Remaining Turns: 1 | TickDown: DPS, START | Target: DPS | Affects: ['ALL']
        GilgameshSKLShred | SHRED | Stacks: 1 | Value: 0.300 | Remaining Turns: 3 | TickDown: DPS, END | Target: DPS | Affects: ['ALL']
        AeonATK | ATK% | Stacks: 1 | Value: 0.640 | Remaining Turns: 1 | TickDown: DPS, PERM | Target: DPS | Affects: ['ALL']
        ConvergingStarsCD | CD% | Stacks: 1 | Value: 0.120 | Remaining Turns: 1 | TickDown: DPS, PERM | Target: DPS | Affects: ['ALL']
        HuoHuoUltATK | ATK% | Stacks: 1 | Value: 0.400 | Remaining Turns: 1 | TickDown: DPS, END | Target: DPS | Affects: ['ALL']
        HuoHuoUltExtraATK | ATK% | Stacks: 1 | Value: 0.240 | Remaining Turns: 1 | TickDown: DPS, END | Target: DPS | Affects: ['ALL']
        AeonDMG | DMG% | Stacks: 1 | Value: 0.240 | Remaining Turns: 1 | TickDown: DPS, END | Target: DPS | Affects: ['ALL']
        ----------End of Buff List----------

        ----------Enemy Debuffs----------
        AshveilBaitShred | From: SUP1 | SHRED | Stacks: 1 | Value: 0.400 | Remaining Turns: 996 | Target: 1 | Targeting: ST | Affects: ['ALL'] | DOT: False | Blast: False
        MortenaxBladeUltVul | From: SUP2 | VULN | Stacks: 1 | Value: 0.500 | Remaining Turns: 1 | Target: 1 | Targeting: ST | Affects: ['ALL'] | DOT: False | Blast: False
        MortenaxBladeUltShred | From: SUP2 | SHRED | Stacks: 1 | Value: 0.300 | Remaining Turns: 1 | Target: 1 | Targeting: ST | Affects: ['ALL'] | DOT: False | Blast: False
        Enemy 1 LNG-break | From: DPS | SHOCK | Stacks: 1 | Value: 8414.001 | Remaining Turns: 1 | Target: 1 | Targeting: ST | Affects: ['ALL'] | DOT: True | Blast: False
        ----------End of Debuff List----------
        ----------Healing List----------
        ----------End of Healing List----------
    GAUGE  - Enemy 1 toughness reduced by 20.000
    KILL   - Gilgamesh killed Enemy 0 (overkill: 135832.7)
    SPAWN  - Enemy 0 respawned at full HP, AV set to 0
    GAUGE  - Enemy 0 toughness reduced by 10.000
    GAUGE  - Enemy 2 toughness reduced by 10.000
    RESULT - GilgameshSkill | Gilgamesh | DPS | DMG: 739800.988 | ELADMG: 0.000 | Enemies Hit: [1, 0, 2] | Enemies Broken: [0] | WB DMG: 18931.503 | Energy: 30.000 | Amount HP Healed: 0.000 | Amount HP Lost: 0.000 | Gilgamesh Energy: 72/360 | SP: 0 | MaxSP: 5)
MortenaxBlade has obtained 1 Charge. Current Charge count: 8.
    TURN   - HuoHuoAllyERR | HuoHuo | SUS | NA attack | ['WIN'] | ['SPECIAL'] | Scaling: HP | TargetID: 1 | DMG/BREAK Splits: [0, 0]/[0, 0] | Energy Gained: 1 | SP Change: 0

        ----------Char Buffs----------
        GilgameshTrace3ATK | ATK% | Stacks: 1 | Value: 0.200 | Remaining Turns: 1 | TickDown: SUS, PERM | Target: SUS | Affects: ['ALL']
        GilgameshTrace3CD | CD% | Stacks: 1 | Value: 0.200 | Remaining Turns: 1 | TickDown: SUS, PERM | Target: SUS | Affects: ['ALL']
        AshveilTrace3CD | CD% | Stacks: 1 | Value: 0.400 | Remaining Turns: 1 | TickDown: SUP1, PERM | Target: SUS | Affects: ['ALL']
        PostOpERR | ERR% | Stacks: 1 | Value: 0.160 | Remaining Turns: 1 | TickDown: SUS, PERM | Target: SUS | Affects: ['ALL']
        WarriorGoddessSPD | SPD% | Stacks: 1 | Value: 0.060 | Remaining Turns: 1 | TickDown: SUS, PERM | Target: SUS | Affects: ['ALL']
        KeelEFFRES | ERS% | Stacks: 1 | Value: 0.100 | Remaining Turns: 1 | TickDown: SUS, PERM | Target: SUS | Affects: ['ALL']
        KeelCD(SUS) | CD% | Stacks: 1 | Value: 0.100 | Remaining Turns: 1 | TickDown: SUS, PERM | Target: SUS | Affects: ['ALL']
        HHTraceHP | HP% | Stacks: 1 | Value: 0.280 | Remaining Turns: 1 | TickDown: SUS, PERM | Target: SUS | Affects: ['ALL']
        HHTraceERS | ERS% | Stacks: 1 | Value: 0.180 | Remaining Turns: 1 | TickDown: SUS, PERM | Target: SUS | Affects: ['ALL']
        HHTraceSPD | SPD | Stacks: 1 | Value: 5.000 | Remaining Turns: 1 | TickDown: SUS, PERM | Target: SUS | Affects: ['ALL']
        MasterSmithComburent | DMG% | Stacks: 1 | Value: 0.150 | Remaining Turns: 1 | TickDown: SUS, END | Target: SUS | Affects: ['ALL']
        MortenaxBladeDMGBoost | DMG% | Stacks: 1 | Value: 0.500 | Remaining Turns: 1 | TickDown: SUS, PERM | Target: SUS | Affects: ['ALL']
        WarriorGoddessHealSPD | SPD% | Stacks: 1 | Value: 0.060 | Remaining Turns: 2 | TickDown: SUS, START | Target: SUS | Affects: ['ALL']
        WarriorGoddessHealCD | CD% | Stacks: 1 | Value: 0.150 | Remaining Turns: 2 | TickDown: SUS, START | Target: SUS | Affects: ['ALL']
        ConvergingStarsCD | CD% | Stacks: 1 | Value: 0.120 | Remaining Turns: 1 | TickDown: SUS, PERM | Target: SUS | Affects: ['ALL']
        ----------End of Buff List----------

        ----------Enemy Debuffs----------
        AshveilBaitShred | From: SUP1 | SHRED | Stacks: 1 | Value: 0.400 | Remaining Turns: 996 | Target: 1 | Targeting: ST | Affects: ['ALL'] | DOT: False | Blast: False
        MortenaxBladeUltVul | From: SUP2 | VULN | Stacks: 1 | Value: 0.500 | Remaining Turns: 2 | Target: 1 | Targeting: ST | Affects: ['ALL'] | DOT: False | Blast: False
        MortenaxBladeUltShred | From: SUP2 | SHRED | Stacks: 1 | Value: 0.300 | Remaining Turns: 2 | Target: 1 | Targeting: ST | Affects: ['ALL'] | DOT: False | Blast: False
        Enemy 1 LNG-break | From: DPS | SHOCK | Stacks: 1 | Value: 8414.001 | Remaining Turns: 1 | Target: 1 | Targeting: ST | Affects: ['ALL'] | DOT: True | Blast: False
        ----------End of Debuff List----------
        ----------Healing List----------
        HuoHuoTalentHealingScaling | Targeting: Targeting.SINGLE | Healing Value: [0] | Target: ALL
        HuoHuoTalentHealingScaling | Targeting: Targeting.SINGLE | Healing Value: [0.045] | Target: ALL
        HuoHuoTalentHealingScaling | Targeting: Targeting.SINGLE | Healing Value: [0] | Target: ALL
        HuoHuoTalentHealingScaling | Targeting: Targeting.SINGLE | Healing Value: [0] | Target: ALL
        HuoHuoTalentHealingFlat | Targeting: Targeting.SINGLE | Healing Value: [0] | Target: ALL
        HuoHuoTalentHealingFlat | Targeting: Targeting.SINGLE | Healing Value: [120] | Target: ALL
        HuoHuoTalentHealingFlat | Targeting: Targeting.SINGLE | Healing Value: [0] | Target: ALL
        HuoHuoTalentHealingFlat | Targeting: Targeting.SINGLE | Healing Value: [0] | Target: ALL
        ----------End of Healing List----------
    GAUGE  - Enemy 1 toughness reduced by 0.000
    RESULT - HuoHuoAllyERR | HuoHuo | SUS | DMG: 0.000 | ELADMG: 0.000 | Enemies Hit: [1] | Enemies Broken: [] | WB DMG: 0.000 | Energy: 1.354 | Amount HP Healed: 371.779 | Amount HP Lost: 0.000 | HuoHuo Energy: 115/140 | SP: 0 | MaxSP: 5)
ERR    > 8.000 energy added to Ashveil from AshveilTalentEnergy15 | Ashveil Energy: 143.333
        Buff HuoHuoUltATK expired
        Buff HuoHuoUltExtraATK expired
SPD    > Gilgamesh speed changed to 101.600 | NewAV: 0.000
AV     > Gilgamesh AV reset to 98.425 | 101.600 SPD
DELAY  > Enemy 0 delayed by 25.0% from STDBreakDelay | NewAV: 29.564

<<< NEW TURN >>>
-   MortenaxBlade AV: 0.000 ENERGY: 120.879 MaxHP: 4869.135 CurrHp 4734.710
-   Enemy 2 AV: 4.409 ENERGY: 0.000 MaxHP: 2000000.000 CurrHp 934351.658
-   Enemy 1 AV: 8.925 ENERGY: 0.000 MaxHP: 5000000.000 CurrHp 4028084.334
-   Enemy 0 AV: 23.640 ENERGY: 0.000 MaxHP: 2000000.000 CurrHp 2000000.000
-   Ashveil AV: 46.131 ENERGY: 143.333 MaxHP: 2729.320 CurrHp 2729.320
-   HuoHuo AV: 53.700 ENERGY: 115.123 MaxHP: 6139.808 CurrHp 6139.808
-   InfiniteFury AV: 70.343 ENERGY: 0.000 MaxHP: 0.000 CurrHp 0.000
-   Gilgamesh AV: 92.500 ENERGY: 71.667 MaxHP: 3134.558 CurrHp 3134.558

Combat context set: 3 enemies, 4 players
Combat context initialized: 3 enemies, Elation team size: 0
ACTION > [CHAR] TotalAV: 322.514 | TurnAV: 5.925 | MortenaxBlade | E-move
MortenaxBlade has obtained 1 Charge. Current Charge count: 9.
    TURN   - MortenaxBladeAOESkill | MortenaxBlade | SUP2 | AOE attack | ['FIR'] | ['SKL'] | Scaling: HP | TargetID: 1 | DMG/BREAK Splits: [0.72, 0]/[10, 0] | Energy Gained: 30 | SP Change: 0

        ----------Char Buffs----------
        GilgameshTrace3ATK | ATK% | Stacks: 1 | Value: 0.200 | Remaining Turns: 1 | TickDown: SUP2, PERM | Target: SUP2 | Affects: ['ALL']
        GilgameshTrace3CD | CD% | Stacks: 1 | Value: 0.200 | Remaining Turns: 1 | TickDown: SUP2, PERM | Target: SUP2 | Affects: ['ALL']
        AshveilTrace3CD | CD% | Stacks: 1 | Value: 0.400 | Remaining Turns: 1 | TickDown: SUP1, PERM | Target: SUP2 | Affects: ['ALL']
        TutorialEHR | EHR% | Stacks: 1 | Value: 0.400 | Remaining Turns: 1 | TickDown: SUP2, PERM | Target: SUP2 | Affects: ['ALL']
        MasterSmithHP | HP% | Stacks: 1 | Value: 0.120 | Remaining Turns: 1 | TickDown: SUP2, PERM | Target: SUP2 | Affects: ['ALL']
        LushakaERR | ERR% | Stacks: 1 | Value: 0.050 | Remaining Turns: 1 | TickDown: SUP2, PERM | Target: SUP2 | Affects: ['ALL']
        MortenaxBladeTraceCR | CR% | Stacks: 1 | Value: 0.120 | Remaining Turns: 1 | TickDown: SUP2, PERM | Target: SUP2 | Affects: ['ALL']
        MortenaxBladeTraceHP | HP% | Stacks: 1 | Value: 0.100 | Remaining Turns: 1 | TickDown: SUP2, PERM | Target: SUP2 | Affects: ['ALL']
        MortenaxBladeTraceDMG | DMG% | Stacks: 1 | Value: 0.224 | Remaining Turns: 1 | TickDown: SUP2, PERM | Target: SUP2 | Affects: ['ALL']
        KeelCD(SUS) | CD% | Stacks: 1 | Value: 0.100 | Remaining Turns: 1 | TickDown: SUP2, PERM | Target: SUP2 | Affects: ['ALL']
        MasterSmithCD | CD% | Stacks: 1 | Value: 0.280 | Remaining Turns: 1 | TickDown: SUP2, PERM | Target: SUP2 | Affects: ['ALL']
        MasterSmithComburent | DMG% | Stacks: 1 | Value: 0.150 | Remaining Turns: 1 | TickDown: SUP2, END | Target: SUP2 | Affects: ['ALL']
        MortenaxBladeCRBoost | CR% | Stacks: 1 | Value: 0.200 | Remaining Turns: 1 | TickDown: SUP2, PERM | Target: SUP2 | Affects: ['ALL']
        MortenaxBladeCDBoost | CD% | Stacks: 1 | Value: 0.600 | Remaining Turns: 1 | TickDown: SUP2, PERM | Target: SUP2 | Affects: ['ALL']
        MortenaxBladeDMGReduction | DMG_REDUCTION | Stacks: 1 | Value: 0.500 | Remaining Turns: 1 | TickDown: SUP2, PERM | Target: SUP2 | Affects: ['ALL']
        MortenaxBladeDMGBoost | DMG% | Stacks: 1 | Value: 0.500 | Remaining Turns: 1 | TickDown: SUP2, PERM | Target: SUP2 | Affects: ['ALL']
        MortenaxBladeDMG | DMG% | Stacks: 1 | Value: 0.750 | Remaining Turns: 1 | TickDown: SUP2, PERM | Target: SUP2 | Affects: ['ALL']
        WarriorGoddessHealCD | CD% | Stacks: 1 | Value: 0.150 | Remaining Turns: 1 | TickDown: SUP2, START | Target: SUP2 | Affects: ['ALL']
        ConvergingStarsCD | CD% | Stacks: 1 | Value: 0.120 | Remaining Turns: 1 | TickDown: SUP2, PERM | Target: SUP2 | Affects: ['ALL']
        HuoHuoUltATK | ATK% | Stacks: 1 | Value: 0.400 | Remaining Turns: 1 | TickDown: SUP2, END | Target: SUP2 | Affects: ['ALL']
        HuoHuoUltExtraATK | ATK% | Stacks: 1 | Value: 0.240 | Remaining Turns: 1 | TickDown: SUP2, END | Target: SUP2 | Affects: ['ALL']
        ----------End of Buff List----------

        ----------Enemy Debuffs----------
        AshveilBaitShred | From: SUP1 | SHRED | Stacks: 1 | Value: 0.400 | Remaining Turns: 996 | Target: 1 | Targeting: ST | Affects: ['ALL'] | DOT: False | Blast: False
        MortenaxBladeUltVul | From: SUP2 | VULN | Stacks: 1 | Value: 0.500 | Remaining Turns: 2 | Target: 1 | Targeting: ST | Affects: ['ALL'] | DOT: False | Blast: False
        MortenaxBladeUltShred | From: SUP2 | SHRED | Stacks: 1 | Value: 0.300 | Remaining Turns: 2 | Target: 1 | Targeting: ST | Affects: ['ALL'] | DOT: False | Blast: False
        Enemy 1 LNG-break | From: DPS | SHOCK | Stacks: 1 | Value: 8414.001 | Remaining Turns: 1 | Target: 1 | Targeting: ST | Affects: ['ALL'] | DOT: True | Blast: False
        ----------End of Debuff List----------
        ----------Healing List----------
        ----------End of Healing List----------
    GAUGE  - Enemy 0 toughness reduced by 0.000
    GAUGE  - Enemy 1 toughness reduced by 0.000
    GAUGE  - Enemy 2 toughness reduced by 0.000
    RESULT - MortenaxBladeAOESkill | MortenaxBlade | SUP2 | DMG: 84133.645 | ELADMG: 0.000 | Enemies Hit: [0, 1, 2] | Enemies Broken: [] | WB DMG: 0.000 | Energy: 37.332 | Amount HP Healed: 0.000 | Amount HP Lost: 0.000 | MortenaxBlade Energy: 158/160 | SP: 0 | MaxSP: 5)
Gilgamesh Obtained 1 Interest from Teammate, Current count: 1
MortenaxBlade has obtained 1 Charge. Current Charge count: 1.
    TURN   - MortenaxBladeBounceSkill | MortenaxBlade | SUP2 | ST attack | ['FIR'] | ['SKL'] | Scaling: HP | TargetID: 1 | DMG/BREAK Splits: [0.24, 0]/[5, 0] | Energy Gained: 0 | SP Change: 0

        ----------Char Buffs----------
        GilgameshTrace3ATK | ATK% | Stacks: 1 | Value: 0.200 | Remaining Turns: 1 | TickDown: SUP2, PERM | Target: SUP2 | Affects: ['ALL']
        GilgameshTrace3CD | CD% | Stacks: 1 | Value: 0.200 | Remaining Turns: 1 | TickDown: SUP2, PERM | Target: SUP2 | Affects: ['ALL']
        AshveilTrace3CD | CD% | Stacks: 1 | Value: 0.400 | Remaining Turns: 1 | TickDown: SUP1, PERM | Target: SUP2 | Affects: ['ALL']
        TutorialEHR | EHR% | Stacks: 1 | Value: 0.400 | Remaining Turns: 1 | TickDown: SUP2, PERM | Target: SUP2 | Affects: ['ALL']
        MasterSmithHP | HP% | Stacks: 1 | Value: 0.120 | Remaining Turns: 1 | TickDown: SUP2, PERM | Target: SUP2 | Affects: ['ALL']
        LushakaERR | ERR% | Stacks: 1 | Value: 0.050 | Remaining Turns: 1 | TickDown: SUP2, PERM | Target: SUP2 | Affects: ['ALL']
        MortenaxBladeTraceCR | CR% | Stacks: 1 | Value: 0.120 | Remaining Turns: 1 | TickDown: SUP2, PERM | Target: SUP2 | Affects: ['ALL']
        MortenaxBladeTraceHP | HP% | Stacks: 1 | Value: 0.100 | Remaining Turns: 1 | TickDown: SUP2, PERM | Target: SUP2 | Affects: ['ALL']
        MortenaxBladeTraceDMG | DMG% | Stacks: 1 | Value: 0.224 | Remaining Turns: 1 | TickDown: SUP2, PERM | Target: SUP2 | Affects: ['ALL']
        KeelCD(SUS) | CD% | Stacks: 1 | Value: 0.100 | Remaining Turns: 1 | TickDown: SUP2, PERM | Target: SUP2 | Affects: ['ALL']
        MasterSmithCD | CD% | Stacks: 1 | Value: 0.280 | Remaining Turns: 1 | TickDown: SUP2, PERM | Target: SUP2 | Affects: ['ALL']
        MasterSmithComburent | DMG% | Stacks: 1 | Value: 0.150 | Remaining Turns: 1 | TickDown: SUP2, END | Target: SUP2 | Affects: ['ALL']
        MortenaxBladeCRBoost | CR% | Stacks: 1 | Value: 0.200 | Remaining Turns: 1 | TickDown: SUP2, PERM | Target: SUP2 | Affects: ['ALL']
        MortenaxBladeCDBoost | CD% | Stacks: 1 | Value: 0.600 | Remaining Turns: 1 | TickDown: SUP2, PERM | Target: SUP2 | Affects: ['ALL']
        MortenaxBladeDMGReduction | DMG_REDUCTION | Stacks: 1 | Value: 0.500 | Remaining Turns: 1 | TickDown: SUP2, PERM | Target: SUP2 | Affects: ['ALL']
        MortenaxBladeDMGBoost | DMG% | Stacks: 1 | Value: 0.500 | Remaining Turns: 1 | TickDown: SUP2, PERM | Target: SUP2 | Affects: ['ALL']
        MortenaxBladeDMG | DMG% | Stacks: 1 | Value: 0.750 | Remaining Turns: 1 | TickDown: SUP2, PERM | Target: SUP2 | Affects: ['ALL']
        WarriorGoddessHealCD | CD% | Stacks: 1 | Value: 0.150 | Remaining Turns: 1 | TickDown: SUP2, START | Target: SUP2 | Affects: ['ALL']
        ConvergingStarsCD | CD% | Stacks: 1 | Value: 0.120 | Remaining Turns: 1 | TickDown: SUP2, PERM | Target: SUP2 | Affects: ['ALL']
        HuoHuoUltATK | ATK% | Stacks: 1 | Value: 0.400 | Remaining Turns: 1 | TickDown: SUP2, END | Target: SUP2 | Affects: ['ALL']
        HuoHuoUltExtraATK | ATK% | Stacks: 1 | Value: 0.240 | Remaining Turns: 1 | TickDown: SUP2, END | Target: SUP2 | Affects: ['ALL']
        ----------End of Buff List----------

        ----------Enemy Debuffs----------
        AshveilBaitShred | From: SUP1 | SHRED | Stacks: 1 | Value: 0.400 | Remaining Turns: 996 | Target: 1 | Targeting: ST | Affects: ['ALL'] | DOT: False | Blast: False
        MortenaxBladeUltVul | From: SUP2 | VULN | Stacks: 1 | Value: 0.500 | Remaining Turns: 2 | Target: 1 | Targeting: ST | Affects: ['ALL'] | DOT: False | Blast: False
        MortenaxBladeUltShred | From: SUP2 | SHRED | Stacks: 1 | Value: 0.300 | Remaining Turns: 2 | Target: 1 | Targeting: ST | Affects: ['ALL'] | DOT: False | Blast: False
        Enemy 1 LNG-break | From: DPS | SHOCK | Stacks: 1 | Value: 8414.001 | Remaining Turns: 1 | Target: 1 | Targeting: ST | Affects: ['ALL'] | DOT: True | Blast: False
        ----------End of Debuff List----------
        ----------Healing List----------
        HuoHuoTalentHealingScaling | Targeting: Targeting.SINGLE | Healing Value: [0] | Target: ALL
        HuoHuoTalentHealingScaling | Targeting: Targeting.SINGLE | Healing Value: [0.045] | Target: ALL
        HuoHuoTalentHealingScaling | Targeting: Targeting.SINGLE | Healing Value: [0] | Target: ALL
        HuoHuoTalentHealingScaling | Targeting: Targeting.SINGLE | Healing Value: [0] | Target: ALL
        HuoHuoTalentHealingFlat | Targeting: Targeting.SINGLE | Healing Value: [0] | Target: ALL
        HuoHuoTalentHealingFlat | Targeting: Targeting.SINGLE | Healing Value: [120] | Target: ALL
        HuoHuoTalentHealingFlat | Targeting: Targeting.SINGLE | Healing Value: [0] | Target: ALL
        HuoHuoTalentHealingFlat | Targeting: Targeting.SINGLE | Healing Value: [0] | Target: ALL
        ----------End of Healing List----------
    GAUGE  - Enemy 1 toughness reduced by 0.000
    RESULT - MortenaxBladeBounceSkill | MortenaxBlade | SUP2 | DMG: 9014.319 | ELADMG: 0.000 | Enemies Hit: [1] | Enemies Broken: [] | WB DMG: 0.000 | Energy: 0.000 | Amount HP Healed: 371.779 | Amount HP Lost: 0.000 | MortenaxBlade Energy: 158/160 | SP: 0 | MaxSP: 5)
    TURN   - MortenaxBladeBounceSkill | MortenaxBlade | SUP2 | ST attack | ['FIR'] | ['SKL'] | Scaling: HP | TargetID: 1 | DMG/BREAK Splits: [0.24, 0]/[5, 0] | Energy Gained: 0 | SP Change: 0

        ----------Char Buffs----------
        GilgameshTrace3ATK | ATK% | Stacks: 1 | Value: 0.200 | Remaining Turns: 1 | TickDown: SUP2, PERM | Target: SUP2 | Affects: ['ALL']
        GilgameshTrace3CD | CD% | Stacks: 1 | Value: 0.200 | Remaining Turns: 1 | TickDown: SUP2, PERM | Target: SUP2 | Affects: ['ALL']
        AshveilTrace3CD | CD% | Stacks: 1 | Value: 0.400 | Remaining Turns: 1 | TickDown: SUP1, PERM | Target: SUP2 | Affects: ['ALL']
        TutorialEHR | EHR% | Stacks: 1 | Value: 0.400 | Remaining Turns: 1 | TickDown: SUP2, PERM | Target: SUP2 | Affects: ['ALL']
        MasterSmithHP | HP% | Stacks: 1 | Value: 0.120 | Remaining Turns: 1 | TickDown: SUP2, PERM | Target: SUP2 | Affects: ['ALL']
        LushakaERR | ERR% | Stacks: 1 | Value: 0.050 | Remaining Turns: 1 | TickDown: SUP2, PERM | Target: SUP2 | Affects: ['ALL']
        MortenaxBladeTraceCR | CR% | Stacks: 1 | Value: 0.120 | Remaining Turns: 1 | TickDown: SUP2, PERM | Target: SUP2 | Affects: ['ALL']
        MortenaxBladeTraceHP | HP% | Stacks: 1 | Value: 0.100 | Remaining Turns: 1 | TickDown: SUP2, PERM | Target: SUP2 | Affects: ['ALL']
        MortenaxBladeTraceDMG | DMG% | Stacks: 1 | Value: 0.224 | Remaining Turns: 1 | TickDown: SUP2, PERM | Target: SUP2 | Affects: ['ALL']
        KeelCD(SUS) | CD% | Stacks: 1 | Value: 0.100 | Remaining Turns: 1 | TickDown: SUP2, PERM | Target: SUP2 | Affects: ['ALL']
        MasterSmithCD | CD% | Stacks: 1 | Value: 0.280 | Remaining Turns: 1 | TickDown: SUP2, PERM | Target: SUP2 | Affects: ['ALL']
        MasterSmithComburent | DMG% | Stacks: 1 | Value: 0.150 | Remaining Turns: 2 | TickDown: SUP2, END | Target: SUP2 | Affects: ['ALL']
        MortenaxBladeCRBoost | CR% | Stacks: 1 | Value: 0.200 | Remaining Turns: 1 | TickDown: SUP2, PERM | Target: SUP2 | Affects: ['ALL']
        MortenaxBladeCDBoost | CD% | Stacks: 1 | Value: 0.600 | Remaining Turns: 1 | TickDown: SUP2, PERM | Target: SUP2 | Affects: ['ALL']
        MortenaxBladeDMGReduction | DMG_REDUCTION | Stacks: 1 | Value: 0.500 | Remaining Turns: 1 | TickDown: SUP2, PERM | Target: SUP2 | Affects: ['ALL']
        MortenaxBladeDMGBoost | DMG% | Stacks: 1 | Value: 0.500 | Remaining Turns: 1 | TickDown: SUP2, PERM | Target: SUP2 | Affects: ['ALL']
        MortenaxBladeDMG | DMG% | Stacks: 1 | Value: 0.750 | Remaining Turns: 1 | TickDown: SUP2, PERM | Target: SUP2 | Affects: ['ALL']
        WarriorGoddessHealCD | CD% | Stacks: 1 | Value: 0.150 | Remaining Turns: 1 | TickDown: SUP2, START | Target: SUP2 | Affects: ['ALL']
        ConvergingStarsCD | CD% | Stacks: 1 | Value: 0.120 | Remaining Turns: 1 | TickDown: SUP2, PERM | Target: SUP2 | Affects: ['ALL']
        HuoHuoUltATK | ATK% | Stacks: 1 | Value: 0.400 | Remaining Turns: 1 | TickDown: SUP2, END | Target: SUP2 | Affects: ['ALL']
        HuoHuoUltExtraATK | ATK% | Stacks: 1 | Value: 0.240 | Remaining Turns: 1 | TickDown: SUP2, END | Target: SUP2 | Affects: ['ALL']
        ----------End of Buff List----------

        ----------Enemy Debuffs----------
        AshveilBaitShred | From: SUP1 | SHRED | Stacks: 1 | Value: 0.400 | Remaining Turns: 996 | Target: 1 | Targeting: ST | Affects: ['ALL'] | DOT: False | Blast: False
        MortenaxBladeUltVul | From: SUP2 | VULN | Stacks: 1 | Value: 0.500 | Remaining Turns: 2 | Target: 1 | Targeting: ST | Affects: ['ALL'] | DOT: False | Blast: False
        MortenaxBladeUltShred | From: SUP2 | SHRED | Stacks: 1 | Value: 0.300 | Remaining Turns: 2 | Target: 1 | Targeting: ST | Affects: ['ALL'] | DOT: False | Blast: False
        Enemy 1 LNG-break | From: DPS | SHOCK | Stacks: 1 | Value: 8414.001 | Remaining Turns: 1 | Target: 1 | Targeting: ST | Affects: ['ALL'] | DOT: True | Blast: False
        ----------End of Debuff List----------
        ----------Healing List----------
        ----------End of Healing List----------
    GAUGE  - Enemy 1 toughness reduced by 0.000
    RESULT - MortenaxBladeBounceSkill | MortenaxBlade | SUP2 | DMG: 9014.319 | ELADMG: 0.000 | Enemies Hit: [1] | Enemies Broken: [] | WB DMG: 0.000 | Energy: 0.000 | Amount HP Healed: 0.000 | Amount HP Lost: 0.000 | MortenaxBlade Energy: 158/160 | SP: 0 | MaxSP: 5)
    TURN   - MortenaxBladeBounceSkill | MortenaxBlade | SUP2 | ST attack | ['FIR'] | ['SKL'] | Scaling: HP | TargetID: 1 | DMG/BREAK Splits: [0.24, 0]/[5, 0] | Energy Gained: 0 | SP Change: 0

        ----------Char Buffs----------
        GilgameshTrace3ATK | ATK% | Stacks: 1 | Value: 0.200 | Remaining Turns: 1 | TickDown: SUP2, PERM | Target: SUP2 | Affects: ['ALL']
        GilgameshTrace3CD | CD% | Stacks: 1 | Value: 0.200 | Remaining Turns: 1 | TickDown: SUP2, PERM | Target: SUP2 | Affects: ['ALL']
        AshveilTrace3CD | CD% | Stacks: 1 | Value: 0.400 | Remaining Turns: 1 | TickDown: SUP1, PERM | Target: SUP2 | Affects: ['ALL']
        TutorialEHR | EHR% | Stacks: 1 | Value: 0.400 | Remaining Turns: 1 | TickDown: SUP2, PERM | Target: SUP2 | Affects: ['ALL']
        MasterSmithHP | HP% | Stacks: 1 | Value: 0.120 | Remaining Turns: 1 | TickDown: SUP2, PERM | Target: SUP2 | Affects: ['ALL']
        LushakaERR | ERR% | Stacks: 1 | Value: 0.050 | Remaining Turns: 1 | TickDown: SUP2, PERM | Target: SUP2 | Affects: ['ALL']
        MortenaxBladeTraceCR | CR% | Stacks: 1 | Value: 0.120 | Remaining Turns: 1 | TickDown: SUP2, PERM | Target: SUP2 | Affects: ['ALL']
        MortenaxBladeTraceHP | HP% | Stacks: 1 | Value: 0.100 | Remaining Turns: 1 | TickDown: SUP2, PERM | Target: SUP2 | Affects: ['ALL']
        MortenaxBladeTraceDMG | DMG% | Stacks: 1 | Value: 0.224 | Remaining Turns: 1 | TickDown: SUP2, PERM | Target: SUP2 | Affects: ['ALL']
        KeelCD(SUS) | CD% | Stacks: 1 | Value: 0.100 | Remaining Turns: 1 | TickDown: SUP2, PERM | Target: SUP2 | Affects: ['ALL']
        MasterSmithCD | CD% | Stacks: 1 | Value: 0.280 | Remaining Turns: 1 | TickDown: SUP2, PERM | Target: SUP2 | Affects: ['ALL']
        MasterSmithComburent | DMG% | Stacks: 1 | Value: 0.150 | Remaining Turns: 2 | TickDown: SUP2, END | Target: SUP2 | Affects: ['ALL']
        MortenaxBladeCRBoost | CR% | Stacks: 1 | Value: 0.200 | Remaining Turns: 1 | TickDown: SUP2, PERM | Target: SUP2 | Affects: ['ALL']
        MortenaxBladeCDBoost | CD% | Stacks: 1 | Value: 0.600 | Remaining Turns: 1 | TickDown: SUP2, PERM | Target: SUP2 | Affects: ['ALL']
        MortenaxBladeDMGReduction | DMG_REDUCTION | Stacks: 1 | Value: 0.500 | Remaining Turns: 1 | TickDown: SUP2, PERM | Target: SUP2 | Affects: ['ALL']
        MortenaxBladeDMGBoost | DMG% | Stacks: 1 | Value: 0.500 | Remaining Turns: 1 | TickDown: SUP2, PERM | Target: SUP2 | Affects: ['ALL']
        MortenaxBladeDMG | DMG% | Stacks: 1 | Value: 0.750 | Remaining Turns: 1 | TickDown: SUP2, PERM | Target: SUP2 | Affects: ['ALL']
        WarriorGoddessHealCD | CD% | Stacks: 1 | Value: 0.150 | Remaining Turns: 1 | TickDown: SUP2, START | Target: SUP2 | Affects: ['ALL']
        ConvergingStarsCD | CD% | Stacks: 1 | Value: 0.120 | Remaining Turns: 1 | TickDown: SUP2, PERM | Target: SUP2 | Affects: ['ALL']
        HuoHuoUltATK | ATK% | Stacks: 1 | Value: 0.400 | Remaining Turns: 1 | TickDown: SUP2, END | Target: SUP2 | Affects: ['ALL']
        HuoHuoUltExtraATK | ATK% | Stacks: 1 | Value: 0.240 | Remaining Turns: 1 | TickDown: SUP2, END | Target: SUP2 | Affects: ['ALL']
        ----------End of Buff List----------

        ----------Enemy Debuffs----------
        AshveilBaitShred | From: SUP1 | SHRED | Stacks: 1 | Value: 0.400 | Remaining Turns: 996 | Target: 1 | Targeting: ST | Affects: ['ALL'] | DOT: False | Blast: False
        MortenaxBladeUltVul | From: SUP2 | VULN | Stacks: 1 | Value: 0.500 | Remaining Turns: 2 | Target: 1 | Targeting: ST | Affects: ['ALL'] | DOT: False | Blast: False
        MortenaxBladeUltShred | From: SUP2 | SHRED | Stacks: 1 | Value: 0.300 | Remaining Turns: 2 | Target: 1 | Targeting: ST | Affects: ['ALL'] | DOT: False | Blast: False
        Enemy 1 LNG-break | From: DPS | SHOCK | Stacks: 1 | Value: 8414.001 | Remaining Turns: 1 | Target: 1 | Targeting: ST | Affects: ['ALL'] | DOT: True | Blast: False
        ----------End of Debuff List----------
        ----------Healing List----------
        ----------End of Healing List----------
    GAUGE  - Enemy 1 toughness reduced by 0.000
    RESULT - MortenaxBladeBounceSkill | MortenaxBlade | SUP2 | DMG: 9014.319 | ELADMG: 0.000 | Enemies Hit: [1] | Enemies Broken: [] | WB DMG: 0.000 | Energy: 0.000 | Amount HP Healed: 0.000 | Amount HP Lost: 0.000 | MortenaxBlade Energy: 158/160 | SP: 0 | MaxSP: 5)
    TURN   - MortenaxBladeBounceSkill | MortenaxBlade | SUP2 | ST attack | ['FIR'] | ['SKL'] | Scaling: HP | TargetID: 1 | DMG/BREAK Splits: [0.24, 0]/[5, 0] | Energy Gained: 0 | SP Change: 0

        ----------Char Buffs----------
        GilgameshTrace3ATK | ATK% | Stacks: 1 | Value: 0.200 | Remaining Turns: 1 | TickDown: SUP2, PERM | Target: SUP2 | Affects: ['ALL']
        GilgameshTrace3CD | CD% | Stacks: 1 | Value: 0.200 | Remaining Turns: 1 | TickDown: SUP2, PERM | Target: SUP2 | Affects: ['ALL']
        AshveilTrace3CD | CD% | Stacks: 1 | Value: 0.400 | Remaining Turns: 1 | TickDown: SUP1, PERM | Target: SUP2 | Affects: ['ALL']
        TutorialEHR | EHR% | Stacks: 1 | Value: 0.400 | Remaining Turns: 1 | TickDown: SUP2, PERM | Target: SUP2 | Affects: ['ALL']
        MasterSmithHP | HP% | Stacks: 1 | Value: 0.120 | Remaining Turns: 1 | TickDown: SUP2, PERM | Target: SUP2 | Affects: ['ALL']
        LushakaERR | ERR% | Stacks: 1 | Value: 0.050 | Remaining Turns: 1 | TickDown: SUP2, PERM | Target: SUP2 | Affects: ['ALL']
        MortenaxBladeTraceCR | CR% | Stacks: 1 | Value: 0.120 | Remaining Turns: 1 | TickDown: SUP2, PERM | Target: SUP2 | Affects: ['ALL']
        MortenaxBladeTraceHP | HP% | Stacks: 1 | Value: 0.100 | Remaining Turns: 1 | TickDown: SUP2, PERM | Target: SUP2 | Affects: ['ALL']
        MortenaxBladeTraceDMG | DMG% | Stacks: 1 | Value: 0.224 | Remaining Turns: 1 | TickDown: SUP2, PERM | Target: SUP2 | Affects: ['ALL']
        KeelCD(SUS) | CD% | Stacks: 1 | Value: 0.100 | Remaining Turns: 1 | TickDown: SUP2, PERM | Target: SUP2 | Affects: ['ALL']
        MasterSmithCD | CD% | Stacks: 1 | Value: 0.280 | Remaining Turns: 1 | TickDown: SUP2, PERM | Target: SUP2 | Affects: ['ALL']
        MasterSmithComburent | DMG% | Stacks: 1 | Value: 0.150 | Remaining Turns: 2 | TickDown: SUP2, END | Target: SUP2 | Affects: ['ALL']
        MortenaxBladeCRBoost | CR% | Stacks: 1 | Value: 0.200 | Remaining Turns: 1 | TickDown: SUP2, PERM | Target: SUP2 | Affects: ['ALL']
        MortenaxBladeCDBoost | CD% | Stacks: 1 | Value: 0.600 | Remaining Turns: 1 | TickDown: SUP2, PERM | Target: SUP2 | Affects: ['ALL']
        MortenaxBladeDMGReduction | DMG_REDUCTION | Stacks: 1 | Value: 0.500 | Remaining Turns: 1 | TickDown: SUP2, PERM | Target: SUP2 | Affects: ['ALL']
        MortenaxBladeDMGBoost | DMG% | Stacks: 1 | Value: 0.500 | Remaining Turns: 1 | TickDown: SUP2, PERM | Target: SUP2 | Affects: ['ALL']
        MortenaxBladeDMG | DMG% | Stacks: 1 | Value: 0.750 | Remaining Turns: 1 | TickDown: SUP2, PERM | Target: SUP2 | Affects: ['ALL']
        WarriorGoddessHealCD | CD% | Stacks: 1 | Value: 0.150 | Remaining Turns: 1 | TickDown: SUP2, START | Target: SUP2 | Affects: ['ALL']
        ConvergingStarsCD | CD% | Stacks: 1 | Value: 0.120 | Remaining Turns: 1 | TickDown: SUP2, PERM | Target: SUP2 | Affects: ['ALL']
        HuoHuoUltATK | ATK% | Stacks: 1 | Value: 0.400 | Remaining Turns: 1 | TickDown: SUP2, END | Target: SUP2 | Affects: ['ALL']
        HuoHuoUltExtraATK | ATK% | Stacks: 1 | Value: 0.240 | Remaining Turns: 1 | TickDown: SUP2, END | Target: SUP2 | Affects: ['ALL']
        ----------End of Buff List----------

        ----------Enemy Debuffs----------
        AshveilBaitShred | From: SUP1 | SHRED | Stacks: 1 | Value: 0.400 | Remaining Turns: 996 | Target: 1 | Targeting: ST | Affects: ['ALL'] | DOT: False | Blast: False
        MortenaxBladeUltVul | From: SUP2 | VULN | Stacks: 1 | Value: 0.500 | Remaining Turns: 2 | Target: 1 | Targeting: ST | Affects: ['ALL'] | DOT: False | Blast: False
        MortenaxBladeUltShred | From: SUP2 | SHRED | Stacks: 1 | Value: 0.300 | Remaining Turns: 2 | Target: 1 | Targeting: ST | Affects: ['ALL'] | DOT: False | Blast: False
        Enemy 1 LNG-break | From: DPS | SHOCK | Stacks: 1 | Value: 8414.001 | Remaining Turns: 1 | Target: 1 | Targeting: ST | Affects: ['ALL'] | DOT: True | Blast: False
        ----------End of Debuff List----------
        ----------Healing List----------
        ----------End of Healing List----------
    GAUGE  - Enemy 1 toughness reduced by 0.000
    RESULT - MortenaxBladeBounceSkill | MortenaxBlade | SUP2 | DMG: 9014.319 | ELADMG: 0.000 | Enemies Hit: [1] | Enemies Broken: [] | WB DMG: 0.000 | Energy: 0.000 | Amount HP Healed: 0.000 | Amount HP Lost: 0.000 | MortenaxBlade Energy: 158/160 | SP: 0 | MaxSP: 5)
    TURN   - MortenaxBladeAOEFUA | MortenaxBlade | SUP2 | AOE attack | ['FIR'] | ['FUA'] | Scaling: HP | TargetID: 1 | DMG/BREAK Splits: [0.72, 0]/[10, 0] | Energy Gained: 25 | SP Change: 0

        ----------Char Buffs----------
        GilgameshTrace3ATK | ATK% | Stacks: 1 | Value: 0.200 | Remaining Turns: 1 | TickDown: SUP2, PERM | Target: SUP2 | Affects: ['ALL']
        GilgameshTrace3CD | CD% | Stacks: 1 | Value: 0.200 | Remaining Turns: 1 | TickDown: SUP2, PERM | Target: SUP2 | Affects: ['ALL']
        AshveilTrace3CD | CD% | Stacks: 1 | Value: 0.400 | Remaining Turns: 1 | TickDown: SUP1, PERM | Target: SUP2 | Affects: ['ALL']
        AshveilTrace3FUACD | CD% | Stacks: 1 | Value: 0.800 | Remaining Turns: 1 | TickDown: SUP1, PERM | Target: SUP2 | Affects: ['FUA']
        TutorialEHR | EHR% | Stacks: 1 | Value: 0.400 | Remaining Turns: 1 | TickDown: SUP2, PERM | Target: SUP2 | Affects: ['ALL']
        MasterSmithHP | HP% | Stacks: 1 | Value: 0.120 | Remaining Turns: 1 | TickDown: SUP2, PERM | Target: SUP2 | Affects: ['ALL']
        LushakaERR | ERR% | Stacks: 1 | Value: 0.050 | Remaining Turns: 1 | TickDown: SUP2, PERM | Target: SUP2 | Affects: ['ALL']
        MortenaxBladeTraceCR | CR% | Stacks: 1 | Value: 0.120 | Remaining Turns: 1 | TickDown: SUP2, PERM | Target: SUP2 | Affects: ['ALL']
        MortenaxBladeTraceHP | HP% | Stacks: 1 | Value: 0.100 | Remaining Turns: 1 | TickDown: SUP2, PERM | Target: SUP2 | Affects: ['ALL']
        MortenaxBladeTraceDMG | DMG% | Stacks: 1 | Value: 0.224 | Remaining Turns: 1 | TickDown: SUP2, PERM | Target: SUP2 | Affects: ['ALL']
        KeelCD(SUS) | CD% | Stacks: 1 | Value: 0.100 | Remaining Turns: 1 | TickDown: SUP2, PERM | Target: SUP2 | Affects: ['ALL']
        MasterSmithCD | CD% | Stacks: 1 | Value: 0.280 | Remaining Turns: 1 | TickDown: SUP2, PERM | Target: SUP2 | Affects: ['ALL']
        MasterSmithComburent | DMG% | Stacks: 1 | Value: 0.150 | Remaining Turns: 2 | TickDown: SUP2, END | Target: SUP2 | Affects: ['ALL']
        MortenaxBladeCRBoost | CR% | Stacks: 1 | Value: 0.200 | Remaining Turns: 1 | TickDown: SUP2, PERM | Target: SUP2 | Affects: ['ALL']
        MortenaxBladeCDBoost | CD% | Stacks: 1 | Value: 0.600 | Remaining Turns: 1 | TickDown: SUP2, PERM | Target: SUP2 | Affects: ['ALL']
        MortenaxBladeDMGReduction | DMG_REDUCTION | Stacks: 1 | Value: 0.500 | Remaining Turns: 1 | TickDown: SUP2, PERM | Target: SUP2 | Affects: ['ALL']
        MortenaxBladeDMGBoost | DMG% | Stacks: 1 | Value: 0.500 | Remaining Turns: 1 | TickDown: SUP2, PERM | Target: SUP2 | Affects: ['ALL']
        MortenaxBladeDMG | DMG% | Stacks: 1 | Value: 0.750 | Remaining Turns: 1 | TickDown: SUP2, PERM | Target: SUP2 | Affects: ['ALL']
        WarriorGoddessHealCD | CD% | Stacks: 1 | Value: 0.150 | Remaining Turns: 1 | TickDown: SUP2, START | Target: SUP2 | Affects: ['ALL']
        ConvergingStarsCD | CD% | Stacks: 1 | Value: 0.120 | Remaining Turns: 1 | TickDown: SUP2, PERM | Target: SUP2 | Affects: ['ALL']
        HuoHuoUltATK | ATK% | Stacks: 1 | Value: 0.400 | Remaining Turns: 1 | TickDown: SUP2, END | Target: SUP2 | Affects: ['ALL']
        HuoHuoUltExtraATK | ATK% | Stacks: 1 | Value: 0.240 | Remaining Turns: 1 | TickDown: SUP2, END | Target: SUP2 | Affects: ['ALL']
        ----------End of Buff List----------

        ----------Enemy Debuffs----------
        AshveilBaitShred | From: SUP1 | SHRED | Stacks: 1 | Value: 0.400 | Remaining Turns: 996 | Target: 1 | Targeting: ST | Affects: ['ALL'] | DOT: False | Blast: False
        MortenaxBladeUltVul | From: SUP2 | VULN | Stacks: 1 | Value: 0.500 | Remaining Turns: 2 | Target: 1 | Targeting: ST | Affects: ['ALL'] | DOT: False | Blast: False
        MortenaxBladeUltShred | From: SUP2 | SHRED | Stacks: 1 | Value: 0.300 | Remaining Turns: 2 | Target: 1 | Targeting: ST | Affects: ['ALL'] | DOT: False | Blast: False
        Enemy 1 LNG-break | From: DPS | SHOCK | Stacks: 1 | Value: 8414.001 | Remaining Turns: 1 | Target: 1 | Targeting: ST | Affects: ['ALL'] | DOT: True | Blast: False
        ----------End of Debuff List----------
        ----------Healing List----------
        ----------End of Healing List----------
    GAUGE  - Enemy 0 toughness reduced by 0.000
    GAUGE  - Enemy 1 toughness reduced by 0.000
    GAUGE  - Enemy 2 toughness reduced by 0.000
    RESULT - MortenaxBladeAOEFUA | MortenaxBlade | SUP2 | DMG: 102253.545 | ELADMG: 0.000 | Enemies Hit: [0, 1, 2] | Enemies Broken: [] | WB DMG: 0.000 | Energy: 31.110 | Amount HP Healed: 0.000 | Amount HP Lost: 0.000 | MortenaxBlade Energy: 160/160 | SP: 0 | MaxSP: 5)
Gilgamesh Obtained 1 Interest from Teammate, Current count: 2
    TURN   - MortenaxBladeBounceFUA | MortenaxBlade | SUP2 | ST attack | ['FIR'] | ['FUA'] | Scaling: HP | TargetID: 1 | DMG/BREAK Splits: [0.24, 0]/[5, 0] | Energy Gained: 0 | SP Change: 0

        ----------Char Buffs----------
        GilgameshTrace3ATK | ATK% | Stacks: 1 | Value: 0.200 | Remaining Turns: 1 | TickDown: SUP2, PERM | Target: SUP2 | Affects: ['ALL']
        GilgameshTrace3CD | CD% | Stacks: 1 | Value: 0.200 | Remaining Turns: 1 | TickDown: SUP2, PERM | Target: SUP2 | Affects: ['ALL']
        AshveilTrace3CD | CD% | Stacks: 1 | Value: 0.400 | Remaining Turns: 1 | TickDown: SUP1, PERM | Target: SUP2 | Affects: ['ALL']
        AshveilTrace3FUACD | CD% | Stacks: 1 | Value: 0.800 | Remaining Turns: 1 | TickDown: SUP1, PERM | Target: SUP2 | Affects: ['FUA']
        TutorialEHR | EHR% | Stacks: 1 | Value: 0.400 | Remaining Turns: 1 | TickDown: SUP2, PERM | Target: SUP2 | Affects: ['ALL']
        MasterSmithHP | HP% | Stacks: 1 | Value: 0.120 | Remaining Turns: 1 | TickDown: SUP2, PERM | Target: SUP2 | Affects: ['ALL']
        LushakaERR | ERR% | Stacks: 1 | Value: 0.050 | Remaining Turns: 1 | TickDown: SUP2, PERM | Target: SUP2 | Affects: ['ALL']
        MortenaxBladeTraceCR | CR% | Stacks: 1 | Value: 0.120 | Remaining Turns: 1 | TickDown: SUP2, PERM | Target: SUP2 | Affects: ['ALL']
        MortenaxBladeTraceHP | HP% | Stacks: 1 | Value: 0.100 | Remaining Turns: 1 | TickDown: SUP2, PERM | Target: SUP2 | Affects: ['ALL']
        MortenaxBladeTraceDMG | DMG% | Stacks: 1 | Value: 0.224 | Remaining Turns: 1 | TickDown: SUP2, PERM | Target: SUP2 | Affects: ['ALL']
        KeelCD(SUS) | CD% | Stacks: 1 | Value: 0.100 | Remaining Turns: 1 | TickDown: SUP2, PERM | Target: SUP2 | Affects: ['ALL']
        MasterSmithCD | CD% | Stacks: 1 | Value: 0.280 | Remaining Turns: 1 | TickDown: SUP2, PERM | Target: SUP2 | Affects: ['ALL']
        MasterSmithComburent | DMG% | Stacks: 1 | Value: 0.150 | Remaining Turns: 2 | TickDown: SUP2, END | Target: SUP2 | Affects: ['ALL']
        MortenaxBladeCRBoost | CR% | Stacks: 1 | Value: 0.200 | Remaining Turns: 1 | TickDown: SUP2, PERM | Target: SUP2 | Affects: ['ALL']
        MortenaxBladeCDBoost | CD% | Stacks: 1 | Value: 0.600 | Remaining Turns: 1 | TickDown: SUP2, PERM | Target: SUP2 | Affects: ['ALL']
        MortenaxBladeDMGReduction | DMG_REDUCTION | Stacks: 1 | Value: 0.500 | Remaining Turns: 1 | TickDown: SUP2, PERM | Target: SUP2 | Affects: ['ALL']
        MortenaxBladeDMGBoost | DMG% | Stacks: 1 | Value: 0.500 | Remaining Turns: 1 | TickDown: SUP2, PERM | Target: SUP2 | Affects: ['ALL']
        MortenaxBladeDMG | DMG% | Stacks: 1 | Value: 0.750 | Remaining Turns: 1 | TickDown: SUP2, PERM | Target: SUP2 | Affects: ['ALL']
        WarriorGoddessHealCD | CD% | Stacks: 1 | Value: 0.150 | Remaining Turns: 1 | TickDown: SUP2, START | Target: SUP2 | Affects: ['ALL']
        ConvergingStarsCD | CD% | Stacks: 1 | Value: 0.120 | Remaining Turns: 1 | TickDown: SUP2, PERM | Target: SUP2 | Affects: ['ALL']
        HuoHuoUltATK | ATK% | Stacks: 1 | Value: 0.400 | Remaining Turns: 1 | TickDown: SUP2, END | Target: SUP2 | Affects: ['ALL']
        HuoHuoUltExtraATK | ATK% | Stacks: 1 | Value: 0.240 | Remaining Turns: 1 | TickDown: SUP2, END | Target: SUP2 | Affects: ['ALL']
        TutorialERR | ERR_T | Stacks: 1 | Value: 8.000 | Remaining Turns: 1 | TickDown: SUP2, START | Target: SUP2 | Affects: ['ALL']
        ----------End of Buff List----------

        ----------Enemy Debuffs----------
        AshveilBaitShred | From: SUP1 | SHRED | Stacks: 1 | Value: 0.400 | Remaining Turns: 996 | Target: 1 | Targeting: ST | Affects: ['ALL'] | DOT: False | Blast: False
        MortenaxBladeUltVul | From: SUP2 | VULN | Stacks: 1 | Value: 0.500 | Remaining Turns: 2 | Target: 1 | Targeting: ST | Affects: ['ALL'] | DOT: False | Blast: False
        MortenaxBladeUltShred | From: SUP2 | SHRED | Stacks: 1 | Value: 0.300 | Remaining Turns: 2 | Target: 1 | Targeting: ST | Affects: ['ALL'] | DOT: False | Blast: False
        Enemy 1 LNG-break | From: DPS | SHOCK | Stacks: 1 | Value: 8414.001 | Remaining Turns: 1 | Target: 1 | Targeting: ST | Affects: ['ALL'] | DOT: True | Blast: False
        ----------End of Debuff List----------
        ----------Healing List----------
        ----------End of Healing List----------
    GAUGE  - Enemy 1 toughness reduced by 0.000
    RESULT - MortenaxBladeBounceFUA | MortenaxBlade | SUP2 | DMG: 10955.737 | ELADMG: 0.000 | Enemies Hit: [1] | Enemies Broken: [] | WB DMG: 0.000 | Energy: 0.000 | Amount HP Healed: 0.000 | Amount HP Lost: 0.000 | MortenaxBlade Energy: 160/160 | SP: 0 | MaxSP: 5)
    TURN   - MortenaxBladeBounceFUA | MortenaxBlade | SUP2 | ST attack | ['FIR'] | ['FUA'] | Scaling: HP | TargetID: 1 | DMG/BREAK Splits: [0.24, 0]/[5, 0] | Energy Gained: 0 | SP Change: 0

        ----------Char Buffs----------
        GilgameshTrace3ATK | ATK% | Stacks: 1 | Value: 0.200 | Remaining Turns: 1 | TickDown: SUP2, PERM | Target: SUP2 | Affects: ['ALL']
        GilgameshTrace3CD | CD% | Stacks: 1 | Value: 0.200 | Remaining Turns: 1 | TickDown: SUP2, PERM | Target: SUP2 | Affects: ['ALL']
        AshveilTrace3CD | CD% | Stacks: 1 | Value: 0.400 | Remaining Turns: 1 | TickDown: SUP1, PERM | Target: SUP2 | Affects: ['ALL']
        AshveilTrace3FUACD | CD% | Stacks: 1 | Value: 0.800 | Remaining Turns: 1 | TickDown: SUP1, PERM | Target: SUP2 | Affects: ['FUA']
        TutorialEHR | EHR% | Stacks: 1 | Value: 0.400 | Remaining Turns: 1 | TickDown: SUP2, PERM | Target: SUP2 | Affects: ['ALL']
        MasterSmithHP | HP% | Stacks: 1 | Value: 0.120 | Remaining Turns: 1 | TickDown: SUP2, PERM | Target: SUP2 | Affects: ['ALL']
        LushakaERR | ERR% | Stacks: 1 | Value: 0.050 | Remaining Turns: 1 | TickDown: SUP2, PERM | Target: SUP2 | Affects: ['ALL']
        MortenaxBladeTraceCR | CR% | Stacks: 1 | Value: 0.120 | Remaining Turns: 1 | TickDown: SUP2, PERM | Target: SUP2 | Affects: ['ALL']
        MortenaxBladeTraceHP | HP% | Stacks: 1 | Value: 0.100 | Remaining Turns: 1 | TickDown: SUP2, PERM | Target: SUP2 | Affects: ['ALL']
        MortenaxBladeTraceDMG | DMG% | Stacks: 1 | Value: 0.224 | Remaining Turns: 1 | TickDown: SUP2, PERM | Target: SUP2 | Affects: ['ALL']
        KeelCD(SUS) | CD% | Stacks: 1 | Value: 0.100 | Remaining Turns: 1 | TickDown: SUP2, PERM | Target: SUP2 | Affects: ['ALL']
        MasterSmithCD | CD% | Stacks: 1 | Value: 0.280 | Remaining Turns: 1 | TickDown: SUP2, PERM | Target: SUP2 | Affects: ['ALL']
        MasterSmithComburent | DMG% | Stacks: 1 | Value: 0.150 | Remaining Turns: 2 | TickDown: SUP2, END | Target: SUP2 | Affects: ['ALL']
        MortenaxBladeCRBoost | CR% | Stacks: 1 | Value: 0.200 | Remaining Turns: 1 | TickDown: SUP2, PERM | Target: SUP2 | Affects: ['ALL']
        MortenaxBladeCDBoost | CD% | Stacks: 1 | Value: 0.600 | Remaining Turns: 1 | TickDown: SUP2, PERM | Target: SUP2 | Affects: ['ALL']
        MortenaxBladeDMGReduction | DMG_REDUCTION | Stacks: 1 | Value: 0.500 | Remaining Turns: 1 | TickDown: SUP2, PERM | Target: SUP2 | Affects: ['ALL']
        MortenaxBladeDMGBoost | DMG% | Stacks: 1 | Value: 0.500 | Remaining Turns: 1 | TickDown: SUP2, PERM | Target: SUP2 | Affects: ['ALL']
        MortenaxBladeDMG | DMG% | Stacks: 1 | Value: 0.750 | Remaining Turns: 1 | TickDown: SUP2, PERM | Target: SUP2 | Affects: ['ALL']
        WarriorGoddessHealCD | CD% | Stacks: 1 | Value: 0.150 | Remaining Turns: 1 | TickDown: SUP2, START | Target: SUP2 | Affects: ['ALL']
        ConvergingStarsCD | CD% | Stacks: 1 | Value: 0.120 | Remaining Turns: 1 | TickDown: SUP2, PERM | Target: SUP2 | Affects: ['ALL']
        HuoHuoUltATK | ATK% | Stacks: 1 | Value: 0.400 | Remaining Turns: 1 | TickDown: SUP2, END | Target: SUP2 | Affects: ['ALL']
        HuoHuoUltExtraATK | ATK% | Stacks: 1 | Value: 0.240 | Remaining Turns: 1 | TickDown: SUP2, END | Target: SUP2 | Affects: ['ALL']
        TutorialERR | ERR_T | Stacks: 1 | Value: 8.000 | Remaining Turns: 1 | TickDown: SUP2, START | Target: SUP2 | Affects: ['ALL']
        ----------End of Buff List----------

        ----------Enemy Debuffs----------
        AshveilBaitShred | From: SUP1 | SHRED | Stacks: 1 | Value: 0.400 | Remaining Turns: 996 | Target: 1 | Targeting: ST | Affects: ['ALL'] | DOT: False | Blast: False
        MortenaxBladeUltVul | From: SUP2 | VULN | Stacks: 1 | Value: 0.500 | Remaining Turns: 2 | Target: 1 | Targeting: ST | Affects: ['ALL'] | DOT: False | Blast: False
        MortenaxBladeUltShred | From: SUP2 | SHRED | Stacks: 1 | Value: 0.300 | Remaining Turns: 2 | Target: 1 | Targeting: ST | Affects: ['ALL'] | DOT: False | Blast: False
        Enemy 1 LNG-break | From: DPS | SHOCK | Stacks: 1 | Value: 8414.001 | Remaining Turns: 1 | Target: 1 | Targeting: ST | Affects: ['ALL'] | DOT: True | Blast: False
        ----------End of Debuff List----------
        ----------Healing List----------
        ----------End of Healing List----------
    GAUGE  - Enemy 1 toughness reduced by 0.000
    RESULT - MortenaxBladeBounceFUA | MortenaxBlade | SUP2 | DMG: 10955.737 | ELADMG: 0.000 | Enemies Hit: [1] | Enemies Broken: [] | WB DMG: 0.000 | Energy: 0.000 | Amount HP Healed: 0.000 | Amount HP Lost: 0.000 | MortenaxBlade Energy: 160/160 | SP: 0 | MaxSP: 5)
    TURN   - MortenaxBladeBounceFUA | MortenaxBlade | SUP2 | ST attack | ['FIR'] | ['FUA'] | Scaling: HP | TargetID: 1 | DMG/BREAK Splits: [0.24, 0]/[5, 0] | Energy Gained: 0 | SP Change: 0

        ----------Char Buffs----------
        GilgameshTrace3ATK | ATK% | Stacks: 1 | Value: 0.200 | Remaining Turns: 1 | TickDown: SUP2, PERM | Target: SUP2 | Affects: ['ALL']
        GilgameshTrace3CD | CD% | Stacks: 1 | Value: 0.200 | Remaining Turns: 1 | TickDown: SUP2, PERM | Target: SUP2 | Affects: ['ALL']
        AshveilTrace3CD | CD% | Stacks: 1 | Value: 0.400 | Remaining Turns: 1 | TickDown: SUP1, PERM | Target: SUP2 | Affects: ['ALL']
        AshveilTrace3FUACD | CD% | Stacks: 1 | Value: 0.800 | Remaining Turns: 1 | TickDown: SUP1, PERM | Target: SUP2 | Affects: ['FUA']
        TutorialEHR | EHR% | Stacks: 1 | Value: 0.400 | Remaining Turns: 1 | TickDown: SUP2, PERM | Target: SUP2 | Affects: ['ALL']
        MasterSmithHP | HP% | Stacks: 1 | Value: 0.120 | Remaining Turns: 1 | TickDown: SUP2, PERM | Target: SUP2 | Affects: ['ALL']
        LushakaERR | ERR% | Stacks: 1 | Value: 0.050 | Remaining Turns: 1 | TickDown: SUP2, PERM | Target: SUP2 | Affects: ['ALL']
        MortenaxBladeTraceCR | CR% | Stacks: 1 | Value: 0.120 | Remaining Turns: 1 | TickDown: SUP2, PERM | Target: SUP2 | Affects: ['ALL']
        MortenaxBladeTraceHP | HP% | Stacks: 1 | Value: 0.100 | Remaining Turns: 1 | TickDown: SUP2, PERM | Target: SUP2 | Affects: ['ALL']
        MortenaxBladeTraceDMG | DMG% | Stacks: 1 | Value: 0.224 | Remaining Turns: 1 | TickDown: SUP2, PERM | Target: SUP2 | Affects: ['ALL']
        KeelCD(SUS) | CD% | Stacks: 1 | Value: 0.100 | Remaining Turns: 1 | TickDown: SUP2, PERM | Target: SUP2 | Affects: ['ALL']
        MasterSmithCD | CD% | Stacks: 1 | Value: 0.280 | Remaining Turns: 1 | TickDown: SUP2, PERM | Target: SUP2 | Affects: ['ALL']
        MasterSmithComburent | DMG% | Stacks: 1 | Value: 0.150 | Remaining Turns: 2 | TickDown: SUP2, END | Target: SUP2 | Affects: ['ALL']
        MortenaxBladeCRBoost | CR% | Stacks: 1 | Value: 0.200 | Remaining Turns: 1 | TickDown: SUP2, PERM | Target: SUP2 | Affects: ['ALL']
        MortenaxBladeCDBoost | CD% | Stacks: 1 | Value: 0.600 | Remaining Turns: 1 | TickDown: SUP2, PERM | Target: SUP2 | Affects: ['ALL']
        MortenaxBladeDMGReduction | DMG_REDUCTION | Stacks: 1 | Value: 0.500 | Remaining Turns: 1 | TickDown: SUP2, PERM | Target: SUP2 | Affects: ['ALL']
        MortenaxBladeDMGBoost | DMG% | Stacks: 1 | Value: 0.500 | Remaining Turns: 1 | TickDown: SUP2, PERM | Target: SUP2 | Affects: ['ALL']
        MortenaxBladeDMG | DMG% | Stacks: 1 | Value: 0.750 | Remaining Turns: 1 | TickDown: SUP2, PERM | Target: SUP2 | Affects: ['ALL']
        WarriorGoddessHealCD | CD% | Stacks: 1 | Value: 0.150 | Remaining Turns: 1 | TickDown: SUP2, START | Target: SUP2 | Affects: ['ALL']
        ConvergingStarsCD | CD% | Stacks: 1 | Value: 0.120 | Remaining Turns: 1 | TickDown: SUP2, PERM | Target: SUP2 | Affects: ['ALL']
        HuoHuoUltATK | ATK% | Stacks: 1 | Value: 0.400 | Remaining Turns: 1 | TickDown: SUP2, END | Target: SUP2 | Affects: ['ALL']
        HuoHuoUltExtraATK | ATK% | Stacks: 1 | Value: 0.240 | Remaining Turns: 1 | TickDown: SUP2, END | Target: SUP2 | Affects: ['ALL']
        TutorialERR | ERR_T | Stacks: 1 | Value: 8.000 | Remaining Turns: 1 | TickDown: SUP2, START | Target: SUP2 | Affects: ['ALL']
        ----------End of Buff List----------

        ----------Enemy Debuffs----------
        AshveilBaitShred | From: SUP1 | SHRED | Stacks: 1 | Value: 0.400 | Remaining Turns: 996 | Target: 1 | Targeting: ST | Affects: ['ALL'] | DOT: False | Blast: False
        MortenaxBladeUltVul | From: SUP2 | VULN | Stacks: 1 | Value: 0.500 | Remaining Turns: 2 | Target: 1 | Targeting: ST | Affects: ['ALL'] | DOT: False | Blast: False
        MortenaxBladeUltShred | From: SUP2 | SHRED | Stacks: 1 | Value: 0.300 | Remaining Turns: 2 | Target: 1 | Targeting: ST | Affects: ['ALL'] | DOT: False | Blast: False
        Enemy 1 LNG-break | From: DPS | SHOCK | Stacks: 1 | Value: 8414.001 | Remaining Turns: 1 | Target: 1 | Targeting: ST | Affects: ['ALL'] | DOT: True | Blast: False
        ----------End of Debuff List----------
        ----------Healing List----------
        ----------End of Healing List----------
    GAUGE  - Enemy 1 toughness reduced by 0.000
    RESULT - MortenaxBladeBounceFUA | MortenaxBlade | SUP2 | DMG: 10955.737 | ELADMG: 0.000 | Enemies Hit: [1] | Enemies Broken: [] | WB DMG: 0.000 | Energy: 0.000 | Amount HP Healed: 0.000 | Amount HP Lost: 0.000 | MortenaxBlade Energy: 160/160 | SP: 0 | MaxSP: 5)
    TURN   - MortenaxBladeBounceFUA | MortenaxBlade | SUP2 | ST attack | ['FIR'] | ['FUA'] | Scaling: HP | TargetID: 1 | DMG/BREAK Splits: [0.24, 0]/[5, 0] | Energy Gained: 0 | SP Change: 0

        ----------Char Buffs----------
        GilgameshTrace3ATK | ATK% | Stacks: 1 | Value: 0.200 | Remaining Turns: 1 | TickDown: SUP2, PERM | Target: SUP2 | Affects: ['ALL']
        GilgameshTrace3CD | CD% | Stacks: 1 | Value: 0.200 | Remaining Turns: 1 | TickDown: SUP2, PERM | Target: SUP2 | Affects: ['ALL']
        AshveilTrace3CD | CD% | Stacks: 1 | Value: 0.400 | Remaining Turns: 1 | TickDown: SUP1, PERM | Target: SUP2 | Affects: ['ALL']
        AshveilTrace3FUACD | CD% | Stacks: 1 | Value: 0.800 | Remaining Turns: 1 | TickDown: SUP1, PERM | Target: SUP2 | Affects: ['FUA']
        TutorialEHR | EHR% | Stacks: 1 | Value: 0.400 | Remaining Turns: 1 | TickDown: SUP2, PERM | Target: SUP2 | Affects: ['ALL']
        MasterSmithHP | HP% | Stacks: 1 | Value: 0.120 | Remaining Turns: 1 | TickDown: SUP2, PERM | Target: SUP2 | Affects: ['ALL']
        LushakaERR | ERR% | Stacks: 1 | Value: 0.050 | Remaining Turns: 1 | TickDown: SUP2, PERM | Target: SUP2 | Affects: ['ALL']
        MortenaxBladeTraceCR | CR% | Stacks: 1 | Value: 0.120 | Remaining Turns: 1 | TickDown: SUP2, PERM | Target: SUP2 | Affects: ['ALL']
        MortenaxBladeTraceHP | HP% | Stacks: 1 | Value: 0.100 | Remaining Turns: 1 | TickDown: SUP2, PERM | Target: SUP2 | Affects: ['ALL']
        MortenaxBladeTraceDMG | DMG% | Stacks: 1 | Value: 0.224 | Remaining Turns: 1 | TickDown: SUP2, PERM | Target: SUP2 | Affects: ['ALL']
        KeelCD(SUS) | CD% | Stacks: 1 | Value: 0.100 | Remaining Turns: 1 | TickDown: SUP2, PERM | Target: SUP2 | Affects: ['ALL']
        MasterSmithCD | CD% | Stacks: 1 | Value: 0.280 | Remaining Turns: 1 | TickDown: SUP2, PERM | Target: SUP2 | Affects: ['ALL']
        MasterSmithComburent | DMG% | Stacks: 1 | Value: 0.150 | Remaining Turns: 2 | TickDown: SUP2, END | Target: SUP2 | Affects: ['ALL']
        MortenaxBladeCRBoost | CR% | Stacks: 1 | Value: 0.200 | Remaining Turns: 1 | TickDown: SUP2, PERM | Target: SUP2 | Affects: ['ALL']
        MortenaxBladeCDBoost | CD% | Stacks: 1 | Value: 0.600 | Remaining Turns: 1 | TickDown: SUP2, PERM | Target: SUP2 | Affects: ['ALL']
        MortenaxBladeDMGReduction | DMG_REDUCTION | Stacks: 1 | Value: 0.500 | Remaining Turns: 1 | TickDown: SUP2, PERM | Target: SUP2 | Affects: ['ALL']
        MortenaxBladeDMGBoost | DMG% | Stacks: 1 | Value: 0.500 | Remaining Turns: 1 | TickDown: SUP2, PERM | Target: SUP2 | Affects: ['ALL']
        MortenaxBladeDMG | DMG% | Stacks: 1 | Value: 0.750 | Remaining Turns: 1 | TickDown: SUP2, PERM | Target: SUP2 | Affects: ['ALL']
        WarriorGoddessHealCD | CD% | Stacks: 1 | Value: 0.150 | Remaining Turns: 1 | TickDown: SUP2, START | Target: SUP2 | Affects: ['ALL']
        ConvergingStarsCD | CD% | Stacks: 1 | Value: 0.120 | Remaining Turns: 1 | TickDown: SUP2, PERM | Target: SUP2 | Affects: ['ALL']
        HuoHuoUltATK | ATK% | Stacks: 1 | Value: 0.400 | Remaining Turns: 1 | TickDown: SUP2, END | Target: SUP2 | Affects: ['ALL']
        HuoHuoUltExtraATK | ATK% | Stacks: 1 | Value: 0.240 | Remaining Turns: 1 | TickDown: SUP2, END | Target: SUP2 | Affects: ['ALL']
        TutorialERR | ERR_T | Stacks: 1 | Value: 8.000 | Remaining Turns: 1 | TickDown: SUP2, START | Target: SUP2 | Affects: ['ALL']
        ----------End of Buff List----------

        ----------Enemy Debuffs----------
        AshveilBaitShred | From: SUP1 | SHRED | Stacks: 1 | Value: 0.400 | Remaining Turns: 996 | Target: 1 | Targeting: ST | Affects: ['ALL'] | DOT: False | Blast: False
        MortenaxBladeUltVul | From: SUP2 | VULN | Stacks: 1 | Value: 0.500 | Remaining Turns: 2 | Target: 1 | Targeting: ST | Affects: ['ALL'] | DOT: False | Blast: False
        MortenaxBladeUltShred | From: SUP2 | SHRED | Stacks: 1 | Value: 0.300 | Remaining Turns: 2 | Target: 1 | Targeting: ST | Affects: ['ALL'] | DOT: False | Blast: False
        Enemy 1 LNG-break | From: DPS | SHOCK | Stacks: 1 | Value: 8414.001 | Remaining Turns: 1 | Target: 1 | Targeting: ST | Affects: ['ALL'] | DOT: True | Blast: False
        ----------End of Debuff List----------
        ----------Healing List----------
        ----------End of Healing List----------
    GAUGE  - Enemy 1 toughness reduced by 0.000
    RESULT - MortenaxBladeBounceFUA | MortenaxBlade | SUP2 | DMG: 10955.737 | ELADMG: 0.000 | Enemies Hit: [1] | Enemies Broken: [] | WB DMG: 0.000 | Energy: 0.000 | Amount HP Healed: 0.000 | Amount HP Lost: 0.000 | MortenaxBlade Energy: 160/160 | SP: 0 | MaxSP: 5)
    TURN   - HuoHuoAllyERR | HuoHuo | SUS | NA attack | ['WIN'] | ['SPECIAL'] | Scaling: HP | TargetID: 1 | DMG/BREAK Splits: [0, 0]/[0, 0] | Energy Gained: 1 | SP Change: 0

        ----------Char Buffs----------
        GilgameshTrace3ATK | ATK% | Stacks: 1 | Value: 0.200 | Remaining Turns: 1 | TickDown: SUS, PERM | Target: SUS | Affects: ['ALL']
        GilgameshTrace3CD | CD% | Stacks: 1 | Value: 0.200 | Remaining Turns: 1 | TickDown: SUS, PERM | Target: SUS | Affects: ['ALL']
        AshveilTrace3CD | CD% | Stacks: 1 | Value: 0.400 | Remaining Turns: 1 | TickDown: SUP1, PERM | Target: SUS | Affects: ['ALL']
        PostOpERR | ERR% | Stacks: 1 | Value: 0.160 | Remaining Turns: 1 | TickDown: SUS, PERM | Target: SUS | Affects: ['ALL']
        WarriorGoddessSPD | SPD% | Stacks: 1 | Value: 0.060 | Remaining Turns: 1 | TickDown: SUS, PERM | Target: SUS | Affects: ['ALL']
        KeelEFFRES | ERS% | Stacks: 1 | Value: 0.100 | Remaining Turns: 1 | TickDown: SUS, PERM | Target: SUS | Affects: ['ALL']
        KeelCD(SUS) | CD% | Stacks: 1 | Value: 0.100 | Remaining Turns: 1 | TickDown: SUS, PERM | Target: SUS | Affects: ['ALL']
        HHTraceHP | HP% | Stacks: 1 | Value: 0.280 | Remaining Turns: 1 | TickDown: SUS, PERM | Target: SUS | Affects: ['ALL']
        HHTraceERS | ERS% | Stacks: 1 | Value: 0.180 | Remaining Turns: 1 | TickDown: SUS, PERM | Target: SUS | Affects: ['ALL']
        HHTraceSPD | SPD | Stacks: 1 | Value: 5.000 | Remaining Turns: 1 | TickDown: SUS, PERM | Target: SUS | Affects: ['ALL']
        MasterSmithComburent | DMG% | Stacks: 1 | Value: 0.150 | Remaining Turns: 2 | TickDown: SUS, END | Target: SUS | Affects: ['ALL']
        MortenaxBladeDMGBoost | DMG% | Stacks: 1 | Value: 0.500 | Remaining Turns: 1 | TickDown: SUS, PERM | Target: SUS | Affects: ['ALL']
        WarriorGoddessHealSPD | SPD% | Stacks: 1 | Value: 0.060 | Remaining Turns: 2 | TickDown: SUS, START | Target: SUS | Affects: ['ALL']
        WarriorGoddessHealCD | CD% | Stacks: 1 | Value: 0.150 | Remaining Turns: 2 | TickDown: SUS, START | Target: SUS | Affects: ['ALL']
        ConvergingStarsCD | CD% | Stacks: 1 | Value: 0.120 | Remaining Turns: 1 | TickDown: SUS, PERM | Target: SUS | Affects: ['ALL']
        ----------End of Buff List----------

        ----------Enemy Debuffs----------
        AshveilBaitShred | From: SUP1 | SHRED | Stacks: 1 | Value: 0.400 | Remaining Turns: 996 | Target: 1 | Targeting: ST | Affects: ['ALL'] | DOT: False | Blast: False
        MortenaxBladeUltVul | From: SUP2 | VULN | Stacks: 1 | Value: 0.500 | Remaining Turns: 2 | Target: 1 | Targeting: ST | Affects: ['ALL'] | DOT: False | Blast: False
        MortenaxBladeUltShred | From: SUP2 | SHRED | Stacks: 1 | Value: 0.300 | Remaining Turns: 2 | Target: 1 | Targeting: ST | Affects: ['ALL'] | DOT: False | Blast: False
        Enemy 1 LNG-break | From: DPS | SHOCK | Stacks: 1 | Value: 8414.001 | Remaining Turns: 1 | Target: 1 | Targeting: ST | Affects: ['ALL'] | DOT: True | Blast: False
        ----------End of Debuff List----------
        ----------Healing List----------
        ----------End of Healing List----------
    GAUGE  - Enemy 1 toughness reduced by 0.000
    RESULT - HuoHuoAllyERR | HuoHuo | SUS | DMG: 0.000 | ELADMG: 0.000 | Enemies Hit: [1] | Enemies Broken: [] | WB DMG: 0.000 | Energy: 1.354 | Amount HP Healed: 0.000 | Amount HP Lost: 0.000 | HuoHuo Energy: 116/140 | SP: 0 | MaxSP: 5)
ERR    > 8.000 energy added to Ashveil from AshveilTalentEnergy16 | Ashveil Energy: 150.000
ERR    > 8.000 energy added to Ashveil from AshveilTalentEnergy17 | Ashveil Energy: 150.000
ERR    > 9.955 energy added to MortenaxBlade from TutorialERR | MortenaxBlade Energy: 160.000
ULT    > Ashveil used their ultimate
Ashveil has 12 gluttony stacks before ult.
Ashveil has obtained 2 gluttony stacks from Ult.
    TURN   - AshveilUlt | Ashveil | SUP1 | ST attack | ['LNG'] | ['ULT'] | Scaling: ATK | TargetID: 2 | DMG/BREAK Splits: [4.0, 0]/[30, 0] | Energy Gained: 5 | SP Change: 0

        ----------Char Buffs----------
        GilgameshTrace3ATK | ATK% | Stacks: 1 | Value: 0.200 | Remaining Turns: 1 | TickDown: SUP1, PERM | Target: SUP1 | Affects: ['ALL']
        GilgameshTrace3CD | CD% | Stacks: 1 | Value: 0.200 | Remaining Turns: 1 | TickDown: SUP1, PERM | Target: SUP1 | Affects: ['ALL']
        CruisingBaseCR | CR% | Stacks: 1 | Value: 0.160 | Remaining Turns: 1 | TickDown: SUP1, PERM | Target: SUP1 | Affects: ['ALL']
        AshveilTraceCD | CD% | Stacks: 1 | Value: 0.373 | Remaining Turns: 1 | TickDown: SUP1, PERM | Target: SUP1 | Affects: ['ALL']
        AshveilTraceATK | ATK% | Stacks: 1 | Value: 0.100 | Remaining Turns: 1 | TickDown: SUP1, PERM | Target: SUP1 | Affects: ['ALL']
        AshveilTraceDMG | DMG% | Stacks: 1 | Value: 0.144 | Remaining Turns: 1 | TickDown: SUP1, PERM | Target: SUP1 | Affects: ['ALL']
        AshveilTrace3CD | CD% | Stacks: 1 | Value: 0.400 | Remaining Turns: 1 | TickDown: SUP1, PERM | Target: SUP1 | Affects: ['ALL']
        KeelCD(SUS) | CD% | Stacks: 1 | Value: 0.100 | Remaining Turns: 1 | TickDown: SUP1, PERM | Target: SUP1 | Affects: ['ALL']
        GilgameshTrace3AllyATK | ATK% | Stacks: 1 | Value: 0.100 | Remaining Turns: 1 | TickDown: SUP1, PERM | Target: SUP1 | Affects: ['ALL']
        GilgameshTrace3AllyCD | CD% | Stacks: 1 | Value: 0.100 | Remaining Turns: 1 | TickDown: SUP1, PERM | Target: SUP1 | Affects: ['ALL']
        MasterSmithComburent | DMG% | Stacks: 1 | Value: 0.150 | Remaining Turns: 2 | TickDown: SUP1, END | Target: SUP1 | Affects: ['ALL']
        DukeATK | ATK% | Stacks: 1 | Value: 0.480 | Remaining Turns: 2 | TickDown: SUP1, END | Target: SUP1 | Affects: ['ALL']
        ConvergingStarsATK | ATK% | Stacks: 1 | Value: 0.240 | Remaining Turns: 1 | TickDown: SUP1, END | Target: SUP1 | Affects: ['ALL']
        MortenaxBladeDMGBoost | DMG% | Stacks: 1 | Value: 0.500 | Remaining Turns: 1 | TickDown: SUP1, PERM | Target: SUP1 | Affects: ['ALL']
        WarriorGoddessHealCD | CD% | Stacks: 1 | Value: 0.150 | Remaining Turns: 2 | TickDown: SUP1, START | Target: SUP1 | Affects: ['ALL']
        ConvergingStarsCD | CD% | Stacks: 1 | Value: 0.120 | Remaining Turns: 1 | TickDown: SUP1, PERM | Target: SUP1 | Affects: ['ALL']
        CruisingLowHPCR | CR% | Stacks: 1 | Value: 0.160 | Remaining Turns: 1 | TickDown: SUP1, START | Target: SUP1 | Affects: ['ALL']
        ----------End of Buff List----------

        ----------Enemy Debuffs----------
        AshveilBaitShred | From: SUP1 | SHRED | Stacks: 1 | Value: 0.400 | Remaining Turns: 997 | Target: 2 | Targeting: ST | Affects: ['ALL'] | DOT: False | Blast: False
        MortenaxBladeUltVul | From: SUP2 | VULN | Stacks: 1 | Value: 0.500 | Remaining Turns: 2 | Target: 2 | Targeting: ST | Affects: ['ALL'] | DOT: False | Blast: False
        MortenaxBladeUltShred | From: SUP2 | SHRED | Stacks: 1 | Value: 0.300 | Remaining Turns: 2 | Target: 2 | Targeting: ST | Affects: ['ALL'] | DOT: False | Blast: False
        Enemy 2 LNG-break | From: SUP1 | SHOCK | Stacks: 1 | Value: 8414.001 | Remaining Turns: 1 | Target: 2 | Targeting: ST | Affects: ['ALL'] | DOT: True | Blast: False
        ----------End of Debuff List----------
        ----------Healing List----------
        ----------End of Healing List----------
    GAUGE  - Enemy 2 toughness reduced by 30.000
    RESULT - AshveilUlt | Ashveil | SUP1 | DMG: 114561.249 | ELADMG: 0.000 | Enemies Hit: [2] | Enemies Broken: [] | WB DMG: 0.000 | Energy: 5.000 | Amount HP Healed: 0.000 | Amount HP Lost: 0.000 | Ashveil Energy: 5/150 | SP: 0 | MaxSP: 5)
Gilgamesh Obtained 2 Interest from Teammate Ult, Current count: 4
Gilgamesh Obtained 45.0 Energy from Teammate
Gilgamesh Obtained 1 Interest from Teammate, Current count: 5
Ashveil has obtained 2 gluttony stacks from FUA.
MortenaxBlade has obtained 1 Charge. Current Charge count: 2.
    TURN   - AshveilFUA | Ashveil | SUP1 | ST attack | ['LNG'] | ['FUA'] | Scaling: ATK | TargetID: 2 | DMG/BREAK Splits: [8.0, 0]/[5, 0] | Energy Gained: 5 | SP Change: 0

        ----------Char Buffs----------
        GilgameshTrace3ATK | ATK% | Stacks: 1 | Value: 0.200 | Remaining Turns: 1 | TickDown: SUP1, PERM | Target: SUP1 | Affects: ['ALL']
        GilgameshTrace3CD | CD% | Stacks: 1 | Value: 0.200 | Remaining Turns: 1 | TickDown: SUP1, PERM | Target: SUP1 | Affects: ['ALL']
        CruisingBaseCR | CR% | Stacks: 1 | Value: 0.160 | Remaining Turns: 1 | TickDown: SUP1, PERM | Target: SUP1 | Affects: ['ALL']
        DukeDMG | DMG% | Stacks: 1 | Value: 0.200 | Remaining Turns: 1 | TickDown: SUP1, PERM | Target: SUP1 | Affects: ['FUA']
        AshveilTraceCD | CD% | Stacks: 1 | Value: 0.373 | Remaining Turns: 1 | TickDown: SUP1, PERM | Target: SUP1 | Affects: ['ALL']
        AshveilTraceATK | ATK% | Stacks: 1 | Value: 0.100 | Remaining Turns: 1 | TickDown: SUP1, PERM | Target: SUP1 | Affects: ['ALL']
        AshveilTraceDMG | DMG% | Stacks: 1 | Value: 0.144 | Remaining Turns: 1 | TickDown: SUP1, PERM | Target: SUP1 | Affects: ['ALL']
        AshveilTrace2DMG | DMG% | Stacks: 1 | Value: 0.800 | Remaining Turns: 1 | TickDown: SUP1, PERM | Target: SUP1 | Affects: ['FUA']
        AshveilTrace3CD | CD% | Stacks: 1 | Value: 0.400 | Remaining Turns: 1 | TickDown: SUP1, PERM | Target: SUP1 | Affects: ['ALL']
        AshveilTrace3FUACD | CD% | Stacks: 1 | Value: 0.800 | Remaining Turns: 1 | TickDown: SUP1, PERM | Target: SUP1 | Affects: ['FUA']
        KeelCD(SUS) | CD% | Stacks: 1 | Value: 0.100 | Remaining Turns: 1 | TickDown: SUP1, PERM | Target: SUP1 | Affects: ['ALL']
        GilgameshTrace3AllyATK | ATK% | Stacks: 1 | Value: 0.100 | Remaining Turns: 1 | TickDown: SUP1, PERM | Target: SUP1 | Affects: ['ALL']
        GilgameshTrace3AllyCD | CD% | Stacks: 1 | Value: 0.100 | Remaining Turns: 1 | TickDown: SUP1, PERM | Target: SUP1 | Affects: ['ALL']
        MasterSmithComburent | DMG% | Stacks: 1 | Value: 0.150 | Remaining Turns: 2 | TickDown: SUP1, END | Target: SUP1 | Affects: ['ALL']
        DukeATK | ATK% | Stacks: 1 | Value: 0.480 | Remaining Turns: 3 | TickDown: SUP1, END | Target: SUP1 | Affects: ['ALL']
        ConvergingStarsATK | ATK% | Stacks: 1 | Value: 0.240 | Remaining Turns: 2 | TickDown: SUP1, END | Target: SUP1 | Affects: ['ALL']
        MortenaxBladeDMGBoost | DMG% | Stacks: 1 | Value: 0.500 | Remaining Turns: 1 | TickDown: SUP1, PERM | Target: SUP1 | Affects: ['ALL']
        WarriorGoddessHealCD | CD% | Stacks: 1 | Value: 0.150 | Remaining Turns: 2 | TickDown: SUP1, START | Target: SUP1 | Affects: ['ALL']
        ConvergingStarsCD | CD% | Stacks: 1 | Value: 0.120 | Remaining Turns: 1 | TickDown: SUP1, PERM | Target: SUP1 | Affects: ['ALL']
        CruisingLowHPCR | CR% | Stacks: 1 | Value: 0.160 | Remaining Turns: 1 | TickDown: SUP1, START | Target: SUP1 | Affects: ['ALL']
        AshveilTrace2GluttonyDMG | DMG% | Stacks: 1 | Value: 0.600 | Remaining Turns: 1 | TickDown: SUP1, END | Target: SUP1 | Affects: ['FUA']
        ----------End of Buff List----------

        ----------Enemy Debuffs----------
        AshveilBaitShred | From: SUP1 | SHRED | Stacks: 1 | Value: 0.400 | Remaining Turns: 997 | Target: 2 | Targeting: ST | Affects: ['ALL'] | DOT: False | Blast: False
        MortenaxBladeUltVul | From: SUP2 | VULN | Stacks: 1 | Value: 0.500 | Remaining Turns: 2 | Target: 2 | Targeting: ST | Affects: ['ALL'] | DOT: False | Blast: False
        MortenaxBladeUltShred | From: SUP2 | SHRED | Stacks: 1 | Value: 0.300 | Remaining Turns: 2 | Target: 2 | Targeting: ST | Affects: ['ALL'] | DOT: False | Blast: False
        Enemy 2 LNG-break | From: SUP1 | SHOCK | Stacks: 1 | Value: 8414.001 | Remaining Turns: 1 | Target: 2 | Targeting: ST | Affects: ['ALL'] | DOT: True | Blast: False
        ----------End of Debuff List----------
        ----------Healing List----------
        HuoHuoTalentHealingScaling | Targeting: Targeting.SINGLE | Healing Value: [0] | Target: ALL
        HuoHuoTalentHealingScaling | Targeting: Targeting.SINGLE | Healing Value: [0.045] | Target: ALL
        HuoHuoTalentHealingScaling | Targeting: Targeting.SINGLE | Healing Value: [0] | Target: ALL
        HuoHuoTalentHealingScaling | Targeting: Targeting.SINGLE | Healing Value: [0] | Target: ALL
        HuoHuoTalentHealingFlat | Targeting: Targeting.SINGLE | Healing Value: [0] | Target: ALL
        HuoHuoTalentHealingFlat | Targeting: Targeting.SINGLE | Healing Value: [120] | Target: ALL
        HuoHuoTalentHealingFlat | Targeting: Targeting.SINGLE | Healing Value: [0] | Target: ALL
        HuoHuoTalentHealingFlat | Targeting: Targeting.SINGLE | Healing Value: [0] | Target: ALL
        ----------End of Healing List----------
    GAUGE  - Enemy 2 toughness reduced by 5.000
    RESULT - AshveilFUA | Ashveil | SUP1 | DMG: 530210.326 | ELADMG: 0.000 | Enemies Hit: [2] | Enemies Broken: [] | WB DMG: 0.000 | Energy: 5.000 | Amount HP Healed: 371.779 | Amount HP Lost: 0.000 | Ashveil Energy: 10/150 | SP: 0 | MaxSP: 5)
Gilgamesh Obtained 1 Interest from Teammate, Current count: 6
MortenaxBlade has obtained 1 Charge. Current Charge count: 3.
    TURN   - HuoHuoAllyERR | HuoHuo | SUS | NA attack | ['WIN'] | ['SPECIAL'] | Scaling: HP | TargetID: 1 | DMG/BREAK Splits: [0, 0]/[0, 0] | Energy Gained: 1 | SP Change: 0

        ----------Char Buffs----------
        GilgameshTrace3ATK | ATK% | Stacks: 1 | Value: 0.200 | Remaining Turns: 1 | TickDown: SUS, PERM | Target: SUS | Affects: ['ALL']
        GilgameshTrace3CD | CD% | Stacks: 1 | Value: 0.200 | Remaining Turns: 1 | TickDown: SUS, PERM | Target: SUS | Affects: ['ALL']
        AshveilTrace3CD | CD% | Stacks: 1 | Value: 0.400 | Remaining Turns: 1 | TickDown: SUP1, PERM | Target: SUS | Affects: ['ALL']
        PostOpERR | ERR% | Stacks: 1 | Value: 0.160 | Remaining Turns: 1 | TickDown: SUS, PERM | Target: SUS | Affects: ['ALL']
        WarriorGoddessSPD | SPD% | Stacks: 1 | Value: 0.060 | Remaining Turns: 1 | TickDown: SUS, PERM | Target: SUS | Affects: ['ALL']
        KeelEFFRES | ERS% | Stacks: 1 | Value: 0.100 | Remaining Turns: 1 | TickDown: SUS, PERM | Target: SUS | Affects: ['ALL']
        KeelCD(SUS) | CD% | Stacks: 1 | Value: 0.100 | Remaining Turns: 1 | TickDown: SUS, PERM | Target: SUS | Affects: ['ALL']
        HHTraceHP | HP% | Stacks: 1 | Value: 0.280 | Remaining Turns: 1 | TickDown: SUS, PERM | Target: SUS | Affects: ['ALL']
        HHTraceERS | ERS% | Stacks: 1 | Value: 0.180 | Remaining Turns: 1 | TickDown: SUS, PERM | Target: SUS | Affects: ['ALL']
        HHTraceSPD | SPD | Stacks: 1 | Value: 5.000 | Remaining Turns: 1 | TickDown: SUS, PERM | Target: SUS | Affects: ['ALL']
        MasterSmithComburent | DMG% | Stacks: 1 | Value: 0.150 | Remaining Turns: 2 | TickDown: SUS, END | Target: SUS | Affects: ['ALL']
        MortenaxBladeDMGBoost | DMG% | Stacks: 1 | Value: 0.500 | Remaining Turns: 1 | TickDown: SUS, PERM | Target: SUS | Affects: ['ALL']
        WarriorGoddessHealSPD | SPD% | Stacks: 1 | Value: 0.060 | Remaining Turns: 2 | TickDown: SUS, START | Target: SUS | Affects: ['ALL']
        WarriorGoddessHealCD | CD% | Stacks: 1 | Value: 0.150 | Remaining Turns: 2 | TickDown: SUS, START | Target: SUS | Affects: ['ALL']
        ConvergingStarsCD | CD% | Stacks: 1 | Value: 0.120 | Remaining Turns: 1 | TickDown: SUS, PERM | Target: SUS | Affects: ['ALL']
        ----------End of Buff List----------

        ----------Enemy Debuffs----------
        AshveilBaitShred | From: SUP1 | SHRED | Stacks: 1 | Value: 0.400 | Remaining Turns: 996 | Target: 1 | Targeting: ST | Affects: ['ALL'] | DOT: False | Blast: False
        MortenaxBladeUltVul | From: SUP2 | VULN | Stacks: 1 | Value: 0.500 | Remaining Turns: 2 | Target: 1 | Targeting: ST | Affects: ['ALL'] | DOT: False | Blast: False
        MortenaxBladeUltShred | From: SUP2 | SHRED | Stacks: 1 | Value: 0.300 | Remaining Turns: 2 | Target: 1 | Targeting: ST | Affects: ['ALL'] | DOT: False | Blast: False
        Enemy 1 LNG-break | From: DPS | SHOCK | Stacks: 1 | Value: 8414.001 | Remaining Turns: 1 | Target: 1 | Targeting: ST | Affects: ['ALL'] | DOT: True | Blast: False
        ----------End of Debuff List----------
        ----------Healing List----------
        ----------End of Healing List----------
    GAUGE  - Enemy 1 toughness reduced by 0.000
    RESULT - HuoHuoAllyERR | HuoHuo | SUS | DMG: 0.000 | ELADMG: 0.000 | Enemies Hit: [1] | Enemies Broken: [] | WB DMG: 0.000 | Energy: 1.354 | Amount HP Healed: 0.000 | Amount HP Lost: 0.000 | HuoHuo Energy: 118/140 | SP: 0 | MaxSP: 5)
ERR    > 45.000 energy added to Gilgamesh from GilgameshTrace1ERRAlly1 | Gilgamesh Energy: 116.667
ULT    > MortenaxBlade used their ultimate
MortenaxBlade has obtained 1 Charge. Current Charge count: 4.
    TURN   - MortenaxBladeEnhancedUlt | MortenaxBlade | SUP2 | AOE attack | ['FIR'] | ['ULT'] | Scaling: HP | TargetID: 1 | DMG/BREAK Splits: [3.5, 0]/[20, 0] | Energy Gained: 5 | SP Change: 0

        ----------Char Buffs----------
        GilgameshTrace3ATK | ATK% | Stacks: 1 | Value: 0.200 | Remaining Turns: 1 | TickDown: SUP2, PERM | Target: SUP2 | Affects: ['ALL']
        GilgameshTrace3CD | CD% | Stacks: 1 | Value: 0.200 | Remaining Turns: 1 | TickDown: SUP2, PERM | Target: SUP2 | Affects: ['ALL']
        AshveilTrace3CD | CD% | Stacks: 1 | Value: 0.400 | Remaining Turns: 1 | TickDown: SUP1, PERM | Target: SUP2 | Affects: ['ALL']
        TutorialEHR | EHR% | Stacks: 1 | Value: 0.400 | Remaining Turns: 1 | TickDown: SUP2, PERM | Target: SUP2 | Affects: ['ALL']
        MasterSmithHP | HP% | Stacks: 1 | Value: 0.120 | Remaining Turns: 1 | TickDown: SUP2, PERM | Target: SUP2 | Affects: ['ALL']
        LushakaERR | ERR% | Stacks: 1 | Value: 0.050 | Remaining Turns: 1 | TickDown: SUP2, PERM | Target: SUP2 | Affects: ['ALL']
        MortenaxBladeTraceCR | CR% | Stacks: 1 | Value: 0.120 | Remaining Turns: 1 | TickDown: SUP2, PERM | Target: SUP2 | Affects: ['ALL']
        MortenaxBladeTraceHP | HP% | Stacks: 1 | Value: 0.100 | Remaining Turns: 1 | TickDown: SUP2, PERM | Target: SUP2 | Affects: ['ALL']
        MortenaxBladeTraceDMG | DMG% | Stacks: 1 | Value: 0.224 | Remaining Turns: 1 | TickDown: SUP2, PERM | Target: SUP2 | Affects: ['ALL']
        KeelCD(SUS) | CD% | Stacks: 1 | Value: 0.100 | Remaining Turns: 1 | TickDown: SUP2, PERM | Target: SUP2 | Affects: ['ALL']
        MasterSmithCD | CD% | Stacks: 1 | Value: 0.280 | Remaining Turns: 1 | TickDown: SUP2, PERM | Target: SUP2 | Affects: ['ALL']
        MasterSmithComburent | DMG% | Stacks: 1 | Value: 0.150 | Remaining Turns: 2 | TickDown: SUP2, END | Target: SUP2 | Affects: ['ALL']
        MortenaxBladeCRBoost | CR% | Stacks: 1 | Value: 0.200 | Remaining Turns: 1 | TickDown: SUP2, PERM | Target: SUP2 | Affects: ['ALL']
        MortenaxBladeCDBoost | CD% | Stacks: 1 | Value: 0.600 | Remaining Turns: 1 | TickDown: SUP2, PERM | Target: SUP2 | Affects: ['ALL']
        MortenaxBladeDMGReduction | DMG_REDUCTION | Stacks: 1 | Value: 0.500 | Remaining Turns: 1 | TickDown: SUP2, PERM | Target: SUP2 | Affects: ['ALL']
        MortenaxBladeDMGBoost | DMG% | Stacks: 1 | Value: 0.500 | Remaining Turns: 1 | TickDown: SUP2, PERM | Target: SUP2 | Affects: ['ALL']
        MortenaxBladeDMG | DMG% | Stacks: 1 | Value: 0.750 | Remaining Turns: 1 | TickDown: SUP2, PERM | Target: SUP2 | Affects: ['ALL']
        WarriorGoddessHealCD | CD% | Stacks: 1 | Value: 0.150 | Remaining Turns: 1 | TickDown: SUP2, START | Target: SUP2 | Affects: ['ALL']
        ConvergingStarsCD | CD% | Stacks: 1 | Value: 0.120 | Remaining Turns: 1 | TickDown: SUP2, PERM | Target: SUP2 | Affects: ['ALL']
        HuoHuoUltATK | ATK% | Stacks: 1 | Value: 0.400 | Remaining Turns: 1 | TickDown: SUP2, END | Target: SUP2 | Affects: ['ALL']
        HuoHuoUltExtraATK | ATK% | Stacks: 1 | Value: 0.240 | Remaining Turns: 1 | TickDown: SUP2, END | Target: SUP2 | Affects: ['ALL']
        ----------End of Buff List----------

        ----------Enemy Debuffs----------
        AshveilBaitShred | From: SUP1 | SHRED | Stacks: 1 | Value: 0.400 | Remaining Turns: 996 | Target: 1 | Targeting: ST | Affects: ['ALL'] | DOT: False | Blast: False
        MortenaxBladeUltVul | From: SUP2 | VULN | Stacks: 1 | Value: 0.500 | Remaining Turns: 2 | Target: 1 | Targeting: ST | Affects: ['ALL'] | DOT: False | Blast: False
        MortenaxBladeUltShred | From: SUP2 | SHRED | Stacks: 1 | Value: 0.300 | Remaining Turns: 2 | Target: 1 | Targeting: ST | Affects: ['ALL'] | DOT: False | Blast: False
        Enemy 1 LNG-break | From: DPS | SHOCK | Stacks: 1 | Value: 8414.001 | Remaining Turns: 1 | Target: 1 | Targeting: ST | Affects: ['ALL'] | DOT: True | Blast: False
        ----------End of Debuff List----------
        ----------Healing List----------
        ----------End of Healing List----------
    GAUGE  - Enemy 0 toughness reduced by 0.000
    GAUGE  - Enemy 1 toughness reduced by 0.000
    GAUGE  - Enemy 2 toughness reduced by 0.000
    RESULT - MortenaxBladeEnhancedUlt | MortenaxBlade | SUP2 | DMG: 408982.998 | ELADMG: 0.000 | Enemies Hit: [0, 1, 2] | Enemies Broken: [] | WB DMG: 0.000 | Energy: 6.222 | Amount HP Healed: 0.000 | Amount HP Lost: 0.000 | MortenaxBlade Energy: 6/160 | SP: 0 | MaxSP: 5)
Gilgamesh Obtained 2 Interest from Teammate Ult, Current count: 8
Gilgamesh Obtained 48.0 Energy from Teammate
Gilgamesh Obtained 1 Interest from Teammate, Current count: 9
Ashveil has obtained 2 gluttony stacks from FUA.
    TURN   - AshveilFUA | Ashveil | SUP1 | ST attack | ['LNG'] | ['FUA'] | Scaling: ATK | TargetID: 2 | DMG/BREAK Splits: [2.0, 0]/[5, 0] | Energy Gained: 5 | SP Change: 0

        ----------Char Buffs----------
        GilgameshTrace3ATK | ATK% | Stacks: 1 | Value: 0.200 | Remaining Turns: 1 | TickDown: SUP1, PERM | Target: SUP1 | Affects: ['ALL']
        GilgameshTrace3CD | CD% | Stacks: 1 | Value: 0.200 | Remaining Turns: 1 | TickDown: SUP1, PERM | Target: SUP1 | Affects: ['ALL']
        CruisingBaseCR | CR% | Stacks: 1 | Value: 0.160 | Remaining Turns: 1 | TickDown: SUP1, PERM | Target: SUP1 | Affects: ['ALL']
        DukeDMG | DMG% | Stacks: 1 | Value: 0.200 | Remaining Turns: 1 | TickDown: SUP1, PERM | Target: SUP1 | Affects: ['FUA']
        AshveilTraceCD | CD% | Stacks: 1 | Value: 0.373 | Remaining Turns: 1 | TickDown: SUP1, PERM | Target: SUP1 | Affects: ['ALL']
        AshveilTraceATK | ATK% | Stacks: 1 | Value: 0.100 | Remaining Turns: 1 | TickDown: SUP1, PERM | Target: SUP1 | Affects: ['ALL']
        AshveilTraceDMG | DMG% | Stacks: 1 | Value: 0.144 | Remaining Turns: 1 | TickDown: SUP1, PERM | Target: SUP1 | Affects: ['ALL']
        AshveilTrace2DMG | DMG% | Stacks: 1 | Value: 0.800 | Remaining Turns: 1 | TickDown: SUP1, PERM | Target: SUP1 | Affects: ['FUA']
        AshveilTrace3CD | CD% | Stacks: 1 | Value: 0.400 | Remaining Turns: 1 | TickDown: SUP1, PERM | Target: SUP1 | Affects: ['ALL']
        AshveilTrace3FUACD | CD% | Stacks: 1 | Value: 0.800 | Remaining Turns: 1 | TickDown: SUP1, PERM | Target: SUP1 | Affects: ['FUA']
        KeelCD(SUS) | CD% | Stacks: 1 | Value: 0.100 | Remaining Turns: 1 | TickDown: SUP1, PERM | Target: SUP1 | Affects: ['ALL']
        GilgameshTrace3AllyATK | ATK% | Stacks: 1 | Value: 0.100 | Remaining Turns: 1 | TickDown: SUP1, PERM | Target: SUP1 | Affects: ['ALL']
        GilgameshTrace3AllyCD | CD% | Stacks: 1 | Value: 0.100 | Remaining Turns: 1 | TickDown: SUP1, PERM | Target: SUP1 | Affects: ['ALL']
        MasterSmithComburent | DMG% | Stacks: 1 | Value: 0.150 | Remaining Turns: 2 | TickDown: SUP1, END | Target: SUP1 | Affects: ['ALL']
        DukeATK | ATK% | Stacks: 1 | Value: 0.480 | Remaining Turns: 3 | TickDown: SUP1, END | Target: SUP1 | Affects: ['ALL']
        ConvergingStarsATK | ATK% | Stacks: 1 | Value: 0.240 | Remaining Turns: 2 | TickDown: SUP1, END | Target: SUP1 | Affects: ['ALL']
        MortenaxBladeDMGBoost | DMG% | Stacks: 1 | Value: 0.500 | Remaining Turns: 1 | TickDown: SUP1, PERM | Target: SUP1 | Affects: ['ALL']
        WarriorGoddessHealCD | CD% | Stacks: 1 | Value: 0.150 | Remaining Turns: 2 | TickDown: SUP1, START | Target: SUP1 | Affects: ['ALL']
        ConvergingStarsCD | CD% | Stacks: 1 | Value: 0.120 | Remaining Turns: 1 | TickDown: SUP1, PERM | Target: SUP1 | Affects: ['ALL']
        CruisingLowHPCR | CR% | Stacks: 1 | Value: 0.160 | Remaining Turns: 1 | TickDown: SUP1, START | Target: SUP1 | Affects: ['ALL']
        AshveilTrace2GluttonyDMG | DMG% | Stacks: 1 | Value: 0.200 | Remaining Turns: 1 | TickDown: SUP1, END | Target: SUP1 | Affects: ['FUA']
        AshveilTalentEnergy18 | ERR_F | Stacks: 1 | Value: 8.000 | Remaining Turns: 1 | TickDown: SUP1, END | Target: SUP1 | Affects: ['ALL']
        ----------End of Buff List----------

        ----------Enemy Debuffs----------
        AshveilBaitShred | From: SUP1 | SHRED | Stacks: 1 | Value: 0.400 | Remaining Turns: 997 | Target: 2 | Targeting: ST | Affects: ['ALL'] | DOT: False | Blast: False
        MortenaxBladeUltVul | From: SUP2 | VULN | Stacks: 1 | Value: 0.500 | Remaining Turns: 2 | Target: 2 | Targeting: ST | Affects: ['ALL'] | DOT: False | Blast: False
        MortenaxBladeUltShred | From: SUP2 | SHRED | Stacks: 1 | Value: 0.300 | Remaining Turns: 2 | Target: 2 | Targeting: ST | Affects: ['ALL'] | DOT: False | Blast: False
        Enemy 2 LNG-break | From: SUP1 | SHOCK | Stacks: 1 | Value: 8414.001 | Remaining Turns: 1 | Target: 2 | Targeting: ST | Affects: ['ALL'] | DOT: True | Blast: False
        ----------End of Debuff List----------
        ----------Healing List----------
        HuoHuoTalentHealingScaling | Targeting: Targeting.SINGLE | Healing Value: [0] | Target: ALL
        HuoHuoTalentHealingScaling | Targeting: Targeting.SINGLE | Healing Value: [0.045] | Target: ALL
        HuoHuoTalentHealingScaling | Targeting: Targeting.SINGLE | Healing Value: [0] | Target: ALL
        HuoHuoTalentHealingScaling | Targeting: Targeting.SINGLE | Healing Value: [0] | Target: ALL
        HuoHuoTalentHealingFlat | Targeting: Targeting.SINGLE | Healing Value: [0] | Target: ALL
        HuoHuoTalentHealingFlat | Targeting: Targeting.SINGLE | Healing Value: [120] | Target: ALL
        HuoHuoTalentHealingFlat | Targeting: Targeting.SINGLE | Healing Value: [0] | Target: ALL
        HuoHuoTalentHealingFlat | Targeting: Targeting.SINGLE | Healing Value: [0] | Target: ALL
        ----------End of Healing List----------
    KILL   - Ashveil killed Enemy 2 (overkill: 103911.4)
    SPAWN  - Enemy 2 respawned at full HP, AV set to 0
    GAUGE  - Enemy 2 toughness reduced by 5.000
    RESULT - AshveilFUA | Ashveil | SUP1 | DMG: 116930.592 | ELADMG: 0.000 | Enemies Hit: [2] | Enemies Broken: [] | WB DMG: 0.000 | Energy: 5.000 | Amount HP Healed: 371.779 | Amount HP Lost: 0.000 | Ashveil Energy: 15/150 | SP: 0 | MaxSP: 5)
Gilgamesh Obtained 1 Interest from Teammate, Current count: 10
Ashveil has obtained 1 gluttony stacks from kill.
MortenaxBlade has obtained 1 Charge. Current Charge count: 5.
    TURN   - HuoHuoAllyERR | HuoHuo | SUS | NA attack | ['WIN'] | ['SPECIAL'] | Scaling: HP | TargetID: 1 | DMG/BREAK Splits: [0, 0]/[0, 0] | Energy Gained: 1 | SP Change: 0

        ----------Char Buffs----------
        GilgameshTrace3ATK | ATK% | Stacks: 1 | Value: 0.200 | Remaining Turns: 1 | TickDown: SUS, PERM | Target: SUS | Affects: ['ALL']
        GilgameshTrace3CD | CD% | Stacks: 1 | Value: 0.200 | Remaining Turns: 1 | TickDown: SUS, PERM | Target: SUS | Affects: ['ALL']
        AshveilTrace3CD | CD% | Stacks: 1 | Value: 0.400 | Remaining Turns: 1 | TickDown: SUP1, PERM | Target: SUS | Affects: ['ALL']
        PostOpERR | ERR% | Stacks: 1 | Value: 0.160 | Remaining Turns: 1 | TickDown: SUS, PERM | Target: SUS | Affects: ['ALL']
        WarriorGoddessSPD | SPD% | Stacks: 1 | Value: 0.060 | Remaining Turns: 1 | TickDown: SUS, PERM | Target: SUS | Affects: ['ALL']
        KeelEFFRES | ERS% | Stacks: 1 | Value: 0.100 | Remaining Turns: 1 | TickDown: SUS, PERM | Target: SUS | Affects: ['ALL']
        KeelCD(SUS) | CD% | Stacks: 1 | Value: 0.100 | Remaining Turns: 1 | TickDown: SUS, PERM | Target: SUS | Affects: ['ALL']
        HHTraceHP | HP% | Stacks: 1 | Value: 0.280 | Remaining Turns: 1 | TickDown: SUS, PERM | Target: SUS | Affects: ['ALL']
        HHTraceERS | ERS% | Stacks: 1 | Value: 0.180 | Remaining Turns: 1 | TickDown: SUS, PERM | Target: SUS | Affects: ['ALL']
        HHTraceSPD | SPD | Stacks: 1 | Value: 5.000 | Remaining Turns: 1 | TickDown: SUS, PERM | Target: SUS | Affects: ['ALL']
        MasterSmithComburent | DMG% | Stacks: 1 | Value: 0.150 | Remaining Turns: 2 | TickDown: SUS, END | Target: SUS | Affects: ['ALL']
        MortenaxBladeDMGBoost | DMG% | Stacks: 1 | Value: 0.500 | Remaining Turns: 1 | TickDown: SUS, PERM | Target: SUS | Affects: ['ALL']
        WarriorGoddessHealSPD | SPD% | Stacks: 1 | Value: 0.060 | Remaining Turns: 2 | TickDown: SUS, START | Target: SUS | Affects: ['ALL']
        WarriorGoddessHealCD | CD% | Stacks: 1 | Value: 0.150 | Remaining Turns: 2 | TickDown: SUS, START | Target: SUS | Affects: ['ALL']
        ConvergingStarsCD | CD% | Stacks: 1 | Value: 0.120 | Remaining Turns: 1 | TickDown: SUS, PERM | Target: SUS | Affects: ['ALL']
        ----------End of Buff List----------

        ----------Enemy Debuffs----------
        AshveilBaitShred | From: SUP1 | SHRED | Stacks: 1 | Value: 0.400 | Remaining Turns: 996 | Target: 1 | Targeting: ST | Affects: ['ALL'] | DOT: False | Blast: False
        MortenaxBladeUltVul | From: SUP2 | VULN | Stacks: 1 | Value: 0.500 | Remaining Turns: 2 | Target: 1 | Targeting: ST | Affects: ['ALL'] | DOT: False | Blast: False
        MortenaxBladeUltShred | From: SUP2 | SHRED | Stacks: 1 | Value: 0.300 | Remaining Turns: 2 | Target: 1 | Targeting: ST | Affects: ['ALL'] | DOT: False | Blast: False
        Enemy 1 LNG-break | From: DPS | SHOCK | Stacks: 1 | Value: 8414.001 | Remaining Turns: 1 | Target: 1 | Targeting: ST | Affects: ['ALL'] | DOT: True | Blast: False
        ----------End of Debuff List----------
        ----------Healing List----------
        ----------End of Healing List----------
    GAUGE  - Enemy 1 toughness reduced by 0.000
    RESULT - HuoHuoAllyERR | HuoHuo | SUS | DMG: 0.000 | ELADMG: 0.000 | Enemies Hit: [1] | Enemies Broken: [] | WB DMG: 0.000 | Energy: 1.354 | Amount HP Healed: 0.000 | Amount HP Lost: 0.000 | HuoHuo Energy: 119/140 | SP: 0 | MaxSP: 5)
ERR    > 48.000 energy added to Gilgamesh from GilgameshTrace1ERRAlly2 | Gilgamesh Energy: 164.667
ERR    > 8.000 energy added to Ashveil from AshveilTalentEnergy18 | Ashveil Energy: 23.000
ERR    > 9.955 energy added to MortenaxBlade from TutorialERR | MortenaxBlade Energy: 16.177
        Buff HuoHuoUltATK expired
        Buff HuoHuoUltExtraATK expired
SPD    > Gilgamesh speed changed to 198.600 | NewAV: 47.321
AV     > MortenaxBlade AV reset to 64.503 | 155.032 SPD

<<< NEW TURN >>>
-   Enemy 2 AV: 0.000 ENERGY: 0.000 MaxHP: 2000000.000 CurrHp 2000000.000
-   Enemy 1 AV: 4.516 ENERGY: 0.000 MaxHP: 5000000.000 CurrHp 3756835.120
-   Enemy 0 AV: 19.231 ENERGY: 0.000 MaxHP: 2000000.000 CurrHp 1787367.790
-   Ashveil AV: 41.721 ENERGY: 23.000 MaxHP: 2729.320 CurrHp 2729.320
-   Gilgamesh AV: 42.912 ENERGY: 164.667 MaxHP: 3134.558 CurrHp 3134.558
-   HuoHuo AV: 49.291 ENERGY: 119.187 MaxHP: 6139.808 CurrHp 6139.808
-   MortenaxBlade AV: 60.094 ENERGY: 16.177 MaxHP: 4869.135 CurrHp 3760.883
-   InfiniteFury AV: 65.934 ENERGY: 0.000 MaxHP: 0.000 CurrHp 0.000

Combat context set: 3 enemies, 4 players
Combat context initialized: 3 enemies, Elation team size: 0
ACTION > [ENEMY] TotalAV: 326.923 | TurnAV: 4.409 | Enemy 2 | 1 attacks
MortenaxBlade has obtained 1 Charge. Current Charge count: 6.
    CharEnergy - Gilgamesh: Hit 1.667 Total: 166.333 | Ashveil: Hit 5.000 Total: 28.000 | MortenaxBlade: Hit 8.333 Total: 26.547 | HuoHuo: Hit 5.000 Total: 125.959 |
    ENEMY  - Enemy 2 [aoe] dealt 129.2 to MortenaxBlade (energy: 3.3, DEF: 2045, atkMul: 1.00, dmgMul: 1.00) | HP: 3632/4869
    ENEMY  - Enemy 2 [aoe] dealt 255.9 to Ashveil (energy: 3.3, DEF: 2076, atkMul: 1.00, dmgMul: 1.00) | HP: 2473/2729
    ENEMY  - Enemy 2 [aoe] dealt 231.9 to HuoHuo (energy: 3.3, DEF: 2410, atkMul: 1.00, dmgMul: 1.00) | HP: 5908/6140
    ENEMY  - Enemy 2 [aoe] dealt 123.8 to Gilgamesh (energy: 1.7, DEF: 2185, atkMul: 1.00, dmgMul: 1.00) | HP: 3011/3135
    ENEMY  - Enemy 2 [aoe] dealt 128.0 to Ashveil (energy: 1.7, DEF: 2076, atkMul: 1.00, dmgMul: 1.00) | HP: 2345/2729
    ENEMY  - Enemy 2 [aoe] dealt 64.6 to MortenaxBlade (energy: 1.7, DEF: 2045, atkMul: 1.00, dmgMul: 1.00) | HP: 3567/4869
    ENEMY  - Enemy 2 [aoe] dealt 116.0 to HuoHuo (energy: 1.7, DEF: 2410, atkMul: 1.00, dmgMul: 1.00) | HP: 5792/6140
    ENEMY  - Enemy 2 [aoe] dealt 129.2 to MortenaxBlade (energy: 3.3, DEF: 2045, atkMul: 1.00, dmgMul: 1.00) | HP: 3438/4869
MortenaxBlade has obtained 1 Charge. Current Charge count: 7.
MortenaxBlade useHit produced 2 debuffs
    DEBUFF - Enemy 2 took 8445.280 Debuff damage from Enemy 2 LNG-break
        Debuff Enemy 2 LNG-break expired
AV     > Enemy 2 AV reset to 76.923 | 130.000 SPD

<<< NEW TURN >>>
-   Enemy 1 AV: 0.000 ENERGY: 0.000 MaxHP: 5000000.000 CurrHp 3756835.120
-   Enemy 0 AV: 14.714 ENERGY: 0.000 MaxHP: 2000000.000 CurrHp 1787367.790
-   Ashveil AV: 37.205 ENERGY: 28.000 MaxHP: 2729.320 CurrHp 2345.443
-   Gilgamesh AV: 38.396 ENERGY: 166.333 MaxHP: 3134.558 CurrHp 3010.778
-   HuoHuo AV: 44.774 ENERGY: 125.959 MaxHP: 6139.808 CurrHp 5791.896
-   MortenaxBlade AV: 55.577 ENERGY: 26.547 MaxHP: 4869.135 CurrHp 3437.890
-   InfiniteFury AV: 61.418 ENERGY: 0.000 MaxHP: 0.000 CurrHp 0.000
-   Enemy 2 AV: 72.407 ENERGY: 0.000 MaxHP: 2000000.000 CurrHp 2000000.000

Combat context set: 3 enemies, 4 players
Combat context initialized: 3 enemies, Elation team size: 0
ACTION > [ENEMY] TotalAV: 331.439 | TurnAV: 4.516 | Enemy 1 | 1 attacks
MortenaxBlade has obtained 1 Charge. Current Charge count: 8.
    CharEnergy - Gilgamesh: Hit 5.000 Total: 171.333 | Ashveil: Hit 5.000 Total: 33.000 | MortenaxBlade: Hit 5.000 Total: 32.769 | HuoHuo: Hit 1.667 Total: 128.216 |
    ENEMY  - Enemy 2 [aoe] dealt 129.2 to MortenaxBlade (energy: 3.3, DEF: 2045, atkMul: 1.00, dmgMul: 1.00) | HP: 3309/4869
    ENEMY  - Enemy 2 [aoe] dealt 123.8 to Gilgamesh (energy: 1.7, DEF: 2185, atkMul: 1.00, dmgMul: 1.00) | HP: 2887/3135
    ENEMY  - Enemy 2 [aoe] dealt 128.0 to Ashveil (energy: 1.7, DEF: 2076, atkMul: 1.00, dmgMul: 1.00) | HP: 2217/2729
    ENEMY  - Enemy 2 [aoe] dealt 64.6 to MortenaxBlade (energy: 1.7, DEF: 2045, atkMul: 1.00, dmgMul: 1.00) | HP: 3244/4869
    ENEMY  - Enemy 2 [aoe] dealt 116.0 to HuoHuo (energy: 1.7, DEF: 2410, atkMul: 1.00, dmgMul: 1.00) | HP: 5676/6140
    ENEMY  - Enemy 2 [aoe] dealt 247.6 to Gilgamesh (energy: 3.3, DEF: 2185, atkMul: 1.00, dmgMul: 1.00) | HP: 2639/3135
    ENEMY  - Enemy 2 [aoe] dealt 255.9 to Ashveil (energy: 3.3, DEF: 2076, atkMul: 1.00, dmgMul: 1.00) | HP: 1962/2729
MortenaxBlade has obtained 1 Charge. Current Charge count: 9.
MortenaxBlade useHit produced 2 debuffs
    DEBUFF - Enemy 1 took 11358.902 Debuff damage from Enemy 1 LNG-break
        Debuff Enemy 1 LNG-break expired
AV     > Enemy 1 AV reset to 63.131 | 158.400 SPD

<<< NEW TURN >>>
-   Enemy 0 AV: 0.000 ENERGY: 0.000 MaxHP: 2000000.000 CurrHp 1787367.790
-   Ashveil AV: 22.491 ENERGY: 33.000 MaxHP: 2729.320 CurrHp 1961.567
-   Gilgamesh AV: 23.682 ENERGY: 171.333 MaxHP: 3134.558 CurrHp 2639.439
-   HuoHuo AV: 30.060 ENERGY: 128.216 MaxHP: 6139.808 CurrHp 5675.925
-   MortenaxBlade AV: 40.863 ENERGY: 32.769 MaxHP: 4869.135 CurrHp 3244.094
-   InfiniteFury AV: 46.703 ENERGY: 0.000 MaxHP: 0.000 CurrHp 0.000
-   Enemy 1 AV: 48.417 ENERGY: 0.000 MaxHP: 5000000.000 CurrHp 3756835.120
-   Enemy 2 AV: 57.692 ENERGY: 0.000 MaxHP: 2000000.000 CurrHp 2000000.000

Combat context set: 3 enemies, 4 players
Combat context initialized: 3 enemies, Elation team size: 0
ACTION > [ENEMY] TotalAV: 346.154 | TurnAV: 14.714 | Enemy 0 | 1 attacks
MortenaxBlade has obtained 1 Charge. Current Charge count: 10.
    CharEnergy - Gilgamesh: Hit 0.000 Total: 171.333 | Ashveil: Hit 6.667 Total: 39.667 | MortenaxBlade: Hit 10.000 Total: 45.213 | HuoHuo: Hit 6.667 Total: 137.245 |
    ENEMY  - Enemy 2 [aoe] dealt 129.2 to MortenaxBlade (energy: 3.3, DEF: 2045, atkMul: 1.00, dmgMul: 1.00) | HP: 3115/4869
    ENEMY  - Enemy 2 [aoe] dealt 129.2 to MortenaxBlade (energy: 3.3, DEF: 2045, atkMul: 1.00, dmgMul: 1.00) | HP: 2986/4869
    ENEMY  - Enemy 2 [aoe] dealt 255.9 to Ashveil (energy: 3.3, DEF: 2076, atkMul: 1.00, dmgMul: 1.00) | HP: 1706/2729
    ENEMY  - Enemy 2 [aoe] dealt 231.9 to HuoHuo (energy: 3.3, DEF: 2410, atkMul: 1.00, dmgMul: 1.00) | HP: 5444/6140
    ENEMY  - Enemy 2 [aoe] dealt 129.2 to MortenaxBlade (energy: 3.3, DEF: 2045, atkMul: 1.00, dmgMul: 1.00) | HP: 2857/4869
    ENEMY  - Enemy 2 [aoe] dealt 255.9 to Ashveil (energy: 3.3, DEF: 2076, atkMul: 1.00, dmgMul: 1.00) | HP: 1450/2729
    ENEMY  - Enemy 2 [aoe] dealt 231.9 to HuoHuo (energy: 3.3, DEF: 2410, atkMul: 1.00, dmgMul: 1.00) | HP: 5212/6140
MortenaxBlade has obtained 1 Charge. Current Charge count: 11.
MortenaxBlade useHit produced 2 debuffs
    DEBUFF - Enemy 0 took 11358.902 Debuff damage from Enemy 0 LNG-break
AV     > Enemy 0 AV reset to 76.923 | 130.000 SPD

<<< NEW TURN >>>
-   Ashveil AV: 0.000 ENERGY: 39.667 MaxHP: 2729.320 CurrHp 1449.732
-   Gilgamesh AV: 1.191 ENERGY: 171.333 MaxHP: 3134.558 CurrHp 2639.439
-   HuoHuo AV: 7.569 ENERGY: 137.245 MaxHP: 6139.808 CurrHp 5212.043
-   MortenaxBlade AV: 18.372 ENERGY: 45.213 MaxHP: 4869.135 CurrHp 2856.501
-   InfiniteFury AV: 24.213 ENERGY: 0.000 MaxHP: 0.000 CurrHp 0.000
-   Enemy 1 AV: 25.926 ENERGY: 0.000 MaxHP: 5000000.000 CurrHp 3756835.120
-   Enemy 2 AV: 35.202 ENERGY: 0.000 MaxHP: 2000000.000 CurrHp 2000000.000
-   Enemy 0 AV: 54.432 ENERGY: 0.000 MaxHP: 2000000.000 CurrHp 1787367.790

Combat context set: 3 enemies, 4 players
Combat context initialized: 3 enemies, Elation team size: 0
ACTION > [CHAR] TotalAV: 368.645 | TurnAV: 22.491 | Ashveil | E-move
        Buff CruisingLowHPCR expired
Ashveil has obtained 1 gluttony stack from Skill.
    TURN   - AshveilSkill | Ashveil | SUP1 | ST attack | ['LNG'] | ['SKL'] | Scaling: ATK | TargetID: 0 | DMG/BREAK Splits: [3.0, 0]/[20, 0] | Energy Gained: 30 | SP Change: 0

        ----------Char Buffs----------
        GilgameshTrace3ATK | ATK% | Stacks: 1 | Value: 0.200 | Remaining Turns: 1 | TickDown: SUP1, PERM | Target: SUP1 | Affects: ['ALL']
        GilgameshTrace3CD | CD% | Stacks: 1 | Value: 0.200 | Remaining Turns: 1 | TickDown: SUP1, PERM | Target: SUP1 | Affects: ['ALL']
        CruisingBaseCR | CR% | Stacks: 1 | Value: 0.160 | Remaining Turns: 1 | TickDown: SUP1, PERM | Target: SUP1 | Affects: ['ALL']
        AshveilTraceCD | CD% | Stacks: 1 | Value: 0.373 | Remaining Turns: 1 | TickDown: SUP1, PERM | Target: SUP1 | Affects: ['ALL']
        AshveilTraceATK | ATK% | Stacks: 1 | Value: 0.100 | Remaining Turns: 1 | TickDown: SUP1, PERM | Target: SUP1 | Affects: ['ALL']
        AshveilTraceDMG | DMG% | Stacks: 1 | Value: 0.144 | Remaining Turns: 1 | TickDown: SUP1, PERM | Target: SUP1 | Affects: ['ALL']
        AshveilTrace3CD | CD% | Stacks: 1 | Value: 0.400 | Remaining Turns: 1 | TickDown: SUP1, PERM | Target: SUP1 | Affects: ['ALL']
        KeelCD(SUS) | CD% | Stacks: 1 | Value: 0.100 | Remaining Turns: 1 | TickDown: SUP1, PERM | Target: SUP1 | Affects: ['ALL']
        GilgameshTrace3AllyATK | ATK% | Stacks: 1 | Value: 0.100 | Remaining Turns: 1 | TickDown: SUP1, PERM | Target: SUP1 | Affects: ['ALL']
        GilgameshTrace3AllyCD | CD% | Stacks: 1 | Value: 0.100 | Remaining Turns: 1 | TickDown: SUP1, PERM | Target: SUP1 | Affects: ['ALL']
        MasterSmithComburent | DMG% | Stacks: 1 | Value: 0.150 | Remaining Turns: 2 | TickDown: SUP1, END | Target: SUP1 | Affects: ['ALL']
        DukeATK | ATK% | Stacks: 1 | Value: 0.480 | Remaining Turns: 3 | TickDown: SUP1, END | Target: SUP1 | Affects: ['ALL']
        ConvergingStarsATK | ATK% | Stacks: 1 | Value: 0.240 | Remaining Turns: 2 | TickDown: SUP1, END | Target: SUP1 | Affects: ['ALL']
        MortenaxBladeDMGBoost | DMG% | Stacks: 1 | Value: 0.500 | Remaining Turns: 1 | TickDown: SUP1, PERM | Target: SUP1 | Affects: ['ALL']
        WarriorGoddessHealCD | CD% | Stacks: 1 | Value: 0.150 | Remaining Turns: 1 | TickDown: SUP1, START | Target: SUP1 | Affects: ['ALL']
        ConvergingStarsCD | CD% | Stacks: 1 | Value: 0.120 | Remaining Turns: 1 | TickDown: SUP1, PERM | Target: SUP1 | Affects: ['ALL']
        CruisingKillATK | ATK% | Stacks: 1 | Value: 0.400 | Remaining Turns: 2 | TickDown: SUP1, END | Target: SUP1 | Affects: ['ALL']
        ----------End of Buff List----------

        ----------Enemy Debuffs----------
        AshveilBaitShred | From: SUP1 | SHRED | Stacks: 1 | Value: 0.400 | Remaining Turns: 996 | Target: 0 | Targeting: ST | Affects: ['ALL'] | DOT: False | Blast: False
        MortenaxBladeUltVul | From: SUP2 | VULN | Stacks: 1 | Value: 0.500 | Remaining Turns: 1 | Target: 0 | Targeting: ST | Affects: ['ALL'] | DOT: False | Blast: False
        MortenaxBladeUltShred | From: SUP2 | SHRED | Stacks: 1 | Value: 0.300 | Remaining Turns: 1 | Target: 0 | Targeting: ST | Affects: ['ALL'] | DOT: False | Blast: False
        Enemy 0 LNG-break | From: DPS | SHOCK | Stacks: 1 | Value: 8414.001 | Remaining Turns: 1 | Target: 0 | Targeting: ST | Affects: ['ALL'] | DOT: True | Blast: False
        ----------End of Debuff List----------
        ----------Healing List----------
        ----------End of Healing List----------
    GAUGE  - Enemy 0 toughness reduced by 20.000
    RESULT - AshveilSkill | Ashveil | SUP1 | DMG: 87991.487 | ELADMG: 0.000 | Enemies Hit: [0] | Enemies Broken: [] | WB DMG: 0.000 | Energy: 30.000 | Amount HP Healed: 0.000 | Amount HP Lost: 0.000 | Ashveil Energy: 70/150 | SP: 0 | MaxSP: 5)
Gilgamesh Obtained 1 Interest from Teammate, Current count: 11
MortenaxBlade has obtained 1 Charge. Current Charge count: 12.
MortenaxBlade has obtained 1 Charge. Current Charge count: 4.
    TURN   - MortenaxBladeAOEFUA | MortenaxBlade | SUP2 | AOE attack | ['FIR'] | ['FUA'] | Scaling: HP | TargetID: 1 | DMG/BREAK Splits: [0.72, 0]/[10, 0] | Energy Gained: 25 | SP Change: 0

        ----------Char Buffs----------
        GilgameshTrace3ATK | ATK% | Stacks: 1 | Value: 0.200 | Remaining Turns: 1 | TickDown: SUP2, PERM | Target: SUP2 | Affects: ['ALL']
        GilgameshTrace3CD | CD% | Stacks: 1 | Value: 0.200 | Remaining Turns: 1 | TickDown: SUP2, PERM | Target: SUP2 | Affects: ['ALL']
        AshveilTrace3CD | CD% | Stacks: 1 | Value: 0.400 | Remaining Turns: 1 | TickDown: SUP1, PERM | Target: SUP2 | Affects: ['ALL']
        AshveilTrace3FUACD | CD% | Stacks: 1 | Value: 0.800 | Remaining Turns: 1 | TickDown: SUP1, PERM | Target: SUP2 | Affects: ['FUA']
        TutorialEHR | EHR% | Stacks: 1 | Value: 0.400 | Remaining Turns: 1 | TickDown: SUP2, PERM | Target: SUP2 | Affects: ['ALL']
        MasterSmithHP | HP% | Stacks: 1 | Value: 0.120 | Remaining Turns: 1 | TickDown: SUP2, PERM | Target: SUP2 | Affects: ['ALL']
        LushakaERR | ERR% | Stacks: 1 | Value: 0.050 | Remaining Turns: 1 | TickDown: SUP2, PERM | Target: SUP2 | Affects: ['ALL']
        MortenaxBladeTraceCR | CR% | Stacks: 1 | Value: 0.120 | Remaining Turns: 1 | TickDown: SUP2, PERM | Target: SUP2 | Affects: ['ALL']
        MortenaxBladeTraceHP | HP% | Stacks: 1 | Value: 0.100 | Remaining Turns: 1 | TickDown: SUP2, PERM | Target: SUP2 | Affects: ['ALL']
        MortenaxBladeTraceDMG | DMG% | Stacks: 1 | Value: 0.224 | Remaining Turns: 1 | TickDown: SUP2, PERM | Target: SUP2 | Affects: ['ALL']
        KeelCD(SUS) | CD% | Stacks: 1 | Value: 0.100 | Remaining Turns: 1 | TickDown: SUP2, PERM | Target: SUP2 | Affects: ['ALL']
        MasterSmithCD | CD% | Stacks: 1 | Value: 0.280 | Remaining Turns: 1 | TickDown: SUP2, PERM | Target: SUP2 | Affects: ['ALL']
        MasterSmithComburent | DMG% | Stacks: 1 | Value: 0.150 | Remaining Turns: 1 | TickDown: SUP2, END | Target: SUP2 | Affects: ['ALL']
        MortenaxBladeCRBoost | CR% | Stacks: 1 | Value: 0.200 | Remaining Turns: 1 | TickDown: SUP2, PERM | Target: SUP2 | Affects: ['ALL']
        MortenaxBladeCDBoost | CD% | Stacks: 1 | Value: 0.600 | Remaining Turns: 1 | TickDown: SUP2, PERM | Target: SUP2 | Affects: ['ALL']
        MortenaxBladeDMGReduction | DMG_REDUCTION | Stacks: 1 | Value: 0.500 | Remaining Turns: 1 | TickDown: SUP2, PERM | Target: SUP2 | Affects: ['ALL']
        MortenaxBladeDMGBoost | DMG% | Stacks: 1 | Value: 0.500 | Remaining Turns: 1 | TickDown: SUP2, PERM | Target: SUP2 | Affects: ['ALL']
        MortenaxBladeDMG | DMG% | Stacks: 1 | Value: 0.750 | Remaining Turns: 1 | TickDown: SUP2, PERM | Target: SUP2 | Affects: ['ALL']
        WarriorGoddessHealCD | CD% | Stacks: 1 | Value: 0.150 | Remaining Turns: 1 | TickDown: SUP2, START | Target: SUP2 | Affects: ['ALL']
        ConvergingStarsCD | CD% | Stacks: 1 | Value: 0.120 | Remaining Turns: 1 | TickDown: SUP2, PERM | Target: SUP2 | Affects: ['ALL']
        ----------End of Buff List----------

        ----------Enemy Debuffs----------
        AshveilBaitShred | From: SUP1 | SHRED | Stacks: 1 | Value: 0.400 | Remaining Turns: 995 | Target: 1 | Targeting: ST | Affects: ['ALL'] | DOT: False | Blast: False
        MortenaxBladeUltVul | From: SUP2 | VULN | Stacks: 1 | Value: 0.500 | Remaining Turns: 2 | Target: 1 | Targeting: ST | Affects: ['ALL'] | DOT: False | Blast: False
        MortenaxBladeUltShred | From: SUP2 | SHRED | Stacks: 1 | Value: 0.300 | Remaining Turns: 2 | Target: 1 | Targeting: ST | Affects: ['ALL'] | DOT: False | Blast: False
        ----------End of Debuff List----------
        ----------Healing List----------
        HuoHuoTalentHealingScaling | Targeting: Targeting.SINGLE | Healing Value: [0] | Target: ALL
        HuoHuoTalentHealingScaling | Targeting: Targeting.SINGLE | Healing Value: [0.045] | Target: ALL
        HuoHuoTalentHealingScaling | Targeting: Targeting.SINGLE | Healing Value: [0] | Target: ALL
        HuoHuoTalentHealingScaling | Targeting: Targeting.SINGLE | Healing Value: [0] | Target: ALL
        HuoHuoTalentHealingFlat | Targeting: Targeting.SINGLE | Healing Value: [0] | Target: ALL
        HuoHuoTalentHealingFlat | Targeting: Targeting.SINGLE | Healing Value: [120] | Target: ALL
        HuoHuoTalentHealingFlat | Targeting: Targeting.SINGLE | Healing Value: [0] | Target: ALL
        HuoHuoTalentHealingFlat | Targeting: Targeting.SINGLE | Healing Value: [0] | Target: ALL
        ----------End of Healing List----------
    GAUGE  - Enemy 0 toughness reduced by 0.000
    GAUGE  - Enemy 1 toughness reduced by 0.000
    GAUGE  - Enemy 2 toughness reduced by 0.000
    RESULT - MortenaxBladeAOEFUA | MortenaxBlade | SUP2 | DMG: 98601.632 | ELADMG: 0.000 | Enemies Hit: [0, 1, 2] | Enemies Broken: [] | WB DMG: 0.000 | Energy: 31.110 | Amount HP Healed: 371.779 | Amount HP Lost: 0.000 | MortenaxBlade Energy: 76/160 | SP: 0 | MaxSP: 5)
Gilgamesh Obtained 1 Interest from Teammate, Current count: 12
Ashveil has obtained 2 gluttony stacks from FUA.
    TURN   - MortenaxBladeBounceFUA | MortenaxBlade | SUP2 | ST attack | ['FIR'] | ['FUA'] | Scaling: HP | TargetID: 1 | DMG/BREAK Splits: [0.24, 0]/[5, 0] | Energy Gained: 0 | SP Change: 0

        ----------Char Buffs----------
        GilgameshTrace3ATK | ATK% | Stacks: 1 | Value: 0.200 | Remaining Turns: 1 | TickDown: SUP2, PERM | Target: SUP2 | Affects: ['ALL']
        GilgameshTrace3CD | CD% | Stacks: 1 | Value: 0.200 | Remaining Turns: 1 | TickDown: SUP2, PERM | Target: SUP2 | Affects: ['ALL']
        AshveilTrace3CD | CD% | Stacks: 1 | Value: 0.400 | Remaining Turns: 1 | TickDown: SUP1, PERM | Target: SUP2 | Affects: ['ALL']
        AshveilTrace3FUACD | CD% | Stacks: 1 | Value: 0.800 | Remaining Turns: 1 | TickDown: SUP1, PERM | Target: SUP2 | Affects: ['FUA']
        TutorialEHR | EHR% | Stacks: 1 | Value: 0.400 | Remaining Turns: 1 | TickDown: SUP2, PERM | Target: SUP2 | Affects: ['ALL']
        MasterSmithHP | HP% | Stacks: 1 | Value: 0.120 | Remaining Turns: 1 | TickDown: SUP2, PERM | Target: SUP2 | Affects: ['ALL']
        LushakaERR | ERR% | Stacks: 1 | Value: 0.050 | Remaining Turns: 1 | TickDown: SUP2, PERM | Target: SUP2 | Affects: ['ALL']
        MortenaxBladeTraceCR | CR% | Stacks: 1 | Value: 0.120 | Remaining Turns: 1 | TickDown: SUP2, PERM | Target: SUP2 | Affects: ['ALL']
        MortenaxBladeTraceHP | HP% | Stacks: 1 | Value: 0.100 | Remaining Turns: 1 | TickDown: SUP2, PERM | Target: SUP2 | Affects: ['ALL']
        MortenaxBladeTraceDMG | DMG% | Stacks: 1 | Value: 0.224 | Remaining Turns: 1 | TickDown: SUP2, PERM | Target: SUP2 | Affects: ['ALL']
        KeelCD(SUS) | CD% | Stacks: 1 | Value: 0.100 | Remaining Turns: 1 | TickDown: SUP2, PERM | Target: SUP2 | Affects: ['ALL']
        MasterSmithCD | CD% | Stacks: 1 | Value: 0.280 | Remaining Turns: 1 | TickDown: SUP2, PERM | Target: SUP2 | Affects: ['ALL']
        MasterSmithComburent | DMG% | Stacks: 1 | Value: 0.150 | Remaining Turns: 2 | TickDown: SUP2, END | Target: SUP2 | Affects: ['ALL']
        MortenaxBladeCRBoost | CR% | Stacks: 1 | Value: 0.200 | Remaining Turns: 1 | TickDown: SUP2, PERM | Target: SUP2 | Affects: ['ALL']
        MortenaxBladeCDBoost | CD% | Stacks: 1 | Value: 0.600 | Remaining Turns: 1 | TickDown: SUP2, PERM | Target: SUP2 | Affects: ['ALL']
        MortenaxBladeDMGReduction | DMG_REDUCTION | Stacks: 1 | Value: 0.500 | Remaining Turns: 1 | TickDown: SUP2, PERM | Target: SUP2 | Affects: ['ALL']
        MortenaxBladeDMGBoost | DMG% | Stacks: 1 | Value: 0.500 | Remaining Turns: 1 | TickDown: SUP2, PERM | Target: SUP2 | Affects: ['ALL']
        MortenaxBladeDMG | DMG% | Stacks: 1 | Value: 0.750 | Remaining Turns: 1 | TickDown: SUP2, PERM | Target: SUP2 | Affects: ['ALL']
        WarriorGoddessHealCD | CD% | Stacks: 1 | Value: 0.150 | Remaining Turns: 1 | TickDown: SUP2, START | Target: SUP2 | Affects: ['ALL']
        ConvergingStarsCD | CD% | Stacks: 1 | Value: 0.120 | Remaining Turns: 1 | TickDown: SUP2, PERM | Target: SUP2 | Affects: ['ALL']
        TutorialERR | ERR_T | Stacks: 1 | Value: 8.000 | Remaining Turns: 1 | TickDown: SUP2, START | Target: SUP2 | Affects: ['ALL']
        ----------End of Buff List----------

        ----------Enemy Debuffs----------
        AshveilBaitShred | From: SUP1 | SHRED | Stacks: 1 | Value: 0.400 | Remaining Turns: 995 | Target: 1 | Targeting: ST | Affects: ['ALL'] | DOT: False | Blast: False
        MortenaxBladeUltVul | From: SUP2 | VULN | Stacks: 1 | Value: 0.500 | Remaining Turns: 2 | Target: 1 | Targeting: ST | Affects: ['ALL'] | DOT: False | Blast: False
        MortenaxBladeUltShred | From: SUP2 | SHRED | Stacks: 1 | Value: 0.300 | Remaining Turns: 2 | Target: 1 | Targeting: ST | Affects: ['ALL'] | DOT: False | Blast: False
        ----------End of Debuff List----------
        ----------Healing List----------
        ----------End of Healing List----------
    GAUGE  - Enemy 1 toughness reduced by 0.000
    RESULT - MortenaxBladeBounceFUA | MortenaxBlade | SUP2 | DMG: 10955.737 | ELADMG: 0.000 | Enemies Hit: [1] | Enemies Broken: [] | WB DMG: 0.000 | Energy: 0.000 | Amount HP Healed: 0.000 | Amount HP Lost: 0.000 | MortenaxBlade Energy: 76/160 | SP: 0 | MaxSP: 5)
    TURN   - MortenaxBladeBounceFUA | MortenaxBlade | SUP2 | ST attack | ['FIR'] | ['FUA'] | Scaling: HP | TargetID: 1 | DMG/BREAK Splits: [0.24, 0]/[5, 0] | Energy Gained: 0 | SP Change: 0

        ----------Char Buffs----------
        GilgameshTrace3ATK | ATK% | Stacks: 1 | Value: 0.200 | Remaining Turns: 1 | TickDown: SUP2, PERM | Target: SUP2 | Affects: ['ALL']
        GilgameshTrace3CD | CD% | Stacks: 1 | Value: 0.200 | Remaining Turns: 1 | TickDown: SUP2, PERM | Target: SUP2 | Affects: ['ALL']
        AshveilTrace3CD | CD% | Stacks: 1 | Value: 0.400 | Remaining Turns: 1 | TickDown: SUP1, PERM | Target: SUP2 | Affects: ['ALL']
        AshveilTrace3FUACD | CD% | Stacks: 1 | Value: 0.800 | Remaining Turns: 1 | TickDown: SUP1, PERM | Target: SUP2 | Affects: ['FUA']
        TutorialEHR | EHR% | Stacks: 1 | Value: 0.400 | Remaining Turns: 1 | TickDown: SUP2, PERM | Target: SUP2 | Affects: ['ALL']
        MasterSmithHP | HP% | Stacks: 1 | Value: 0.120 | Remaining Turns: 1 | TickDown: SUP2, PERM | Target: SUP2 | Affects: ['ALL']
        LushakaERR | ERR% | Stacks: 1 | Value: 0.050 | Remaining Turns: 1 | TickDown: SUP2, PERM | Target: SUP2 | Affects: ['ALL']
        MortenaxBladeTraceCR | CR% | Stacks: 1 | Value: 0.120 | Remaining Turns: 1 | TickDown: SUP2, PERM | Target: SUP2 | Affects: ['ALL']
        MortenaxBladeTraceHP | HP% | Stacks: 1 | Value: 0.100 | Remaining Turns: 1 | TickDown: SUP2, PERM | Target: SUP2 | Affects: ['ALL']
        MortenaxBladeTraceDMG | DMG% | Stacks: 1 | Value: 0.224 | Remaining Turns: 1 | TickDown: SUP2, PERM | Target: SUP2 | Affects: ['ALL']
        KeelCD(SUS) | CD% | Stacks: 1 | Value: 0.100 | Remaining Turns: 1 | TickDown: SUP2, PERM | Target: SUP2 | Affects: ['ALL']
        MasterSmithCD | CD% | Stacks: 1 | Value: 0.280 | Remaining Turns: 1 | TickDown: SUP2, PERM | Target: SUP2 | Affects: ['ALL']
        MasterSmithComburent | DMG% | Stacks: 1 | Value: 0.150 | Remaining Turns: 2 | TickDown: SUP2, END | Target: SUP2 | Affects: ['ALL']
        MortenaxBladeCRBoost | CR% | Stacks: 1 | Value: 0.200 | Remaining Turns: 1 | TickDown: SUP2, PERM | Target: SUP2 | Affects: ['ALL']
        MortenaxBladeCDBoost | CD% | Stacks: 1 | Value: 0.600 | Remaining Turns: 1 | TickDown: SUP2, PERM | Target: SUP2 | Affects: ['ALL']
        MortenaxBladeDMGReduction | DMG_REDUCTION | Stacks: 1 | Value: 0.500 | Remaining Turns: 1 | TickDown: SUP2, PERM | Target: SUP2 | Affects: ['ALL']
        MortenaxBladeDMGBoost | DMG% | Stacks: 1 | Value: 0.500 | Remaining Turns: 1 | TickDown: SUP2, PERM | Target: SUP2 | Affects: ['ALL']
        MortenaxBladeDMG | DMG% | Stacks: 1 | Value: 0.750 | Remaining Turns: 1 | TickDown: SUP2, PERM | Target: SUP2 | Affects: ['ALL']
        WarriorGoddessHealCD | CD% | Stacks: 1 | Value: 0.150 | Remaining Turns: 1 | TickDown: SUP2, START | Target: SUP2 | Affects: ['ALL']
        ConvergingStarsCD | CD% | Stacks: 1 | Value: 0.120 | Remaining Turns: 1 | TickDown: SUP2, PERM | Target: SUP2 | Affects: ['ALL']
        TutorialERR | ERR_T | Stacks: 1 | Value: 8.000 | Remaining Turns: 1 | TickDown: SUP2, START | Target: SUP2 | Affects: ['ALL']
        ----------End of Buff List----------

        ----------Enemy Debuffs----------
        AshveilBaitShred | From: SUP1 | SHRED | Stacks: 1 | Value: 0.400 | Remaining Turns: 995 | Target: 1 | Targeting: ST | Affects: ['ALL'] | DOT: False | Blast: False
        MortenaxBladeUltVul | From: SUP2 | VULN | Stacks: 1 | Value: 0.500 | Remaining Turns: 2 | Target: 1 | Targeting: ST | Affects: ['ALL'] | DOT: False | Blast: False
        MortenaxBladeUltShred | From: SUP2 | SHRED | Stacks: 1 | Value: 0.300 | Remaining Turns: 2 | Target: 1 | Targeting: ST | Affects: ['ALL'] | DOT: False | Blast: False
        ----------End of Debuff List----------
        ----------Healing List----------
        ----------End of Healing List----------
    GAUGE  - Enemy 1 toughness reduced by 0.000
    RESULT - MortenaxBladeBounceFUA | MortenaxBlade | SUP2 | DMG: 10955.737 | ELADMG: 0.000 | Enemies Hit: [1] | Enemies Broken: [] | WB DMG: 0.000 | Energy: 0.000 | Amount HP Healed: 0.000 | Amount HP Lost: 0.000 | MortenaxBlade Energy: 76/160 | SP: 0 | MaxSP: 5)
    TURN   - MortenaxBladeBounceFUA | MortenaxBlade | SUP2 | ST attack | ['FIR'] | ['FUA'] | Scaling: HP | TargetID: 1 | DMG/BREAK Splits: [0.24, 0]/[5, 0] | Energy Gained: 0 | SP Change: 0

        ----------Char Buffs----------
        GilgameshTrace3ATK | ATK% | Stacks: 1 | Value: 0.200 | Remaining Turns: 1 | TickDown: SUP2, PERM | Target: SUP2 | Affects: ['ALL']
        GilgameshTrace3CD | CD% | Stacks: 1 | Value: 0.200 | Remaining Turns: 1 | TickDown: SUP2, PERM | Target: SUP2 | Affects: ['ALL']
        AshveilTrace3CD | CD% | Stacks: 1 | Value: 0.400 | Remaining Turns: 1 | TickDown: SUP1, PERM | Target: SUP2 | Affects: ['ALL']
        AshveilTrace3FUACD | CD% | Stacks: 1 | Value: 0.800 | Remaining Turns: 1 | TickDown: SUP1, PERM | Target: SUP2 | Affects: ['FUA']
        TutorialEHR | EHR% | Stacks: 1 | Value: 0.400 | Remaining Turns: 1 | TickDown: SUP2, PERM | Target: SUP2 | Affects: ['ALL']
        MasterSmithHP | HP% | Stacks: 1 | Value: 0.120 | Remaining Turns: 1 | TickDown: SUP2, PERM | Target: SUP2 | Affects: ['ALL']
        LushakaERR | ERR% | Stacks: 1 | Value: 0.050 | Remaining Turns: 1 | TickDown: SUP2, PERM | Target: SUP2 | Affects: ['ALL']
        MortenaxBladeTraceCR | CR% | Stacks: 1 | Value: 0.120 | Remaining Turns: 1 | TickDown: SUP2, PERM | Target: SUP2 | Affects: ['ALL']
        MortenaxBladeTraceHP | HP% | Stacks: 1 | Value: 0.100 | Remaining Turns: 1 | TickDown: SUP2, PERM | Target: SUP2 | Affects: ['ALL']
        MortenaxBladeTraceDMG | DMG% | Stacks: 1 | Value: 0.224 | Remaining Turns: 1 | TickDown: SUP2, PERM | Target: SUP2 | Affects: ['ALL']
        KeelCD(SUS) | CD% | Stacks: 1 | Value: 0.100 | Remaining Turns: 1 | TickDown: SUP2, PERM | Target: SUP2 | Affects: ['ALL']
        MasterSmithCD | CD% | Stacks: 1 | Value: 0.280 | Remaining Turns: 1 | TickDown: SUP2, PERM | Target: SUP2 | Affects: ['ALL']
        MasterSmithComburent | DMG% | Stacks: 1 | Value: 0.150 | Remaining Turns: 2 | TickDown: SUP2, END | Target: SUP2 | Affects: ['ALL']
        MortenaxBladeCRBoost | CR% | Stacks: 1 | Value: 0.200 | Remaining Turns: 1 | TickDown: SUP2, PERM | Target: SUP2 | Affects: ['ALL']
        MortenaxBladeCDBoost | CD% | Stacks: 1 | Value: 0.600 | Remaining Turns: 1 | TickDown: SUP2, PERM | Target: SUP2 | Affects: ['ALL']
        MortenaxBladeDMGReduction | DMG_REDUCTION | Stacks: 1 | Value: 0.500 | Remaining Turns: 1 | TickDown: SUP2, PERM | Target: SUP2 | Affects: ['ALL']
        MortenaxBladeDMGBoost | DMG% | Stacks: 1 | Value: 0.500 | Remaining Turns: 1 | TickDown: SUP2, PERM | Target: SUP2 | Affects: ['ALL']
        MortenaxBladeDMG | DMG% | Stacks: 1 | Value: 0.750 | Remaining Turns: 1 | TickDown: SUP2, PERM | Target: SUP2 | Affects: ['ALL']
        WarriorGoddessHealCD | CD% | Stacks: 1 | Value: 0.150 | Remaining Turns: 1 | TickDown: SUP2, START | Target: SUP2 | Affects: ['ALL']
        ConvergingStarsCD | CD% | Stacks: 1 | Value: 0.120 | Remaining Turns: 1 | TickDown: SUP2, PERM | Target: SUP2 | Affects: ['ALL']
        TutorialERR | ERR_T | Stacks: 1 | Value: 8.000 | Remaining Turns: 1 | TickDown: SUP2, START | Target: SUP2 | Affects: ['ALL']
        ----------End of Buff List----------

        ----------Enemy Debuffs----------
        AshveilBaitShred | From: SUP1 | SHRED | Stacks: 1 | Value: 0.400 | Remaining Turns: 995 | Target: 1 | Targeting: ST | Affects: ['ALL'] | DOT: False | Blast: False
        MortenaxBladeUltVul | From: SUP2 | VULN | Stacks: 1 | Value: 0.500 | Remaining Turns: 2 | Target: 1 | Targeting: ST | Affects: ['ALL'] | DOT: False | Blast: False
        MortenaxBladeUltShred | From: SUP2 | SHRED | Stacks: 1 | Value: 0.300 | Remaining Turns: 2 | Target: 1 | Targeting: ST | Affects: ['ALL'] | DOT: False | Blast: False
        ----------End of Debuff List----------
        ----------Healing List----------
        ----------End of Healing List----------
    GAUGE  - Enemy 1 toughness reduced by 0.000
    RESULT - MortenaxBladeBounceFUA | MortenaxBlade | SUP2 | DMG: 10955.737 | ELADMG: 0.000 | Enemies Hit: [1] | Enemies Broken: [] | WB DMG: 0.000 | Energy: 0.000 | Amount HP Healed: 0.000 | Amount HP Lost: 0.000 | MortenaxBlade Energy: 76/160 | SP: 0 | MaxSP: 5)
    TURN   - MortenaxBladeBounceFUA | MortenaxBlade | SUP2 | ST attack | ['FIR'] | ['FUA'] | Scaling: HP | TargetID: 1 | DMG/BREAK Splits: [0.24, 0]/[5, 0] | Energy Gained: 0 | SP Change: 0

        ----------Char Buffs----------
        GilgameshTrace3ATK | ATK% | Stacks: 1 | Value: 0.200 | Remaining Turns: 1 | TickDown: SUP2, PERM | Target: SUP2 | Affects: ['ALL']
        GilgameshTrace3CD | CD% | Stacks: 1 | Value: 0.200 | Remaining Turns: 1 | TickDown: SUP2, PERM | Target: SUP2 | Affects: ['ALL']
        AshveilTrace3CD | CD% | Stacks: 1 | Value: 0.400 | Remaining Turns: 1 | TickDown: SUP1, PERM | Target: SUP2 | Affects: ['ALL']
        AshveilTrace3FUACD | CD% | Stacks: 1 | Value: 0.800 | Remaining Turns: 1 | TickDown: SUP1, PERM | Target: SUP2 | Affects: ['FUA']
        TutorialEHR | EHR% | Stacks: 1 | Value: 0.400 | Remaining Turns: 1 | TickDown: SUP2, PERM | Target: SUP2 | Affects: ['ALL']
        MasterSmithHP | HP% | Stacks: 1 | Value: 0.120 | Remaining Turns: 1 | TickDown: SUP2, PERM | Target: SUP2 | Affects: ['ALL']
        LushakaERR | ERR% | Stacks: 1 | Value: 0.050 | Remaining Turns: 1 | TickDown: SUP2, PERM | Target: SUP2 | Affects: ['ALL']
        MortenaxBladeTraceCR | CR% | Stacks: 1 | Value: 0.120 | Remaining Turns: 1 | TickDown: SUP2, PERM | Target: SUP2 | Affects: ['ALL']
        MortenaxBladeTraceHP | HP% | Stacks: 1 | Value: 0.100 | Remaining Turns: 1 | TickDown: SUP2, PERM | Target: SUP2 | Affects: ['ALL']
        MortenaxBladeTraceDMG | DMG% | Stacks: 1 | Value: 0.224 | Remaining Turns: 1 | TickDown: SUP2, PERM | Target: SUP2 | Affects: ['ALL']
        KeelCD(SUS) | CD% | Stacks: 1 | Value: 0.100 | Remaining Turns: 1 | TickDown: SUP2, PERM | Target: SUP2 | Affects: ['ALL']
        MasterSmithCD | CD% | Stacks: 1 | Value: 0.280 | Remaining Turns: 1 | TickDown: SUP2, PERM | Target: SUP2 | Affects: ['ALL']
        MasterSmithComburent | DMG% | Stacks: 1 | Value: 0.150 | Remaining Turns: 2 | TickDown: SUP2, END | Target: SUP2 | Affects: ['ALL']
        MortenaxBladeCRBoost | CR% | Stacks: 1 | Value: 0.200 | Remaining Turns: 1 | TickDown: SUP2, PERM | Target: SUP2 | Affects: ['ALL']
        MortenaxBladeCDBoost | CD% | Stacks: 1 | Value: 0.600 | Remaining Turns: 1 | TickDown: SUP2, PERM | Target: SUP2 | Affects: ['ALL']
        MortenaxBladeDMGReduction | DMG_REDUCTION | Stacks: 1 | Value: 0.500 | Remaining Turns: 1 | TickDown: SUP2, PERM | Target: SUP2 | Affects: ['ALL']
        MortenaxBladeDMGBoost | DMG% | Stacks: 1 | Value: 0.500 | Remaining Turns: 1 | TickDown: SUP2, PERM | Target: SUP2 | Affects: ['ALL']
        MortenaxBladeDMG | DMG% | Stacks: 1 | Value: 0.750 | Remaining Turns: 1 | TickDown: SUP2, PERM | Target: SUP2 | Affects: ['ALL']
        WarriorGoddessHealCD | CD% | Stacks: 1 | Value: 0.150 | Remaining Turns: 1 | TickDown: SUP2, START | Target: SUP2 | Affects: ['ALL']
        ConvergingStarsCD | CD% | Stacks: 1 | Value: 0.120 | Remaining Turns: 1 | TickDown: SUP2, PERM | Target: SUP2 | Affects: ['ALL']
        TutorialERR | ERR_T | Stacks: 1 | Value: 8.000 | Remaining Turns: 1 | TickDown: SUP2, START | Target: SUP2 | Affects: ['ALL']
        ----------End of Buff List----------

        ----------Enemy Debuffs----------
        AshveilBaitShred | From: SUP1 | SHRED | Stacks: 1 | Value: 0.400 | Remaining Turns: 995 | Target: 1 | Targeting: ST | Affects: ['ALL'] | DOT: False | Blast: False
        MortenaxBladeUltVul | From: SUP2 | VULN | Stacks: 1 | Value: 0.500 | Remaining Turns: 2 | Target: 1 | Targeting: ST | Affects: ['ALL'] | DOT: False | Blast: False
        MortenaxBladeUltShred | From: SUP2 | SHRED | Stacks: 1 | Value: 0.300 | Remaining Turns: 2 | Target: 1 | Targeting: ST | Affects: ['ALL'] | DOT: False | Blast: False
        ----------End of Debuff List----------
        ----------Healing List----------
        ----------End of Healing List----------
    GAUGE  - Enemy 1 toughness reduced by 0.000
    RESULT - MortenaxBladeBounceFUA | MortenaxBlade | SUP2 | DMG: 10955.737 | ELADMG: 0.000 | Enemies Hit: [1] | Enemies Broken: [] | WB DMG: 0.000 | Energy: 0.000 | Amount HP Healed: 0.000 | Amount HP Lost: 0.000 | MortenaxBlade Energy: 76/160 | SP: 0 | MaxSP: 5)
    TURN   - HuoHuoAllyERR | HuoHuo | SUS | NA attack | ['WIN'] | ['SPECIAL'] | Scaling: HP | TargetID: 1 | DMG/BREAK Splits: [0, 0]/[0, 0] | Energy Gained: 1 | SP Change: 0

        ----------Char Buffs----------
        GilgameshTrace3ATK | ATK% | Stacks: 1 | Value: 0.200 | Remaining Turns: 1 | TickDown: SUS, PERM | Target: SUS | Affects: ['ALL']
        GilgameshTrace3CD | CD% | Stacks: 1 | Value: 0.200 | Remaining Turns: 1 | TickDown: SUS, PERM | Target: SUS | Affects: ['ALL']
        AshveilTrace3CD | CD% | Stacks: 1 | Value: 0.400 | Remaining Turns: 1 | TickDown: SUP1, PERM | Target: SUS | Affects: ['ALL']
        PostOpERR | ERR% | Stacks: 1 | Value: 0.160 | Remaining Turns: 1 | TickDown: SUS, PERM | Target: SUS | Affects: ['ALL']
        WarriorGoddessSPD | SPD% | Stacks: 1 | Value: 0.060 | Remaining Turns: 1 | TickDown: SUS, PERM | Target: SUS | Affects: ['ALL']
        KeelEFFRES | ERS% | Stacks: 1 | Value: 0.100 | Remaining Turns: 1 | TickDown: SUS, PERM | Target: SUS | Affects: ['ALL']
        KeelCD(SUS) | CD% | Stacks: 1 | Value: 0.100 | Remaining Turns: 1 | TickDown: SUS, PERM | Target: SUS | Affects: ['ALL']
        HHTraceHP | HP% | Stacks: 1 | Value: 0.280 | Remaining Turns: 1 | TickDown: SUS, PERM | Target: SUS | Affects: ['ALL']
        HHTraceERS | ERS% | Stacks: 1 | Value: 0.180 | Remaining Turns: 1 | TickDown: SUS, PERM | Target: SUS | Affects: ['ALL']
        HHTraceSPD | SPD | Stacks: 1 | Value: 5.000 | Remaining Turns: 1 | TickDown: SUS, PERM | Target: SUS | Affects: ['ALL']
        MasterSmithComburent | DMG% | Stacks: 1 | Value: 0.150 | Remaining Turns: 2 | TickDown: SUS, END | Target: SUS | Affects: ['ALL']
        MortenaxBladeDMGBoost | DMG% | Stacks: 1 | Value: 0.500 | Remaining Turns: 1 | TickDown: SUS, PERM | Target: SUS | Affects: ['ALL']
        WarriorGoddessHealSPD | SPD% | Stacks: 1 | Value: 0.060 | Remaining Turns: 2 | TickDown: SUS, START | Target: SUS | Affects: ['ALL']
        WarriorGoddessHealCD | CD% | Stacks: 1 | Value: 0.150 | Remaining Turns: 2 | TickDown: SUS, START | Target: SUS | Affects: ['ALL']
        ConvergingStarsCD | CD% | Stacks: 1 | Value: 0.120 | Remaining Turns: 1 | TickDown: SUS, PERM | Target: SUS | Affects: ['ALL']
        ----------End of Buff List----------

        ----------Enemy Debuffs----------
        AshveilBaitShred | From: SUP1 | SHRED | Stacks: 1 | Value: 0.400 | Remaining Turns: 995 | Target: 1 | Targeting: ST | Affects: ['ALL'] | DOT: False | Blast: False
        MortenaxBladeUltVul | From: SUP2 | VULN | Stacks: 1 | Value: 0.500 | Remaining Turns: 2 | Target: 1 | Targeting: ST | Affects: ['ALL'] | DOT: False | Blast: False
        MortenaxBladeUltShred | From: SUP2 | SHRED | Stacks: 1 | Value: 0.300 | Remaining Turns: 2 | Target: 1 | Targeting: ST | Affects: ['ALL'] | DOT: False | Blast: False
        ----------End of Debuff List----------
        ----------Healing List----------
        ----------End of Healing List----------
    GAUGE  - Enemy 1 toughness reduced by 0.000
    RESULT - HuoHuoAllyERR | HuoHuo | SUS | DMG: 0.000 | ELADMG: 0.000 | Enemies Hit: [1] | Enemies Broken: [] | WB DMG: 0.000 | Energy: 1.354 | Amount HP Healed: 0.000 | Amount HP Lost: 0.000 | HuoHuo Energy: 139/140 | SP: 0 | MaxSP: 5)
    TURN   - AshveilFUA | Ashveil | SUP1 | ST attack | ['LNG'] | ['FUA'] | Scaling: ATK | TargetID: 0 | DMG/BREAK Splits: [2.0, 0]/[5, 0] | Energy Gained: 5 | SP Change: 0

        ----------Char Buffs----------
        GilgameshTrace3ATK | ATK% | Stacks: 1 | Value: 0.200 | Remaining Turns: 1 | TickDown: SUP1, PERM | Target: SUP1 | Affects: ['ALL']
        GilgameshTrace3CD | CD% | Stacks: 1 | Value: 0.200 | Remaining Turns: 1 | TickDown: SUP1, PERM | Target: SUP1 | Affects: ['ALL']
        CruisingBaseCR | CR% | Stacks: 1 | Value: 0.160 | Remaining Turns: 1 | TickDown: SUP1, PERM | Target: SUP1 | Affects: ['ALL']
        DukeDMG | DMG% | Stacks: 1 | Value: 0.200 | Remaining Turns: 1 | TickDown: SUP1, PERM | Target: SUP1 | Affects: ['FUA']
        AshveilTraceCD | CD% | Stacks: 1 | Value: 0.373 | Remaining Turns: 1 | TickDown: SUP1, PERM | Target: SUP1 | Affects: ['ALL']
        AshveilTraceATK | ATK% | Stacks: 1 | Value: 0.100 | Remaining Turns: 1 | TickDown: SUP1, PERM | Target: SUP1 | Affects: ['ALL']
        AshveilTraceDMG | DMG% | Stacks: 1 | Value: 0.144 | Remaining Turns: 1 | TickDown: SUP1, PERM | Target: SUP1 | Affects: ['ALL']
        AshveilTrace2DMG | DMG% | Stacks: 1 | Value: 0.800 | Remaining Turns: 1 | TickDown: SUP1, PERM | Target: SUP1 | Affects: ['FUA']
        AshveilTrace3CD | CD% | Stacks: 1 | Value: 0.400 | Remaining Turns: 1 | TickDown: SUP1, PERM | Target: SUP1 | Affects: ['ALL']
        AshveilTrace3FUACD | CD% | Stacks: 1 | Value: 0.800 | Remaining Turns: 1 | TickDown: SUP1, PERM | Target: SUP1 | Affects: ['FUA']
        KeelCD(SUS) | CD% | Stacks: 1 | Value: 0.100 | Remaining Turns: 1 | TickDown: SUP1, PERM | Target: SUP1 | Affects: ['ALL']
        GilgameshTrace3AllyATK | ATK% | Stacks: 1 | Value: 0.100 | Remaining Turns: 1 | TickDown: SUP1, PERM | Target: SUP1 | Affects: ['ALL']
        GilgameshTrace3AllyCD | CD% | Stacks: 1 | Value: 0.100 | Remaining Turns: 1 | TickDown: SUP1, PERM | Target: SUP1 | Affects: ['ALL']
        MasterSmithComburent | DMG% | Stacks: 1 | Value: 0.150 | Remaining Turns: 2 | TickDown: SUP1, END | Target: SUP1 | Affects: ['ALL']
        DukeATK | ATK% | Stacks: 1 | Value: 0.480 | Remaining Turns: 3 | TickDown: SUP1, END | Target: SUP1 | Affects: ['ALL']
        ConvergingStarsATK | ATK% | Stacks: 1 | Value: 0.240 | Remaining Turns: 2 | TickDown: SUP1, END | Target: SUP1 | Affects: ['ALL']
        MortenaxBladeDMGBoost | DMG% | Stacks: 1 | Value: 0.500 | Remaining Turns: 1 | TickDown: SUP1, PERM | Target: SUP1 | Affects: ['ALL']
        WarriorGoddessHealCD | CD% | Stacks: 1 | Value: 0.150 | Remaining Turns: 1 | TickDown: SUP1, START | Target: SUP1 | Affects: ['ALL']
        ConvergingStarsCD | CD% | Stacks: 1 | Value: 0.120 | Remaining Turns: 1 | TickDown: SUP1, PERM | Target: SUP1 | Affects: ['ALL']
        AshveilTrace2GluttonyDMG | DMG% | Stacks: 1 | Value: 0.600 | Remaining Turns: 1 | TickDown: SUP1, END | Target: SUP1 | Affects: ['FUA']
        CruisingKillATK | ATK% | Stacks: 1 | Value: 0.400 | Remaining Turns: 2 | TickDown: SUP1, END | Target: SUP1 | Affects: ['ALL']
        AshveilTalentEnergy19 | ERR_F | Stacks: 1 | Value: 8.000 | Remaining Turns: 1 | TickDown: SUP1, END | Target: SUP1 | Affects: ['ALL']
        ----------End of Buff List----------

        ----------Enemy Debuffs----------
        AshveilBaitShred | From: SUP1 | SHRED | Stacks: 1 | Value: 0.400 | Remaining Turns: 996 | Target: 0 | Targeting: ST | Affects: ['ALL'] | DOT: False | Blast: False
        MortenaxBladeUltVul | From: SUP2 | VULN | Stacks: 1 | Value: 0.500 | Remaining Turns: 2 | Target: 0 | Targeting: ST | Affects: ['ALL'] | DOT: False | Blast: False
        MortenaxBladeUltShred | From: SUP2 | SHRED | Stacks: 1 | Value: 0.300 | Remaining Turns: 2 | Target: 0 | Targeting: ST | Affects: ['ALL'] | DOT: False | Blast: False
        Enemy 0 LNG-break | From: DPS | SHOCK | Stacks: 1 | Value: 8414.001 | Remaining Turns: 1 | Target: 0 | Targeting: ST | Affects: ['ALL'] | DOT: True | Blast: False
        ----------End of Debuff List----------
        ----------Healing List----------
        ----------End of Healing List----------
    GAUGE  - Enemy 0 toughness reduced by 5.000
    RESULT - AshveilFUA | Ashveil | SUP1 | DMG: 134871.520 | ELADMG: 0.000 | Enemies Hit: [0] | Enemies Broken: [] | WB DMG: 0.000 | Energy: 5.000 | Amount HP Healed: 0.000 | Amount HP Lost: 0.000 | Ashveil Energy: 75/150 | SP: 0 | MaxSP: 5)
Gilgamesh Obtained 1 Interest from Teammate, Current count: 13
MortenaxBlade has obtained 1 Charge. Current Charge count: 5.
ERR    > 8.000 energy added to Ashveil from AshveilTalentEnergy19 | Ashveil Energy: 82.667
ERR    > 9.955 energy added to MortenaxBlade from TutorialERR | MortenaxBlade Energy: 86.278
        Buff AshveilTrace2GluttonyDMG expired
SPD    > Gilgamesh speed changed to 227.700 | NewAV: 1.039
AV     > Ashveil AV reset to 73.729 | 135.632 SPD

<<< NEW TURN >>>
-   Gilgamesh AV: 0.000 ENERGY: 171.333 MaxHP: 3134.558 CurrHp 2639.439
-   HuoHuo AV: 6.530 ENERGY: 138.600 MaxHP: 6139.808 CurrHp 5212.043
-   MortenaxBlade AV: 17.334 ENERGY: 86.278 MaxHP: 4869.135 CurrHp 2369.588
-   InfiniteFury AV: 23.174 ENERGY: 0.000 MaxHP: 0.000 CurrHp 0.000
-   Enemy 1 AV: 24.887 ENERGY: 0.000 MaxHP: 5000000.000 CurrHp 3680144.962
-   Enemy 2 AV: 34.163 ENERGY: 0.000 MaxHP: 2000000.000 CurrHp 1967132.789
-   Enemy 0 AV: 53.394 ENERGY: 0.000 MaxHP: 2000000.000 CurrHp 1531637.572
-   Ashveil AV: 72.690 ENERGY: 82.667 MaxHP: 2729.320 CurrHp 1821.511

Combat context set: 3 enemies, 4 players
Combat context initialized: 3 enemies, Elation team size: 0
ACTION > [CHAR] TotalAV: 369.683 | TurnAV: 1.039 | Gilgamesh | E-move
Gilgamesh JointCounter increased by one, current count: 8
    TURN   - GilgameshSkill | Gilgamesh | DPS | BLAST attack | ['LNG'] | ['SKL'] | Scaling: ATK | TargetID: 1 | DMG/BREAK Splits: [2.8, 1.4]/[20, 10] | Energy Gained: 30 | SP Change: 0

        ----------Char Buffs----------
        ScholarCR | CR% | Stacks: 1 | Value: 0.080 | Remaining Turns: 1 | TickDown: DPS, PERM | Target: DPS | Affects: ['ALL']
        ScholarDMG | DMG% | Stacks: 1 | Value: 0.200 | Remaining Turns: 1 | TickDown: DPS, PERM | Target: DPS | Affects: ['SKL', 'ULT']
        GilgameshTraceATK | ATK | Stacks: 1 | Value: 0.180 | Remaining Turns: 1 | TickDown: DPS, PERM | Target: DPS | Affects: ['ALL']
        GilgameshTraceCR | CR% | Stacks: 1 | Value: 0.187 | Remaining Turns: 1 | TickDown: DPS, PERM | Target: DPS | Affects: ['ALL']
        GilgameshTraceDMG | DMG% | Stacks: 1 | Value: 0.080 | Remaining Turns: 1 | TickDown: DPS, PERM | Target: DPS | Affects: ['ALL']
        GilgameshTrace3ATK | ATK% | Stacks: 1 | Value: 0.200 | Remaining Turns: 1 | TickDown: DPS, PERM | Target: DPS | Affects: ['ALL']
        GilgameshTrace3CD | CD% | Stacks: 1 | Value: 0.200 | Remaining Turns: 1 | TickDown: DPS, PERM | Target: DPS | Affects: ['ALL']
        GilgameshTrace3SelfATK | ATK% | Stacks: 1 | Value: 1.000 | Remaining Turns: 1 | TickDown: DPS, PERM | Target: DPS | Affects: ['ALL']
        GilgameshTrace3SelfCD | CD% | Stacks: 1 | Value: 1.000 | Remaining Turns: 1 | TickDown: DPS, PERM | Target: DPS | Affects: ['ALL']
        AshveilTrace3CD | CD% | Stacks: 1 | Value: 0.400 | Remaining Turns: 1 | TickDown: SUP1, PERM | Target: DPS | Affects: ['ALL']
        LushakaATK(SUP2) | ATK% | Stacks: 1 | Value: 0.120 | Remaining Turns: 1 | TickDown: DPS, PERM | Target: DPS | Affects: ['ALL']
        KeelCD(SUS) | CD% | Stacks: 1 | Value: 0.100 | Remaining Turns: 1 | TickDown: DPS, PERM | Target: DPS | Affects: ['ALL']
        CosmicLifeDMG | DMG% | Stacks: 1 | Value: 0.320 | Remaining Turns: 1 | TickDown: DPS, PERM | Target: DPS | Affects: ['ALL']
        Trace2CDExtra | CD% | Stacks: 1 | Value: 1.500 | Remaining Turns: 1 | TickDown: DPS, PERM | Target: DPS | Affects: ['ALL']
        GilgameshInterestSPD | SPD% | Stacks: 1 | Value: 1.300 | Remaining Turns: 1 | TickDown: SUP2, PERM | Target: DPS | Affects: ['ALL']
        MasterSmithComburent | DMG% | Stacks: 1 | Value: 0.150 | Remaining Turns: 2 | TickDown: DPS, END | Target: DPS | Affects: ['ALL']
        MortenaxBladeDMGBoost | DMG% | Stacks: 1 | Value: 0.500 | Remaining Turns: 1 | TickDown: DPS, PERM | Target: DPS | Affects: ['ALL']
        WarriorGoddessHealCD | CD% | Stacks: 1 | Value: 0.150 | Remaining Turns: 1 | TickDown: DPS, START | Target: DPS | Affects: ['ALL']
        GilgameshSKLShred | SHRED | Stacks: 1 | Value: 0.300 | Remaining Turns: 3 | TickDown: DPS, END | Target: DPS | Affects: ['ALL']
        AeonATK | ATK% | Stacks: 1 | Value: 0.640 | Remaining Turns: 1 | TickDown: DPS, PERM | Target: DPS | Affects: ['ALL']
        ConvergingStarsCD | CD% | Stacks: 1 | Value: 0.120 | Remaining Turns: 1 | TickDown: DPS, PERM | Target: DPS | Affects: ['ALL']
        AeonDMG | DMG% | Stacks: 1 | Value: 0.240 | Remaining Turns: 1 | TickDown: DPS, END | Target: DPS | Affects: ['ALL']
        ----------End of Buff List----------

        ----------Enemy Debuffs----------
        AshveilBaitShred | From: SUP1 | SHRED | Stacks: 1 | Value: 0.400 | Remaining Turns: 995 | Target: 1 | Targeting: ST | Affects: ['ALL'] | DOT: False | Blast: False
        MortenaxBladeUltVul | From: SUP2 | VULN | Stacks: 1 | Value: 0.500 | Remaining Turns: 2 | Target: 1 | Targeting: ST | Affects: ['ALL'] | DOT: False | Blast: False
        MortenaxBladeUltShred | From: SUP2 | SHRED | Stacks: 1 | Value: 0.300 | Remaining Turns: 2 | Target: 1 | Targeting: ST | Affects: ['ALL'] | DOT: False | Blast: False
        ----------End of Debuff List----------
        ----------Healing List----------
        ----------End of Healing List----------
    GAUGE  - Enemy 1 toughness reduced by 20.000
    GAUGE  - Enemy 0 toughness reduced by 10.000
    GAUGE  - Enemy 2 toughness reduced by 10.000
    RESULT - GilgameshSkill | Gilgamesh | DPS | DMG: 643060.589 | ELADMG: 0.000 | Enemies Hit: [1, 0, 2] | Enemies Broken: [] | WB DMG: 0.000 | Energy: 30.000 | Amount HP Healed: 0.000 | Amount HP Lost: 0.000 | Gilgamesh Energy: 201/360 | SP: 0 | MaxSP: 5)
Ashveil has obtained 2 gluttony stacks from FUA.
MortenaxBlade has obtained 1 Charge. Current Charge count: 6.
    TURN   - AshveilFUA | Ashveil | SUP1 | ST attack | ['LNG'] | ['FUA'] | Scaling: ATK | TargetID: 0 | DMG/BREAK Splits: [2.0, 0]/[5, 0] | Energy Gained: 5 | SP Change: 0

        ----------Char Buffs----------
        GilgameshTrace3ATK | ATK% | Stacks: 1 | Value: 0.200 | Remaining Turns: 1 | TickDown: SUP1, PERM | Target: SUP1 | Affects: ['ALL']
        GilgameshTrace3CD | CD% | Stacks: 1 | Value: 0.200 | Remaining Turns: 1 | TickDown: SUP1, PERM | Target: SUP1 | Affects: ['ALL']
        CruisingBaseCR | CR% | Stacks: 1 | Value: 0.160 | Remaining Turns: 1 | TickDown: SUP1, PERM | Target: SUP1 | Affects: ['ALL']
        DukeDMG | DMG% | Stacks: 1 | Value: 0.200 | Remaining Turns: 1 | TickDown: SUP1, PERM | Target: SUP1 | Affects: ['FUA']
        AshveilTraceCD | CD% | Stacks: 1 | Value: 0.373 | Remaining Turns: 1 | TickDown: SUP1, PERM | Target: SUP1 | Affects: ['ALL']
        AshveilTraceATK | ATK% | Stacks: 1 | Value: 0.100 | Remaining Turns: 1 | TickDown: SUP1, PERM | Target: SUP1 | Affects: ['ALL']
        AshveilTraceDMG | DMG% | Stacks: 1 | Value: 0.144 | Remaining Turns: 1 | TickDown: SUP1, PERM | Target: SUP1 | Affects: ['ALL']
        AshveilTrace2DMG | DMG% | Stacks: 1 | Value: 0.800 | Remaining Turns: 1 | TickDown: SUP1, PERM | Target: SUP1 | Affects: ['FUA']
        AshveilTrace3CD | CD% | Stacks: 1 | Value: 0.400 | Remaining Turns: 1 | TickDown: SUP1, PERM | Target: SUP1 | Affects: ['ALL']
        AshveilTrace3FUACD | CD% | Stacks: 1 | Value: 0.800 | Remaining Turns: 1 | TickDown: SUP1, PERM | Target: SUP1 | Affects: ['FUA']
        KeelCD(SUS) | CD% | Stacks: 1 | Value: 0.100 | Remaining Turns: 1 | TickDown: SUP1, PERM | Target: SUP1 | Affects: ['ALL']
        GilgameshTrace3AllyATK | ATK% | Stacks: 1 | Value: 0.100 | Remaining Turns: 1 | TickDown: SUP1, PERM | Target: SUP1 | Affects: ['ALL']
        GilgameshTrace3AllyCD | CD% | Stacks: 1 | Value: 0.100 | Remaining Turns: 1 | TickDown: SUP1, PERM | Target: SUP1 | Affects: ['ALL']
        MasterSmithComburent | DMG% | Stacks: 1 | Value: 0.150 | Remaining Turns: 1 | TickDown: SUP1, END | Target: SUP1 | Affects: ['ALL']
        DukeATK | ATK% | Stacks: 1 | Value: 0.480 | Remaining Turns: 3 | TickDown: SUP1, END | Target: SUP1 | Affects: ['ALL']
        ConvergingStarsATK | ATK% | Stacks: 1 | Value: 0.240 | Remaining Turns: 2 | TickDown: SUP1, END | Target: SUP1 | Affects: ['ALL']
        MortenaxBladeDMGBoost | DMG% | Stacks: 1 | Value: 0.500 | Remaining Turns: 1 | TickDown: SUP1, PERM | Target: SUP1 | Affects: ['ALL']
        WarriorGoddessHealCD | CD% | Stacks: 1 | Value: 0.150 | Remaining Turns: 1 | TickDown: SUP1, START | Target: SUP1 | Affects: ['ALL']
        ConvergingStarsCD | CD% | Stacks: 1 | Value: 0.120 | Remaining Turns: 1 | TickDown: SUP1, PERM | Target: SUP1 | Affects: ['ALL']
        CruisingKillATK | ATK% | Stacks: 1 | Value: 0.400 | Remaining Turns: 1 | TickDown: SUP1, END | Target: SUP1 | Affects: ['ALL']
        AshveilTalentEnergy20 | ERR_F | Stacks: 1 | Value: 8.000 | Remaining Turns: 1 | TickDown: SUP1, END | Target: SUP1 | Affects: ['ALL']
        AshveilTrace2GluttonyDMG | DMG% | Stacks: 1 | Value: 0.800 | Remaining Turns: 1 | TickDown: SUP1, END | Target: SUP1 | Affects: ['FUA']
        ----------End of Buff List----------

        ----------Enemy Debuffs----------
        AshveilBaitShred | From: SUP1 | SHRED | Stacks: 1 | Value: 0.400 | Remaining Turns: 996 | Target: 0 | Targeting: ST | Affects: ['ALL'] | DOT: False | Blast: False
        MortenaxBladeUltVul | From: SUP2 | VULN | Stacks: 1 | Value: 0.500 | Remaining Turns: 2 | Target: 0 | Targeting: ST | Affects: ['ALL'] | DOT: False | Blast: False
        MortenaxBladeUltShred | From: SUP2 | SHRED | Stacks: 1 | Value: 0.300 | Remaining Turns: 2 | Target: 0 | Targeting: ST | Affects: ['ALL'] | DOT: False | Blast: False
        Enemy 0 LNG-break | From: DPS | SHOCK | Stacks: 1 | Value: 8414.001 | Remaining Turns: 1 | Target: 0 | Targeting: ST | Affects: ['ALL'] | DOT: True | Blast: False
        ----------End of Debuff List----------
        ----------Healing List----------
        HuoHuoTalentHealingScaling | Targeting: Targeting.SINGLE | Healing Value: [0] | Target: ALL
        HuoHuoTalentHealingScaling | Targeting: Targeting.SINGLE | Healing Value: [0.045] | Target: ALL
        HuoHuoTalentHealingScaling | Targeting: Targeting.SINGLE | Healing Value: [0] | Target: ALL
        HuoHuoTalentHealingScaling | Targeting: Targeting.SINGLE | Healing Value: [0] | Target: ALL
        HuoHuoTalentHealingFlat | Targeting: Targeting.SINGLE | Healing Value: [0] | Target: ALL
        HuoHuoTalentHealingFlat | Targeting: Targeting.SINGLE | Healing Value: [120] | Target: ALL
        HuoHuoTalentHealingFlat | Targeting: Targeting.SINGLE | Healing Value: [0] | Target: ALL
        HuoHuoTalentHealingFlat | Targeting: Targeting.SINGLE | Healing Value: [0] | Target: ALL
        ----------End of Healing List----------
    GAUGE  - Enemy 0 toughness reduced by 5.000
    RESULT - AshveilFUA | Ashveil | SUP1 | DMG: 142819.165 | ELADMG: 0.000 | Enemies Hit: [0] | Enemies Broken: [] | WB DMG: 0.000 | Energy: 5.000 | Amount HP Healed: 371.779 | Amount HP Lost: 0.000 | Ashveil Energy: 88/150 | SP: 0 | MaxSP: 5)
Gilgamesh Obtained 1 Interest from Teammate, Current count: 1
MortenaxBlade has obtained 1 Charge. Current Charge count: 7.
    TURN   - HuoHuoAllyERR | HuoHuo | SUS | NA attack | ['WIN'] | ['SPECIAL'] | Scaling: HP | TargetID: 1 | DMG/BREAK Splits: [0, 0]/[0, 0] | Energy Gained: 1 | SP Change: 0

        ----------Char Buffs----------
        GilgameshTrace3ATK | ATK% | Stacks: 1 | Value: 0.200 | Remaining Turns: 1 | TickDown: SUS, PERM | Target: SUS | Affects: ['ALL']
        GilgameshTrace3CD | CD% | Stacks: 1 | Value: 0.200 | Remaining Turns: 1 | TickDown: SUS, PERM | Target: SUS | Affects: ['ALL']
        AshveilTrace3CD | CD% | Stacks: 1 | Value: 0.400 | Remaining Turns: 1 | TickDown: SUP1, PERM | Target: SUS | Affects: ['ALL']
        PostOpERR | ERR% | Stacks: 1 | Value: 0.160 | Remaining Turns: 1 | TickDown: SUS, PERM | Target: SUS | Affects: ['ALL']
        WarriorGoddessSPD | SPD% | Stacks: 1 | Value: 0.060 | Remaining Turns: 1 | TickDown: SUS, PERM | Target: SUS | Affects: ['ALL']
        KeelEFFRES | ERS% | Stacks: 1 | Value: 0.100 | Remaining Turns: 1 | TickDown: SUS, PERM | Target: SUS | Affects: ['ALL']
        KeelCD(SUS) | CD% | Stacks: 1 | Value: 0.100 | Remaining Turns: 1 | TickDown: SUS, PERM | Target: SUS | Affects: ['ALL']
        HHTraceHP | HP% | Stacks: 1 | Value: 0.280 | Remaining Turns: 1 | TickDown: SUS, PERM | Target: SUS | Affects: ['ALL']
        HHTraceERS | ERS% | Stacks: 1 | Value: 0.180 | Remaining Turns: 1 | TickDown: SUS, PERM | Target: SUS | Affects: ['ALL']
        HHTraceSPD | SPD | Stacks: 1 | Value: 5.000 | Remaining Turns: 1 | TickDown: SUS, PERM | Target: SUS | Affects: ['ALL']
        MasterSmithComburent | DMG% | Stacks: 1 | Value: 0.150 | Remaining Turns: 2 | TickDown: SUS, END | Target: SUS | Affects: ['ALL']
        MortenaxBladeDMGBoost | DMG% | Stacks: 1 | Value: 0.500 | Remaining Turns: 1 | TickDown: SUS, PERM | Target: SUS | Affects: ['ALL']
        WarriorGoddessHealSPD | SPD% | Stacks: 1 | Value: 0.060 | Remaining Turns: 2 | TickDown: SUS, START | Target: SUS | Affects: ['ALL']
        WarriorGoddessHealCD | CD% | Stacks: 1 | Value: 0.150 | Remaining Turns: 2 | TickDown: SUS, START | Target: SUS | Affects: ['ALL']
        ConvergingStarsCD | CD% | Stacks: 1 | Value: 0.120 | Remaining Turns: 1 | TickDown: SUS, PERM | Target: SUS | Affects: ['ALL']
        ----------End of Buff List----------

        ----------Enemy Debuffs----------
        AshveilBaitShred | From: SUP1 | SHRED | Stacks: 1 | Value: 0.400 | Remaining Turns: 995 | Target: 1 | Targeting: ST | Affects: ['ALL'] | DOT: False | Blast: False
        MortenaxBladeUltVul | From: SUP2 | VULN | Stacks: 1 | Value: 0.500 | Remaining Turns: 2 | Target: 1 | Targeting: ST | Affects: ['ALL'] | DOT: False | Blast: False
        MortenaxBladeUltShred | From: SUP2 | SHRED | Stacks: 1 | Value: 0.300 | Remaining Turns: 2 | Target: 1 | Targeting: ST | Affects: ['ALL'] | DOT: False | Blast: False
        ----------End of Debuff List----------
        ----------Healing List----------
        ----------End of Healing List----------
    GAUGE  - Enemy 1 toughness reduced by 0.000
    RESULT - HuoHuoAllyERR | HuoHuo | SUS | DMG: 0.000 | ELADMG: 0.000 | Enemies Hit: [1] | Enemies Broken: [] | WB DMG: 0.000 | Energy: 1.354 | Amount HP Healed: 0.000 | Amount HP Lost: 0.000 | HuoHuo Energy: 140/140 | SP: 0 | MaxSP: 5)
ERR    > 8.000 energy added to Ashveil from AshveilTalentEnergy20 | Ashveil Energy: 95.667
        Buff AeonDMG expired
SPD    > Gilgamesh speed changed to 111.300 | NewAV: 0.000
AV     > Gilgamesh AV reset to 89.847 | 111.300 SPD

<<< NEW TURN >>>
-   HuoHuo AV: 0.000 ENERGY: 139.954 MaxHP: 6139.808 CurrHp 5212.043
-   MortenaxBlade AV: 10.803 ENERGY: 86.278 MaxHP: 4869.135 CurrHp 2369.588
-   InfiniteFury AV: 16.644 ENERGY: 0.000 MaxHP: 0.000 CurrHp 0.000
-   Enemy 1 AV: 18.357 ENERGY: 0.000 MaxHP: 5000000.000 CurrHp 3358614.667
-   Enemy 2 AV: 27.633 ENERGY: 0.000 MaxHP: 2000000.000 CurrHp 1806367.642
-   Enemy 0 AV: 46.863 ENERGY: 0.000 MaxHP: 2000000.000 CurrHp 1228053.260
-   Ashveil AV: 66.160 ENERGY: 95.667 MaxHP: 2729.320 CurrHp 2193.290
-   Gilgamesh AV: 83.317 ENERGY: 201.333 MaxHP: 3134.558 CurrHp 2639.439

Combat context set: 3 enemies, 4 players
Combat context initialized: 3 enemies, Elation team size: 0
ACTION > [CHAR] TotalAV: 376.214 | TurnAV: 6.530 | HuoHuo | E-move
    TURN   - HuoHuoSkill | HuoHuo | SUS | NA attack | ['WIN'] | ['SKL'] | Scaling: HP | TargetID: -1 | DMG/BREAK Splits: [0, 0]/[0, 0] | Energy Gained: 30 | SP Change: -1

        ----------Char Buffs----------
        GilgameshTrace3ATK | ATK% | Stacks: 1 | Value: 0.200 | Remaining Turns: 1 | TickDown: SUS, PERM | Target: SUS | Affects: ['ALL']
        GilgameshTrace3CD | CD% | Stacks: 1 | Value: 0.200 | Remaining Turns: 1 | TickDown: SUS, PERM | Target: SUS | Affects: ['ALL']
        AshveilTrace3CD | CD% | Stacks: 1 | Value: 0.400 | Remaining Turns: 1 | TickDown: SUP1, PERM | Target: SUS | Affects: ['ALL']
        PostOpERR | ERR% | Stacks: 1 | Value: 0.160 | Remaining Turns: 1 | TickDown: SUS, PERM | Target: SUS | Affects: ['ALL']
        WarriorGoddessSPD | SPD% | Stacks: 1 | Value: 0.060 | Remaining Turns: 1 | TickDown: SUS, PERM | Target: SUS | Affects: ['ALL']
        KeelEFFRES | ERS% | Stacks: 1 | Value: 0.100 | Remaining Turns: 1 | TickDown: SUS, PERM | Target: SUS | Affects: ['ALL']
        KeelCD(SUS) | CD% | Stacks: 1 | Value: 0.100 | Remaining Turns: 1 | TickDown: SUS, PERM | Target: SUS | Affects: ['ALL']
        HHTraceHP | HP% | Stacks: 1 | Value: 0.280 | Remaining Turns: 1 | TickDown: SUS, PERM | Target: SUS | Affects: ['ALL']
        HHTraceERS | ERS% | Stacks: 1 | Value: 0.180 | Remaining Turns: 1 | TickDown: SUS, PERM | Target: SUS | Affects: ['ALL']
        HHTraceSPD | SPD | Stacks: 1 | Value: 5.000 | Remaining Turns: 1 | TickDown: SUS, PERM | Target: SUS | Affects: ['ALL']
        MasterSmithComburent | DMG% | Stacks: 1 | Value: 0.150 | Remaining Turns: 2 | TickDown: SUS, END | Target: SUS | Affects: ['ALL']
        MortenaxBladeDMGBoost | DMG% | Stacks: 1 | Value: 0.500 | Remaining Turns: 1 | TickDown: SUS, PERM | Target: SUS | Affects: ['ALL']
        WarriorGoddessHealSPD | SPD% | Stacks: 1 | Value: 0.060 | Remaining Turns: 1 | TickDown: SUS, START | Target: SUS | Affects: ['ALL']
        WarriorGoddessHealCD | CD% | Stacks: 1 | Value: 0.150 | Remaining Turns: 1 | TickDown: SUS, START | Target: SUS | Affects: ['ALL']
        ConvergingStarsCD | CD% | Stacks: 1 | Value: 0.120 | Remaining Turns: 1 | TickDown: SUS, PERM | Target: SUS | Affects: ['ALL']
        ----------End of Buff List----------

        ----------Enemy Debuffs----------
        ----------End of Debuff List----------
        ----------Healing List----------
        HuoHuoSkillHealingScaling | Targeting: Targeting.BLAST | Healing Value: [0.24] | Target: ALL
        HuoHuoSkillHealingScaling | Targeting: Targeting.BLAST | Healing Value: [0.24] | Target: ALL
        HuoHuoSkillHealingScaling | Targeting: Targeting.BLAST | Healing Value: [0.24] | Target: ALL
        HuoHuoSkillHealingScaling | Targeting: Targeting.BLAST | Healing Value: [0.24] | Target: ALL
        HuoHuoSkillHealingScaling | Targeting: Targeting.BLAST | Healing Value: [0.24] | Target: ALL
        HuoHuoSkillHealingScaling | Targeting: Targeting.BLAST | Healing Value: [0.24] | Target: ALL
        HuoHuoSkillHealingFlat | Targeting: Targeting.BLAST | Healing Value: [640] | Target: ALL
        HuoHuoSkillHealingFlat | Targeting: Targeting.BLAST | Healing Value: [640] | Target: ALL
        HuoHuoSkillHealingFlat | Targeting: Targeting.BLAST | Healing Value: [640] | Target: ALL
        HuoHuoSkillHealingFlat | Targeting: Targeting.BLAST | Healing Value: [640] | Target: ALL
        HuoHuoSkillHealingFlat | Targeting: Targeting.BLAST | Healing Value: [640] | Target: ALL
        HuoHuoSkillHealingFlat | Targeting: Targeting.BLAST | Healing Value: [640] | Target: ALL
        ----------End of Healing List----------
    GAUGE  - Enemy 0 toughness reduced by 0.000
    RESULT - HuoHuoSkill | HuoHuo | SUS | DMG: 0.000 | ELADMG: 0.000 | Enemies Hit: [0] | Enemies Broken: [] | WB DMG: 0.000 | Energy: 40.632 | Amount HP Healed: 7931.292 | Amount HP Lost: 0.000 | HuoHuo Energy: 140/140 | SP: 0 | MaxSP: 5)
Gilgamesh Obtained 1 Interest from Teammate, Current count: 2
ULT    > HuoHuo used their ultimate
    TURN   - HuoHuoUlt | HuoHuo | SUS | NA attack | ['WIN'] | ['ULT'] | Scaling: HP | TargetID: -1 | DMG/BREAK Splits: [0, 0]/[0, 0] | Energy Gained: 5 | SP Change: 0

        ----------Char Buffs----------
        GilgameshTrace3ATK | ATK% | Stacks: 1 | Value: 0.200 | Remaining Turns: 1 | TickDown: SUS, PERM | Target: SUS | Affects: ['ALL']
        GilgameshTrace3CD | CD% | Stacks: 1 | Value: 0.200 | Remaining Turns: 1 | TickDown: SUS, PERM | Target: SUS | Affects: ['ALL']
        AshveilTrace3CD | CD% | Stacks: 1 | Value: 0.400 | Remaining Turns: 1 | TickDown: SUP1, PERM | Target: SUS | Affects: ['ALL']
        PostOpERR | ERR% | Stacks: 1 | Value: 0.160 | Remaining Turns: 1 | TickDown: SUS, PERM | Target: SUS | Affects: ['ALL']
        PostOpOGH | OGH% | Stacks: 1 | Value: 0.240 | Remaining Turns: 1 | TickDown: SUS, PERM | Target: SUS | Affects: ['ULT']
        WarriorGoddessSPD | SPD% | Stacks: 1 | Value: 0.060 | Remaining Turns: 1 | TickDown: SUS, PERM | Target: SUS | Affects: ['ALL']
        KeelEFFRES | ERS% | Stacks: 1 | Value: 0.100 | Remaining Turns: 1 | TickDown: SUS, PERM | Target: SUS | Affects: ['ALL']
        KeelCD(SUS) | CD% | Stacks: 1 | Value: 0.100 | Remaining Turns: 1 | TickDown: SUS, PERM | Target: SUS | Affects: ['ALL']
        HHTraceHP | HP% | Stacks: 1 | Value: 0.280 | Remaining Turns: 1 | TickDown: SUS, PERM | Target: SUS | Affects: ['ALL']
        HHTraceERS | ERS% | Stacks: 1 | Value: 0.180 | Remaining Turns: 1 | TickDown: SUS, PERM | Target: SUS | Affects: ['ALL']
        HHTraceSPD | SPD | Stacks: 1 | Value: 5.000 | Remaining Turns: 1 | TickDown: SUS, PERM | Target: SUS | Affects: ['ALL']
        MasterSmithComburent | DMG% | Stacks: 1 | Value: 0.150 | Remaining Turns: 2 | TickDown: SUS, END | Target: SUS | Affects: ['ALL']
        MortenaxBladeDMGBoost | DMG% | Stacks: 1 | Value: 0.500 | Remaining Turns: 1 | TickDown: SUS, PERM | Target: SUS | Affects: ['ALL']
        WarriorGoddessHealSPD | SPD% | Stacks: 1 | Value: 0.060 | Remaining Turns: 2 | TickDown: SUS, START | Target: SUS | Affects: ['ALL']
        WarriorGoddessHealCD | CD% | Stacks: 1 | Value: 0.150 | Remaining Turns: 2 | TickDown: SUS, START | Target: SUS | Affects: ['ALL']
        ConvergingStarsCD | CD% | Stacks: 1 | Value: 0.120 | Remaining Turns: 1 | TickDown: SUS, PERM | Target: SUS | Affects: ['ALL']
        ----------End of Buff List----------

        ----------Enemy Debuffs----------
        ----------End of Debuff List----------
        ----------Healing List----------
        ----------End of Healing List----------
    GAUGE  - Enemy 0 toughness reduced by 0.000
    RESULT - HuoHuoUlt | HuoHuo | SUS | DMG: 0.000 | ELADMG: 0.000 | Enemies Hit: [0] | Enemies Broken: [] | WB DMG: 0.000 | Energy: 6.772 | Amount HP Healed: 0.000 | Amount HP Lost: 0.000 | HuoHuo Energy: 7/140 | SP: 0 | MaxSP: 5)
Gilgamesh Obtained 2 Interest from Teammate Ult, Current count: 4
Gilgamesh Obtained 42.0 Energy from Teammate
Gilgamesh Obtained 1 Interest from Teammate, Current count: 5
ERR    > 72.000 energy added to Gilgamesh from HuoHuoERR | Gilgamesh Energy: 273.333
ERR    > 30.000 energy added to Ashveil from HuoHuoERR | Ashveil Energy: 125.667
ERR    > 32.000 energy added to MortenaxBlade from HuoHuoERR | MortenaxBlade Energy: 118.278
ERR    > 42.000 energy added to Gilgamesh from GilgameshTrace1ERRAlly3 | Gilgamesh Energy: 315.333
SPD    > Gilgamesh speed changed to 150.100 | NewAV: 61.780
AV     > HuoHuo AV reset to 62.308 | 160.492 SPD

<<< NEW TURN >>>
-   MortenaxBlade AV: 0.000 ENERGY: 118.278 MaxHP: 4869.135 CurrHp 4352.411
-   InfiniteFury AV: 5.840 ENERGY: 0.000 MaxHP: 0.000 CurrHp 0.000
-   Enemy 1 AV: 7.554 ENERGY: 0.000 MaxHP: 5000000.000 CurrHp 3358614.667
-   Enemy 2 AV: 16.829 ENERGY: 0.000 MaxHP: 2000000.000 CurrHp 1806367.642
-   Enemy 0 AV: 36.060 ENERGY: 0.000 MaxHP: 2000000.000 CurrHp 1228053.260
-   Gilgamesh AV: 50.977 ENERGY: 315.333 MaxHP: 3134.558 CurrHp 3134.558
-   HuoHuo AV: 51.505 ENERGY: 6.772 MaxHP: 6139.808 CurrHp 6139.808
-   Ashveil AV: 55.357 ENERGY: 125.667 MaxHP: 2729.320 CurrHp 2729.320

Combat context set: 3 enemies, 4 players
Combat context initialized: 3 enemies, Elation team size: 0
ACTION > [CHAR] TotalAV: 387.017 | TurnAV: 10.803 | MortenaxBlade | E-move
MortenaxBlade has obtained 1 Charge. Current Charge count: 8.
    TURN   - MortenaxBladeAOESkill | MortenaxBlade | SUP2 | AOE attack | ['FIR'] | ['SKL'] | Scaling: HP | TargetID: 1 | DMG/BREAK Splits: [0.72, 0]/[10, 0] | Energy Gained: 30 | SP Change: 0

        ----------Char Buffs----------
        GilgameshTrace3ATK | ATK% | Stacks: 1 | Value: 0.200 | Remaining Turns: 1 | TickDown: SUP2, PERM | Target: SUP2 | Affects: ['ALL']
        GilgameshTrace3CD | CD% | Stacks: 1 | Value: 0.200 | Remaining Turns: 1 | TickDown: SUP2, PERM | Target: SUP2 | Affects: ['ALL']
        AshveilTrace3CD | CD% | Stacks: 1 | Value: 0.400 | Remaining Turns: 1 | TickDown: SUP1, PERM | Target: SUP2 | Affects: ['ALL']
        TutorialEHR | EHR% | Stacks: 1 | Value: 0.400 | Remaining Turns: 1 | TickDown: SUP2, PERM | Target: SUP2 | Affects: ['ALL']
        MasterSmithHP | HP% | Stacks: 1 | Value: 0.120 | Remaining Turns: 1 | TickDown: SUP2, PERM | Target: SUP2 | Affects: ['ALL']
        LushakaERR | ERR% | Stacks: 1 | Value: 0.050 | Remaining Turns: 1 | TickDown: SUP2, PERM | Target: SUP2 | Affects: ['ALL']
        MortenaxBladeTraceCR | CR% | Stacks: 1 | Value: 0.120 | Remaining Turns: 1 | TickDown: SUP2, PERM | Target: SUP2 | Affects: ['ALL']
        MortenaxBladeTraceHP | HP% | Stacks: 1 | Value: 0.100 | Remaining Turns: 1 | TickDown: SUP2, PERM | Target: SUP2 | Affects: ['ALL']
        MortenaxBladeTraceDMG | DMG% | Stacks: 1 | Value: 0.224 | Remaining Turns: 1 | TickDown: SUP2, PERM | Target: SUP2 | Affects: ['ALL']
        KeelCD(SUS) | CD% | Stacks: 1 | Value: 0.100 | Remaining Turns: 1 | TickDown: SUP2, PERM | Target: SUP2 | Affects: ['ALL']
        MasterSmithCD | CD% | Stacks: 1 | Value: 0.280 | Remaining Turns: 1 | TickDown: SUP2, PERM | Target: SUP2 | Affects: ['ALL']
        MasterSmithComburent | DMG% | Stacks: 1 | Value: 0.150 | Remaining Turns: 2 | TickDown: SUP2, END | Target: SUP2 | Affects: ['ALL']
        MortenaxBladeCRBoost | CR% | Stacks: 1 | Value: 0.200 | Remaining Turns: 1 | TickDown: SUP2, PERM | Target: SUP2 | Affects: ['ALL']
        MortenaxBladeCDBoost | CD% | Stacks: 1 | Value: 0.600 | Remaining Turns: 1 | TickDown: SUP2, PERM | Target: SUP2 | Affects: ['ALL']
        MortenaxBladeDMGReduction | DMG_REDUCTION | Stacks: 1 | Value: 0.500 | Remaining Turns: 1 | TickDown: SUP2, PERM | Target: SUP2 | Affects: ['ALL']
        MortenaxBladeDMGBoost | DMG% | Stacks: 1 | Value: 0.500 | Remaining Turns: 1 | TickDown: SUP2, PERM | Target: SUP2 | Affects: ['ALL']
        MortenaxBladeDMG | DMG% | Stacks: 1 | Value: 0.750 | Remaining Turns: 1 | TickDown: SUP2, PERM | Target: SUP2 | Affects: ['ALL']
        WarriorGoddessHealCD | CD% | Stacks: 1 | Value: 0.150 | Remaining Turns: 1 | TickDown: SUP2, START | Target: SUP2 | Affects: ['ALL']
        ConvergingStarsCD | CD% | Stacks: 1 | Value: 0.120 | Remaining Turns: 1 | TickDown: SUP2, PERM | Target: SUP2 | Affects: ['ALL']
        HuoHuoUltATK | ATK% | Stacks: 1 | Value: 0.400 | Remaining Turns: 2 | TickDown: SUP2, END | Target: SUP2 | Affects: ['ALL']
        HuoHuoUltExtraATK | ATK% | Stacks: 1 | Value: 0.240 | Remaining Turns: 2 | TickDown: SUP2, END | Target: SUP2 | Affects: ['ALL']
        ----------End of Buff List----------

        ----------Enemy Debuffs----------
        AshveilBaitShred | From: SUP1 | SHRED | Stacks: 1 | Value: 0.400 | Remaining Turns: 995 | Target: 1 | Targeting: ST | Affects: ['ALL'] | DOT: False | Blast: False
        MortenaxBladeUltVul | From: SUP2 | VULN | Stacks: 1 | Value: 0.500 | Remaining Turns: 2 | Target: 1 | Targeting: ST | Affects: ['ALL'] | DOT: False | Blast: False
        MortenaxBladeUltShred | From: SUP2 | SHRED | Stacks: 1 | Value: 0.300 | Remaining Turns: 2 | Target: 1 | Targeting: ST | Affects: ['ALL'] | DOT: False | Blast: False
        ----------End of Debuff List----------
        ----------Healing List----------
        ----------End of Healing List----------
    GAUGE  - Enemy 0 toughness reduced by 0.000
    GAUGE  - Enemy 1 toughness reduced by 0.000
    GAUGE  - Enemy 2 toughness reduced by 0.000
    RESULT - MortenaxBladeAOESkill | MortenaxBlade | SUP2 | DMG: 81128.872 | ELADMG: 0.000 | Enemies Hit: [0, 1, 2] | Enemies Broken: [] | WB DMG: 0.000 | Energy: 37.332 | Amount HP Healed: 0.000 | Amount HP Lost: 0.000 | MortenaxBlade Energy: 156/160 | SP: 0 | MaxSP: 5)
Gilgamesh Obtained 1 Interest from Teammate, Current count: 6
    TURN   - MortenaxBladeBounceSkill | MortenaxBlade | SUP2 | ST attack | ['FIR'] | ['SKL'] | Scaling: HP | TargetID: 1 | DMG/BREAK Splits: [0.24, 0]/[5, 0] | Energy Gained: 0 | SP Change: 0

        ----------Char Buffs----------
        GilgameshTrace3ATK | ATK% | Stacks: 1 | Value: 0.200 | Remaining Turns: 1 | TickDown: SUP2, PERM | Target: SUP2 | Affects: ['ALL']
        GilgameshTrace3CD | CD% | Stacks: 1 | Value: 0.200 | Remaining Turns: 1 | TickDown: SUP2, PERM | Target: SUP2 | Affects: ['ALL']
        AshveilTrace3CD | CD% | Stacks: 1 | Value: 0.400 | Remaining Turns: 1 | TickDown: SUP1, PERM | Target: SUP2 | Affects: ['ALL']
        TutorialEHR | EHR% | Stacks: 1 | Value: 0.400 | Remaining Turns: 1 | TickDown: SUP2, PERM | Target: SUP2 | Affects: ['ALL']
        MasterSmithHP | HP% | Stacks: 1 | Value: 0.120 | Remaining Turns: 1 | TickDown: SUP2, PERM | Target: SUP2 | Affects: ['ALL']
        LushakaERR | ERR% | Stacks: 1 | Value: 0.050 | Remaining Turns: 1 | TickDown: SUP2, PERM | Target: SUP2 | Affects: ['ALL']
        MortenaxBladeTraceCR | CR% | Stacks: 1 | Value: 0.120 | Remaining Turns: 1 | TickDown: SUP2, PERM | Target: SUP2 | Affects: ['ALL']
        MortenaxBladeTraceHP | HP% | Stacks: 1 | Value: 0.100 | Remaining Turns: 1 | TickDown: SUP2, PERM | Target: SUP2 | Affects: ['ALL']
        MortenaxBladeTraceDMG | DMG% | Stacks: 1 | Value: 0.224 | Remaining Turns: 1 | TickDown: SUP2, PERM | Target: SUP2 | Affects: ['ALL']
        KeelCD(SUS) | CD% | Stacks: 1 | Value: 0.100 | Remaining Turns: 1 | TickDown: SUP2, PERM | Target: SUP2 | Affects: ['ALL']
        MasterSmithCD | CD% | Stacks: 1 | Value: 0.280 | Remaining Turns: 1 | TickDown: SUP2, PERM | Target: SUP2 | Affects: ['ALL']
        MasterSmithComburent | DMG% | Stacks: 1 | Value: 0.150 | Remaining Turns: 2 | TickDown: SUP2, END | Target: SUP2 | Affects: ['ALL']
        MortenaxBladeCRBoost | CR% | Stacks: 1 | Value: 0.200 | Remaining Turns: 1 | TickDown: SUP2, PERM | Target: SUP2 | Affects: ['ALL']
        MortenaxBladeCDBoost | CD% | Stacks: 1 | Value: 0.600 | Remaining Turns: 1 | TickDown: SUP2, PERM | Target: SUP2 | Affects: ['ALL']
        MortenaxBladeDMGReduction | DMG_REDUCTION | Stacks: 1 | Value: 0.500 | Remaining Turns: 1 | TickDown: SUP2, PERM | Target: SUP2 | Affects: ['ALL']
        MortenaxBladeDMGBoost | DMG% | Stacks: 1 | Value: 0.500 | Remaining Turns: 1 | TickDown: SUP2, PERM | Target: SUP2 | Affects: ['ALL']
        MortenaxBladeDMG | DMG% | Stacks: 1 | Value: 0.750 | Remaining Turns: 1 | TickDown: SUP2, PERM | Target: SUP2 | Affects: ['ALL']
        WarriorGoddessHealCD | CD% | Stacks: 1 | Value: 0.150 | Remaining Turns: 1 | TickDown: SUP2, START | Target: SUP2 | Affects: ['ALL']
        ConvergingStarsCD | CD% | Stacks: 1 | Value: 0.120 | Remaining Turns: 1 | TickDown: SUP2, PERM | Target: SUP2 | Affects: ['ALL']
        HuoHuoUltATK | ATK% | Stacks: 1 | Value: 0.400 | Remaining Turns: 2 | TickDown: SUP2, END | Target: SUP2 | Affects: ['ALL']
        HuoHuoUltExtraATK | ATK% | Stacks: 1 | Value: 0.240 | Remaining Turns: 2 | TickDown: SUP2, END | Target: SUP2 | Affects: ['ALL']
        TutorialERR | ERR_T | Stacks: 1 | Value: 8.000 | Remaining Turns: 1 | TickDown: SUP2, START | Target: SUP2 | Affects: ['ALL']
        ----------End of Buff List----------

        ----------Enemy Debuffs----------
        AshveilBaitShred | From: SUP1 | SHRED | Stacks: 1 | Value: 0.400 | Remaining Turns: 995 | Target: 1 | Targeting: ST | Affects: ['ALL'] | DOT: False | Blast: False
        MortenaxBladeUltVul | From: SUP2 | VULN | Stacks: 1 | Value: 0.500 | Remaining Turns: 2 | Target: 1 | Targeting: ST | Affects: ['ALL'] | DOT: False | Blast: False
        MortenaxBladeUltShred | From: SUP2 | SHRED | Stacks: 1 | Value: 0.300 | Remaining Turns: 2 | Target: 1 | Targeting: ST | Affects: ['ALL'] | DOT: False | Blast: False
        ----------End of Debuff List----------
        ----------Healing List----------
        HuoHuoTalentHealingScaling | Targeting: Targeting.SINGLE | Healing Value: [0] | Target: ALL
        HuoHuoTalentHealingScaling | Targeting: Targeting.SINGLE | Healing Value: [0.045] | Target: ALL
        HuoHuoTalentHealingScaling | Targeting: Targeting.SINGLE | Healing Value: [0] | Target: ALL
        HuoHuoTalentHealingScaling | Targeting: Targeting.SINGLE | Healing Value: [0] | Target: ALL
        HuoHuoTalentHealingFlat | Targeting: Targeting.SINGLE | Healing Value: [0] | Target: ALL
        HuoHuoTalentHealingFlat | Targeting: Targeting.SINGLE | Healing Value: [120] | Target: ALL
        HuoHuoTalentHealingFlat | Targeting: Targeting.SINGLE | Healing Value: [0] | Target: ALL
        HuoHuoTalentHealingFlat | Targeting: Targeting.SINGLE | Healing Value: [0] | Target: ALL
        ----------End of Healing List----------
    GAUGE  - Enemy 1 toughness reduced by 0.000
    RESULT - MortenaxBladeBounceSkill | MortenaxBlade | SUP2 | DMG: 9014.319 | ELADMG: 0.000 | Enemies Hit: [1] | Enemies Broken: [] | WB DMG: 0.000 | Energy: 0.000 | Amount HP Healed: 371.779 | Amount HP Lost: 0.000 | MortenaxBlade Energy: 156/160 | SP: 0 | MaxSP: 5)
    TURN   - MortenaxBladeBounceSkill | MortenaxBlade | SUP2 | ST attack | ['FIR'] | ['SKL'] | Scaling: HP | TargetID: 1 | DMG/BREAK Splits: [0.24, 0]/[5, 0] | Energy Gained: 0 | SP Change: 0

        ----------Char Buffs----------
        GilgameshTrace3ATK | ATK% | Stacks: 1 | Value: 0.200 | Remaining Turns: 1 | TickDown: SUP2, PERM | Target: SUP2 | Affects: ['ALL']
        GilgameshTrace3CD | CD% | Stacks: 1 | Value: 0.200 | Remaining Turns: 1 | TickDown: SUP2, PERM | Target: SUP2 | Affects: ['ALL']
        AshveilTrace3CD | CD% | Stacks: 1 | Value: 0.400 | Remaining Turns: 1 | TickDown: SUP1, PERM | Target: SUP2 | Affects: ['ALL']
        TutorialEHR | EHR% | Stacks: 1 | Value: 0.400 | Remaining Turns: 1 | TickDown: SUP2, PERM | Target: SUP2 | Affects: ['ALL']
        MasterSmithHP | HP% | Stacks: 1 | Value: 0.120 | Remaining Turns: 1 | TickDown: SUP2, PERM | Target: SUP2 | Affects: ['ALL']
        LushakaERR | ERR% | Stacks: 1 | Value: 0.050 | Remaining Turns: 1 | TickDown: SUP2, PERM | Target: SUP2 | Affects: ['ALL']
        MortenaxBladeTraceCR | CR% | Stacks: 1 | Value: 0.120 | Remaining Turns: 1 | TickDown: SUP2, PERM | Target: SUP2 | Affects: ['ALL']
        MortenaxBladeTraceHP | HP% | Stacks: 1 | Value: 0.100 | Remaining Turns: 1 | TickDown: SUP2, PERM | Target: SUP2 | Affects: ['ALL']
        MortenaxBladeTraceDMG | DMG% | Stacks: 1 | Value: 0.224 | Remaining Turns: 1 | TickDown: SUP2, PERM | Target: SUP2 | Affects: ['ALL']
        KeelCD(SUS) | CD% | Stacks: 1 | Value: 0.100 | Remaining Turns: 1 | TickDown: SUP2, PERM | Target: SUP2 | Affects: ['ALL']
        MasterSmithCD | CD% | Stacks: 1 | Value: 0.280 | Remaining Turns: 1 | TickDown: SUP2, PERM | Target: SUP2 | Affects: ['ALL']
        MasterSmithComburent | DMG% | Stacks: 1 | Value: 0.150 | Remaining Turns: 2 | TickDown: SUP2, END | Target: SUP2 | Affects: ['ALL']
        MortenaxBladeCRBoost | CR% | Stacks: 1 | Value: 0.200 | Remaining Turns: 1 | TickDown: SUP2, PERM | Target: SUP2 | Affects: ['ALL']
        MortenaxBladeCDBoost | CD% | Stacks: 1 | Value: 0.600 | Remaining Turns: 1 | TickDown: SUP2, PERM | Target: SUP2 | Affects: ['ALL']
        MortenaxBladeDMGReduction | DMG_REDUCTION | Stacks: 1 | Value: 0.500 | Remaining Turns: 1 | TickDown: SUP2, PERM | Target: SUP2 | Affects: ['ALL']
        MortenaxBladeDMGBoost | DMG% | Stacks: 1 | Value: 0.500 | Remaining Turns: 1 | TickDown: SUP2, PERM | Target: SUP2 | Affects: ['ALL']
        MortenaxBladeDMG | DMG% | Stacks: 1 | Value: 0.750 | Remaining Turns: 1 | TickDown: SUP2, PERM | Target: SUP2 | Affects: ['ALL']
        WarriorGoddessHealCD | CD% | Stacks: 1 | Value: 0.150 | Remaining Turns: 1 | TickDown: SUP2, START | Target: SUP2 | Affects: ['ALL']
        ConvergingStarsCD | CD% | Stacks: 1 | Value: 0.120 | Remaining Turns: 1 | TickDown: SUP2, PERM | Target: SUP2 | Affects: ['ALL']
        HuoHuoUltATK | ATK% | Stacks: 1 | Value: 0.400 | Remaining Turns: 2 | TickDown: SUP2, END | Target: SUP2 | Affects: ['ALL']
        HuoHuoUltExtraATK | ATK% | Stacks: 1 | Value: 0.240 | Remaining Turns: 2 | TickDown: SUP2, END | Target: SUP2 | Affects: ['ALL']
        TutorialERR | ERR_T | Stacks: 1 | Value: 8.000 | Remaining Turns: 1 | TickDown: SUP2, START | Target: SUP2 | Affects: ['ALL']
        ----------End of Buff List----------

        ----------Enemy Debuffs----------
        AshveilBaitShred | From: SUP1 | SHRED | Stacks: 1 | Value: 0.400 | Remaining Turns: 995 | Target: 1 | Targeting: ST | Affects: ['ALL'] | DOT: False | Blast: False
        MortenaxBladeUltVul | From: SUP2 | VULN | Stacks: 1 | Value: 0.500 | Remaining Turns: 2 | Target: 1 | Targeting: ST | Affects: ['ALL'] | DOT: False | Blast: False
        MortenaxBladeUltShred | From: SUP2 | SHRED | Stacks: 1 | Value: 0.300 | Remaining Turns: 2 | Target: 1 | Targeting: ST | Affects: ['ALL'] | DOT: False | Blast: False
        ----------End of Debuff List----------
        ----------Healing List----------
        ----------End of Healing List----------
    GAUGE  - Enemy 1 toughness reduced by 0.000
    RESULT - MortenaxBladeBounceSkill | MortenaxBlade | SUP2 | DMG: 9014.319 | ELADMG: 0.000 | Enemies Hit: [1] | Enemies Broken: [] | WB DMG: 0.000 | Energy: 0.000 | Amount HP Healed: 0.000 | Amount HP Lost: 0.000 | MortenaxBlade Energy: 156/160 | SP: 0 | MaxSP: 5)
    TURN   - MortenaxBladeBounceSkill | MortenaxBlade | SUP2 | ST attack | ['FIR'] | ['SKL'] | Scaling: HP | TargetID: 1 | DMG/BREAK Splits: [0.24, 0]/[5, 0] | Energy Gained: 0 | SP Change: 0

        ----------Char Buffs----------
        GilgameshTrace3ATK | ATK% | Stacks: 1 | Value: 0.200 | Remaining Turns: 1 | TickDown: SUP2, PERM | Target: SUP2 | Affects: ['ALL']
        GilgameshTrace3CD | CD% | Stacks: 1 | Value: 0.200 | Remaining Turns: 1 | TickDown: SUP2, PERM | Target: SUP2 | Affects: ['ALL']
        AshveilTrace3CD | CD% | Stacks: 1 | Value: 0.400 | Remaining Turns: 1 | TickDown: SUP1, PERM | Target: SUP2 | Affects: ['ALL']
        TutorialEHR | EHR% | Stacks: 1 | Value: 0.400 | Remaining Turns: 1 | TickDown: SUP2, PERM | Target: SUP2 | Affects: ['ALL']
        MasterSmithHP | HP% | Stacks: 1 | Value: 0.120 | Remaining Turns: 1 | TickDown: SUP2, PERM | Target: SUP2 | Affects: ['ALL']
        LushakaERR | ERR% | Stacks: 1 | Value: 0.050 | Remaining Turns: 1 | TickDown: SUP2, PERM | Target: SUP2 | Affects: ['ALL']
        MortenaxBladeTraceCR | CR% | Stacks: 1 | Value: 0.120 | Remaining Turns: 1 | TickDown: SUP2, PERM | Target: SUP2 | Affects: ['ALL']
        MortenaxBladeTraceHP | HP% | Stacks: 1 | Value: 0.100 | Remaining Turns: 1 | TickDown: SUP2, PERM | Target: SUP2 | Affects: ['ALL']
        MortenaxBladeTraceDMG | DMG% | Stacks: 1 | Value: 0.224 | Remaining Turns: 1 | TickDown: SUP2, PERM | Target: SUP2 | Affects: ['ALL']
        KeelCD(SUS) | CD% | Stacks: 1 | Value: 0.100 | Remaining Turns: 1 | TickDown: SUP2, PERM | Target: SUP2 | Affects: ['ALL']
        MasterSmithCD | CD% | Stacks: 1 | Value: 0.280 | Remaining Turns: 1 | TickDown: SUP2, PERM | Target: SUP2 | Affects: ['ALL']
        MasterSmithComburent | DMG% | Stacks: 1 | Value: 0.150 | Remaining Turns: 2 | TickDown: SUP2, END | Target: SUP2 | Affects: ['ALL']
        MortenaxBladeCRBoost | CR% | Stacks: 1 | Value: 0.200 | Remaining Turns: 1 | TickDown: SUP2, PERM | Target: SUP2 | Affects: ['ALL']
        MortenaxBladeCDBoost | CD% | Stacks: 1 | Value: 0.600 | Remaining Turns: 1 | TickDown: SUP2, PERM | Target: SUP2 | Affects: ['ALL']
        MortenaxBladeDMGReduction | DMG_REDUCTION | Stacks: 1 | Value: 0.500 | Remaining Turns: 1 | TickDown: SUP2, PERM | Target: SUP2 | Affects: ['ALL']
        MortenaxBladeDMGBoost | DMG% | Stacks: 1 | Value: 0.500 | Remaining Turns: 1 | TickDown: SUP2, PERM | Target: SUP2 | Affects: ['ALL']
        MortenaxBladeDMG | DMG% | Stacks: 1 | Value: 0.750 | Remaining Turns: 1 | TickDown: SUP2, PERM | Target: SUP2 | Affects: ['ALL']
        WarriorGoddessHealCD | CD% | Stacks: 1 | Value: 0.150 | Remaining Turns: 1 | TickDown: SUP2, START | Target: SUP2 | Affects: ['ALL']
        ConvergingStarsCD | CD% | Stacks: 1 | Value: 0.120 | Remaining Turns: 1 | TickDown: SUP2, PERM | Target: SUP2 | Affects: ['ALL']
        HuoHuoUltATK | ATK% | Stacks: 1 | Value: 0.400 | Remaining Turns: 2 | TickDown: SUP2, END | Target: SUP2 | Affects: ['ALL']
        HuoHuoUltExtraATK | ATK% | Stacks: 1 | Value: 0.240 | Remaining Turns: 2 | TickDown: SUP2, END | Target: SUP2 | Affects: ['ALL']
        TutorialERR | ERR_T | Stacks: 1 | Value: 8.000 | Remaining Turns: 1 | TickDown: SUP2, START | Target: SUP2 | Affects: ['ALL']
        ----------End of Buff List----------

        ----------Enemy Debuffs----------
        AshveilBaitShred | From: SUP1 | SHRED | Stacks: 1 | Value: 0.400 | Remaining Turns: 995 | Target: 1 | Targeting: ST | Affects: ['ALL'] | DOT: False | Blast: False
        MortenaxBladeUltVul | From: SUP2 | VULN | Stacks: 1 | Value: 0.500 | Remaining Turns: 2 | Target: 1 | Targeting: ST | Affects: ['ALL'] | DOT: False | Blast: False
        MortenaxBladeUltShred | From: SUP2 | SHRED | Stacks: 1 | Value: 0.300 | Remaining Turns: 2 | Target: 1 | Targeting: ST | Affects: ['ALL'] | DOT: False | Blast: False
        ----------End of Debuff List----------
        ----------Healing List----------
        ----------End of Healing List----------
    GAUGE  - Enemy 1 toughness reduced by 0.000
    RESULT - MortenaxBladeBounceSkill | MortenaxBlade | SUP2 | DMG: 9014.319 | ELADMG: 0.000 | Enemies Hit: [1] | Enemies Broken: [] | WB DMG: 0.000 | Energy: 0.000 | Amount HP Healed: 0.000 | Amount HP Lost: 0.000 | MortenaxBlade Energy: 156/160 | SP: 0 | MaxSP: 5)
    TURN   - MortenaxBladeBounceSkill | MortenaxBlade | SUP2 | ST attack | ['FIR'] | ['SKL'] | Scaling: HP | TargetID: 1 | DMG/BREAK Splits: [0.24, 0]/[5, 0] | Energy Gained: 0 | SP Change: 0

        ----------Char Buffs----------
        GilgameshTrace3ATK | ATK% | Stacks: 1 | Value: 0.200 | Remaining Turns: 1 | TickDown: SUP2, PERM | Target: SUP2 | Affects: ['ALL']
        GilgameshTrace3CD | CD% | Stacks: 1 | Value: 0.200 | Remaining Turns: 1 | TickDown: SUP2, PERM | Target: SUP2 | Affects: ['ALL']
        AshveilTrace3CD | CD% | Stacks: 1 | Value: 0.400 | Remaining Turns: 1 | TickDown: SUP1, PERM | Target: SUP2 | Affects: ['ALL']
        TutorialEHR | EHR% | Stacks: 1 | Value: 0.400 | Remaining Turns: 1 | TickDown: SUP2, PERM | Target: SUP2 | Affects: ['ALL']
        MasterSmithHP | HP% | Stacks: 1 | Value: 0.120 | Remaining Turns: 1 | TickDown: SUP2, PERM | Target: SUP2 | Affects: ['ALL']
        LushakaERR | ERR% | Stacks: 1 | Value: 0.050 | Remaining Turns: 1 | TickDown: SUP2, PERM | Target: SUP2 | Affects: ['ALL']
        MortenaxBladeTraceCR | CR% | Stacks: 1 | Value: 0.120 | Remaining Turns: 1 | TickDown: SUP2, PERM | Target: SUP2 | Affects: ['ALL']
        MortenaxBladeTraceHP | HP% | Stacks: 1 | Value: 0.100 | Remaining Turns: 1 | TickDown: SUP2, PERM | Target: SUP2 | Affects: ['ALL']
        MortenaxBladeTraceDMG | DMG% | Stacks: 1 | Value: 0.224 | Remaining Turns: 1 | TickDown: SUP2, PERM | Target: SUP2 | Affects: ['ALL']
        KeelCD(SUS) | CD% | Stacks: 1 | Value: 0.100 | Remaining Turns: 1 | TickDown: SUP2, PERM | Target: SUP2 | Affects: ['ALL']
        MasterSmithCD | CD% | Stacks: 1 | Value: 0.280 | Remaining Turns: 1 | TickDown: SUP2, PERM | Target: SUP2 | Affects: ['ALL']
        MasterSmithComburent | DMG% | Stacks: 1 | Value: 0.150 | Remaining Turns: 2 | TickDown: SUP2, END | Target: SUP2 | Affects: ['ALL']
        MortenaxBladeCRBoost | CR% | Stacks: 1 | Value: 0.200 | Remaining Turns: 1 | TickDown: SUP2, PERM | Target: SUP2 | Affects: ['ALL']
        MortenaxBladeCDBoost | CD% | Stacks: 1 | Value: 0.600 | Remaining Turns: 1 | TickDown: SUP2, PERM | Target: SUP2 | Affects: ['ALL']
        MortenaxBladeDMGReduction | DMG_REDUCTION | Stacks: 1 | Value: 0.500 | Remaining Turns: 1 | TickDown: SUP2, PERM | Target: SUP2 | Affects: ['ALL']
        MortenaxBladeDMGBoost | DMG% | Stacks: 1 | Value: 0.500 | Remaining Turns: 1 | TickDown: SUP2, PERM | Target: SUP2 | Affects: ['ALL']
        MortenaxBladeDMG | DMG% | Stacks: 1 | Value: 0.750 | Remaining Turns: 1 | TickDown: SUP2, PERM | Target: SUP2 | Affects: ['ALL']
        WarriorGoddessHealCD | CD% | Stacks: 1 | Value: 0.150 | Remaining Turns: 1 | TickDown: SUP2, START | Target: SUP2 | Affects: ['ALL']
        ConvergingStarsCD | CD% | Stacks: 1 | Value: 0.120 | Remaining Turns: 1 | TickDown: SUP2, PERM | Target: SUP2 | Affects: ['ALL']
        HuoHuoUltATK | ATK% | Stacks: 1 | Value: 0.400 | Remaining Turns: 2 | TickDown: SUP2, END | Target: SUP2 | Affects: ['ALL']
        HuoHuoUltExtraATK | ATK% | Stacks: 1 | Value: 0.240 | Remaining Turns: 2 | TickDown: SUP2, END | Target: SUP2 | Affects: ['ALL']
        TutorialERR | ERR_T | Stacks: 1 | Value: 8.000 | Remaining Turns: 1 | TickDown: SUP2, START | Target: SUP2 | Affects: ['ALL']
        ----------End of Buff List----------

        ----------Enemy Debuffs----------
        AshveilBaitShred | From: SUP1 | SHRED | Stacks: 1 | Value: 0.400 | Remaining Turns: 995 | Target: 1 | Targeting: ST | Affects: ['ALL'] | DOT: False | Blast: False
        MortenaxBladeUltVul | From: SUP2 | VULN | Stacks: 1 | Value: 0.500 | Remaining Turns: 2 | Target: 1 | Targeting: ST | Affects: ['ALL'] | DOT: False | Blast: False
        MortenaxBladeUltShred | From: SUP2 | SHRED | Stacks: 1 | Value: 0.300 | Remaining Turns: 2 | Target: 1 | Targeting: ST | Affects: ['ALL'] | DOT: False | Blast: False
        ----------End of Debuff List----------
        ----------Healing List----------
        ----------End of Healing List----------
    GAUGE  - Enemy 1 toughness reduced by 0.000
    RESULT - MortenaxBladeBounceSkill | MortenaxBlade | SUP2 | DMG: 9014.319 | ELADMG: 0.000 | Enemies Hit: [1] | Enemies Broken: [] | WB DMG: 0.000 | Energy: 0.000 | Amount HP Healed: 0.000 | Amount HP Lost: 0.000 | MortenaxBlade Energy: 156/160 | SP: 0 | MaxSP: 5)
    TURN   - HuoHuoAllyERR | HuoHuo | SUS | NA attack | ['WIN'] | ['SPECIAL'] | Scaling: HP | TargetID: 1 | DMG/BREAK Splits: [0, 0]/[0, 0] | Energy Gained: 1 | SP Change: 0

        ----------Char Buffs----------
        GilgameshTrace3ATK | ATK% | Stacks: 1 | Value: 0.200 | Remaining Turns: 1 | TickDown: SUS, PERM | Target: SUS | Affects: ['ALL']
        GilgameshTrace3CD | CD% | Stacks: 1 | Value: 0.200 | Remaining Turns: 1 | TickDown: SUS, PERM | Target: SUS | Affects: ['ALL']
        AshveilTrace3CD | CD% | Stacks: 1 | Value: 0.400 | Remaining Turns: 1 | TickDown: SUP1, PERM | Target: SUS | Affects: ['ALL']
        PostOpERR | ERR% | Stacks: 1 | Value: 0.160 | Remaining Turns: 1 | TickDown: SUS, PERM | Target: SUS | Affects: ['ALL']
        WarriorGoddessSPD | SPD% | Stacks: 1 | Value: 0.060 | Remaining Turns: 1 | TickDown: SUS, PERM | Target: SUS | Affects: ['ALL']
        KeelEFFRES | ERS% | Stacks: 1 | Value: 0.100 | Remaining Turns: 1 | TickDown: SUS, PERM | Target: SUS | Affects: ['ALL']
        KeelCD(SUS) | CD% | Stacks: 1 | Value: 0.100 | Remaining Turns: 1 | TickDown: SUS, PERM | Target: SUS | Affects: ['ALL']
        HHTraceHP | HP% | Stacks: 1 | Value: 0.280 | Remaining Turns: 1 | TickDown: SUS, PERM | Target: SUS | Affects: ['ALL']
        HHTraceERS | ERS% | Stacks: 1 | Value: 0.180 | Remaining Turns: 1 | TickDown: SUS, PERM | Target: SUS | Affects: ['ALL']
        HHTraceSPD | SPD | Stacks: 1 | Value: 5.000 | Remaining Turns: 1 | TickDown: SUS, PERM | Target: SUS | Affects: ['ALL']
        MasterSmithComburent | DMG% | Stacks: 1 | Value: 0.150 | Remaining Turns: 2 | TickDown: SUS, END | Target: SUS | Affects: ['ALL']
        MortenaxBladeDMGBoost | DMG% | Stacks: 1 | Value: 0.500 | Remaining Turns: 1 | TickDown: SUS, PERM | Target: SUS | Affects: ['ALL']
        WarriorGoddessHealSPD | SPD% | Stacks: 1 | Value: 0.060 | Remaining Turns: 2 | TickDown: SUS, START | Target: SUS | Affects: ['ALL']
        WarriorGoddessHealCD | CD% | Stacks: 1 | Value: 0.150 | Remaining Turns: 2 | TickDown: SUS, START | Target: SUS | Affects: ['ALL']
        ConvergingStarsCD | CD% | Stacks: 1 | Value: 0.120 | Remaining Turns: 1 | TickDown: SUS, PERM | Target: SUS | Affects: ['ALL']
        ----------End of Buff List----------

        ----------Enemy Debuffs----------
        AshveilBaitShred | From: SUP1 | SHRED | Stacks: 1 | Value: 0.400 | Remaining Turns: 995 | Target: 1 | Targeting: ST | Affects: ['ALL'] | DOT: False | Blast: False
        MortenaxBladeUltVul | From: SUP2 | VULN | Stacks: 1 | Value: 0.500 | Remaining Turns: 2 | Target: 1 | Targeting: ST | Affects: ['ALL'] | DOT: False | Blast: False
        MortenaxBladeUltShred | From: SUP2 | SHRED | Stacks: 1 | Value: 0.300 | Remaining Turns: 2 | Target: 1 | Targeting: ST | Affects: ['ALL'] | DOT: False | Blast: False
        ----------End of Debuff List----------
        ----------Healing List----------
        ----------End of Healing List----------
    GAUGE  - Enemy 1 toughness reduced by 0.000
    RESULT - HuoHuoAllyERR | HuoHuo | SUS | DMG: 0.000 | ELADMG: 0.000 | Enemies Hit: [1] | Enemies Broken: [] | WB DMG: 0.000 | Energy: 1.354 | Amount HP Healed: 0.000 | Amount HP Lost: 0.000 | HuoHuo Energy: 8/140 | SP: 0 | MaxSP: 5)
ERR    > 8.000 energy added to Ashveil from AshveilTalentEnergy21 | Ashveil Energy: 133.667
ERR    > 9.955 energy added to MortenaxBlade from TutorialERR | MortenaxBlade Energy: 160.000
ULT    > MortenaxBlade used their ultimate
MortenaxBlade has obtained 1 Charge. Current Charge count: 9.
    TURN   - MortenaxBladeEnhancedUlt | MortenaxBlade | SUP2 | AOE attack | ['FIR'] | ['ULT'] | Scaling: HP | TargetID: 1 | DMG/BREAK Splits: [3.5, 0]/[20, 0] | Energy Gained: 5 | SP Change: 0

        ----------Char Buffs----------
        GilgameshTrace3ATK | ATK% | Stacks: 1 | Value: 0.200 | Remaining Turns: 1 | TickDown: SUP2, PERM | Target: SUP2 | Affects: ['ALL']
        GilgameshTrace3CD | CD% | Stacks: 1 | Value: 0.200 | Remaining Turns: 1 | TickDown: SUP2, PERM | Target: SUP2 | Affects: ['ALL']
        AshveilTrace3CD | CD% | Stacks: 1 | Value: 0.400 | Remaining Turns: 1 | TickDown: SUP1, PERM | Target: SUP2 | Affects: ['ALL']
        TutorialEHR | EHR% | Stacks: 1 | Value: 0.400 | Remaining Turns: 1 | TickDown: SUP2, PERM | Target: SUP2 | Affects: ['ALL']
        MasterSmithHP | HP% | Stacks: 1 | Value: 0.120 | Remaining Turns: 1 | TickDown: SUP2, PERM | Target: SUP2 | Affects: ['ALL']
        LushakaERR | ERR% | Stacks: 1 | Value: 0.050 | Remaining Turns: 1 | TickDown: SUP2, PERM | Target: SUP2 | Affects: ['ALL']
        MortenaxBladeTraceCR | CR% | Stacks: 1 | Value: 0.120 | Remaining Turns: 1 | TickDown: SUP2, PERM | Target: SUP2 | Affects: ['ALL']
        MortenaxBladeTraceHP | HP% | Stacks: 1 | Value: 0.100 | Remaining Turns: 1 | TickDown: SUP2, PERM | Target: SUP2 | Affects: ['ALL']
        MortenaxBladeTraceDMG | DMG% | Stacks: 1 | Value: 0.224 | Remaining Turns: 1 | TickDown: SUP2, PERM | Target: SUP2 | Affects: ['ALL']
        KeelCD(SUS) | CD% | Stacks: 1 | Value: 0.100 | Remaining Turns: 1 | TickDown: SUP2, PERM | Target: SUP2 | Affects: ['ALL']
        MasterSmithCD | CD% | Stacks: 1 | Value: 0.280 | Remaining Turns: 1 | TickDown: SUP2, PERM | Target: SUP2 | Affects: ['ALL']
        MasterSmithComburent | DMG% | Stacks: 1 | Value: 0.150 | Remaining Turns: 2 | TickDown: SUP2, END | Target: SUP2 | Affects: ['ALL']
        MortenaxBladeCRBoost | CR% | Stacks: 1 | Value: 0.200 | Remaining Turns: 1 | TickDown: SUP2, PERM | Target: SUP2 | Affects: ['ALL']
        MortenaxBladeCDBoost | CD% | Stacks: 1 | Value: 0.600 | Remaining Turns: 1 | TickDown: SUP2, PERM | Target: SUP2 | Affects: ['ALL']
        MortenaxBladeDMGReduction | DMG_REDUCTION | Stacks: 1 | Value: 0.500 | Remaining Turns: 1 | TickDown: SUP2, PERM | Target: SUP2 | Affects: ['ALL']
        MortenaxBladeDMGBoost | DMG% | Stacks: 1 | Value: 0.500 | Remaining Turns: 1 | TickDown: SUP2, PERM | Target: SUP2 | Affects: ['ALL']
        MortenaxBladeDMG | DMG% | Stacks: 1 | Value: 0.750 | Remaining Turns: 1 | TickDown: SUP2, PERM | Target: SUP2 | Affects: ['ALL']
        WarriorGoddessHealCD | CD% | Stacks: 1 | Value: 0.150 | Remaining Turns: 1 | TickDown: SUP2, START | Target: SUP2 | Affects: ['ALL']
        ConvergingStarsCD | CD% | Stacks: 1 | Value: 0.120 | Remaining Turns: 1 | TickDown: SUP2, PERM | Target: SUP2 | Affects: ['ALL']
        HuoHuoUltATK | ATK% | Stacks: 1 | Value: 0.400 | Remaining Turns: 2 | TickDown: SUP2, END | Target: SUP2 | Affects: ['ALL']
        HuoHuoUltExtraATK | ATK% | Stacks: 1 | Value: 0.240 | Remaining Turns: 2 | TickDown: SUP2, END | Target: SUP2 | Affects: ['ALL']
        ----------End of Buff List----------

        ----------Enemy Debuffs----------
        AshveilBaitShred | From: SUP1 | SHRED | Stacks: 1 | Value: 0.400 | Remaining Turns: 995 | Target: 1 | Targeting: ST | Affects: ['ALL'] | DOT: False | Blast: False
        MortenaxBladeUltVul | From: SUP2 | VULN | Stacks: 1 | Value: 0.500 | Remaining Turns: 2 | Target: 1 | Targeting: ST | Affects: ['ALL'] | DOT: False | Blast: False
        MortenaxBladeUltShred | From: SUP2 | SHRED | Stacks: 1 | Value: 0.300 | Remaining Turns: 2 | Target: 1 | Targeting: ST | Affects: ['ALL'] | DOT: False | Blast: False
        ----------End of Debuff List----------
        ----------Healing List----------
        ----------End of Healing List----------
    GAUGE  - Enemy 0 toughness reduced by 0.000
    GAUGE  - Enemy 1 toughness reduced by 0.000
    GAUGE  - Enemy 2 toughness reduced by 0.000
    RESULT - MortenaxBladeEnhancedUlt | MortenaxBlade | SUP2 | DMG: 394376.463 | ELADMG: 0.000 | Enemies Hit: [0, 1, 2] | Enemies Broken: [] | WB DMG: 0.000 | Energy: 6.222 | Amount HP Healed: 0.000 | Amount HP Lost: 0.000 | MortenaxBlade Energy: 6/160 | SP: 0 | MaxSP: 5)
Gilgamesh Obtained 2 Interest from Teammate Ult, Current count: 8
Gilgamesh Obtained 48.0 Energy from Teammate
Gilgamesh Obtained 1 Interest from Teammate, Current count: 9
MortenaxBlade has obtained 1 Charge. Current Charge count: 1.
    TURN   - MortenaxBladeAOEFUA | MortenaxBlade | SUP2 | AOE attack | ['FIR'] | ['FUA'] | Scaling: HP | TargetID: 1 | DMG/BREAK Splits: [0.72, 0]/[10, 0] | Energy Gained: 25 | SP Change: 0

        ----------Char Buffs----------
        GilgameshTrace3ATK | ATK% | Stacks: 1 | Value: 0.200 | Remaining Turns: 1 | TickDown: SUP2, PERM | Target: SUP2 | Affects: ['ALL']
        GilgameshTrace3CD | CD% | Stacks: 1 | Value: 0.200 | Remaining Turns: 1 | TickDown: SUP2, PERM | Target: SUP2 | Affects: ['ALL']
        AshveilTrace3CD | CD% | Stacks: 1 | Value: 0.400 | Remaining Turns: 1 | TickDown: SUP1, PERM | Target: SUP2 | Affects: ['ALL']
        AshveilTrace3FUACD | CD% | Stacks: 1 | Value: 0.800 | Remaining Turns: 1 | TickDown: SUP1, PERM | Target: SUP2 | Affects: ['FUA']
        TutorialEHR | EHR% | Stacks: 1 | Value: 0.400 | Remaining Turns: 1 | TickDown: SUP2, PERM | Target: SUP2 | Affects: ['ALL']
        MasterSmithHP | HP% | Stacks: 1 | Value: 0.120 | Remaining Turns: 1 | TickDown: SUP2, PERM | Target: SUP2 | Affects: ['ALL']
        LushakaERR | ERR% | Stacks: 1 | Value: 0.050 | Remaining Turns: 1 | TickDown: SUP2, PERM | Target: SUP2 | Affects: ['ALL']
        MortenaxBladeTraceCR | CR% | Stacks: 1 | Value: 0.120 | Remaining Turns: 1 | TickDown: SUP2, PERM | Target: SUP2 | Affects: ['ALL']
        MortenaxBladeTraceHP | HP% | Stacks: 1 | Value: 0.100 | Remaining Turns: 1 | TickDown: SUP2, PERM | Target: SUP2 | Affects: ['ALL']
        MortenaxBladeTraceDMG | DMG% | Stacks: 1 | Value: 0.224 | Remaining Turns: 1 | TickDown: SUP2, PERM | Target: SUP2 | Affects: ['ALL']
        KeelCD(SUS) | CD% | Stacks: 1 | Value: 0.100 | Remaining Turns: 1 | TickDown: SUP2, PERM | Target: SUP2 | Affects: ['ALL']
        MasterSmithCD | CD% | Stacks: 1 | Value: 0.280 | Remaining Turns: 1 | TickDown: SUP2, PERM | Target: SUP2 | Affects: ['ALL']
        MasterSmithComburent | DMG% | Stacks: 1 | Value: 0.150 | Remaining Turns: 2 | TickDown: SUP2, END | Target: SUP2 | Affects: ['ALL']
        MortenaxBladeCRBoost | CR% | Stacks: 1 | Value: 0.200 | Remaining Turns: 1 | TickDown: SUP2, PERM | Target: SUP2 | Affects: ['ALL']
        MortenaxBladeCDBoost | CD% | Stacks: 1 | Value: 0.600 | Remaining Turns: 1 | TickDown: SUP2, PERM | Target: SUP2 | Affects: ['ALL']
        MortenaxBladeDMGReduction | DMG_REDUCTION | Stacks: 1 | Value: 0.500 | Remaining Turns: 1 | TickDown: SUP2, PERM | Target: SUP2 | Affects: ['ALL']
        MortenaxBladeDMGBoost | DMG% | Stacks: 1 | Value: 0.500 | Remaining Turns: 1 | TickDown: SUP2, PERM | Target: SUP2 | Affects: ['ALL']
        MortenaxBladeDMG | DMG% | Stacks: 1 | Value: 0.750 | Remaining Turns: 1 | TickDown: SUP2, PERM | Target: SUP2 | Affects: ['ALL']
        WarriorGoddessHealCD | CD% | Stacks: 1 | Value: 0.150 | Remaining Turns: 1 | TickDown: SUP2, START | Target: SUP2 | Affects: ['ALL']
        ConvergingStarsCD | CD% | Stacks: 1 | Value: 0.120 | Remaining Turns: 1 | TickDown: SUP2, PERM | Target: SUP2 | Affects: ['ALL']
        HuoHuoUltATK | ATK% | Stacks: 1 | Value: 0.400 | Remaining Turns: 2 | TickDown: SUP2, END | Target: SUP2 | Affects: ['ALL']
        HuoHuoUltExtraATK | ATK% | Stacks: 1 | Value: 0.240 | Remaining Turns: 2 | TickDown: SUP2, END | Target: SUP2 | Affects: ['ALL']
        ----------End of Buff List----------

        ----------Enemy Debuffs----------
        AshveilBaitShred | From: SUP1 | SHRED | Stacks: 1 | Value: 0.400 | Remaining Turns: 995 | Target: 1 | Targeting: ST | Affects: ['ALL'] | DOT: False | Blast: False
        MortenaxBladeUltVul | From: SUP2 | VULN | Stacks: 1 | Value: 0.500 | Remaining Turns: 2 | Target: 1 | Targeting: ST | Affects: ['ALL'] | DOT: False | Blast: False
        MortenaxBladeUltShred | From: SUP2 | SHRED | Stacks: 1 | Value: 0.300 | Remaining Turns: 2 | Target: 1 | Targeting: ST | Affects: ['ALL'] | DOT: False | Blast: False
        ----------End of Debuff List----------
        ----------Healing List----------
        HuoHuoTalentHealingScaling | Targeting: Targeting.SINGLE | Healing Value: [0] | Target: ALL
        HuoHuoTalentHealingScaling | Targeting: Targeting.SINGLE | Healing Value: [0.045] | Target: ALL
        HuoHuoTalentHealingScaling | Targeting: Targeting.SINGLE | Healing Value: [0] | Target: ALL
        HuoHuoTalentHealingScaling | Targeting: Targeting.SINGLE | Healing Value: [0] | Target: ALL
        HuoHuoTalentHealingFlat | Targeting: Targeting.SINGLE | Healing Value: [0] | Target: ALL
        HuoHuoTalentHealingFlat | Targeting: Targeting.SINGLE | Healing Value: [120] | Target: ALL
        HuoHuoTalentHealingFlat | Targeting: Targeting.SINGLE | Healing Value: [0] | Target: ALL
        HuoHuoTalentHealingFlat | Targeting: Targeting.SINGLE | Healing Value: [0] | Target: ALL
        ----------End of Healing List----------
    GAUGE  - Enemy 0 toughness reduced by 0.000
    GAUGE  - Enemy 1 toughness reduced by 0.000
    GAUGE  - Enemy 2 toughness reduced by 0.000
    RESULT - MortenaxBladeAOEFUA | MortenaxBlade | SUP2 | DMG: 98601.632 | ELADMG: 0.000 | Enemies Hit: [0, 1, 2] | Enemies Broken: [] | WB DMG: 0.000 | Energy: 31.110 | Amount HP Healed: 371.779 | Amount HP Lost: 0.000 | MortenaxBlade Energy: 37/160 | SP: 0 | MaxSP: 5)
Gilgamesh Obtained 1 Interest from Teammate, Current count: 10
    TURN   - MortenaxBladeBounceFUA | MortenaxBlade | SUP2 | ST attack | ['FIR'] | ['FUA'] | Scaling: HP | TargetID: 1 | DMG/BREAK Splits: [0.24, 0]/[5, 0] | Energy Gained: 0 | SP Change: 0

        ----------Char Buffs----------
        GilgameshTrace3ATK | ATK% | Stacks: 1 | Value: 0.200 | Remaining Turns: 1 | TickDown: SUP2, PERM | Target: SUP2 | Affects: ['ALL']
        GilgameshTrace3CD | CD% | Stacks: 1 | Value: 0.200 | Remaining Turns: 1 | TickDown: SUP2, PERM | Target: SUP2 | Affects: ['ALL']
        AshveilTrace3CD | CD% | Stacks: 1 | Value: 0.400 | Remaining Turns: 1 | TickDown: SUP1, PERM | Target: SUP2 | Affects: ['ALL']
        AshveilTrace3FUACD | CD% | Stacks: 1 | Value: 0.800 | Remaining Turns: 1 | TickDown: SUP1, PERM | Target: SUP2 | Affects: ['FUA']
        TutorialEHR | EHR% | Stacks: 1 | Value: 0.400 | Remaining Turns: 1 | TickDown: SUP2, PERM | Target: SUP2 | Affects: ['ALL']
        MasterSmithHP | HP% | Stacks: 1 | Value: 0.120 | Remaining Turns: 1 | TickDown: SUP2, PERM | Target: SUP2 | Affects: ['ALL']
        LushakaERR | ERR% | Stacks: 1 | Value: 0.050 | Remaining Turns: 1 | TickDown: SUP2, PERM | Target: SUP2 | Affects: ['ALL']
        MortenaxBladeTraceCR | CR% | Stacks: 1 | Value: 0.120 | Remaining Turns: 1 | TickDown: SUP2, PERM | Target: SUP2 | Affects: ['ALL']
        MortenaxBladeTraceHP | HP% | Stacks: 1 | Value: 0.100 | Remaining Turns: 1 | TickDown: SUP2, PERM | Target: SUP2 | Affects: ['ALL']
        MortenaxBladeTraceDMG | DMG% | Stacks: 1 | Value: 0.224 | Remaining Turns: 1 | TickDown: SUP2, PERM | Target: SUP2 | Affects: ['ALL']
        KeelCD(SUS) | CD% | Stacks: 1 | Value: 0.100 | Remaining Turns: 1 | TickDown: SUP2, PERM | Target: SUP2 | Affects: ['ALL']
        MasterSmithCD | CD% | Stacks: 1 | Value: 0.280 | Remaining Turns: 1 | TickDown: SUP2, PERM | Target: SUP2 | Affects: ['ALL']
        MasterSmithComburent | DMG% | Stacks: 1 | Value: 0.150 | Remaining Turns: 2 | TickDown: SUP2, END | Target: SUP2 | Affects: ['ALL']
        MortenaxBladeCRBoost | CR% | Stacks: 1 | Value: 0.200 | Remaining Turns: 1 | TickDown: SUP2, PERM | Target: SUP2 | Affects: ['ALL']
        MortenaxBladeCDBoost | CD% | Stacks: 1 | Value: 0.600 | Remaining Turns: 1 | TickDown: SUP2, PERM | Target: SUP2 | Affects: ['ALL']
        MortenaxBladeDMGReduction | DMG_REDUCTION | Stacks: 1 | Value: 0.500 | Remaining Turns: 1 | TickDown: SUP2, PERM | Target: SUP2 | Affects: ['ALL']
        MortenaxBladeDMGBoost | DMG% | Stacks: 1 | Value: 0.500 | Remaining Turns: 1 | TickDown: SUP2, PERM | Target: SUP2 | Affects: ['ALL']
        MortenaxBladeDMG | DMG% | Stacks: 1 | Value: 0.750 | Remaining Turns: 1 | TickDown: SUP2, PERM | Target: SUP2 | Affects: ['ALL']
        WarriorGoddessHealCD | CD% | Stacks: 1 | Value: 0.150 | Remaining Turns: 1 | TickDown: SUP2, START | Target: SUP2 | Affects: ['ALL']
        ConvergingStarsCD | CD% | Stacks: 1 | Value: 0.120 | Remaining Turns: 1 | TickDown: SUP2, PERM | Target: SUP2 | Affects: ['ALL']
        HuoHuoUltATK | ATK% | Stacks: 1 | Value: 0.400 | Remaining Turns: 2 | TickDown: SUP2, END | Target: SUP2 | Affects: ['ALL']
        HuoHuoUltExtraATK | ATK% | Stacks: 1 | Value: 0.240 | Remaining Turns: 2 | TickDown: SUP2, END | Target: SUP2 | Affects: ['ALL']
        TutorialERR | ERR_T | Stacks: 1 | Value: 8.000 | Remaining Turns: 1 | TickDown: SUP2, START | Target: SUP2 | Affects: ['ALL']
        ----------End of Buff List----------

        ----------Enemy Debuffs----------
        AshveilBaitShred | From: SUP1 | SHRED | Stacks: 1 | Value: 0.400 | Remaining Turns: 995 | Target: 1 | Targeting: ST | Affects: ['ALL'] | DOT: False | Blast: False
        MortenaxBladeUltVul | From: SUP2 | VULN | Stacks: 1 | Value: 0.500 | Remaining Turns: 2 | Target: 1 | Targeting: ST | Affects: ['ALL'] | DOT: False | Blast: False
        MortenaxBladeUltShred | From: SUP2 | SHRED | Stacks: 1 | Value: 0.300 | Remaining Turns: 2 | Target: 1 | Targeting: ST | Affects: ['ALL'] | DOT: False | Blast: False
        ----------End of Debuff List----------
        ----------Healing List----------
        ----------End of Healing List----------
    GAUGE  - Enemy 1 toughness reduced by 0.000
    RESULT - MortenaxBladeBounceFUA | MortenaxBlade | SUP2 | DMG: 10955.737 | ELADMG: 0.000 | Enemies Hit: [1] | Enemies Broken: [] | WB DMG: 0.000 | Energy: 0.000 | Amount HP Healed: 0.000 | Amount HP Lost: 0.000 | MortenaxBlade Energy: 37/160 | SP: 0 | MaxSP: 5)
    TURN   - MortenaxBladeBounceFUA | MortenaxBlade | SUP2 | ST attack | ['FIR'] | ['FUA'] | Scaling: HP | TargetID: 1 | DMG/BREAK Splits: [0.24, 0]/[5, 0] | Energy Gained: 0 | SP Change: 0

        ----------Char Buffs----------
        GilgameshTrace3ATK | ATK% | Stacks: 1 | Value: 0.200 | Remaining Turns: 1 | TickDown: SUP2, PERM | Target: SUP2 | Affects: ['ALL']
        GilgameshTrace3CD | CD% | Stacks: 1 | Value: 0.200 | Remaining Turns: 1 | TickDown: SUP2, PERM | Target: SUP2 | Affects: ['ALL']
        AshveilTrace3CD | CD% | Stacks: 1 | Value: 0.400 | Remaining Turns: 1 | TickDown: SUP1, PERM | Target: SUP2 | Affects: ['ALL']
        AshveilTrace3FUACD | CD% | Stacks: 1 | Value: 0.800 | Remaining Turns: 1 | TickDown: SUP1, PERM | Target: SUP2 | Affects: ['FUA']
        TutorialEHR | EHR% | Stacks: 1 | Value: 0.400 | Remaining Turns: 1 | TickDown: SUP2, PERM | Target: SUP2 | Affects: ['ALL']
        MasterSmithHP | HP% | Stacks: 1 | Value: 0.120 | Remaining Turns: 1 | TickDown: SUP2, PERM | Target: SUP2 | Affects: ['ALL']
        LushakaERR | ERR% | Stacks: 1 | Value: 0.050 | Remaining Turns: 1 | TickDown: SUP2, PERM | Target: SUP2 | Affects: ['ALL']
        MortenaxBladeTraceCR | CR% | Stacks: 1 | Value: 0.120 | Remaining Turns: 1 | TickDown: SUP2, PERM | Target: SUP2 | Affects: ['ALL']
        MortenaxBladeTraceHP | HP% | Stacks: 1 | Value: 0.100 | Remaining Turns: 1 | TickDown: SUP2, PERM | Target: SUP2 | Affects: ['ALL']
        MortenaxBladeTraceDMG | DMG% | Stacks: 1 | Value: 0.224 | Remaining Turns: 1 | TickDown: SUP2, PERM | Target: SUP2 | Affects: ['ALL']
        KeelCD(SUS) | CD% | Stacks: 1 | Value: 0.100 | Remaining Turns: 1 | TickDown: SUP2, PERM | Target: SUP2 | Affects: ['ALL']
        MasterSmithCD | CD% | Stacks: 1 | Value: 0.280 | Remaining Turns: 1 | TickDown: SUP2, PERM | Target: SUP2 | Affects: ['ALL']
        MasterSmithComburent | DMG% | Stacks: 1 | Value: 0.150 | Remaining Turns: 2 | TickDown: SUP2, END | Target: SUP2 | Affects: ['ALL']
        MortenaxBladeCRBoost | CR% | Stacks: 1 | Value: 0.200 | Remaining Turns: 1 | TickDown: SUP2, PERM | Target: SUP2 | Affects: ['ALL']
        MortenaxBladeCDBoost | CD% | Stacks: 1 | Value: 0.600 | Remaining Turns: 1 | TickDown: SUP2, PERM | Target: SUP2 | Affects: ['ALL']
        MortenaxBladeDMGReduction | DMG_REDUCTION | Stacks: 1 | Value: 0.500 | Remaining Turns: 1 | TickDown: SUP2, PERM | Target: SUP2 | Affects: ['ALL']
        MortenaxBladeDMGBoost | DMG% | Stacks: 1 | Value: 0.500 | Remaining Turns: 1 | TickDown: SUP2, PERM | Target: SUP2 | Affects: ['ALL']
        MortenaxBladeDMG | DMG% | Stacks: 1 | Value: 0.750 | Remaining Turns: 1 | TickDown: SUP2, PERM | Target: SUP2 | Affects: ['ALL']
        WarriorGoddessHealCD | CD% | Stacks: 1 | Value: 0.150 | Remaining Turns: 1 | TickDown: SUP2, START | Target: SUP2 | Affects: ['ALL']
        ConvergingStarsCD | CD% | Stacks: 1 | Value: 0.120 | Remaining Turns: 1 | TickDown: SUP2, PERM | Target: SUP2 | Affects: ['ALL']
        HuoHuoUltATK | ATK% | Stacks: 1 | Value: 0.400 | Remaining Turns: 2 | TickDown: SUP2, END | Target: SUP2 | Affects: ['ALL']
        HuoHuoUltExtraATK | ATK% | Stacks: 1 | Value: 0.240 | Remaining Turns: 2 | TickDown: SUP2, END | Target: SUP2 | Affects: ['ALL']
        TutorialERR | ERR_T | Stacks: 1 | Value: 8.000 | Remaining Turns: 1 | TickDown: SUP2, START | Target: SUP2 | Affects: ['ALL']
        ----------End of Buff List----------

        ----------Enemy Debuffs----------
        AshveilBaitShred | From: SUP1 | SHRED | Stacks: 1 | Value: 0.400 | Remaining Turns: 995 | Target: 1 | Targeting: ST | Affects: ['ALL'] | DOT: False | Blast: False
        MortenaxBladeUltVul | From: SUP2 | VULN | Stacks: 1 | Value: 0.500 | Remaining Turns: 2 | Target: 1 | Targeting: ST | Affects: ['ALL'] | DOT: False | Blast: False
        MortenaxBladeUltShred | From: SUP2 | SHRED | Stacks: 1 | Value: 0.300 | Remaining Turns: 2 | Target: 1 | Targeting: ST | Affects: ['ALL'] | DOT: False | Blast: False
        ----------End of Debuff List----------
        ----------Healing List----------
        ----------End of Healing List----------
    GAUGE  - Enemy 1 toughness reduced by 0.000
    RESULT - MortenaxBladeBounceFUA | MortenaxBlade | SUP2 | DMG: 10955.737 | ELADMG: 0.000 | Enemies Hit: [1] | Enemies Broken: [] | WB DMG: 0.000 | Energy: 0.000 | Amount HP Healed: 0.000 | Amount HP Lost: 0.000 | MortenaxBlade Energy: 37/160 | SP: 0 | MaxSP: 5)
    TURN   - MortenaxBladeBounceFUA | MortenaxBlade | SUP2 | ST attack | ['FIR'] | ['FUA'] | Scaling: HP | TargetID: 1 | DMG/BREAK Splits: [0.24, 0]/[5, 0] | Energy Gained: 0 | SP Change: 0

        ----------Char Buffs----------
        GilgameshTrace3ATK | ATK% | Stacks: 1 | Value: 0.200 | Remaining Turns: 1 | TickDown: SUP2, PERM | Target: SUP2 | Affects: ['ALL']
        GilgameshTrace3CD | CD% | Stacks: 1 | Value: 0.200 | Remaining Turns: 1 | TickDown: SUP2, PERM | Target: SUP2 | Affects: ['ALL']
        AshveilTrace3CD | CD% | Stacks: 1 | Value: 0.400 | Remaining Turns: 1 | TickDown: SUP1, PERM | Target: SUP2 | Affects: ['ALL']
        AshveilTrace3FUACD | CD% | Stacks: 1 | Value: 0.800 | Remaining Turns: 1 | TickDown: SUP1, PERM | Target: SUP2 | Affects: ['FUA']
        TutorialEHR | EHR% | Stacks: 1 | Value: 0.400 | Remaining Turns: 1 | TickDown: SUP2, PERM | Target: SUP2 | Affects: ['ALL']
        MasterSmithHP | HP% | Stacks: 1 | Value: 0.120 | Remaining Turns: 1 | TickDown: SUP2, PERM | Target: SUP2 | Affects: ['ALL']
        LushakaERR | ERR% | Stacks: 1 | Value: 0.050 | Remaining Turns: 1 | TickDown: SUP2, PERM | Target: SUP2 | Affects: ['ALL']
        MortenaxBladeTraceCR | CR% | Stacks: 1 | Value: 0.120 | Remaining Turns: 1 | TickDown: SUP2, PERM | Target: SUP2 | Affects: ['ALL']
        MortenaxBladeTraceHP | HP% | Stacks: 1 | Value: 0.100 | Remaining Turns: 1 | TickDown: SUP2, PERM | Target: SUP2 | Affects: ['ALL']
        MortenaxBladeTraceDMG | DMG% | Stacks: 1 | Value: 0.224 | Remaining Turns: 1 | TickDown: SUP2, PERM | Target: SUP2 | Affects: ['ALL']
        KeelCD(SUS) | CD% | Stacks: 1 | Value: 0.100 | Remaining Turns: 1 | TickDown: SUP2, PERM | Target: SUP2 | Affects: ['ALL']
        MasterSmithCD | CD% | Stacks: 1 | Value: 0.280 | Remaining Turns: 1 | TickDown: SUP2, PERM | Target: SUP2 | Affects: ['ALL']
        MasterSmithComburent | DMG% | Stacks: 1 | Value: 0.150 | Remaining Turns: 2 | TickDown: SUP2, END | Target: SUP2 | Affects: ['ALL']
        MortenaxBladeCRBoost | CR% | Stacks: 1 | Value: 0.200 | Remaining Turns: 1 | TickDown: SUP2, PERM | Target: SUP2 | Affects: ['ALL']
        MortenaxBladeCDBoost | CD% | Stacks: 1 | Value: 0.600 | Remaining Turns: 1 | TickDown: SUP2, PERM | Target: SUP2 | Affects: ['ALL']
        MortenaxBladeDMGReduction | DMG_REDUCTION | Stacks: 1 | Value: 0.500 | Remaining Turns: 1 | TickDown: SUP2, PERM | Target: SUP2 | Affects: ['ALL']
        MortenaxBladeDMGBoost | DMG% | Stacks: 1 | Value: 0.500 | Remaining Turns: 1 | TickDown: SUP2, PERM | Target: SUP2 | Affects: ['ALL']
        MortenaxBladeDMG | DMG% | Stacks: 1 | Value: 0.750 | Remaining Turns: 1 | TickDown: SUP2, PERM | Target: SUP2 | Affects: ['ALL']
        WarriorGoddessHealCD | CD% | Stacks: 1 | Value: 0.150 | Remaining Turns: 1 | TickDown: SUP2, START | Target: SUP2 | Affects: ['ALL']
        ConvergingStarsCD | CD% | Stacks: 1 | Value: 0.120 | Remaining Turns: 1 | TickDown: SUP2, PERM | Target: SUP2 | Affects: ['ALL']
        HuoHuoUltATK | ATK% | Stacks: 1 | Value: 0.400 | Remaining Turns: 2 | TickDown: SUP2, END | Target: SUP2 | Affects: ['ALL']
        HuoHuoUltExtraATK | ATK% | Stacks: 1 | Value: 0.240 | Remaining Turns: 2 | TickDown: SUP2, END | Target: SUP2 | Affects: ['ALL']
        TutorialERR | ERR_T | Stacks: 1 | Value: 8.000 | Remaining Turns: 1 | TickDown: SUP2, START | Target: SUP2 | Affects: ['ALL']
        ----------End of Buff List----------

        ----------Enemy Debuffs----------
        AshveilBaitShred | From: SUP1 | SHRED | Stacks: 1 | Value: 0.400 | Remaining Turns: 995 | Target: 1 | Targeting: ST | Affects: ['ALL'] | DOT: False | Blast: False
        MortenaxBladeUltVul | From: SUP2 | VULN | Stacks: 1 | Value: 0.500 | Remaining Turns: 2 | Target: 1 | Targeting: ST | Affects: ['ALL'] | DOT: False | Blast: False
        MortenaxBladeUltShred | From: SUP2 | SHRED | Stacks: 1 | Value: 0.300 | Remaining Turns: 2 | Target: 1 | Targeting: ST | Affects: ['ALL'] | DOT: False | Blast: False
        ----------End of Debuff List----------
        ----------Healing List----------
        ----------End of Healing List----------
    GAUGE  - Enemy 1 toughness reduced by 0.000
    RESULT - MortenaxBladeBounceFUA | MortenaxBlade | SUP2 | DMG: 10955.737 | ELADMG: 0.000 | Enemies Hit: [1] | Enemies Broken: [] | WB DMG: 0.000 | Energy: 0.000 | Amount HP Healed: 0.000 | Amount HP Lost: 0.000 | MortenaxBlade Energy: 37/160 | SP: 0 | MaxSP: 5)
    TURN   - MortenaxBladeBounceFUA | MortenaxBlade | SUP2 | ST attack | ['FIR'] | ['FUA'] | Scaling: HP | TargetID: 1 | DMG/BREAK Splits: [0.24, 0]/[5, 0] | Energy Gained: 0 | SP Change: 0

        ----------Char Buffs----------
        GilgameshTrace3ATK | ATK% | Stacks: 1 | Value: 0.200 | Remaining Turns: 1 | TickDown: SUP2, PERM | Target: SUP2 | Affects: ['ALL']
        GilgameshTrace3CD | CD% | Stacks: 1 | Value: 0.200 | Remaining Turns: 1 | TickDown: SUP2, PERM | Target: SUP2 | Affects: ['ALL']
        AshveilTrace3CD | CD% | Stacks: 1 | Value: 0.400 | Remaining Turns: 1 | TickDown: SUP1, PERM | Target: SUP2 | Affects: ['ALL']
        AshveilTrace3FUACD | CD% | Stacks: 1 | Value: 0.800 | Remaining Turns: 1 | TickDown: SUP1, PERM | Target: SUP2 | Affects: ['FUA']
        TutorialEHR | EHR% | Stacks: 1 | Value: 0.400 | Remaining Turns: 1 | TickDown: SUP2, PERM | Target: SUP2 | Affects: ['ALL']
        MasterSmithHP | HP% | Stacks: 1 | Value: 0.120 | Remaining Turns: 1 | TickDown: SUP2, PERM | Target: SUP2 | Affects: ['ALL']
        LushakaERR | ERR% | Stacks: 1 | Value: 0.050 | Remaining Turns: 1 | TickDown: SUP2, PERM | Target: SUP2 | Affects: ['ALL']
        MortenaxBladeTraceCR | CR% | Stacks: 1 | Value: 0.120 | Remaining Turns: 1 | TickDown: SUP2, PERM | Target: SUP2 | Affects: ['ALL']
        MortenaxBladeTraceHP | HP% | Stacks: 1 | Value: 0.100 | Remaining Turns: 1 | TickDown: SUP2, PERM | Target: SUP2 | Affects: ['ALL']
        MortenaxBladeTraceDMG | DMG% | Stacks: 1 | Value: 0.224 | Remaining Turns: 1 | TickDown: SUP2, PERM | Target: SUP2 | Affects: ['ALL']
        KeelCD(SUS) | CD% | Stacks: 1 | Value: 0.100 | Remaining Turns: 1 | TickDown: SUP2, PERM | Target: SUP2 | Affects: ['ALL']
        MasterSmithCD | CD% | Stacks: 1 | Value: 0.280 | Remaining Turns: 1 | TickDown: SUP2, PERM | Target: SUP2 | Affects: ['ALL']
        MasterSmithComburent | DMG% | Stacks: 1 | Value: 0.150 | Remaining Turns: 2 | TickDown: SUP2, END | Target: SUP2 | Affects: ['ALL']
        MortenaxBladeCRBoost | CR% | Stacks: 1 | Value: 0.200 | Remaining Turns: 1 | TickDown: SUP2, PERM | Target: SUP2 | Affects: ['ALL']
        MortenaxBladeCDBoost | CD% | Stacks: 1 | Value: 0.600 | Remaining Turns: 1 | TickDown: SUP2, PERM | Target: SUP2 | Affects: ['ALL']
        MortenaxBladeDMGReduction | DMG_REDUCTION | Stacks: 1 | Value: 0.500 | Remaining Turns: 1 | TickDown: SUP2, PERM | Target: SUP2 | Affects: ['ALL']
        MortenaxBladeDMGBoost | DMG% | Stacks: 1 | Value: 0.500 | Remaining Turns: 1 | TickDown: SUP2, PERM | Target: SUP2 | Affects: ['ALL']
        MortenaxBladeDMG | DMG% | Stacks: 1 | Value: 0.750 | Remaining Turns: 1 | TickDown: SUP2, PERM | Target: SUP2 | Affects: ['ALL']
        WarriorGoddessHealCD | CD% | Stacks: 1 | Value: 0.150 | Remaining Turns: 1 | TickDown: SUP2, START | Target: SUP2 | Affects: ['ALL']
        ConvergingStarsCD | CD% | Stacks: 1 | Value: 0.120 | Remaining Turns: 1 | TickDown: SUP2, PERM | Target: SUP2 | Affects: ['ALL']
        HuoHuoUltATK | ATK% | Stacks: 1 | Value: 0.400 | Remaining Turns: 2 | TickDown: SUP2, END | Target: SUP2 | Affects: ['ALL']
        HuoHuoUltExtraATK | ATK% | Stacks: 1 | Value: 0.240 | Remaining Turns: 2 | TickDown: SUP2, END | Target: SUP2 | Affects: ['ALL']
        TutorialERR | ERR_T | Stacks: 1 | Value: 8.000 | Remaining Turns: 1 | TickDown: SUP2, START | Target: SUP2 | Affects: ['ALL']
        ----------End of Buff List----------

        ----------Enemy Debuffs----------
        AshveilBaitShred | From: SUP1 | SHRED | Stacks: 1 | Value: 0.400 | Remaining Turns: 995 | Target: 1 | Targeting: ST | Affects: ['ALL'] | DOT: False | Blast: False
        MortenaxBladeUltVul | From: SUP2 | VULN | Stacks: 1 | Value: 0.500 | Remaining Turns: 2 | Target: 1 | Targeting: ST | Affects: ['ALL'] | DOT: False | Blast: False
        MortenaxBladeUltShred | From: SUP2 | SHRED | Stacks: 1 | Value: 0.300 | Remaining Turns: 2 | Target: 1 | Targeting: ST | Affects: ['ALL'] | DOT: False | Blast: False
        ----------End of Debuff List----------
        ----------Healing List----------
        ----------End of Healing List----------
    GAUGE  - Enemy 1 toughness reduced by 0.000
    RESULT - MortenaxBladeBounceFUA | MortenaxBlade | SUP2 | DMG: 10955.737 | ELADMG: 0.000 | Enemies Hit: [1] | Enemies Broken: [] | WB DMG: 0.000 | Energy: 0.000 | Amount HP Healed: 0.000 | Amount HP Lost: 0.000 | MortenaxBlade Energy: 37/160 | SP: 0 | MaxSP: 5)
    TURN   - HuoHuoAllyERR | HuoHuo | SUS | NA attack | ['WIN'] | ['SPECIAL'] | Scaling: HP | TargetID: 1 | DMG/BREAK Splits: [0, 0]/[0, 0] | Energy Gained: 1 | SP Change: 0

        ----------Char Buffs----------
        GilgameshTrace3ATK | ATK% | Stacks: 1 | Value: 0.200 | Remaining Turns: 1 | TickDown: SUS, PERM | Target: SUS | Affects: ['ALL']
        GilgameshTrace3CD | CD% | Stacks: 1 | Value: 0.200 | Remaining Turns: 1 | TickDown: SUS, PERM | Target: SUS | Affects: ['ALL']
        AshveilTrace3CD | CD% | Stacks: 1 | Value: 0.400 | Remaining Turns: 1 | TickDown: SUP1, PERM | Target: SUS | Affects: ['ALL']
        PostOpERR | ERR% | Stacks: 1 | Value: 0.160 | Remaining Turns: 1 | TickDown: SUS, PERM | Target: SUS | Affects: ['ALL']
        WarriorGoddessSPD | SPD% | Stacks: 1 | Value: 0.060 | Remaining Turns: 1 | TickDown: SUS, PERM | Target: SUS | Affects: ['ALL']
        KeelEFFRES | ERS% | Stacks: 1 | Value: 0.100 | Remaining Turns: 1 | TickDown: SUS, PERM | Target: SUS | Affects: ['ALL']
        KeelCD(SUS) | CD% | Stacks: 1 | Value: 0.100 | Remaining Turns: 1 | TickDown: SUS, PERM | Target: SUS | Affects: ['ALL']
        HHTraceHP | HP% | Stacks: 1 | Value: 0.280 | Remaining Turns: 1 | TickDown: SUS, PERM | Target: SUS | Affects: ['ALL']
        HHTraceERS | ERS% | Stacks: 1 | Value: 0.180 | Remaining Turns: 1 | TickDown: SUS, PERM | Target: SUS | Affects: ['ALL']
        HHTraceSPD | SPD | Stacks: 1 | Value: 5.000 | Remaining Turns: 1 | TickDown: SUS, PERM | Target: SUS | Affects: ['ALL']
        MasterSmithComburent | DMG% | Stacks: 1 | Value: 0.150 | Remaining Turns: 2 | TickDown: SUS, END | Target: SUS | Affects: ['ALL']
        MortenaxBladeDMGBoost | DMG% | Stacks: 1 | Value: 0.500 | Remaining Turns: 1 | TickDown: SUS, PERM | Target: SUS | Affects: ['ALL']
        WarriorGoddessHealSPD | SPD% | Stacks: 1 | Value: 0.060 | Remaining Turns: 2 | TickDown: SUS, START | Target: SUS | Affects: ['ALL']
        WarriorGoddessHealCD | CD% | Stacks: 1 | Value: 0.150 | Remaining Turns: 2 | TickDown: SUS, START | Target: SUS | Affects: ['ALL']
        ConvergingStarsCD | CD% | Stacks: 1 | Value: 0.120 | Remaining Turns: 1 | TickDown: SUS, PERM | Target: SUS | Affects: ['ALL']
        ----------End of Buff List----------

        ----------Enemy Debuffs----------
        AshveilBaitShred | From: SUP1 | SHRED | Stacks: 1 | Value: 0.400 | Remaining Turns: 995 | Target: 1 | Targeting: ST | Affects: ['ALL'] | DOT: False | Blast: False
        MortenaxBladeUltVul | From: SUP2 | VULN | Stacks: 1 | Value: 0.500 | Remaining Turns: 2 | Target: 1 | Targeting: ST | Affects: ['ALL'] | DOT: False | Blast: False
        MortenaxBladeUltShred | From: SUP2 | SHRED | Stacks: 1 | Value: 0.300 | Remaining Turns: 2 | Target: 1 | Targeting: ST | Affects: ['ALL'] | DOT: False | Blast: False
        ----------End of Debuff List----------
        ----------Healing List----------
        ----------End of Healing List----------
    GAUGE  - Enemy 1 toughness reduced by 0.000
    RESULT - HuoHuoAllyERR | HuoHuo | SUS | DMG: 0.000 | ELADMG: 0.000 | Enemies Hit: [1] | Enemies Broken: [] | WB DMG: 0.000 | Energy: 1.354 | Amount HP Healed: 0.000 | Amount HP Lost: 0.000 | HuoHuo Energy: 9/140 | SP: 0 | MaxSP: 5)
ERR    > 48.000 energy added to Gilgamesh from GilgameshTrace1ERRAlly2 | Gilgamesh Energy: 360.000
ERR    > 8.000 energy added to Ashveil from AshveilTalentEnergy22 | Ashveil Energy: 141.667
ERR    > 8.000 energy added to Ashveil from AshveilTalentEnergy23 | Ashveil Energy: 149.667
ERR    > 9.955 energy added to MortenaxBlade from TutorialERR | MortenaxBlade Energy: 47.287
ULT    > Gilgamesh used their ultimate
Gilgamesh Obtained 2 Interest from Ult, Current count: 12
Gilgamesh JointCounter increased by one, current count: 9
    TURN   - GilgameshUltAll | Gilgamesh | DPS | AOE attack | ['LNG'] | ['ULT'] | Scaling: ATK | TargetID: 1 | DMG/BREAK Splits: [4.0, 0]/[40, 0] | Energy Gained: 0 | SP Change: 0

        ----------Char Buffs----------
        ScholarCR | CR% | Stacks: 1 | Value: 0.080 | Remaining Turns: 1 | TickDown: DPS, PERM | Target: DPS | Affects: ['ALL']
        ScholarDMG | DMG% | Stacks: 1 | Value: 0.200 | Remaining Turns: 1 | TickDown: DPS, PERM | Target: DPS | Affects: ['SKL', 'ULT']
        GilgameshTraceATK | ATK | Stacks: 1 | Value: 0.180 | Remaining Turns: 1 | TickDown: DPS, PERM | Target: DPS | Affects: ['ALL']
        GilgameshTraceCR | CR% | Stacks: 1 | Value: 0.187 | Remaining Turns: 1 | TickDown: DPS, PERM | Target: DPS | Affects: ['ALL']
        GilgameshTraceDMG | DMG% | Stacks: 1 | Value: 0.080 | Remaining Turns: 1 | TickDown: DPS, PERM | Target: DPS | Affects: ['ALL']
        GilgameshTrace3ATK | ATK% | Stacks: 1 | Value: 0.200 | Remaining Turns: 1 | TickDown: DPS, PERM | Target: DPS | Affects: ['ALL']
        GilgameshTrace3CD | CD% | Stacks: 1 | Value: 0.200 | Remaining Turns: 1 | TickDown: DPS, PERM | Target: DPS | Affects: ['ALL']
        GilgameshTrace3SelfATK | ATK% | Stacks: 1 | Value: 1.000 | Remaining Turns: 1 | TickDown: DPS, PERM | Target: DPS | Affects: ['ALL']
        GilgameshTrace3SelfCD | CD% | Stacks: 1 | Value: 1.000 | Remaining Turns: 1 | TickDown: DPS, PERM | Target: DPS | Affects: ['ALL']
        AshveilTrace3CD | CD% | Stacks: 1 | Value: 0.400 | Remaining Turns: 1 | TickDown: SUP1, PERM | Target: DPS | Affects: ['ALL']
        LushakaATK(SUP2) | ATK% | Stacks: 1 | Value: 0.120 | Remaining Turns: 1 | TickDown: DPS, PERM | Target: DPS | Affects: ['ALL']
        KeelCD(SUS) | CD% | Stacks: 1 | Value: 0.100 | Remaining Turns: 1 | TickDown: DPS, PERM | Target: DPS | Affects: ['ALL']
        CosmicLifeDMG | DMG% | Stacks: 1 | Value: 0.320 | Remaining Turns: 1 | TickDown: DPS, PERM | Target: DPS | Affects: ['ALL']
        Trace2CDExtra | CD% | Stacks: 1 | Value: 1.500 | Remaining Turns: 1 | TickDown: DPS, PERM | Target: DPS | Affects: ['ALL']
        GilgameshInterestSPD | SPD% | Stacks: 1 | Value: 1.000 | Remaining Turns: 1 | TickDown: SUP2, PERM | Target: DPS | Affects: ['ALL']
        MasterSmithComburent | DMG% | Stacks: 1 | Value: 0.150 | Remaining Turns: 2 | TickDown: DPS, END | Target: DPS | Affects: ['ALL']
        MortenaxBladeDMGBoost | DMG% | Stacks: 1 | Value: 0.500 | Remaining Turns: 1 | TickDown: DPS, PERM | Target: DPS | Affects: ['ALL']
        GilgameshUltDmg | DMG% | Stacks: 1 | Value: 0.400 | Remaining Turns: 3 | TickDown: DPS, END | Target: DPS | Affects: ['ULT']
        WarriorGoddessHealCD | CD% | Stacks: 1 | Value: 0.150 | Remaining Turns: 2 | TickDown: DPS, START | Target: DPS | Affects: ['ALL']
        GilgameshSKLShred | SHRED | Stacks: 1 | Value: 0.300 | Remaining Turns: 2 | TickDown: DPS, END | Target: DPS | Affects: ['ALL']
        AeonATK | ATK% | Stacks: 1 | Value: 0.640 | Remaining Turns: 1 | TickDown: DPS, PERM | Target: DPS | Affects: ['ALL']
        ConvergingStarsCD | CD% | Stacks: 1 | Value: 0.120 | Remaining Turns: 1 | TickDown: DPS, PERM | Target: DPS | Affects: ['ALL']
        HuoHuoUltATK | ATK% | Stacks: 1 | Value: 0.400 | Remaining Turns: 2 | TickDown: DPS, END | Target: DPS | Affects: ['ALL']
        HuoHuoUltExtraATK | ATK% | Stacks: 1 | Value: 0.240 | Remaining Turns: 2 | TickDown: DPS, END | Target: DPS | Affects: ['ALL']
        ----------End of Buff List----------

        ----------Enemy Debuffs----------
        AshveilBaitShred | From: SUP1 | SHRED | Stacks: 1 | Value: 0.400 | Remaining Turns: 995 | Target: 1 | Targeting: ST | Affects: ['ALL'] | DOT: False | Blast: False
        MortenaxBladeUltVul | From: SUP2 | VULN | Stacks: 1 | Value: 0.500 | Remaining Turns: 2 | Target: 1 | Targeting: ST | Affects: ['ALL'] | DOT: False | Blast: False
        MortenaxBladeUltShred | From: SUP2 | SHRED | Stacks: 1 | Value: 0.300 | Remaining Turns: 2 | Target: 1 | Targeting: ST | Affects: ['ALL'] | DOT: False | Blast: False
        ----------End of Debuff List----------
        ----------Healing List----------
        ----------End of Healing List----------
    GAUGE  - Enemy 0 toughness reduced by 40.000
    GAUGE  - Enemy 1 toughness reduced by 40.000
    GAUGE  - Enemy 2 toughness reduced by 40.000
    RESULT - GilgameshUltAll | Gilgamesh | DPS | DMG: 1673395.997 | ELADMG: 0.000 | Enemies Hit: [0, 1, 2] | Enemies Broken: [2] | WB DMG: 18931.503 | Energy: 0.000 | Amount HP Healed: 0.000 | Amount HP Lost: 0.000 | Gilgamesh Energy: 0/360 | SP: 0 | MaxSP: 5)
MortenaxBlade has obtained 1 Charge. Current Charge count: 2.
    TURN   - GilgameshUltSingle | Gilgamesh | DPS | ST attack | ['LNG'] | ['ULT'] | Scaling: ATK | TargetID: 1 | DMG/BREAK Splits: [10.0, 0]/[20, 0] | Energy Gained: 5 | SP Change: 0

        ----------Char Buffs----------
        ScholarCR | CR% | Stacks: 1 | Value: 0.080 | Remaining Turns: 1 | TickDown: DPS, PERM | Target: DPS | Affects: ['ALL']
        ScholarDMG | DMG% | Stacks: 1 | Value: 0.200 | Remaining Turns: 1 | TickDown: DPS, PERM | Target: DPS | Affects: ['SKL', 'ULT']
        GilgameshTraceATK | ATK | Stacks: 1 | Value: 0.180 | Remaining Turns: 1 | TickDown: DPS, PERM | Target: DPS | Affects: ['ALL']
        GilgameshTraceCR | CR% | Stacks: 1 | Value: 0.187 | Remaining Turns: 1 | TickDown: DPS, PERM | Target: DPS | Affects: ['ALL']
        GilgameshTraceDMG | DMG% | Stacks: 1 | Value: 0.080 | Remaining Turns: 1 | TickDown: DPS, PERM | Target: DPS | Affects: ['ALL']
        GilgameshTrace3ATK | ATK% | Stacks: 1 | Value: 0.200 | Remaining Turns: 1 | TickDown: DPS, PERM | Target: DPS | Affects: ['ALL']
        GilgameshTrace3CD | CD% | Stacks: 1 | Value: 0.200 | Remaining Turns: 1 | TickDown: DPS, PERM | Target: DPS | Affects: ['ALL']
        GilgameshTrace3SelfATK | ATK% | Stacks: 1 | Value: 1.000 | Remaining Turns: 1 | TickDown: DPS, PERM | Target: DPS | Affects: ['ALL']
        GilgameshTrace3SelfCD | CD% | Stacks: 1 | Value: 1.000 | Remaining Turns: 1 | TickDown: DPS, PERM | Target: DPS | Affects: ['ALL']
        AshveilTrace3CD | CD% | Stacks: 1 | Value: 0.400 | Remaining Turns: 1 | TickDown: SUP1, PERM | Target: DPS | Affects: ['ALL']
        LushakaATK(SUP2) | ATK% | Stacks: 1 | Value: 0.120 | Remaining Turns: 1 | TickDown: DPS, PERM | Target: DPS | Affects: ['ALL']
        KeelCD(SUS) | CD% | Stacks: 1 | Value: 0.100 | Remaining Turns: 1 | TickDown: DPS, PERM | Target: DPS | Affects: ['ALL']
        CosmicLifeDMG | DMG% | Stacks: 1 | Value: 0.320 | Remaining Turns: 1 | TickDown: DPS, PERM | Target: DPS | Affects: ['ALL']
        Trace2CDExtra | CD% | Stacks: 1 | Value: 1.500 | Remaining Turns: 1 | TickDown: DPS, PERM | Target: DPS | Affects: ['ALL']
        GilgameshInterestSPD | SPD% | Stacks: 1 | Value: 1.200 | Remaining Turns: 1 | TickDown: SUP2, PERM | Target: DPS | Affects: ['ALL']
        MasterSmithComburent | DMG% | Stacks: 1 | Value: 0.150 | Remaining Turns: 2 | TickDown: DPS, END | Target: DPS | Affects: ['ALL']
        MortenaxBladeDMGBoost | DMG% | Stacks: 1 | Value: 0.500 | Remaining Turns: 1 | TickDown: DPS, PERM | Target: DPS | Affects: ['ALL']
        GilgameshUltDmg | DMG% | Stacks: 1 | Value: 0.400 | Remaining Turns: 3 | TickDown: DPS, END | Target: DPS | Affects: ['ULT']
        WarriorGoddessHealCD | CD% | Stacks: 1 | Value: 0.150 | Remaining Turns: 2 | TickDown: DPS, START | Target: DPS | Affects: ['ALL']
        GilgameshSKLShred | SHRED | Stacks: 1 | Value: 0.300 | Remaining Turns: 2 | TickDown: DPS, END | Target: DPS | Affects: ['ALL']
        AeonATK | ATK% | Stacks: 1 | Value: 0.640 | Remaining Turns: 1 | TickDown: DPS, PERM | Target: DPS | Affects: ['ALL']
        ConvergingStarsCD | CD% | Stacks: 1 | Value: 0.120 | Remaining Turns: 1 | TickDown: DPS, PERM | Target: DPS | Affects: ['ALL']
        HuoHuoUltATK | ATK% | Stacks: 1 | Value: 0.400 | Remaining Turns: 2 | TickDown: DPS, END | Target: DPS | Affects: ['ALL']
        HuoHuoUltExtraATK | ATK% | Stacks: 1 | Value: 0.240 | Remaining Turns: 2 | TickDown: DPS, END | Target: DPS | Affects: ['ALL']
        AeonDMG | DMG% | Stacks: 1 | Value: 0.240 | Remaining Turns: 2 | TickDown: DPS, END | Target: DPS | Affects: ['ALL']
        ----------End of Buff List----------

        ----------Enemy Debuffs----------
        AshveilBaitShred | From: SUP1 | SHRED | Stacks: 1 | Value: 0.400 | Remaining Turns: 995 | Target: 1 | Targeting: ST | Affects: ['ALL'] | DOT: False | Blast: False
        MortenaxBladeUltVul | From: SUP2 | VULN | Stacks: 1 | Value: 0.500 | Remaining Turns: 2 | Target: 1 | Targeting: ST | Affects: ['ALL'] | DOT: False | Blast: False
        MortenaxBladeUltShred | From: SUP2 | SHRED | Stacks: 1 | Value: 0.300 | Remaining Turns: 2 | Target: 1 | Targeting: ST | Affects: ['ALL'] | DOT: False | Blast: False
        ----------End of Debuff List----------
        ----------Healing List----------
        HuoHuoTalentHealingScaling | Targeting: Targeting.SINGLE | Healing Value: [0] | Target: ALL
        HuoHuoTalentHealingScaling | Targeting: Targeting.SINGLE | Healing Value: [0.045] | Target: ALL
        HuoHuoTalentHealingScaling | Targeting: Targeting.SINGLE | Healing Value: [0] | Target: ALL
        HuoHuoTalentHealingScaling | Targeting: Targeting.SINGLE | Healing Value: [0] | Target: ALL
        HuoHuoTalentHealingFlat | Targeting: Targeting.SINGLE | Healing Value: [0] | Target: ALL
        HuoHuoTalentHealingFlat | Targeting: Targeting.SINGLE | Healing Value: [120] | Target: ALL
        HuoHuoTalentHealingFlat | Targeting: Targeting.SINGLE | Healing Value: [0] | Target: ALL
        HuoHuoTalentHealingFlat | Targeting: Targeting.SINGLE | Healing Value: [0] | Target: ALL
        ----------End of Healing List----------
    GAUGE  - Enemy 1 toughness reduced by 20.000
    RESULT - GilgameshUltSingle | Gilgamesh | DPS | DMG: 1504631.872 | ELADMG: 0.000 | Enemies Hit: [1] | Enemies Broken: [] | WB DMG: 0.000 | Energy: 5.000 | Amount HP Healed: 438.089 | Amount HP Lost: 0.000 | Gilgamesh Energy: 5/360 | SP: 0 | MaxSP: 5)
    TURN   - HuoHuoAllyERR | HuoHuo | SUS | NA attack | ['WIN'] | ['SPECIAL'] | Scaling: HP | TargetID: 1 | DMG/BREAK Splits: [0, 0]/[0, 0] | Energy Gained: 1 | SP Change: 0

        ----------Char Buffs----------
        GilgameshTrace3ATK | ATK% | Stacks: 1 | Value: 0.200 | Remaining Turns: 1 | TickDown: SUS, PERM | Target: SUS | Affects: ['ALL']
        GilgameshTrace3CD | CD% | Stacks: 1 | Value: 0.200 | Remaining Turns: 1 | TickDown: SUS, PERM | Target: SUS | Affects: ['ALL']
        AshveilTrace3CD | CD% | Stacks: 1 | Value: 0.400 | Remaining Turns: 1 | TickDown: SUP1, PERM | Target: SUS | Affects: ['ALL']
        PostOpERR | ERR% | Stacks: 1 | Value: 0.160 | Remaining Turns: 1 | TickDown: SUS, PERM | Target: SUS | Affects: ['ALL']
        WarriorGoddessSPD | SPD% | Stacks: 1 | Value: 0.060 | Remaining Turns: 1 | TickDown: SUS, PERM | Target: SUS | Affects: ['ALL']
        KeelEFFRES | ERS% | Stacks: 1 | Value: 0.100 | Remaining Turns: 1 | TickDown: SUS, PERM | Target: SUS | Affects: ['ALL']
        KeelCD(SUS) | CD% | Stacks: 1 | Value: 0.100 | Remaining Turns: 1 | TickDown: SUS, PERM | Target: SUS | Affects: ['ALL']
        HHTraceHP | HP% | Stacks: 1 | Value: 0.280 | Remaining Turns: 1 | TickDown: SUS, PERM | Target: SUS | Affects: ['ALL']
        HHTraceERS | ERS% | Stacks: 1 | Value: 0.180 | Remaining Turns: 1 | TickDown: SUS, PERM | Target: SUS | Affects: ['ALL']
        HHTraceSPD | SPD | Stacks: 1 | Value: 5.000 | Remaining Turns: 1 | TickDown: SUS, PERM | Target: SUS | Affects: ['ALL']
        MasterSmithComburent | DMG% | Stacks: 1 | Value: 0.150 | Remaining Turns: 2 | TickDown: SUS, END | Target: SUS | Affects: ['ALL']
        MortenaxBladeDMGBoost | DMG% | Stacks: 1 | Value: 0.500 | Remaining Turns: 1 | TickDown: SUS, PERM | Target: SUS | Affects: ['ALL']
        WarriorGoddessHealSPD | SPD% | Stacks: 1 | Value: 0.060 | Remaining Turns: 2 | TickDown: SUS, START | Target: SUS | Affects: ['ALL']
        WarriorGoddessHealCD | CD% | Stacks: 1 | Value: 0.150 | Remaining Turns: 2 | TickDown: SUS, START | Target: SUS | Affects: ['ALL']
        ConvergingStarsCD | CD% | Stacks: 1 | Value: 0.120 | Remaining Turns: 1 | TickDown: SUS, PERM | Target: SUS | Affects: ['ALL']
        ----------End of Buff List----------

        ----------Enemy Debuffs----------
        AshveilBaitShred | From: SUP1 | SHRED | Stacks: 1 | Value: 0.400 | Remaining Turns: 995 | Target: 1 | Targeting: ST | Affects: ['ALL'] | DOT: False | Blast: False
        MortenaxBladeUltVul | From: SUP2 | VULN | Stacks: 1 | Value: 0.500 | Remaining Turns: 2 | Target: 1 | Targeting: ST | Affects: ['ALL'] | DOT: False | Blast: False
        MortenaxBladeUltShred | From: SUP2 | SHRED | Stacks: 1 | Value: 0.300 | Remaining Turns: 2 | Target: 1 | Targeting: ST | Affects: ['ALL'] | DOT: False | Blast: False
        ----------End of Debuff List----------
        ----------Healing List----------
        ----------End of Healing List----------
    GAUGE  - Enemy 1 toughness reduced by 0.000
    RESULT - HuoHuoAllyERR | HuoHuo | SUS | DMG: 0.000 | ELADMG: 0.000 | Enemies Hit: [1] | Enemies Broken: [] | WB DMG: 0.000 | Energy: 1.354 | Amount HP Healed: 0.000 | Amount HP Lost: 0.000 | HuoHuo Energy: 11/140 | SP: 0 | MaxSP: 5)
ERR    > 8.000 energy added to Ashveil from AshveilTalentEnergy24 | Ashveil Energy: 150.000
ULT    > Ashveil used their ultimate
Ashveil has 12 gluttony stacks before ult.
Ashveil has obtained 2 gluttony stacks from Ult.
    TURN   - AshveilUlt | Ashveil | SUP1 | ST attack | ['LNG'] | ['ULT'] | Scaling: ATK | TargetID: 0 | DMG/BREAK Splits: [4.0, 0]/[30, 0] | Energy Gained: 5 | SP Change: 0

        ----------Char Buffs----------
        GilgameshTrace3ATK | ATK% | Stacks: 1 | Value: 0.200 | Remaining Turns: 1 | TickDown: SUP1, PERM | Target: SUP1 | Affects: ['ALL']
        GilgameshTrace3CD | CD% | Stacks: 1 | Value: 0.200 | Remaining Turns: 1 | TickDown: SUP1, PERM | Target: SUP1 | Affects: ['ALL']
        CruisingBaseCR | CR% | Stacks: 1 | Value: 0.160 | Remaining Turns: 1 | TickDown: SUP1, PERM | Target: SUP1 | Affects: ['ALL']
        AshveilTraceCD | CD% | Stacks: 1 | Value: 0.373 | Remaining Turns: 1 | TickDown: SUP1, PERM | Target: SUP1 | Affects: ['ALL']
        AshveilTraceATK | ATK% | Stacks: 1 | Value: 0.100 | Remaining Turns: 1 | TickDown: SUP1, PERM | Target: SUP1 | Affects: ['ALL']
        AshveilTraceDMG | DMG% | Stacks: 1 | Value: 0.144 | Remaining Turns: 1 | TickDown: SUP1, PERM | Target: SUP1 | Affects: ['ALL']
        AshveilTrace3CD | CD% | Stacks: 1 | Value: 0.400 | Remaining Turns: 1 | TickDown: SUP1, PERM | Target: SUP1 | Affects: ['ALL']
        KeelCD(SUS) | CD% | Stacks: 1 | Value: 0.100 | Remaining Turns: 1 | TickDown: SUP1, PERM | Target: SUP1 | Affects: ['ALL']
        GilgameshTrace3AllyATK | ATK% | Stacks: 1 | Value: 0.100 | Remaining Turns: 1 | TickDown: SUP1, PERM | Target: SUP1 | Affects: ['ALL']
        GilgameshTrace3AllyCD | CD% | Stacks: 1 | Value: 0.100 | Remaining Turns: 1 | TickDown: SUP1, PERM | Target: SUP1 | Affects: ['ALL']
        MasterSmithComburent | DMG% | Stacks: 1 | Value: 0.150 | Remaining Turns: 2 | TickDown: SUP1, END | Target: SUP1 | Affects: ['ALL']
        DukeATK | ATK% | Stacks: 1 | Value: 0.480 | Remaining Turns: 3 | TickDown: SUP1, END | Target: SUP1 | Affects: ['ALL']
        ConvergingStarsATK | ATK% | Stacks: 1 | Value: 0.240 | Remaining Turns: 2 | TickDown: SUP1, END | Target: SUP1 | Affects: ['ALL']
        MortenaxBladeDMGBoost | DMG% | Stacks: 1 | Value: 0.500 | Remaining Turns: 1 | TickDown: SUP1, PERM | Target: SUP1 | Affects: ['ALL']
        WarriorGoddessHealCD | CD% | Stacks: 1 | Value: 0.150 | Remaining Turns: 2 | TickDown: SUP1, START | Target: SUP1 | Affects: ['ALL']
        ConvergingStarsCD | CD% | Stacks: 1 | Value: 0.120 | Remaining Turns: 1 | TickDown: SUP1, PERM | Target: SUP1 | Affects: ['ALL']
        CruisingKillATK | ATK% | Stacks: 1 | Value: 0.400 | Remaining Turns: 1 | TickDown: SUP1, END | Target: SUP1 | Affects: ['ALL']
        ----------End of Buff List----------

        ----------Enemy Debuffs----------
        AshveilBaitShred | From: SUP1 | SHRED | Stacks: 1 | Value: 0.400 | Remaining Turns: 996 | Target: 0 | Targeting: ST | Affects: ['ALL'] | DOT: False | Blast: False
        MortenaxBladeUltVul | From: SUP2 | VULN | Stacks: 1 | Value: 0.500 | Remaining Turns: 2 | Target: 0 | Targeting: ST | Affects: ['ALL'] | DOT: False | Blast: False
        MortenaxBladeUltShred | From: SUP2 | SHRED | Stacks: 1 | Value: 0.300 | Remaining Turns: 2 | Target: 0 | Targeting: ST | Affects: ['ALL'] | DOT: False | Blast: False
        Enemy 0 LNG-break | From: DPS | SHOCK | Stacks: 1 | Value: 8414.001 | Remaining Turns: 1 | Target: 0 | Targeting: ST | Affects: ['ALL'] | DOT: True | Blast: False
        ----------End of Debuff List----------
        ----------Healing List----------
        ----------End of Healing List----------
    GAUGE  - Enemy 0 toughness reduced by 30.000
    RESULT - AshveilUlt | Ashveil | SUP1 | DMG: 117321.983 | ELADMG: 0.000 | Enemies Hit: [0] | Enemies Broken: [0] | WB DMG: 14075.467 | Energy: 5.000 | Amount HP Healed: 0.000 | Amount HP Lost: 0.000 | Ashveil Energy: 5/150 | SP: 0 | MaxSP: 5)
Gilgamesh Obtained 2 Interest from Teammate Ult, Current count: 14
Gilgamesh Obtained 45.0 Energy from Teammate
Gilgamesh Obtained 1 Interest from Teammate, Current count: 15
Ashveil has obtained 2 gluttony stacks from FUA.
MortenaxBlade has obtained 1 Charge. Current Charge count: 3.
    TURN   - AshveilFUA | Ashveil | SUP1 | ST attack | ['LNG'] | ['FUA'] | Scaling: ATK | TargetID: 0 | DMG/BREAK Splits: [8.0, 0]/[5, 0] | Energy Gained: 5 | SP Change: 0

        ----------Char Buffs----------
        GilgameshTrace3ATK | ATK% | Stacks: 1 | Value: 0.200 | Remaining Turns: 1 | TickDown: SUP1, PERM | Target: SUP1 | Affects: ['ALL']
        GilgameshTrace3CD | CD% | Stacks: 1 | Value: 0.200 | Remaining Turns: 1 | TickDown: SUP1, PERM | Target: SUP1 | Affects: ['ALL']
        CruisingBaseCR | CR% | Stacks: 1 | Value: 0.160 | Remaining Turns: 1 | TickDown: SUP1, PERM | Target: SUP1 | Affects: ['ALL']
        DukeDMG | DMG% | Stacks: 1 | Value: 0.200 | Remaining Turns: 1 | TickDown: SUP1, PERM | Target: SUP1 | Affects: ['FUA']
        AshveilTraceCD | CD% | Stacks: 1 | Value: 0.373 | Remaining Turns: 1 | TickDown: SUP1, PERM | Target: SUP1 | Affects: ['ALL']
        AshveilTraceATK | ATK% | Stacks: 1 | Value: 0.100 | Remaining Turns: 1 | TickDown: SUP1, PERM | Target: SUP1 | Affects: ['ALL']
        AshveilTraceDMG | DMG% | Stacks: 1 | Value: 0.144 | Remaining Turns: 1 | TickDown: SUP1, PERM | Target: SUP1 | Affects: ['ALL']
        AshveilTrace2DMG | DMG% | Stacks: 1 | Value: 0.800 | Remaining Turns: 1 | TickDown: SUP1, PERM | Target: SUP1 | Affects: ['FUA']
        AshveilTrace3CD | CD% | Stacks: 1 | Value: 0.400 | Remaining Turns: 1 | TickDown: SUP1, PERM | Target: SUP1 | Affects: ['ALL']
        AshveilTrace3FUACD | CD% | Stacks: 1 | Value: 0.800 | Remaining Turns: 1 | TickDown: SUP1, PERM | Target: SUP1 | Affects: ['FUA']
        KeelCD(SUS) | CD% | Stacks: 1 | Value: 0.100 | Remaining Turns: 1 | TickDown: SUP1, PERM | Target: SUP1 | Affects: ['ALL']
        GilgameshTrace3AllyATK | ATK% | Stacks: 1 | Value: 0.100 | Remaining Turns: 1 | TickDown: SUP1, PERM | Target: SUP1 | Affects: ['ALL']
        GilgameshTrace3AllyCD | CD% | Stacks: 1 | Value: 0.100 | Remaining Turns: 1 | TickDown: SUP1, PERM | Target: SUP1 | Affects: ['ALL']
        MasterSmithComburent | DMG% | Stacks: 1 | Value: 0.150 | Remaining Turns: 2 | TickDown: SUP1, END | Target: SUP1 | Affects: ['ALL']
        DukeATK | ATK% | Stacks: 1 | Value: 0.480 | Remaining Turns: 3 | TickDown: SUP1, END | Target: SUP1 | Affects: ['ALL']
        ConvergingStarsATK | ATK% | Stacks: 1 | Value: 0.240 | Remaining Turns: 2 | TickDown: SUP1, END | Target: SUP1 | Affects: ['ALL']
        MortenaxBladeDMGBoost | DMG% | Stacks: 1 | Value: 0.500 | Remaining Turns: 1 | TickDown: SUP1, PERM | Target: SUP1 | Affects: ['ALL']
        WarriorGoddessHealCD | CD% | Stacks: 1 | Value: 0.150 | Remaining Turns: 2 | TickDown: SUP1, START | Target: SUP1 | Affects: ['ALL']
        ConvergingStarsCD | CD% | Stacks: 1 | Value: 0.120 | Remaining Turns: 1 | TickDown: SUP1, PERM | Target: SUP1 | Affects: ['ALL']
        CruisingKillATK | ATK% | Stacks: 1 | Value: 0.400 | Remaining Turns: 1 | TickDown: SUP1, END | Target: SUP1 | Affects: ['ALL']
        AshveilTrace2GluttonyDMG | DMG% | Stacks: 1 | Value: 0.600 | Remaining Turns: 1 | TickDown: SUP1, END | Target: SUP1 | Affects: ['FUA']
        ----------End of Buff List----------

        ----------Enemy Debuffs----------
        AshveilBaitShred | From: SUP1 | SHRED | Stacks: 1 | Value: 0.400 | Remaining Turns: 996 | Target: 0 | Targeting: ST | Affects: ['ALL'] | DOT: False | Blast: False
        MortenaxBladeUltVul | From: SUP2 | VULN | Stacks: 1 | Value: 0.500 | Remaining Turns: 2 | Target: 0 | Targeting: ST | Affects: ['ALL'] | DOT: False | Blast: False
        MortenaxBladeUltShred | From: SUP2 | SHRED | Stacks: 1 | Value: 0.300 | Remaining Turns: 2 | Target: 0 | Targeting: ST | Affects: ['ALL'] | DOT: False | Blast: False
        Enemy 0 LNG-break | From: DPS | SHOCK | Stacks: 1 | Value: 8414.001 | Remaining Turns: 2 | Target: 0 | Targeting: ST | Affects: ['ALL'] | DOT: True | Blast: False
        ----------End of Debuff List----------
        ----------Healing List----------
        HuoHuoTalentHealingScaling | Targeting: Targeting.SINGLE | Healing Value: [0] | Target: ALL
        HuoHuoTalentHealingScaling | Targeting: Targeting.SINGLE | Healing Value: [0.045] | Target: ALL
        HuoHuoTalentHealingScaling | Targeting: Targeting.SINGLE | Healing Value: [0] | Target: ALL
        HuoHuoTalentHealingScaling | Targeting: Targeting.SINGLE | Healing Value: [0] | Target: ALL
        HuoHuoTalentHealingFlat | Targeting: Targeting.SINGLE | Healing Value: [0] | Target: ALL
        HuoHuoTalentHealingFlat | Targeting: Targeting.SINGLE | Healing Value: [120] | Target: ALL
        HuoHuoTalentHealingFlat | Targeting: Targeting.SINGLE | Healing Value: [0] | Target: ALL
        HuoHuoTalentHealingFlat | Targeting: Targeting.SINGLE | Healing Value: [0] | Target: ALL
        ----------End of Healing List----------
    KILL   - Ashveil killed Enemy 0 (overkill: 373698.0)
    SPAWN  - Enemy 0 respawned at full HP, AV set to 0
    GAUGE  - Enemy 0 toughness reduced by 5.000
    RESULT - AshveilFUA | Ashveil | SUP1 | DMG: 599428.980 | ELADMG: 0.000 | Enemies Hit: [0] | Enemies Broken: [] | WB DMG: 0.000 | Energy: 5.000 | Amount HP Healed: 371.779 | Amount HP Lost: 0.000 | Ashveil Energy: 10/150 | SP: 0 | MaxSP: 5)
Gilgamesh Obtained 1 Interest from Teammate, Current count: 16
Ashveil has obtained 1 gluttony stacks from kill.
MortenaxBlade has obtained 1 Charge. Current Charge count: 4.
    TURN   - HuoHuoAllyERR | HuoHuo | SUS | NA attack | ['WIN'] | ['SPECIAL'] | Scaling: HP | TargetID: 1 | DMG/BREAK Splits: [0, 0]/[0, 0] | Energy Gained: 1 | SP Change: 0

        ----------Char Buffs----------
        GilgameshTrace3ATK | ATK% | Stacks: 1 | Value: 0.200 | Remaining Turns: 1 | TickDown: SUS, PERM | Target: SUS | Affects: ['ALL']
        GilgameshTrace3CD | CD% | Stacks: 1 | Value: 0.200 | Remaining Turns: 1 | TickDown: SUS, PERM | Target: SUS | Affects: ['ALL']
        AshveilTrace3CD | CD% | Stacks: 1 | Value: 0.400 | Remaining Turns: 1 | TickDown: SUP1, PERM | Target: SUS | Affects: ['ALL']
        PostOpERR | ERR% | Stacks: 1 | Value: 0.160 | Remaining Turns: 1 | TickDown: SUS, PERM | Target: SUS | Affects: ['ALL']
        WarriorGoddessSPD | SPD% | Stacks: 1 | Value: 0.060 | Remaining Turns: 1 | TickDown: SUS, PERM | Target: SUS | Affects: ['ALL']
        KeelEFFRES | ERS% | Stacks: 1 | Value: 0.100 | Remaining Turns: 1 | TickDown: SUS, PERM | Target: SUS | Affects: ['ALL']
        KeelCD(SUS) | CD% | Stacks: 1 | Value: 0.100 | Remaining Turns: 1 | TickDown: SUS, PERM | Target: SUS | Affects: ['ALL']
        HHTraceHP | HP% | Stacks: 1 | Value: 0.280 | Remaining Turns: 1 | TickDown: SUS, PERM | Target: SUS | Affects: ['ALL']
        HHTraceERS | ERS% | Stacks: 1 | Value: 0.180 | Remaining Turns: 1 | TickDown: SUS, PERM | Target: SUS | Affects: ['ALL']
        HHTraceSPD | SPD | Stacks: 1 | Value: 5.000 | Remaining Turns: 1 | TickDown: SUS, PERM | Target: SUS | Affects: ['ALL']
        MasterSmithComburent | DMG% | Stacks: 1 | Value: 0.150 | Remaining Turns: 2 | TickDown: SUS, END | Target: SUS | Affects: ['ALL']
        MortenaxBladeDMGBoost | DMG% | Stacks: 1 | Value: 0.500 | Remaining Turns: 1 | TickDown: SUS, PERM | Target: SUS | Affects: ['ALL']
        WarriorGoddessHealSPD | SPD% | Stacks: 1 | Value: 0.060 | Remaining Turns: 2 | TickDown: SUS, START | Target: SUS | Affects: ['ALL']
        WarriorGoddessHealCD | CD% | Stacks: 1 | Value: 0.150 | Remaining Turns: 2 | TickDown: SUS, START | Target: SUS | Affects: ['ALL']
        ConvergingStarsCD | CD% | Stacks: 1 | Value: 0.120 | Remaining Turns: 1 | TickDown: SUS, PERM | Target: SUS | Affects: ['ALL']
        ----------End of Buff List----------

        ----------Enemy Debuffs----------
        AshveilBaitShred | From: SUP1 | SHRED | Stacks: 1 | Value: 0.400 | Remaining Turns: 995 | Target: 1 | Targeting: ST | Affects: ['ALL'] | DOT: False | Blast: False
        MortenaxBladeUltVul | From: SUP2 | VULN | Stacks: 1 | Value: 0.500 | Remaining Turns: 2 | Target: 1 | Targeting: ST | Affects: ['ALL'] | DOT: False | Blast: False
        MortenaxBladeUltShred | From: SUP2 | SHRED | Stacks: 1 | Value: 0.300 | Remaining Turns: 2 | Target: 1 | Targeting: ST | Affects: ['ALL'] | DOT: False | Blast: False
        ----------End of Debuff List----------
        ----------Healing List----------
        ----------End of Healing List----------
    GAUGE  - Enemy 1 toughness reduced by 0.000
    RESULT - HuoHuoAllyERR | HuoHuo | SUS | DMG: 0.000 | ELADMG: 0.000 | Enemies Hit: [1] | Enemies Broken: [] | WB DMG: 0.000 | Energy: 1.354 | Amount HP Healed: 0.000 | Amount HP Lost: 0.000 | HuoHuo Energy: 12/140 | SP: 0 | MaxSP: 5)
ERR    > 45.000 energy added to Gilgamesh from GilgameshTrace1ERRAlly1 | Gilgamesh Energy: 50.000
SPD    > Gilgamesh speed changed to 256.800 | NewAV: 29.796
AV     > MortenaxBlade AV reset to 64.503 | 155.032 SPD
DELAY  > Enemy 2 delayed by 25.0% from STDBreakDelay | NewAV: 36.060
DELAY  > Enemy 0 delayed by 25.0% from STDBreakDelay | NewAV: 55.291

<<< NEW TURN >>>
-   InfiniteFury AV: 0.000 ENERGY: 0.000 MaxHP: 0.000 CurrHp 0.000
-   Enemy 1 AV: 1.714 ENERGY: 0.000 MaxHP: 5000000.000 CurrHp 1024934.917
-   Gilgamesh AV: 23.956 ENERGY: 50.000 MaxHP: 3134.558 CurrHp 3134.558
-   Enemy 2 AV: 30.220 ENERGY: 0.000 MaxHP: 2000000.000 CurrHp 1057199.987
-   HuoHuo AV: 45.665 ENERGY: 12.190 MaxHP: 6139.808 CurrHp 6139.808
-   Enemy 0 AV: 49.451 ENERGY: 0.000 MaxHP: 2000000.000 CurrHp 2000000.000
-   Ashveil AV: 49.516 ENERGY: 10.000 MaxHP: 2729.320 CurrHp 2729.320
-   MortenaxBlade AV: 58.663 ENERGY: 47.287 MaxHP: 4869.135 CurrHp 3378.584

Combat context set: 3 enemies, 4 players
Combat context initialized: 3 enemies, Elation team size: 0
ACTION > [SUMMON] TotalAV: 392.857 | TurnAV: 5.840 | InfiniteFury
    TURN   - InfiniteFury | InfiniteFury | SUP2 | NA attack | ['FIR'] | ['ALL'] | Scaling: HP | TargetID: -1 | DMG/BREAK Splits: [0, 0]/[0, 0] | Energy Gained: 0 | SP Change: 0

        ----------Char Buffs----------
        GilgameshTrace3ATK | ATK% | Stacks: 1 | Value: 0.200 | Remaining Turns: 1 | TickDown: SUP2, PERM | Target: SUP2 | Affects: ['ALL']
        GilgameshTrace3CD | CD% | Stacks: 1 | Value: 0.200 | Remaining Turns: 1 | TickDown: SUP2, PERM | Target: SUP2 | Affects: ['ALL']
        AshveilTrace3CD | CD% | Stacks: 1 | Value: 0.400 | Remaining Turns: 1 | TickDown: SUP1, PERM | Target: SUP2 | Affects: ['ALL']
        AshveilTrace3FUACD | CD% | Stacks: 1 | Value: 0.800 | Remaining Turns: 1 | TickDown: SUP1, PERM | Target: SUP2 | Affects: ['FUA']
        TutorialEHR | EHR% | Stacks: 1 | Value: 0.400 | Remaining Turns: 1 | TickDown: SUP2, PERM | Target: SUP2 | Affects: ['ALL']
        MasterSmithHP | HP% | Stacks: 1 | Value: 0.120 | Remaining Turns: 1 | TickDown: SUP2, PERM | Target: SUP2 | Affects: ['ALL']
        LushakaERR | ERR% | Stacks: 1 | Value: 0.050 | Remaining Turns: 1 | TickDown: SUP2, PERM | Target: SUP2 | Affects: ['ALL']
        MortenaxBladeTraceCR | CR% | Stacks: 1 | Value: 0.120 | Remaining Turns: 1 | TickDown: SUP2, PERM | Target: SUP2 | Affects: ['ALL']
        MortenaxBladeTraceHP | HP% | Stacks: 1 | Value: 0.100 | Remaining Turns: 1 | TickDown: SUP2, PERM | Target: SUP2 | Affects: ['ALL']
        MortenaxBladeTraceDMG | DMG% | Stacks: 1 | Value: 0.224 | Remaining Turns: 1 | TickDown: SUP2, PERM | Target: SUP2 | Affects: ['ALL']
        KeelCD(SUS) | CD% | Stacks: 1 | Value: 0.100 | Remaining Turns: 1 | TickDown: SUP2, PERM | Target: SUP2 | Affects: ['ALL']
        MasterSmithCD | CD% | Stacks: 1 | Value: 0.280 | Remaining Turns: 1 | TickDown: SUP2, PERM | Target: SUP2 | Affects: ['ALL']
        MasterSmithComburent | DMG% | Stacks: 1 | Value: 0.150 | Remaining Turns: 1 | TickDown: SUP2, END | Target: SUP2 | Affects: ['ALL']
        MortenaxBladeCRBoost | CR% | Stacks: 1 | Value: 0.200 | Remaining Turns: 1 | TickDown: SUP2, PERM | Target: SUP2 | Affects: ['ALL']
        MortenaxBladeCDBoost | CD% | Stacks: 1 | Value: 0.600 | Remaining Turns: 1 | TickDown: SUP2, PERM | Target: SUP2 | Affects: ['ALL']
        MortenaxBladeDMGReduction | DMG_REDUCTION | Stacks: 1 | Value: 0.500 | Remaining Turns: 1 | TickDown: SUP2, PERM | Target: SUP2 | Affects: ['ALL']
        MortenaxBladeDMGBoost | DMG% | Stacks: 1 | Value: 0.500 | Remaining Turns: 1 | TickDown: SUP2, PERM | Target: SUP2 | Affects: ['ALL']
        MortenaxBladeDMG | DMG% | Stacks: 1 | Value: 0.750 | Remaining Turns: 1 | TickDown: SUP2, PERM | Target: SUP2 | Affects: ['ALL']
        WarriorGoddessHealCD | CD% | Stacks: 1 | Value: 0.150 | Remaining Turns: 1 | TickDown: SUP2, START | Target: SUP2 | Affects: ['ALL']
        ConvergingStarsCD | CD% | Stacks: 1 | Value: 0.120 | Remaining Turns: 1 | TickDown: SUP2, PERM | Target: SUP2 | Affects: ['ALL']
        HuoHuoUltATK | ATK% | Stacks: 1 | Value: 0.400 | Remaining Turns: 1 | TickDown: SUP2, END | Target: SUP2 | Affects: ['ALL']
        HuoHuoUltExtraATK | ATK% | Stacks: 1 | Value: 0.240 | Remaining Turns: 1 | TickDown: SUP2, END | Target: SUP2 | Affects: ['ALL']
        ----------End of Buff List----------

        ----------Enemy Debuffs----------
        ----------End of Debuff List----------
        ----------Healing List----------
        ----------End of Healing List----------
    GAUGE  - Enemy 0 toughness reduced by 0.000
    RESULT - InfiniteFury | InfiniteFury | SUP2 | DMG: 0.000 | ELADMG: 0.000 | Enemies Hit: [0] | Enemies Broken: [] | WB DMG: 0.000 | Energy: 0.000 | Amount HP Healed: 0.000 | Amount HP Lost: 0.000 | MortenaxBlade Energy: 47/160 | SP: 0 | MaxSP: 5)
Gilgamesh Obtained 1 Interest from Teammate, Current count: 17
SPD    > Gilgamesh speed changed to 266.500 | NewAV: 23.084
AV     > InfiniteFury AV reset to 10000.000 | 1.000 SPD

<<< NEW TURN >>>
-   Enemy 1 AV: 0.000 ENERGY: 0.000 MaxHP: 5000000.000 CurrHp 1024934.917
-   Gilgamesh AV: 21.370 ENERGY: 50.000 MaxHP: 3134.558 CurrHp 3134.558
-   Enemy 2 AV: 28.506 ENERGY: 0.000 MaxHP: 2000000.000 CurrHp 1057199.987
-   HuoHuo AV: 43.951 ENERGY: 12.190 MaxHP: 6139.808 CurrHp 6139.808
-   Enemy 0 AV: 47.737 ENERGY: 0.000 MaxHP: 2000000.000 CurrHp 2000000.000
-   Ashveil AV: 47.803 ENERGY: 10.000 MaxHP: 2729.320 CurrHp 2729.320
-   MortenaxBlade AV: 56.949 ENERGY: 120.000 MaxHP: 4869.135 CurrHp 3378.584
-   InfiniteFury AV: 9998.286 ENERGY: 0.000 MaxHP: 0.000 CurrHp 0.000

Combat context set: 3 enemies, 4 players
Combat context initialized: 3 enemies, Elation team size: 0
ACTION > [ENEMY] TotalAV: 394.571 | TurnAV: 1.714 | Enemy 1 | 1 attacks
    CharEnergy - Gilgamesh: Hit 5.000 Total: 55.000 | Ashveil: Hit 8.333 Total: 18.333 | MortenaxBlade: Hit 8.333 Total: 130.370 | HuoHuo: Hit 5.000 Total: 18.962 |
    ENEMY  - Enemy 2 [aoe] dealt 255.9 to Ashveil (energy: 3.3, DEF: 2076, atkMul: 1.00, dmgMul: 1.00) | HP: 2473/2729
    ENEMY  - Enemy 2 [aoe] dealt 247.6 to Gilgamesh (energy: 3.3, DEF: 2185, atkMul: 1.00, dmgMul: 1.00) | HP: 2887/3135
    ENEMY  - Enemy 2 [aoe] dealt 258.4 to MortenaxBlade (energy: 3.3, DEF: 2045, atkMul: 1.00, dmgMul: 1.00) | HP: 3120/4869
    ENEMY  - Enemy 2 [aoe] dealt 123.8 to Gilgamesh (energy: 1.7, DEF: 2185, atkMul: 1.00, dmgMul: 1.00) | HP: 2763/3135
    ENEMY  - Enemy 2 [aoe] dealt 128.0 to Ashveil (energy: 1.7, DEF: 2076, atkMul: 1.00, dmgMul: 1.00) | HP: 2345/2729
    ENEMY  - Enemy 2 [aoe] dealt 129.2 to MortenaxBlade (energy: 1.7, DEF: 2045, atkMul: 1.00, dmgMul: 1.00) | HP: 2991/4869
    ENEMY  - Enemy 2 [aoe] dealt 116.0 to HuoHuo (energy: 1.7, DEF: 2410, atkMul: 1.00, dmgMul: 1.00) | HP: 6024/6140
    ENEMY  - Enemy 2 [aoe] dealt 258.4 to MortenaxBlade (energy: 3.3, DEF: 2045, atkMul: 1.00, dmgMul: 1.00) | HP: 2733/4869
    ENEMY  - Enemy 2 [aoe] dealt 255.9 to Ashveil (energy: 3.3, DEF: 2076, atkMul: 1.00, dmgMul: 1.00) | HP: 2090/2729
    ENEMY  - Enemy 2 [aoe] dealt 231.9 to HuoHuo (energy: 3.3, DEF: 2410, atkMul: 1.00, dmgMul: 1.00) | HP: 5792/6140
AV     > Enemy 1 AV reset to 63.131 | 158.400 SPD

<<< NEW TURN >>>
-   Gilgamesh AV: 0.000 ENERGY: 55.000 MaxHP: 3134.558 CurrHp 2763.219
-   Enemy 2 AV: 7.136 ENERGY: 0.000 MaxHP: 2000000.000 CurrHp 1057199.987
-   HuoHuo AV: 22.581 ENERGY: 18.962 MaxHP: 6139.808 CurrHp 5791.896
-   Enemy 0 AV: 26.367 ENERGY: 0.000 MaxHP: 2000000.000 CurrHp 2000000.000
-   Ashveil AV: 26.433 ENERGY: 18.333 MaxHP: 2729.320 CurrHp 2089.526
-   MortenaxBlade AV: 35.579 ENERGY: 130.370 MaxHP: 4869.135 CurrHp 2732.597
-   Enemy 1 AV: 41.761 ENERGY: 0.000 MaxHP: 5000000.000 CurrHp 1024934.917
-   InfiniteFury AV: 9976.916 ENERGY: 0.000 MaxHP: 0.000 CurrHp 0.000

Combat context set: 3 enemies, 4 players
Combat context initialized: 3 enemies, Elation team size: 0
ACTION > [CHAR] TotalAV: 415.941 | TurnAV: 21.370 | Gilgamesh | E-move
Gilgamesh JointCounter increased by one, current count: 10
    TURN   - GilgameshSkill | Gilgamesh | DPS | BLAST attack | ['LNG'] | ['SKL'] | Scaling: ATK | TargetID: 1 | DMG/BREAK Splits: [2.8, 1.4]/[20, 10] | Energy Gained: 30 | SP Change: 0

        ----------Char Buffs----------
        ScholarCR | CR% | Stacks: 1 | Value: 0.080 | Remaining Turns: 1 | TickDown: DPS, PERM | Target: DPS | Affects: ['ALL']
        ScholarDMG | DMG% | Stacks: 1 | Value: 0.200 | Remaining Turns: 1 | TickDown: DPS, PERM | Target: DPS | Affects: ['SKL', 'ULT']
        GilgameshTraceATK | ATK | Stacks: 1 | Value: 0.180 | Remaining Turns: 1 | TickDown: DPS, PERM | Target: DPS | Affects: ['ALL']
        GilgameshTraceCR | CR% | Stacks: 1 | Value: 0.187 | Remaining Turns: 1 | TickDown: DPS, PERM | Target: DPS | Affects: ['ALL']
        GilgameshTraceDMG | DMG% | Stacks: 1 | Value: 0.080 | Remaining Turns: 1 | TickDown: DPS, PERM | Target: DPS | Affects: ['ALL']
        GilgameshTrace3ATK | ATK% | Stacks: 1 | Value: 0.200 | Remaining Turns: 1 | TickDown: DPS, PERM | Target: DPS | Affects: ['ALL']
        GilgameshTrace3CD | CD% | Stacks: 1 | Value: 0.200 | Remaining Turns: 1 | TickDown: DPS, PERM | Target: DPS | Affects: ['ALL']
        GilgameshTrace3SelfATK | ATK% | Stacks: 1 | Value: 1.000 | Remaining Turns: 1 | TickDown: DPS, PERM | Target: DPS | Affects: ['ALL']
        GilgameshTrace3SelfCD | CD% | Stacks: 1 | Value: 1.000 | Remaining Turns: 1 | TickDown: DPS, PERM | Target: DPS | Affects: ['ALL']
        AshveilTrace3CD | CD% | Stacks: 1 | Value: 0.400 | Remaining Turns: 1 | TickDown: SUP1, PERM | Target: DPS | Affects: ['ALL']
        LushakaATK(SUP2) | ATK% | Stacks: 1 | Value: 0.120 | Remaining Turns: 1 | TickDown: DPS, PERM | Target: DPS | Affects: ['ALL']
        KeelCD(SUS) | CD% | Stacks: 1 | Value: 0.100 | Remaining Turns: 1 | TickDown: DPS, PERM | Target: DPS | Affects: ['ALL']
        CosmicLifeDMG | DMG% | Stacks: 1 | Value: 0.320 | Remaining Turns: 1 | TickDown: DPS, PERM | Target: DPS | Affects: ['ALL']
        Trace2CDExtra | CD% | Stacks: 1 | Value: 1.500 | Remaining Turns: 1 | TickDown: DPS, PERM | Target: DPS | Affects: ['ALL']
        GilgameshInterestSPD | SPD% | Stacks: 1 | Value: 1.700 | Remaining Turns: 1 | TickDown: SUP2, PERM | Target: DPS | Affects: ['ALL']
        MasterSmithComburent | DMG% | Stacks: 1 | Value: 0.150 | Remaining Turns: 2 | TickDown: DPS, END | Target: DPS | Affects: ['ALL']
        MortenaxBladeDMGBoost | DMG% | Stacks: 1 | Value: 0.000 | Remaining Turns: 1 | TickDown: DPS, PERM | Target: DPS | Affects: ['ALL']
        WarriorGoddessHealCD | CD% | Stacks: 1 | Value: 0.150 | Remaining Turns: 1 | TickDown: DPS, START | Target: DPS | Affects: ['ALL']
        GilgameshSKLShred | SHRED | Stacks: 1 | Value: 0.300 | Remaining Turns: 3 | TickDown: DPS, END | Target: DPS | Affects: ['ALL']
        AeonATK | ATK% | Stacks: 1 | Value: 0.640 | Remaining Turns: 1 | TickDown: DPS, PERM | Target: DPS | Affects: ['ALL']
        ConvergingStarsCD | CD% | Stacks: 1 | Value: 0.120 | Remaining Turns: 1 | TickDown: DPS, PERM | Target: DPS | Affects: ['ALL']
        HuoHuoUltATK | ATK% | Stacks: 1 | Value: 0.400 | Remaining Turns: 2 | TickDown: DPS, END | Target: DPS | Affects: ['ALL']
        HuoHuoUltExtraATK | ATK% | Stacks: 1 | Value: 0.240 | Remaining Turns: 2 | TickDown: DPS, END | Target: DPS | Affects: ['ALL']
        ScholarBonusDMG | DMG% | Stacks: 1 | Value: 0.250 | Remaining Turns: 1 | TickDown: DPS, START | Target: DPS | Affects: ['SKL']
        AeonDMG | DMG% | Stacks: 1 | Value: 0.240 | Remaining Turns: 2 | TickDown: DPS, END | Target: DPS | Affects: ['ALL']
        ----------End of Buff List----------

        ----------Enemy Debuffs----------
        AshveilBaitShred | From: SUP1 | SHRED | Stacks: 1 | Value: 0.400 | Remaining Turns: 994 | Target: 1 | Targeting: ST | Affects: ['ALL'] | DOT: False | Blast: False
        MortenaxBladeUltVul | From: SUP2 | VULN | Stacks: 1 | Value: 0.500 | Remaining Turns: 1 | Target: 1 | Targeting: ST | Affects: ['ALL'] | DOT: False | Blast: False
        MortenaxBladeUltShred | From: SUP2 | SHRED | Stacks: 1 | Value: 0.300 | Remaining Turns: 1 | Target: 1 | Targeting: ST | Affects: ['ALL'] | DOT: False | Blast: False
        ----------End of Debuff List----------
        ----------Healing List----------
        ----------End of Healing List----------
    GAUGE  - Enemy 1 toughness reduced by 20.000
    GAUGE  - Enemy 0 toughness reduced by 10.000
    GAUGE  - Enemy 2 toughness reduced by 10.000
    RESULT - GilgameshSkill | Gilgamesh | DPS | DMG: 713086.308 | ELADMG: 0.000 | Enemies Hit: [1, 0, 2] | Enemies Broken: [] | WB DMG: 0.000 | Energy: 30.000 | Amount HP Healed: 0.000 | Amount HP Lost: 0.000 | Gilgamesh Energy: 85/360 | SP: 0 | MaxSP: 5)
Ashveil has obtained 2 gluttony stacks from FUA.
    TURN   - AshveilFUA | Ashveil | SUP1 | ST attack | ['LNG'] | ['FUA'] | Scaling: ATK | TargetID: 1 | DMG/BREAK Splits: [2.0, 0]/[5, 0] | Energy Gained: 5 | SP Change: 0

        ----------Char Buffs----------
        GilgameshTrace3ATK | ATK% | Stacks: 1 | Value: 0.200 | Remaining Turns: 1 | TickDown: SUP1, PERM | Target: SUP1 | Affects: ['ALL']
        GilgameshTrace3CD | CD% | Stacks: 1 | Value: 0.200 | Remaining Turns: 1 | TickDown: SUP1, PERM | Target: SUP1 | Affects: ['ALL']
        CruisingBaseCR | CR% | Stacks: 1 | Value: 0.160 | Remaining Turns: 1 | TickDown: SUP1, PERM | Target: SUP1 | Affects: ['ALL']
        DukeDMG | DMG% | Stacks: 1 | Value: 0.200 | Remaining Turns: 1 | TickDown: SUP1, PERM | Target: SUP1 | Affects: ['FUA']
        AshveilTraceCD | CD% | Stacks: 1 | Value: 0.373 | Remaining Turns: 1 | TickDown: SUP1, PERM | Target: SUP1 | Affects: ['ALL']
        AshveilTraceATK | ATK% | Stacks: 1 | Value: 0.100 | Remaining Turns: 1 | TickDown: SUP1, PERM | Target: SUP1 | Affects: ['ALL']
        AshveilTraceDMG | DMG% | Stacks: 1 | Value: 0.144 | Remaining Turns: 1 | TickDown: SUP1, PERM | Target: SUP1 | Affects: ['ALL']
        AshveilTrace2DMG | DMG% | Stacks: 1 | Value: 0.800 | Remaining Turns: 1 | TickDown: SUP1, PERM | Target: SUP1 | Affects: ['FUA']
        AshveilTrace3CD | CD% | Stacks: 1 | Value: 0.400 | Remaining Turns: 1 | TickDown: SUP1, PERM | Target: SUP1 | Affects: ['ALL']
        AshveilTrace3FUACD | CD% | Stacks: 1 | Value: 0.800 | Remaining Turns: 1 | TickDown: SUP1, PERM | Target: SUP1 | Affects: ['FUA']
        KeelCD(SUS) | CD% | Stacks: 1 | Value: 0.100 | Remaining Turns: 1 | TickDown: SUP1, PERM | Target: SUP1 | Affects: ['ALL']
        GilgameshTrace3AllyATK | ATK% | Stacks: 1 | Value: 0.100 | Remaining Turns: 1 | TickDown: SUP1, PERM | Target: SUP1 | Affects: ['ALL']
        GilgameshTrace3AllyCD | CD% | Stacks: 1 | Value: 0.100 | Remaining Turns: 1 | TickDown: SUP1, PERM | Target: SUP1 | Affects: ['ALL']
        MasterSmithComburent | DMG% | Stacks: 1 | Value: 0.150 | Remaining Turns: 2 | TickDown: SUP1, END | Target: SUP1 | Affects: ['ALL']
        DukeATK | ATK% | Stacks: 1 | Value: 0.480 | Remaining Turns: 3 | TickDown: SUP1, END | Target: SUP1 | Affects: ['ALL']
        ConvergingStarsATK | ATK% | Stacks: 1 | Value: 0.240 | Remaining Turns: 2 | TickDown: SUP1, END | Target: SUP1 | Affects: ['ALL']
        MortenaxBladeDMGBoost | DMG% | Stacks: 1 | Value: 0.000 | Remaining Turns: 1 | TickDown: SUP1, PERM | Target: SUP1 | Affects: ['ALL']
        WarriorGoddessHealCD | CD% | Stacks: 1 | Value: 0.150 | Remaining Turns: 2 | TickDown: SUP1, START | Target: SUP1 | Affects: ['ALL']
        ConvergingStarsCD | CD% | Stacks: 1 | Value: 0.120 | Remaining Turns: 1 | TickDown: SUP1, PERM | Target: SUP1 | Affects: ['ALL']
        CruisingKillATK | ATK% | Stacks: 1 | Value: 0.400 | Remaining Turns: 2 | TickDown: SUP1, END | Target: SUP1 | Affects: ['ALL']
        AshveilTrace2GluttonyDMG | DMG% | Stacks: 1 | Value: 0.300 | Remaining Turns: 1 | TickDown: SUP1, END | Target: SUP1 | Affects: ['FUA']
        AshveilTalentEnergy25 | ERR_F | Stacks: 1 | Value: 8.000 | Remaining Turns: 1 | TickDown: SUP1, END | Target: SUP1 | Affects: ['ALL']
        ----------End of Buff List----------

        ----------Enemy Debuffs----------
        AshveilBaitShred | From: SUP1 | SHRED | Stacks: 1 | Value: 0.400 | Remaining Turns: 994 | Target: 1 | Targeting: ST | Affects: ['ALL'] | DOT: False | Blast: False
        MortenaxBladeUltVul | From: SUP2 | VULN | Stacks: 1 | Value: 0.500 | Remaining Turns: 1 | Target: 1 | Targeting: ST | Affects: ['ALL'] | DOT: False | Blast: False
        MortenaxBladeUltShred | From: SUP2 | SHRED | Stacks: 1 | Value: 0.300 | Remaining Turns: 1 | Target: 1 | Targeting: ST | Affects: ['ALL'] | DOT: False | Blast: False
        ----------End of Debuff List----------
        ----------Healing List----------
        HuoHuoTalentHealingScaling | Targeting: Targeting.SINGLE | Healing Value: [0] | Target: ALL
        HuoHuoTalentHealingScaling | Targeting: Targeting.SINGLE | Healing Value: [0.045] | Target: ALL
        HuoHuoTalentHealingScaling | Targeting: Targeting.SINGLE | Healing Value: [0] | Target: ALL
        HuoHuoTalentHealingScaling | Targeting: Targeting.SINGLE | Healing Value: [0] | Target: ALL
        HuoHuoTalentHealingFlat | Targeting: Targeting.SINGLE | Healing Value: [0] | Target: ALL
        HuoHuoTalentHealingFlat | Targeting: Targeting.SINGLE | Healing Value: [120] | Target: ALL
        HuoHuoTalentHealingFlat | Targeting: Targeting.SINGLE | Healing Value: [0] | Target: ALL
        HuoHuoTalentHealingFlat | Targeting: Targeting.SINGLE | Healing Value: [0] | Target: ALL
        ----------End of Healing List----------
    GAUGE  - Enemy 1 toughness reduced by 5.000
    RESULT - AshveilFUA | Ashveil | SUP1 | DMG: 103080.944 | ELADMG: 0.000 | Enemies Hit: [1] | Enemies Broken: [] | WB DMG: 0.000 | Energy: 5.000 | Amount HP Healed: 371.779 | Amount HP Lost: 0.000 | Ashveil Energy: 23/150 | SP: 0 | MaxSP: 5)
Gilgamesh Obtained 1 Interest from Teammate, Current count: 1
    TURN   - HuoHuoAllyERR | HuoHuo | SUS | NA attack | ['WIN'] | ['SPECIAL'] | Scaling: HP | TargetID: 1 | DMG/BREAK Splits: [0, 0]/[0, 0] | Energy Gained: 1 | SP Change: 0

        ----------Char Buffs----------
        GilgameshTrace3ATK | ATK% | Stacks: 1 | Value: 0.200 | Remaining Turns: 1 | TickDown: SUS, PERM | Target: SUS | Affects: ['ALL']
        GilgameshTrace3CD | CD% | Stacks: 1 | Value: 0.200 | Remaining Turns: 1 | TickDown: SUS, PERM | Target: SUS | Affects: ['ALL']
        AshveilTrace3CD | CD% | Stacks: 1 | Value: 0.400 | Remaining Turns: 1 | TickDown: SUP1, PERM | Target: SUS | Affects: ['ALL']
        PostOpERR | ERR% | Stacks: 1 | Value: 0.160 | Remaining Turns: 1 | TickDown: SUS, PERM | Target: SUS | Affects: ['ALL']
        WarriorGoddessSPD | SPD% | Stacks: 1 | Value: 0.060 | Remaining Turns: 1 | TickDown: SUS, PERM | Target: SUS | Affects: ['ALL']
        KeelEFFRES | ERS% | Stacks: 1 | Value: 0.100 | Remaining Turns: 1 | TickDown: SUS, PERM | Target: SUS | Affects: ['ALL']
        KeelCD(SUS) | CD% | Stacks: 1 | Value: 0.100 | Remaining Turns: 1 | TickDown: SUS, PERM | Target: SUS | Affects: ['ALL']
        HHTraceHP | HP% | Stacks: 1 | Value: 0.280 | Remaining Turns: 1 | TickDown: SUS, PERM | Target: SUS | Affects: ['ALL']
        HHTraceERS | ERS% | Stacks: 1 | Value: 0.180 | Remaining Turns: 1 | TickDown: SUS, PERM | Target: SUS | Affects: ['ALL']
        HHTraceSPD | SPD | Stacks: 1 | Value: 5.000 | Remaining Turns: 1 | TickDown: SUS, PERM | Target: SUS | Affects: ['ALL']
        MasterSmithComburent | DMG% | Stacks: 1 | Value: 0.150 | Remaining Turns: 2 | TickDown: SUS, END | Target: SUS | Affects: ['ALL']
        MortenaxBladeDMGBoost | DMG% | Stacks: 1 | Value: 0.000 | Remaining Turns: 1 | TickDown: SUS, PERM | Target: SUS | Affects: ['ALL']
        WarriorGoddessHealSPD | SPD% | Stacks: 1 | Value: 0.060 | Remaining Turns: 2 | TickDown: SUS, START | Target: SUS | Affects: ['ALL']
        WarriorGoddessHealCD | CD% | Stacks: 1 | Value: 0.150 | Remaining Turns: 2 | TickDown: SUS, START | Target: SUS | Affects: ['ALL']
        ConvergingStarsCD | CD% | Stacks: 1 | Value: 0.120 | Remaining Turns: 1 | TickDown: SUS, PERM | Target: SUS | Affects: ['ALL']
        ----------End of Buff List----------

        ----------Enemy Debuffs----------
        AshveilBaitShred | From: SUP1 | SHRED | Stacks: 1 | Value: 0.400 | Remaining Turns: 994 | Target: 1 | Targeting: ST | Affects: ['ALL'] | DOT: False | Blast: False
        MortenaxBladeUltVul | From: SUP2 | VULN | Stacks: 1 | Value: 0.500 | Remaining Turns: 1 | Target: 1 | Targeting: ST | Affects: ['ALL'] | DOT: False | Blast: False
        MortenaxBladeUltShred | From: SUP2 | SHRED | Stacks: 1 | Value: 0.300 | Remaining Turns: 1 | Target: 1 | Targeting: ST | Affects: ['ALL'] | DOT: False | Blast: False
        ----------End of Debuff List----------
        ----------Healing List----------
        ----------End of Healing List----------
    GAUGE  - Enemy 1 toughness reduced by 0.000
    RESULT - HuoHuoAllyERR | HuoHuo | SUS | DMG: 0.000 | ELADMG: 0.000 | Enemies Hit: [1] | Enemies Broken: [] | WB DMG: 0.000 | Energy: 1.354 | Amount HP Healed: 0.000 | Amount HP Lost: 0.000 | HuoHuo Energy: 20/140 | SP: 0 | MaxSP: 5)
ERR    > 8.000 energy added to Ashveil from AshveilTalentEnergy25 | Ashveil Energy: 31.333
SPD    > Gilgamesh speed changed to 111.300 | NewAV: 0.000
AV     > Gilgamesh AV reset to 89.847 | 111.300 SPD

<<< NEW TURN >>>
-   Enemy 2 AV: 0.000 ENERGY: 0.000 MaxHP: 2000000.000 CurrHp 869545.696
-   HuoHuo AV: 15.445 ENERGY: 20.316 MaxHP: 6139.808 CurrHp 5791.896
-   Enemy 0 AV: 19.231 ENERGY: 0.000 MaxHP: 2000000.000 CurrHp 1812345.708
-   Ashveil AV: 19.297 ENERGY: 31.333 MaxHP: 2729.320 CurrHp 2461.305
-   MortenaxBlade AV: 28.443 ENERGY: 130.370 MaxHP: 4869.135 CurrHp 2732.597
-   Enemy 1 AV: 34.625 ENERGY: 0.000 MaxHP: 5000000.000 CurrHp 584076.248
-   Gilgamesh AV: 82.711 ENERGY: 85.000 MaxHP: 3134.558 CurrHp 2763.219
-   InfiniteFury AV: 9969.780 ENERGY: 0.000 MaxHP: 0.000 CurrHp 0.000

Combat context set: 3 enemies, 4 players
Combat context initialized: 3 enemies, Elation team size: 0
ACTION > [ENEMY] TotalAV: 423.077 | TurnAV: 7.136 | Enemy 2 | 1 attacks
    CharEnergy - Gilgamesh: Hit 1.667 Total: 86.667 | Ashveil: Hit 8.333 Total: 39.667 | MortenaxBlade: Hit 8.333 Total: 140.740 | HuoHuo: Hit 8.333 Total: 31.603 |
    ENEMY  - Enemy 2 [aoe] dealt 258.4 to MortenaxBlade (energy: 3.3, DEF: 2045, atkMul: 1.00, dmgMul: 1.00) | HP: 2474/4869
    ENEMY  - Enemy 2 [aoe] dealt 255.9 to Ashveil (energy: 3.3, DEF: 2076, atkMul: 1.00, dmgMul: 1.00) | HP: 2205/2729
    ENEMY  - Enemy 2 [aoe] dealt 231.9 to HuoHuo (energy: 3.3, DEF: 2410, atkMul: 1.00, dmgMul: 1.00) | HP: 5560/6140
    ENEMY  - Enemy 2 [aoe] dealt 123.8 to Gilgamesh (energy: 1.7, DEF: 2185, atkMul: 1.00, dmgMul: 1.00) | HP: 2639/3135
    ENEMY  - Enemy 2 [aoe] dealt 128.0 to Ashveil (energy: 1.7, DEF: 2076, atkMul: 1.00, dmgMul: 1.00) | HP: 2077/2729
    ENEMY  - Enemy 2 [aoe] dealt 129.2 to MortenaxBlade (energy: 1.7, DEF: 2045, atkMul: 1.00, dmgMul: 1.00) | HP: 2345/4869
    ENEMY  - Enemy 2 [aoe] dealt 116.0 to HuoHuo (energy: 1.7, DEF: 2410, atkMul: 1.00, dmgMul: 1.00) | HP: 5444/6140
    ENEMY  - Enemy 2 [aoe] dealt 258.4 to MortenaxBlade (energy: 3.3, DEF: 2045, atkMul: 1.00, dmgMul: 1.00) | HP: 2087/4869
    ENEMY  - Enemy 2 [aoe] dealt 255.9 to Ashveil (energy: 3.3, DEF: 2076, atkMul: 1.00, dmgMul: 1.00) | HP: 1822/2729
    ENEMY  - Enemy 2 [aoe] dealt 231.9 to HuoHuo (energy: 3.3, DEF: 2410, atkMul: 1.00, dmgMul: 1.00) | HP: 5212/6140
    DEBUFF - Enemy 2 took 11358.902 Debuff damage from Enemy 2 LNG-break
AV     > Enemy 2 AV reset to 76.923 | 130.000 SPD

<<< NEW TURN >>>
-   HuoHuo AV: 0.000 ENERGY: 31.603 MaxHP: 6139.808 CurrHp 5212.043
-   Enemy 0 AV: 3.786 ENERGY: 0.000 MaxHP: 2000000.000 CurrHp 1812345.708
-   Ashveil AV: 3.851 ENERGY: 39.667 MaxHP: 2729.320 CurrHp 1821.511
-   MortenaxBlade AV: 12.998 ENERGY: 140.740 MaxHP: 4869.135 CurrHp 2086.610
-   Enemy 1 AV: 19.180 ENERGY: 0.000 MaxHP: 5000000.000 CurrHp 584076.248
-   Enemy 2 AV: 61.478 ENERGY: 0.000 MaxHP: 2000000.000 CurrHp 869545.696
-   Gilgamesh AV: 67.266 ENERGY: 86.667 MaxHP: 3134.558 CurrHp 2639.439
-   InfiniteFury AV: 9954.335 ENERGY: 0.000 MaxHP: 0.000 CurrHp 0.000

Combat context set: 3 enemies, 4 players
Combat context initialized: 3 enemies, Elation team size: 0
ACTION > [CHAR] TotalAV: 438.522 | TurnAV: 15.445 | HuoHuo | E-move
    TURN   - HuoHuoSkill | HuoHuo | SUS | NA attack | ['WIN'] | ['SKL'] | Scaling: HP | TargetID: -1 | DMG/BREAK Splits: [0, 0]/[0, 0] | Energy Gained: 30 | SP Change: -1

        ----------Char Buffs----------
        GilgameshTrace3ATK | ATK% | Stacks: 1 | Value: 0.200 | Remaining Turns: 1 | TickDown: SUS, PERM | Target: SUS | Affects: ['ALL']
        GilgameshTrace3CD | CD% | Stacks: 1 | Value: 0.200 | Remaining Turns: 1 | TickDown: SUS, PERM | Target: SUS | Affects: ['ALL']
        AshveilTrace3CD | CD% | Stacks: 1 | Value: 0.400 | Remaining Turns: 1 | TickDown: SUP1, PERM | Target: SUS | Affects: ['ALL']
        PostOpERR | ERR% | Stacks: 1 | Value: 0.160 | Remaining Turns: 1 | TickDown: SUS, PERM | Target: SUS | Affects: ['ALL']
        WarriorGoddessSPD | SPD% | Stacks: 1 | Value: 0.060 | Remaining Turns: 1 | TickDown: SUS, PERM | Target: SUS | Affects: ['ALL']
        KeelEFFRES | ERS% | Stacks: 1 | Value: 0.100 | Remaining Turns: 1 | TickDown: SUS, PERM | Target: SUS | Affects: ['ALL']
        KeelCD(SUS) | CD% | Stacks: 1 | Value: 0.100 | Remaining Turns: 1 | TickDown: SUS, PERM | Target: SUS | Affects: ['ALL']
        HHTraceHP | HP% | Stacks: 1 | Value: 0.280 | Remaining Turns: 1 | TickDown: SUS, PERM | Target: SUS | Affects: ['ALL']
        HHTraceERS | ERS% | Stacks: 1 | Value: 0.180 | Remaining Turns: 1 | TickDown: SUS, PERM | Target: SUS | Affects: ['ALL']
        HHTraceSPD | SPD | Stacks: 1 | Value: 5.000 | Remaining Turns: 1 | TickDown: SUS, PERM | Target: SUS | Affects: ['ALL']
        MasterSmithComburent | DMG% | Stacks: 1 | Value: 0.150 | Remaining Turns: 2 | TickDown: SUS, END | Target: SUS | Affects: ['ALL']
        MortenaxBladeDMGBoost | DMG% | Stacks: 1 | Value: 0.000 | Remaining Turns: 1 | TickDown: SUS, PERM | Target: SUS | Affects: ['ALL']
        WarriorGoddessHealSPD | SPD% | Stacks: 1 | Value: 0.060 | Remaining Turns: 1 | TickDown: SUS, START | Target: SUS | Affects: ['ALL']
        WarriorGoddessHealCD | CD% | Stacks: 1 | Value: 0.150 | Remaining Turns: 1 | TickDown: SUS, START | Target: SUS | Affects: ['ALL']
        ConvergingStarsCD | CD% | Stacks: 1 | Value: 0.120 | Remaining Turns: 1 | TickDown: SUS, PERM | Target: SUS | Affects: ['ALL']
        ----------End of Buff List----------

        ----------Enemy Debuffs----------
        ----------End of Debuff List----------
        ----------Healing List----------
        HuoHuoSkillHealingScaling | Targeting: Targeting.BLAST | Healing Value: [0.24] | Target: ALL
        HuoHuoSkillHealingScaling | Targeting: Targeting.BLAST | Healing Value: [0.24] | Target: ALL
        HuoHuoSkillHealingScaling | Targeting: Targeting.BLAST | Healing Value: [0.24] | Target: ALL
        HuoHuoSkillHealingScaling | Targeting: Targeting.BLAST | Healing Value: [0.24] | Target: ALL
        HuoHuoSkillHealingScaling | Targeting: Targeting.BLAST | Healing Value: [0.24] | Target: ALL
        HuoHuoSkillHealingScaling | Targeting: Targeting.BLAST | Healing Value: [0.24] | Target: ALL
        HuoHuoSkillHealingFlat | Targeting: Targeting.BLAST | Healing Value: [640] | Target: ALL
        HuoHuoSkillHealingFlat | Targeting: Targeting.BLAST | Healing Value: [640] | Target: ALL
        HuoHuoSkillHealingFlat | Targeting: Targeting.BLAST | Healing Value: [640] | Target: ALL
        HuoHuoSkillHealingFlat | Targeting: Targeting.BLAST | Healing Value: [640] | Target: ALL
        HuoHuoSkillHealingFlat | Targeting: Targeting.BLAST | Healing Value: [640] | Target: ALL
        HuoHuoSkillHealingFlat | Targeting: Targeting.BLAST | Healing Value: [640] | Target: ALL
        ----------End of Healing List----------
    GAUGE  - Enemy 0 toughness reduced by 0.000
    RESULT - HuoHuoSkill | HuoHuo | SUS | DMG: 0.000 | ELADMG: 0.000 | Enemies Hit: [0] | Enemies Broken: [] | WB DMG: 0.000 | Energy: 40.632 | Amount HP Healed: 7931.292 | Amount HP Lost: 0.000 | HuoHuo Energy: 72/140 | SP: 0 | MaxSP: 5)
Gilgamesh Obtained 1 Interest from Teammate, Current count: 2
SPD    > Gilgamesh speed changed to 121.000 | NewAV: 61.874
AV     > HuoHuo AV reset to 62.308 | 160.492 SPD

<<< NEW TURN >>>
-   Enemy 0 AV: 0.000 ENERGY: 0.000 MaxHP: 2000000.000 CurrHp 1812345.708
-   Ashveil AV: 0.066 ENERGY: 39.667 MaxHP: 2729.320 CurrHp 2729.320
-   MortenaxBlade AV: 9.212 ENERGY: 140.740 MaxHP: 4869.135 CurrHp 4069.433
-   Enemy 1 AV: 15.394 ENERGY: 0.000 MaxHP: 5000000.000 CurrHp 584076.248
-   Enemy 2 AV: 57.692 ENERGY: 0.000 MaxHP: 2000000.000 CurrHp 869545.696
-   Gilgamesh AV: 58.088 ENERGY: 86.667 MaxHP: 3134.558 CurrHp 3134.558
-   HuoHuo AV: 58.523 ENERGY: 72.234 MaxHP: 6139.808 CurrHp 6139.808
-   InfiniteFury AV: 9950.549 ENERGY: 0.000 MaxHP: 0.000 CurrHp 0.000

Combat context set: 3 enemies, 4 players
Combat context initialized: 3 enemies, Elation team size: 0
ACTION > [ENEMY] TotalAV: 442.308 | TurnAV: 3.786 | Enemy 0 | 1 attacks
    CharEnergy - Gilgamesh: Hit 0.000 Total: 86.667 | Ashveil: Hit 10.000 Total: 49.667 | MortenaxBlade: Hit 6.667 Total: 149.036 | HuoHuo: Hit 6.667 Total: 81.264 |
    ENEMY  - Enemy 2 [aoe] dealt 255.9 to Ashveil (energy: 3.3, DEF: 2076, atkMul: 1.00, dmgMul: 1.00) | HP: 2473/2729
    ENEMY  - Enemy 2 [aoe] dealt 258.4 to MortenaxBlade (energy: 3.3, DEF: 2045, atkMul: 1.00, dmgMul: 1.00) | HP: 3811/4869
    ENEMY  - Enemy 2 [aoe] dealt 255.9 to Ashveil (energy: 3.3, DEF: 2076, atkMul: 1.00, dmgMul: 1.00) | HP: 2217/2729
    ENEMY  - Enemy 2 [aoe] dealt 231.9 to HuoHuo (energy: 3.3, DEF: 2410, atkMul: 1.00, dmgMul: 1.00) | HP: 5908/6140
    ENEMY  - Enemy 2 [aoe] dealt 258.4 to MortenaxBlade (energy: 3.3, DEF: 2045, atkMul: 1.00, dmgMul: 1.00) | HP: 3553/4869
    ENEMY  - Enemy 2 [aoe] dealt 255.9 to Ashveil (energy: 3.3, DEF: 2076, atkMul: 1.00, dmgMul: 1.00) | HP: 1962/2729
    ENEMY  - Enemy 2 [aoe] dealt 231.9 to HuoHuo (energy: 3.3, DEF: 2410, atkMul: 1.00, dmgMul: 1.00) | HP: 5676/6140
    DEBUFF - Enemy 0 took 11358.902 Debuff damage from Enemy 0 LNG-break
AV     > Enemy 0 AV reset to 76.923 | 130.000 SPD

<<< NEW TURN >>>
-   Ashveil AV: 0.000 ENERGY: 49.667 MaxHP: 2729.320 CurrHp 1961.567
-   MortenaxBlade AV: 9.146 ENERGY: 149.036 MaxHP: 4869.135 CurrHp 3552.643
-   Enemy 1 AV: 15.329 ENERGY: 0.000 MaxHP: 5000000.000 CurrHp 584076.248
-   Enemy 2 AV: 57.627 ENERGY: 0.000 MaxHP: 2000000.000 CurrHp 869545.696
-   Gilgamesh AV: 58.022 ENERGY: 86.667 MaxHP: 3134.558 CurrHp 3134.558
-   HuoHuo AV: 58.457 ENERGY: 81.264 MaxHP: 6139.808 CurrHp 5675.925
-   Enemy 0 AV: 76.857 ENERGY: 0.000 MaxHP: 2000000.000 CurrHp 1812345.708
-   InfiniteFury AV: 9950.484 ENERGY: 0.000 MaxHP: 0.000 CurrHp 0.000

Combat context set: 3 enemies, 4 players
Combat context initialized: 3 enemies, Elation team size: 0
ACTION > [CHAR] TotalAV: 442.373 | TurnAV: 0.066 | Ashveil | E-move
        Buff CruisingLowHPCR expired
Ashveil has obtained 1 gluttony stack from Skill.
    TURN   - AshveilSkill | Ashveil | SUP1 | ST attack | ['LNG'] | ['SKL'] | Scaling: ATK | TargetID: 1 | DMG/BREAK Splits: [3.0, 0]/[20, 0] | Energy Gained: 30 | SP Change: 0

        ----------Char Buffs----------
        GilgameshTrace3ATK | ATK% | Stacks: 1 | Value: 0.200 | Remaining Turns: 1 | TickDown: SUP1, PERM | Target: SUP1 | Affects: ['ALL']
        GilgameshTrace3CD | CD% | Stacks: 1 | Value: 0.200 | Remaining Turns: 1 | TickDown: SUP1, PERM | Target: SUP1 | Affects: ['ALL']
        CruisingBaseCR | CR% | Stacks: 1 | Value: 0.160 | Remaining Turns: 1 | TickDown: SUP1, PERM | Target: SUP1 | Affects: ['ALL']
        AshveilTraceCD | CD% | Stacks: 1 | Value: 0.373 | Remaining Turns: 1 | TickDown: SUP1, PERM | Target: SUP1 | Affects: ['ALL']
        AshveilTraceATK | ATK% | Stacks: 1 | Value: 0.100 | Remaining Turns: 1 | TickDown: SUP1, PERM | Target: SUP1 | Affects: ['ALL']
        AshveilTraceDMG | DMG% | Stacks: 1 | Value: 0.144 | Remaining Turns: 1 | TickDown: SUP1, PERM | Target: SUP1 | Affects: ['ALL']
        AshveilTrace3CD | CD% | Stacks: 1 | Value: 0.400 | Remaining Turns: 1 | TickDown: SUP1, PERM | Target: SUP1 | Affects: ['ALL']
        KeelCD(SUS) | CD% | Stacks: 1 | Value: 0.100 | Remaining Turns: 1 | TickDown: SUP1, PERM | Target: SUP1 | Affects: ['ALL']
        GilgameshTrace3AllyATK | ATK% | Stacks: 1 | Value: 0.100 | Remaining Turns: 1 | TickDown: SUP1, PERM | Target: SUP1 | Affects: ['ALL']
        GilgameshTrace3AllyCD | CD% | Stacks: 1 | Value: 0.100 | Remaining Turns: 1 | TickDown: SUP1, PERM | Target: SUP1 | Affects: ['ALL']
        MasterSmithComburent | DMG% | Stacks: 1 | Value: 0.150 | Remaining Turns: 2 | TickDown: SUP1, END | Target: SUP1 | Affects: ['ALL']
        DukeATK | ATK% | Stacks: 1 | Value: 0.480 | Remaining Turns: 3 | TickDown: SUP1, END | Target: SUP1 | Affects: ['ALL']
        ConvergingStarsATK | ATK% | Stacks: 1 | Value: 0.240 | Remaining Turns: 2 | TickDown: SUP1, END | Target: SUP1 | Affects: ['ALL']
        MortenaxBladeDMGBoost | DMG% | Stacks: 1 | Value: 0.000 | Remaining Turns: 1 | TickDown: SUP1, PERM | Target: SUP1 | Affects: ['ALL']
        WarriorGoddessHealCD | CD% | Stacks: 1 | Value: 0.150 | Remaining Turns: 1 | TickDown: SUP1, START | Target: SUP1 | Affects: ['ALL']
        ConvergingStarsCD | CD% | Stacks: 1 | Value: 0.120 | Remaining Turns: 1 | TickDown: SUP1, PERM | Target: SUP1 | Affects: ['ALL']
        CruisingKillATK | ATK% | Stacks: 1 | Value: 0.400 | Remaining Turns: 2 | TickDown: SUP1, END | Target: SUP1 | Affects: ['ALL']
        ----------End of Buff List----------

        ----------Enemy Debuffs----------
        AshveilBaitShred | From: SUP1 | SHRED | Stacks: 1 | Value: 0.400 | Remaining Turns: 994 | Target: 1 | Targeting: ST | Affects: ['ALL'] | DOT: False | Blast: False
        MortenaxBladeUltVul | From: SUP2 | VULN | Stacks: 1 | Value: 0.500 | Remaining Turns: 1 | Target: 1 | Targeting: ST | Affects: ['ALL'] | DOT: False | Blast: False
        MortenaxBladeUltShred | From: SUP2 | SHRED | Stacks: 1 | Value: 0.300 | Remaining Turns: 1 | Target: 1 | Targeting: ST | Affects: ['ALL'] | DOT: False | Blast: False
        ----------End of Debuff List----------
        ----------Healing List----------
        ----------End of Healing List----------
    GAUGE  - Enemy 1 toughness reduced by 20.000
    RESULT - AshveilSkill | Ashveil | SUP1 | DMG: 63467.661 | ELADMG: 0.000 | Enemies Hit: [1] | Enemies Broken: [] | WB DMG: 0.000 | Energy: 30.000 | Amount HP Healed: 0.000 | Amount HP Lost: 0.000 | Ashveil Energy: 80/150 | SP: 0 | MaxSP: 5)
Gilgamesh Obtained 1 Interest from Teammate, Current count: 3
    TURN   - HuoHuoAllyERR | HuoHuo | SUS | NA attack | ['WIN'] | ['SPECIAL'] | Scaling: HP | TargetID: 1 | DMG/BREAK Splits: [0, 0]/[0, 0] | Energy Gained: 1 | SP Change: 0

        ----------Char Buffs----------
        GilgameshTrace3ATK | ATK% | Stacks: 1 | Value: 0.200 | Remaining Turns: 1 | TickDown: SUS, PERM | Target: SUS | Affects: ['ALL']
        GilgameshTrace3CD | CD% | Stacks: 1 | Value: 0.200 | Remaining Turns: 1 | TickDown: SUS, PERM | Target: SUS | Affects: ['ALL']
        AshveilTrace3CD | CD% | Stacks: 1 | Value: 0.400 | Remaining Turns: 1 | TickDown: SUP1, PERM | Target: SUS | Affects: ['ALL']
        PostOpERR | ERR% | Stacks: 1 | Value: 0.160 | Remaining Turns: 1 | TickDown: SUS, PERM | Target: SUS | Affects: ['ALL']
        WarriorGoddessSPD | SPD% | Stacks: 1 | Value: 0.060 | Remaining Turns: 1 | TickDown: SUS, PERM | Target: SUS | Affects: ['ALL']
        KeelEFFRES | ERS% | Stacks: 1 | Value: 0.100 | Remaining Turns: 1 | TickDown: SUS, PERM | Target: SUS | Affects: ['ALL']
        KeelCD(SUS) | CD% | Stacks: 1 | Value: 0.100 | Remaining Turns: 1 | TickDown: SUS, PERM | Target: SUS | Affects: ['ALL']
        HHTraceHP | HP% | Stacks: 1 | Value: 0.280 | Remaining Turns: 1 | TickDown: SUS, PERM | Target: SUS | Affects: ['ALL']
        HHTraceERS | ERS% | Stacks: 1 | Value: 0.180 | Remaining Turns: 1 | TickDown: SUS, PERM | Target: SUS | Affects: ['ALL']
        HHTraceSPD | SPD | Stacks: 1 | Value: 5.000 | Remaining Turns: 1 | TickDown: SUS, PERM | Target: SUS | Affects: ['ALL']
        MasterSmithComburent | DMG% | Stacks: 1 | Value: 0.150 | Remaining Turns: 1 | TickDown: SUS, END | Target: SUS | Affects: ['ALL']
        MortenaxBladeDMGBoost | DMG% | Stacks: 1 | Value: 0.000 | Remaining Turns: 1 | TickDown: SUS, PERM | Target: SUS | Affects: ['ALL']
        WarriorGoddessHealSPD | SPD% | Stacks: 1 | Value: 0.060 | Remaining Turns: 2 | TickDown: SUS, START | Target: SUS | Affects: ['ALL']
        WarriorGoddessHealCD | CD% | Stacks: 1 | Value: 0.150 | Remaining Turns: 2 | TickDown: SUS, START | Target: SUS | Affects: ['ALL']
        ConvergingStarsCD | CD% | Stacks: 1 | Value: 0.120 | Remaining Turns: 1 | TickDown: SUS, PERM | Target: SUS | Affects: ['ALL']
        ----------End of Buff List----------

        ----------Enemy Debuffs----------
        AshveilBaitShred | From: SUP1 | SHRED | Stacks: 1 | Value: 0.400 | Remaining Turns: 994 | Target: 1 | Targeting: ST | Affects: ['ALL'] | DOT: False | Blast: False
        MortenaxBladeUltVul | From: SUP2 | VULN | Stacks: 1 | Value: 0.500 | Remaining Turns: 1 | Target: 1 | Targeting: ST | Affects: ['ALL'] | DOT: False | Blast: False
        MortenaxBladeUltShred | From: SUP2 | SHRED | Stacks: 1 | Value: 0.300 | Remaining Turns: 1 | Target: 1 | Targeting: ST | Affects: ['ALL'] | DOT: False | Blast: False
        ----------End of Debuff List----------
        ----------Healing List----------
        HuoHuoTalentHealingScaling | Targeting: Targeting.SINGLE | Healing Value: [0] | Target: ALL
        HuoHuoTalentHealingScaling | Targeting: Targeting.SINGLE | Healing Value: [0.045] | Target: ALL
        HuoHuoTalentHealingScaling | Targeting: Targeting.SINGLE | Healing Value: [0] | Target: ALL
        HuoHuoTalentHealingScaling | Targeting: Targeting.SINGLE | Healing Value: [0] | Target: ALL
        HuoHuoTalentHealingFlat | Targeting: Targeting.SINGLE | Healing Value: [0] | Target: ALL
        HuoHuoTalentHealingFlat | Targeting: Targeting.SINGLE | Healing Value: [120] | Target: ALL
        HuoHuoTalentHealingFlat | Targeting: Targeting.SINGLE | Healing Value: [0] | Target: ALL
        HuoHuoTalentHealingFlat | Targeting: Targeting.SINGLE | Healing Value: [0] | Target: ALL
        ----------End of Healing List----------
    GAUGE  - Enemy 1 toughness reduced by 0.000
    RESULT - HuoHuoAllyERR | HuoHuo | SUS | DMG: 0.000 | ELADMG: 0.000 | Enemies Hit: [1] | Enemies Broken: [] | WB DMG: 0.000 | Energy: 1.354 | Amount HP Healed: 371.779 | Amount HP Lost: 0.000 | HuoHuo Energy: 83/140 | SP: 0 | MaxSP: 5)
        Buff AshveilTrace2GluttonyDMG expired
SPD    > Gilgamesh speed changed to 130.700 | NewAV: 53.716
AV     > Ashveil AV reset to 73.729 | 135.632 SPD

<<< NEW TURN >>>
-   MortenaxBlade AV: 0.000 ENERGY: 149.036 MaxHP: 4869.135 CurrHp 3552.643
-   Enemy 1 AV: 6.182 ENERGY: 0.000 MaxHP: 5000000.000 CurrHp 520608.586
-   Gilgamesh AV: 44.570 ENERGY: 86.667 MaxHP: 3134.558 CurrHp 3134.558
-   Enemy 2 AV: 48.480 ENERGY: 0.000 MaxHP: 2000000.000 CurrHp 869545.696
-   HuoHuo AV: 49.311 ENERGY: 82.618 MaxHP: 6139.808 CurrHp 5675.925
-   Ashveil AV: 64.583 ENERGY: 79.667 MaxHP: 2729.320 CurrHp 2333.346
-   Enemy 0 AV: 67.711 ENERGY: 0.000 MaxHP: 2000000.000 CurrHp 1812345.708
-   InfiniteFury AV: 9941.337 ENERGY: 0.000 MaxHP: 0.000 CurrHp 0.000

Combat context set: 3 enemies, 4 players
Combat context initialized: 3 enemies, Elation team size: 0
ACTION > [CHAR] TotalAV: 451.520 | TurnAV: 9.146 | MortenaxBlade | A-move
    TURN   - MortenaxBladeBasic | MortenaxBlade | SUP2 | ST attack | ['FIR'] | ['BSC'] | Scaling: HP | TargetID: 1 | DMG/BREAK Splits: [0.5, 0]/[10, 0] | Energy Gained: 20 | SP Change: 1

        ----------Char Buffs----------
        GilgameshTrace3ATK | ATK% | Stacks: 1 | Value: 0.200 | Remaining Turns: 1 | TickDown: SUP2, PERM | Target: SUP2 | Affects: ['ALL']
        GilgameshTrace3CD | CD% | Stacks: 1 | Value: 0.200 | Remaining Turns: 1 | TickDown: SUP2, PERM | Target: SUP2 | Affects: ['ALL']
        AshveilTrace3CD | CD% | Stacks: 1 | Value: 0.400 | Remaining Turns: 1 | TickDown: SUP1, PERM | Target: SUP2 | Affects: ['ALL']
        TutorialEHR | EHR% | Stacks: 1 | Value: 0.400 | Remaining Turns: 1 | TickDown: SUP2, PERM | Target: SUP2 | Affects: ['ALL']
        MasterSmithHP | HP% | Stacks: 1 | Value: 0.120 | Remaining Turns: 1 | TickDown: SUP2, PERM | Target: SUP2 | Affects: ['ALL']
        LushakaERR | ERR% | Stacks: 1 | Value: 0.050 | Remaining Turns: 1 | TickDown: SUP2, PERM | Target: SUP2 | Affects: ['ALL']
        MortenaxBladeTraceCR | CR% | Stacks: 1 | Value: 0.120 | Remaining Turns: 1 | TickDown: SUP2, PERM | Target: SUP2 | Affects: ['ALL']
        MortenaxBladeTraceHP | HP% | Stacks: 1 | Value: 0.100 | Remaining Turns: 1 | TickDown: SUP2, PERM | Target: SUP2 | Affects: ['ALL']
        MortenaxBladeTraceDMG | DMG% | Stacks: 1 | Value: 0.224 | Remaining Turns: 1 | TickDown: SUP2, PERM | Target: SUP2 | Affects: ['ALL']
        KeelCD(SUS) | CD% | Stacks: 1 | Value: 0.100 | Remaining Turns: 1 | TickDown: SUP2, PERM | Target: SUP2 | Affects: ['ALL']
        MasterSmithCD | CD% | Stacks: 1 | Value: 0.280 | Remaining Turns: 1 | TickDown: SUP2, PERM | Target: SUP2 | Affects: ['ALL']
        MasterSmithComburent | DMG% | Stacks: 1 | Value: 0.150 | Remaining Turns: 1 | TickDown: SUP2, END | Target: SUP2 | Affects: ['ALL']
        MortenaxBladeCRBoost | CR% | Stacks: 1 | Value: 0.000 | Remaining Turns: 1 | TickDown: SUP2, PERM | Target: SUP2 | Affects: ['ALL']
        MortenaxBladeCDBoost | CD% | Stacks: 1 | Value: 0.000 | Remaining Turns: 1 | TickDown: SUP2, PERM | Target: SUP2 | Affects: ['ALL']
        MortenaxBladeDMGReduction | DMG_REDUCTION | Stacks: 1 | Value: 0.000 | Remaining Turns: 1 | TickDown: SUP2, PERM | Target: SUP2 | Affects: ['ALL']
        MortenaxBladeDMGBoost | DMG% | Stacks: 1 | Value: 0.000 | Remaining Turns: 1 | TickDown: SUP2, PERM | Target: SUP2 | Affects: ['ALL']
        MortenaxBladeDMG | DMG% | Stacks: 1 | Value: 0.000 | Remaining Turns: 1 | TickDown: SUP2, PERM | Target: SUP2 | Affects: ['ALL']
        WarriorGoddessHealCD | CD% | Stacks: 1 | Value: 0.150 | Remaining Turns: 1 | TickDown: SUP2, START | Target: SUP2 | Affects: ['ALL']
        ConvergingStarsCD | CD% | Stacks: 1 | Value: 0.120 | Remaining Turns: 1 | TickDown: SUP2, PERM | Target: SUP2 | Affects: ['ALL']
        HuoHuoUltATK | ATK% | Stacks: 1 | Value: 0.400 | Remaining Turns: 1 | TickDown: SUP2, END | Target: SUP2 | Affects: ['ALL']
        HuoHuoUltExtraATK | ATK% | Stacks: 1 | Value: 0.240 | Remaining Turns: 1 | TickDown: SUP2, END | Target: SUP2 | Affects: ['ALL']
        ----------End of Buff List----------

        ----------Enemy Debuffs----------
        AshveilBaitShred | From: SUP1 | SHRED | Stacks: 1 | Value: 0.400 | Remaining Turns: 994 | Target: 1 | Targeting: ST | Affects: ['ALL'] | DOT: False | Blast: False
        MortenaxBladeUltVul | From: SUP2 | VULN | Stacks: 1 | Value: 0.500 | Remaining Turns: 1 | Target: 1 | Targeting: ST | Affects: ['ALL'] | DOT: False | Blast: False
        MortenaxBladeUltShred | From: SUP2 | SHRED | Stacks: 1 | Value: 0.300 | Remaining Turns: 1 | Target: 1 | Targeting: ST | Affects: ['ALL'] | DOT: False | Blast: False
        ----------End of Debuff List----------
        ----------Healing List----------
        ----------End of Healing List----------
    GAUGE  - Enemy 1 toughness reduced by 0.000
    RESULT - MortenaxBladeBasic | MortenaxBlade | SUP2 | DMG: 7117.152 | ELADMG: 0.000 | Enemies Hit: [1] | Enemies Broken: [] | WB DMG: 0.000 | Energy: 24.888 | Amount HP Healed: 0.000 | Amount HP Lost: 0.000 | MortenaxBlade Energy: 160/160 | SP: 1 | MaxSP: 5)
Gilgamesh Obtained 1 Interest from Teammate, Current count: 4
Ashveil has obtained 2 gluttony stacks from FUA.
    TURN   - AshveilFUA | Ashveil | SUP1 | ST attack | ['LNG'] | ['FUA'] | Scaling: ATK | TargetID: 1 | DMG/BREAK Splits: [2.0, 0]/[5, 0] | Energy Gained: 5 | SP Change: 0

        ----------Char Buffs----------
        GilgameshTrace3ATK | ATK% | Stacks: 1 | Value: 0.200 | Remaining Turns: 1 | TickDown: SUP1, PERM | Target: SUP1 | Affects: ['ALL']
        GilgameshTrace3CD | CD% | Stacks: 1 | Value: 0.200 | Remaining Turns: 1 | TickDown: SUP1, PERM | Target: SUP1 | Affects: ['ALL']
        CruisingBaseCR | CR% | Stacks: 1 | Value: 0.160 | Remaining Turns: 1 | TickDown: SUP1, PERM | Target: SUP1 | Affects: ['ALL']
        DukeDMG | DMG% | Stacks: 1 | Value: 0.200 | Remaining Turns: 1 | TickDown: SUP1, PERM | Target: SUP1 | Affects: ['FUA']
        AshveilTraceCD | CD% | Stacks: 1 | Value: 0.373 | Remaining Turns: 1 | TickDown: SUP1, PERM | Target: SUP1 | Affects: ['ALL']
        AshveilTraceATK | ATK% | Stacks: 1 | Value: 0.100 | Remaining Turns: 1 | TickDown: SUP1, PERM | Target: SUP1 | Affects: ['ALL']
        AshveilTraceDMG | DMG% | Stacks: 1 | Value: 0.144 | Remaining Turns: 1 | TickDown: SUP1, PERM | Target: SUP1 | Affects: ['ALL']
        AshveilTrace2DMG | DMG% | Stacks: 1 | Value: 0.800 | Remaining Turns: 1 | TickDown: SUP1, PERM | Target: SUP1 | Affects: ['FUA']
        AshveilTrace3CD | CD% | Stacks: 1 | Value: 0.400 | Remaining Turns: 1 | TickDown: SUP1, PERM | Target: SUP1 | Affects: ['ALL']
        AshveilTrace3FUACD | CD% | Stacks: 1 | Value: 0.800 | Remaining Turns: 1 | TickDown: SUP1, PERM | Target: SUP1 | Affects: ['FUA']
        KeelCD(SUS) | CD% | Stacks: 1 | Value: 0.100 | Remaining Turns: 1 | TickDown: SUP1, PERM | Target: SUP1 | Affects: ['ALL']
        GilgameshTrace3AllyATK | ATK% | Stacks: 1 | Value: 0.100 | Remaining Turns: 1 | TickDown: SUP1, PERM | Target: SUP1 | Affects: ['ALL']
        GilgameshTrace3AllyCD | CD% | Stacks: 1 | Value: 0.100 | Remaining Turns: 1 | TickDown: SUP1, PERM | Target: SUP1 | Affects: ['ALL']
        MasterSmithComburent | DMG% | Stacks: 1 | Value: 0.150 | Remaining Turns: 2 | TickDown: SUP1, END | Target: SUP1 | Affects: ['ALL']
        DukeATK | ATK% | Stacks: 1 | Value: 0.480 | Remaining Turns: 3 | TickDown: SUP1, END | Target: SUP1 | Affects: ['ALL']
        ConvergingStarsATK | ATK% | Stacks: 1 | Value: 0.240 | Remaining Turns: 2 | TickDown: SUP1, END | Target: SUP1 | Affects: ['ALL']
        MortenaxBladeDMGBoost | DMG% | Stacks: 1 | Value: 0.000 | Remaining Turns: 1 | TickDown: SUP1, PERM | Target: SUP1 | Affects: ['ALL']
        WarriorGoddessHealCD | CD% | Stacks: 1 | Value: 0.150 | Remaining Turns: 2 | TickDown: SUP1, START | Target: SUP1 | Affects: ['ALL']
        ConvergingStarsCD | CD% | Stacks: 1 | Value: 0.120 | Remaining Turns: 1 | TickDown: SUP1, PERM | Target: SUP1 | Affects: ['ALL']
        CruisingKillATK | ATK% | Stacks: 1 | Value: 0.400 | Remaining Turns: 1 | TickDown: SUP1, END | Target: SUP1 | Affects: ['ALL']
        CruisingLowHPCR | CR% | Stacks: 1 | Value: 0.160 | Remaining Turns: 1 | TickDown: SUP1, START | Target: SUP1 | Affects: ['ALL']
        AshveilTalentEnergy26 | ERR_F | Stacks: 1 | Value: 8.000 | Remaining Turns: 1 | TickDown: SUP1, END | Target: SUP1 | Affects: ['ALL']
        AshveilTrace2GluttonyDMG | DMG% | Stacks: 1 | Value: 0.600 | Remaining Turns: 1 | TickDown: SUP1, END | Target: SUP1 | Affects: ['FUA']
        ----------End of Buff List----------

        ----------Enemy Debuffs----------
        AshveilBaitShred | From: SUP1 | SHRED | Stacks: 1 | Value: 0.400 | Remaining Turns: 994 | Target: 1 | Targeting: ST | Affects: ['ALL'] | DOT: False | Blast: False
        MortenaxBladeUltVul | From: SUP2 | VULN | Stacks: 1 | Value: 0.500 | Remaining Turns: 1 | Target: 1 | Targeting: ST | Affects: ['ALL'] | DOT: False | Blast: False
        MortenaxBladeUltShred | From: SUP2 | SHRED | Stacks: 1 | Value: 0.300 | Remaining Turns: 1 | Target: 1 | Targeting: ST | Affects: ['ALL'] | DOT: False | Blast: False
        ----------End of Debuff List----------
        ----------Healing List----------
        HuoHuoTalentHealingScaling | Targeting: Targeting.SINGLE | Healing Value: [0] | Target: ALL
        HuoHuoTalentHealingScaling | Targeting: Targeting.SINGLE | Healing Value: [0.045] | Target: ALL
        HuoHuoTalentHealingScaling | Targeting: Targeting.SINGLE | Healing Value: [0] | Target: ALL
        HuoHuoTalentHealingScaling | Targeting: Targeting.SINGLE | Healing Value: [0] | Target: ALL
        HuoHuoTalentHealingFlat | Targeting: Targeting.SINGLE | Healing Value: [0] | Target: ALL
        HuoHuoTalentHealingFlat | Targeting: Targeting.SINGLE | Healing Value: [120] | Target: ALL
        HuoHuoTalentHealingFlat | Targeting: Targeting.SINGLE | Healing Value: [0] | Target: ALL
        HuoHuoTalentHealingFlat | Targeting: Targeting.SINGLE | Healing Value: [0] | Target: ALL
        ----------End of Healing List----------
    GAUGE  - Enemy 1 toughness reduced by 5.000
    RESULT - AshveilFUA | Ashveil | SUP1 | DMG: 126321.448 | ELADMG: 0.000 | Enemies Hit: [1] | Enemies Broken: [] | WB DMG: 0.000 | Energy: 5.000 | Amount HP Healed: 371.779 | Amount HP Lost: 0.000 | Ashveil Energy: 85/150 | SP: 1 | MaxSP: 5)
Gilgamesh Obtained 1 Interest from Teammate, Current count: 5
    TURN   - HuoHuoAllyERR | HuoHuo | SUS | NA attack | ['WIN'] | ['SPECIAL'] | Scaling: HP | TargetID: 1 | DMG/BREAK Splits: [0, 0]/[0, 0] | Energy Gained: 1 | SP Change: 0

        ----------Char Buffs----------
        GilgameshTrace3ATK | ATK% | Stacks: 1 | Value: 0.200 | Remaining Turns: 1 | TickDown: SUS, PERM | Target: SUS | Affects: ['ALL']
        GilgameshTrace3CD | CD% | Stacks: 1 | Value: 0.200 | Remaining Turns: 1 | TickDown: SUS, PERM | Target: SUS | Affects: ['ALL']
        AshveilTrace3CD | CD% | Stacks: 1 | Value: 0.400 | Remaining Turns: 1 | TickDown: SUP1, PERM | Target: SUS | Affects: ['ALL']
        PostOpERR | ERR% | Stacks: 1 | Value: 0.160 | Remaining Turns: 1 | TickDown: SUS, PERM | Target: SUS | Affects: ['ALL']
        WarriorGoddessSPD | SPD% | Stacks: 1 | Value: 0.060 | Remaining Turns: 1 | TickDown: SUS, PERM | Target: SUS | Affects: ['ALL']
        KeelEFFRES | ERS% | Stacks: 1 | Value: 0.100 | Remaining Turns: 1 | TickDown: SUS, PERM | Target: SUS | Affects: ['ALL']
        KeelCD(SUS) | CD% | Stacks: 1 | Value: 0.100 | Remaining Turns: 1 | TickDown: SUS, PERM | Target: SUS | Affects: ['ALL']
        HHTraceHP | HP% | Stacks: 1 | Value: 0.280 | Remaining Turns: 1 | TickDown: SUS, PERM | Target: SUS | Affects: ['ALL']
        HHTraceERS | ERS% | Stacks: 1 | Value: 0.180 | Remaining Turns: 1 | TickDown: SUS, PERM | Target: SUS | Affects: ['ALL']
        HHTraceSPD | SPD | Stacks: 1 | Value: 5.000 | Remaining Turns: 1 | TickDown: SUS, PERM | Target: SUS | Affects: ['ALL']
        MasterSmithComburent | DMG% | Stacks: 1 | Value: 0.150 | Remaining Turns: 2 | TickDown: SUS, END | Target: SUS | Affects: ['ALL']
        MortenaxBladeDMGBoost | DMG% | Stacks: 1 | Value: 0.000 | Remaining Turns: 1 | TickDown: SUS, PERM | Target: SUS | Affects: ['ALL']
        WarriorGoddessHealSPD | SPD% | Stacks: 1 | Value: 0.060 | Remaining Turns: 2 | TickDown: SUS, START | Target: SUS | Affects: ['ALL']
        WarriorGoddessHealCD | CD% | Stacks: 1 | Value: 0.150 | Remaining Turns: 2 | TickDown: SUS, START | Target: SUS | Affects: ['ALL']
        ConvergingStarsCD | CD% | Stacks: 1 | Value: 0.120 | Remaining Turns: 1 | TickDown: SUS, PERM | Target: SUS | Affects: ['ALL']
        ----------End of Buff List----------

        ----------Enemy Debuffs----------
        AshveilBaitShred | From: SUP1 | SHRED | Stacks: 1 | Value: 0.400 | Remaining Turns: 994 | Target: 1 | Targeting: ST | Affects: ['ALL'] | DOT: False | Blast: False
        MortenaxBladeUltVul | From: SUP2 | VULN | Stacks: 1 | Value: 0.500 | Remaining Turns: 1 | Target: 1 | Targeting: ST | Affects: ['ALL'] | DOT: False | Blast: False
        MortenaxBladeUltShred | From: SUP2 | SHRED | Stacks: 1 | Value: 0.300 | Remaining Turns: 1 | Target: 1 | Targeting: ST | Affects: ['ALL'] | DOT: False | Blast: False
        ----------End of Debuff List----------
        ----------Healing List----------
        ----------End of Healing List----------
    GAUGE  - Enemy 1 toughness reduced by 0.000
    RESULT - HuoHuoAllyERR | HuoHuo | SUS | DMG: 0.000 | ELADMG: 0.000 | Enemies Hit: [1] | Enemies Broken: [] | WB DMG: 0.000 | Energy: 1.354 | Amount HP Healed: 0.000 | Amount HP Lost: 0.000 | HuoHuo Energy: 84/140 | SP: 1 | MaxSP: 5)
ERR    > 8.000 energy added to Ashveil from AshveilTalentEnergy26 | Ashveil Energy: 92.667
ERR    > 9.955 energy added to MortenaxBlade from TutorialERR | MortenaxBlade Energy: 160.000
ULT    > MortenaxBlade used their ultimate
MortenaxBlade transferred 10.0 overflow energy on Ult entry
    TURN   - MortenaxBladeUlt | MortenaxBlade | SUP2 | NA attack | ['FIR'] | ['ALL'] | Scaling: HP | TargetID: 1 | DMG/BREAK Splits: [0, 0]/[0, 0] | Energy Gained: 5 | SP Change: 0

        ----------Char Buffs----------
        GilgameshTrace3ATK | ATK% | Stacks: 1 | Value: 0.200 | Remaining Turns: 1 | TickDown: SUP2, PERM | Target: SUP2 | Affects: ['ALL']
        GilgameshTrace3CD | CD% | Stacks: 1 | Value: 0.200 | Remaining Turns: 1 | TickDown: SUP2, PERM | Target: SUP2 | Affects: ['ALL']
        AshveilTrace3CD | CD% | Stacks: 1 | Value: 0.400 | Remaining Turns: 1 | TickDown: SUP1, PERM | Target: SUP2 | Affects: ['ALL']
        AshveilTrace3FUACD | CD% | Stacks: 1 | Value: 0.800 | Remaining Turns: 1 | TickDown: SUP1, PERM | Target: SUP2 | Affects: ['FUA']
        TutorialEHR | EHR% | Stacks: 1 | Value: 0.400 | Remaining Turns: 1 | TickDown: SUP2, PERM | Target: SUP2 | Affects: ['ALL']
        MasterSmithHP | HP% | Stacks: 1 | Value: 0.120 | Remaining Turns: 1 | TickDown: SUP2, PERM | Target: SUP2 | Affects: ['ALL']
        LushakaERR | ERR% | Stacks: 1 | Value: 0.050 | Remaining Turns: 1 | TickDown: SUP2, PERM | Target: SUP2 | Affects: ['ALL']
        MortenaxBladeTraceCR | CR% | Stacks: 1 | Value: 0.120 | Remaining Turns: 1 | TickDown: SUP2, PERM | Target: SUP2 | Affects: ['ALL']
        MortenaxBladeTraceHP | HP% | Stacks: 1 | Value: 0.100 | Remaining Turns: 1 | TickDown: SUP2, PERM | Target: SUP2 | Affects: ['ALL']
        MortenaxBladeTraceDMG | DMG% | Stacks: 1 | Value: 0.224 | Remaining Turns: 1 | TickDown: SUP2, PERM | Target: SUP2 | Affects: ['ALL']
        KeelCD(SUS) | CD% | Stacks: 1 | Value: 0.100 | Remaining Turns: 1 | TickDown: SUP2, PERM | Target: SUP2 | Affects: ['ALL']
        MasterSmithCD | CD% | Stacks: 1 | Value: 0.280 | Remaining Turns: 1 | TickDown: SUP2, PERM | Target: SUP2 | Affects: ['ALL']
        MasterSmithComburent | DMG% | Stacks: 1 | Value: 0.150 | Remaining Turns: 2 | TickDown: SUP2, END | Target: SUP2 | Affects: ['ALL']
        MortenaxBladeCRBoost | CR% | Stacks: 1 | Value: 0.200 | Remaining Turns: 1 | TickDown: SUP2, PERM | Target: SUP2 | Affects: ['ALL']
        MortenaxBladeCDBoost | CD% | Stacks: 1 | Value: 0.600 | Remaining Turns: 1 | TickDown: SUP2, PERM | Target: SUP2 | Affects: ['ALL']
        MortenaxBladeDMGReduction | DMG_REDUCTION | Stacks: 1 | Value: 0.500 | Remaining Turns: 1 | TickDown: SUP2, PERM | Target: SUP2 | Affects: ['ALL']
        MortenaxBladeDMGBoost | DMG% | Stacks: 1 | Value: 0.500 | Remaining Turns: 1 | TickDown: SUP2, PERM | Target: SUP2 | Affects: ['ALL']
        MortenaxBladeDMG | DMG% | Stacks: 1 | Value: 0.750 | Remaining Turns: 1 | TickDown: SUP2, PERM | Target: SUP2 | Affects: ['ALL']
        WarriorGoddessHealCD | CD% | Stacks: 1 | Value: 0.150 | Remaining Turns: 1 | TickDown: SUP2, START | Target: SUP2 | Affects: ['ALL']
        ConvergingStarsCD | CD% | Stacks: 1 | Value: 0.120 | Remaining Turns: 1 | TickDown: SUP2, PERM | Target: SUP2 | Affects: ['ALL']
        HuoHuoUltATK | ATK% | Stacks: 1 | Value: 0.400 | Remaining Turns: 1 | TickDown: SUP2, END | Target: SUP2 | Affects: ['ALL']
        HuoHuoUltExtraATK | ATK% | Stacks: 1 | Value: 0.240 | Remaining Turns: 1 | TickDown: SUP2, END | Target: SUP2 | Affects: ['ALL']
        ----------End of Buff List----------

        ----------Enemy Debuffs----------
        AshveilBaitShred | From: SUP1 | SHRED | Stacks: 1 | Value: 0.400 | Remaining Turns: 994 | Target: 1 | Targeting: ST | Affects: ['ALL'] | DOT: False | Blast: False
        MortenaxBladeUltVul | From: SUP2 | VULN | Stacks: 1 | Value: 0.500 | Remaining Turns: 2 | Target: 1 | Targeting: ST | Affects: ['ALL'] | DOT: False | Blast: False
        MortenaxBladeUltShred | From: SUP2 | SHRED | Stacks: 1 | Value: 0.300 | Remaining Turns: 2 | Target: 1 | Targeting: ST | Affects: ['ALL'] | DOT: False | Blast: False
        ----------End of Debuff List----------
        ----------Healing List----------
        ----------End of Healing List----------
    GAUGE  - Enemy 1 toughness reduced by 0.000
    RESULT - MortenaxBladeUlt | MortenaxBlade | SUP2 | DMG: 0.000 | ELADMG: 0.000 | Enemies Hit: [1] | Enemies Broken: [] | WB DMG: 0.000 | Energy: 6.222 | Amount HP Healed: 0.000 | Amount HP Lost: 0.000 | MortenaxBlade Energy: 16/160 | SP: 1 | MaxSP: 5)
Gilgamesh Obtained 2 Interest from Teammate Ult, Current count: 7
Gilgamesh Obtained 48.0 Energy from Teammate
Gilgamesh Obtained 1 Interest from Teammate, Current count: 8
    TURN   - HuoHuoAllyERR | HuoHuo | SUS | NA attack | ['WIN'] | ['SPECIAL'] | Scaling: HP | TargetID: 1 | DMG/BREAK Splits: [0, 0]/[0, 0] | Energy Gained: 1 | SP Change: 0

        ----------Char Buffs----------
        GilgameshTrace3ATK | ATK% | Stacks: 1 | Value: 0.200 | Remaining Turns: 1 | TickDown: SUS, PERM | Target: SUS | Affects: ['ALL']
        GilgameshTrace3CD | CD% | Stacks: 1 | Value: 0.200 | Remaining Turns: 1 | TickDown: SUS, PERM | Target: SUS | Affects: ['ALL']
        AshveilTrace3CD | CD% | Stacks: 1 | Value: 0.400 | Remaining Turns: 1 | TickDown: SUP1, PERM | Target: SUS | Affects: ['ALL']
        PostOpERR | ERR% | Stacks: 1 | Value: 0.160 | Remaining Turns: 1 | TickDown: SUS, PERM | Target: SUS | Affects: ['ALL']
        WarriorGoddessSPD | SPD% | Stacks: 1 | Value: 0.060 | Remaining Turns: 1 | TickDown: SUS, PERM | Target: SUS | Affects: ['ALL']
        KeelEFFRES | ERS% | Stacks: 1 | Value: 0.100 | Remaining Turns: 1 | TickDown: SUS, PERM | Target: SUS | Affects: ['ALL']
        KeelCD(SUS) | CD% | Stacks: 1 | Value: 0.100 | Remaining Turns: 1 | TickDown: SUS, PERM | Target: SUS | Affects: ['ALL']
        HHTraceHP | HP% | Stacks: 1 | Value: 0.280 | Remaining Turns: 1 | TickDown: SUS, PERM | Target: SUS | Affects: ['ALL']
        HHTraceERS | ERS% | Stacks: 1 | Value: 0.180 | Remaining Turns: 1 | TickDown: SUS, PERM | Target: SUS | Affects: ['ALL']
        HHTraceSPD | SPD | Stacks: 1 | Value: 5.000 | Remaining Turns: 1 | TickDown: SUS, PERM | Target: SUS | Affects: ['ALL']
        MasterSmithComburent | DMG% | Stacks: 1 | Value: 0.150 | Remaining Turns: 2 | TickDown: SUS, END | Target: SUS | Affects: ['ALL']
        MortenaxBladeDMGBoost | DMG% | Stacks: 1 | Value: 0.500 | Remaining Turns: 1 | TickDown: SUS, PERM | Target: SUS | Affects: ['ALL']
        WarriorGoddessHealSPD | SPD% | Stacks: 1 | Value: 0.060 | Remaining Turns: 2 | TickDown: SUS, START | Target: SUS | Affects: ['ALL']
        WarriorGoddessHealCD | CD% | Stacks: 1 | Value: 0.150 | Remaining Turns: 2 | TickDown: SUS, START | Target: SUS | Affects: ['ALL']
        ConvergingStarsCD | CD% | Stacks: 1 | Value: 0.120 | Remaining Turns: 1 | TickDown: SUS, PERM | Target: SUS | Affects: ['ALL']
        ----------End of Buff List----------

        ----------Enemy Debuffs----------
        AshveilBaitShred | From: SUP1 | SHRED | Stacks: 1 | Value: 0.400 | Remaining Turns: 994 | Target: 1 | Targeting: ST | Affects: ['ALL'] | DOT: False | Blast: False
        MortenaxBladeUltVul | From: SUP2 | VULN | Stacks: 1 | Value: 0.500 | Remaining Turns: 2 | Target: 1 | Targeting: ST | Affects: ['ALL'] | DOT: False | Blast: False
        MortenaxBladeUltShred | From: SUP2 | SHRED | Stacks: 1 | Value: 0.300 | Remaining Turns: 2 | Target: 1 | Targeting: ST | Affects: ['ALL'] | DOT: False | Blast: False
        ----------End of Debuff List----------
        ----------Healing List----------
        HuoHuoTalentHealingScaling | Targeting: Targeting.SINGLE | Healing Value: [0] | Target: ALL
        HuoHuoTalentHealingScaling | Targeting: Targeting.SINGLE | Healing Value: [0] | Target: ALL
        HuoHuoTalentHealingScaling | Targeting: Targeting.SINGLE | Healing Value: [0.045] | Target: ALL
        HuoHuoTalentHealingScaling | Targeting: Targeting.SINGLE | Healing Value: [0] | Target: ALL
        HuoHuoTalentHealingFlat | Targeting: Targeting.SINGLE | Healing Value: [0] | Target: ALL
        HuoHuoTalentHealingFlat | Targeting: Targeting.SINGLE | Healing Value: [0] | Target: ALL
        HuoHuoTalentHealingFlat | Targeting: Targeting.SINGLE | Healing Value: [120] | Target: ALL
        HuoHuoTalentHealingFlat | Targeting: Targeting.SINGLE | Healing Value: [0] | Target: ALL
        ----------End of Healing List----------
    GAUGE  - Enemy 1 toughness reduced by 0.000
    RESULT - HuoHuoAllyERR | HuoHuo | SUS | DMG: 0.000 | ELADMG: 0.000 | Enemies Hit: [1] | Enemies Broken: [] | WB DMG: 0.000 | Energy: 1.354 | Amount HP Healed: 371.779 | Amount HP Lost: 0.000 | HuoHuo Energy: 85/140 | SP: 1 | MaxSP: 5)
ERR    > 48.000 energy added to Gilgamesh from GilgameshTrace1ERRAlly2 | Gilgamesh Energy: 134.667
        Buff HuoHuoUltATK expired
        Buff HuoHuoUltExtraATK expired
SPD    > Gilgamesh speed changed to 179.200 | NewAV: 32.507
AV     > MortenaxBlade AV reset to 64.503 | 155.032 SPD

<<< NEW TURN >>>
-   Enemy 1 AV: 0.000 ENERGY: 0.000 MaxHP: 5000000.000 CurrHp 387169.986
-   Gilgamesh AV: 26.325 ENERGY: 134.667 MaxHP: 3134.558 CurrHp 3134.558
-   Enemy 2 AV: 42.298 ENERGY: 0.000 MaxHP: 2000000.000 CurrHp 869545.696
-   HuoHuo AV: 43.128 ENERGY: 85.327 MaxHP: 6139.808 CurrHp 5675.925
-   MortenaxBlade AV: 58.320 ENERGY: 16.177 MaxHP: 4869.135 CurrHp 2950.596
-   Ashveil AV: 58.400 ENERGY: 92.667 MaxHP: 2729.320 CurrHp 2705.125
-   Enemy 0 AV: 61.529 ENERGY: 0.000 MaxHP: 2000000.000 CurrHp 1812345.708
-   InfiniteFury AV: 136.675 ENERGY: 0.000 MaxHP: 0.000 CurrHp 0.000

Combat context set: 3 enemies, 4 players
Combat context initialized: 3 enemies, Elation team size: 0
ACTION > [ENEMY] TotalAV: 457.702 | TurnAV: 6.182 | Enemy 1 | 1 attacks
MortenaxBlade has obtained 1 Charge. Current Charge count: 5.
    CharEnergy - Gilgamesh: Hit 1.667 Total: 136.333 | Ashveil: Hit 1.667 Total: 94.333 | MortenaxBlade: Hit 8.333 Total: 26.547 | HuoHuo: Hit 1.667 Total: 87.584 |
    ENEMY  - Enemy 2 [aoe] dealt 129.2 to MortenaxBlade (energy: 3.3, DEF: 2045, atkMul: 1.00, dmgMul: 1.00) | HP: 2821/4869
    ENEMY  - Enemy 2 [aoe] dealt 123.8 to Gilgamesh (energy: 1.7, DEF: 2185, atkMul: 1.00, dmgMul: 1.00) | HP: 3011/3135
    ENEMY  - Enemy 2 [aoe] dealt 128.0 to Ashveil (energy: 1.7, DEF: 2076, atkMul: 1.00, dmgMul: 1.00) | HP: 2577/2729
    ENEMY  - Enemy 2 [aoe] dealt 64.6 to MortenaxBlade (energy: 1.7, DEF: 2045, atkMul: 1.00, dmgMul: 1.00) | HP: 2757/4869
    ENEMY  - Enemy 2 [aoe] dealt 116.0 to HuoHuo (energy: 1.7, DEF: 2410, atkMul: 1.00, dmgMul: 1.00) | HP: 5560/6140
    ENEMY  - Enemy 2 [aoe] dealt 129.2 to MortenaxBlade (energy: 3.3, DEF: 2045, atkMul: 1.00, dmgMul: 1.00) | HP: 2628/4869
MortenaxBlade has obtained 1 Charge. Current Charge count: 6.
MortenaxBlade useHit produced 2 debuffs
AV     > Enemy 1 AV reset to 63.131 | 158.400 SPD

<<< NEW TURN >>>
-   Gilgamesh AV: 0.000 ENERGY: 136.333 MaxHP: 3134.558 CurrHp 3010.778
-   Enemy 2 AV: 15.973 ENERGY: 0.000 MaxHP: 2000000.000 CurrHp 869545.696
-   HuoHuo AV: 16.804 ENERGY: 87.584 MaxHP: 6139.808 CurrHp 5559.955
-   MortenaxBlade AV: 31.996 ENERGY: 26.547 MaxHP: 4869.135 CurrHp 2627.602
-   Ashveil AV: 32.076 ENERGY: 94.333 MaxHP: 2729.320 CurrHp 2577.167
-   Enemy 0 AV: 35.204 ENERGY: 0.000 MaxHP: 2000000.000 CurrHp 1812345.708
-   Enemy 1 AV: 36.806 ENERGY: 0.000 MaxHP: 5000000.000 CurrHp 387169.986
-   InfiniteFury AV: 110.350 ENERGY: 0.000 MaxHP: 0.000 CurrHp 0.000

Combat context set: 3 enemies, 4 players
Combat context initialized: 3 enemies, Elation team size: 0
ACTION > [CHAR] TotalAV: 484.027 | TurnAV: 26.325 | Gilgamesh | E-move
        Buff ScholarBonusDMG expired
Gilgamesh JointCounter increased by one, current count: 11
    TURN   - GilgameshSkill | Gilgamesh | DPS | BLAST attack | ['LNG'] | ['SKL'] | Scaling: ATK | TargetID: 1 | DMG/BREAK Splits: [2.8, 1.4]/[20, 10] | Energy Gained: 30 | SP Change: 0

        ----------Char Buffs----------
        ScholarCR | CR% | Stacks: 1 | Value: 0.080 | Remaining Turns: 1 | TickDown: DPS, PERM | Target: DPS | Affects: ['ALL']
        ScholarDMG | DMG% | Stacks: 1 | Value: 0.200 | Remaining Turns: 1 | TickDown: DPS, PERM | Target: DPS | Affects: ['SKL', 'ULT']
        GilgameshTraceATK | ATK | Stacks: 1 | Value: 0.180 | Remaining Turns: 1 | TickDown: DPS, PERM | Target: DPS | Affects: ['ALL']
        GilgameshTraceCR | CR% | Stacks: 1 | Value: 0.187 | Remaining Turns: 1 | TickDown: DPS, PERM | Target: DPS | Affects: ['ALL']
        GilgameshTraceDMG | DMG% | Stacks: 1 | Value: 0.080 | Remaining Turns: 1 | TickDown: DPS, PERM | Target: DPS | Affects: ['ALL']
        GilgameshTrace3ATK | ATK% | Stacks: 1 | Value: 0.200 | Remaining Turns: 1 | TickDown: DPS, PERM | Target: DPS | Affects: ['ALL']
        GilgameshTrace3CD | CD% | Stacks: 1 | Value: 0.200 | Remaining Turns: 1 | TickDown: DPS, PERM | Target: DPS | Affects: ['ALL']
        GilgameshTrace3SelfATK | ATK% | Stacks: 1 | Value: 1.000 | Remaining Turns: 1 | TickDown: DPS, PERM | Target: DPS | Affects: ['ALL']
        GilgameshTrace3SelfCD | CD% | Stacks: 1 | Value: 1.000 | Remaining Turns: 1 | TickDown: DPS, PERM | Target: DPS | Affects: ['ALL']
        AshveilTrace3CD | CD% | Stacks: 1 | Value: 0.400 | Remaining Turns: 1 | TickDown: SUP1, PERM | Target: DPS | Affects: ['ALL']
        LushakaATK(SUP2) | ATK% | Stacks: 1 | Value: 0.120 | Remaining Turns: 1 | TickDown: DPS, PERM | Target: DPS | Affects: ['ALL']
        KeelCD(SUS) | CD% | Stacks: 1 | Value: 0.100 | Remaining Turns: 1 | TickDown: DPS, PERM | Target: DPS | Affects: ['ALL']
        CosmicLifeDMG | DMG% | Stacks: 1 | Value: 0.320 | Remaining Turns: 1 | TickDown: DPS, PERM | Target: DPS | Affects: ['ALL']
        Trace2CDExtra | CD% | Stacks: 1 | Value: 1.500 | Remaining Turns: 1 | TickDown: DPS, PERM | Target: DPS | Affects: ['ALL']
        GilgameshInterestSPD | SPD% | Stacks: 1 | Value: 0.800 | Remaining Turns: 1 | TickDown: SUP2, PERM | Target: DPS | Affects: ['ALL']
        MasterSmithComburent | DMG% | Stacks: 1 | Value: 0.150 | Remaining Turns: 2 | TickDown: DPS, END | Target: DPS | Affects: ['ALL']
        MortenaxBladeDMGBoost | DMG% | Stacks: 1 | Value: 0.500 | Remaining Turns: 1 | TickDown: DPS, PERM | Target: DPS | Affects: ['ALL']
        WarriorGoddessHealCD | CD% | Stacks: 1 | Value: 0.150 | Remaining Turns: 1 | TickDown: DPS, START | Target: DPS | Affects: ['ALL']
        GilgameshSKLShred | SHRED | Stacks: 1 | Value: 0.300 | Remaining Turns: 3 | TickDown: DPS, END | Target: DPS | Affects: ['ALL']
        AeonATK | ATK% | Stacks: 1 | Value: 0.640 | Remaining Turns: 1 | TickDown: DPS, PERM | Target: DPS | Affects: ['ALL']
        ConvergingStarsCD | CD% | Stacks: 1 | Value: 0.120 | Remaining Turns: 1 | TickDown: DPS, PERM | Target: DPS | Affects: ['ALL']
        HuoHuoUltATK | ATK% | Stacks: 1 | Value: 0.400 | Remaining Turns: 1 | TickDown: DPS, END | Target: DPS | Affects: ['ALL']
        HuoHuoUltExtraATK | ATK% | Stacks: 1 | Value: 0.240 | Remaining Turns: 1 | TickDown: DPS, END | Target: DPS | Affects: ['ALL']
        AeonDMG | DMG% | Stacks: 1 | Value: 0.240 | Remaining Turns: 1 | TickDown: DPS, END | Target: DPS | Affects: ['ALL']
        ----------End of Buff List----------

        ----------Enemy Debuffs----------
        AshveilBaitShred | From: SUP1 | SHRED | Stacks: 1 | Value: 0.400 | Remaining Turns: 993 | Target: 1 | Targeting: ST | Affects: ['ALL'] | DOT: False | Blast: False
        MortenaxBladeUltVul | From: SUP2 | VULN | Stacks: 1 | Value: 0.500 | Remaining Turns: 1 | Target: 1 | Targeting: ST | Affects: ['ALL'] | DOT: False | Blast: False
        MortenaxBladeUltShred | From: SUP2 | SHRED | Stacks: 1 | Value: 0.300 | Remaining Turns: 1 | Target: 1 | Targeting: ST | Affects: ['ALL'] | DOT: False | Blast: False
        ----------End of Debuff List----------
        ----------Healing List----------
        ----------End of Healing List----------
    GAUGE  - Enemy 1 toughness reduced by 20.000
    GAUGE  - Enemy 0 toughness reduced by 10.000
    GAUGE  - Enemy 2 toughness reduced by 10.000
    RESULT - GilgameshSkill | Gilgamesh | DPS | DMG: 739800.988 | ELADMG: 0.000 | Enemies Hit: [1, 0, 2] | Enemies Broken: [1] | WB DMG: 28397.255 | Energy: 30.000 | Amount HP Healed: 0.000 | Amount HP Lost: 0.000 | Gilgamesh Energy: 166/360 | SP: 1 | MaxSP: 5)
Ashveil has obtained 2 gluttony stacks from FUA.
MortenaxBlade has obtained 1 Charge. Current Charge count: 7.
    TURN   - AshveilFUA | Ashveil | SUP1 | ST attack | ['LNG'] | ['FUA'] | Scaling: ATK | TargetID: 1 | DMG/BREAK Splits: [2.0, 0]/[5, 0] | Energy Gained: 5 | SP Change: 0

        ----------Char Buffs----------
        GilgameshTrace3ATK | ATK% | Stacks: 1 | Value: 0.200 | Remaining Turns: 1 | TickDown: SUP1, PERM | Target: SUP1 | Affects: ['ALL']
        GilgameshTrace3CD | CD% | Stacks: 1 | Value: 0.200 | Remaining Turns: 1 | TickDown: SUP1, PERM | Target: SUP1 | Affects: ['ALL']
        CruisingBaseCR | CR% | Stacks: 1 | Value: 0.160 | Remaining Turns: 1 | TickDown: SUP1, PERM | Target: SUP1 | Affects: ['ALL']
        DukeDMG | DMG% | Stacks: 1 | Value: 0.200 | Remaining Turns: 1 | TickDown: SUP1, PERM | Target: SUP1 | Affects: ['FUA']
        AshveilTraceCD | CD% | Stacks: 1 | Value: 0.373 | Remaining Turns: 1 | TickDown: SUP1, PERM | Target: SUP1 | Affects: ['ALL']
        AshveilTraceATK | ATK% | Stacks: 1 | Value: 0.100 | Remaining Turns: 1 | TickDown: SUP1, PERM | Target: SUP1 | Affects: ['ALL']
        AshveilTraceDMG | DMG% | Stacks: 1 | Value: 0.144 | Remaining Turns: 1 | TickDown: SUP1, PERM | Target: SUP1 | Affects: ['ALL']
        AshveilTrace2DMG | DMG% | Stacks: 1 | Value: 0.800 | Remaining Turns: 1 | TickDown: SUP1, PERM | Target: SUP1 | Affects: ['FUA']
        AshveilTrace3CD | CD% | Stacks: 1 | Value: 0.400 | Remaining Turns: 1 | TickDown: SUP1, PERM | Target: SUP1 | Affects: ['ALL']
        AshveilTrace3FUACD | CD% | Stacks: 1 | Value: 0.800 | Remaining Turns: 1 | TickDown: SUP1, PERM | Target: SUP1 | Affects: ['FUA']
        KeelCD(SUS) | CD% | Stacks: 1 | Value: 0.100 | Remaining Turns: 1 | TickDown: SUP1, PERM | Target: SUP1 | Affects: ['ALL']
        GilgameshTrace3AllyATK | ATK% | Stacks: 1 | Value: 0.100 | Remaining Turns: 1 | TickDown: SUP1, PERM | Target: SUP1 | Affects: ['ALL']
        GilgameshTrace3AllyCD | CD% | Stacks: 1 | Value: 0.100 | Remaining Turns: 1 | TickDown: SUP1, PERM | Target: SUP1 | Affects: ['ALL']
        MasterSmithComburent | DMG% | Stacks: 1 | Value: 0.150 | Remaining Turns: 2 | TickDown: SUP1, END | Target: SUP1 | Affects: ['ALL']
        DukeATK | ATK% | Stacks: 1 | Value: 0.480 | Remaining Turns: 3 | TickDown: SUP1, END | Target: SUP1 | Affects: ['ALL']
        ConvergingStarsATK | ATK% | Stacks: 1 | Value: 0.240 | Remaining Turns: 2 | TickDown: SUP1, END | Target: SUP1 | Affects: ['ALL']
        MortenaxBladeDMGBoost | DMG% | Stacks: 1 | Value: 0.500 | Remaining Turns: 1 | TickDown: SUP1, PERM | Target: SUP1 | Affects: ['ALL']
        WarriorGoddessHealCD | CD% | Stacks: 1 | Value: 0.150 | Remaining Turns: 2 | TickDown: SUP1, START | Target: SUP1 | Affects: ['ALL']
        ConvergingStarsCD | CD% | Stacks: 1 | Value: 0.120 | Remaining Turns: 1 | TickDown: SUP1, PERM | Target: SUP1 | Affects: ['ALL']
        CruisingKillATK | ATK% | Stacks: 1 | Value: 0.400 | Remaining Turns: 1 | TickDown: SUP1, END | Target: SUP1 | Affects: ['ALL']
        CruisingLowHPCR | CR% | Stacks: 1 | Value: 0.160 | Remaining Turns: 1 | TickDown: SUP1, START | Target: SUP1 | Affects: ['ALL']
        AshveilTrace2GluttonyDMG | DMG% | Stacks: 1 | Value: 0.800 | Remaining Turns: 1 | TickDown: SUP1, END | Target: SUP1 | Affects: ['FUA']
        AshveilTalentEnergy27 | ERR_F | Stacks: 1 | Value: 8.000 | Remaining Turns: 1 | TickDown: SUP1, END | Target: SUP1 | Affects: ['ALL']
        ----------End of Buff List----------

        ----------Enemy Debuffs----------
        AshveilBaitShred | From: SUP1 | SHRED | Stacks: 1 | Value: 0.400 | Remaining Turns: 993 | Target: 1 | Targeting: ST | Affects: ['ALL'] | DOT: False | Blast: False
        MortenaxBladeUltVul | From: SUP2 | VULN | Stacks: 1 | Value: 0.500 | Remaining Turns: 2 | Target: 1 | Targeting: ST | Affects: ['ALL'] | DOT: False | Blast: False
        MortenaxBladeUltShred | From: SUP2 | SHRED | Stacks: 1 | Value: 0.300 | Remaining Turns: 2 | Target: 1 | Targeting: ST | Affects: ['ALL'] | DOT: False | Blast: False
        Enemy 1 LNG-break | From: DPS | SHOCK | Stacks: 1 | Value: 8414.001 | Remaining Turns: 2 | Target: 1 | Targeting: ST | Affects: ['ALL'] | DOT: True | Blast: False
        ----------End of Debuff List----------
        ----------Healing List----------
        HuoHuoTalentHealingScaling | Targeting: Targeting.SINGLE | Healing Value: [0] | Target: ALL
        HuoHuoTalentHealingScaling | Targeting: Targeting.SINGLE | Healing Value: [0.045] | Target: ALL
        HuoHuoTalentHealingScaling | Targeting: Targeting.SINGLE | Healing Value: [0] | Target: ALL
        HuoHuoTalentHealingScaling | Targeting: Targeting.SINGLE | Healing Value: [0] | Target: ALL
        HuoHuoTalentHealingFlat | Targeting: Targeting.SINGLE | Healing Value: [0] | Target: ALL
        HuoHuoTalentHealingFlat | Targeting: Targeting.SINGLE | Healing Value: [120] | Target: ALL
        HuoHuoTalentHealingFlat | Targeting: Targeting.SINGLE | Healing Value: [0] | Target: ALL
        HuoHuoTalentHealingFlat | Targeting: Targeting.SINGLE | Healing Value: [0] | Target: ALL
        ----------End of Healing List----------
    KILL   - Ashveil killed Enemy 1 (overkill: 592352.7)
    SPAWN  - Enemy 1 respawned at full HP, AV set to 0
    GAUGE  - Enemy 1 toughness reduced by 5.000
    RESULT - AshveilFUA | Ashveil | SUP1 | DMG: 174306.721 | ELADMG: 0.000 | Enemies Hit: [1] | Enemies Broken: [] | WB DMG: 0.000 | Energy: 5.000 | Amount HP Healed: 371.779 | Amount HP Lost: 0.000 | Ashveil Energy: 99/150 | SP: 1 | MaxSP: 5)
Gilgamesh Obtained 1 Interest from Teammate, Current count: 1
Ashveil has obtained 1 gluttony stacks from kill.
MortenaxBlade has obtained 1 Charge. Current Charge count: 8.
    TURN   - HuoHuoAllyERR | HuoHuo | SUS | NA attack | ['WIN'] | ['SPECIAL'] | Scaling: HP | TargetID: 1 | DMG/BREAK Splits: [0, 0]/[0, 0] | Energy Gained: 1 | SP Change: 0

        ----------Char Buffs----------
        GilgameshTrace3ATK | ATK% | Stacks: 1 | Value: 0.200 | Remaining Turns: 1 | TickDown: SUS, PERM | Target: SUS | Affects: ['ALL']
        GilgameshTrace3CD | CD% | Stacks: 1 | Value: 0.200 | Remaining Turns: 1 | TickDown: SUS, PERM | Target: SUS | Affects: ['ALL']
        AshveilTrace3CD | CD% | Stacks: 1 | Value: 0.400 | Remaining Turns: 1 | TickDown: SUP1, PERM | Target: SUS | Affects: ['ALL']
        PostOpERR | ERR% | Stacks: 1 | Value: 0.160 | Remaining Turns: 1 | TickDown: SUS, PERM | Target: SUS | Affects: ['ALL']
        WarriorGoddessSPD | SPD% | Stacks: 1 | Value: 0.060 | Remaining Turns: 1 | TickDown: SUS, PERM | Target: SUS | Affects: ['ALL']
        KeelEFFRES | ERS% | Stacks: 1 | Value: 0.100 | Remaining Turns: 1 | TickDown: SUS, PERM | Target: SUS | Affects: ['ALL']
        KeelCD(SUS) | CD% | Stacks: 1 | Value: 0.100 | Remaining Turns: 1 | TickDown: SUS, PERM | Target: SUS | Affects: ['ALL']
        HHTraceHP | HP% | Stacks: 1 | Value: 0.280 | Remaining Turns: 1 | TickDown: SUS, PERM | Target: SUS | Affects: ['ALL']
        HHTraceERS | ERS% | Stacks: 1 | Value: 0.180 | Remaining Turns: 1 | TickDown: SUS, PERM | Target: SUS | Affects: ['ALL']
        HHTraceSPD | SPD | Stacks: 1 | Value: 5.000 | Remaining Turns: 1 | TickDown: SUS, PERM | Target: SUS | Affects: ['ALL']
        MasterSmithComburent | DMG% | Stacks: 1 | Value: 0.150 | Remaining Turns: 2 | TickDown: SUS, END | Target: SUS | Affects: ['ALL']
        MortenaxBladeDMGBoost | DMG% | Stacks: 1 | Value: 0.500 | Remaining Turns: 1 | TickDown: SUS, PERM | Target: SUS | Affects: ['ALL']
        WarriorGoddessHealSPD | SPD% | Stacks: 1 | Value: 0.060 | Remaining Turns: 2 | TickDown: SUS, START | Target: SUS | Affects: ['ALL']
        WarriorGoddessHealCD | CD% | Stacks: 1 | Value: 0.150 | Remaining Turns: 2 | TickDown: SUS, START | Target: SUS | Affects: ['ALL']
        ConvergingStarsCD | CD% | Stacks: 1 | Value: 0.120 | Remaining Turns: 1 | TickDown: SUS, PERM | Target: SUS | Affects: ['ALL']
        ----------End of Buff List----------

        ----------Enemy Debuffs----------
        AshveilBaitShred | From: SUP1 | SHRED | Stacks: 1 | Value: 0.400 | Remaining Turns: 993 | Target: 1 | Targeting: ST | Affects: ['ALL'] | DOT: False | Blast: False
        MortenaxBladeUltVul | From: SUP2 | VULN | Stacks: 1 | Value: 0.500 | Remaining Turns: 2 | Target: 1 | Targeting: ST | Affects: ['ALL'] | DOT: False | Blast: False
        MortenaxBladeUltShred | From: SUP2 | SHRED | Stacks: 1 | Value: 0.300 | Remaining Turns: 2 | Target: 1 | Targeting: ST | Affects: ['ALL'] | DOT: False | Blast: False
        Enemy 1 LNG-break | From: DPS | SHOCK | Stacks: 1 | Value: 8414.001 | Remaining Turns: 2 | Target: 1 | Targeting: ST | Affects: ['ALL'] | DOT: True | Blast: False
        ----------End of Debuff List----------
        ----------Healing List----------
        ----------End of Healing List----------
    GAUGE  - Enemy 1 toughness reduced by 0.000
    RESULT - HuoHuoAllyERR | HuoHuo | SUS | DMG: 0.000 | ELADMG: 0.000 | Enemies Hit: [1] | Enemies Broken: [] | WB DMG: 0.000 | Energy: 1.354 | Amount HP Healed: 0.000 | Amount HP Lost: 0.000 | HuoHuo Energy: 89/140 | SP: 1 | MaxSP: 5)
ERR    > 8.000 energy added to Ashveil from AshveilTalentEnergy27 | Ashveil Energy: 107.333
        Buff HuoHuoUltATK expired
        Buff HuoHuoUltExtraATK expired
SPD    > Gilgamesh speed changed to 111.300 | NewAV: 0.000
AV     > Gilgamesh AV reset to 89.847 | 111.300 SPD
DELAY  > Enemy 1 delayed by 25.0% from STDBreakDelay | NewAV: 52.589

<<< NEW TURN >>>
-   Enemy 2 AV: 0.000 ENERGY: 0.000 MaxHP: 2000000.000 CurrHp 684595.449
-   HuoHuo AV: 0.830 ENERGY: 88.939 MaxHP: 6139.808 CurrHp 5559.955
-   MortenaxBlade AV: 16.022 ENERGY: 26.547 MaxHP: 4869.135 CurrHp 2627.602
-   Ashveil AV: 16.102 ENERGY: 107.333 MaxHP: 2729.320 CurrHp 2729.320
-   Enemy 0 AV: 19.231 ENERGY: 0.000 MaxHP: 2000000.000 CurrHp 1627395.461
-   Enemy 1 AV: 36.616 ENERGY: 0.000 MaxHP: 5000000.000 CurrHp 5000000.000
-   Gilgamesh AV: 73.874 ENERGY: 166.333 MaxHP: 3134.558 CurrHp 3010.778
-   InfiniteFury AV: 94.377 ENERGY: 0.000 MaxHP: 0.000 CurrHp 0.000

Combat context set: 3 enemies, 4 players
Combat context initialized: 3 enemies, Elation team size: 0
ACTION > [ENEMY] TotalAV: 500.000 | TurnAV: 15.973 | Enemy 2 | 1 attacks
MortenaxBlade has obtained 1 Charge. Current Charge count: 9.
    CharEnergy - Gilgamesh: Hit 3.333 Total: 169.667 | Ashveil: Hit 10.000 Total: 117.333 | MortenaxBlade: Hit 6.667 Total: 34.843 | HuoHuo: Hit 6.667 Total: 97.968 |
    ENEMY  - Enemy 2 [aoe] dealt 247.6 to Gilgamesh (energy: 3.3, DEF: 2185, atkMul: 1.00, dmgMul: 1.00) | HP: 2763/3135
    ENEMY  - Enemy 2 [aoe] dealt 255.9 to Ashveil (energy: 3.3, DEF: 2076, atkMul: 1.00, dmgMul: 1.00) | HP: 2473/2729
    ENEMY  - Enemy 2 [aoe] dealt 129.2 to MortenaxBlade (energy: 3.3, DEF: 2045, atkMul: 1.00, dmgMul: 1.00) | HP: 2498/4869
    ENEMY  - Enemy 2 [aoe] dealt 255.9 to Ashveil (energy: 3.3, DEF: 2076, atkMul: 1.00, dmgMul: 1.00) | HP: 2217/2729
    ENEMY  - Enemy 2 [aoe] dealt 231.9 to HuoHuo (energy: 3.3, DEF: 2410, atkMul: 1.00, dmgMul: 1.00) | HP: 5328/6140
    ENEMY  - Enemy 2 [aoe] dealt 129.2 to MortenaxBlade (energy: 3.3, DEF: 2045, atkMul: 1.00, dmgMul: 1.00) | HP: 2369/4869
    ENEMY  - Enemy 2 [aoe] dealt 255.9 to Ashveil (energy: 3.3, DEF: 2076, atkMul: 1.00, dmgMul: 1.00) | HP: 1962/2729
    ENEMY  - Enemy 2 [aoe] dealt 231.9 to HuoHuo (energy: 3.3, DEF: 2410, atkMul: 1.00, dmgMul: 1.00) | HP: 5096/6140
MortenaxBlade has obtained 1 Charge. Current Charge count: 10.
MortenaxBlade useHit produced 2 debuffs
    DEBUFF - Enemy 2 took 11358.902 Debuff damage from Enemy 2 LNG-break
        Debuff Enemy 2 LNG-break expired
AV     > Enemy 2 AV reset to 76.923 | 130.000 SPD

<<< NEW TURN >>>
-   HuoHuo AV: 0.000 ENERGY: 97.968 MaxHP: 6139.808 CurrHp 5096.073
-   MortenaxBlade AV: 15.192 ENERGY: 34.843 MaxHP: 4869.135 CurrHp 2369.207
-   Ashveil AV: 15.272 ENERGY: 117.333 MaxHP: 2729.320 CurrHp 1961.567
-   Enemy 0 AV: 18.400 ENERGY: 0.000 MaxHP: 2000000.000 CurrHp 1627395.461
-   Enemy 1 AV: 35.786 ENERGY: 0.000 MaxHP: 5000000.000 CurrHp 5000000.000
-   Gilgamesh AV: 73.044 ENERGY: 169.667 MaxHP: 3134.558 CurrHp 2763.219
-   Enemy 2 AV: 76.093 ENERGY: 0.000 MaxHP: 2000000.000 CurrHp 684595.449
-   InfiniteFury AV: 93.546 ENERGY: 0.000 MaxHP: 0.000 CurrHp 0.000

Combat context set: 3 enemies, 4 players
Combat context initialized: 3 enemies, Elation team size: 0
ACTION > [CHAR] TotalAV: 500.830 | TurnAV: 0.830 | HuoHuo | E-move
    TURN   - HuoHuoSkill | HuoHuo | SUS | NA attack | ['WIN'] | ['SKL'] | Scaling: HP | TargetID: -1 | DMG/BREAK Splits: [0, 0]/[0, 0] | Energy Gained: 30 | SP Change: -1

        ----------Char Buffs----------
        GilgameshTrace3ATK | ATK% | Stacks: 1 | Value: 0.200 | Remaining Turns: 1 | TickDown: SUS, PERM | Target: SUS | Affects: ['ALL']
        GilgameshTrace3CD | CD% | Stacks: 1 | Value: 0.200 | Remaining Turns: 1 | TickDown: SUS, PERM | Target: SUS | Affects: ['ALL']
        AshveilTrace3CD | CD% | Stacks: 1 | Value: 0.400 | Remaining Turns: 1 | TickDown: SUP1, PERM | Target: SUS | Affects: ['ALL']
        PostOpERR | ERR% | Stacks: 1 | Value: 0.160 | Remaining Turns: 1 | TickDown: SUS, PERM | Target: SUS | Affects: ['ALL']
        WarriorGoddessSPD | SPD% | Stacks: 1 | Value: 0.060 | Remaining Turns: 1 | TickDown: SUS, PERM | Target: SUS | Affects: ['ALL']
        KeelEFFRES | ERS% | Stacks: 1 | Value: 0.100 | Remaining Turns: 1 | TickDown: SUS, PERM | Target: SUS | Affects: ['ALL']
        KeelCD(SUS) | CD% | Stacks: 1 | Value: 0.100 | Remaining Turns: 1 | TickDown: SUS, PERM | Target: SUS | Affects: ['ALL']
        HHTraceHP | HP% | Stacks: 1 | Value: 0.280 | Remaining Turns: 1 | TickDown: SUS, PERM | Target: SUS | Affects: ['ALL']
        HHTraceERS | ERS% | Stacks: 1 | Value: 0.180 | Remaining Turns: 1 | TickDown: SUS, PERM | Target: SUS | Affects: ['ALL']
        HHTraceSPD | SPD | Stacks: 1 | Value: 5.000 | Remaining Turns: 1 | TickDown: SUS, PERM | Target: SUS | Affects: ['ALL']
        MasterSmithComburent | DMG% | Stacks: 1 | Value: 0.150 | Remaining Turns: 2 | TickDown: SUS, END | Target: SUS | Affects: ['ALL']
        MortenaxBladeDMGBoost | DMG% | Stacks: 1 | Value: 0.500 | Remaining Turns: 1 | TickDown: SUS, PERM | Target: SUS | Affects: ['ALL']
        WarriorGoddessHealSPD | SPD% | Stacks: 1 | Value: 0.060 | Remaining Turns: 1 | TickDown: SUS, START | Target: SUS | Affects: ['ALL']
        WarriorGoddessHealCD | CD% | Stacks: 1 | Value: 0.150 | Remaining Turns: 1 | TickDown: SUS, START | Target: SUS | Affects: ['ALL']
        ConvergingStarsCD | CD% | Stacks: 1 | Value: 0.120 | Remaining Turns: 1 | TickDown: SUS, PERM | Target: SUS | Affects: ['ALL']
        ----------End of Buff List----------

        ----------Enemy Debuffs----------
        ----------End of Debuff List----------
        ----------Healing List----------
        HuoHuoSkillHealingScaling | Targeting: Targeting.BLAST | Healing Value: [0.24] | Target: ALL
        HuoHuoSkillHealingScaling | Targeting: Targeting.BLAST | Healing Value: [0.24] | Target: ALL
        HuoHuoSkillHealingScaling | Targeting: Targeting.BLAST | Healing Value: [0.24] | Target: ALL
        HuoHuoSkillHealingScaling | Targeting: Targeting.BLAST | Healing Value: [0.24] | Target: ALL
        HuoHuoSkillHealingScaling | Targeting: Targeting.BLAST | Healing Value: [0.24] | Target: ALL
        HuoHuoSkillHealingScaling | Targeting: Targeting.BLAST | Healing Value: [0.24] | Target: ALL
        HuoHuoSkillHealingFlat | Targeting: Targeting.BLAST | Healing Value: [640] | Target: ALL
        HuoHuoSkillHealingFlat | Targeting: Targeting.BLAST | Healing Value: [640] | Target: ALL
        HuoHuoSkillHealingFlat | Targeting: Targeting.BLAST | Healing Value: [640] | Target: ALL
        HuoHuoSkillHealingFlat | Targeting: Targeting.BLAST | Healing Value: [640] | Target: ALL
        HuoHuoSkillHealingFlat | Targeting: Targeting.BLAST | Healing Value: [640] | Target: ALL
        HuoHuoSkillHealingFlat | Targeting: Targeting.BLAST | Healing Value: [640] | Target: ALL
        ----------End of Healing List----------
    GAUGE  - Enemy 1 toughness reduced by 0.000
    RESULT - HuoHuoSkill | HuoHuo | SUS | DMG: 0.000 | ELADMG: 0.000 | Enemies Hit: [1] | Enemies Broken: [] | WB DMG: 0.000 | Energy: 40.632 | Amount HP Healed: 7931.292 | Amount HP Lost: 0.000 | HuoHuo Energy: 139/140 | SP: 0 | MaxSP: 5)
Gilgamesh Obtained 1 Interest from Teammate, Current count: 2
MortenaxBlade has obtained 1 Charge. Current Charge count: 2.
    TURN   - MortenaxBladeAOEFUA | MortenaxBlade | SUP2 | AOE attack | ['FIR'] | ['FUA'] | Scaling: HP | TargetID: 1 | DMG/BREAK Splits: [0.72, 0]/[10, 0] | Energy Gained: 25 | SP Change: 0

        ----------Char Buffs----------
        GilgameshTrace3ATK | ATK% | Stacks: 1 | Value: 0.200 | Remaining Turns: 1 | TickDown: SUP2, PERM | Target: SUP2 | Affects: ['ALL']
        GilgameshTrace3CD | CD% | Stacks: 1 | Value: 0.200 | Remaining Turns: 1 | TickDown: SUP2, PERM | Target: SUP2 | Affects: ['ALL']
        AshveilTrace3CD | CD% | Stacks: 1 | Value: 0.400 | Remaining Turns: 1 | TickDown: SUP1, PERM | Target: SUP2 | Affects: ['ALL']
        AshveilTrace3FUACD | CD% | Stacks: 1 | Value: 0.800 | Remaining Turns: 1 | TickDown: SUP1, PERM | Target: SUP2 | Affects: ['FUA']
        TutorialEHR | EHR% | Stacks: 1 | Value: 0.400 | Remaining Turns: 1 | TickDown: SUP2, PERM | Target: SUP2 | Affects: ['ALL']
        MasterSmithHP | HP% | Stacks: 1 | Value: 0.120 | Remaining Turns: 1 | TickDown: SUP2, PERM | Target: SUP2 | Affects: ['ALL']
        LushakaERR | ERR% | Stacks: 1 | Value: 0.050 | Remaining Turns: 1 | TickDown: SUP2, PERM | Target: SUP2 | Affects: ['ALL']
        MortenaxBladeTraceCR | CR% | Stacks: 1 | Value: 0.120 | Remaining Turns: 1 | TickDown: SUP2, PERM | Target: SUP2 | Affects: ['ALL']
        MortenaxBladeTraceHP | HP% | Stacks: 1 | Value: 0.100 | Remaining Turns: 1 | TickDown: SUP2, PERM | Target: SUP2 | Affects: ['ALL']
        MortenaxBladeTraceDMG | DMG% | Stacks: 1 | Value: 0.224 | Remaining Turns: 1 | TickDown: SUP2, PERM | Target: SUP2 | Affects: ['ALL']
        KeelCD(SUS) | CD% | Stacks: 1 | Value: 0.100 | Remaining Turns: 1 | TickDown: SUP2, PERM | Target: SUP2 | Affects: ['ALL']
        MasterSmithCD | CD% | Stacks: 1 | Value: 0.280 | Remaining Turns: 1 | TickDown: SUP2, PERM | Target: SUP2 | Affects: ['ALL']
        MasterSmithComburent | DMG% | Stacks: 1 | Value: 0.150 | Remaining Turns: 1 | TickDown: SUP2, END | Target: SUP2 | Affects: ['ALL']
        MortenaxBladeCRBoost | CR% | Stacks: 1 | Value: 0.200 | Remaining Turns: 1 | TickDown: SUP2, PERM | Target: SUP2 | Affects: ['ALL']
        MortenaxBladeCDBoost | CD% | Stacks: 1 | Value: 0.600 | Remaining Turns: 1 | TickDown: SUP2, PERM | Target: SUP2 | Affects: ['ALL']
        MortenaxBladeDMGReduction | DMG_REDUCTION | Stacks: 1 | Value: 0.500 | Remaining Turns: 1 | TickDown: SUP2, PERM | Target: SUP2 | Affects: ['ALL']
        MortenaxBladeDMGBoost | DMG% | Stacks: 1 | Value: 0.500 | Remaining Turns: 1 | TickDown: SUP2, PERM | Target: SUP2 | Affects: ['ALL']
        MortenaxBladeDMG | DMG% | Stacks: 1 | Value: 0.750 | Remaining Turns: 1 | TickDown: SUP2, PERM | Target: SUP2 | Affects: ['ALL']
        WarriorGoddessHealCD | CD% | Stacks: 1 | Value: 0.150 | Remaining Turns: 2 | TickDown: SUP2, START | Target: SUP2 | Affects: ['ALL']
        ConvergingStarsCD | CD% | Stacks: 1 | Value: 0.120 | Remaining Turns: 1 | TickDown: SUP2, PERM | Target: SUP2 | Affects: ['ALL']
        ----------End of Buff List----------

        ----------Enemy Debuffs----------
        AshveilBaitShred | From: SUP1 | SHRED | Stacks: 1 | Value: 0.400 | Remaining Turns: 993 | Target: 1 | Targeting: ST | Affects: ['ALL'] | DOT: False | Blast: False
        MortenaxBladeUltVul | From: SUP2 | VULN | Stacks: 1 | Value: 0.500 | Remaining Turns: 2 | Target: 1 | Targeting: ST | Affects: ['ALL'] | DOT: False | Blast: False
        MortenaxBladeUltShred | From: SUP2 | SHRED | Stacks: 1 | Value: 0.300 | Remaining Turns: 2 | Target: 1 | Targeting: ST | Affects: ['ALL'] | DOT: False | Blast: False
        Enemy 1 LNG-break | From: DPS | SHOCK | Stacks: 1 | Value: 8414.001 | Remaining Turns: 2 | Target: 1 | Targeting: ST | Affects: ['ALL'] | DOT: True | Blast: False
        ----------End of Debuff List----------
        ----------Healing List----------
        ----------End of Healing List----------
    GAUGE  - Enemy 0 toughness reduced by 0.000
    GAUGE  - Enemy 1 toughness reduced by 0.000
    GAUGE  - Enemy 2 toughness reduced by 0.000
    RESULT - MortenaxBladeAOEFUA | MortenaxBlade | SUP2 | DMG: 102253.545 | ELADMG: 0.000 | Enemies Hit: [0, 1, 2] | Enemies Broken: [] | WB DMG: 0.000 | Energy: 31.110 | Amount HP Healed: 0.000 | Amount HP Lost: 0.000 | MortenaxBlade Energy: 66/160 | SP: 0 | MaxSP: 5)
Gilgamesh Obtained 1 Interest from Teammate, Current count: 3
    TURN   - MortenaxBladeBounceFUA | MortenaxBlade | SUP2 | ST attack | ['FIR'] | ['FUA'] | Scaling: HP | TargetID: 1 | DMG/BREAK Splits: [0.24, 0]/[5, 0] | Energy Gained: 0 | SP Change: 0

        ----------Char Buffs----------
        GilgameshTrace3ATK | ATK% | Stacks: 1 | Value: 0.200 | Remaining Turns: 1 | TickDown: SUP2, PERM | Target: SUP2 | Affects: ['ALL']
        GilgameshTrace3CD | CD% | Stacks: 1 | Value: 0.200 | Remaining Turns: 1 | TickDown: SUP2, PERM | Target: SUP2 | Affects: ['ALL']
        AshveilTrace3CD | CD% | Stacks: 1 | Value: 0.400 | Remaining Turns: 1 | TickDown: SUP1, PERM | Target: SUP2 | Affects: ['ALL']
        AshveilTrace3FUACD | CD% | Stacks: 1 | Value: 0.800 | Remaining Turns: 1 | TickDown: SUP1, PERM | Target: SUP2 | Affects: ['FUA']
        TutorialEHR | EHR% | Stacks: 1 | Value: 0.400 | Remaining Turns: 1 | TickDown: SUP2, PERM | Target: SUP2 | Affects: ['ALL']
        MasterSmithHP | HP% | Stacks: 1 | Value: 0.120 | Remaining Turns: 1 | TickDown: SUP2, PERM | Target: SUP2 | Affects: ['ALL']
        LushakaERR | ERR% | Stacks: 1 | Value: 0.050 | Remaining Turns: 1 | TickDown: SUP2, PERM | Target: SUP2 | Affects: ['ALL']
        MortenaxBladeTraceCR | CR% | Stacks: 1 | Value: 0.120 | Remaining Turns: 1 | TickDown: SUP2, PERM | Target: SUP2 | Affects: ['ALL']
        MortenaxBladeTraceHP | HP% | Stacks: 1 | Value: 0.100 | Remaining Turns: 1 | TickDown: SUP2, PERM | Target: SUP2 | Affects: ['ALL']
        MortenaxBladeTraceDMG | DMG% | Stacks: 1 | Value: 0.224 | Remaining Turns: 1 | TickDown: SUP2, PERM | Target: SUP2 | Affects: ['ALL']
        KeelCD(SUS) | CD% | Stacks: 1 | Value: 0.100 | Remaining Turns: 1 | TickDown: SUP2, PERM | Target: SUP2 | Affects: ['ALL']
        MasterSmithCD | CD% | Stacks: 1 | Value: 0.280 | Remaining Turns: 1 | TickDown: SUP2, PERM | Target: SUP2 | Affects: ['ALL']
        MasterSmithComburent | DMG% | Stacks: 1 | Value: 0.150 | Remaining Turns: 2 | TickDown: SUP2, END | Target: SUP2 | Affects: ['ALL']
        MortenaxBladeCRBoost | CR% | Stacks: 1 | Value: 0.200 | Remaining Turns: 1 | TickDown: SUP2, PERM | Target: SUP2 | Affects: ['ALL']
        MortenaxBladeCDBoost | CD% | Stacks: 1 | Value: 0.600 | Remaining Turns: 1 | TickDown: SUP2, PERM | Target: SUP2 | Affects: ['ALL']
        MortenaxBladeDMGReduction | DMG_REDUCTION | Stacks: 1 | Value: 0.500 | Remaining Turns: 1 | TickDown: SUP2, PERM | Target: SUP2 | Affects: ['ALL']
        MortenaxBladeDMGBoost | DMG% | Stacks: 1 | Value: 0.500 | Remaining Turns: 1 | TickDown: SUP2, PERM | Target: SUP2 | Affects: ['ALL']
        MortenaxBladeDMG | DMG% | Stacks: 1 | Value: 0.750 | Remaining Turns: 1 | TickDown: SUP2, PERM | Target: SUP2 | Affects: ['ALL']
        WarriorGoddessHealCD | CD% | Stacks: 1 | Value: 0.150 | Remaining Turns: 2 | TickDown: SUP2, START | Target: SUP2 | Affects: ['ALL']
        ConvergingStarsCD | CD% | Stacks: 1 | Value: 0.120 | Remaining Turns: 1 | TickDown: SUP2, PERM | Target: SUP2 | Affects: ['ALL']
        TutorialERR | ERR_T | Stacks: 1 | Value: 8.000 | Remaining Turns: 1 | TickDown: SUP2, START | Target: SUP2 | Affects: ['ALL']
        ----------End of Buff List----------

        ----------Enemy Debuffs----------
        AshveilBaitShred | From: SUP1 | SHRED | Stacks: 1 | Value: 0.400 | Remaining Turns: 993 | Target: 1 | Targeting: ST | Affects: ['ALL'] | DOT: False | Blast: False
        MortenaxBladeUltVul | From: SUP2 | VULN | Stacks: 1 | Value: 0.500 | Remaining Turns: 2 | Target: 1 | Targeting: ST | Affects: ['ALL'] | DOT: False | Blast: False
        MortenaxBladeUltShred | From: SUP2 | SHRED | Stacks: 1 | Value: 0.300 | Remaining Turns: 2 | Target: 1 | Targeting: ST | Affects: ['ALL'] | DOT: False | Blast: False
        Enemy 1 LNG-break | From: DPS | SHOCK | Stacks: 1 | Value: 8414.001 | Remaining Turns: 2 | Target: 1 | Targeting: ST | Affects: ['ALL'] | DOT: True | Blast: False
        ----------End of Debuff List----------
        ----------Healing List----------
        ----------End of Healing List----------
    GAUGE  - Enemy 1 toughness reduced by 0.000
    RESULT - MortenaxBladeBounceFUA | MortenaxBlade | SUP2 | DMG: 12173.041 | ELADMG: 0.000 | Enemies Hit: [1] | Enemies Broken: [] | WB DMG: 0.000 | Energy: 0.000 | Amount HP Healed: 0.000 | Amount HP Lost: 0.000 | MortenaxBlade Energy: 66/160 | SP: 0 | MaxSP: 5)
    TURN   - MortenaxBladeBounceFUA | MortenaxBlade | SUP2 | ST attack | ['FIR'] | ['FUA'] | Scaling: HP | TargetID: 1 | DMG/BREAK Splits: [0.24, 0]/[5, 0] | Energy Gained: 0 | SP Change: 0

        ----------Char Buffs----------
        GilgameshTrace3ATK | ATK% | Stacks: 1 | Value: 0.200 | Remaining Turns: 1 | TickDown: SUP2, PERM | Target: SUP2 | Affects: ['ALL']
        GilgameshTrace3CD | CD% | Stacks: 1 | Value: 0.200 | Remaining Turns: 1 | TickDown: SUP2, PERM | Target: SUP2 | Affects: ['ALL']
        AshveilTrace3CD | CD% | Stacks: 1 | Value: 0.400 | Remaining Turns: 1 | TickDown: SUP1, PERM | Target: SUP2 | Affects: ['ALL']
        AshveilTrace3FUACD | CD% | Stacks: 1 | Value: 0.800 | Remaining Turns: 1 | TickDown: SUP1, PERM | Target: SUP2 | Affects: ['FUA']
        TutorialEHR | EHR% | Stacks: 1 | Value: 0.400 | Remaining Turns: 1 | TickDown: SUP2, PERM | Target: SUP2 | Affects: ['ALL']
        MasterSmithHP | HP% | Stacks: 1 | Value: 0.120 | Remaining Turns: 1 | TickDown: SUP2, PERM | Target: SUP2 | Affects: ['ALL']
        LushakaERR | ERR% | Stacks: 1 | Value: 0.050 | Remaining Turns: 1 | TickDown: SUP2, PERM | Target: SUP2 | Affects: ['ALL']
        MortenaxBladeTraceCR | CR% | Stacks: 1 | Value: 0.120 | Remaining Turns: 1 | TickDown: SUP2, PERM | Target: SUP2 | Affects: ['ALL']
        MortenaxBladeTraceHP | HP% | Stacks: 1 | Value: 0.100 | Remaining Turns: 1 | TickDown: SUP2, PERM | Target: SUP2 | Affects: ['ALL']
        MortenaxBladeTraceDMG | DMG% | Stacks: 1 | Value: 0.224 | Remaining Turns: 1 | TickDown: SUP2, PERM | Target: SUP2 | Affects: ['ALL']
        KeelCD(SUS) | CD% | Stacks: 1 | Value: 0.100 | Remaining Turns: 1 | TickDown: SUP2, PERM | Target: SUP2 | Affects: ['ALL']
        MasterSmithCD | CD% | Stacks: 1 | Value: 0.280 | Remaining Turns: 1 | TickDown: SUP2, PERM | Target: SUP2 | Affects: ['ALL']
        MasterSmithComburent | DMG% | Stacks: 1 | Value: 0.150 | Remaining Turns: 2 | TickDown: SUP2, END | Target: SUP2 | Affects: ['ALL']
        MortenaxBladeCRBoost | CR% | Stacks: 1 | Value: 0.200 | Remaining Turns: 1 | TickDown: SUP2, PERM | Target: SUP2 | Affects: ['ALL']
        MortenaxBladeCDBoost | CD% | Stacks: 1 | Value: 0.600 | Remaining Turns: 1 | TickDown: SUP2, PERM | Target: SUP2 | Affects: ['ALL']
        MortenaxBladeDMGReduction | DMG_REDUCTION | Stacks: 1 | Value: 0.500 | Remaining Turns: 1 | TickDown: SUP2, PERM | Target: SUP2 | Affects: ['ALL']
        MortenaxBladeDMGBoost | DMG% | Stacks: 1 | Value: 0.500 | Remaining Turns: 1 | TickDown: SUP2, PERM | Target: SUP2 | Affects: ['ALL']
        MortenaxBladeDMG | DMG% | Stacks: 1 | Value: 0.750 | Remaining Turns: 1 | TickDown: SUP2, PERM | Target: SUP2 | Affects: ['ALL']
        WarriorGoddessHealCD | CD% | Stacks: 1 | Value: 0.150 | Remaining Turns: 2 | TickDown: SUP2, START | Target: SUP2 | Affects: ['ALL']
        ConvergingStarsCD | CD% | Stacks: 1 | Value: 0.120 | Remaining Turns: 1 | TickDown: SUP2, PERM | Target: SUP2 | Affects: ['ALL']
        TutorialERR | ERR_T | Stacks: 1 | Value: 8.000 | Remaining Turns: 1 | TickDown: SUP2, START | Target: SUP2 | Affects: ['ALL']
        ----------End of Buff List----------

        ----------Enemy Debuffs----------
        AshveilBaitShred | From: SUP1 | SHRED | Stacks: 1 | Value: 0.400 | Remaining Turns: 993 | Target: 1 | Targeting: ST | Affects: ['ALL'] | DOT: False | Blast: False
        MortenaxBladeUltVul | From: SUP2 | VULN | Stacks: 1 | Value: 0.500 | Remaining Turns: 2 | Target: 1 | Targeting: ST | Affects: ['ALL'] | DOT: False | Blast: False
        MortenaxBladeUltShred | From: SUP2 | SHRED | Stacks: 1 | Value: 0.300 | Remaining Turns: 2 | Target: 1 | Targeting: ST | Affects: ['ALL'] | DOT: False | Blast: False
        Enemy 1 LNG-break | From: DPS | SHOCK | Stacks: 1 | Value: 8414.001 | Remaining Turns: 2 | Target: 1 | Targeting: ST | Affects: ['ALL'] | DOT: True | Blast: False
        ----------End of Debuff List----------
        ----------Healing List----------
        ----------End of Healing List----------
    GAUGE  - Enemy 1 toughness reduced by 0.000
    RESULT - MortenaxBladeBounceFUA | MortenaxBlade | SUP2 | DMG: 12173.041 | ELADMG: 0.000 | Enemies Hit: [1] | Enemies Broken: [] | WB DMG: 0.000 | Energy: 0.000 | Amount HP Healed: 0.000 | Amount HP Lost: 0.000 | MortenaxBlade Energy: 66/160 | SP: 0 | MaxSP: 5)
    TURN   - MortenaxBladeBounceFUA | MortenaxBlade | SUP2 | ST attack | ['FIR'] | ['FUA'] | Scaling: HP | TargetID: 1 | DMG/BREAK Splits: [0.24, 0]/[5, 0] | Energy Gained: 0 | SP Change: 0

        ----------Char Buffs----------
        GilgameshTrace3ATK | ATK% | Stacks: 1 | Value: 0.200 | Remaining Turns: 1 | TickDown: SUP2, PERM | Target: SUP2 | Affects: ['ALL']
        GilgameshTrace3CD | CD% | Stacks: 1 | Value: 0.200 | Remaining Turns: 1 | TickDown: SUP2, PERM | Target: SUP2 | Affects: ['ALL']
        AshveilTrace3CD | CD% | Stacks: 1 | Value: 0.400 | Remaining Turns: 1 | TickDown: SUP1, PERM | Target: SUP2 | Affects: ['ALL']
        AshveilTrace3FUACD | CD% | Stacks: 1 | Value: 0.800 | Remaining Turns: 1 | TickDown: SUP1, PERM | Target: SUP2 | Affects: ['FUA']
        TutorialEHR | EHR% | Stacks: 1 | Value: 0.400 | Remaining Turns: 1 | TickDown: SUP2, PERM | Target: SUP2 | Affects: ['ALL']
        MasterSmithHP | HP% | Stacks: 1 | Value: 0.120 | Remaining Turns: 1 | TickDown: SUP2, PERM | Target: SUP2 | Affects: ['ALL']
        LushakaERR | ERR% | Stacks: 1 | Value: 0.050 | Remaining Turns: 1 | TickDown: SUP2, PERM | Target: SUP2 | Affects: ['ALL']
        MortenaxBladeTraceCR | CR% | Stacks: 1 | Value: 0.120 | Remaining Turns: 1 | TickDown: SUP2, PERM | Target: SUP2 | Affects: ['ALL']
        MortenaxBladeTraceHP | HP% | Stacks: 1 | Value: 0.100 | Remaining Turns: 1 | TickDown: SUP2, PERM | Target: SUP2 | Affects: ['ALL']
        MortenaxBladeTraceDMG | DMG% | Stacks: 1 | Value: 0.224 | Remaining Turns: 1 | TickDown: SUP2, PERM | Target: SUP2 | Affects: ['ALL']
        KeelCD(SUS) | CD% | Stacks: 1 | Value: 0.100 | Remaining Turns: 1 | TickDown: SUP2, PERM | Target: SUP2 | Affects: ['ALL']
        MasterSmithCD | CD% | Stacks: 1 | Value: 0.280 | Remaining Turns: 1 | TickDown: SUP2, PERM | Target: SUP2 | Affects: ['ALL']
        MasterSmithComburent | DMG% | Stacks: 1 | Value: 0.150 | Remaining Turns: 2 | TickDown: SUP2, END | Target: SUP2 | Affects: ['ALL']
        MortenaxBladeCRBoost | CR% | Stacks: 1 | Value: 0.200 | Remaining Turns: 1 | TickDown: SUP2, PERM | Target: SUP2 | Affects: ['ALL']
        MortenaxBladeCDBoost | CD% | Stacks: 1 | Value: 0.600 | Remaining Turns: 1 | TickDown: SUP2, PERM | Target: SUP2 | Affects: ['ALL']
        MortenaxBladeDMGReduction | DMG_REDUCTION | Stacks: 1 | Value: 0.500 | Remaining Turns: 1 | TickDown: SUP2, PERM | Target: SUP2 | Affects: ['ALL']
        MortenaxBladeDMGBoost | DMG% | Stacks: 1 | Value: 0.500 | Remaining Turns: 1 | TickDown: SUP2, PERM | Target: SUP2 | Affects: ['ALL']
        MortenaxBladeDMG | DMG% | Stacks: 1 | Value: 0.750 | Remaining Turns: 1 | TickDown: SUP2, PERM | Target: SUP2 | Affects: ['ALL']
        WarriorGoddessHealCD | CD% | Stacks: 1 | Value: 0.150 | Remaining Turns: 2 | TickDown: SUP2, START | Target: SUP2 | Affects: ['ALL']
        ConvergingStarsCD | CD% | Stacks: 1 | Value: 0.120 | Remaining Turns: 1 | TickDown: SUP2, PERM | Target: SUP2 | Affects: ['ALL']
        TutorialERR | ERR_T | Stacks: 1 | Value: 8.000 | Remaining Turns: 1 | TickDown: SUP2, START | Target: SUP2 | Affects: ['ALL']
        ----------End of Buff List----------

        ----------Enemy Debuffs----------
        AshveilBaitShred | From: SUP1 | SHRED | Stacks: 1 | Value: 0.400 | Remaining Turns: 993 | Target: 1 | Targeting: ST | Affects: ['ALL'] | DOT: False | Blast: False
        MortenaxBladeUltVul | From: SUP2 | VULN | Stacks: 1 | Value: 0.500 | Remaining Turns: 2 | Target: 1 | Targeting: ST | Affects: ['ALL'] | DOT: False | Blast: False
        MortenaxBladeUltShred | From: SUP2 | SHRED | Stacks: 1 | Value: 0.300 | Remaining Turns: 2 | Target: 1 | Targeting: ST | Affects: ['ALL'] | DOT: False | Blast: False
        Enemy 1 LNG-break | From: DPS | SHOCK | Stacks: 1 | Value: 8414.001 | Remaining Turns: 2 | Target: 1 | Targeting: ST | Affects: ['ALL'] | DOT: True | Blast: False
        ----------End of Debuff List----------
        ----------Healing List----------
        ----------End of Healing List----------
    GAUGE  - Enemy 1 toughness reduced by 0.000
    RESULT - MortenaxBladeBounceFUA | MortenaxBlade | SUP2 | DMG: 12173.041 | ELADMG: 0.000 | Enemies Hit: [1] | Enemies Broken: [] | WB DMG: 0.000 | Energy: 0.000 | Amount HP Healed: 0.000 | Amount HP Lost: 0.000 | MortenaxBlade Energy: 66/160 | SP: 0 | MaxSP: 5)
    TURN   - MortenaxBladeBounceFUA | MortenaxBlade | SUP2 | ST attack | ['FIR'] | ['FUA'] | Scaling: HP | TargetID: 1 | DMG/BREAK Splits: [0.24, 0]/[5, 0] | Energy Gained: 0 | SP Change: 0

        ----------Char Buffs----------
        GilgameshTrace3ATK | ATK% | Stacks: 1 | Value: 0.200 | Remaining Turns: 1 | TickDown: SUP2, PERM | Target: SUP2 | Affects: ['ALL']
        GilgameshTrace3CD | CD% | Stacks: 1 | Value: 0.200 | Remaining Turns: 1 | TickDown: SUP2, PERM | Target: SUP2 | Affects: ['ALL']
        AshveilTrace3CD | CD% | Stacks: 1 | Value: 0.400 | Remaining Turns: 1 | TickDown: SUP1, PERM | Target: SUP2 | Affects: ['ALL']
        AshveilTrace3FUACD | CD% | Stacks: 1 | Value: 0.800 | Remaining Turns: 1 | TickDown: SUP1, PERM | Target: SUP2 | Affects: ['FUA']
        TutorialEHR | EHR% | Stacks: 1 | Value: 0.400 | Remaining Turns: 1 | TickDown: SUP2, PERM | Target: SUP2 | Affects: ['ALL']
        MasterSmithHP | HP% | Stacks: 1 | Value: 0.120 | Remaining Turns: 1 | TickDown: SUP2, PERM | Target: SUP2 | Affects: ['ALL']
        LushakaERR | ERR% | Stacks: 1 | Value: 0.050 | Remaining Turns: 1 | TickDown: SUP2, PERM | Target: SUP2 | Affects: ['ALL']
        MortenaxBladeTraceCR | CR% | Stacks: 1 | Value: 0.120 | Remaining Turns: 1 | TickDown: SUP2, PERM | Target: SUP2 | Affects: ['ALL']
        MortenaxBladeTraceHP | HP% | Stacks: 1 | Value: 0.100 | Remaining Turns: 1 | TickDown: SUP2, PERM | Target: SUP2 | Affects: ['ALL']
        MortenaxBladeTraceDMG | DMG% | Stacks: 1 | Value: 0.224 | Remaining Turns: 1 | TickDown: SUP2, PERM | Target: SUP2 | Affects: ['ALL']
        KeelCD(SUS) | CD% | Stacks: 1 | Value: 0.100 | Remaining Turns: 1 | TickDown: SUP2, PERM | Target: SUP2 | Affects: ['ALL']
        MasterSmithCD | CD% | Stacks: 1 | Value: 0.280 | Remaining Turns: 1 | TickDown: SUP2, PERM | Target: SUP2 | Affects: ['ALL']
        MasterSmithComburent | DMG% | Stacks: 1 | Value: 0.150 | Remaining Turns: 2 | TickDown: SUP2, END | Target: SUP2 | Affects: ['ALL']
        MortenaxBladeCRBoost | CR% | Stacks: 1 | Value: 0.200 | Remaining Turns: 1 | TickDown: SUP2, PERM | Target: SUP2 | Affects: ['ALL']
        MortenaxBladeCDBoost | CD% | Stacks: 1 | Value: 0.600 | Remaining Turns: 1 | TickDown: SUP2, PERM | Target: SUP2 | Affects: ['ALL']
        MortenaxBladeDMGReduction | DMG_REDUCTION | Stacks: 1 | Value: 0.500 | Remaining Turns: 1 | TickDown: SUP2, PERM | Target: SUP2 | Affects: ['ALL']
        MortenaxBladeDMGBoost | DMG% | Stacks: 1 | Value: 0.500 | Remaining Turns: 1 | TickDown: SUP2, PERM | Target: SUP2 | Affects: ['ALL']
        MortenaxBladeDMG | DMG% | Stacks: 1 | Value: 0.750 | Remaining Turns: 1 | TickDown: SUP2, PERM | Target: SUP2 | Affects: ['ALL']
        WarriorGoddessHealCD | CD% | Stacks: 1 | Value: 0.150 | Remaining Turns: 2 | TickDown: SUP2, START | Target: SUP2 | Affects: ['ALL']
        ConvergingStarsCD | CD% | Stacks: 1 | Value: 0.120 | Remaining Turns: 1 | TickDown: SUP2, PERM | Target: SUP2 | Affects: ['ALL']
        TutorialERR | ERR_T | Stacks: 1 | Value: 8.000 | Remaining Turns: 1 | TickDown: SUP2, START | Target: SUP2 | Affects: ['ALL']
        ----------End of Buff List----------

        ----------Enemy Debuffs----------
        AshveilBaitShred | From: SUP1 | SHRED | Stacks: 1 | Value: 0.400 | Remaining Turns: 993 | Target: 1 | Targeting: ST | Affects: ['ALL'] | DOT: False | Blast: False
        MortenaxBladeUltVul | From: SUP2 | VULN | Stacks: 1 | Value: 0.500 | Remaining Turns: 2 | Target: 1 | Targeting: ST | Affects: ['ALL'] | DOT: False | Blast: False
        MortenaxBladeUltShred | From: SUP2 | SHRED | Stacks: 1 | Value: 0.300 | Remaining Turns: 2 | Target: 1 | Targeting: ST | Affects: ['ALL'] | DOT: False | Blast: False
        Enemy 1 LNG-break | From: DPS | SHOCK | Stacks: 1 | Value: 8414.001 | Remaining Turns: 2 | Target: 1 | Targeting: ST | Affects: ['ALL'] | DOT: True | Blast: False
        ----------End of Debuff List----------
        ----------Healing List----------
        ----------End of Healing List----------
    GAUGE  - Enemy 1 toughness reduced by 0.000
    RESULT - MortenaxBladeBounceFUA | MortenaxBlade | SUP2 | DMG: 12173.041 | ELADMG: 0.000 | Enemies Hit: [1] | Enemies Broken: [] | WB DMG: 0.000 | Energy: 0.000 | Amount HP Healed: 0.000 | Amount HP Lost: 0.000 | MortenaxBlade Energy: 66/160 | SP: 0 | MaxSP: 5)
ERR    > 8.000 energy added to Ashveil from AshveilTalentEnergy28 | Ashveil Energy: 125.333
ERR    > 9.955 energy added to MortenaxBlade from TutorialERR | MortenaxBlade Energy: 75.908
SPD    > Gilgamesh speed changed to 130.700 | NewAV: 62.202
AV     > HuoHuo AV reset to 62.308 | 160.492 SPD

<<< NEW TURN >>>
-   MortenaxBlade AV: 0.000 ENERGY: 75.908 MaxHP: 4869.135 CurrHp 3865.117
-   Ashveil AV: 0.080 ENERGY: 125.333 MaxHP: 2729.320 CurrHp 2729.320
-   Enemy 0 AV: 3.208 ENERGY: 0.000 MaxHP: 2000000.000 CurrHp 1594528.251
-   Enemy 1 AV: 20.594 ENERGY: 0.000 MaxHP: 5000000.000 CurrHp 4914788.713
-   Gilgamesh AV: 47.010 ENERGY: 169.667 MaxHP: 3134.558 CurrHp 3134.558
-   HuoHuo AV: 47.116 ENERGY: 138.600 MaxHP: 6139.808 CurrHp 6139.808
-   Enemy 2 AV: 60.901 ENERGY: 0.000 MaxHP: 2000000.000 CurrHp 651728.238
-   InfiniteFury AV: 78.354 ENERGY: 0.000 MaxHP: 0.000 CurrHp 0.000

Combat context set: 3 enemies, 4 players
Combat context initialized: 3 enemies, Elation team size: 0
ACTION > [CHAR] TotalAV: 516.022 | TurnAV: 15.192 | MortenaxBlade | E-move
MortenaxBlade has obtained 1 Charge. Current Charge count: 3.
    TURN   - MortenaxBladeAOESkill | MortenaxBlade | SUP2 | AOE attack | ['FIR'] | ['SKL'] | Scaling: HP | TargetID: 1 | DMG/BREAK Splits: [0.72, 0]/[10, 0] | Energy Gained: 30 | SP Change: 0

        ----------Char Buffs----------
        GilgameshTrace3ATK | ATK% | Stacks: 1 | Value: 0.200 | Remaining Turns: 1 | TickDown: SUP2, PERM | Target: SUP2 | Affects: ['ALL']
        GilgameshTrace3CD | CD% | Stacks: 1 | Value: 0.200 | Remaining Turns: 1 | TickDown: SUP2, PERM | Target: SUP2 | Affects: ['ALL']
        AshveilTrace3CD | CD% | Stacks: 1 | Value: 0.400 | Remaining Turns: 1 | TickDown: SUP1, PERM | Target: SUP2 | Affects: ['ALL']
        TutorialEHR | EHR% | Stacks: 1 | Value: 0.400 | Remaining Turns: 1 | TickDown: SUP2, PERM | Target: SUP2 | Affects: ['ALL']
        MasterSmithHP | HP% | Stacks: 1 | Value: 0.120 | Remaining Turns: 1 | TickDown: SUP2, PERM | Target: SUP2 | Affects: ['ALL']
        LushakaERR | ERR% | Stacks: 1 | Value: 0.050 | Remaining Turns: 1 | TickDown: SUP2, PERM | Target: SUP2 | Affects: ['ALL']
        MortenaxBladeTraceCR | CR% | Stacks: 1 | Value: 0.120 | Remaining Turns: 1 | TickDown: SUP2, PERM | Target: SUP2 | Affects: ['ALL']
        MortenaxBladeTraceHP | HP% | Stacks: 1 | Value: 0.100 | Remaining Turns: 1 | TickDown: SUP2, PERM | Target: SUP2 | Affects: ['ALL']
        MortenaxBladeTraceDMG | DMG% | Stacks: 1 | Value: 0.224 | Remaining Turns: 1 | TickDown: SUP2, PERM | Target: SUP2 | Affects: ['ALL']
        KeelCD(SUS) | CD% | Stacks: 1 | Value: 0.100 | Remaining Turns: 1 | TickDown: SUP2, PERM | Target: SUP2 | Affects: ['ALL']
        MasterSmithCD | CD% | Stacks: 1 | Value: 0.280 | Remaining Turns: 1 | TickDown: SUP2, PERM | Target: SUP2 | Affects: ['ALL']
        MasterSmithComburent | DMG% | Stacks: 1 | Value: 0.150 | Remaining Turns: 2 | TickDown: SUP2, END | Target: SUP2 | Affects: ['ALL']
        MortenaxBladeCRBoost | CR% | Stacks: 1 | Value: 0.200 | Remaining Turns: 1 | TickDown: SUP2, PERM | Target: SUP2 | Affects: ['ALL']
        MortenaxBladeCDBoost | CD% | Stacks: 1 | Value: 0.600 | Remaining Turns: 1 | TickDown: SUP2, PERM | Target: SUP2 | Affects: ['ALL']
        MortenaxBladeDMGReduction | DMG_REDUCTION | Stacks: 1 | Value: 0.500 | Remaining Turns: 1 | TickDown: SUP2, PERM | Target: SUP2 | Affects: ['ALL']
        MortenaxBladeDMGBoost | DMG% | Stacks: 1 | Value: 0.500 | Remaining Turns: 1 | TickDown: SUP2, PERM | Target: SUP2 | Affects: ['ALL']
        MortenaxBladeDMG | DMG% | Stacks: 1 | Value: 0.750 | Remaining Turns: 1 | TickDown: SUP2, PERM | Target: SUP2 | Affects: ['ALL']
        WarriorGoddessHealCD | CD% | Stacks: 1 | Value: 0.150 | Remaining Turns: 1 | TickDown: SUP2, START | Target: SUP2 | Affects: ['ALL']
        ConvergingStarsCD | CD% | Stacks: 1 | Value: 0.120 | Remaining Turns: 1 | TickDown: SUP2, PERM | Target: SUP2 | Affects: ['ALL']
        ----------End of Buff List----------

        ----------Enemy Debuffs----------
        AshveilBaitShred | From: SUP1 | SHRED | Stacks: 1 | Value: 0.400 | Remaining Turns: 993 | Target: 1 | Targeting: ST | Affects: ['ALL'] | DOT: False | Blast: False
        MortenaxBladeUltVul | From: SUP2 | VULN | Stacks: 1 | Value: 0.500 | Remaining Turns: 2 | Target: 1 | Targeting: ST | Affects: ['ALL'] | DOT: False | Blast: False
        MortenaxBladeUltShred | From: SUP2 | SHRED | Stacks: 1 | Value: 0.300 | Remaining Turns: 2 | Target: 1 | Targeting: ST | Affects: ['ALL'] | DOT: False | Blast: False
        Enemy 1 LNG-break | From: DPS | SHOCK | Stacks: 1 | Value: 8414.001 | Remaining Turns: 2 | Target: 1 | Targeting: ST | Affects: ['ALL'] | DOT: True | Blast: False
        ----------End of Debuff List----------
        ----------Healing List----------
        ----------End of Healing List----------
    GAUGE  - Enemy 0 toughness reduced by 0.000
    GAUGE  - Enemy 1 toughness reduced by 0.000
    GAUGE  - Enemy 2 toughness reduced by 0.000
    RESULT - MortenaxBladeAOESkill | MortenaxBlade | SUP2 | DMG: 84133.645 | ELADMG: 0.000 | Enemies Hit: [0, 1, 2] | Enemies Broken: [] | WB DMG: 0.000 | Energy: 37.332 | Amount HP Healed: 0.000 | Amount HP Lost: 0.000 | MortenaxBlade Energy: 113/160 | SP: 0 | MaxSP: 5)
Gilgamesh Obtained 1 Interest from Teammate, Current count: 4
    TURN   - MortenaxBladeBounceSkill | MortenaxBlade | SUP2 | ST attack | ['FIR'] | ['SKL'] | Scaling: HP | TargetID: 1 | DMG/BREAK Splits: [0.24, 0]/[5, 0] | Energy Gained: 0 | SP Change: 0

        ----------Char Buffs----------
        GilgameshTrace3ATK | ATK% | Stacks: 1 | Value: 0.200 | Remaining Turns: 1 | TickDown: SUP2, PERM | Target: SUP2 | Affects: ['ALL']
        GilgameshTrace3CD | CD% | Stacks: 1 | Value: 0.200 | Remaining Turns: 1 | TickDown: SUP2, PERM | Target: SUP2 | Affects: ['ALL']
        AshveilTrace3CD | CD% | Stacks: 1 | Value: 0.400 | Remaining Turns: 1 | TickDown: SUP1, PERM | Target: SUP2 | Affects: ['ALL']
        TutorialEHR | EHR% | Stacks: 1 | Value: 0.400 | Remaining Turns: 1 | TickDown: SUP2, PERM | Target: SUP2 | Affects: ['ALL']
        MasterSmithHP | HP% | Stacks: 1 | Value: 0.120 | Remaining Turns: 1 | TickDown: SUP2, PERM | Target: SUP2 | Affects: ['ALL']
        LushakaERR | ERR% | Stacks: 1 | Value: 0.050 | Remaining Turns: 1 | TickDown: SUP2, PERM | Target: SUP2 | Affects: ['ALL']
        MortenaxBladeTraceCR | CR% | Stacks: 1 | Value: 0.120 | Remaining Turns: 1 | TickDown: SUP2, PERM | Target: SUP2 | Affects: ['ALL']
        MortenaxBladeTraceHP | HP% | Stacks: 1 | Value: 0.100 | Remaining Turns: 1 | TickDown: SUP2, PERM | Target: SUP2 | Affects: ['ALL']
        MortenaxBladeTraceDMG | DMG% | Stacks: 1 | Value: 0.224 | Remaining Turns: 1 | TickDown: SUP2, PERM | Target: SUP2 | Affects: ['ALL']
        KeelCD(SUS) | CD% | Stacks: 1 | Value: 0.100 | Remaining Turns: 1 | TickDown: SUP2, PERM | Target: SUP2 | Affects: ['ALL']
        MasterSmithCD | CD% | Stacks: 1 | Value: 0.280 | Remaining Turns: 1 | TickDown: SUP2, PERM | Target: SUP2 | Affects: ['ALL']
        MasterSmithComburent | DMG% | Stacks: 1 | Value: 0.150 | Remaining Turns: 2 | TickDown: SUP2, END | Target: SUP2 | Affects: ['ALL']
        MortenaxBladeCRBoost | CR% | Stacks: 1 | Value: 0.200 | Remaining Turns: 1 | TickDown: SUP2, PERM | Target: SUP2 | Affects: ['ALL']
        MortenaxBladeCDBoost | CD% | Stacks: 1 | Value: 0.600 | Remaining Turns: 1 | TickDown: SUP2, PERM | Target: SUP2 | Affects: ['ALL']
        MortenaxBladeDMGReduction | DMG_REDUCTION | Stacks: 1 | Value: 0.500 | Remaining Turns: 1 | TickDown: SUP2, PERM | Target: SUP2 | Affects: ['ALL']
        MortenaxBladeDMGBoost | DMG% | Stacks: 1 | Value: 0.500 | Remaining Turns: 1 | TickDown: SUP2, PERM | Target: SUP2 | Affects: ['ALL']
        MortenaxBladeDMG | DMG% | Stacks: 1 | Value: 0.750 | Remaining Turns: 1 | TickDown: SUP2, PERM | Target: SUP2 | Affects: ['ALL']
        WarriorGoddessHealCD | CD% | Stacks: 1 | Value: 0.150 | Remaining Turns: 1 | TickDown: SUP2, START | Target: SUP2 | Affects: ['ALL']
        ConvergingStarsCD | CD% | Stacks: 1 | Value: 0.120 | Remaining Turns: 1 | TickDown: SUP2, PERM | Target: SUP2 | Affects: ['ALL']
        TutorialERR | ERR_T | Stacks: 1 | Value: 8.000 | Remaining Turns: 1 | TickDown: SUP2, START | Target: SUP2 | Affects: ['ALL']
        ----------End of Buff List----------

        ----------Enemy Debuffs----------
        AshveilBaitShred | From: SUP1 | SHRED | Stacks: 1 | Value: 0.400 | Remaining Turns: 993 | Target: 1 | Targeting: ST | Affects: ['ALL'] | DOT: False | Blast: False
        MortenaxBladeUltVul | From: SUP2 | VULN | Stacks: 1 | Value: 0.500 | Remaining Turns: 2 | Target: 1 | Targeting: ST | Affects: ['ALL'] | DOT: False | Blast: False
        MortenaxBladeUltShred | From: SUP2 | SHRED | Stacks: 1 | Value: 0.300 | Remaining Turns: 2 | Target: 1 | Targeting: ST | Affects: ['ALL'] | DOT: False | Blast: False
        Enemy 1 LNG-break | From: DPS | SHOCK | Stacks: 1 | Value: 8414.001 | Remaining Turns: 2 | Target: 1 | Targeting: ST | Affects: ['ALL'] | DOT: True | Blast: False
        ----------End of Debuff List----------
        ----------Healing List----------
        HuoHuoTalentHealingScaling | Targeting: Targeting.SINGLE | Healing Value: [0] | Target: ALL
        HuoHuoTalentHealingScaling | Targeting: Targeting.SINGLE | Healing Value: [0.045] | Target: ALL
        HuoHuoTalentHealingScaling | Targeting: Targeting.SINGLE | Healing Value: [0] | Target: ALL
        HuoHuoTalentHealingScaling | Targeting: Targeting.SINGLE | Healing Value: [0] | Target: ALL
        HuoHuoTalentHealingFlat | Targeting: Targeting.SINGLE | Healing Value: [0] | Target: ALL
        HuoHuoTalentHealingFlat | Targeting: Targeting.SINGLE | Healing Value: [120] | Target: ALL
        HuoHuoTalentHealingFlat | Targeting: Targeting.SINGLE | Healing Value: [0] | Target: ALL
        HuoHuoTalentHealingFlat | Targeting: Targeting.SINGLE | Healing Value: [0] | Target: ALL
        ----------End of Healing List----------
    GAUGE  - Enemy 1 toughness reduced by 0.000
    RESULT - MortenaxBladeBounceSkill | MortenaxBlade | SUP2 | DMG: 10015.910 | ELADMG: 0.000 | Enemies Hit: [1] | Enemies Broken: [] | WB DMG: 0.000 | Energy: 0.000 | Amount HP Healed: 371.779 | Amount HP Lost: 0.000 | MortenaxBlade Energy: 113/160 | SP: 0 | MaxSP: 5)
    TURN   - MortenaxBladeBounceSkill | MortenaxBlade | SUP2 | ST attack | ['FIR'] | ['SKL'] | Scaling: HP | TargetID: 1 | DMG/BREAK Splits: [0.24, 0]/[5, 0] | Energy Gained: 0 | SP Change: 0

        ----------Char Buffs----------
        GilgameshTrace3ATK | ATK% | Stacks: 1 | Value: 0.200 | Remaining Turns: 1 | TickDown: SUP2, PERM | Target: SUP2 | Affects: ['ALL']
        GilgameshTrace3CD | CD% | Stacks: 1 | Value: 0.200 | Remaining Turns: 1 | TickDown: SUP2, PERM | Target: SUP2 | Affects: ['ALL']
        AshveilTrace3CD | CD% | Stacks: 1 | Value: 0.400 | Remaining Turns: 1 | TickDown: SUP1, PERM | Target: SUP2 | Affects: ['ALL']
        TutorialEHR | EHR% | Stacks: 1 | Value: 0.400 | Remaining Turns: 1 | TickDown: SUP2, PERM | Target: SUP2 | Affects: ['ALL']
        MasterSmithHP | HP% | Stacks: 1 | Value: 0.120 | Remaining Turns: 1 | TickDown: SUP2, PERM | Target: SUP2 | Affects: ['ALL']
        LushakaERR | ERR% | Stacks: 1 | Value: 0.050 | Remaining Turns: 1 | TickDown: SUP2, PERM | Target: SUP2 | Affects: ['ALL']
        MortenaxBladeTraceCR | CR% | Stacks: 1 | Value: 0.120 | Remaining Turns: 1 | TickDown: SUP2, PERM | Target: SUP2 | Affects: ['ALL']
        MortenaxBladeTraceHP | HP% | Stacks: 1 | Value: 0.100 | Remaining Turns: 1 | TickDown: SUP2, PERM | Target: SUP2 | Affects: ['ALL']
        MortenaxBladeTraceDMG | DMG% | Stacks: 1 | Value: 0.224 | Remaining Turns: 1 | TickDown: SUP2, PERM | Target: SUP2 | Affects: ['ALL']
        KeelCD(SUS) | CD% | Stacks: 1 | Value: 0.100 | Remaining Turns: 1 | TickDown: SUP2, PERM | Target: SUP2 | Affects: ['ALL']
        MasterSmithCD | CD% | Stacks: 1 | Value: 0.280 | Remaining Turns: 1 | TickDown: SUP2, PERM | Target: SUP2 | Affects: ['ALL']
        MasterSmithComburent | DMG% | Stacks: 1 | Value: 0.150 | Remaining Turns: 2 | TickDown: SUP2, END | Target: SUP2 | Affects: ['ALL']
        MortenaxBladeCRBoost | CR% | Stacks: 1 | Value: 0.200 | Remaining Turns: 1 | TickDown: SUP2, PERM | Target: SUP2 | Affects: ['ALL']
        MortenaxBladeCDBoost | CD% | Stacks: 1 | Value: 0.600 | Remaining Turns: 1 | TickDown: SUP2, PERM | Target: SUP2 | Affects: ['ALL']
        MortenaxBladeDMGReduction | DMG_REDUCTION | Stacks: 1 | Value: 0.500 | Remaining Turns: 1 | TickDown: SUP2, PERM | Target: SUP2 | Affects: ['ALL']
        MortenaxBladeDMGBoost | DMG% | Stacks: 1 | Value: 0.500 | Remaining Turns: 1 | TickDown: SUP2, PERM | Target: SUP2 | Affects: ['ALL']
        MortenaxBladeDMG | DMG% | Stacks: 1 | Value: 0.750 | Remaining Turns: 1 | TickDown: SUP2, PERM | Target: SUP2 | Affects: ['ALL']
        WarriorGoddessHealCD | CD% | Stacks: 1 | Value: 0.150 | Remaining Turns: 1 | TickDown: SUP2, START | Target: SUP2 | Affects: ['ALL']
        ConvergingStarsCD | CD% | Stacks: 1 | Value: 0.120 | Remaining Turns: 1 | TickDown: SUP2, PERM | Target: SUP2 | Affects: ['ALL']
        TutorialERR | ERR_T | Stacks: 1 | Value: 8.000 | Remaining Turns: 1 | TickDown: SUP2, START | Target: SUP2 | Affects: ['ALL']
        ----------End of Buff List----------

        ----------Enemy Debuffs----------
        AshveilBaitShred | From: SUP1 | SHRED | Stacks: 1 | Value: 0.400 | Remaining Turns: 993 | Target: 1 | Targeting: ST | Affects: ['ALL'] | DOT: False | Blast: False
        MortenaxBladeUltVul | From: SUP2 | VULN | Stacks: 1 | Value: 0.500 | Remaining Turns: 2 | Target: 1 | Targeting: ST | Affects: ['ALL'] | DOT: False | Blast: False
        MortenaxBladeUltShred | From: SUP2 | SHRED | Stacks: 1 | Value: 0.300 | Remaining Turns: 2 | Target: 1 | Targeting: ST | Affects: ['ALL'] | DOT: False | Blast: False
        Enemy 1 LNG-break | From: DPS | SHOCK | Stacks: 1 | Value: 8414.001 | Remaining Turns: 2 | Target: 1 | Targeting: ST | Affects: ['ALL'] | DOT: True | Blast: False
        ----------End of Debuff List----------
        ----------Healing List----------
        ----------End of Healing List----------
    GAUGE  - Enemy 1 toughness reduced by 0.000
    RESULT - MortenaxBladeBounceSkill | MortenaxBlade | SUP2 | DMG: 10015.910 | ELADMG: 0.000 | Enemies Hit: [1] | Enemies Broken: [] | WB DMG: 0.000 | Energy: 0.000 | Amount HP Healed: 0.000 | Amount HP Lost: 0.000 | MortenaxBlade Energy: 113/160 | SP: 0 | MaxSP: 5)
    TURN   - MortenaxBladeBounceSkill | MortenaxBlade | SUP2 | ST attack | ['FIR'] | ['SKL'] | Scaling: HP | TargetID: 1 | DMG/BREAK Splits: [0.24, 0]/[5, 0] | Energy Gained: 0 | SP Change: 0

        ----------Char Buffs----------
        GilgameshTrace3ATK | ATK% | Stacks: 1 | Value: 0.200 | Remaining Turns: 1 | TickDown: SUP2, PERM | Target: SUP2 | Affects: ['ALL']
        GilgameshTrace3CD | CD% | Stacks: 1 | Value: 0.200 | Remaining Turns: 1 | TickDown: SUP2, PERM | Target: SUP2 | Affects: ['ALL']
        AshveilTrace3CD | CD% | Stacks: 1 | Value: 0.400 | Remaining Turns: 1 | TickDown: SUP1, PERM | Target: SUP2 | Affects: ['ALL']
        TutorialEHR | EHR% | Stacks: 1 | Value: 0.400 | Remaining Turns: 1 | TickDown: SUP2, PERM | Target: SUP2 | Affects: ['ALL']
        MasterSmithHP | HP% | Stacks: 1 | Value: 0.120 | Remaining Turns: 1 | TickDown: SUP2, PERM | Target: SUP2 | Affects: ['ALL']
        LushakaERR | ERR% | Stacks: 1 | Value: 0.050 | Remaining Turns: 1 | TickDown: SUP2, PERM | Target: SUP2 | Affects: ['ALL']
        MortenaxBladeTraceCR | CR% | Stacks: 1 | Value: 0.120 | Remaining Turns: 1 | TickDown: SUP2, PERM | Target: SUP2 | Affects: ['ALL']
        MortenaxBladeTraceHP | HP% | Stacks: 1 | Value: 0.100 | Remaining Turns: 1 | TickDown: SUP2, PERM | Target: SUP2 | Affects: ['ALL']
        MortenaxBladeTraceDMG | DMG% | Stacks: 1 | Value: 0.224 | Remaining Turns: 1 | TickDown: SUP2, PERM | Target: SUP2 | Affects: ['ALL']
        KeelCD(SUS) | CD% | Stacks: 1 | Value: 0.100 | Remaining Turns: 1 | TickDown: SUP2, PERM | Target: SUP2 | Affects: ['ALL']
        MasterSmithCD | CD% | Stacks: 1 | Value: 0.280 | Remaining Turns: 1 | TickDown: SUP2, PERM | Target: SUP2 | Affects: ['ALL']
        MasterSmithComburent | DMG% | Stacks: 1 | Value: 0.150 | Remaining Turns: 2 | TickDown: SUP2, END | Target: SUP2 | Affects: ['ALL']
        MortenaxBladeCRBoost | CR% | Stacks: 1 | Value: 0.200 | Remaining Turns: 1 | TickDown: SUP2, PERM | Target: SUP2 | Affects: ['ALL']
        MortenaxBladeCDBoost | CD% | Stacks: 1 | Value: 0.600 | Remaining Turns: 1 | TickDown: SUP2, PERM | Target: SUP2 | Affects: ['ALL']
        MortenaxBladeDMGReduction | DMG_REDUCTION | Stacks: 1 | Value: 0.500 | Remaining Turns: 1 | TickDown: SUP2, PERM | Target: SUP2 | Affects: ['ALL']
        MortenaxBladeDMGBoost | DMG% | Stacks: 1 | Value: 0.500 | Remaining Turns: 1 | TickDown: SUP2, PERM | Target: SUP2 | Affects: ['ALL']
        MortenaxBladeDMG | DMG% | Stacks: 1 | Value: 0.750 | Remaining Turns: 1 | TickDown: SUP2, PERM | Target: SUP2 | Affects: ['ALL']
        WarriorGoddessHealCD | CD% | Stacks: 1 | Value: 0.150 | Remaining Turns: 1 | TickDown: SUP2, START | Target: SUP2 | Affects: ['ALL']
        ConvergingStarsCD | CD% | Stacks: 1 | Value: 0.120 | Remaining Turns: 1 | TickDown: SUP2, PERM | Target: SUP2 | Affects: ['ALL']
        TutorialERR | ERR_T | Stacks: 1 | Value: 8.000 | Remaining Turns: 1 | TickDown: SUP2, START | Target: SUP2 | Affects: ['ALL']
        ----------End of Buff List----------

        ----------Enemy Debuffs----------
        AshveilBaitShred | From: SUP1 | SHRED | Stacks: 1 | Value: 0.400 | Remaining Turns: 993 | Target: 1 | Targeting: ST | Affects: ['ALL'] | DOT: False | Blast: False
        MortenaxBladeUltVul | From: SUP2 | VULN | Stacks: 1 | Value: 0.500 | Remaining Turns: 2 | Target: 1 | Targeting: ST | Affects: ['ALL'] | DOT: False | Blast: False
        MortenaxBladeUltShred | From: SUP2 | SHRED | Stacks: 1 | Value: 0.300 | Remaining Turns: 2 | Target: 1 | Targeting: ST | Affects: ['ALL'] | DOT: False | Blast: False
        Enemy 1 LNG-break | From: DPS | SHOCK | Stacks: 1 | Value: 8414.001 | Remaining Turns: 2 | Target: 1 | Targeting: ST | Affects: ['ALL'] | DOT: True | Blast: False
        ----------End of Debuff List----------
        ----------Healing List----------
        ----------End of Healing List----------
    GAUGE  - Enemy 1 toughness reduced by 0.000
    RESULT - MortenaxBladeBounceSkill | MortenaxBlade | SUP2 | DMG: 10015.910 | ELADMG: 0.000 | Enemies Hit: [1] | Enemies Broken: [] | WB DMG: 0.000 | Energy: 0.000 | Amount HP Healed: 0.000 | Amount HP Lost: 0.000 | MortenaxBlade Energy: 113/160 | SP: 0 | MaxSP: 5)
    TURN   - MortenaxBladeBounceSkill | MortenaxBlade | SUP2 | ST attack | ['FIR'] | ['SKL'] | Scaling: HP | TargetID: 1 | DMG/BREAK Splits: [0.24, 0]/[5, 0] | Energy Gained: 0 | SP Change: 0

        ----------Char Buffs----------
        GilgameshTrace3ATK | ATK% | Stacks: 1 | Value: 0.200 | Remaining Turns: 1 | TickDown: SUP2, PERM | Target: SUP2 | Affects: ['ALL']
        GilgameshTrace3CD | CD% | Stacks: 1 | Value: 0.200 | Remaining Turns: 1 | TickDown: SUP2, PERM | Target: SUP2 | Affects: ['ALL']
        AshveilTrace3CD | CD% | Stacks: 1 | Value: 0.400 | Remaining Turns: 1 | TickDown: SUP1, PERM | Target: SUP2 | Affects: ['ALL']
        TutorialEHR | EHR% | Stacks: 1 | Value: 0.400 | Remaining Turns: 1 | TickDown: SUP2, PERM | Target: SUP2 | Affects: ['ALL']
        MasterSmithHP | HP% | Stacks: 1 | Value: 0.120 | Remaining Turns: 1 | TickDown: SUP2, PERM | Target: SUP2 | Affects: ['ALL']
        LushakaERR | ERR% | Stacks: 1 | Value: 0.050 | Remaining Turns: 1 | TickDown: SUP2, PERM | Target: SUP2 | Affects: ['ALL']
        MortenaxBladeTraceCR | CR% | Stacks: 1 | Value: 0.120 | Remaining Turns: 1 | TickDown: SUP2, PERM | Target: SUP2 | Affects: ['ALL']
        MortenaxBladeTraceHP | HP% | Stacks: 1 | Value: 0.100 | Remaining Turns: 1 | TickDown: SUP2, PERM | Target: SUP2 | Affects: ['ALL']
        MortenaxBladeTraceDMG | DMG% | Stacks: 1 | Value: 0.224 | Remaining Turns: 1 | TickDown: SUP2, PERM | Target: SUP2 | Affects: ['ALL']
        KeelCD(SUS) | CD% | Stacks: 1 | Value: 0.100 | Remaining Turns: 1 | TickDown: SUP2, PERM | Target: SUP2 | Affects: ['ALL']
        MasterSmithCD | CD% | Stacks: 1 | Value: 0.280 | Remaining Turns: 1 | TickDown: SUP2, PERM | Target: SUP2 | Affects: ['ALL']
        MasterSmithComburent | DMG% | Stacks: 1 | Value: 0.150 | Remaining Turns: 2 | TickDown: SUP2, END | Target: SUP2 | Affects: ['ALL']
        MortenaxBladeCRBoost | CR% | Stacks: 1 | Value: 0.200 | Remaining Turns: 1 | TickDown: SUP2, PERM | Target: SUP2 | Affects: ['ALL']
        MortenaxBladeCDBoost | CD% | Stacks: 1 | Value: 0.600 | Remaining Turns: 1 | TickDown: SUP2, PERM | Target: SUP2 | Affects: ['ALL']
        MortenaxBladeDMGReduction | DMG_REDUCTION | Stacks: 1 | Value: 0.500 | Remaining Turns: 1 | TickDown: SUP2, PERM | Target: SUP2 | Affects: ['ALL']
        MortenaxBladeDMGBoost | DMG% | Stacks: 1 | Value: 0.500 | Remaining Turns: 1 | TickDown: SUP2, PERM | Target: SUP2 | Affects: ['ALL']
        MortenaxBladeDMG | DMG% | Stacks: 1 | Value: 0.750 | Remaining Turns: 1 | TickDown: SUP2, PERM | Target: SUP2 | Affects: ['ALL']
        WarriorGoddessHealCD | CD% | Stacks: 1 | Value: 0.150 | Remaining Turns: 1 | TickDown: SUP2, START | Target: SUP2 | Affects: ['ALL']
        ConvergingStarsCD | CD% | Stacks: 1 | Value: 0.120 | Remaining Turns: 1 | TickDown: SUP2, PERM | Target: SUP2 | Affects: ['ALL']
        TutorialERR | ERR_T | Stacks: 1 | Value: 8.000 | Remaining Turns: 1 | TickDown: SUP2, START | Target: SUP2 | Affects: ['ALL']
        ----------End of Buff List----------

        ----------Enemy Debuffs----------
        AshveilBaitShred | From: SUP1 | SHRED | Stacks: 1 | Value: 0.400 | Remaining Turns: 993 | Target: 1 | Targeting: ST | Affects: ['ALL'] | DOT: False | Blast: False
        MortenaxBladeUltVul | From: SUP2 | VULN | Stacks: 1 | Value: 0.500 | Remaining Turns: 2 | Target: 1 | Targeting: ST | Affects: ['ALL'] | DOT: False | Blast: False
        MortenaxBladeUltShred | From: SUP2 | SHRED | Stacks: 1 | Value: 0.300 | Remaining Turns: 2 | Target: 1 | Targeting: ST | Affects: ['ALL'] | DOT: False | Blast: False
        Enemy 1 LNG-break | From: DPS | SHOCK | Stacks: 1 | Value: 8414.001 | Remaining Turns: 2 | Target: 1 | Targeting: ST | Affects: ['ALL'] | DOT: True | Blast: False
        ----------End of Debuff List----------
        ----------Healing List----------
        ----------End of Healing List----------
    GAUGE  - Enemy 1 toughness reduced by 0.000
    RESULT - MortenaxBladeBounceSkill | MortenaxBlade | SUP2 | DMG: 10015.910 | ELADMG: 0.000 | Enemies Hit: [1] | Enemies Broken: [] | WB DMG: 0.000 | Energy: 0.000 | Amount HP Healed: 0.000 | Amount HP Lost: 0.000 | MortenaxBlade Energy: 113/160 | SP: 0 | MaxSP: 5)
    TURN   - HuoHuoAllyERR | HuoHuo | SUS | NA attack | ['WIN'] | ['SPECIAL'] | Scaling: HP | TargetID: 1 | DMG/BREAK Splits: [0, 0]/[0, 0] | Energy Gained: 1 | SP Change: 0

        ----------Char Buffs----------
        GilgameshTrace3ATK | ATK% | Stacks: 1 | Value: 0.200 | Remaining Turns: 1 | TickDown: SUS, PERM | Target: SUS | Affects: ['ALL']
        GilgameshTrace3CD | CD% | Stacks: 1 | Value: 0.200 | Remaining Turns: 1 | TickDown: SUS, PERM | Target: SUS | Affects: ['ALL']
        AshveilTrace3CD | CD% | Stacks: 1 | Value: 0.400 | Remaining Turns: 1 | TickDown: SUP1, PERM | Target: SUS | Affects: ['ALL']
        PostOpERR | ERR% | Stacks: 1 | Value: 0.160 | Remaining Turns: 1 | TickDown: SUS, PERM | Target: SUS | Affects: ['ALL']
        WarriorGoddessSPD | SPD% | Stacks: 1 | Value: 0.060 | Remaining Turns: 1 | TickDown: SUS, PERM | Target: SUS | Affects: ['ALL']
        KeelEFFRES | ERS% | Stacks: 1 | Value: 0.100 | Remaining Turns: 1 | TickDown: SUS, PERM | Target: SUS | Affects: ['ALL']
        KeelCD(SUS) | CD% | Stacks: 1 | Value: 0.100 | Remaining Turns: 1 | TickDown: SUS, PERM | Target: SUS | Affects: ['ALL']
        HHTraceHP | HP% | Stacks: 1 | Value: 0.280 | Remaining Turns: 1 | TickDown: SUS, PERM | Target: SUS | Affects: ['ALL']
        HHTraceERS | ERS% | Stacks: 1 | Value: 0.180 | Remaining Turns: 1 | TickDown: SUS, PERM | Target: SUS | Affects: ['ALL']
        HHTraceSPD | SPD | Stacks: 1 | Value: 5.000 | Remaining Turns: 1 | TickDown: SUS, PERM | Target: SUS | Affects: ['ALL']
        MasterSmithComburent | DMG% | Stacks: 1 | Value: 0.150 | Remaining Turns: 2 | TickDown: SUS, END | Target: SUS | Affects: ['ALL']
        MortenaxBladeDMGBoost | DMG% | Stacks: 1 | Value: 0.500 | Remaining Turns: 1 | TickDown: SUS, PERM | Target: SUS | Affects: ['ALL']
        WarriorGoddessHealSPD | SPD% | Stacks: 1 | Value: 0.060 | Remaining Turns: 2 | TickDown: SUS, START | Target: SUS | Affects: ['ALL']
        WarriorGoddessHealCD | CD% | Stacks: 1 | Value: 0.150 | Remaining Turns: 2 | TickDown: SUS, START | Target: SUS | Affects: ['ALL']
        ConvergingStarsCD | CD% | Stacks: 1 | Value: 0.120 | Remaining Turns: 1 | TickDown: SUS, PERM | Target: SUS | Affects: ['ALL']
        ----------End of Buff List----------

        ----------Enemy Debuffs----------
        AshveilBaitShred | From: SUP1 | SHRED | Stacks: 1 | Value: 0.400 | Remaining Turns: 993 | Target: 1 | Targeting: ST | Affects: ['ALL'] | DOT: False | Blast: False
        MortenaxBladeUltVul | From: SUP2 | VULN | Stacks: 1 | Value: 0.500 | Remaining Turns: 2 | Target: 1 | Targeting: ST | Affects: ['ALL'] | DOT: False | Blast: False
        MortenaxBladeUltShred | From: SUP2 | SHRED | Stacks: 1 | Value: 0.300 | Remaining Turns: 2 | Target: 1 | Targeting: ST | Affects: ['ALL'] | DOT: False | Blast: False
        Enemy 1 LNG-break | From: DPS | SHOCK | Stacks: 1 | Value: 8414.001 | Remaining Turns: 2 | Target: 1 | Targeting: ST | Affects: ['ALL'] | DOT: True | Blast: False
        ----------End of Debuff List----------
        ----------Healing List----------
        ----------End of Healing List----------
    GAUGE  - Enemy 1 toughness reduced by 0.000
    RESULT - HuoHuoAllyERR | HuoHuo | SUS | DMG: 0.000 | ELADMG: 0.000 | Enemies Hit: [1] | Enemies Broken: [] | WB DMG: 0.000 | Energy: 1.354 | Amount HP Healed: 0.000 | Amount HP Lost: 0.000 | HuoHuo Energy: 140/140 | SP: 0 | MaxSP: 5)
ERR    > 8.000 energy added to Ashveil from AshveilTalentEnergy29 | Ashveil Energy: 133.333
ERR    > 9.955 energy added to MortenaxBlade from TutorialERR | MortenaxBlade Energy: 123.195
SPD    > Gilgamesh speed changed to 140.400 | NewAV: 43.762
AV     > MortenaxBlade AV reset to 64.503 | 155.032 SPD

<<< NEW TURN >>>
-   Ashveil AV: 0.000 ENERGY: 133.333 MaxHP: 2729.320 CurrHp 2729.320
-   Enemy 0 AV: 3.128 ENERGY: 0.000 MaxHP: 2000000.000 CurrHp 1567485.293
-   Enemy 1 AV: 20.514 ENERGY: 0.000 MaxHP: 5000000.000 CurrHp 4844677.342
-   Gilgamesh AV: 43.682 ENERGY: 169.667 MaxHP: 3134.558 CurrHp 3134.558
-   HuoHuo AV: 47.036 ENERGY: 139.954 MaxHP: 6139.808 CurrHp 6139.808
-   Enemy 2 AV: 60.821 ENERGY: 0.000 MaxHP: 2000000.000 CurrHp 624685.280
-   MortenaxBlade AV: 64.423 ENERGY: 123.195 MaxHP: 4869.135 CurrHp 3378.203
-   InfiniteFury AV: 78.274 ENERGY: 0.000 MaxHP: 0.000 CurrHp 0.000

Combat context set: 3 enemies, 4 players
Combat context initialized: 3 enemies, Elation team size: 0
ACTION > [CHAR] TotalAV: 516.102 | TurnAV: 0.080 | Ashveil | E-move
        Buff CruisingLowHPCR expired
Ashveil has obtained 1 gluttony stack from Skill.
    TURN   - AshveilSkill | Ashveil | SUP1 | ST attack | ['LNG'] | ['SKL'] | Scaling: ATK | TargetID: 2 | DMG/BREAK Splits: [3.0, 0]/[20, 0] | Energy Gained: 30 | SP Change: 0

        ----------Char Buffs----------
        GilgameshTrace3ATK | ATK% | Stacks: 1 | Value: 0.200 | Remaining Turns: 1 | TickDown: SUP1, PERM | Target: SUP1 | Affects: ['ALL']
        GilgameshTrace3CD | CD% | Stacks: 1 | Value: 0.200 | Remaining Turns: 1 | TickDown: SUP1, PERM | Target: SUP1 | Affects: ['ALL']
        CruisingBaseCR | CR% | Stacks: 1 | Value: 0.160 | Remaining Turns: 1 | TickDown: SUP1, PERM | Target: SUP1 | Affects: ['ALL']
        AshveilTraceCD | CD% | Stacks: 1 | Value: 0.373 | Remaining Turns: 1 | TickDown: SUP1, PERM | Target: SUP1 | Affects: ['ALL']
        AshveilTraceATK | ATK% | Stacks: 1 | Value: 0.100 | Remaining Turns: 1 | TickDown: SUP1, PERM | Target: SUP1 | Affects: ['ALL']
        AshveilTraceDMG | DMG% | Stacks: 1 | Value: 0.144 | Remaining Turns: 1 | TickDown: SUP1, PERM | Target: SUP1 | Affects: ['ALL']
        AshveilTrace3CD | CD% | Stacks: 1 | Value: 0.400 | Remaining Turns: 1 | TickDown: SUP1, PERM | Target: SUP1 | Affects: ['ALL']
        KeelCD(SUS) | CD% | Stacks: 1 | Value: 0.100 | Remaining Turns: 1 | TickDown: SUP1, PERM | Target: SUP1 | Affects: ['ALL']
        GilgameshTrace3AllyATK | ATK% | Stacks: 1 | Value: 0.100 | Remaining Turns: 1 | TickDown: SUP1, PERM | Target: SUP1 | Affects: ['ALL']
        GilgameshTrace3AllyCD | CD% | Stacks: 1 | Value: 0.100 | Remaining Turns: 1 | TickDown: SUP1, PERM | Target: SUP1 | Affects: ['ALL']
        MasterSmithComburent | DMG% | Stacks: 1 | Value: 0.150 | Remaining Turns: 2 | TickDown: SUP1, END | Target: SUP1 | Affects: ['ALL']
        DukeATK | ATK% | Stacks: 1 | Value: 0.480 | Remaining Turns: 3 | TickDown: SUP1, END | Target: SUP1 | Affects: ['ALL']
        ConvergingStarsATK | ATK% | Stacks: 1 | Value: 0.240 | Remaining Turns: 2 | TickDown: SUP1, END | Target: SUP1 | Affects: ['ALL']
        MortenaxBladeDMGBoost | DMG% | Stacks: 1 | Value: 0.500 | Remaining Turns: 1 | TickDown: SUP1, PERM | Target: SUP1 | Affects: ['ALL']
        WarriorGoddessHealCD | CD% | Stacks: 1 | Value: 0.150 | Remaining Turns: 1 | TickDown: SUP1, START | Target: SUP1 | Affects: ['ALL']
        ConvergingStarsCD | CD% | Stacks: 1 | Value: 0.120 | Remaining Turns: 1 | TickDown: SUP1, PERM | Target: SUP1 | Affects: ['ALL']
        CruisingKillATK | ATK% | Stacks: 1 | Value: 0.400 | Remaining Turns: 2 | TickDown: SUP1, END | Target: SUP1 | Affects: ['ALL']
        ----------End of Buff List----------

        ----------Enemy Debuffs----------
        AshveilBaitShred | From: SUP1 | SHRED | Stacks: 1 | Value: 0.400 | Remaining Turns: 994 | Target: 2 | Targeting: ST | Affects: ['ALL'] | DOT: False | Blast: False
        MortenaxBladeUltVul | From: SUP2 | VULN | Stacks: 1 | Value: 0.500 | Remaining Turns: 2 | Target: 2 | Targeting: ST | Affects: ['ALL'] | DOT: False | Blast: False
        MortenaxBladeUltShred | From: SUP2 | SHRED | Stacks: 1 | Value: 0.300 | Remaining Turns: 2 | Target: 2 | Targeting: ST | Affects: ['ALL'] | DOT: False | Blast: False
        ----------End of Debuff List----------
        ----------Healing List----------
        ----------End of Healing List----------
    GAUGE  - Enemy 2 toughness reduced by 20.000
    RESULT - AshveilSkill | Ashveil | SUP1 | DMG: 87991.487 | ELADMG: 0.000 | Enemies Hit: [2] | Enemies Broken: [] | WB DMG: 0.000 | Energy: 30.000 | Amount HP Healed: 0.000 | Amount HP Lost: 0.000 | Ashveil Energy: 150/150 | SP: 0 | MaxSP: 5)
Gilgamesh Obtained 1 Interest from Teammate, Current count: 5
MortenaxBlade has obtained 1 Charge. Current Charge count: 4.
    TURN   - HuoHuoAllyERR | HuoHuo | SUS | NA attack | ['WIN'] | ['SPECIAL'] | Scaling: HP | TargetID: 1 | DMG/BREAK Splits: [0, 0]/[0, 0] | Energy Gained: 1 | SP Change: 0

        ----------Char Buffs----------
        GilgameshTrace3ATK | ATK% | Stacks: 1 | Value: 0.200 | Remaining Turns: 1 | TickDown: SUS, PERM | Target: SUS | Affects: ['ALL']
        GilgameshTrace3CD | CD% | Stacks: 1 | Value: 0.200 | Remaining Turns: 1 | TickDown: SUS, PERM | Target: SUS | Affects: ['ALL']
        AshveilTrace3CD | CD% | Stacks: 1 | Value: 0.400 | Remaining Turns: 1 | TickDown: SUP1, PERM | Target: SUS | Affects: ['ALL']
        PostOpERR | ERR% | Stacks: 1 | Value: 0.160 | Remaining Turns: 1 | TickDown: SUS, PERM | Target: SUS | Affects: ['ALL']
        WarriorGoddessSPD | SPD% | Stacks: 1 | Value: 0.060 | Remaining Turns: 1 | TickDown: SUS, PERM | Target: SUS | Affects: ['ALL']
        KeelEFFRES | ERS% | Stacks: 1 | Value: 0.100 | Remaining Turns: 1 | TickDown: SUS, PERM | Target: SUS | Affects: ['ALL']
        KeelCD(SUS) | CD% | Stacks: 1 | Value: 0.100 | Remaining Turns: 1 | TickDown: SUS, PERM | Target: SUS | Affects: ['ALL']
        HHTraceHP | HP% | Stacks: 1 | Value: 0.280 | Remaining Turns: 1 | TickDown: SUS, PERM | Target: SUS | Affects: ['ALL']
        HHTraceERS | ERS% | Stacks: 1 | Value: 0.180 | Remaining Turns: 1 | TickDown: SUS, PERM | Target: SUS | Affects: ['ALL']
        HHTraceSPD | SPD | Stacks: 1 | Value: 5.000 | Remaining Turns: 1 | TickDown: SUS, PERM | Target: SUS | Affects: ['ALL']
        MasterSmithComburent | DMG% | Stacks: 1 | Value: 0.150 | Remaining Turns: 2 | TickDown: SUS, END | Target: SUS | Affects: ['ALL']
        MortenaxBladeDMGBoost | DMG% | Stacks: 1 | Value: 0.500 | Remaining Turns: 1 | TickDown: SUS, PERM | Target: SUS | Affects: ['ALL']
        WarriorGoddessHealSPD | SPD% | Stacks: 1 | Value: 0.060 | Remaining Turns: 2 | TickDown: SUS, START | Target: SUS | Affects: ['ALL']
        WarriorGoddessHealCD | CD% | Stacks: 1 | Value: 0.150 | Remaining Turns: 2 | TickDown: SUS, START | Target: SUS | Affects: ['ALL']
        ConvergingStarsCD | CD% | Stacks: 1 | Value: 0.120 | Remaining Turns: 1 | TickDown: SUS, PERM | Target: SUS | Affects: ['ALL']
        ----------End of Buff List----------

        ----------Enemy Debuffs----------
        AshveilBaitShred | From: SUP1 | SHRED | Stacks: 1 | Value: 0.400 | Remaining Turns: 993 | Target: 1 | Targeting: ST | Affects: ['ALL'] | DOT: False | Blast: False
        MortenaxBladeUltVul | From: SUP2 | VULN | Stacks: 1 | Value: 0.500 | Remaining Turns: 2 | Target: 1 | Targeting: ST | Affects: ['ALL'] | DOT: False | Blast: False
        MortenaxBladeUltShred | From: SUP2 | SHRED | Stacks: 1 | Value: 0.300 | Remaining Turns: 2 | Target: 1 | Targeting: ST | Affects: ['ALL'] | DOT: False | Blast: False
        Enemy 1 LNG-break | From: DPS | SHOCK | Stacks: 1 | Value: 8414.001 | Remaining Turns: 2 | Target: 1 | Targeting: ST | Affects: ['ALL'] | DOT: True | Blast: False
        ----------End of Debuff List----------
        ----------Healing List----------
        HuoHuoTalentHealingScaling | Targeting: Targeting.SINGLE | Healing Value: [0] | Target: ALL
        HuoHuoTalentHealingScaling | Targeting: Targeting.SINGLE | Healing Value: [0.045] | Target: ALL
        HuoHuoTalentHealingScaling | Targeting: Targeting.SINGLE | Healing Value: [0] | Target: ALL
        HuoHuoTalentHealingScaling | Targeting: Targeting.SINGLE | Healing Value: [0] | Target: ALL
        HuoHuoTalentHealingFlat | Targeting: Targeting.SINGLE | Healing Value: [0] | Target: ALL
        HuoHuoTalentHealingFlat | Targeting: Targeting.SINGLE | Healing Value: [120] | Target: ALL
        HuoHuoTalentHealingFlat | Targeting: Targeting.SINGLE | Healing Value: [0] | Target: ALL
        HuoHuoTalentHealingFlat | Targeting: Targeting.SINGLE | Healing Value: [0] | Target: ALL
        ----------End of Healing List----------
    GAUGE  - Enemy 1 toughness reduced by 0.000
    RESULT - HuoHuoAllyERR | HuoHuo | SUS | DMG: 0.000 | ELADMG: 0.000 | Enemies Hit: [1] | Enemies Broken: [] | WB DMG: 0.000 | Energy: 1.354 | Amount HP Healed: 371.779 | Amount HP Lost: 0.000 | HuoHuo Energy: 140/140 | SP: 0 | MaxSP: 5)
ULT    > Ashveil used their ultimate
Ashveil has 12 gluttony stacks before ult.
Ashveil has obtained 2 gluttony stacks from Ult.
    TURN   - AshveilUlt | Ashveil | SUP1 | ST attack | ['LNG'] | ['ULT'] | Scaling: ATK | TargetID: 2 | DMG/BREAK Splits: [4.0, 0]/[30, 0] | Energy Gained: 5 | SP Change: 0

        ----------Char Buffs----------
        GilgameshTrace3ATK | ATK% | Stacks: 1 | Value: 0.200 | Remaining Turns: 1 | TickDown: SUP1, PERM | Target: SUP1 | Affects: ['ALL']
        GilgameshTrace3CD | CD% | Stacks: 1 | Value: 0.200 | Remaining Turns: 1 | TickDown: SUP1, PERM | Target: SUP1 | Affects: ['ALL']
        CruisingBaseCR | CR% | Stacks: 1 | Value: 0.160 | Remaining Turns: 1 | TickDown: SUP1, PERM | Target: SUP1 | Affects: ['ALL']
        AshveilTraceCD | CD% | Stacks: 1 | Value: 0.373 | Remaining Turns: 1 | TickDown: SUP1, PERM | Target: SUP1 | Affects: ['ALL']
        AshveilTraceATK | ATK% | Stacks: 1 | Value: 0.100 | Remaining Turns: 1 | TickDown: SUP1, PERM | Target: SUP1 | Affects: ['ALL']
        AshveilTraceDMG | DMG% | Stacks: 1 | Value: 0.144 | Remaining Turns: 1 | TickDown: SUP1, PERM | Target: SUP1 | Affects: ['ALL']
        AshveilTrace3CD | CD% | Stacks: 1 | Value: 0.400 | Remaining Turns: 1 | TickDown: SUP1, PERM | Target: SUP1 | Affects: ['ALL']
        KeelCD(SUS) | CD% | Stacks: 1 | Value: 0.100 | Remaining Turns: 1 | TickDown: SUP1, PERM | Target: SUP1 | Affects: ['ALL']
        GilgameshTrace3AllyATK | ATK% | Stacks: 1 | Value: 0.100 | Remaining Turns: 1 | TickDown: SUP1, PERM | Target: SUP1 | Affects: ['ALL']
        GilgameshTrace3AllyCD | CD% | Stacks: 1 | Value: 0.100 | Remaining Turns: 1 | TickDown: SUP1, PERM | Target: SUP1 | Affects: ['ALL']
        MasterSmithComburent | DMG% | Stacks: 1 | Value: 0.150 | Remaining Turns: 2 | TickDown: SUP1, END | Target: SUP1 | Affects: ['ALL']
        DukeATK | ATK% | Stacks: 1 | Value: 0.480 | Remaining Turns: 3 | TickDown: SUP1, END | Target: SUP1 | Affects: ['ALL']
        ConvergingStarsATK | ATK% | Stacks: 1 | Value: 0.240 | Remaining Turns: 2 | TickDown: SUP1, END | Target: SUP1 | Affects: ['ALL']
        MortenaxBladeDMGBoost | DMG% | Stacks: 1 | Value: 0.500 | Remaining Turns: 1 | TickDown: SUP1, PERM | Target: SUP1 | Affects: ['ALL']
        WarriorGoddessHealCD | CD% | Stacks: 1 | Value: 0.150 | Remaining Turns: 2 | TickDown: SUP1, START | Target: SUP1 | Affects: ['ALL']
        ConvergingStarsCD | CD% | Stacks: 1 | Value: 0.120 | Remaining Turns: 1 | TickDown: SUP1, PERM | Target: SUP1 | Affects: ['ALL']
        CruisingKillATK | ATK% | Stacks: 1 | Value: 0.400 | Remaining Turns: 2 | TickDown: SUP1, END | Target: SUP1 | Affects: ['ALL']
        CruisingLowHPCR | CR% | Stacks: 1 | Value: 0.160 | Remaining Turns: 1 | TickDown: SUP1, START | Target: SUP1 | Affects: ['ALL']
        ----------End of Buff List----------

        ----------Enemy Debuffs----------
        AshveilBaitShred | From: SUP1 | SHRED | Stacks: 1 | Value: 0.400 | Remaining Turns: 994 | Target: 2 | Targeting: ST | Affects: ['ALL'] | DOT: False | Blast: False
        MortenaxBladeUltVul | From: SUP2 | VULN | Stacks: 1 | Value: 0.500 | Remaining Turns: 2 | Target: 2 | Targeting: ST | Affects: ['ALL'] | DOT: False | Blast: False
        MortenaxBladeUltShred | From: SUP2 | SHRED | Stacks: 1 | Value: 0.300 | Remaining Turns: 2 | Target: 2 | Targeting: ST | Affects: ['ALL'] | DOT: False | Blast: False
        ----------End of Debuff List----------
        ----------Healing List----------
        ----------End of Healing List----------
    GAUGE  - Enemy 2 toughness reduced by 30.000
    RESULT - AshveilUlt | Ashveil | SUP1 | DMG: 128038.317 | ELADMG: 0.000 | Enemies Hit: [2] | Enemies Broken: [] | WB DMG: 0.000 | Energy: 5.000 | Amount HP Healed: 0.000 | Amount HP Lost: 0.000 | Ashveil Energy: 5/150 | SP: 0 | MaxSP: 5)
Gilgamesh Obtained 2 Interest from Teammate Ult, Current count: 7
Gilgamesh Obtained 45.0 Energy from Teammate
Gilgamesh Obtained 1 Interest from Teammate, Current count: 8
Ashveil has obtained 2 gluttony stacks from FUA.
MortenaxBlade has obtained 1 Charge. Current Charge count: 5.
    TURN   - AshveilFUA | Ashveil | SUP1 | ST attack | ['LNG'] | ['FUA'] | Scaling: ATK | TargetID: 2 | DMG/BREAK Splits: [8.0, 0]/[5, 0] | Energy Gained: 5 | SP Change: 0

        ----------Char Buffs----------
        GilgameshTrace3ATK | ATK% | Stacks: 1 | Value: 0.200 | Remaining Turns: 1 | TickDown: SUP1, PERM | Target: SUP1 | Affects: ['ALL']
        GilgameshTrace3CD | CD% | Stacks: 1 | Value: 0.200 | Remaining Turns: 1 | TickDown: SUP1, PERM | Target: SUP1 | Affects: ['ALL']
        CruisingBaseCR | CR% | Stacks: 1 | Value: 0.160 | Remaining Turns: 1 | TickDown: SUP1, PERM | Target: SUP1 | Affects: ['ALL']
        DukeDMG | DMG% | Stacks: 1 | Value: 0.200 | Remaining Turns: 1 | TickDown: SUP1, PERM | Target: SUP1 | Affects: ['FUA']
        AshveilTraceCD | CD% | Stacks: 1 | Value: 0.373 | Remaining Turns: 1 | TickDown: SUP1, PERM | Target: SUP1 | Affects: ['ALL']
        AshveilTraceATK | ATK% | Stacks: 1 | Value: 0.100 | Remaining Turns: 1 | TickDown: SUP1, PERM | Target: SUP1 | Affects: ['ALL']
        AshveilTraceDMG | DMG% | Stacks: 1 | Value: 0.144 | Remaining Turns: 1 | TickDown: SUP1, PERM | Target: SUP1 | Affects: ['ALL']
        AshveilTrace2DMG | DMG% | Stacks: 1 | Value: 0.800 | Remaining Turns: 1 | TickDown: SUP1, PERM | Target: SUP1 | Affects: ['FUA']
        AshveilTrace3CD | CD% | Stacks: 1 | Value: 0.400 | Remaining Turns: 1 | TickDown: SUP1, PERM | Target: SUP1 | Affects: ['ALL']
        AshveilTrace3FUACD | CD% | Stacks: 1 | Value: 0.800 | Remaining Turns: 1 | TickDown: SUP1, PERM | Target: SUP1 | Affects: ['FUA']
        KeelCD(SUS) | CD% | Stacks: 1 | Value: 0.100 | Remaining Turns: 1 | TickDown: SUP1, PERM | Target: SUP1 | Affects: ['ALL']
        GilgameshTrace3AllyATK | ATK% | Stacks: 1 | Value: 0.100 | Remaining Turns: 1 | TickDown: SUP1, PERM | Target: SUP1 | Affects: ['ALL']
        GilgameshTrace3AllyCD | CD% | Stacks: 1 | Value: 0.100 | Remaining Turns: 1 | TickDown: SUP1, PERM | Target: SUP1 | Affects: ['ALL']
        MasterSmithComburent | DMG% | Stacks: 1 | Value: 0.150 | Remaining Turns: 2 | TickDown: SUP1, END | Target: SUP1 | Affects: ['ALL']
        DukeATK | ATK% | Stacks: 1 | Value: 0.480 | Remaining Turns: 3 | TickDown: SUP1, END | Target: SUP1 | Affects: ['ALL']
        ConvergingStarsATK | ATK% | Stacks: 1 | Value: 0.240 | Remaining Turns: 2 | TickDown: SUP1, END | Target: SUP1 | Affects: ['ALL']
        MortenaxBladeDMGBoost | DMG% | Stacks: 1 | Value: 0.500 | Remaining Turns: 1 | TickDown: SUP1, PERM | Target: SUP1 | Affects: ['ALL']
        WarriorGoddessHealCD | CD% | Stacks: 1 | Value: 0.150 | Remaining Turns: 2 | TickDown: SUP1, START | Target: SUP1 | Affects: ['ALL']
        ConvergingStarsCD | CD% | Stacks: 1 | Value: 0.120 | Remaining Turns: 1 | TickDown: SUP1, PERM | Target: SUP1 | Affects: ['ALL']
        CruisingKillATK | ATK% | Stacks: 1 | Value: 0.400 | Remaining Turns: 2 | TickDown: SUP1, END | Target: SUP1 | Affects: ['ALL']
        AshveilTrace2GluttonyDMG | DMG% | Stacks: 1 | Value: 0.600 | Remaining Turns: 1 | TickDown: SUP1, END | Target: SUP1 | Affects: ['FUA']
        CruisingLowHPCR | CR% | Stacks: 1 | Value: 0.160 | Remaining Turns: 1 | TickDown: SUP1, START | Target: SUP1 | Affects: ['ALL']
        ----------End of Buff List----------

        ----------Enemy Debuffs----------
        AshveilBaitShred | From: SUP1 | SHRED | Stacks: 1 | Value: 0.400 | Remaining Turns: 994 | Target: 2 | Targeting: ST | Affects: ['ALL'] | DOT: False | Blast: False
        MortenaxBladeUltVul | From: SUP2 | VULN | Stacks: 1 | Value: 0.500 | Remaining Turns: 2 | Target: 2 | Targeting: ST | Affects: ['ALL'] | DOT: False | Blast: False
        MortenaxBladeUltShred | From: SUP2 | SHRED | Stacks: 1 | Value: 0.300 | Remaining Turns: 2 | Target: 2 | Targeting: ST | Affects: ['ALL'] | DOT: False | Blast: False
        ----------End of Debuff List----------
        ----------Healing List----------
        HuoHuoTalentHealingScaling | Targeting: Targeting.SINGLE | Healing Value: [0] | Target: ALL
        HuoHuoTalentHealingScaling | Targeting: Targeting.SINGLE | Healing Value: [0.045] | Target: ALL
        HuoHuoTalentHealingScaling | Targeting: Targeting.SINGLE | Healing Value: [0] | Target: ALL
        HuoHuoTalentHealingScaling | Targeting: Targeting.SINGLE | Healing Value: [0] | Target: ALL
        HuoHuoTalentHealingFlat | Targeting: Targeting.SINGLE | Healing Value: [0] | Target: ALL
        HuoHuoTalentHealingFlat | Targeting: Targeting.SINGLE | Healing Value: [120] | Target: ALL
        HuoHuoTalentHealingFlat | Targeting: Targeting.SINGLE | Healing Value: [0] | Target: ALL
        HuoHuoTalentHealingFlat | Targeting: Targeting.SINGLE | Healing Value: [0] | Target: ALL
        ----------End of Healing List----------
    KILL   - Ashveil killed Enemy 2 (overkill: 287840.5)
    SPAWN  - Enemy 2 respawned at full HP, AV set to 0
    GAUGE  - Enemy 2 toughness reduced by 5.000
    RESULT - AshveilFUA | Ashveil | SUP1 | DMG: 592584.652 | ELADMG: 0.000 | Enemies Hit: [2] | Enemies Broken: [] | WB DMG: 0.000 | Energy: 5.000 | Amount HP Healed: 371.779 | Amount HP Lost: 0.000 | Ashveil Energy: 10/150 | SP: 0 | MaxSP: 5)
Gilgamesh Obtained 1 Interest from Teammate, Current count: 9
Ashveil has obtained 1 gluttony stacks from kill.
MortenaxBlade has obtained 1 Charge. Current Charge count: 6.
    TURN   - HuoHuoAllyERR | HuoHuo | SUS | NA attack | ['WIN'] | ['SPECIAL'] | Scaling: HP | TargetID: 1 | DMG/BREAK Splits: [0, 0]/[0, 0] | Energy Gained: 1 | SP Change: 0

        ----------Char Buffs----------
        GilgameshTrace3ATK | ATK% | Stacks: 1 | Value: 0.200 | Remaining Turns: 1 | TickDown: SUS, PERM | Target: SUS | Affects: ['ALL']
        GilgameshTrace3CD | CD% | Stacks: 1 | Value: 0.200 | Remaining Turns: 1 | TickDown: SUS, PERM | Target: SUS | Affects: ['ALL']
        AshveilTrace3CD | CD% | Stacks: 1 | Value: 0.400 | Remaining Turns: 1 | TickDown: SUP1, PERM | Target: SUS | Affects: ['ALL']
        PostOpERR | ERR% | Stacks: 1 | Value: 0.160 | Remaining Turns: 1 | TickDown: SUS, PERM | Target: SUS | Affects: ['ALL']
        WarriorGoddessSPD | SPD% | Stacks: 1 | Value: 0.060 | Remaining Turns: 1 | TickDown: SUS, PERM | Target: SUS | Affects: ['ALL']
        KeelEFFRES | ERS% | Stacks: 1 | Value: 0.100 | Remaining Turns: 1 | TickDown: SUS, PERM | Target: SUS | Affects: ['ALL']
        KeelCD(SUS) | CD% | Stacks: 1 | Value: 0.100 | Remaining Turns: 1 | TickDown: SUS, PERM | Target: SUS | Affects: ['ALL']
        HHTraceHP | HP% | Stacks: 1 | Value: 0.280 | Remaining Turns: 1 | TickDown: SUS, PERM | Target: SUS | Affects: ['ALL']
        HHTraceERS | ERS% | Stacks: 1 | Value: 0.180 | Remaining Turns: 1 | TickDown: SUS, PERM | Target: SUS | Affects: ['ALL']
        HHTraceSPD | SPD | Stacks: 1 | Value: 5.000 | Remaining Turns: 1 | TickDown: SUS, PERM | Target: SUS | Affects: ['ALL']
        MasterSmithComburent | DMG% | Stacks: 1 | Value: 0.150 | Remaining Turns: 2 | TickDown: SUS, END | Target: SUS | Affects: ['ALL']
        MortenaxBladeDMGBoost | DMG% | Stacks: 1 | Value: 0.500 | Remaining Turns: 1 | TickDown: SUS, PERM | Target: SUS | Affects: ['ALL']
        WarriorGoddessHealSPD | SPD% | Stacks: 1 | Value: 0.060 | Remaining Turns: 2 | TickDown: SUS, START | Target: SUS | Affects: ['ALL']
        WarriorGoddessHealCD | CD% | Stacks: 1 | Value: 0.150 | Remaining Turns: 2 | TickDown: SUS, START | Target: SUS | Affects: ['ALL']
        ConvergingStarsCD | CD% | Stacks: 1 | Value: 0.120 | Remaining Turns: 1 | TickDown: SUS, PERM | Target: SUS | Affects: ['ALL']
        ----------End of Buff List----------

        ----------Enemy Debuffs----------
        AshveilBaitShred | From: SUP1 | SHRED | Stacks: 1 | Value: 0.400 | Remaining Turns: 993 | Target: 1 | Targeting: ST | Affects: ['ALL'] | DOT: False | Blast: False
        MortenaxBladeUltVul | From: SUP2 | VULN | Stacks: 1 | Value: 0.500 | Remaining Turns: 2 | Target: 1 | Targeting: ST | Affects: ['ALL'] | DOT: False | Blast: False
        MortenaxBladeUltShred | From: SUP2 | SHRED | Stacks: 1 | Value: 0.300 | Remaining Turns: 2 | Target: 1 | Targeting: ST | Affects: ['ALL'] | DOT: False | Blast: False
        Enemy 1 LNG-break | From: DPS | SHOCK | Stacks: 1 | Value: 8414.001 | Remaining Turns: 2 | Target: 1 | Targeting: ST | Affects: ['ALL'] | DOT: True | Blast: False
        ----------End of Debuff List----------
        ----------Healing List----------
        ----------End of Healing List----------
    GAUGE  - Enemy 1 toughness reduced by 0.000
    RESULT - HuoHuoAllyERR | HuoHuo | SUS | DMG: 0.000 | ELADMG: 0.000 | Enemies Hit: [1] | Enemies Broken: [] | WB DMG: 0.000 | Energy: 1.354 | Amount HP Healed: 0.000 | Amount HP Lost: 0.000 | HuoHuo Energy: 140/140 | SP: 0 | MaxSP: 5)
ERR    > 45.000 energy added to Gilgamesh from GilgameshTrace1ERRAlly1 | Gilgamesh Energy: 214.667
ULT    > HuoHuo used their ultimate
    TURN   - HuoHuoUlt | HuoHuo | SUS | NA attack | ['WIN'] | ['ULT'] | Scaling: HP | TargetID: -1 | DMG/BREAK Splits: [0, 0]/[0, 0] | Energy Gained: 5 | SP Change: 0

        ----------Char Buffs----------
        GilgameshTrace3ATK | ATK% | Stacks: 1 | Value: 0.200 | Remaining Turns: 1 | TickDown: SUS, PERM | Target: SUS | Affects: ['ALL']
        GilgameshTrace3CD | CD% | Stacks: 1 | Value: 0.200 | Remaining Turns: 1 | TickDown: SUS, PERM | Target: SUS | Affects: ['ALL']
        AshveilTrace3CD | CD% | Stacks: 1 | Value: 0.400 | Remaining Turns: 1 | TickDown: SUP1, PERM | Target: SUS | Affects: ['ALL']
        PostOpERR | ERR% | Stacks: 1 | Value: 0.160 | Remaining Turns: 1 | TickDown: SUS, PERM | Target: SUS | Affects: ['ALL']
        PostOpOGH | OGH% | Stacks: 1 | Value: 0.240 | Remaining Turns: 1 | TickDown: SUS, PERM | Target: SUS | Affects: ['ULT']
        WarriorGoddessSPD | SPD% | Stacks: 1 | Value: 0.060 | Remaining Turns: 1 | TickDown: SUS, PERM | Target: SUS | Affects: ['ALL']
        KeelEFFRES | ERS% | Stacks: 1 | Value: 0.100 | Remaining Turns: 1 | TickDown: SUS, PERM | Target: SUS | Affects: ['ALL']
        KeelCD(SUS) | CD% | Stacks: 1 | Value: 0.100 | Remaining Turns: 1 | TickDown: SUS, PERM | Target: SUS | Affects: ['ALL']
        HHTraceHP | HP% | Stacks: 1 | Value: 0.280 | Remaining Turns: 1 | TickDown: SUS, PERM | Target: SUS | Affects: ['ALL']
        HHTraceERS | ERS% | Stacks: 1 | Value: 0.180 | Remaining Turns: 1 | TickDown: SUS, PERM | Target: SUS | Affects: ['ALL']
        HHTraceSPD | SPD | Stacks: 1 | Value: 5.000 | Remaining Turns: 1 | TickDown: SUS, PERM | Target: SUS | Affects: ['ALL']
        MasterSmithComburent | DMG% | Stacks: 1 | Value: 0.150 | Remaining Turns: 2 | TickDown: SUS, END | Target: SUS | Affects: ['ALL']
        MortenaxBladeDMGBoost | DMG% | Stacks: 1 | Value: 0.500 | Remaining Turns: 1 | TickDown: SUS, PERM | Target: SUS | Affects: ['ALL']
        WarriorGoddessHealSPD | SPD% | Stacks: 1 | Value: 0.060 | Remaining Turns: 2 | TickDown: SUS, START | Target: SUS | Affects: ['ALL']
        WarriorGoddessHealCD | CD% | Stacks: 1 | Value: 0.150 | Remaining Turns: 2 | TickDown: SUS, START | Target: SUS | Affects: ['ALL']
        ConvergingStarsCD | CD% | Stacks: 1 | Value: 0.120 | Remaining Turns: 1 | TickDown: SUS, PERM | Target: SUS | Affects: ['ALL']
        ----------End of Buff List----------

        ----------Enemy Debuffs----------
        ----------End of Debuff List----------
        ----------Healing List----------
        ----------End of Healing List----------
    GAUGE  - Enemy 1 toughness reduced by 0.000
    RESULT - HuoHuoUlt | HuoHuo | SUS | DMG: 0.000 | ELADMG: 0.000 | Enemies Hit: [1] | Enemies Broken: [] | WB DMG: 0.000 | Energy: 6.772 | Amount HP Healed: 0.000 | Amount HP Lost: 0.000 | HuoHuo Energy: 7/140 | SP: 0 | MaxSP: 5)
Gilgamesh Obtained 2 Interest from Teammate Ult, Current count: 11
Gilgamesh Obtained 42.0 Energy from Teammate
Gilgamesh Obtained 1 Interest from Teammate, Current count: 12
ERR    > 72.000 energy added to Gilgamesh from HuoHuoERR | Gilgamesh Energy: 286.667
ERR    > 30.000 energy added to Ashveil from HuoHuoERR | Ashveil Energy: 40.000
ERR    > 32.000 energy added to MortenaxBlade from HuoHuoERR | MortenaxBlade Energy: 155.195
ERR    > 42.000 energy added to Gilgamesh from GilgameshTrace1ERRAlly3 | Gilgamesh Energy: 328.667
        Buff AshveilTrace2GluttonyDMG expired
SPD    > Gilgamesh speed changed to 218.000 | NewAV: 28.133
AV     > Ashveil AV reset to 73.729 | 135.632 SPD

<<< NEW TURN >>>
-   Enemy 0 AV: 0.000 ENERGY: 0.000 MaxHP: 2000000.000 CurrHp 1567485.293
-   Enemy 1 AV: 17.385 ENERGY: 0.000 MaxHP: 5000000.000 CurrHp 4844677.342
-   Gilgamesh AV: 25.004 ENERGY: 328.667 MaxHP: 3134.558 CurrHp 3134.558
-   HuoHuo AV: 43.908 ENERGY: 6.772 MaxHP: 6139.808 CurrHp 6139.808
-   Enemy 2 AV: 57.692 ENERGY: 0.000 MaxHP: 2000000.000 CurrHp 2000000.000
-   MortenaxBlade AV: 61.295 ENERGY: 155.195 MaxHP: 4869.135 CurrHp 3378.203
-   Ashveil AV: 70.601 ENERGY: 40.000 MaxHP: 2729.320 CurrHp 2729.320
-   InfiniteFury AV: 75.146 ENERGY: 0.000 MaxHP: 0.000 CurrHp 0.000

Combat context set: 3 enemies, 4 players
Combat context initialized: 3 enemies, Elation team size: 0
ACTION > [ENEMY] TotalAV: 519.231 | TurnAV: 3.128 | Enemy 0 | 1 attacks
MortenaxBlade has obtained 1 Charge. Current Charge count: 7.
    CharEnergy - Gilgamesh: Hit 0.000 Total: 328.667 | Ashveil: Hit 6.667 Total: 46.667 | MortenaxBlade: Hit 10.000 Total: 160.000 | HuoHuo: Hit 6.667 Total: 15.801 |
    ENEMY  - Enemy 2 [aoe] dealt 129.2 to MortenaxBlade (energy: 3.3, DEF: 2045, atkMul: 1.00, dmgMul: 1.00) | HP: 3249/4869
    ENEMY  - Enemy 2 [aoe] dealt 129.2 to MortenaxBlade (energy: 3.3, DEF: 2045, atkMul: 1.00, dmgMul: 1.00) | HP: 3120/4869
    ENEMY  - Enemy 2 [aoe] dealt 255.9 to Ashveil (energy: 3.3, DEF: 2076, atkMul: 1.00, dmgMul: 1.00) | HP: 2473/2729
    ENEMY  - Enemy 2 [aoe] dealt 231.9 to HuoHuo (energy: 3.3, DEF: 2410, atkMul: 1.00, dmgMul: 1.00) | HP: 5908/6140
    ENEMY  - Enemy 2 [aoe] dealt 129.2 to MortenaxBlade (energy: 3.3, DEF: 2045, atkMul: 1.00, dmgMul: 1.00) | HP: 2991/4869
    ENEMY  - Enemy 2 [aoe] dealt 255.9 to Ashveil (energy: 3.3, DEF: 2076, atkMul: 1.00, dmgMul: 1.00) | HP: 2217/2729
    ENEMY  - Enemy 2 [aoe] dealt 231.9 to HuoHuo (energy: 3.3, DEF: 2410, atkMul: 1.00, dmgMul: 1.00) | HP: 5676/6140
MortenaxBlade has obtained 1 Charge. Current Charge count: 8.
MortenaxBlade useHit produced 2 debuffs
    DEBUFF - Enemy 0 took 11358.902 Debuff damage from Enemy 0 LNG-break
ULT    > MortenaxBlade used their ultimate
MortenaxBlade has obtained 1 Charge. Current Charge count: 9.
    TURN   - MortenaxBladeEnhancedUlt | MortenaxBlade | SUP2 | AOE attack | ['FIR'] | ['ULT'] | Scaling: HP | TargetID: 1 | DMG/BREAK Splits: [3.5, 0]/[20, 0] | Energy Gained: 5 | SP Change: 0

        ----------Char Buffs----------
        GilgameshTrace3ATK | ATK% | Stacks: 1 | Value: 0.200 | Remaining Turns: 1 | TickDown: SUP2, PERM | Target: SUP2 | Affects: ['ALL']
        GilgameshTrace3CD | CD% | Stacks: 1 | Value: 0.200 | Remaining Turns: 1 | TickDown: SUP2, PERM | Target: SUP2 | Affects: ['ALL']
        AshveilTrace3CD | CD% | Stacks: 1 | Value: 0.400 | Remaining Turns: 1 | TickDown: SUP1, PERM | Target: SUP2 | Affects: ['ALL']
        TutorialEHR | EHR% | Stacks: 1 | Value: 0.400 | Remaining Turns: 1 | TickDown: SUP2, PERM | Target: SUP2 | Affects: ['ALL']
        MasterSmithHP | HP% | Stacks: 1 | Value: 0.120 | Remaining Turns: 1 | TickDown: SUP2, PERM | Target: SUP2 | Affects: ['ALL']
        LushakaERR | ERR% | Stacks: 1 | Value: 0.050 | Remaining Turns: 1 | TickDown: SUP2, PERM | Target: SUP2 | Affects: ['ALL']
        MortenaxBladeTraceCR | CR% | Stacks: 1 | Value: 0.120 | Remaining Turns: 1 | TickDown: SUP2, PERM | Target: SUP2 | Affects: ['ALL']
        MortenaxBladeTraceHP | HP% | Stacks: 1 | Value: 0.100 | Remaining Turns: 1 | TickDown: SUP2, PERM | Target: SUP2 | Affects: ['ALL']
        MortenaxBladeTraceDMG | DMG% | Stacks: 1 | Value: 0.224 | Remaining Turns: 1 | TickDown: SUP2, PERM | Target: SUP2 | Affects: ['ALL']
        KeelCD(SUS) | CD% | Stacks: 1 | Value: 0.100 | Remaining Turns: 1 | TickDown: SUP2, PERM | Target: SUP2 | Affects: ['ALL']
        MasterSmithCD | CD% | Stacks: 1 | Value: 0.280 | Remaining Turns: 1 | TickDown: SUP2, PERM | Target: SUP2 | Affects: ['ALL']
        MasterSmithComburent | DMG% | Stacks: 1 | Value: 0.150 | Remaining Turns: 1 | TickDown: SUP2, END | Target: SUP2 | Affects: ['ALL']
        MortenaxBladeCRBoost | CR% | Stacks: 1 | Value: 0.200 | Remaining Turns: 1 | TickDown: SUP2, PERM | Target: SUP2 | Affects: ['ALL']
        MortenaxBladeCDBoost | CD% | Stacks: 1 | Value: 0.600 | Remaining Turns: 1 | TickDown: SUP2, PERM | Target: SUP2 | Affects: ['ALL']
        MortenaxBladeDMGReduction | DMG_REDUCTION | Stacks: 1 | Value: 0.500 | Remaining Turns: 1 | TickDown: SUP2, PERM | Target: SUP2 | Affects: ['ALL']
        MortenaxBladeDMGBoost | DMG% | Stacks: 1 | Value: 0.500 | Remaining Turns: 1 | TickDown: SUP2, PERM | Target: SUP2 | Affects: ['ALL']
        MortenaxBladeDMG | DMG% | Stacks: 1 | Value: 0.750 | Remaining Turns: 1 | TickDown: SUP2, PERM | Target: SUP2 | Affects: ['ALL']
        WarriorGoddessHealCD | CD% | Stacks: 1 | Value: 0.150 | Remaining Turns: 2 | TickDown: SUP2, START | Target: SUP2 | Affects: ['ALL']
        ConvergingStarsCD | CD% | Stacks: 1 | Value: 0.120 | Remaining Turns: 1 | TickDown: SUP2, PERM | Target: SUP2 | Affects: ['ALL']
        HuoHuoUltATK | ATK% | Stacks: 1 | Value: 0.400 | Remaining Turns: 2 | TickDown: SUP2, END | Target: SUP2 | Affects: ['ALL']
        HuoHuoUltExtraATK | ATK% | Stacks: 1 | Value: 0.240 | Remaining Turns: 2 | TickDown: SUP2, END | Target: SUP2 | Affects: ['ALL']
        ----------End of Buff List----------

        ----------Enemy Debuffs----------
        AshveilBaitShred | From: SUP1 | SHRED | Stacks: 1 | Value: 0.400 | Remaining Turns: 993 | Target: 1 | Targeting: ST | Affects: ['ALL'] | DOT: False | Blast: False
        MortenaxBladeUltVul | From: SUP2 | VULN | Stacks: 1 | Value: 0.500 | Remaining Turns: 2 | Target: 1 | Targeting: ST | Affects: ['ALL'] | DOT: False | Blast: False
        MortenaxBladeUltShred | From: SUP2 | SHRED | Stacks: 1 | Value: 0.300 | Remaining Turns: 2 | Target: 1 | Targeting: ST | Affects: ['ALL'] | DOT: False | Blast: False
        Enemy 1 LNG-break | From: DPS | SHOCK | Stacks: 1 | Value: 8414.001 | Remaining Turns: 2 | Target: 1 | Targeting: ST | Affects: ['ALL'] | DOT: True | Blast: False
        ----------End of Debuff List----------
        ----------Healing List----------
        ----------End of Healing List----------
    GAUGE  - Enemy 0 toughness reduced by 0.000
    GAUGE  - Enemy 1 toughness reduced by 0.000
    GAUGE  - Enemy 2 toughness reduced by 0.000
    RESULT - MortenaxBladeEnhancedUlt | MortenaxBlade | SUP2 | DMG: 408982.998 | ELADMG: 0.000 | Enemies Hit: [0, 1, 2] | Enemies Broken: [] | WB DMG: 0.000 | Energy: 6.222 | Amount HP Healed: 0.000 | Amount HP Lost: 0.000 | MortenaxBlade Energy: 6/160 | SP: 0 | MaxSP: 5)
Gilgamesh Obtained 2 Interest from Teammate Ult, Current count: 14
Gilgamesh Obtained 48.0 Energy from Teammate
Gilgamesh Obtained 1 Interest from Teammate, Current count: 15
Ashveil has obtained 2 gluttony stacks from FUA.
MortenaxBlade has obtained 1 Charge. Current Charge count: 1.
    TURN   - AshveilFUA | Ashveil | SUP1 | ST attack | ['LNG'] | ['FUA'] | Scaling: ATK | TargetID: 0 | DMG/BREAK Splits: [2.0, 0]/[5, 0] | Energy Gained: 5 | SP Change: 0

        ----------Char Buffs----------
        GilgameshTrace3ATK | ATK% | Stacks: 1 | Value: 0.200 | Remaining Turns: 1 | TickDown: SUP1, PERM | Target: SUP1 | Affects: ['ALL']
        GilgameshTrace3CD | CD% | Stacks: 1 | Value: 0.200 | Remaining Turns: 1 | TickDown: SUP1, PERM | Target: SUP1 | Affects: ['ALL']
        CruisingBaseCR | CR% | Stacks: 1 | Value: 0.160 | Remaining Turns: 1 | TickDown: SUP1, PERM | Target: SUP1 | Affects: ['ALL']
        DukeDMG | DMG% | Stacks: 1 | Value: 0.200 | Remaining Turns: 1 | TickDown: SUP1, PERM | Target: SUP1 | Affects: ['FUA']
        AshveilTraceCD | CD% | Stacks: 1 | Value: 0.373 | Remaining Turns: 1 | TickDown: SUP1, PERM | Target: SUP1 | Affects: ['ALL']
        AshveilTraceATK | ATK% | Stacks: 1 | Value: 0.100 | Remaining Turns: 1 | TickDown: SUP1, PERM | Target: SUP1 | Affects: ['ALL']
        AshveilTraceDMG | DMG% | Stacks: 1 | Value: 0.144 | Remaining Turns: 1 | TickDown: SUP1, PERM | Target: SUP1 | Affects: ['ALL']
        AshveilTrace2DMG | DMG% | Stacks: 1 | Value: 0.800 | Remaining Turns: 1 | TickDown: SUP1, PERM | Target: SUP1 | Affects: ['FUA']
        AshveilTrace3CD | CD% | Stacks: 1 | Value: 0.400 | Remaining Turns: 1 | TickDown: SUP1, PERM | Target: SUP1 | Affects: ['ALL']
        AshveilTrace3FUACD | CD% | Stacks: 1 | Value: 0.800 | Remaining Turns: 1 | TickDown: SUP1, PERM | Target: SUP1 | Affects: ['FUA']
        KeelCD(SUS) | CD% | Stacks: 1 | Value: 0.100 | Remaining Turns: 1 | TickDown: SUP1, PERM | Target: SUP1 | Affects: ['ALL']
        GilgameshTrace3AllyATK | ATK% | Stacks: 1 | Value: 0.100 | Remaining Turns: 1 | TickDown: SUP1, PERM | Target: SUP1 | Affects: ['ALL']
        GilgameshTrace3AllyCD | CD% | Stacks: 1 | Value: 0.100 | Remaining Turns: 1 | TickDown: SUP1, PERM | Target: SUP1 | Affects: ['ALL']
        MasterSmithComburent | DMG% | Stacks: 1 | Value: 0.150 | Remaining Turns: 1 | TickDown: SUP1, END | Target: SUP1 | Affects: ['ALL']
        DukeATK | ATK% | Stacks: 1 | Value: 0.480 | Remaining Turns: 3 | TickDown: SUP1, END | Target: SUP1 | Affects: ['ALL']
        ConvergingStarsATK | ATK% | Stacks: 1 | Value: 0.240 | Remaining Turns: 2 | TickDown: SUP1, END | Target: SUP1 | Affects: ['ALL']
        MortenaxBladeDMGBoost | DMG% | Stacks: 1 | Value: 0.500 | Remaining Turns: 1 | TickDown: SUP1, PERM | Target: SUP1 | Affects: ['ALL']
        WarriorGoddessHealCD | CD% | Stacks: 1 | Value: 0.150 | Remaining Turns: 2 | TickDown: SUP1, START | Target: SUP1 | Affects: ['ALL']
        ConvergingStarsCD | CD% | Stacks: 1 | Value: 0.120 | Remaining Turns: 1 | TickDown: SUP1, PERM | Target: SUP1 | Affects: ['ALL']
        CruisingKillATK | ATK% | Stacks: 1 | Value: 0.400 | Remaining Turns: 1 | TickDown: SUP1, END | Target: SUP1 | Affects: ['ALL']
        CruisingLowHPCR | CR% | Stacks: 1 | Value: 0.160 | Remaining Turns: 1 | TickDown: SUP1, START | Target: SUP1 | Affects: ['ALL']
        AshveilTalentEnergy30 | ERR_F | Stacks: 1 | Value: 8.000 | Remaining Turns: 1 | TickDown: SUP1, END | Target: SUP1 | Affects: ['ALL']
        AshveilTrace2GluttonyDMG | DMG% | Stacks: 1 | Value: 0.300 | Remaining Turns: 1 | TickDown: SUP1, END | Target: SUP1 | Affects: ['FUA']
        ----------End of Buff List----------

        ----------Enemy Debuffs----------
        AshveilBaitShred | From: SUP1 | SHRED | Stacks: 1 | Value: 0.400 | Remaining Turns: 995 | Target: 0 | Targeting: ST | Affects: ['ALL'] | DOT: False | Blast: False
        MortenaxBladeUltVul | From: SUP2 | VULN | Stacks: 1 | Value: 0.500 | Remaining Turns: 2 | Target: 0 | Targeting: ST | Affects: ['ALL'] | DOT: False | Blast: False
        MortenaxBladeUltShred | From: SUP2 | SHRED | Stacks: 1 | Value: 0.300 | Remaining Turns: 2 | Target: 0 | Targeting: ST | Affects: ['ALL'] | DOT: False | Blast: False
        Enemy 0 LNG-break | From: DPS | SHOCK | Stacks: 1 | Value: 8414.001 | Remaining Turns: 1 | Target: 0 | Targeting: ST | Affects: ['ALL'] | DOT: True | Blast: False
        ----------End of Debuff List----------
        ----------Healing List----------
        HuoHuoTalentHealingScaling | Targeting: Targeting.SINGLE | Healing Value: [0] | Target: ALL
        HuoHuoTalentHealingScaling | Targeting: Targeting.SINGLE | Healing Value: [0.045] | Target: ALL
        HuoHuoTalentHealingScaling | Targeting: Targeting.SINGLE | Healing Value: [0] | Target: ALL
        HuoHuoTalentHealingScaling | Targeting: Targeting.SINGLE | Healing Value: [0] | Target: ALL
        HuoHuoTalentHealingFlat | Targeting: Targeting.SINGLE | Healing Value: [0] | Target: ALL
        HuoHuoTalentHealingFlat | Targeting: Targeting.SINGLE | Healing Value: [120] | Target: ALL
        HuoHuoTalentHealingFlat | Targeting: Targeting.SINGLE | Healing Value: [0] | Target: ALL
        HuoHuoTalentHealingFlat | Targeting: Targeting.SINGLE | Healing Value: [0] | Target: ALL
        ----------End of Healing List----------
    GAUGE  - Enemy 0 toughness reduced by 5.000
    RESULT - AshveilFUA | Ashveil | SUP1 | DMG: 135051.334 | ELADMG: 0.000 | Enemies Hit: [0] | Enemies Broken: [] | WB DMG: 0.000 | Energy: 5.000 | Amount HP Healed: 371.779 | Amount HP Lost: 0.000 | Ashveil Energy: 52/150 | SP: 0 | MaxSP: 5)
Gilgamesh Obtained 1 Interest from Teammate, Current count: 16
MortenaxBlade has obtained 1 Charge. Current Charge count: 2.
    TURN   - MortenaxBladeAOEFUA | MortenaxBlade | SUP2 | AOE attack | ['FIR'] | ['FUA'] | Scaling: HP | TargetID: 1 | DMG/BREAK Splits: [0.72, 0]/[10, 0] | Energy Gained: 25 | SP Change: 0

        ----------Char Buffs----------
        GilgameshTrace3ATK | ATK% | Stacks: 1 | Value: 0.200 | Remaining Turns: 1 | TickDown: SUP2, PERM | Target: SUP2 | Affects: ['ALL']
        GilgameshTrace3CD | CD% | Stacks: 1 | Value: 0.200 | Remaining Turns: 1 | TickDown: SUP2, PERM | Target: SUP2 | Affects: ['ALL']
        AshveilTrace3CD | CD% | Stacks: 1 | Value: 0.400 | Remaining Turns: 1 | TickDown: SUP1, PERM | Target: SUP2 | Affects: ['ALL']
        AshveilTrace3FUACD | CD% | Stacks: 1 | Value: 0.800 | Remaining Turns: 1 | TickDown: SUP1, PERM | Target: SUP2 | Affects: ['FUA']
        TutorialEHR | EHR% | Stacks: 1 | Value: 0.400 | Remaining Turns: 1 | TickDown: SUP2, PERM | Target: SUP2 | Affects: ['ALL']
        MasterSmithHP | HP% | Stacks: 1 | Value: 0.120 | Remaining Turns: 1 | TickDown: SUP2, PERM | Target: SUP2 | Affects: ['ALL']
        LushakaERR | ERR% | Stacks: 1 | Value: 0.050 | Remaining Turns: 1 | TickDown: SUP2, PERM | Target: SUP2 | Affects: ['ALL']
        MortenaxBladeTraceCR | CR% | Stacks: 1 | Value: 0.120 | Remaining Turns: 1 | TickDown: SUP2, PERM | Target: SUP2 | Affects: ['ALL']
        MortenaxBladeTraceHP | HP% | Stacks: 1 | Value: 0.100 | Remaining Turns: 1 | TickDown: SUP2, PERM | Target: SUP2 | Affects: ['ALL']
        MortenaxBladeTraceDMG | DMG% | Stacks: 1 | Value: 0.224 | Remaining Turns: 1 | TickDown: SUP2, PERM | Target: SUP2 | Affects: ['ALL']
        KeelCD(SUS) | CD% | Stacks: 1 | Value: 0.100 | Remaining Turns: 1 | TickDown: SUP2, PERM | Target: SUP2 | Affects: ['ALL']
        MasterSmithCD | CD% | Stacks: 1 | Value: 0.280 | Remaining Turns: 1 | TickDown: SUP2, PERM | Target: SUP2 | Affects: ['ALL']
        MasterSmithComburent | DMG% | Stacks: 1 | Value: 0.150 | Remaining Turns: 1 | TickDown: SUP2, END | Target: SUP2 | Affects: ['ALL']
        MortenaxBladeCRBoost | CR% | Stacks: 1 | Value: 0.200 | Remaining Turns: 1 | TickDown: SUP2, PERM | Target: SUP2 | Affects: ['ALL']
        MortenaxBladeCDBoost | CD% | Stacks: 1 | Value: 0.600 | Remaining Turns: 1 | TickDown: SUP2, PERM | Target: SUP2 | Affects: ['ALL']
        MortenaxBladeDMGReduction | DMG_REDUCTION | Stacks: 1 | Value: 0.500 | Remaining Turns: 1 | TickDown: SUP2, PERM | Target: SUP2 | Affects: ['ALL']
        MortenaxBladeDMGBoost | DMG% | Stacks: 1 | Value: 0.500 | Remaining Turns: 1 | TickDown: SUP2, PERM | Target: SUP2 | Affects: ['ALL']
        MortenaxBladeDMG | DMG% | Stacks: 1 | Value: 0.750 | Remaining Turns: 1 | TickDown: SUP2, PERM | Target: SUP2 | Affects: ['ALL']
        WarriorGoddessHealCD | CD% | Stacks: 1 | Value: 0.150 | Remaining Turns: 2 | TickDown: SUP2, START | Target: SUP2 | Affects: ['ALL']
        ConvergingStarsCD | CD% | Stacks: 1 | Value: 0.120 | Remaining Turns: 1 | TickDown: SUP2, PERM | Target: SUP2 | Affects: ['ALL']
        HuoHuoUltATK | ATK% | Stacks: 1 | Value: 0.400 | Remaining Turns: 2 | TickDown: SUP2, END | Target: SUP2 | Affects: ['ALL']
        HuoHuoUltExtraATK | ATK% | Stacks: 1 | Value: 0.240 | Remaining Turns: 2 | TickDown: SUP2, END | Target: SUP2 | Affects: ['ALL']
        ----------End of Buff List----------

        ----------Enemy Debuffs----------
        AshveilBaitShred | From: SUP1 | SHRED | Stacks: 1 | Value: 0.400 | Remaining Turns: 993 | Target: 1 | Targeting: ST | Affects: ['ALL'] | DOT: False | Blast: False
        MortenaxBladeUltVul | From: SUP2 | VULN | Stacks: 1 | Value: 0.500 | Remaining Turns: 2 | Target: 1 | Targeting: ST | Affects: ['ALL'] | DOT: False | Blast: False
        MortenaxBladeUltShred | From: SUP2 | SHRED | Stacks: 1 | Value: 0.300 | Remaining Turns: 2 | Target: 1 | Targeting: ST | Affects: ['ALL'] | DOT: False | Blast: False
        Enemy 1 LNG-break | From: DPS | SHOCK | Stacks: 1 | Value: 8414.001 | Remaining Turns: 2 | Target: 1 | Targeting: ST | Affects: ['ALL'] | DOT: True | Blast: False
        ----------End of Debuff List----------
        ----------Healing List----------
        ----------End of Healing List----------
    GAUGE  - Enemy 0 toughness reduced by 0.000
    GAUGE  - Enemy 1 toughness reduced by 0.000
    GAUGE  - Enemy 2 toughness reduced by 0.000
    RESULT - MortenaxBladeAOEFUA | MortenaxBlade | SUP2 | DMG: 102253.545 | ELADMG: 0.000 | Enemies Hit: [0, 1, 2] | Enemies Broken: [] | WB DMG: 0.000 | Energy: 31.110 | Amount HP Healed: 0.000 | Amount HP Lost: 0.000 | MortenaxBlade Energy: 37/160 | SP: 0 | MaxSP: 5)
Gilgamesh Obtained 1 Interest from Teammate, Current count: 17
Ashveil has obtained 2 gluttony stacks from FUA.
    TURN   - MortenaxBladeBounceFUA | MortenaxBlade | SUP2 | ST attack | ['FIR'] | ['FUA'] | Scaling: HP | TargetID: 1 | DMG/BREAK Splits: [0.24, 0]/[5, 0] | Energy Gained: 0 | SP Change: 0

        ----------Char Buffs----------
        GilgameshTrace3ATK | ATK% | Stacks: 1 | Value: 0.200 | Remaining Turns: 1 | TickDown: SUP2, PERM | Target: SUP2 | Affects: ['ALL']
        GilgameshTrace3CD | CD% | Stacks: 1 | Value: 0.200 | Remaining Turns: 1 | TickDown: SUP2, PERM | Target: SUP2 | Affects: ['ALL']
        AshveilTrace3CD | CD% | Stacks: 1 | Value: 0.400 | Remaining Turns: 1 | TickDown: SUP1, PERM | Target: SUP2 | Affects: ['ALL']
        AshveilTrace3FUACD | CD% | Stacks: 1 | Value: 0.800 | Remaining Turns: 1 | TickDown: SUP1, PERM | Target: SUP2 | Affects: ['FUA']
        TutorialEHR | EHR% | Stacks: 1 | Value: 0.400 | Remaining Turns: 1 | TickDown: SUP2, PERM | Target: SUP2 | Affects: ['ALL']
        MasterSmithHP | HP% | Stacks: 1 | Value: 0.120 | Remaining Turns: 1 | TickDown: SUP2, PERM | Target: SUP2 | Affects: ['ALL']
        LushakaERR | ERR% | Stacks: 1 | Value: 0.050 | Remaining Turns: 1 | TickDown: SUP2, PERM | Target: SUP2 | Affects: ['ALL']
        MortenaxBladeTraceCR | CR% | Stacks: 1 | Value: 0.120 | Remaining Turns: 1 | TickDown: SUP2, PERM | Target: SUP2 | Affects: ['ALL']
        MortenaxBladeTraceHP | HP% | Stacks: 1 | Value: 0.100 | Remaining Turns: 1 | TickDown: SUP2, PERM | Target: SUP2 | Affects: ['ALL']
        MortenaxBladeTraceDMG | DMG% | Stacks: 1 | Value: 0.224 | Remaining Turns: 1 | TickDown: SUP2, PERM | Target: SUP2 | Affects: ['ALL']
        KeelCD(SUS) | CD% | Stacks: 1 | Value: 0.100 | Remaining Turns: 1 | TickDown: SUP2, PERM | Target: SUP2 | Affects: ['ALL']
        MasterSmithCD | CD% | Stacks: 1 | Value: 0.280 | Remaining Turns: 1 | TickDown: SUP2, PERM | Target: SUP2 | Affects: ['ALL']
        MasterSmithComburent | DMG% | Stacks: 1 | Value: 0.150 | Remaining Turns: 2 | TickDown: SUP2, END | Target: SUP2 | Affects: ['ALL']
        MortenaxBladeCRBoost | CR% | Stacks: 1 | Value: 0.200 | Remaining Turns: 1 | TickDown: SUP2, PERM | Target: SUP2 | Affects: ['ALL']
        MortenaxBladeCDBoost | CD% | Stacks: 1 | Value: 0.600 | Remaining Turns: 1 | TickDown: SUP2, PERM | Target: SUP2 | Affects: ['ALL']
        MortenaxBladeDMGReduction | DMG_REDUCTION | Stacks: 1 | Value: 0.500 | Remaining Turns: 1 | TickDown: SUP2, PERM | Target: SUP2 | Affects: ['ALL']
        MortenaxBladeDMGBoost | DMG% | Stacks: 1 | Value: 0.500 | Remaining Turns: 1 | TickDown: SUP2, PERM | Target: SUP2 | Affects: ['ALL']
        MortenaxBladeDMG | DMG% | Stacks: 1 | Value: 0.750 | Remaining Turns: 1 | TickDown: SUP2, PERM | Target: SUP2 | Affects: ['ALL']
        WarriorGoddessHealCD | CD% | Stacks: 1 | Value: 0.150 | Remaining Turns: 2 | TickDown: SUP2, START | Target: SUP2 | Affects: ['ALL']
        ConvergingStarsCD | CD% | Stacks: 1 | Value: 0.120 | Remaining Turns: 1 | TickDown: SUP2, PERM | Target: SUP2 | Affects: ['ALL']
        HuoHuoUltATK | ATK% | Stacks: 1 | Value: 0.400 | Remaining Turns: 2 | TickDown: SUP2, END | Target: SUP2 | Affects: ['ALL']
        HuoHuoUltExtraATK | ATK% | Stacks: 1 | Value: 0.240 | Remaining Turns: 2 | TickDown: SUP2, END | Target: SUP2 | Affects: ['ALL']
        TutorialERR | ERR_T | Stacks: 1 | Value: 8.000 | Remaining Turns: 1 | TickDown: SUP2, START | Target: SUP2 | Affects: ['ALL']
        ----------End of Buff List----------

        ----------Enemy Debuffs----------
        AshveilBaitShred | From: SUP1 | SHRED | Stacks: 1 | Value: 0.400 | Remaining Turns: 993 | Target: 1 | Targeting: ST | Affects: ['ALL'] | DOT: False | Blast: False
        MortenaxBladeUltVul | From: SUP2 | VULN | Stacks: 1 | Value: 0.500 | Remaining Turns: 2 | Target: 1 | Targeting: ST | Affects: ['ALL'] | DOT: False | Blast: False
        MortenaxBladeUltShred | From: SUP2 | SHRED | Stacks: 1 | Value: 0.300 | Remaining Turns: 2 | Target: 1 | Targeting: ST | Affects: ['ALL'] | DOT: False | Blast: False
        Enemy 1 LNG-break | From: DPS | SHOCK | Stacks: 1 | Value: 8414.001 | Remaining Turns: 2 | Target: 1 | Targeting: ST | Affects: ['ALL'] | DOT: True | Blast: False
        ----------End of Debuff List----------
        ----------Healing List----------
        ----------End of Healing List----------
    GAUGE  - Enemy 1 toughness reduced by 0.000
    RESULT - MortenaxBladeBounceFUA | MortenaxBlade | SUP2 | DMG: 12173.041 | ELADMG: 0.000 | Enemies Hit: [1] | Enemies Broken: [] | WB DMG: 0.000 | Energy: 0.000 | Amount HP Healed: 0.000 | Amount HP Lost: 0.000 | MortenaxBlade Energy: 37/160 | SP: 0 | MaxSP: 5)
    TURN   - MortenaxBladeBounceFUA | MortenaxBlade | SUP2 | ST attack | ['FIR'] | ['FUA'] | Scaling: HP | TargetID: 1 | DMG/BREAK Splits: [0.24, 0]/[5, 0] | Energy Gained: 0 | SP Change: 0

        ----------Char Buffs----------
        GilgameshTrace3ATK | ATK% | Stacks: 1 | Value: 0.200 | Remaining Turns: 1 | TickDown: SUP2, PERM | Target: SUP2 | Affects: ['ALL']
        GilgameshTrace3CD | CD% | Stacks: 1 | Value: 0.200 | Remaining Turns: 1 | TickDown: SUP2, PERM | Target: SUP2 | Affects: ['ALL']
        AshveilTrace3CD | CD% | Stacks: 1 | Value: 0.400 | Remaining Turns: 1 | TickDown: SUP1, PERM | Target: SUP2 | Affects: ['ALL']
        AshveilTrace3FUACD | CD% | Stacks: 1 | Value: 0.800 | Remaining Turns: 1 | TickDown: SUP1, PERM | Target: SUP2 | Affects: ['FUA']
        TutorialEHR | EHR% | Stacks: 1 | Value: 0.400 | Remaining Turns: 1 | TickDown: SUP2, PERM | Target: SUP2 | Affects: ['ALL']
        MasterSmithHP | HP% | Stacks: 1 | Value: 0.120 | Remaining Turns: 1 | TickDown: SUP2, PERM | Target: SUP2 | Affects: ['ALL']
        LushakaERR | ERR% | Stacks: 1 | Value: 0.050 | Remaining Turns: 1 | TickDown: SUP2, PERM | Target: SUP2 | Affects: ['ALL']
        MortenaxBladeTraceCR | CR% | Stacks: 1 | Value: 0.120 | Remaining Turns: 1 | TickDown: SUP2, PERM | Target: SUP2 | Affects: ['ALL']
        MortenaxBladeTraceHP | HP% | Stacks: 1 | Value: 0.100 | Remaining Turns: 1 | TickDown: SUP2, PERM | Target: SUP2 | Affects: ['ALL']
        MortenaxBladeTraceDMG | DMG% | Stacks: 1 | Value: 0.224 | Remaining Turns: 1 | TickDown: SUP2, PERM | Target: SUP2 | Affects: ['ALL']
        KeelCD(SUS) | CD% | Stacks: 1 | Value: 0.100 | Remaining Turns: 1 | TickDown: SUP2, PERM | Target: SUP2 | Affects: ['ALL']
        MasterSmithCD | CD% | Stacks: 1 | Value: 0.280 | Remaining Turns: 1 | TickDown: SUP2, PERM | Target: SUP2 | Affects: ['ALL']
        MasterSmithComburent | DMG% | Stacks: 1 | Value: 0.150 | Remaining Turns: 2 | TickDown: SUP2, END | Target: SUP2 | Affects: ['ALL']
        MortenaxBladeCRBoost | CR% | Stacks: 1 | Value: 0.200 | Remaining Turns: 1 | TickDown: SUP2, PERM | Target: SUP2 | Affects: ['ALL']
        MortenaxBladeCDBoost | CD% | Stacks: 1 | Value: 0.600 | Remaining Turns: 1 | TickDown: SUP2, PERM | Target: SUP2 | Affects: ['ALL']
        MortenaxBladeDMGReduction | DMG_REDUCTION | Stacks: 1 | Value: 0.500 | Remaining Turns: 1 | TickDown: SUP2, PERM | Target: SUP2 | Affects: ['ALL']
        MortenaxBladeDMGBoost | DMG% | Stacks: 1 | Value: 0.500 | Remaining Turns: 1 | TickDown: SUP2, PERM | Target: SUP2 | Affects: ['ALL']
        MortenaxBladeDMG | DMG% | Stacks: 1 | Value: 0.750 | Remaining Turns: 1 | TickDown: SUP2, PERM | Target: SUP2 | Affects: ['ALL']
        WarriorGoddessHealCD | CD% | Stacks: 1 | Value: 0.150 | Remaining Turns: 2 | TickDown: SUP2, START | Target: SUP2 | Affects: ['ALL']
        ConvergingStarsCD | CD% | Stacks: 1 | Value: 0.120 | Remaining Turns: 1 | TickDown: SUP2, PERM | Target: SUP2 | Affects: ['ALL']
        HuoHuoUltATK | ATK% | Stacks: 1 | Value: 0.400 | Remaining Turns: 2 | TickDown: SUP2, END | Target: SUP2 | Affects: ['ALL']
        HuoHuoUltExtraATK | ATK% | Stacks: 1 | Value: 0.240 | Remaining Turns: 2 | TickDown: SUP2, END | Target: SUP2 | Affects: ['ALL']
        TutorialERR | ERR_T | Stacks: 1 | Value: 8.000 | Remaining Turns: 1 | TickDown: SUP2, START | Target: SUP2 | Affects: ['ALL']
        ----------End of Buff List----------

        ----------Enemy Debuffs----------
        AshveilBaitShred | From: SUP1 | SHRED | Stacks: 1 | Value: 0.400 | Remaining Turns: 993 | Target: 1 | Targeting: ST | Affects: ['ALL'] | DOT: False | Blast: False
        MortenaxBladeUltVul | From: SUP2 | VULN | Stacks: 1 | Value: 0.500 | Remaining Turns: 2 | Target: 1 | Targeting: ST | Affects: ['ALL'] | DOT: False | Blast: False
        MortenaxBladeUltShred | From: SUP2 | SHRED | Stacks: 1 | Value: 0.300 | Remaining Turns: 2 | Target: 1 | Targeting: ST | Affects: ['ALL'] | DOT: False | Blast: False
        Enemy 1 LNG-break | From: DPS | SHOCK | Stacks: 1 | Value: 8414.001 | Remaining Turns: 2 | Target: 1 | Targeting: ST | Affects: ['ALL'] | DOT: True | Blast: False
        ----------End of Debuff List----------
        ----------Healing List----------
        ----------End of Healing List----------
    GAUGE  - Enemy 1 toughness reduced by 0.000
    RESULT - MortenaxBladeBounceFUA | MortenaxBlade | SUP2 | DMG: 12173.041 | ELADMG: 0.000 | Enemies Hit: [1] | Enemies Broken: [] | WB DMG: 0.000 | Energy: 0.000 | Amount HP Healed: 0.000 | Amount HP Lost: 0.000 | MortenaxBlade Energy: 37/160 | SP: 0 | MaxSP: 5)
    TURN   - MortenaxBladeBounceFUA | MortenaxBlade | SUP2 | ST attack | ['FIR'] | ['FUA'] | Scaling: HP | TargetID: 1 | DMG/BREAK Splits: [0.24, 0]/[5, 0] | Energy Gained: 0 | SP Change: 0

        ----------Char Buffs----------
        GilgameshTrace3ATK | ATK% | Stacks: 1 | Value: 0.200 | Remaining Turns: 1 | TickDown: SUP2, PERM | Target: SUP2 | Affects: ['ALL']
        GilgameshTrace3CD | CD% | Stacks: 1 | Value: 0.200 | Remaining Turns: 1 | TickDown: SUP2, PERM | Target: SUP2 | Affects: ['ALL']
        AshveilTrace3CD | CD% | Stacks: 1 | Value: 0.400 | Remaining Turns: 1 | TickDown: SUP1, PERM | Target: SUP2 | Affects: ['ALL']
        AshveilTrace3FUACD | CD% | Stacks: 1 | Value: 0.800 | Remaining Turns: 1 | TickDown: SUP1, PERM | Target: SUP2 | Affects: ['FUA']
        TutorialEHR | EHR% | Stacks: 1 | Value: 0.400 | Remaining Turns: 1 | TickDown: SUP2, PERM | Target: SUP2 | Affects: ['ALL']
        MasterSmithHP | HP% | Stacks: 1 | Value: 0.120 | Remaining Turns: 1 | TickDown: SUP2, PERM | Target: SUP2 | Affects: ['ALL']
        LushakaERR | ERR% | Stacks: 1 | Value: 0.050 | Remaining Turns: 1 | TickDown: SUP2, PERM | Target: SUP2 | Affects: ['ALL']
        MortenaxBladeTraceCR | CR% | Stacks: 1 | Value: 0.120 | Remaining Turns: 1 | TickDown: SUP2, PERM | Target: SUP2 | Affects: ['ALL']
        MortenaxBladeTraceHP | HP% | Stacks: 1 | Value: 0.100 | Remaining Turns: 1 | TickDown: SUP2, PERM | Target: SUP2 | Affects: ['ALL']
        MortenaxBladeTraceDMG | DMG% | Stacks: 1 | Value: 0.224 | Remaining Turns: 1 | TickDown: SUP2, PERM | Target: SUP2 | Affects: ['ALL']
        KeelCD(SUS) | CD% | Stacks: 1 | Value: 0.100 | Remaining Turns: 1 | TickDown: SUP2, PERM | Target: SUP2 | Affects: ['ALL']
        MasterSmithCD | CD% | Stacks: 1 | Value: 0.280 | Remaining Turns: 1 | TickDown: SUP2, PERM | Target: SUP2 | Affects: ['ALL']
        MasterSmithComburent | DMG% | Stacks: 1 | Value: 0.150 | Remaining Turns: 2 | TickDown: SUP2, END | Target: SUP2 | Affects: ['ALL']
        MortenaxBladeCRBoost | CR% | Stacks: 1 | Value: 0.200 | Remaining Turns: 1 | TickDown: SUP2, PERM | Target: SUP2 | Affects: ['ALL']
        MortenaxBladeCDBoost | CD% | Stacks: 1 | Value: 0.600 | Remaining Turns: 1 | TickDown: SUP2, PERM | Target: SUP2 | Affects: ['ALL']
        MortenaxBladeDMGReduction | DMG_REDUCTION | Stacks: 1 | Value: 0.500 | Remaining Turns: 1 | TickDown: SUP2, PERM | Target: SUP2 | Affects: ['ALL']
        MortenaxBladeDMGBoost | DMG% | Stacks: 1 | Value: 0.500 | Remaining Turns: 1 | TickDown: SUP2, PERM | Target: SUP2 | Affects: ['ALL']
        MortenaxBladeDMG | DMG% | Stacks: 1 | Value: 0.750 | Remaining Turns: 1 | TickDown: SUP2, PERM | Target: SUP2 | Affects: ['ALL']
        WarriorGoddessHealCD | CD% | Stacks: 1 | Value: 0.150 | Remaining Turns: 2 | TickDown: SUP2, START | Target: SUP2 | Affects: ['ALL']
        ConvergingStarsCD | CD% | Stacks: 1 | Value: 0.120 | Remaining Turns: 1 | TickDown: SUP2, PERM | Target: SUP2 | Affects: ['ALL']
        HuoHuoUltATK | ATK% | Stacks: 1 | Value: 0.400 | Remaining Turns: 2 | TickDown: SUP2, END | Target: SUP2 | Affects: ['ALL']
        HuoHuoUltExtraATK | ATK% | Stacks: 1 | Value: 0.240 | Remaining Turns: 2 | TickDown: SUP2, END | Target: SUP2 | Affects: ['ALL']
        TutorialERR | ERR_T | Stacks: 1 | Value: 8.000 | Remaining Turns: 1 | TickDown: SUP2, START | Target: SUP2 | Affects: ['ALL']
        ----------End of Buff List----------

        ----------Enemy Debuffs----------
        AshveilBaitShred | From: SUP1 | SHRED | Stacks: 1 | Value: 0.400 | Remaining Turns: 993 | Target: 1 | Targeting: ST | Affects: ['ALL'] | DOT: False | Blast: False
        MortenaxBladeUltVul | From: SUP2 | VULN | Stacks: 1 | Value: 0.500 | Remaining Turns: 2 | Target: 1 | Targeting: ST | Affects: ['ALL'] | DOT: False | Blast: False
        MortenaxBladeUltShred | From: SUP2 | SHRED | Stacks: 1 | Value: 0.300 | Remaining Turns: 2 | Target: 1 | Targeting: ST | Affects: ['ALL'] | DOT: False | Blast: False
        Enemy 1 LNG-break | From: DPS | SHOCK | Stacks: 1 | Value: 8414.001 | Remaining Turns: 2 | Target: 1 | Targeting: ST | Affects: ['ALL'] | DOT: True | Blast: False
        ----------End of Debuff List----------
        ----------Healing List----------
        ----------End of Healing List----------
    GAUGE  - Enemy 1 toughness reduced by 0.000
    RESULT - MortenaxBladeBounceFUA | MortenaxBlade | SUP2 | DMG: 12173.041 | ELADMG: 0.000 | Enemies Hit: [1] | Enemies Broken: [] | WB DMG: 0.000 | Energy: 0.000 | Amount HP Healed: 0.000 | Amount HP Lost: 0.000 | MortenaxBlade Energy: 37/160 | SP: 0 | MaxSP: 5)
    TURN   - MortenaxBladeBounceFUA | MortenaxBlade | SUP2 | ST attack | ['FIR'] | ['FUA'] | Scaling: HP | TargetID: 1 | DMG/BREAK Splits: [0.24, 0]/[5, 0] | Energy Gained: 0 | SP Change: 0

        ----------Char Buffs----------
        GilgameshTrace3ATK | ATK% | Stacks: 1 | Value: 0.200 | Remaining Turns: 1 | TickDown: SUP2, PERM | Target: SUP2 | Affects: ['ALL']
        GilgameshTrace3CD | CD% | Stacks: 1 | Value: 0.200 | Remaining Turns: 1 | TickDown: SUP2, PERM | Target: SUP2 | Affects: ['ALL']
        AshveilTrace3CD | CD% | Stacks: 1 | Value: 0.400 | Remaining Turns: 1 | TickDown: SUP1, PERM | Target: SUP2 | Affects: ['ALL']
        AshveilTrace3FUACD | CD% | Stacks: 1 | Value: 0.800 | Remaining Turns: 1 | TickDown: SUP1, PERM | Target: SUP2 | Affects: ['FUA']
        TutorialEHR | EHR% | Stacks: 1 | Value: 0.400 | Remaining Turns: 1 | TickDown: SUP2, PERM | Target: SUP2 | Affects: ['ALL']
        MasterSmithHP | HP% | Stacks: 1 | Value: 0.120 | Remaining Turns: 1 | TickDown: SUP2, PERM | Target: SUP2 | Affects: ['ALL']
        LushakaERR | ERR% | Stacks: 1 | Value: 0.050 | Remaining Turns: 1 | TickDown: SUP2, PERM | Target: SUP2 | Affects: ['ALL']
        MortenaxBladeTraceCR | CR% | Stacks: 1 | Value: 0.120 | Remaining Turns: 1 | TickDown: SUP2, PERM | Target: SUP2 | Affects: ['ALL']
        MortenaxBladeTraceHP | HP% | Stacks: 1 | Value: 0.100 | Remaining Turns: 1 | TickDown: SUP2, PERM | Target: SUP2 | Affects: ['ALL']
        MortenaxBladeTraceDMG | DMG% | Stacks: 1 | Value: 0.224 | Remaining Turns: 1 | TickDown: SUP2, PERM | Target: SUP2 | Affects: ['ALL']
        KeelCD(SUS) | CD% | Stacks: 1 | Value: 0.100 | Remaining Turns: 1 | TickDown: SUP2, PERM | Target: SUP2 | Affects: ['ALL']
        MasterSmithCD | CD% | Stacks: 1 | Value: 0.280 | Remaining Turns: 1 | TickDown: SUP2, PERM | Target: SUP2 | Affects: ['ALL']
        MasterSmithComburent | DMG% | Stacks: 1 | Value: 0.150 | Remaining Turns: 2 | TickDown: SUP2, END | Target: SUP2 | Affects: ['ALL']
        MortenaxBladeCRBoost | CR% | Stacks: 1 | Value: 0.200 | Remaining Turns: 1 | TickDown: SUP2, PERM | Target: SUP2 | Affects: ['ALL']
        MortenaxBladeCDBoost | CD% | Stacks: 1 | Value: 0.600 | Remaining Turns: 1 | TickDown: SUP2, PERM | Target: SUP2 | Affects: ['ALL']
        MortenaxBladeDMGReduction | DMG_REDUCTION | Stacks: 1 | Value: 0.500 | Remaining Turns: 1 | TickDown: SUP2, PERM | Target: SUP2 | Affects: ['ALL']
        MortenaxBladeDMGBoost | DMG% | Stacks: 1 | Value: 0.500 | Remaining Turns: 1 | TickDown: SUP2, PERM | Target: SUP2 | Affects: ['ALL']
        MortenaxBladeDMG | DMG% | Stacks: 1 | Value: 0.750 | Remaining Turns: 1 | TickDown: SUP2, PERM | Target: SUP2 | Affects: ['ALL']
        WarriorGoddessHealCD | CD% | Stacks: 1 | Value: 0.150 | Remaining Turns: 2 | TickDown: SUP2, START | Target: SUP2 | Affects: ['ALL']
        ConvergingStarsCD | CD% | Stacks: 1 | Value: 0.120 | Remaining Turns: 1 | TickDown: SUP2, PERM | Target: SUP2 | Affects: ['ALL']
        HuoHuoUltATK | ATK% | Stacks: 1 | Value: 0.400 | Remaining Turns: 2 | TickDown: SUP2, END | Target: SUP2 | Affects: ['ALL']
        HuoHuoUltExtraATK | ATK% | Stacks: 1 | Value: 0.240 | Remaining Turns: 2 | TickDown: SUP2, END | Target: SUP2 | Affects: ['ALL']
        TutorialERR | ERR_T | Stacks: 1 | Value: 8.000 | Remaining Turns: 1 | TickDown: SUP2, START | Target: SUP2 | Affects: ['ALL']
        ----------End of Buff List----------

        ----------Enemy Debuffs----------
        AshveilBaitShred | From: SUP1 | SHRED | Stacks: 1 | Value: 0.400 | Remaining Turns: 993 | Target: 1 | Targeting: ST | Affects: ['ALL'] | DOT: False | Blast: False
        MortenaxBladeUltVul | From: SUP2 | VULN | Stacks: 1 | Value: 0.500 | Remaining Turns: 2 | Target: 1 | Targeting: ST | Affects: ['ALL'] | DOT: False | Blast: False
        MortenaxBladeUltShred | From: SUP2 | SHRED | Stacks: 1 | Value: 0.300 | Remaining Turns: 2 | Target: 1 | Targeting: ST | Affects: ['ALL'] | DOT: False | Blast: False
        Enemy 1 LNG-break | From: DPS | SHOCK | Stacks: 1 | Value: 8414.001 | Remaining Turns: 2 | Target: 1 | Targeting: ST | Affects: ['ALL'] | DOT: True | Blast: False
        ----------End of Debuff List----------
        ----------Healing List----------
        ----------End of Healing List----------
    GAUGE  - Enemy 1 toughness reduced by 0.000
    RESULT - MortenaxBladeBounceFUA | MortenaxBlade | SUP2 | DMG: 12173.041 | ELADMG: 0.000 | Enemies Hit: [1] | Enemies Broken: [] | WB DMG: 0.000 | Energy: 0.000 | Amount HP Healed: 0.000 | Amount HP Lost: 0.000 | MortenaxBlade Energy: 37/160 | SP: 0 | MaxSP: 5)
    TURN   - HuoHuoAllyERR | HuoHuo | SUS | NA attack | ['WIN'] | ['SPECIAL'] | Scaling: HP | TargetID: 1 | DMG/BREAK Splits: [0, 0]/[0, 0] | Energy Gained: 1 | SP Change: 0

        ----------Char Buffs----------
        GilgameshTrace3ATK | ATK% | Stacks: 1 | Value: 0.200 | Remaining Turns: 1 | TickDown: SUS, PERM | Target: SUS | Affects: ['ALL']
        GilgameshTrace3CD | CD% | Stacks: 1 | Value: 0.200 | Remaining Turns: 1 | TickDown: SUS, PERM | Target: SUS | Affects: ['ALL']
        AshveilTrace3CD | CD% | Stacks: 1 | Value: 0.400 | Remaining Turns: 1 | TickDown: SUP1, PERM | Target: SUS | Affects: ['ALL']
        PostOpERR | ERR% | Stacks: 1 | Value: 0.160 | Remaining Turns: 1 | TickDown: SUS, PERM | Target: SUS | Affects: ['ALL']
        WarriorGoddessSPD | SPD% | Stacks: 1 | Value: 0.060 | Remaining Turns: 1 | TickDown: SUS, PERM | Target: SUS | Affects: ['ALL']
        KeelEFFRES | ERS% | Stacks: 1 | Value: 0.100 | Remaining Turns: 1 | TickDown: SUS, PERM | Target: SUS | Affects: ['ALL']
        KeelCD(SUS) | CD% | Stacks: 1 | Value: 0.100 | Remaining Turns: 1 | TickDown: SUS, PERM | Target: SUS | Affects: ['ALL']
        HHTraceHP | HP% | Stacks: 1 | Value: 0.280 | Remaining Turns: 1 | TickDown: SUS, PERM | Target: SUS | Affects: ['ALL']
        HHTraceERS | ERS% | Stacks: 1 | Value: 0.180 | Remaining Turns: 1 | TickDown: SUS, PERM | Target: SUS | Affects: ['ALL']
        HHTraceSPD | SPD | Stacks: 1 | Value: 5.000 | Remaining Turns: 1 | TickDown: SUS, PERM | Target: SUS | Affects: ['ALL']
        MasterSmithComburent | DMG% | Stacks: 1 | Value: 0.150 | Remaining Turns: 2 | TickDown: SUS, END | Target: SUS | Affects: ['ALL']
        MortenaxBladeDMGBoost | DMG% | Stacks: 1 | Value: 0.500 | Remaining Turns: 1 | TickDown: SUS, PERM | Target: SUS | Affects: ['ALL']
        WarriorGoddessHealSPD | SPD% | Stacks: 1 | Value: 0.060 | Remaining Turns: 2 | TickDown: SUS, START | Target: SUS | Affects: ['ALL']
        WarriorGoddessHealCD | CD% | Stacks: 1 | Value: 0.150 | Remaining Turns: 2 | TickDown: SUS, START | Target: SUS | Affects: ['ALL']
        ConvergingStarsCD | CD% | Stacks: 1 | Value: 0.120 | Remaining Turns: 1 | TickDown: SUS, PERM | Target: SUS | Affects: ['ALL']
        ----------End of Buff List----------

        ----------Enemy Debuffs----------
        AshveilBaitShred | From: SUP1 | SHRED | Stacks: 1 | Value: 0.400 | Remaining Turns: 993 | Target: 1 | Targeting: ST | Affects: ['ALL'] | DOT: False | Blast: False
        MortenaxBladeUltVul | From: SUP2 | VULN | Stacks: 1 | Value: 0.500 | Remaining Turns: 2 | Target: 1 | Targeting: ST | Affects: ['ALL'] | DOT: False | Blast: False
        MortenaxBladeUltShred | From: SUP2 | SHRED | Stacks: 1 | Value: 0.300 | Remaining Turns: 2 | Target: 1 | Targeting: ST | Affects: ['ALL'] | DOT: False | Blast: False
        Enemy 1 LNG-break | From: DPS | SHOCK | Stacks: 1 | Value: 8414.001 | Remaining Turns: 2 | Target: 1 | Targeting: ST | Affects: ['ALL'] | DOT: True | Blast: False
        ----------End of Debuff List----------
        ----------Healing List----------
        ----------End of Healing List----------
    GAUGE  - Enemy 1 toughness reduced by 0.000
    RESULT - HuoHuoAllyERR | HuoHuo | SUS | DMG: 0.000 | ELADMG: 0.000 | Enemies Hit: [1] | Enemies Broken: [] | WB DMG: 0.000 | Energy: 1.354 | Amount HP Healed: 0.000 | Amount HP Lost: 0.000 | HuoHuo Energy: 17/140 | SP: 0 | MaxSP: 5)
    TURN   - AshveilFUA | Ashveil | SUP1 | ST attack | ['LNG'] | ['FUA'] | Scaling: ATK | TargetID: 0 | DMG/BREAK Splits: [2.0, 0]/[5, 0] | Energy Gained: 5 | SP Change: 0

        ----------Char Buffs----------
        GilgameshTrace3ATK | ATK% | Stacks: 1 | Value: 0.200 | Remaining Turns: 1 | TickDown: SUP1, PERM | Target: SUP1 | Affects: ['ALL']
        GilgameshTrace3CD | CD% | Stacks: 1 | Value: 0.200 | Remaining Turns: 1 | TickDown: SUP1, PERM | Target: SUP1 | Affects: ['ALL']
        CruisingBaseCR | CR% | Stacks: 1 | Value: 0.160 | Remaining Turns: 1 | TickDown: SUP1, PERM | Target: SUP1 | Affects: ['ALL']
        DukeDMG | DMG% | Stacks: 1 | Value: 0.200 | Remaining Turns: 1 | TickDown: SUP1, PERM | Target: SUP1 | Affects: ['FUA']
        AshveilTraceCD | CD% | Stacks: 1 | Value: 0.373 | Remaining Turns: 1 | TickDown: SUP1, PERM | Target: SUP1 | Affects: ['ALL']
        AshveilTraceATK | ATK% | Stacks: 1 | Value: 0.100 | Remaining Turns: 1 | TickDown: SUP1, PERM | Target: SUP1 | Affects: ['ALL']
        AshveilTraceDMG | DMG% | Stacks: 1 | Value: 0.144 | Remaining Turns: 1 | TickDown: SUP1, PERM | Target: SUP1 | Affects: ['ALL']
        AshveilTrace2DMG | DMG% | Stacks: 1 | Value: 0.800 | Remaining Turns: 1 | TickDown: SUP1, PERM | Target: SUP1 | Affects: ['FUA']
        AshveilTrace3CD | CD% | Stacks: 1 | Value: 0.400 | Remaining Turns: 1 | TickDown: SUP1, PERM | Target: SUP1 | Affects: ['ALL']
        AshveilTrace3FUACD | CD% | Stacks: 1 | Value: 0.800 | Remaining Turns: 1 | TickDown: SUP1, PERM | Target: SUP1 | Affects: ['FUA']
        KeelCD(SUS) | CD% | Stacks: 1 | Value: 0.100 | Remaining Turns: 1 | TickDown: SUP1, PERM | Target: SUP1 | Affects: ['ALL']
        GilgameshTrace3AllyATK | ATK% | Stacks: 1 | Value: 0.100 | Remaining Turns: 1 | TickDown: SUP1, PERM | Target: SUP1 | Affects: ['ALL']
        GilgameshTrace3AllyCD | CD% | Stacks: 1 | Value: 0.100 | Remaining Turns: 1 | TickDown: SUP1, PERM | Target: SUP1 | Affects: ['ALL']
        MasterSmithComburent | DMG% | Stacks: 1 | Value: 0.150 | Remaining Turns: 2 | TickDown: SUP1, END | Target: SUP1 | Affects: ['ALL']
        DukeATK | ATK% | Stacks: 1 | Value: 0.480 | Remaining Turns: 3 | TickDown: SUP1, END | Target: SUP1 | Affects: ['ALL']
        ConvergingStarsATK | ATK% | Stacks: 1 | Value: 0.240 | Remaining Turns: 2 | TickDown: SUP1, END | Target: SUP1 | Affects: ['ALL']
        MortenaxBladeDMGBoost | DMG% | Stacks: 1 | Value: 0.500 | Remaining Turns: 1 | TickDown: SUP1, PERM | Target: SUP1 | Affects: ['ALL']
        WarriorGoddessHealCD | CD% | Stacks: 1 | Value: 0.150 | Remaining Turns: 2 | TickDown: SUP1, START | Target: SUP1 | Affects: ['ALL']
        ConvergingStarsCD | CD% | Stacks: 1 | Value: 0.120 | Remaining Turns: 1 | TickDown: SUP1, PERM | Target: SUP1 | Affects: ['ALL']
        CruisingKillATK | ATK% | Stacks: 1 | Value: 0.400 | Remaining Turns: 1 | TickDown: SUP1, END | Target: SUP1 | Affects: ['ALL']
        CruisingLowHPCR | CR% | Stacks: 1 | Value: 0.160 | Remaining Turns: 1 | TickDown: SUP1, START | Target: SUP1 | Affects: ['ALL']
        AshveilTalentEnergy30 | ERR_F | Stacks: 1 | Value: 8.000 | Remaining Turns: 1 | TickDown: SUP1, END | Target: SUP1 | Affects: ['ALL']
        AshveilTrace2GluttonyDMG | DMG% | Stacks: 1 | Value: 0.500 | Remaining Turns: 1 | TickDown: SUP1, END | Target: SUP1 | Affects: ['FUA']
        AshveilTalentEnergy31 | ERR_F | Stacks: 1 | Value: 8.000 | Remaining Turns: 1 | TickDown: SUP1, END | Target: SUP1 | Affects: ['ALL']
        ----------End of Buff List----------

        ----------Enemy Debuffs----------
        AshveilBaitShred | From: SUP1 | SHRED | Stacks: 1 | Value: 0.400 | Remaining Turns: 995 | Target: 0 | Targeting: ST | Affects: ['ALL'] | DOT: False | Blast: False
        MortenaxBladeUltVul | From: SUP2 | VULN | Stacks: 1 | Value: 0.500 | Remaining Turns: 2 | Target: 0 | Targeting: ST | Affects: ['ALL'] | DOT: False | Blast: False
        MortenaxBladeUltShred | From: SUP2 | SHRED | Stacks: 1 | Value: 0.300 | Remaining Turns: 2 | Target: 0 | Targeting: ST | Affects: ['ALL'] | DOT: False | Blast: False
        Enemy 0 LNG-break | From: DPS | SHOCK | Stacks: 1 | Value: 8414.001 | Remaining Turns: 1 | Target: 0 | Targeting: ST | Affects: ['ALL'] | DOT: True | Blast: False
        ----------End of Debuff List----------
        ----------Healing List----------
        ----------End of Healing List----------
    GAUGE  - Enemy 0 toughness reduced by 5.000
    RESULT - AshveilFUA | Ashveil | SUP1 | DMG: 143781.220 | ELADMG: 0.000 | Enemies Hit: [0] | Enemies Broken: [] | WB DMG: 0.000 | Energy: 5.000 | Amount HP Healed: 0.000 | Amount HP Lost: 0.000 | Ashveil Energy: 57/150 | SP: 0 | MaxSP: 5)
Gilgamesh Obtained 1 Interest from Teammate, Current count: 18
MortenaxBlade has obtained 1 Charge. Current Charge count: 3.
ERR    > 48.000 energy added to Gilgamesh from GilgameshTrace1ERRAlly2 | Gilgamesh Energy: 360.000
ERR    > 8.000 energy added to Ashveil from AshveilTalentEnergy30 | Ashveil Energy: 64.667
ERR    > 8.000 energy added to Ashveil from AshveilTalentEnergy31 | Ashveil Energy: 72.667
ERR    > 9.955 energy added to MortenaxBlade from TutorialERR | MortenaxBlade Energy: 47.287
        Debuff Enemy 0 LNG-break expired
ULT    > Gilgamesh used their ultimate
Gilgamesh Obtained 2 Interest from Ult, Current count: 20
Gilgamesh JointCounter increased by one, current count: 12
    TURN   - GilgameshUltAll | Gilgamesh | DPS | AOE attack | ['LNG'] | ['ULT'] | Scaling: ATK | TargetID: 1 | DMG/BREAK Splits: [4.0, 0]/[40, 0] | Energy Gained: 0 | SP Change: 0

        ----------Char Buffs----------
        ScholarCR | CR% | Stacks: 1 | Value: 0.080 | Remaining Turns: 1 | TickDown: DPS, PERM | Target: DPS | Affects: ['ALL']
        ScholarDMG | DMG% | Stacks: 1 | Value: 0.200 | Remaining Turns: 1 | TickDown: DPS, PERM | Target: DPS | Affects: ['SKL', 'ULT']
        GilgameshTraceATK | ATK | Stacks: 1 | Value: 0.180 | Remaining Turns: 1 | TickDown: DPS, PERM | Target: DPS | Affects: ['ALL']
        GilgameshTraceCR | CR% | Stacks: 1 | Value: 0.187 | Remaining Turns: 1 | TickDown: DPS, PERM | Target: DPS | Affects: ['ALL']
        GilgameshTraceDMG | DMG% | Stacks: 1 | Value: 0.080 | Remaining Turns: 1 | TickDown: DPS, PERM | Target: DPS | Affects: ['ALL']
        GilgameshTrace3ATK | ATK% | Stacks: 1 | Value: 0.200 | Remaining Turns: 1 | TickDown: DPS, PERM | Target: DPS | Affects: ['ALL']
        GilgameshTrace3CD | CD% | Stacks: 1 | Value: 0.200 | Remaining Turns: 1 | TickDown: DPS, PERM | Target: DPS | Affects: ['ALL']
        GilgameshTrace3SelfATK | ATK% | Stacks: 1 | Value: 1.000 | Remaining Turns: 1 | TickDown: DPS, PERM | Target: DPS | Affects: ['ALL']
        GilgameshTrace3SelfCD | CD% | Stacks: 1 | Value: 1.000 | Remaining Turns: 1 | TickDown: DPS, PERM | Target: DPS | Affects: ['ALL']
        AshveilTrace3CD | CD% | Stacks: 1 | Value: 0.400 | Remaining Turns: 1 | TickDown: SUP1, PERM | Target: DPS | Affects: ['ALL']
        LushakaATK(SUP2) | ATK% | Stacks: 1 | Value: 0.120 | Remaining Turns: 1 | TickDown: DPS, PERM | Target: DPS | Affects: ['ALL']
        KeelCD(SUS) | CD% | Stacks: 1 | Value: 0.100 | Remaining Turns: 1 | TickDown: DPS, PERM | Target: DPS | Affects: ['ALL']
        CosmicLifeDMG | DMG% | Stacks: 1 | Value: 0.320 | Remaining Turns: 1 | TickDown: DPS, PERM | Target: DPS | Affects: ['ALL']
        Trace2CDExtra | CD% | Stacks: 1 | Value: 1.500 | Remaining Turns: 1 | TickDown: DPS, PERM | Target: DPS | Affects: ['ALL']
        GilgameshInterestSPD | SPD% | Stacks: 1 | Value: 1.800 | Remaining Turns: 1 | TickDown: SUP2, PERM | Target: DPS | Affects: ['ALL']
        MasterSmithComburent | DMG% | Stacks: 1 | Value: 0.150 | Remaining Turns: 2 | TickDown: DPS, END | Target: DPS | Affects: ['ALL']
        MortenaxBladeDMGBoost | DMG% | Stacks: 1 | Value: 0.500 | Remaining Turns: 1 | TickDown: DPS, PERM | Target: DPS | Affects: ['ALL']
        GilgameshUltDmg | DMG% | Stacks: 1 | Value: 0.400 | Remaining Turns: 3 | TickDown: DPS, END | Target: DPS | Affects: ['ULT']
        WarriorGoddessHealCD | CD% | Stacks: 1 | Value: 0.150 | Remaining Turns: 2 | TickDown: DPS, START | Target: DPS | Affects: ['ALL']
        GilgameshSKLShred | SHRED | Stacks: 1 | Value: 0.300 | Remaining Turns: 2 | TickDown: DPS, END | Target: DPS | Affects: ['ALL']
        AeonATK | ATK% | Stacks: 1 | Value: 0.640 | Remaining Turns: 1 | TickDown: DPS, PERM | Target: DPS | Affects: ['ALL']
        ConvergingStarsCD | CD% | Stacks: 1 | Value: 0.120 | Remaining Turns: 1 | TickDown: DPS, PERM | Target: DPS | Affects: ['ALL']
        AeonDMG | DMG% | Stacks: 1 | Value: 0.240 | Remaining Turns: 1 | TickDown: DPS, END | Target: DPS | Affects: ['ALL']
        HuoHuoUltATK | ATK% | Stacks: 1 | Value: 0.400 | Remaining Turns: 2 | TickDown: DPS, END | Target: DPS | Affects: ['ALL']
        HuoHuoUltExtraATK | ATK% | Stacks: 1 | Value: 0.240 | Remaining Turns: 2 | TickDown: DPS, END | Target: DPS | Affects: ['ALL']
        ----------End of Buff List----------

        ----------Enemy Debuffs----------
        AshveilBaitShred | From: SUP1 | SHRED | Stacks: 1 | Value: 0.400 | Remaining Turns: 993 | Target: 1 | Targeting: ST | Affects: ['ALL'] | DOT: False | Blast: False
        MortenaxBladeUltVul | From: SUP2 | VULN | Stacks: 1 | Value: 0.500 | Remaining Turns: 2 | Target: 1 | Targeting: ST | Affects: ['ALL'] | DOT: False | Blast: False
        MortenaxBladeUltShred | From: SUP2 | SHRED | Stacks: 1 | Value: 0.300 | Remaining Turns: 2 | Target: 1 | Targeting: ST | Affects: ['ALL'] | DOT: False | Blast: False
        Enemy 1 LNG-break | From: DPS | SHOCK | Stacks: 1 | Value: 8414.001 | Remaining Turns: 2 | Target: 1 | Targeting: ST | Affects: ['ALL'] | DOT: True | Blast: False
        ----------End of Debuff List----------
        ----------Healing List----------
        ----------End of Healing List----------
    GAUGE  - Enemy 0 toughness reduced by 40.000
    GAUGE  - Enemy 1 toughness reduced by 40.000
    GAUGE  - Enemy 2 toughness reduced by 40.000
    RESULT - GilgameshUltAll | Gilgamesh | DPS | DMG: 1872430.774 | ELADMG: 0.000 | Enemies Hit: [0, 1, 2] | Enemies Broken: [2] | WB DMG: 18931.503 | Energy: 0.000 | Amount HP Healed: 0.000 | Amount HP Lost: 0.000 | Gilgamesh Energy: 0/360 | SP: 0 | MaxSP: 5)
Ashveil has obtained 2 gluttony stacks from FUA.
MortenaxBlade has obtained 1 Charge. Current Charge count: 4.
    TURN   - GilgameshUltSingle | Gilgamesh | DPS | ST attack | ['LNG'] | ['ULT'] | Scaling: ATK | TargetID: 1 | DMG/BREAK Splits: [10.0, 0]/[20, 0] | Energy Gained: 5 | SP Change: 0

        ----------Char Buffs----------
        ScholarCR | CR% | Stacks: 1 | Value: 0.080 | Remaining Turns: 1 | TickDown: DPS, PERM | Target: DPS | Affects: ['ALL']
        ScholarDMG | DMG% | Stacks: 1 | Value: 0.200 | Remaining Turns: 1 | TickDown: DPS, PERM | Target: DPS | Affects: ['SKL', 'ULT']
        GilgameshTraceATK | ATK | Stacks: 1 | Value: 0.180 | Remaining Turns: 1 | TickDown: DPS, PERM | Target: DPS | Affects: ['ALL']
        GilgameshTraceCR | CR% | Stacks: 1 | Value: 0.187 | Remaining Turns: 1 | TickDown: DPS, PERM | Target: DPS | Affects: ['ALL']
        GilgameshTraceDMG | DMG% | Stacks: 1 | Value: 0.080 | Remaining Turns: 1 | TickDown: DPS, PERM | Target: DPS | Affects: ['ALL']
        GilgameshTrace3ATK | ATK% | Stacks: 1 | Value: 0.200 | Remaining Turns: 1 | TickDown: DPS, PERM | Target: DPS | Affects: ['ALL']
        GilgameshTrace3CD | CD% | Stacks: 1 | Value: 0.200 | Remaining Turns: 1 | TickDown: DPS, PERM | Target: DPS | Affects: ['ALL']
        GilgameshTrace3SelfATK | ATK% | Stacks: 1 | Value: 1.000 | Remaining Turns: 1 | TickDown: DPS, PERM | Target: DPS | Affects: ['ALL']
        GilgameshTrace3SelfCD | CD% | Stacks: 1 | Value: 1.000 | Remaining Turns: 1 | TickDown: DPS, PERM | Target: DPS | Affects: ['ALL']
        AshveilTrace3CD | CD% | Stacks: 1 | Value: 0.400 | Remaining Turns: 1 | TickDown: SUP1, PERM | Target: DPS | Affects: ['ALL']
        LushakaATK(SUP2) | ATK% | Stacks: 1 | Value: 0.120 | Remaining Turns: 1 | TickDown: DPS, PERM | Target: DPS | Affects: ['ALL']
        KeelCD(SUS) | CD% | Stacks: 1 | Value: 0.100 | Remaining Turns: 1 | TickDown: DPS, PERM | Target: DPS | Affects: ['ALL']
        CosmicLifeDMG | DMG% | Stacks: 1 | Value: 0.320 | Remaining Turns: 1 | TickDown: DPS, PERM | Target: DPS | Affects: ['ALL']
        Trace2CDExtra | CD% | Stacks: 1 | Value: 1.500 | Remaining Turns: 1 | TickDown: DPS, PERM | Target: DPS | Affects: ['ALL']
        GilgameshInterestSPD | SPD% | Stacks: 1 | Value: 2.000 | Remaining Turns: 1 | TickDown: SUP2, PERM | Target: DPS | Affects: ['ALL']
        MasterSmithComburent | DMG% | Stacks: 1 | Value: 0.150 | Remaining Turns: 2 | TickDown: DPS, END | Target: DPS | Affects: ['ALL']
        MortenaxBladeDMGBoost | DMG% | Stacks: 1 | Value: 0.500 | Remaining Turns: 1 | TickDown: DPS, PERM | Target: DPS | Affects: ['ALL']
        GilgameshUltDmg | DMG% | Stacks: 1 | Value: 0.400 | Remaining Turns: 3 | TickDown: DPS, END | Target: DPS | Affects: ['ULT']
        WarriorGoddessHealCD | CD% | Stacks: 1 | Value: 0.150 | Remaining Turns: 2 | TickDown: DPS, START | Target: DPS | Affects: ['ALL']
        GilgameshSKLShred | SHRED | Stacks: 1 | Value: 0.300 | Remaining Turns: 2 | TickDown: DPS, END | Target: DPS | Affects: ['ALL']
        AeonATK | ATK% | Stacks: 1 | Value: 0.640 | Remaining Turns: 1 | TickDown: DPS, PERM | Target: DPS | Affects: ['ALL']
        ConvergingStarsCD | CD% | Stacks: 1 | Value: 0.120 | Remaining Turns: 1 | TickDown: DPS, PERM | Target: DPS | Affects: ['ALL']
        AeonDMG | DMG% | Stacks: 1 | Value: 0.240 | Remaining Turns: 2 | TickDown: DPS, END | Target: DPS | Affects: ['ALL']
        HuoHuoUltATK | ATK% | Stacks: 1 | Value: 0.400 | Remaining Turns: 2 | TickDown: DPS, END | Target: DPS | Affects: ['ALL']
        HuoHuoUltExtraATK | ATK% | Stacks: 1 | Value: 0.240 | Remaining Turns: 2 | TickDown: DPS, END | Target: DPS | Affects: ['ALL']
        ----------End of Buff List----------

        ----------Enemy Debuffs----------
        AshveilBaitShred | From: SUP1 | SHRED | Stacks: 1 | Value: 0.400 | Remaining Turns: 993 | Target: 1 | Targeting: ST | Affects: ['ALL'] | DOT: False | Blast: False
        MortenaxBladeUltVul | From: SUP2 | VULN | Stacks: 1 | Value: 0.500 | Remaining Turns: 2 | Target: 1 | Targeting: ST | Affects: ['ALL'] | DOT: False | Blast: False
        MortenaxBladeUltShred | From: SUP2 | SHRED | Stacks: 1 | Value: 0.300 | Remaining Turns: 2 | Target: 1 | Targeting: ST | Affects: ['ALL'] | DOT: False | Blast: False
        Enemy 1 LNG-break | From: DPS | SHOCK | Stacks: 1 | Value: 8414.001 | Remaining Turns: 2 | Target: 1 | Targeting: ST | Affects: ['ALL'] | DOT: True | Blast: False
        ----------End of Debuff List----------
        ----------Healing List----------
        HuoHuoTalentHealingScaling | Targeting: Targeting.SINGLE | Healing Value: [0] | Target: ALL
        HuoHuoTalentHealingScaling | Targeting: Targeting.SINGLE | Healing Value: [0] | Target: ALL
        HuoHuoTalentHealingScaling | Targeting: Targeting.SINGLE | Healing Value: [0.045] | Target: ALL
        HuoHuoTalentHealingScaling | Targeting: Targeting.SINGLE | Healing Value: [0] | Target: ALL
        HuoHuoTalentHealingFlat | Targeting: Targeting.SINGLE | Healing Value: [0] | Target: ALL
        HuoHuoTalentHealingFlat | Targeting: Targeting.SINGLE | Healing Value: [0] | Target: ALL
        HuoHuoTalentHealingFlat | Targeting: Targeting.SINGLE | Healing Value: [120] | Target: ALL
        HuoHuoTalentHealingFlat | Targeting: Targeting.SINGLE | Healing Value: [0] | Target: ALL
        ----------End of Healing List----------
    GAUGE  - Enemy 1 toughness reduced by 20.000
    RESULT - GilgameshUltSingle | Gilgamesh | DPS | DMG: 1671813.191 | ELADMG: 0.000 | Enemies Hit: [1] | Enemies Broken: [] | WB DMG: 0.000 | Energy: 5.000 | Amount HP Healed: 438.089 | Amount HP Lost: 0.000 | Gilgamesh Energy: 5/360 | SP: 0 | MaxSP: 5)
    TURN   - AshveilFUA | Ashveil | SUP1 | ST attack | ['LNG'] | ['FUA'] | Scaling: ATK | TargetID: 0 | DMG/BREAK Splits: [2.0, 0]/[5, 0] | Energy Gained: 5 | SP Change: 0

        ----------Char Buffs----------
        GilgameshTrace3ATK | ATK% | Stacks: 1 | Value: 0.200 | Remaining Turns: 1 | TickDown: SUP1, PERM | Target: SUP1 | Affects: ['ALL']
        GilgameshTrace3CD | CD% | Stacks: 1 | Value: 0.200 | Remaining Turns: 1 | TickDown: SUP1, PERM | Target: SUP1 | Affects: ['ALL']
        CruisingBaseCR | CR% | Stacks: 1 | Value: 0.160 | Remaining Turns: 1 | TickDown: SUP1, PERM | Target: SUP1 | Affects: ['ALL']
        DukeDMG | DMG% | Stacks: 1 | Value: 0.200 | Remaining Turns: 1 | TickDown: SUP1, PERM | Target: SUP1 | Affects: ['FUA']
        AshveilTraceCD | CD% | Stacks: 1 | Value: 0.373 | Remaining Turns: 1 | TickDown: SUP1, PERM | Target: SUP1 | Affects: ['ALL']
        AshveilTraceATK | ATK% | Stacks: 1 | Value: 0.100 | Remaining Turns: 1 | TickDown: SUP1, PERM | Target: SUP1 | Affects: ['ALL']
        AshveilTraceDMG | DMG% | Stacks: 1 | Value: 0.144 | Remaining Turns: 1 | TickDown: SUP1, PERM | Target: SUP1 | Affects: ['ALL']
        AshveilTrace2DMG | DMG% | Stacks: 1 | Value: 0.800 | Remaining Turns: 1 | TickDown: SUP1, PERM | Target: SUP1 | Affects: ['FUA']
        AshveilTrace3CD | CD% | Stacks: 1 | Value: 0.400 | Remaining Turns: 1 | TickDown: SUP1, PERM | Target: SUP1 | Affects: ['ALL']
        AshveilTrace3FUACD | CD% | Stacks: 1 | Value: 0.800 | Remaining Turns: 1 | TickDown: SUP1, PERM | Target: SUP1 | Affects: ['FUA']
        KeelCD(SUS) | CD% | Stacks: 1 | Value: 0.100 | Remaining Turns: 1 | TickDown: SUP1, PERM | Target: SUP1 | Affects: ['ALL']
        GilgameshTrace3AllyATK | ATK% | Stacks: 1 | Value: 0.100 | Remaining Turns: 1 | TickDown: SUP1, PERM | Target: SUP1 | Affects: ['ALL']
        GilgameshTrace3AllyCD | CD% | Stacks: 1 | Value: 0.100 | Remaining Turns: 1 | TickDown: SUP1, PERM | Target: SUP1 | Affects: ['ALL']
        MasterSmithComburent | DMG% | Stacks: 1 | Value: 0.150 | Remaining Turns: 2 | TickDown: SUP1, END | Target: SUP1 | Affects: ['ALL']
        DukeATK | ATK% | Stacks: 1 | Value: 0.480 | Remaining Turns: 3 | TickDown: SUP1, END | Target: SUP1 | Affects: ['ALL']
        ConvergingStarsATK | ATK% | Stacks: 1 | Value: 0.240 | Remaining Turns: 2 | TickDown: SUP1, END | Target: SUP1 | Affects: ['ALL']
        MortenaxBladeDMGBoost | DMG% | Stacks: 1 | Value: 0.500 | Remaining Turns: 1 | TickDown: SUP1, PERM | Target: SUP1 | Affects: ['ALL']
        WarriorGoddessHealCD | CD% | Stacks: 1 | Value: 0.150 | Remaining Turns: 2 | TickDown: SUP1, START | Target: SUP1 | Affects: ['ALL']
        ConvergingStarsCD | CD% | Stacks: 1 | Value: 0.120 | Remaining Turns: 1 | TickDown: SUP1, PERM | Target: SUP1 | Affects: ['ALL']
        CruisingKillATK | ATK% | Stacks: 1 | Value: 0.400 | Remaining Turns: 1 | TickDown: SUP1, END | Target: SUP1 | Affects: ['ALL']
        CruisingLowHPCR | CR% | Stacks: 1 | Value: 0.160 | Remaining Turns: 1 | TickDown: SUP1, START | Target: SUP1 | Affects: ['ALL']
        AshveilTrace2GluttonyDMG | DMG% | Stacks: 1 | Value: 0.700 | Remaining Turns: 1 | TickDown: SUP1, END | Target: SUP1 | Affects: ['FUA']
        AshveilTalentEnergy32 | ERR_F | Stacks: 1 | Value: 8.000 | Remaining Turns: 1 | TickDown: SUP1, END | Target: SUP1 | Affects: ['ALL']
        ----------End of Buff List----------

        ----------Enemy Debuffs----------
        AshveilBaitShred | From: SUP1 | SHRED | Stacks: 1 | Value: 0.400 | Remaining Turns: 994 | Target: 0 | Targeting: ST | Affects: ['ALL'] | DOT: False | Blast: False
        MortenaxBladeUltVul | From: SUP2 | VULN | Stacks: 1 | Value: 0.500 | Remaining Turns: 1 | Target: 0 | Targeting: ST | Affects: ['ALL'] | DOT: False | Blast: False
        MortenaxBladeUltShred | From: SUP2 | SHRED | Stacks: 1 | Value: 0.300 | Remaining Turns: 1 | Target: 0 | Targeting: ST | Affects: ['ALL'] | DOT: False | Blast: False
        ----------End of Debuff List----------
        ----------Healing List----------
        ----------End of Healing List----------
    GAUGE  - Enemy 0 toughness reduced by 5.000
    RESULT - AshveilFUA | Ashveil | SUP1 | DMG: 152511.106 | ELADMG: 0.000 | Enemies Hit: [0] | Enemies Broken: [] | WB DMG: 0.000 | Energy: 5.000 | Amount HP Healed: 0.000 | Amount HP Lost: 0.000 | Ashveil Energy: 78/150 | SP: 0 | MaxSP: 5)
Gilgamesh Obtained 1 Interest from Teammate, Current count: 21
MortenaxBlade has obtained 1 Charge. Current Charge count: 5.
    TURN   - HuoHuoAllyERR | HuoHuo | SUS | NA attack | ['WIN'] | ['SPECIAL'] | Scaling: HP | TargetID: 1 | DMG/BREAK Splits: [0, 0]/[0, 0] | Energy Gained: 1 | SP Change: 0

        ----------Char Buffs----------
        GilgameshTrace3ATK | ATK% | Stacks: 1 | Value: 0.200 | Remaining Turns: 1 | TickDown: SUS, PERM | Target: SUS | Affects: ['ALL']
        GilgameshTrace3CD | CD% | Stacks: 1 | Value: 0.200 | Remaining Turns: 1 | TickDown: SUS, PERM | Target: SUS | Affects: ['ALL']
        AshveilTrace3CD | CD% | Stacks: 1 | Value: 0.400 | Remaining Turns: 1 | TickDown: SUP1, PERM | Target: SUS | Affects: ['ALL']
        PostOpERR | ERR% | Stacks: 1 | Value: 0.160 | Remaining Turns: 1 | TickDown: SUS, PERM | Target: SUS | Affects: ['ALL']
        WarriorGoddessSPD | SPD% | Stacks: 1 | Value: 0.060 | Remaining Turns: 1 | TickDown: SUS, PERM | Target: SUS | Affects: ['ALL']
        KeelEFFRES | ERS% | Stacks: 1 | Value: 0.100 | Remaining Turns: 1 | TickDown: SUS, PERM | Target: SUS | Affects: ['ALL']
        KeelCD(SUS) | CD% | Stacks: 1 | Value: 0.100 | Remaining Turns: 1 | TickDown: SUS, PERM | Target: SUS | Affects: ['ALL']
        HHTraceHP | HP% | Stacks: 1 | Value: 0.280 | Remaining Turns: 1 | TickDown: SUS, PERM | Target: SUS | Affects: ['ALL']
        HHTraceERS | ERS% | Stacks: 1 | Value: 0.180 | Remaining Turns: 1 | TickDown: SUS, PERM | Target: SUS | Affects: ['ALL']
        HHTraceSPD | SPD | Stacks: 1 | Value: 5.000 | Remaining Turns: 1 | TickDown: SUS, PERM | Target: SUS | Affects: ['ALL']
        MasterSmithComburent | DMG% | Stacks: 1 | Value: 0.150 | Remaining Turns: 2 | TickDown: SUS, END | Target: SUS | Affects: ['ALL']
        MortenaxBladeDMGBoost | DMG% | Stacks: 1 | Value: 0.500 | Remaining Turns: 1 | TickDown: SUS, PERM | Target: SUS | Affects: ['ALL']
        WarriorGoddessHealSPD | SPD% | Stacks: 1 | Value: 0.060 | Remaining Turns: 2 | TickDown: SUS, START | Target: SUS | Affects: ['ALL']
        WarriorGoddessHealCD | CD% | Stacks: 1 | Value: 0.150 | Remaining Turns: 2 | TickDown: SUS, START | Target: SUS | Affects: ['ALL']
        ConvergingStarsCD | CD% | Stacks: 1 | Value: 0.120 | Remaining Turns: 1 | TickDown: SUS, PERM | Target: SUS | Affects: ['ALL']
        ----------End of Buff List----------

        ----------Enemy Debuffs----------
        AshveilBaitShred | From: SUP1 | SHRED | Stacks: 1 | Value: 0.400 | Remaining Turns: 993 | Target: 1 | Targeting: ST | Affects: ['ALL'] | DOT: False | Blast: False
        MortenaxBladeUltVul | From: SUP2 | VULN | Stacks: 1 | Value: 0.500 | Remaining Turns: 2 | Target: 1 | Targeting: ST | Affects: ['ALL'] | DOT: False | Blast: False
        MortenaxBladeUltShred | From: SUP2 | SHRED | Stacks: 1 | Value: 0.300 | Remaining Turns: 2 | Target: 1 | Targeting: ST | Affects: ['ALL'] | DOT: False | Blast: False
        Enemy 1 LNG-break | From: DPS | SHOCK | Stacks: 1 | Value: 8414.001 | Remaining Turns: 2 | Target: 1 | Targeting: ST | Affects: ['ALL'] | DOT: True | Blast: False
        ----------End of Debuff List----------
        ----------Healing List----------
        ----------End of Healing List----------
    GAUGE  - Enemy 1 toughness reduced by 0.000
    RESULT - HuoHuoAllyERR | HuoHuo | SUS | DMG: 0.000 | ELADMG: 0.000 | Enemies Hit: [1] | Enemies Broken: [] | WB DMG: 0.000 | Energy: 1.354 | Amount HP Healed: 0.000 | Amount HP Lost: 0.000 | HuoHuo Energy: 19/140 | SP: 0 | MaxSP: 5)
ERR    > 8.000 energy added to Ashveil from AshveilTalentEnergy32 | Ashveil Energy: 85.667
SPD    > Gilgamesh speed changed to 305.300 | NewAV: 17.854
AV     > Enemy 0 AV reset to 76.923 | 130.000 SPD
DELAY  > Enemy 2 delayed by 25.0% from STDBreakDelay | NewAV: 76.923

<<< NEW TURN >>>
-   Enemy 1 AV: 0.000 ENERGY: 0.000 MaxHP: 5000000.000 CurrHp 2272862.231
-   Gilgamesh AV: 0.469 ENERGY: 5.000 MaxHP: 3134.558 CurrHp 3134.558
-   HuoHuo AV: 26.523 ENERGY: 18.510 MaxHP: 6139.808 CurrHp 5675.925
-   MortenaxBlade AV: 43.909 ENERGY: 47.287 MaxHP: 4869.135 CurrHp 2941.787
-   Ashveil AV: 53.215 ENERGY: 85.667 MaxHP: 2729.320 CurrHp 2589.264
-   InfiniteFury AV: 57.761 ENERGY: 0.000 MaxHP: 0.000 CurrHp 0.000
-   Enemy 0 AV: 59.538 ENERGY: 0.000 MaxHP: 2000000.000 CurrHp 369962.852
-   Enemy 2 AV: 59.538 ENERGY: 0.000 MaxHP: 2000000.000 CurrHp 1233821.220

Combat context set: 3 enemies, 4 players
Combat context initialized: 3 enemies, Elation team size: 0
ACTION > [ENEMY] TotalAV: 536.616 | TurnAV: 17.385 | Enemy 1 | 1 attacks
MortenaxBlade has obtained 1 Charge. Current Charge count: 6.
    CharEnergy - Gilgamesh: Hit 1.667 Total: 6.667 | Ashveil: Hit 1.667 Total: 87.333 | MortenaxBlade: Hit 8.333 Total: 57.657 | HuoHuo: Hit 1.667 Total: 20.767 |
    ENEMY  - Enemy 2 [aoe] dealt 129.2 to MortenaxBlade (energy: 3.3, DEF: 2045, atkMul: 1.00, dmgMul: 1.00) | HP: 2813/4869
    ENEMY  - Enemy 2 [aoe] dealt 123.8 to Gilgamesh (energy: 1.7, DEF: 2185, atkMul: 1.00, dmgMul: 1.00) | HP: 3011/3135
    ENEMY  - Enemy 2 [aoe] dealt 128.0 to Ashveil (energy: 1.7, DEF: 2076, atkMul: 1.00, dmgMul: 1.00) | HP: 2461/2729
    ENEMY  - Enemy 2 [aoe] dealt 64.6 to MortenaxBlade (energy: 1.7, DEF: 2045, atkMul: 1.00, dmgMul: 1.00) | HP: 2748/4869
    ENEMY  - Enemy 2 [aoe] dealt 116.0 to HuoHuo (energy: 1.7, DEF: 2410, atkMul: 1.00, dmgMul: 1.00) | HP: 5560/6140
    ENEMY  - Enemy 2 [aoe] dealt 129.2 to MortenaxBlade (energy: 3.3, DEF: 2045, atkMul: 1.00, dmgMul: 1.00) | HP: 2619/4869
MortenaxBlade has obtained 1 Charge. Current Charge count: 7.
MortenaxBlade useHit produced 2 debuffs
    DEBUFF - Enemy 1 took 11358.902 Debuff damage from Enemy 1 LNG-break
AV     > Enemy 1 AV reset to 63.131 | 158.400 SPD

<<< NEW TURN >>>
-   Gilgamesh AV: 0.000 ENERGY: 6.667 MaxHP: 3134.558 CurrHp 3010.778
-   HuoHuo AV: 26.054 ENERGY: 20.767 MaxHP: 6139.808 CurrHp 5559.955
-   MortenaxBlade AV: 43.440 ENERGY: 57.657 MaxHP: 4869.135 CurrHp 2618.794
-   Ashveil AV: 52.746 ENERGY: 87.333 MaxHP: 2729.320 CurrHp 2461.305
-   InfiniteFury AV: 57.292 ENERGY: 0.000 MaxHP: 0.000 CurrHp 0.000
-   Enemy 0 AV: 59.069 ENERGY: 0.000 MaxHP: 2000000.000 CurrHp 369962.852
-   Enemy 2 AV: 59.069 ENERGY: 0.000 MaxHP: 2000000.000 CurrHp 1233821.220
-   Enemy 1 AV: 62.662 ENERGY: 0.000 MaxHP: 5000000.000 CurrHp 2272862.231

Combat context set: 3 enemies, 4 players
Combat context initialized: 3 enemies, Elation team size: 0
ACTION > [CHAR] TotalAV: 537.085 | TurnAV: 0.469 | Gilgamesh | E-move
Gilgamesh JointCounter increased by one, current count: 13
    TURN   - GilgameshSkill | Gilgamesh | DPS | BLAST attack | ['LNG'] | ['SKL'] | Scaling: ATK | TargetID: 1 | DMG/BREAK Splits: [2.8, 1.4]/[20, 10] | Energy Gained: 30 | SP Change: 0

        ----------Char Buffs----------
        ScholarCR | CR% | Stacks: 1 | Value: 0.080 | Remaining Turns: 1 | TickDown: DPS, PERM | Target: DPS | Affects: ['ALL']
        ScholarDMG | DMG% | Stacks: 1 | Value: 0.200 | Remaining Turns: 1 | TickDown: DPS, PERM | Target: DPS | Affects: ['SKL', 'ULT']
        GilgameshTraceATK | ATK | Stacks: 1 | Value: 0.180 | Remaining Turns: 1 | TickDown: DPS, PERM | Target: DPS | Affects: ['ALL']
        GilgameshTraceCR | CR% | Stacks: 1 | Value: 0.187 | Remaining Turns: 1 | TickDown: DPS, PERM | Target: DPS | Affects: ['ALL']
        GilgameshTraceDMG | DMG% | Stacks: 1 | Value: 0.080 | Remaining Turns: 1 | TickDown: DPS, PERM | Target: DPS | Affects: ['ALL']
        GilgameshTrace3ATK | ATK% | Stacks: 1 | Value: 0.200 | Remaining Turns: 1 | TickDown: DPS, PERM | Target: DPS | Affects: ['ALL']
        GilgameshTrace3CD | CD% | Stacks: 1 | Value: 0.200 | Remaining Turns: 1 | TickDown: DPS, PERM | Target: DPS | Affects: ['ALL']
        GilgameshTrace3SelfATK | ATK% | Stacks: 1 | Value: 1.000 | Remaining Turns: 1 | TickDown: DPS, PERM | Target: DPS | Affects: ['ALL']
        GilgameshTrace3SelfCD | CD% | Stacks: 1 | Value: 1.000 | Remaining Turns: 1 | TickDown: DPS, PERM | Target: DPS | Affects: ['ALL']
        AshveilTrace3CD | CD% | Stacks: 1 | Value: 0.400 | Remaining Turns: 1 | TickDown: SUP1, PERM | Target: DPS | Affects: ['ALL']
        LushakaATK(SUP2) | ATK% | Stacks: 1 | Value: 0.120 | Remaining Turns: 1 | TickDown: DPS, PERM | Target: DPS | Affects: ['ALL']
        KeelCD(SUS) | CD% | Stacks: 1 | Value: 0.100 | Remaining Turns: 1 | TickDown: DPS, PERM | Target: DPS | Affects: ['ALL']
        CosmicLifeDMG | DMG% | Stacks: 1 | Value: 0.320 | Remaining Turns: 1 | TickDown: DPS, PERM | Target: DPS | Affects: ['ALL']
        Trace2CDExtra | CD% | Stacks: 1 | Value: 1.500 | Remaining Turns: 1 | TickDown: DPS, PERM | Target: DPS | Affects: ['ALL']
        GilgameshInterestSPD | SPD% | Stacks: 1 | Value: 2.100 | Remaining Turns: 1 | TickDown: SUP2, PERM | Target: DPS | Affects: ['ALL']
        MasterSmithComburent | DMG% | Stacks: 1 | Value: 0.150 | Remaining Turns: 2 | TickDown: DPS, END | Target: DPS | Affects: ['ALL']
        MortenaxBladeDMGBoost | DMG% | Stacks: 1 | Value: 0.500 | Remaining Turns: 1 | TickDown: DPS, PERM | Target: DPS | Affects: ['ALL']
        WarriorGoddessHealCD | CD% | Stacks: 1 | Value: 0.150 | Remaining Turns: 1 | TickDown: DPS, START | Target: DPS | Affects: ['ALL']
        GilgameshSKLShred | SHRED | Stacks: 1 | Value: 0.300 | Remaining Turns: 3 | TickDown: DPS, END | Target: DPS | Affects: ['ALL']
        AeonATK | ATK% | Stacks: 1 | Value: 0.640 | Remaining Turns: 1 | TickDown: DPS, PERM | Target: DPS | Affects: ['ALL']
        ConvergingStarsCD | CD% | Stacks: 1 | Value: 0.120 | Remaining Turns: 1 | TickDown: DPS, PERM | Target: DPS | Affects: ['ALL']
        AeonDMG | DMG% | Stacks: 1 | Value: 0.240 | Remaining Turns: 2 | TickDown: DPS, END | Target: DPS | Affects: ['ALL']
        HuoHuoUltATK | ATK% | Stacks: 1 | Value: 0.400 | Remaining Turns: 2 | TickDown: DPS, END | Target: DPS | Affects: ['ALL']
        HuoHuoUltExtraATK | ATK% | Stacks: 1 | Value: 0.240 | Remaining Turns: 2 | TickDown: DPS, END | Target: DPS | Affects: ['ALL']
        ScholarBonusDMG | DMG% | Stacks: 1 | Value: 0.250 | Remaining Turns: 1 | TickDown: DPS, START | Target: DPS | Affects: ['SKL']
        ----------End of Buff List----------

        ----------Enemy Debuffs----------
        AshveilBaitShred | From: SUP1 | SHRED | Stacks: 1 | Value: 0.400 | Remaining Turns: 992 | Target: 1 | Targeting: ST | Affects: ['ALL'] | DOT: False | Blast: False
        MortenaxBladeUltVul | From: SUP2 | VULN | Stacks: 1 | Value: 0.500 | Remaining Turns: 1 | Target: 1 | Targeting: ST | Affects: ['ALL'] | DOT: False | Blast: False
        MortenaxBladeUltShred | From: SUP2 | SHRED | Stacks: 1 | Value: 0.300 | Remaining Turns: 1 | Target: 1 | Targeting: ST | Affects: ['ALL'] | DOT: False | Blast: False
        Enemy 1 LNG-break | From: DPS | SHOCK | Stacks: 1 | Value: 8414.001 | Remaining Turns: 1 | Target: 1 | Targeting: ST | Affects: ['ALL'] | DOT: True | Blast: False
        ----------End of Debuff List----------
        ----------Healing List----------
        ----------End of Healing List----------
    GAUGE  - Enemy 1 toughness reduced by 20.000
    GAUGE  - Enemy 0 toughness reduced by 10.000
    GAUGE  - Enemy 2 toughness reduced by 10.000
    RESULT - GilgameshSkill | Gilgamesh | DPS | DMG: 826381.151 | ELADMG: 0.000 | Enemies Hit: [1, 0, 2] | Enemies Broken: [] | WB DMG: 0.000 | Energy: 30.000 | Amount HP Healed: 0.000 | Amount HP Lost: 0.000 | Gilgamesh Energy: 37/360 | SP: 0 | MaxSP: 5)
MortenaxBlade has obtained 1 Charge. Current Charge count: 8.
    TURN   - HuoHuoAllyERR | HuoHuo | SUS | NA attack | ['WIN'] | ['SPECIAL'] | Scaling: HP | TargetID: 1 | DMG/BREAK Splits: [0, 0]/[0, 0] | Energy Gained: 1 | SP Change: 0

        ----------Char Buffs----------
        GilgameshTrace3ATK | ATK% | Stacks: 1 | Value: 0.200 | Remaining Turns: 1 | TickDown: SUS, PERM | Target: SUS | Affects: ['ALL']
        GilgameshTrace3CD | CD% | Stacks: 1 | Value: 0.200 | Remaining Turns: 1 | TickDown: SUS, PERM | Target: SUS | Affects: ['ALL']
        AshveilTrace3CD | CD% | Stacks: 1 | Value: 0.400 | Remaining Turns: 1 | TickDown: SUP1, PERM | Target: SUS | Affects: ['ALL']
        PostOpERR | ERR% | Stacks: 1 | Value: 0.160 | Remaining Turns: 1 | TickDown: SUS, PERM | Target: SUS | Affects: ['ALL']
        WarriorGoddessSPD | SPD% | Stacks: 1 | Value: 0.060 | Remaining Turns: 1 | TickDown: SUS, PERM | Target: SUS | Affects: ['ALL']
        KeelEFFRES | ERS% | Stacks: 1 | Value: 0.100 | Remaining Turns: 1 | TickDown: SUS, PERM | Target: SUS | Affects: ['ALL']
        KeelCD(SUS) | CD% | Stacks: 1 | Value: 0.100 | Remaining Turns: 1 | TickDown: SUS, PERM | Target: SUS | Affects: ['ALL']
        HHTraceHP | HP% | Stacks: 1 | Value: 0.280 | Remaining Turns: 1 | TickDown: SUS, PERM | Target: SUS | Affects: ['ALL']
        HHTraceERS | ERS% | Stacks: 1 | Value: 0.180 | Remaining Turns: 1 | TickDown: SUS, PERM | Target: SUS | Affects: ['ALL']
        HHTraceSPD | SPD | Stacks: 1 | Value: 5.000 | Remaining Turns: 1 | TickDown: SUS, PERM | Target: SUS | Affects: ['ALL']
        MasterSmithComburent | DMG% | Stacks: 1 | Value: 0.150 | Remaining Turns: 2 | TickDown: SUS, END | Target: SUS | Affects: ['ALL']
        MortenaxBladeDMGBoost | DMG% | Stacks: 1 | Value: 0.500 | Remaining Turns: 1 | TickDown: SUS, PERM | Target: SUS | Affects: ['ALL']
        WarriorGoddessHealSPD | SPD% | Stacks: 1 | Value: 0.060 | Remaining Turns: 2 | TickDown: SUS, START | Target: SUS | Affects: ['ALL']
        WarriorGoddessHealCD | CD% | Stacks: 1 | Value: 0.150 | Remaining Turns: 2 | TickDown: SUS, START | Target: SUS | Affects: ['ALL']
        ConvergingStarsCD | CD% | Stacks: 1 | Value: 0.120 | Remaining Turns: 1 | TickDown: SUS, PERM | Target: SUS | Affects: ['ALL']
        ----------End of Buff List----------

        ----------Enemy Debuffs----------
        AshveilBaitShred | From: SUP1 | SHRED | Stacks: 1 | Value: 0.400 | Remaining Turns: 992 | Target: 1 | Targeting: ST | Affects: ['ALL'] | DOT: False | Blast: False
        MortenaxBladeUltVul | From: SUP2 | VULN | Stacks: 1 | Value: 0.500 | Remaining Turns: 2 | Target: 1 | Targeting: ST | Affects: ['ALL'] | DOT: False | Blast: False
        MortenaxBladeUltShred | From: SUP2 | SHRED | Stacks: 1 | Value: 0.300 | Remaining Turns: 2 | Target: 1 | Targeting: ST | Affects: ['ALL'] | DOT: False | Blast: False
        Enemy 1 LNG-break | From: DPS | SHOCK | Stacks: 1 | Value: 8414.001 | Remaining Turns: 1 | Target: 1 | Targeting: ST | Affects: ['ALL'] | DOT: True | Blast: False
        ----------End of Debuff List----------
        ----------Healing List----------
        HuoHuoTalentHealingScaling | Targeting: Targeting.SINGLE | Healing Value: [0] | Target: ALL
        HuoHuoTalentHealingScaling | Targeting: Targeting.SINGLE | Healing Value: [0.045] | Target: ALL
        HuoHuoTalentHealingScaling | Targeting: Targeting.SINGLE | Healing Value: [0] | Target: ALL
        HuoHuoTalentHealingScaling | Targeting: Targeting.SINGLE | Healing Value: [0] | Target: ALL
        HuoHuoTalentHealingFlat | Targeting: Targeting.SINGLE | Healing Value: [0] | Target: ALL
        HuoHuoTalentHealingFlat | Targeting: Targeting.SINGLE | Healing Value: [120] | Target: ALL
        HuoHuoTalentHealingFlat | Targeting: Targeting.SINGLE | Healing Value: [0] | Target: ALL
        HuoHuoTalentHealingFlat | Targeting: Targeting.SINGLE | Healing Value: [0] | Target: ALL
        ----------End of Healing List----------
    GAUGE  - Enemy 1 toughness reduced by 0.000
    RESULT - HuoHuoAllyERR | HuoHuo | SUS | DMG: 0.000 | ELADMG: 0.000 | Enemies Hit: [1] | Enemies Broken: [] | WB DMG: 0.000 | Energy: 1.354 | Amount HP Healed: 371.779 | Amount HP Lost: 0.000 | HuoHuo Energy: 22/140 | SP: 0 | MaxSP: 5)
ERR    > 8.000 energy added to Ashveil from AshveilTalentEnergy33 | Ashveil Energy: 95.333
SPD    > Gilgamesh speed changed to 101.600 | NewAV: 0.000
AV     > Gilgamesh AV reset to 98.425 | 101.600 SPD

==========COMBAT SIMULATION ENDED==========

==========SIMULATION RESULTS==========
TOTAL TEAM DMG: 29484093.896 | AV: 550
TEAM DPAV: 53607.443
TOTAL TEAM HPGAIN: 78214.966 | TOTAL TEAM HPLOSS 0.000
DEBUFF DMG: 124652.336 | CHAR DMG: 29203626.139 | WB DMG: 155815.421 |ELATION DMG: 0.000
SP GAINED: 2 | SP USED: 8 | Enemy Attacks: 20
FINITE HP MODE: ON | Total Overkill DMG: 1253891.3
  Enemy 0 (ELITE) | Overkill: 373698.0 | HP: 168951/2000000
  Enemy 1 (BOSS) | Overkill: 592352.7 | HP: 1870839/5000000
  Enemy 2 (ELITE) | Overkill: 287840.5 | HP: 1010475/2000000

Gilgamesh DPAV: 35179.041, 65.623%
Ashveil DPAV: 11318.867, 21.114%
MortenaxBlade DPAV: 6658.336, 12.421%
HuoHuo DPAV: 0.000, 0.000%

Gilgamesh > Total DMG: 19348472.703 | Basics: 0 | Skills: 9 | Ults: 4 | FuAs: 0 | MemoAttacks: 0 | ElationSkills: 0 | JointAttacks: 0 | Leftover AV: 98.425 | Excess Energy: 36.667
-BSC: 0.000 | 0.000%
-SKL: 6352873.335 | 32.834%
-ULT: 12882010.348 | 66.579%
-BRK: 113589.019 | 0.587%
-FUA: 0.000 | 0.000%

Ashveil > Total DMG: 6225376.935 | Basics: 0 | Skills: 7 | Ults: 5 | FuAs: 23 | MemoAttacks: 0 | ElationSkills: 0 | JointAttacks: 0 | Leftover AV: 52.746 | Excess Energy: 95.333
-BSC: 0.000 | 0.000%
-SKL: 555088.435 | 8.917%
-ULT: 573262.228 | 9.208%
-BRK: 42226.401 | 0.678%
-FUA: 5054799.870 | 81.197%

MortenaxBlade > Total DMG: 3662085.027 | Basics: 2 | Skills: 6 | Ults: 7 | FuAs: 9 | MemoAttacks: 0 | ElationSkills: 0 | JointAttacks: 0 | Leftover AV: 43.440 | Excess Energy: 57.657
-BSC: 10591.026 | 0.289%
-SKL: 719265.878 | 19.641%
-ULT: 1621325.457 | 44.273%
-BRK: 0.000 | 0.000%
-FUA: 1310902.665 | 35.797%

HuoHuo > Total DMG: 0.000 | Basics: 0 | Skills: 8 | Ults: 4 | FuAs: 0 | MemoAttacks: 0 | ElationSkills: 0 | JointAttacks: 0 | Leftover AV: 26.054 | Excess Energy: 22.122
-BSC: 0.000 | 0.000%
-BRK: 0.000 | 0.000%

