Combat context set: 3 enemies, 4 players
Enemy Team:
Enemy 0 | LVL: 95 | SPD: 130 | Weakness: ['WIND'] | Toughness: 100
Enemy 1 | LVL: 95 | SPD: 158.4 | Weakness: ['WIND'] | Toughness: 160
Enemy 2 | LVL: 95 | SPD: 130 | Weakness: ['WIND'] | Toughness: 100

Player Team:
Saber E0 | WIND-DESTRUCTION | DPS | POS:0
A Thankless Coronation S1
Scholar lost in Erudition (4-pc)
Cosmic Life Sciences Institute

Sunday E0 | IMAGINARY-HARMONY | SUP1 | POS:1
But the Battle Isn't Over S1
Sacerdos' Relieved Ordeal (4-pc)
Broken Keel

MortenaxBlade E0 | FIRE-NIHILITY | SUP2 | POS:2
Resolution Shines as Pearls of Sweat S5
Divine-Querying Master Smith (4-pc)
Sprightly Vonwacq

HuoHuo E0 | WIND-ABUNDANCE | SUS | POS:3
Post-Op Conversation S5
Warrior Goddess of Sun and Thunder (4-pc)
Broken Keel

    PUNCH  > SharedPunchline: 0.0 -> 0.0

Initial AV Adjustments
ADV    > MortenaxBlade advanced by 40.000% from VonwacqADV | NewAV: 38.702 | Priority: 15

Initial Enemy Delays

==========COMBAT SIMULATION STARTED==========

<<< NEW TURN >>>
-   MortenaxBlade AV: 0.000 ENERGY: 120.000 MaxHP: 4779.283 CurrHp 4779.283 ShieldHP: 0.000
-   Enemy 1 AV: 24.430 ENERGY: 0.000 MaxHP: 5000000.000 CurrHp 5000000.000 ShieldHP: 0.000
-   HuoHuo AV: 25.976 ENERGY: 70.000 MaxHP: 6139.808 CurrHp 6139.808 ShieldHP: 0.000
-   Saber AV: 32.813 ENERGY: 216.000 MaxHP: 3366.991 CurrHp 3366.991 ShieldHP: 0.000
-   Sunday AV: 34.832 ENERGY: 90.000 MaxHP: 3638.196 CurrHp 3638.196 ShieldHP: 0.000
-   Enemy 0 AV: 38.221 ENERGY: 0.000 MaxHP: 2000000.000 CurrHp 2000000.000 ShieldHP: 0.000
-   Enemy 2 AV: 38.221 ENERGY: 0.000 MaxHP: 2000000.000 CurrHp 2000000.000 ShieldHP: 0.000
-   InfiniteFury AV: 9961.298 ENERGY: 0.000 MaxHP: 0.000 CurrHp 0.000 ShieldHP: 0.000

Combat context set: 3 enemies, 4 players
Combat context initialized: 3 enemies, Elation team size: 0
Saber got 2 Core Resonance from Technique, Current Count: 3
    TURN   - MortenaxBladeTech | MortenaxBlade | SUP2 | ST attack | ['FIR'] | ['ALL'] | Scaling: HP | TargetID: 1 | DMG/BREAK Splits: [0, 0]/[20, 0] | Energy Gained: 0 | SP Change: 0

        ----------Char Buffs----------
        KeelCD(SUP1) | CD% | Stacks: 1 | Value: 0.100 | Remaining Turns: 1 | TickDown: SUP2, PERM | Target: SUP2 | Affects: ['ALL']
        MasterSmithHP | HP% | Stacks: 1 | Value: 0.120 | Remaining Turns: 1 | TickDown: SUP2, PERM | Target: SUP2 | Affects: ['ALL']
        VonwacqERR | ERR% | Stacks: 1 | Value: 0.050 | Remaining Turns: 1 | TickDown: SUP2, PERM | Target: SUP2 | Affects: ['ALL']
        MortenaxBladeTraceCR | CR% | Stacks: 1 | Value: 0.120 | Remaining Turns: 1 | TickDown: SUP2, PERM | Target: SUP2 | Affects: ['ALL']
        MortenaxBladeTraceHP | HP% | Stacks: 1 | Value: 0.100 | Remaining Turns: 1 | TickDown: SUP2, PERM | Target: SUP2 | Affects: ['ALL']
        MortenaxBladeTraceDMG | DMG% | Stacks: 1 | Value: 0.224 | Remaining Turns: 1 | TickDown: SUP2, PERM | Target: SUP2 | Affects: ['ALL']
        KeelCD(SUS) | CD% | Stacks: 1 | Value: 0.100 | Remaining Turns: 1 | TickDown: SUP2, PERM | Target: SUP2 | Affects: ['ALL']
        MortenaxBladeTechDMGReduction | DMG_REDUCTION | Stacks: 1 | Value: 0.900 | Remaining Turns: 2 | TickDown: SUP2, END | Target: SUP2 | Affects: ['ALL']
        ----------End of Buff List----------

        ----------Enemy Debuffs----------
        HuohuoTechniqueDebuff | From: SUS | ATK_REDUCTION | Stacks: 1 | Value: 0.250 | Remaining Turns: 2 | Target: 1 | Targeting: ST | Affects: ['SPECIAL'] | DOT: False | Blast: False
        ----------End of Debuff List----------
        ----------Healing List----------
        ----------End of Healing List----------
    GAUGE  - Enemy 1 toughness reduced by 0.000
    RESULT - MortenaxBladeTech | MortenaxBlade | SUP2 | DMG: 0.000 | ELADMG: 0.000 | Enemies Hit: [1] | Enemies Broken: [] | WB DMG: 0.000 | Energy: 0.000 | Amount HP Healed: 0.000 | Amount HP Lost: 0.000 | MortenaxBlade Energy: 120/160 | SP: 3 | MaxSP: 5)
ERR    > 40.632 energy added to HuoHuo from HHTraceERR | HuoHuo Energy: 110.632
ACTION > [CHAR] TotalAV: 38.702 | TurnAV: 38.702 | MortenaxBlade | A-move
    TURN   - MortenaxBladeBasic | MortenaxBlade | SUP2 | ST attack | ['FIR'] | ['BSC'] | Scaling: HP | TargetID: 1 | DMG/BREAK Splits: [0.5, 0]/[10, 0] | Energy Gained: 20 | SP Change: 1

        ----------Char Buffs----------
        KeelCD(SUP1) | CD% | Stacks: 1 | Value: 0.100 | Remaining Turns: 1 | TickDown: SUP2, PERM | Target: SUP2 | Affects: ['ALL']
        MasterSmithHP | HP% | Stacks: 1 | Value: 0.120 | Remaining Turns: 1 | TickDown: SUP2, PERM | Target: SUP2 | Affects: ['ALL']
        VonwacqERR | ERR% | Stacks: 1 | Value: 0.050 | Remaining Turns: 1 | TickDown: SUP2, PERM | Target: SUP2 | Affects: ['ALL']
        MortenaxBladeTraceCR | CR% | Stacks: 1 | Value: 0.120 | Remaining Turns: 1 | TickDown: SUP2, PERM | Target: SUP2 | Affects: ['ALL']
        MortenaxBladeTraceHP | HP% | Stacks: 1 | Value: 0.100 | Remaining Turns: 1 | TickDown: SUP2, PERM | Target: SUP2 | Affects: ['ALL']
        MortenaxBladeTraceDMG | DMG% | Stacks: 1 | Value: 0.224 | Remaining Turns: 1 | TickDown: SUP2, PERM | Target: SUP2 | Affects: ['ALL']
        KeelCD(SUS) | CD% | Stacks: 1 | Value: 0.100 | Remaining Turns: 1 | TickDown: SUP2, PERM | Target: SUP2 | Affects: ['ALL']
        MortenaxBladeTechDMGReduction | DMG_REDUCTION | Stacks: 1 | Value: 0.900 | Remaining Turns: 2 | TickDown: SUP2, END | Target: SUP2 | Affects: ['ALL']
        MasterSmithCD | CD% | Stacks: 1 | Value: 0.280 | Remaining Turns: 1 | TickDown: SUP2, PERM | Target: SUP2 | Affects: ['ALL']
        MasterSmithComburent | DMG% | Stacks: 1 | Value: 0.150 | Remaining Turns: 2 | TickDown: SUP2, END | Target: SUP2 | Affects: ['ALL']
        ----------End of Buff List----------

        ----------Enemy Debuffs----------
        HuohuoTechniqueDebuff | From: SUS | ATK_REDUCTION | Stacks: 1 | Value: 0.250 | Remaining Turns: 2 | Target: 1 | Targeting: ST | Affects: ['SPECIAL'] | DOT: False | Blast: False
        ResoShred(SUP2) | From: SUP2 | SHRED | Stacks: 1 | Value: 0.160 | Remaining Turns: 1 | Target: 1 | Targeting: ST | Affects: ['ALL'] | DOT: False | Blast: False
        ----------End of Debuff List----------
        ----------Healing List----------
        ----------End of Healing List----------
    GAUGE  - Enemy 1 toughness reduced by 0.000
    RESULT - MortenaxBladeBasic | MortenaxBlade | SUP2 | DMG: 1811.147 | ELADMG: 0.000 | Enemies Hit: [1] | Enemies Broken: [] | WB DMG: 0.000 | Energy: 24.888 | Amount HP Healed: 0.000 | Amount HP Lost: 0.000 | MortenaxBlade Energy: 145/160 | SP: 4 | MaxSP: 5)
    TURN   - HuoHuoAllyERR | HuoHuo | SUS | NA attack | ['WIN'] | ['SPECIAL'] | Scaling: HP | TargetID: 1 | DMG/BREAK Splits: [0, 0]/[0, 0] | Energy Gained: 1 | SP Change: 0

        ----------Char Buffs----------
        KeelCD(SUP1) | CD% | Stacks: 1 | Value: 0.100 | Remaining Turns: 1 | TickDown: SUS, PERM | Target: SUS | Affects: ['ALL']
        PostOpERR | ERR% | Stacks: 1 | Value: 0.160 | Remaining Turns: 1 | TickDown: SUS, PERM | Target: SUS | Affects: ['ALL']
        WarriorGoddessSPD | SPD% | Stacks: 1 | Value: 0.060 | Remaining Turns: 1 | TickDown: SUS, PERM | Target: SUS | Affects: ['ALL']
        KeelEFFRES | ERS% | Stacks: 1 | Value: 0.100 | Remaining Turns: 1 | TickDown: SUS, PERM | Target: SUS | Affects: ['ALL']
        KeelCD(SUS) | CD% | Stacks: 1 | Value: 0.100 | Remaining Turns: 1 | TickDown: SUS, PERM | Target: SUS | Affects: ['ALL']
        HHTraceHP | HP% | Stacks: 1 | Value: 0.280 | Remaining Turns: 1 | TickDown: SUS, PERM | Target: SUS | Affects: ['ALL']
        HHTraceERS | ERS% | Stacks: 1 | Value: 0.180 | Remaining Turns: 1 | TickDown: SUS, PERM | Target: SUS | Affects: ['ALL']
        HHTraceSPD | SPD | Stacks: 1 | Value: 5.000 | Remaining Turns: 1 | TickDown: SUS, PERM | Target: SUS | Affects: ['ALL']
        MasterSmithComburent | DMG% | Stacks: 1 | Value: 0.150 | Remaining Turns: 2 | TickDown: SUS, END | Target: SUS | Affects: ['ALL']
        ----------End of Buff List----------

        ----------Enemy Debuffs----------
        HuohuoTechniqueDebuff | From: SUS | ATK_REDUCTION | Stacks: 1 | Value: 0.250 | Remaining Turns: 2 | Target: 1 | Targeting: ST | Affects: ['SPECIAL'] | DOT: False | Blast: False
        ResoShred(SUP2) | From: SUP2 | SHRED | Stacks: 1 | Value: 0.160 | Remaining Turns: 1 | Target: 1 | Targeting: ST | Affects: ['ALL'] | DOT: False | Blast: False
        ----------End of Debuff List----------
        ----------Healing List----------
        HuoHuoTalentHealingScaling | Targeting: Targeting.SINGLE | Healing Value: [0.045] | Target: ALL
        HuoHuoTalentHealingScaling | Targeting: Targeting.SINGLE | Healing Value: [0] | Target: ALL
        HuoHuoTalentHealingScaling | Targeting: Targeting.SINGLE | Healing Value: [0] | Target: ALL
        HuoHuoTalentHealingScaling | Targeting: Targeting.SINGLE | Healing Value: [0] | Target: ALL
        HuoHuoTalentHealingFlat | Targeting: Targeting.SINGLE | Healing Value: [120] | Target: ALL
        HuoHuoTalentHealingFlat | Targeting: Targeting.SINGLE | Healing Value: [0] | Target: ALL
        HuoHuoTalentHealingFlat | Targeting: Targeting.SINGLE | Healing Value: [0] | Target: ALL
        HuoHuoTalentHealingFlat | Targeting: Targeting.SINGLE | Healing Value: [0] | Target: ALL
        ----------End of Healing List----------
    GAUGE  - Enemy 1 toughness reduced by 0.000
    RESULT - HuoHuoAllyERR | HuoHuo | SUS | DMG: 0.000 | ELADMG: 0.000 | Enemies Hit: [1] | Enemies Broken: [] | WB DMG: 0.000 | Energy: 1.354 | Amount HP Healed: 371.779 | Amount HP Lost: 0.000 | HuoHuo Energy: 112/140 | SP: 4 | MaxSP: 5)
SPD    > HuoHuo speed changed to 160.492 | NewAV: 25.025
AV     > MortenaxBlade AV reset to 64.503 | 155.032 SPD

<<< NEW TURN >>>
-   Enemy 1 AV: 0.000 ENERGY: 0.000 MaxHP: 5000000.000 CurrHp 4998188.853 ShieldHP: 0.000
-   HuoHuo AV: 0.595 ENERGY: 111.986 MaxHP: 6139.808 CurrHp 6139.808 ShieldHP: 0.000
-   Saber AV: 8.383 ENERGY: 216.000 MaxHP: 3366.991 CurrHp 3366.991 ShieldHP: 0.000
-   Sunday AV: 10.402 ENERGY: 90.000 MaxHP: 3638.196 CurrHp 3638.196 ShieldHP: 0.000
-   Enemy 0 AV: 13.792 ENERGY: 0.000 MaxHP: 2000000.000 CurrHp 2000000.000 ShieldHP: 0.000
-   Enemy 2 AV: 13.792 ENERGY: 0.000 MaxHP: 2000000.000 CurrHp 2000000.000 ShieldHP: 0.000
-   MortenaxBlade AV: 40.073 ENERGY: 144.888 MaxHP: 4779.283 CurrHp 4779.283 ShieldHP: 0.000
-   InfiniteFury AV: 9936.869 ENERGY: 0.000 MaxHP: 0.000 CurrHp 0.000 ShieldHP: 0.000

Combat context set: 3 enemies, 4 players
Combat context initialized: 3 enemies, Elation team size: 0
ACTION > [ENEMY] TotalAV: 63.131 | TurnAV: 24.430 | Enemy 1 | 1 attacks
    CharEnergy - Saber: Hit 6.667 Total: 222.667 | Sunday: Hit 10.000 Total: 102.944 | MortenaxBlade: Hit 6.667 Total: 153.184 | HuoHuo: Hit 3.333 Total: 116.501 |
    ENEMY  - Enemy 1 [aoe] dealt 236.0 to Sunday (energy: 3.3, DEF: 1474, atkMul: 0.75, dmgMul: 1.00) | Shield Absorbed: 0.0 | HP Lost: 236.0 | HP: 3402/3638 | Shield HP: 0
    ENEMY  - Enemy 1 [aoe] dealt 169.5 to Saber (energy: 3.3, DEF: 2504, atkMul: 0.75, dmgMul: 1.00) | Shield Absorbed: 0.0 | HP Lost: 169.5 | HP: 3198/3367 | Shield HP: 0
    ENEMY  - Enemy 1 [aoe] dealt 19.6 to MortenaxBlade (energy: 3.3, DEF: 2014, atkMul: 0.75, dmgMul: 1.00) | Shield Absorbed: 0.0 | HP Lost: 19.6 | HP: 4760/4779 | Shield HP: 0
    ENEMY  - Enemy 1 [aoe] dealt 169.5 to Saber (energy: 3.3, DEF: 2504, atkMul: 0.75, dmgMul: 1.00) | Shield Absorbed: 0.0 | HP Lost: 169.5 | HP: 3028/3367 | Shield HP: 0
    ENEMY  - Enemy 1 [aoe] dealt 236.0 to Sunday (energy: 3.3, DEF: 1474, atkMul: 0.75, dmgMul: 1.00) | Shield Absorbed: 0.0 | HP Lost: 236.0 | HP: 3166/3638 | Shield HP: 0
    ENEMY  - Enemy 1 [aoe] dealt 19.6 to MortenaxBlade (energy: 3.3, DEF: 2014, atkMul: 0.75, dmgMul: 1.00) | Shield Absorbed: 0.0 | HP Lost: 19.6 | HP: 4740/4779 | Shield HP: 0
    ENEMY  - Enemy 1 [aoe] dealt 236.0 to Sunday (energy: 3.3, DEF: 1474, atkMul: 0.75, dmgMul: 1.00) | Shield Absorbed: 0.0 | HP Lost: 236.0 | HP: 2930/3638 | Shield HP: 0
    ENEMY  - Enemy 1 [aoe] dealt 174.0 to HuoHuo (energy: 3.3, DEF: 2410, atkMul: 0.75, dmgMul: 1.00) | Shield Absorbed: 0.0 | HP Lost: 174.0 | HP: 5966/6140 | Shield HP: 0
        Debuff ResoShred(SUP2) expired
AV     > Enemy 1 AV reset to 63.131 | 158.400 SPD

<<< NEW TURN >>>
-   HuoHuo AV: 0.000 ENERGY: 116.501 MaxHP: 6139.808 CurrHp 5965.852 ShieldHP: 0.000
-   Saber AV: 7.788 ENERGY: 222.667 MaxHP: 3366.991 CurrHp 3028.023 ShieldHP: 0.000
-   Sunday AV: 9.807 ENERGY: 102.944 MaxHP: 3638.196 CurrHp 2930.298 ShieldHP: 0.000
-   Enemy 0 AV: 13.197 ENERGY: 0.000 MaxHP: 2000000.000 CurrHp 2000000.000 ShieldHP: 0.000
-   Enemy 2 AV: 13.197 ENERGY: 0.000 MaxHP: 2000000.000 CurrHp 2000000.000 ShieldHP: 0.000
-   MortenaxBlade AV: 39.478 ENERGY: 153.184 MaxHP: 4779.283 CurrHp 4740.135 ShieldHP: 0.000
-   Enemy 1 AV: 62.536 ENERGY: 0.000 MaxHP: 5000000.000 CurrHp 4998188.853 ShieldHP: 0.000
-   InfiniteFury AV: 9936.274 ENERGY: 0.000 MaxHP: 0.000 CurrHp 0.000 ShieldHP: 0.000

Combat context set: 3 enemies, 4 players
Combat context initialized: 3 enemies, Elation team size: 0
ACTION > [CHAR] TotalAV: 63.726 | TurnAV: 0.595 | HuoHuo | E-move
    TURN   - HuoHuoSkill | HuoHuo | SUS | NA attack | ['WIN'] | ['SKL'] | Scaling: HP | TargetID: -1 | DMG/BREAK Splits: [0, 0]/[0, 0] | Energy Gained: 30 | SP Change: -1

        ----------Char Buffs----------
        KeelCD(SUP1) | CD% | Stacks: 1 | Value: 0.100 | Remaining Turns: 1 | TickDown: SUS, PERM | Target: SUS | Affects: ['ALL']
        PostOpERR | ERR% | Stacks: 1 | Value: 0.160 | Remaining Turns: 1 | TickDown: SUS, PERM | Target: SUS | Affects: ['ALL']
        WarriorGoddessSPD | SPD% | Stacks: 1 | Value: 0.060 | Remaining Turns: 1 | TickDown: SUS, PERM | Target: SUS | Affects: ['ALL']
        KeelEFFRES | ERS% | Stacks: 1 | Value: 0.100 | Remaining Turns: 1 | TickDown: SUS, PERM | Target: SUS | Affects: ['ALL']
        KeelCD(SUS) | CD% | Stacks: 1 | Value: 0.100 | Remaining Turns: 1 | TickDown: SUS, PERM | Target: SUS | Affects: ['ALL']
        HHTraceHP | HP% | Stacks: 1 | Value: 0.280 | Remaining Turns: 1 | TickDown: SUS, PERM | Target: SUS | Affects: ['ALL']
        HHTraceERS | ERS% | Stacks: 1 | Value: 0.180 | Remaining Turns: 1 | TickDown: SUS, PERM | Target: SUS | Affects: ['ALL']
        HHTraceSPD | SPD | Stacks: 1 | Value: 5.000 | Remaining Turns: 1 | TickDown: SUS, PERM | Target: SUS | Affects: ['ALL']
        MasterSmithComburent | DMG% | Stacks: 1 | Value: 0.150 | Remaining Turns: 2 | TickDown: SUS, END | Target: SUS | Affects: ['ALL']
        WarriorGoddessHealSPD | SPD% | Stacks: 1 | Value: 0.060 | Remaining Turns: 1 | TickDown: SUS, START | Target: SUS | Affects: ['ALL']
        WarriorGoddessHealCD | CD% | Stacks: 1 | Value: 0.150 | Remaining Turns: 1 | TickDown: SUS, START | Target: SUS | Affects: ['ALL']
        ----------End of Buff List----------

        ----------Enemy Debuffs----------
        ----------End of Debuff List----------
        ----------Healing List----------
        HuoHuoSkillHealingScaling | Targeting: Targeting.BLAST | Healing Value: [0.24] | Target: ALL
        HuoHuoSkillHealingScaling | Targeting: Targeting.BLAST | Healing Value: [0.24] | Target: ALL
        HuoHuoSkillHealingScaling | Targeting: Targeting.BLAST | Healing Value: [0.24] | Target: ALL
        HuoHuoSkillHealingScaling | Targeting: Targeting.BLAST | Healing Value: [0.24] | Target: ALL
        HuoHuoSkillHealingScaling | Targeting: Targeting.BLAST | Healing Value: [0.24] | Target: ALL
        HuoHuoSkillHealingScaling | Targeting: Targeting.BLAST | Healing Value: [0.24] | Target: ALL
        HuoHuoSkillHealingFlat | Targeting: Targeting.BLAST | Healing Value: [640] | Target: ALL
        HuoHuoSkillHealingFlat | Targeting: Targeting.BLAST | Healing Value: [640] | Target: ALL
        HuoHuoSkillHealingFlat | Targeting: Targeting.BLAST | Healing Value: [640] | Target: ALL
        HuoHuoSkillHealingFlat | Targeting: Targeting.BLAST | Healing Value: [640] | Target: ALL
        HuoHuoSkillHealingFlat | Targeting: Targeting.BLAST | Healing Value: [640] | Target: ALL
        HuoHuoSkillHealingFlat | Targeting: Targeting.BLAST | Healing Value: [640] | Target: ALL
        ----------End of Healing List----------
    GAUGE  - Enemy 0 toughness reduced by 0.000
    RESULT - HuoHuoSkill | HuoHuo | SUS | DMG: 0.000 | ELADMG: 0.000 | Enemies Hit: [0] | Enemies Broken: [] | WB DMG: 0.000 | Energy: 40.632 | Amount HP Healed: 7931.292 | Amount HP Lost: 0.000 | HuoHuo Energy: 140/140 | SP: 3 | MaxSP: 5)
ULT    > HuoHuo used their ultimate
    TURN   - HuoHuoUlt | HuoHuo | SUS | NA attack | ['WIN'] | ['ULT'] | Scaling: HP | TargetID: -1 | DMG/BREAK Splits: [0, 0]/[0, 0] | Energy Gained: 5 | SP Change: 0

        ----------Char Buffs----------
        KeelCD(SUP1) | CD% | Stacks: 1 | Value: 0.100 | Remaining Turns: 1 | TickDown: SUS, PERM | Target: SUS | Affects: ['ALL']
        PostOpERR | ERR% | Stacks: 1 | Value: 0.160 | Remaining Turns: 1 | TickDown: SUS, PERM | Target: SUS | Affects: ['ALL']
        PostOpOGH | OGH% | Stacks: 1 | Value: 0.240 | Remaining Turns: 1 | TickDown: SUS, PERM | Target: SUS | Affects: ['ULT']
        WarriorGoddessSPD | SPD% | Stacks: 1 | Value: 0.060 | Remaining Turns: 1 | TickDown: SUS, PERM | Target: SUS | Affects: ['ALL']
        KeelEFFRES | ERS% | Stacks: 1 | Value: 0.100 | Remaining Turns: 1 | TickDown: SUS, PERM | Target: SUS | Affects: ['ALL']
        KeelCD(SUS) | CD% | Stacks: 1 | Value: 0.100 | Remaining Turns: 1 | TickDown: SUS, PERM | Target: SUS | Affects: ['ALL']
        HHTraceHP | HP% | Stacks: 1 | Value: 0.280 | Remaining Turns: 1 | TickDown: SUS, PERM | Target: SUS | Affects: ['ALL']
        HHTraceERS | ERS% | Stacks: 1 | Value: 0.180 | Remaining Turns: 1 | TickDown: SUS, PERM | Target: SUS | Affects: ['ALL']
        HHTraceSPD | SPD | Stacks: 1 | Value: 5.000 | Remaining Turns: 1 | TickDown: SUS, PERM | Target: SUS | Affects: ['ALL']
        MasterSmithComburent | DMG% | Stacks: 1 | Value: 0.150 | Remaining Turns: 2 | TickDown: SUS, END | Target: SUS | Affects: ['ALL']
        WarriorGoddessHealSPD | SPD% | Stacks: 1 | Value: 0.060 | Remaining Turns: 2 | TickDown: SUS, START | Target: SUS | Affects: ['ALL']
        WarriorGoddessHealCD | CD% | Stacks: 1 | Value: 0.150 | Remaining Turns: 2 | TickDown: SUS, START | Target: SUS | Affects: ['ALL']
        ----------End of Buff List----------

        ----------Enemy Debuffs----------
        ----------End of Debuff List----------
        ----------Healing List----------
        ----------End of Healing List----------
    GAUGE  - Enemy 0 toughness reduced by 0.000
    RESULT - HuoHuoUlt | HuoHuo | SUS | DMG: 0.000 | ELADMG: 0.000 | Enemies Hit: [0] | Enemies Broken: [] | WB DMG: 0.000 | Energy: 6.772 | Amount HP Healed: 0.000 | Amount HP Lost: 0.000 | HuoHuo Energy: 7/140 | SP: 3 | MaxSP: 5)
Saber got 3 Core Resonance from Talent, Current Count: 6
ERR    > 72.000 energy added to Saber from HuoHuoERR | Saber Energy: 294.667
ERR    > 26.000 energy added to Sunday from HuoHuoERR | Sunday Energy: 128.944
ERR    > 32.000 energy added to MortenaxBlade from HuoHuoERR | MortenaxBlade Energy: 160.000
ULT    > MortenaxBlade used their ultimate
MortenaxBlade transferred 25.2 overflow energy on Ult entry
    TURN   - MortenaxBladeUlt | MortenaxBlade | SUP2 | NA attack | ['FIR'] | ['ALL'] | Scaling: HP | TargetID: 1 | DMG/BREAK Splits: [0, 0]/[0, 0] | Energy Gained: 5 | SP Change: 0

        ----------Char Buffs----------
        KeelCD(SUP1) | CD% | Stacks: 1 | Value: 0.100 | Remaining Turns: 1 | TickDown: SUP2, PERM | Target: SUP2 | Affects: ['ALL']
        MasterSmithHP | HP% | Stacks: 1 | Value: 0.120 | Remaining Turns: 1 | TickDown: SUP2, PERM | Target: SUP2 | Affects: ['ALL']
        VonwacqERR | ERR% | Stacks: 1 | Value: 0.050 | Remaining Turns: 1 | TickDown: SUP2, PERM | Target: SUP2 | Affects: ['ALL']
        MortenaxBladeTraceCR | CR% | Stacks: 1 | Value: 0.120 | Remaining Turns: 1 | TickDown: SUP2, PERM | Target: SUP2 | Affects: ['ALL']
        MortenaxBladeTraceHP | HP% | Stacks: 1 | Value: 0.100 | Remaining Turns: 1 | TickDown: SUP2, PERM | Target: SUP2 | Affects: ['ALL']
        MortenaxBladeTraceDMG | DMG% | Stacks: 1 | Value: 0.224 | Remaining Turns: 1 | TickDown: SUP2, PERM | Target: SUP2 | Affects: ['ALL']
        KeelCD(SUS) | CD% | Stacks: 1 | Value: 0.100 | Remaining Turns: 1 | TickDown: SUP2, PERM | Target: SUP2 | Affects: ['ALL']
        MortenaxBladeTechDMGReduction | DMG_REDUCTION | Stacks: 1 | Value: 0.900 | Remaining Turns: 1 | TickDown: SUP2, END | Target: SUP2 | Affects: ['ALL']
        MasterSmithCD | CD% | Stacks: 1 | Value: 0.280 | Remaining Turns: 1 | TickDown: SUP2, PERM | Target: SUP2 | Affects: ['ALL']
        MasterSmithComburent | DMG% | Stacks: 1 | Value: 0.150 | Remaining Turns: 1 | TickDown: SUP2, END | Target: SUP2 | Affects: ['ALL']
        WarriorGoddessHealCD | CD% | Stacks: 1 | Value: 0.150 | Remaining Turns: 2 | TickDown: SUP2, START | Target: SUP2 | Affects: ['ALL']
        HuoHuoUltATK | ATK% | Stacks: 1 | Value: 0.400 | Remaining Turns: 2 | TickDown: SUP2, END | Target: SUP2 | Affects: ['ALL']
        HuoHuoUltExtraATK | ATK% | Stacks: 1 | Value: 0.240 | Remaining Turns: 2 | TickDown: SUP2, END | Target: SUP2 | Affects: ['ALL']
        MortenaxBladeCRBoost | CR% | Stacks: 1 | Value: 0.200 | Remaining Turns: 1 | TickDown: SUP2, PERM | Target: SUP2 | Affects: ['ALL']
        MortenaxBladeCDBoost | CD% | Stacks: 1 | Value: 0.600 | Remaining Turns: 1 | TickDown: SUP2, PERM | Target: SUP2 | Affects: ['ALL']
        MortenaxBladeDMGReduction | DMG_REDUCTION | Stacks: 1 | Value: 0.500 | Remaining Turns: 1 | TickDown: SUP2, PERM | Target: SUP2 | Affects: ['ALL']
        MortenaxBladeDMGBoost | DMG% | Stacks: 1 | Value: 0.500 | Remaining Turns: 1 | TickDown: SUP2, PERM | Target: SUP2 | Affects: ['ALL']
        MortenaxBladeDMG | DMG% | Stacks: 1 | Value: 0.750 | Remaining Turns: 1 | TickDown: SUP2, PERM | Target: SUP2 | Affects: ['ALL']
        ----------End of Buff List----------

        ----------Enemy Debuffs----------
        HuohuoTechniqueDebuff | From: SUS | ATK_REDUCTION | Stacks: 1 | Value: 0.250 | Remaining Turns: 1 | Target: 1 | Targeting: ST | Affects: ['SPECIAL'] | DOT: False | Blast: False
        ResoShred(SUP2) | From: SUP2 | SHRED | Stacks: 1 | Value: 0.160 | Remaining Turns: 1 | Target: 1 | Targeting: AOE | Affects: ['ALL'] | DOT: False | Blast: False
        MortenaxBladeUltVul | From: SUP2 | VULN | Stacks: 1 | Value: 0.500 | Remaining Turns: 2 | Target: 1 | Targeting: ST | Affects: ['ALL'] | DOT: False | Blast: False
        MortenaxBladeUltShred | From: SUP2 | SHRED | Stacks: 1 | Value: 0.300 | Remaining Turns: 2 | Target: 1 | Targeting: ST | Affects: ['ALL'] | DOT: False | Blast: False
        ----------End of Debuff List----------
        ----------Healing List----------
        ----------End of Healing List----------
    GAUGE  - Enemy 1 toughness reduced by 0.000
    RESULT - MortenaxBladeUlt | MortenaxBlade | SUP2 | DMG: 0.000 | ELADMG: 0.000 | Enemies Hit: [1] | Enemies Broken: [] | WB DMG: 0.000 | Energy: 6.222 | Amount HP Healed: 0.000 | Amount HP Lost: 0.000 | MortenaxBlade Energy: 31/160 | SP: 3 | MaxSP: 5)
Saber got 3 Core Resonance from Talent, Current Count: 9
ADV    > Saber advanced by 100.000% from Trace1Advance | NewAV: 0.000 | Priority: 22
    TURN   - HuoHuoAllyERR | HuoHuo | SUS | NA attack | ['WIN'] | ['SPECIAL'] | Scaling: HP | TargetID: 1 | DMG/BREAK Splits: [0, 0]/[0, 0] | Energy Gained: 1 | SP Change: 0

        ----------Char Buffs----------
        KeelCD(SUP1) | CD% | Stacks: 1 | Value: 0.100 | Remaining Turns: 1 | TickDown: SUS, PERM | Target: SUS | Affects: ['ALL']
        PostOpERR | ERR% | Stacks: 1 | Value: 0.160 | Remaining Turns: 1 | TickDown: SUS, PERM | Target: SUS | Affects: ['ALL']
        WarriorGoddessSPD | SPD% | Stacks: 1 | Value: 0.060 | Remaining Turns: 1 | TickDown: SUS, PERM | Target: SUS | Affects: ['ALL']
        KeelEFFRES | ERS% | Stacks: 1 | Value: 0.100 | Remaining Turns: 1 | TickDown: SUS, PERM | Target: SUS | Affects: ['ALL']
        KeelCD(SUS) | CD% | Stacks: 1 | Value: 0.100 | Remaining Turns: 1 | TickDown: SUS, PERM | Target: SUS | Affects: ['ALL']
        HHTraceHP | HP% | Stacks: 1 | Value: 0.280 | Remaining Turns: 1 | TickDown: SUS, PERM | Target: SUS | Affects: ['ALL']
        HHTraceERS | ERS% | Stacks: 1 | Value: 0.180 | Remaining Turns: 1 | TickDown: SUS, PERM | Target: SUS | Affects: ['ALL']
        HHTraceSPD | SPD | Stacks: 1 | Value: 5.000 | Remaining Turns: 1 | TickDown: SUS, PERM | Target: SUS | Affects: ['ALL']
        MasterSmithComburent | DMG% | Stacks: 1 | Value: 0.150 | Remaining Turns: 2 | TickDown: SUS, END | Target: SUS | Affects: ['ALL']
        WarriorGoddessHealSPD | SPD% | Stacks: 1 | Value: 0.060 | Remaining Turns: 2 | TickDown: SUS, START | Target: SUS | Affects: ['ALL']
        WarriorGoddessHealCD | CD% | Stacks: 1 | Value: 0.150 | Remaining Turns: 2 | TickDown: SUS, START | Target: SUS | Affects: ['ALL']
        MortenaxBladeDMGBoost | DMG% | Stacks: 1 | Value: 0.500 | Remaining Turns: 1 | TickDown: SUS, PERM | Target: SUS | Affects: ['ALL']
        ----------End of Buff List----------

        ----------Enemy Debuffs----------
        HuohuoTechniqueDebuff | From: SUS | ATK_REDUCTION | Stacks: 1 | Value: 0.250 | Remaining Turns: 1 | Target: 1 | Targeting: ST | Affects: ['SPECIAL'] | DOT: False | Blast: False
        ResoShred(SUP2) | From: SUP2 | SHRED | Stacks: 1 | Value: 0.160 | Remaining Turns: 1 | Target: 1 | Targeting: AOE | Affects: ['ALL'] | DOT: False | Blast: False
        MortenaxBladeUltVul | From: SUP2 | VULN | Stacks: 1 | Value: 0.500 | Remaining Turns: 2 | Target: 1 | Targeting: ST | Affects: ['ALL'] | DOT: False | Blast: False
        MortenaxBladeUltShred | From: SUP2 | SHRED | Stacks: 1 | Value: 0.300 | Remaining Turns: 2 | Target: 1 | Targeting: ST | Affects: ['ALL'] | DOT: False | Blast: False
        ----------End of Debuff List----------
        ----------Healing List----------
        HuoHuoTalentHealingScaling | Targeting: Targeting.SINGLE | Healing Value: [0.045] | Target: ALL
        HuoHuoTalentHealingScaling | Targeting: Targeting.SINGLE | Healing Value: [0] | Target: ALL
        HuoHuoTalentHealingScaling | Targeting: Targeting.SINGLE | Healing Value: [0] | Target: ALL
        HuoHuoTalentHealingScaling | Targeting: Targeting.SINGLE | Healing Value: [0] | Target: ALL
        HuoHuoTalentHealingFlat | Targeting: Targeting.SINGLE | Healing Value: [120] | Target: ALL
        HuoHuoTalentHealingFlat | Targeting: Targeting.SINGLE | Healing Value: [0] | Target: ALL
        HuoHuoTalentHealingFlat | Targeting: Targeting.SINGLE | Healing Value: [0] | Target: ALL
        HuoHuoTalentHealingFlat | Targeting: Targeting.SINGLE | Healing Value: [0] | Target: ALL
        ----------End of Healing List----------
    GAUGE  - Enemy 1 toughness reduced by 0.000
    RESULT - HuoHuoAllyERR | HuoHuo | SUS | DMG: 0.000 | ELADMG: 0.000 | Enemies Hit: [1] | Enemies Broken: [] | WB DMG: 0.000 | Energy: 1.354 | Amount HP Healed: 371.779 | Amount HP Lost: 0.000 | HuoHuo Energy: 8/140 | SP: 3 | MaxSP: 5)
AV     > HuoHuo AV reset to 62.308 | 160.492 SPD

<<< NEW TURN >>>
-   Saber AV: 0.000 ENERGY: 294.667 MaxHP: 3366.991 CurrHp 3366.991 ShieldHP: 0.000
-   Sunday AV: 9.807 ENERGY: 128.944 MaxHP: 3638.196 CurrHp 3638.196 ShieldHP: 0.000
-   Enemy 0 AV: 13.197 ENERGY: 0.000 MaxHP: 2000000.000 CurrHp 2000000.000 ShieldHP: 0.000
-   Enemy 2 AV: 13.197 ENERGY: 0.000 MaxHP: 2000000.000 CurrHp 2000000.000 ShieldHP: 0.000
-   MortenaxBlade AV: 39.478 ENERGY: 31.406 MaxHP: 4779.283 CurrHp 3823.426 ShieldHP: 0.000
-   HuoHuo AV: 62.308 ENERGY: 8.126 MaxHP: 6139.808 CurrHp 6139.808 ShieldHP: 0.000
-   Enemy 1 AV: 62.536 ENERGY: 0.000 MaxHP: 5000000.000 CurrHp 4998188.853 ShieldHP: 0.000
-   InfiniteFury AV: 142.857 ENERGY: 0.000 MaxHP: 0.000 CurrHp 0.000 ShieldHP: 0.000

Combat context set: 3 enemies, 4 players
Combat context initialized: 3 enemies, Elation team size: 0
ACTION > [CHAR] TotalAV: 63.726 | TurnAV: 0.000 | Saber | E-move
Saber used 9 Core Resonance for Skill
    TURN   - SaberSkill | Saber | DPS | BLAST attack | ['WIN'] | ['SKL'] | Scaling: ATK | TargetID: 1 | DMG/BREAK Splits: [2.7600000000000002, 2.0100000000000002]/[20, 10] | Energy Gained: 30 | SP Change: -1

        ----------Char Buffs----------
        ThanklessCoronationCD | CR% | Stacks: 1 | Value: 0.360 | Remaining Turns: 1 | TickDown: DPS, PERM | Target: DPS | Affects: ['ALL']
        ScholarCR | CR% | Stacks: 1 | Value: 0.080 | Remaining Turns: 1 | TickDown: DPS, PERM | Target: DPS | Affects: ['ALL']
        ScholarDMG | DMG% | Stacks: 1 | Value: 0.200 | Remaining Turns: 1 | TickDown: DPS, PERM | Target: DPS | Affects: ['SKL', 'ULT']
        SaberTraceHP | HP% | Stacks: 1 | Value: 0.100 | Remaining Turns: 1 | TickDown: DPS, PERM | Target: DPS | Affects: ['ALL']
        SaberTraceCR | CR% | Stacks: 1 | Value: 0.120 | Remaining Turns: 1 | TickDown: DPS, PERM | Target: DPS | Affects: ['ALL']
        SaberTraceDMG | DMG% | Stacks: 1 | Value: 0.224 | Remaining Turns: 1 | TickDown: DPS, PERM | Target: DPS | Affects: ['ALL']
        SaberTrace1CR | CR% | Stacks: 1 | Value: 0.200 | Remaining Turns: 1 | TickDown: DPS, PERM | Target: DPS | Affects: ['ALL']
        KeelCD(SUP1) | CD% | Stacks: 1 | Value: 0.100 | Remaining Turns: 1 | TickDown: DPS, PERM | Target: DPS | Affects: ['ALL']
        KeelCD(SUS) | CD% | Stacks: 1 | Value: 0.100 | Remaining Turns: 1 | TickDown: DPS, PERM | Target: DPS | Affects: ['ALL']
        CosmicLifeDMG | DMG% | Stacks: 1 | Value: 0.320 | Remaining Turns: 1 | TickDown: DPS, PERM | Target: DPS | Affects: ['ALL']
        TalentATK | ATK_REDUCTION | Stacks: 1 | Value: 0.350 | Remaining Turns: 2 | TickDown: DPS, END | Target: DPS | Affects: ['ALL']
        Trace3CDExtra | CD% | Stacks: 1 | Value: 0.320 | Remaining Turns: 1 | TickDown: DPS, PERM | Target: DPS | Affects: ['ALL']
        MasterSmithComburent | DMG% | Stacks: 1 | Value: 0.150 | Remaining Turns: 2 | TickDown: DPS, END | Target: DPS | Affects: ['ALL']
        WarriorGoddessHealCD | CD% | Stacks: 1 | Value: 0.150 | Remaining Turns: 1 | TickDown: DPS, START | Target: DPS | Affects: ['ALL']
        HuoHuoUltATK | ATK% | Stacks: 1 | Value: 0.400 | Remaining Turns: 2 | TickDown: DPS, END | Target: DPS | Affects: ['ALL']
        HuoHuoUltExtraATK | ATK% | Stacks: 1 | Value: 0.240 | Remaining Turns: 2 | TickDown: DPS, END | Target: DPS | Affects: ['ALL']
        TalentDMG | DMG% | Stacks: 1 | Value: 0.600 | Remaining Turns: 2 | TickDown: DPS, END | Target: DPS | Affects: ['ALL']
        MortenaxBladeDMGBoost | DMG% | Stacks: 1 | Value: 0.500 | Remaining Turns: 1 | TickDown: DPS, PERM | Target: DPS | Affects: ['ALL']
        Trace3CD | CD% | Stacks: 1 | Value: 0.500 | Remaining Turns: 2 | TickDown: DPS, END | Target: DPS | Affects: ['ALL']
        SkillEnergy | ERR_F | Stacks: 1 | Value: 72.000 | Remaining Turns: 1 | TickDown: DPS, START | Target: DPS | Affects: ['ALL']
        ----------End of Buff List----------

        ----------Enemy Debuffs----------
        HuohuoTechniqueDebuff | From: SUS | ATK_REDUCTION | Stacks: 1 | Value: 0.250 | Remaining Turns: 1 | Target: 1 | Targeting: ST | Affects: ['SPECIAL'] | DOT: False | Blast: False
        ResoShred(SUP2) | From: SUP2 | SHRED | Stacks: 1 | Value: 0.160 | Remaining Turns: 1 | Target: 1 | Targeting: AOE | Affects: ['ALL'] | DOT: False | Blast: False
        MortenaxBladeUltVul | From: SUP2 | VULN | Stacks: 1 | Value: 0.500 | Remaining Turns: 2 | Target: 1 | Targeting: ST | Affects: ['ALL'] | DOT: False | Blast: False
        MortenaxBladeUltShred | From: SUP2 | SHRED | Stacks: 1 | Value: 0.300 | Remaining Turns: 2 | Target: 1 | Targeting: ST | Affects: ['ALL'] | DOT: False | Blast: False
        ----------End of Debuff List----------
        ----------Healing List----------
        ----------End of Healing List----------
    GAUGE  - Enemy 1 toughness reduced by 20.000
    GAUGE  - Enemy 0 toughness reduced by 10.000
    GAUGE  - Enemy 2 toughness reduced by 10.000
    RESULT - SaberSkill | Saber | DPS | DMG: 206310.677 | ELADMG: 0.000 | Enemies Hit: [1, 0, 2] | Enemies Broken: [] | WB DMG: 0.000 | Energy: 30.000 | Amount HP Healed: 0.000 | Amount HP Lost: 0.000 | Saber Energy: 325/360 | SP: 3 | MaxSP: 5)
MortenaxBlade has obtained 1 Charge. Current Charge count: 1.
    TURN   - HuoHuoAllyERR | HuoHuo | SUS | NA attack | ['WIN'] | ['SPECIAL'] | Scaling: HP | TargetID: 1 | DMG/BREAK Splits: [0, 0]/[0, 0] | Energy Gained: 1 | SP Change: 0

        ----------Char Buffs----------
        KeelCD(SUP1) | CD% | Stacks: 1 | Value: 0.100 | Remaining Turns: 1 | TickDown: SUS, PERM | Target: SUS | Affects: ['ALL']
        PostOpERR | ERR% | Stacks: 1 | Value: 0.160 | Remaining Turns: 1 | TickDown: SUS, PERM | Target: SUS | Affects: ['ALL']
        WarriorGoddessSPD | SPD% | Stacks: 1 | Value: 0.060 | Remaining Turns: 1 | TickDown: SUS, PERM | Target: SUS | Affects: ['ALL']
        KeelEFFRES | ERS% | Stacks: 1 | Value: 0.100 | Remaining Turns: 1 | TickDown: SUS, PERM | Target: SUS | Affects: ['ALL']
        KeelCD(SUS) | CD% | Stacks: 1 | Value: 0.100 | Remaining Turns: 1 | TickDown: SUS, PERM | Target: SUS | Affects: ['ALL']
        HHTraceHP | HP% | Stacks: 1 | Value: 0.280 | Remaining Turns: 1 | TickDown: SUS, PERM | Target: SUS | Affects: ['ALL']
        HHTraceERS | ERS% | Stacks: 1 | Value: 0.180 | Remaining Turns: 1 | TickDown: SUS, PERM | Target: SUS | Affects: ['ALL']
        HHTraceSPD | SPD | Stacks: 1 | Value: 5.000 | Remaining Turns: 1 | TickDown: SUS, PERM | Target: SUS | Affects: ['ALL']
        MasterSmithComburent | DMG% | Stacks: 1 | Value: 0.150 | Remaining Turns: 2 | TickDown: SUS, END | Target: SUS | Affects: ['ALL']
        WarriorGoddessHealSPD | SPD% | Stacks: 1 | Value: 0.060 | Remaining Turns: 2 | TickDown: SUS, START | Target: SUS | Affects: ['ALL']
        WarriorGoddessHealCD | CD% | Stacks: 1 | Value: 0.150 | Remaining Turns: 2 | TickDown: SUS, START | Target: SUS | Affects: ['ALL']
        MortenaxBladeDMGBoost | DMG% | Stacks: 1 | Value: 0.500 | Remaining Turns: 1 | TickDown: SUS, PERM | Target: SUS | Affects: ['ALL']
        ----------End of Buff List----------

        ----------Enemy Debuffs----------
        HuohuoTechniqueDebuff | From: SUS | ATK_REDUCTION | Stacks: 1 | Value: 0.250 | Remaining Turns: 1 | Target: 1 | Targeting: ST | Affects: ['SPECIAL'] | DOT: False | Blast: False
        ResoShred(SUP2) | From: SUP2 | SHRED | Stacks: 1 | Value: 0.160 | Remaining Turns: 1 | Target: 1 | Targeting: AOE | Affects: ['ALL'] | DOT: False | Blast: False
        MortenaxBladeUltVul | From: SUP2 | VULN | Stacks: 1 | Value: 0.500 | Remaining Turns: 2 | Target: 1 | Targeting: ST | Affects: ['ALL'] | DOT: False | Blast: False
        MortenaxBladeUltShred | From: SUP2 | SHRED | Stacks: 1 | Value: 0.300 | Remaining Turns: 2 | Target: 1 | Targeting: ST | Affects: ['ALL'] | DOT: False | Blast: False
        ----------End of Debuff List----------
        ----------Healing List----------
        HuoHuoTalentHealingScaling | Targeting: Targeting.SINGLE | Healing Value: [0.045] | Target: ALL
        HuoHuoTalentHealingScaling | Targeting: Targeting.SINGLE | Healing Value: [0] | Target: ALL
        HuoHuoTalentHealingScaling | Targeting: Targeting.SINGLE | Healing Value: [0] | Target: ALL
        HuoHuoTalentHealingScaling | Targeting: Targeting.SINGLE | Healing Value: [0] | Target: ALL
        HuoHuoTalentHealingFlat | Targeting: Targeting.SINGLE | Healing Value: [120] | Target: ALL
        HuoHuoTalentHealingFlat | Targeting: Targeting.SINGLE | Healing Value: [0] | Target: ALL
        HuoHuoTalentHealingFlat | Targeting: Targeting.SINGLE | Healing Value: [0] | Target: ALL
        HuoHuoTalentHealingFlat | Targeting: Targeting.SINGLE | Healing Value: [0] | Target: ALL
        ----------End of Healing List----------
    GAUGE  - Enemy 1 toughness reduced by 0.000
    RESULT - HuoHuoAllyERR | HuoHuo | SUS | DMG: 0.000 | ELADMG: 0.000 | Enemies Hit: [1] | Enemies Broken: [] | WB DMG: 0.000 | Energy: 1.354 | Amount HP Healed: 371.779 | Amount HP Lost: 0.000 | HuoHuo Energy: 9/140 | SP: 3 | MaxSP: 5)
ERR    > 72.000 energy added to Saber from SkillEnergy | Saber Energy: 360.000
ULT    > Saber used their ultimate
Saber got 3 Core Resonance from Talent, Current Count: 3
Saber transferred 36.7 overflow energy on Ult entry
    TURN   - SaberUltBig | Saber | DPS | AOE attack | ['WIN'] | ['ULT'] | Scaling: ATK | TargetID: 1 | DMG/BREAK Splits: [2.8, 0]/[40, 0] | Energy Gained: 0 | SP Change: 0

        ----------Char Buffs----------
        ThanklessCoronationCD | CR% | Stacks: 1 | Value: 0.360 | Remaining Turns: 1 | TickDown: DPS, PERM | Target: DPS | Affects: ['ALL']
        ScholarCR | CR% | Stacks: 1 | Value: 0.080 | Remaining Turns: 1 | TickDown: DPS, PERM | Target: DPS | Affects: ['ALL']
        ScholarDMG | DMG% | Stacks: 1 | Value: 0.200 | Remaining Turns: 1 | TickDown: DPS, PERM | Target: DPS | Affects: ['SKL', 'ULT']
        SaberTraceHP | HP% | Stacks: 1 | Value: 0.100 | Remaining Turns: 1 | TickDown: DPS, PERM | Target: DPS | Affects: ['ALL']
        SaberTraceCR | CR% | Stacks: 1 | Value: 0.120 | Remaining Turns: 1 | TickDown: DPS, PERM | Target: DPS | Affects: ['ALL']
        SaberTraceDMG | DMG% | Stacks: 1 | Value: 0.224 | Remaining Turns: 1 | TickDown: DPS, PERM | Target: DPS | Affects: ['ALL']
        SaberTrace1CR | CR% | Stacks: 1 | Value: 0.200 | Remaining Turns: 1 | TickDown: DPS, PERM | Target: DPS | Affects: ['ALL']
        KeelCD(SUP1) | CD% | Stacks: 1 | Value: 0.100 | Remaining Turns: 1 | TickDown: DPS, PERM | Target: DPS | Affects: ['ALL']
        KeelCD(SUS) | CD% | Stacks: 1 | Value: 0.100 | Remaining Turns: 1 | TickDown: DPS, PERM | Target: DPS | Affects: ['ALL']
        CosmicLifeDMG | DMG% | Stacks: 1 | Value: 0.320 | Remaining Turns: 1 | TickDown: DPS, PERM | Target: DPS | Affects: ['ALL']
        TalentATK | ATK_REDUCTION | Stacks: 1 | Value: 0.350 | Remaining Turns: 2 | TickDown: DPS, END | Target: DPS | Affects: ['ALL']
        Trace3CDExtra | CD% | Stacks: 1 | Value: 0.320 | Remaining Turns: 1 | TickDown: DPS, PERM | Target: DPS | Affects: ['ALL']
        MasterSmithComburent | DMG% | Stacks: 1 | Value: 0.150 | Remaining Turns: 2 | TickDown: DPS, END | Target: DPS | Affects: ['ALL']
        WarriorGoddessHealCD | CD% | Stacks: 1 | Value: 0.150 | Remaining Turns: 2 | TickDown: DPS, START | Target: DPS | Affects: ['ALL']
        HuoHuoUltATK | ATK% | Stacks: 1 | Value: 0.400 | Remaining Turns: 2 | TickDown: DPS, END | Target: DPS | Affects: ['ALL']
        HuoHuoUltExtraATK | ATK% | Stacks: 1 | Value: 0.240 | Remaining Turns: 2 | TickDown: DPS, END | Target: DPS | Affects: ['ALL']
        TalentDMG | DMG% | Stacks: 1 | Value: 0.600 | Remaining Turns: 2 | TickDown: DPS, END | Target: DPS | Affects: ['ALL']
        MortenaxBladeDMGBoost | DMG% | Stacks: 1 | Value: 0.500 | Remaining Turns: 1 | TickDown: DPS, PERM | Target: DPS | Affects: ['ALL']
        Trace3CD | CD% | Stacks: 1 | Value: 0.500 | Remaining Turns: 2 | TickDown: DPS, END | Target: DPS | Affects: ['ALL']
        ThanklessCoronationATK | ATK% | Stacks: 1 | Value: 0.400 | Remaining Turns: 2 | TickDown: DPS, END | Target: DPS | Affects: ['ALL']
        ThanklessCoronationERR | ERR_F | Stacks: 1 | Value: 36.000 | Remaining Turns: 1 | TickDown: DPS, START | Target: DPS | Affects: ['ALL']
        ThanklessCoronationATKExtra | ATK% | Stacks: 1 | Value: 0.400 | Remaining Turns: 2 | TickDown: DPS, END | Target: DPS | Affects: ['ALL']
        ----------End of Buff List----------

        ----------Enemy Debuffs----------
        HuohuoTechniqueDebuff | From: SUS | ATK_REDUCTION | Stacks: 1 | Value: 0.250 | Remaining Turns: 1 | Target: 1 | Targeting: ST | Affects: ['SPECIAL'] | DOT: False | Blast: False
        ResoShred(SUP2) | From: SUP2 | SHRED | Stacks: 1 | Value: 0.160 | Remaining Turns: 1 | Target: 1 | Targeting: AOE | Affects: ['ALL'] | DOT: False | Blast: False
        MortenaxBladeUltVul | From: SUP2 | VULN | Stacks: 1 | Value: 0.500 | Remaining Turns: 2 | Target: 1 | Targeting: ST | Affects: ['ALL'] | DOT: False | Blast: False
        MortenaxBladeUltShred | From: SUP2 | SHRED | Stacks: 1 | Value: 0.300 | Remaining Turns: 2 | Target: 1 | Targeting: ST | Affects: ['ALL'] | DOT: False | Blast: False
        ----------End of Debuff List----------
        ----------Healing List----------
        ----------End of Healing List----------
    GAUGE  - Enemy 0 toughness reduced by 40.000
    GAUGE  - Enemy 1 toughness reduced by 40.000
    GAUGE  - Enemy 2 toughness reduced by 40.000
    RESULT - SaberUltBig | Saber | DPS | DMG: 329835.526 | ELADMG: 0.000 | Enemies Hit: [0, 1, 2] | Enemies Broken: [] | WB DMG: 0.000 | Energy: 0.000 | Amount HP Healed: 0.000 | Amount HP Lost: 0.000 | Saber Energy: 37/360 | SP: 3 | MaxSP: 5)
MortenaxBlade has obtained 1 Charge. Current Charge count: 2.
    TURN   - SaberUltSmall | Saber | DPS | ST attack | ['WIN'] | ['ULT'] | Scaling: ATK | TargetID: 1 | DMG/BREAK Splits: [11.0, 0]/[20, 0] | Energy Gained: 5 | SP Change: 0

        ----------Char Buffs----------
        ThanklessCoronationCD | CR% | Stacks: 1 | Value: 0.360 | Remaining Turns: 1 | TickDown: DPS, PERM | Target: DPS | Affects: ['ALL']
        ScholarCR | CR% | Stacks: 1 | Value: 0.080 | Remaining Turns: 1 | TickDown: DPS, PERM | Target: DPS | Affects: ['ALL']
        ScholarDMG | DMG% | Stacks: 1 | Value: 0.200 | Remaining Turns: 1 | TickDown: DPS, PERM | Target: DPS | Affects: ['SKL', 'ULT']
        SaberTraceHP | HP% | Stacks: 1 | Value: 0.100 | Remaining Turns: 1 | TickDown: DPS, PERM | Target: DPS | Affects: ['ALL']
        SaberTraceCR | CR% | Stacks: 1 | Value: 0.120 | Remaining Turns: 1 | TickDown: DPS, PERM | Target: DPS | Affects: ['ALL']
        SaberTraceDMG | DMG% | Stacks: 1 | Value: 0.224 | Remaining Turns: 1 | TickDown: DPS, PERM | Target: DPS | Affects: ['ALL']
        SaberTrace1CR | CR% | Stacks: 1 | Value: 0.200 | Remaining Turns: 1 | TickDown: DPS, PERM | Target: DPS | Affects: ['ALL']
        KeelCD(SUP1) | CD% | Stacks: 1 | Value: 0.100 | Remaining Turns: 1 | TickDown: DPS, PERM | Target: DPS | Affects: ['ALL']
        KeelCD(SUS) | CD% | Stacks: 1 | Value: 0.100 | Remaining Turns: 1 | TickDown: DPS, PERM | Target: DPS | Affects: ['ALL']
        CosmicLifeDMG | DMG% | Stacks: 1 | Value: 0.320 | Remaining Turns: 1 | TickDown: DPS, PERM | Target: DPS | Affects: ['ALL']
        TalentATK | ATK_REDUCTION | Stacks: 1 | Value: 0.350 | Remaining Turns: 2 | TickDown: DPS, END | Target: DPS | Affects: ['ALL']
        Trace3CDExtra | CD% | Stacks: 1 | Value: 0.320 | Remaining Turns: 1 | TickDown: DPS, PERM | Target: DPS | Affects: ['ALL']
        MasterSmithComburent | DMG% | Stacks: 1 | Value: 0.150 | Remaining Turns: 2 | TickDown: DPS, END | Target: DPS | Affects: ['ALL']
        WarriorGoddessHealCD | CD% | Stacks: 1 | Value: 0.150 | Remaining Turns: 2 | TickDown: DPS, START | Target: DPS | Affects: ['ALL']
        HuoHuoUltATK | ATK% | Stacks: 1 | Value: 0.400 | Remaining Turns: 2 | TickDown: DPS, END | Target: DPS | Affects: ['ALL']
        HuoHuoUltExtraATK | ATK% | Stacks: 1 | Value: 0.240 | Remaining Turns: 2 | TickDown: DPS, END | Target: DPS | Affects: ['ALL']
        TalentDMG | DMG% | Stacks: 1 | Value: 0.600 | Remaining Turns: 2 | TickDown: DPS, END | Target: DPS | Affects: ['ALL']
        MortenaxBladeDMGBoost | DMG% | Stacks: 1 | Value: 0.500 | Remaining Turns: 1 | TickDown: DPS, PERM | Target: DPS | Affects: ['ALL']
        Trace3CD | CD% | Stacks: 1 | Value: 0.500 | Remaining Turns: 2 | TickDown: DPS, END | Target: DPS | Affects: ['ALL']
        ThanklessCoronationATK | ATK% | Stacks: 1 | Value: 0.400 | Remaining Turns: 2 | TickDown: DPS, END | Target: DPS | Affects: ['ALL']
        ThanklessCoronationERR | ERR_F | Stacks: 1 | Value: 36.000 | Remaining Turns: 1 | TickDown: DPS, START | Target: DPS | Affects: ['ALL']
        ThanklessCoronationATKExtra | ATK% | Stacks: 1 | Value: 0.400 | Remaining Turns: 2 | TickDown: DPS, END | Target: DPS | Affects: ['ALL']
        ----------End of Buff List----------

        ----------Enemy Debuffs----------
        HuohuoTechniqueDebuff | From: SUS | ATK_REDUCTION | Stacks: 1 | Value: 0.250 | Remaining Turns: 1 | Target: 1 | Targeting: ST | Affects: ['SPECIAL'] | DOT: False | Blast: False
        ResoShred(SUP2) | From: SUP2 | SHRED | Stacks: 1 | Value: 0.160 | Remaining Turns: 1 | Target: 1 | Targeting: AOE | Affects: ['ALL'] | DOT: False | Blast: False
        MortenaxBladeUltVul | From: SUP2 | VULN | Stacks: 1 | Value: 0.500 | Remaining Turns: 2 | Target: 1 | Targeting: ST | Affects: ['ALL'] | DOT: False | Blast: False
        MortenaxBladeUltShred | From: SUP2 | SHRED | Stacks: 1 | Value: 0.300 | Remaining Turns: 2 | Target: 1 | Targeting: ST | Affects: ['ALL'] | DOT: False | Blast: False
        ----------End of Debuff List----------
        ----------Healing List----------
        HuoHuoTalentHealingScaling | Targeting: Targeting.SINGLE | Healing Value: [0.045] | Target: ALL
        HuoHuoTalentHealingScaling | Targeting: Targeting.SINGLE | Healing Value: [0] | Target: ALL
        HuoHuoTalentHealingScaling | Targeting: Targeting.SINGLE | Healing Value: [0] | Target: ALL
        HuoHuoTalentHealingScaling | Targeting: Targeting.SINGLE | Healing Value: [0] | Target: ALL
        HuoHuoTalentHealingFlat | Targeting: Targeting.SINGLE | Healing Value: [120] | Target: ALL
        HuoHuoTalentHealingFlat | Targeting: Targeting.SINGLE | Healing Value: [0] | Target: ALL
        HuoHuoTalentHealingFlat | Targeting: Targeting.SINGLE | Healing Value: [0] | Target: ALL
        HuoHuoTalentHealingFlat | Targeting: Targeting.SINGLE | Healing Value: [0] | Target: ALL
        ----------End of Healing List----------
    GAUGE  - Enemy 1 toughness reduced by 20.000
    RESULT - SaberUltSmall | Saber | DPS | DMG: 431927.474 | ELADMG: 0.000 | Enemies Hit: [1] | Enemies Broken: [] | WB DMG: 0.000 | Energy: 5.000 | Amount HP Healed: 438.089 | Amount HP Lost: 0.000 | Saber Energy: 42/360 | SP: 3 | MaxSP: 5)
    TURN   - HuoHuoAllyERR | HuoHuo | SUS | NA attack | ['WIN'] | ['SPECIAL'] | Scaling: HP | TargetID: 1 | DMG/BREAK Splits: [0, 0]/[0, 0] | Energy Gained: 1 | SP Change: 0

        ----------Char Buffs----------
        KeelCD(SUP1) | CD% | Stacks: 1 | Value: 0.100 | Remaining Turns: 1 | TickDown: SUS, PERM | Target: SUS | Affects: ['ALL']
        PostOpERR | ERR% | Stacks: 1 | Value: 0.160 | Remaining Turns: 1 | TickDown: SUS, PERM | Target: SUS | Affects: ['ALL']
        WarriorGoddessSPD | SPD% | Stacks: 1 | Value: 0.060 | Remaining Turns: 1 | TickDown: SUS, PERM | Target: SUS | Affects: ['ALL']
        KeelEFFRES | ERS% | Stacks: 1 | Value: 0.100 | Remaining Turns: 1 | TickDown: SUS, PERM | Target: SUS | Affects: ['ALL']
        KeelCD(SUS) | CD% | Stacks: 1 | Value: 0.100 | Remaining Turns: 1 | TickDown: SUS, PERM | Target: SUS | Affects: ['ALL']
        HHTraceHP | HP% | Stacks: 1 | Value: 0.280 | Remaining Turns: 1 | TickDown: SUS, PERM | Target: SUS | Affects: ['ALL']
        HHTraceERS | ERS% | Stacks: 1 | Value: 0.180 | Remaining Turns: 1 | TickDown: SUS, PERM | Target: SUS | Affects: ['ALL']
        HHTraceSPD | SPD | Stacks: 1 | Value: 5.000 | Remaining Turns: 1 | TickDown: SUS, PERM | Target: SUS | Affects: ['ALL']
        MasterSmithComburent | DMG% | Stacks: 1 | Value: 0.150 | Remaining Turns: 2 | TickDown: SUS, END | Target: SUS | Affects: ['ALL']
        WarriorGoddessHealSPD | SPD% | Stacks: 1 | Value: 0.060 | Remaining Turns: 2 | TickDown: SUS, START | Target: SUS | Affects: ['ALL']
        WarriorGoddessHealCD | CD% | Stacks: 1 | Value: 0.150 | Remaining Turns: 2 | TickDown: SUS, START | Target: SUS | Affects: ['ALL']
        MortenaxBladeDMGBoost | DMG% | Stacks: 1 | Value: 0.500 | Remaining Turns: 1 | TickDown: SUS, PERM | Target: SUS | Affects: ['ALL']
        ----------End of Buff List----------

        ----------Enemy Debuffs----------
        HuohuoTechniqueDebuff | From: SUS | ATK_REDUCTION | Stacks: 1 | Value: 0.250 | Remaining Turns: 1 | Target: 1 | Targeting: ST | Affects: ['SPECIAL'] | DOT: False | Blast: False
        ResoShred(SUP2) | From: SUP2 | SHRED | Stacks: 1 | Value: 0.160 | Remaining Turns: 1 | Target: 1 | Targeting: AOE | Affects: ['ALL'] | DOT: False | Blast: False
        MortenaxBladeUltVul | From: SUP2 | VULN | Stacks: 1 | Value: 0.500 | Remaining Turns: 2 | Target: 1 | Targeting: ST | Affects: ['ALL'] | DOT: False | Blast: False
        MortenaxBladeUltShred | From: SUP2 | SHRED | Stacks: 1 | Value: 0.300 | Remaining Turns: 2 | Target: 1 | Targeting: ST | Affects: ['ALL'] | DOT: False | Blast: False
        ----------End of Debuff List----------
        ----------Healing List----------
        ----------End of Healing List----------
    GAUGE  - Enemy 1 toughness reduced by 0.000
    RESULT - HuoHuoAllyERR | HuoHuo | SUS | DMG: 0.000 | ELADMG: 0.000 | Enemies Hit: [1] | Enemies Broken: [] | WB DMG: 0.000 | Energy: 1.354 | Amount HP Healed: 0.000 | Amount HP Lost: 0.000 | HuoHuo Energy: 11/140 | SP: 3 | MaxSP: 5)
ERR    > 36.000 energy added to Saber from ThanklessCoronationERR | Saber Energy: 77.667
AV     > Saber AV reset to 71.514 | 139.832 SPD

<<< NEW TURN >>>
-   Sunday AV: 0.000 ENERGY: 128.944 MaxHP: 3638.196 CurrHp 3638.196 ShieldHP: 0.000
-   Enemy 0 AV: 3.389 ENERGY: 0.000 MaxHP: 2000000.000 CurrHp 1828891.925 ShieldHP: 0.000
-   Enemy 2 AV: 3.389 ENERGY: 0.000 MaxHP: 2000000.000 CurrHp 1828891.925 ShieldHP: 0.000
-   MortenaxBlade AV: 29.671 ENERGY: 31.406 MaxHP: 4779.283 CurrHp 3823.426 ShieldHP: 0.000
-   HuoHuo AV: 52.501 ENERGY: 10.835 MaxHP: 6139.808 CurrHp 6139.808 ShieldHP: 0.000
-   Enemy 1 AV: 52.729 ENERGY: 0.000 MaxHP: 5000000.000 CurrHp 4372331.326 ShieldHP: 0.000
-   Saber AV: 61.707 ENERGY: 77.667 MaxHP: 3366.991 CurrHp 3366.991 ShieldHP: 0.000
-   InfiniteFury AV: 133.050 ENERGY: 0.000 MaxHP: 0.000 CurrHp 0.000 ShieldHP: 0.000

Combat context set: 3 enemies, 4 players
Combat context initialized: 3 enemies, Elation team size: 0
ACTION > [CHAR] TotalAV: 73.534 | TurnAV: 9.807 | Sunday | E-move
    TURN   - SundaySkill | Sunday | SUP1 | NA attack | ['IMG'] | ['SKL'] | Scaling: ATK | TargetID: -1 | DMG/BREAK Splits: [0, 0]/[0, 0] | Energy Gained: 30 | SP Change: 0

        ----------Char Buffs----------
        BattleIsntOverERR | ERR% | Stacks: 1 | Value: 0.100 | Remaining Turns: 1 | TickDown: SUP1, PERM | Target: SUP1 | Affects: ['ALL']
        SacerdosSPD | SPD% | Stacks: 1 | Value: 0.060 | Remaining Turns: 1 | TickDown: SUP1, PERM | Target: SUP1 | Affects: ['ALL']
        KeelEFFRES | ERS% | Stacks: 1 | Value: 0.100 | Remaining Turns: 1 | TickDown: SUP1, PERM | Target: SUP1 | Affects: ['ALL']
        KeelCD(SUP1) | CD% | Stacks: 1 | Value: 0.100 | Remaining Turns: 1 | TickDown: SUP1, PERM | Target: SUP1 | Affects: ['ALL']
        SundayTraceCD | CD% | Stacks: 1 | Value: 0.373 | Remaining Turns: 1 | TickDown: SUP1, PERM | Target: SUP1 | Affects: ['ALL']
        SundayTraceERS | ERS% | Stacks: 1 | Value: 0.180 | Remaining Turns: 1 | TickDown: SUP1, PERM | Target: SUP1 | Affects: ['ALL']
        SundayTraceDEF | DEF% | Stacks: 1 | Value: 0.125 | Remaining Turns: 1 | TickDown: SUP1, PERM | Target: SUP1 | Affects: ['ALL']
        KeelCD(SUS) | CD% | Stacks: 1 | Value: 0.100 | Remaining Turns: 1 | TickDown: SUP1, PERM | Target: SUP1 | Affects: ['ALL']
        MasterSmithComburent | DMG% | Stacks: 1 | Value: 0.150 | Remaining Turns: 2 | TickDown: SUP1, END | Target: SUP1 | Affects: ['ALL']
        WarriorGoddessHealCD | CD% | Stacks: 1 | Value: 0.150 | Remaining Turns: 1 | TickDown: SUP1, START | Target: SUP1 | Affects: ['ALL']
        MortenaxBladeDMGBoost | DMG% | Stacks: 1 | Value: 0.500 | Remaining Turns: 1 | TickDown: SUP1, PERM | Target: SUP1 | Affects: ['ALL']
        ----------End of Buff List----------

        ----------Enemy Debuffs----------
        ----------End of Debuff List----------
        ----------Healing List----------
        ----------End of Healing List----------
    GAUGE  - Enemy 0 toughness reduced by 0.000
    RESULT - SundaySkill | Sunday | SUP1 | DMG: 0.000 | ELADMG: 0.000 | Enemies Hit: [0] | Enemies Broken: [] | WB DMG: 0.000 | Energy: 38.832 | Amount HP Healed: 0.000 | Amount HP Lost: 0.000 | Sunday Energy: 130/130 | SP: 3 | MaxSP: 5)
ADV    > Saber advanced by 100.000% from SundayTargetADV | NewAV: 0.000 | Priority: 17
ADV    > Saber advanced by 10.000% from SundayTargetADV | NewAV: 0.000 | Priority: 32
    TURN   - HuoHuoAllyERR | HuoHuo | SUS | NA attack | ['WIN'] | ['SPECIAL'] | Scaling: HP | TargetID: 1 | DMG/BREAK Splits: [0, 0]/[0, 0] | Energy Gained: 1 | SP Change: 0

        ----------Char Buffs----------
        KeelCD(SUP1) | CD% | Stacks: 1 | Value: 0.100 | Remaining Turns: 1 | TickDown: SUS, PERM | Target: SUS | Affects: ['ALL']
        PostOpERR | ERR% | Stacks: 1 | Value: 0.160 | Remaining Turns: 1 | TickDown: SUS, PERM | Target: SUS | Affects: ['ALL']
        WarriorGoddessSPD | SPD% | Stacks: 1 | Value: 0.060 | Remaining Turns: 1 | TickDown: SUS, PERM | Target: SUS | Affects: ['ALL']
        KeelEFFRES | ERS% | Stacks: 1 | Value: 0.100 | Remaining Turns: 1 | TickDown: SUS, PERM | Target: SUS | Affects: ['ALL']
        KeelCD(SUS) | CD% | Stacks: 1 | Value: 0.100 | Remaining Turns: 1 | TickDown: SUS, PERM | Target: SUS | Affects: ['ALL']
        HHTraceHP | HP% | Stacks: 1 | Value: 0.280 | Remaining Turns: 1 | TickDown: SUS, PERM | Target: SUS | Affects: ['ALL']
        HHTraceERS | ERS% | Stacks: 1 | Value: 0.180 | Remaining Turns: 1 | TickDown: SUS, PERM | Target: SUS | Affects: ['ALL']
        HHTraceSPD | SPD | Stacks: 1 | Value: 5.000 | Remaining Turns: 1 | TickDown: SUS, PERM | Target: SUS | Affects: ['ALL']
        MasterSmithComburent | DMG% | Stacks: 1 | Value: 0.150 | Remaining Turns: 2 | TickDown: SUS, END | Target: SUS | Affects: ['ALL']
        WarriorGoddessHealSPD | SPD% | Stacks: 1 | Value: 0.060 | Remaining Turns: 2 | TickDown: SUS, START | Target: SUS | Affects: ['ALL']
        WarriorGoddessHealCD | CD% | Stacks: 1 | Value: 0.150 | Remaining Turns: 2 | TickDown: SUS, START | Target: SUS | Affects: ['ALL']
        MortenaxBladeDMGBoost | DMG% | Stacks: 1 | Value: 0.500 | Remaining Turns: 1 | TickDown: SUS, PERM | Target: SUS | Affects: ['ALL']
        ----------End of Buff List----------

        ----------Enemy Debuffs----------
        HuohuoTechniqueDebuff | From: SUS | ATK_REDUCTION | Stacks: 1 | Value: 0.250 | Remaining Turns: 1 | Target: 1 | Targeting: ST | Affects: ['SPECIAL'] | DOT: False | Blast: False
        ResoShred(SUP2) | From: SUP2 | SHRED | Stacks: 1 | Value: 0.160 | Remaining Turns: 1 | Target: 1 | Targeting: AOE | Affects: ['ALL'] | DOT: False | Blast: False
        MortenaxBladeUltVul | From: SUP2 | VULN | Stacks: 1 | Value: 0.500 | Remaining Turns: 2 | Target: 1 | Targeting: ST | Affects: ['ALL'] | DOT: False | Blast: False
        MortenaxBladeUltShred | From: SUP2 | SHRED | Stacks: 1 | Value: 0.300 | Remaining Turns: 2 | Target: 1 | Targeting: ST | Affects: ['ALL'] | DOT: False | Blast: False
        ----------End of Debuff List----------
        ----------Healing List----------
        HuoHuoTalentHealingScaling | Targeting: Targeting.SINGLE | Healing Value: [0.045] | Target: ALL
        HuoHuoTalentHealingScaling | Targeting: Targeting.SINGLE | Healing Value: [0] | Target: ALL
        HuoHuoTalentHealingScaling | Targeting: Targeting.SINGLE | Healing Value: [0] | Target: ALL
        HuoHuoTalentHealingScaling | Targeting: Targeting.SINGLE | Healing Value: [0] | Target: ALL
        HuoHuoTalentHealingFlat | Targeting: Targeting.SINGLE | Healing Value: [120] | Target: ALL
        HuoHuoTalentHealingFlat | Targeting: Targeting.SINGLE | Healing Value: [0] | Target: ALL
        HuoHuoTalentHealingFlat | Targeting: Targeting.SINGLE | Healing Value: [0] | Target: ALL
        HuoHuoTalentHealingFlat | Targeting: Targeting.SINGLE | Healing Value: [0] | Target: ALL
        ----------End of Healing List----------
    GAUGE  - Enemy 1 toughness reduced by 0.000
    RESULT - HuoHuoAllyERR | HuoHuo | SUS | DMG: 0.000 | ELADMG: 0.000 | Enemies Hit: [1] | Enemies Broken: [] | WB DMG: 0.000 | Energy: 1.354 | Amount HP Healed: 371.779 | Amount HP Lost: 0.000 | HuoHuo Energy: 12/140 | SP: 3 | MaxSP: 5)
ULT    > Sunday used their ultimate
    TURN   - SundayUlt | Sunday | SUP1 | NA attack | ['IMG'] | ['ALL'] | Scaling: ATK | TargetID: -1 | DMG/BREAK Splits: [0, 0]/[0, 0] | Energy Gained: 5 | SP Change: 2

        ----------Char Buffs----------
        BattleIsntOverERR | ERR% | Stacks: 1 | Value: 0.100 | Remaining Turns: 1 | TickDown: SUP1, PERM | Target: SUP1 | Affects: ['ALL']
        SacerdosSPD | SPD% | Stacks: 1 | Value: 0.060 | Remaining Turns: 1 | TickDown: SUP1, PERM | Target: SUP1 | Affects: ['ALL']
        KeelEFFRES | ERS% | Stacks: 1 | Value: 0.100 | Remaining Turns: 1 | TickDown: SUP1, PERM | Target: SUP1 | Affects: ['ALL']
        KeelCD(SUP1) | CD% | Stacks: 1 | Value: 0.100 | Remaining Turns: 1 | TickDown: SUP1, PERM | Target: SUP1 | Affects: ['ALL']
        SundayTraceCD | CD% | Stacks: 1 | Value: 0.373 | Remaining Turns: 1 | TickDown: SUP1, PERM | Target: SUP1 | Affects: ['ALL']
        SundayTraceERS | ERS% | Stacks: 1 | Value: 0.180 | Remaining Turns: 1 | TickDown: SUP1, PERM | Target: SUP1 | Affects: ['ALL']
        SundayTraceDEF | DEF% | Stacks: 1 | Value: 0.125 | Remaining Turns: 1 | TickDown: SUP1, PERM | Target: SUP1 | Affects: ['ALL']
        KeelCD(SUS) | CD% | Stacks: 1 | Value: 0.100 | Remaining Turns: 1 | TickDown: SUP1, PERM | Target: SUP1 | Affects: ['ALL']
        MasterSmithComburent | DMG% | Stacks: 1 | Value: 0.150 | Remaining Turns: 2 | TickDown: SUP1, END | Target: SUP1 | Affects: ['ALL']
        WarriorGoddessHealCD | CD% | Stacks: 1 | Value: 0.150 | Remaining Turns: 2 | TickDown: SUP1, START | Target: SUP1 | Affects: ['ALL']
        MortenaxBladeDMGBoost | DMG% | Stacks: 1 | Value: 0.500 | Remaining Turns: 1 | TickDown: SUP1, PERM | Target: SUP1 | Affects: ['ALL']
        BattleIsntOverSPRole.SUP1 | SKILLPOINT | Stacks: 1 | Value: 1.000 | Remaining Turns: 1 | TickDown: SUP1, PERM | Target: SUP1 | Affects: ['ALL']
        ----------End of Buff List----------

        ----------Enemy Debuffs----------
        ----------End of Debuff List----------
        ----------Healing List----------
        ----------End of Healing List----------
    GAUGE  - Enemy 0 toughness reduced by 0.000
    RESULT - SundayUlt | Sunday | SUP1 | DMG: 0.000 | ELADMG: 0.000 | Enemies Hit: [0] | Enemies Broken: [] | WB DMG: 0.000 | Energy: 6.472 | Amount HP Healed: 0.000 | Amount HP Lost: 0.000 | Sunday Energy: 6/130 | SP: 5 | MaxSP: 5)
    TURN   - HuoHuoAllyERR | HuoHuo | SUS | NA attack | ['WIN'] | ['SPECIAL'] | Scaling: HP | TargetID: 1 | DMG/BREAK Splits: [0, 0]/[0, 0] | Energy Gained: 1 | SP Change: 0

        ----------Char Buffs----------
        KeelCD(SUP1) | CD% | Stacks: 1 | Value: 0.100 | Remaining Turns: 1 | TickDown: SUS, PERM | Target: SUS | Affects: ['ALL']
        PostOpERR | ERR% | Stacks: 1 | Value: 0.160 | Remaining Turns: 1 | TickDown: SUS, PERM | Target: SUS | Affects: ['ALL']
        WarriorGoddessSPD | SPD% | Stacks: 1 | Value: 0.060 | Remaining Turns: 1 | TickDown: SUS, PERM | Target: SUS | Affects: ['ALL']
        KeelEFFRES | ERS% | Stacks: 1 | Value: 0.100 | Remaining Turns: 1 | TickDown: SUS, PERM | Target: SUS | Affects: ['ALL']
        KeelCD(SUS) | CD% | Stacks: 1 | Value: 0.100 | Remaining Turns: 1 | TickDown: SUS, PERM | Target: SUS | Affects: ['ALL']
        HHTraceHP | HP% | Stacks: 1 | Value: 0.280 | Remaining Turns: 1 | TickDown: SUS, PERM | Target: SUS | Affects: ['ALL']
        HHTraceERS | ERS% | Stacks: 1 | Value: 0.180 | Remaining Turns: 1 | TickDown: SUS, PERM | Target: SUS | Affects: ['ALL']
        HHTraceSPD | SPD | Stacks: 1 | Value: 5.000 | Remaining Turns: 1 | TickDown: SUS, PERM | Target: SUS | Affects: ['ALL']
        MasterSmithComburent | DMG% | Stacks: 1 | Value: 0.150 | Remaining Turns: 2 | TickDown: SUS, END | Target: SUS | Affects: ['ALL']
        WarriorGoddessHealSPD | SPD% | Stacks: 1 | Value: 0.060 | Remaining Turns: 2 | TickDown: SUS, START | Target: SUS | Affects: ['ALL']
        WarriorGoddessHealCD | CD% | Stacks: 1 | Value: 0.150 | Remaining Turns: 2 | TickDown: SUS, START | Target: SUS | Affects: ['ALL']
        MortenaxBladeDMGBoost | DMG% | Stacks: 1 | Value: 0.500 | Remaining Turns: 1 | TickDown: SUS, PERM | Target: SUS | Affects: ['ALL']
        ----------End of Buff List----------

        ----------Enemy Debuffs----------
        HuohuoTechniqueDebuff | From: SUS | ATK_REDUCTION | Stacks: 1 | Value: 0.250 | Remaining Turns: 1 | Target: 1 | Targeting: ST | Affects: ['SPECIAL'] | DOT: False | Blast: False
        ResoShred(SUP2) | From: SUP2 | SHRED | Stacks: 1 | Value: 0.160 | Remaining Turns: 1 | Target: 1 | Targeting: AOE | Affects: ['ALL'] | DOT: False | Blast: False
        MortenaxBladeUltVul | From: SUP2 | VULN | Stacks: 1 | Value: 0.500 | Remaining Turns: 2 | Target: 1 | Targeting: ST | Affects: ['ALL'] | DOT: False | Blast: False
        MortenaxBladeUltShred | From: SUP2 | SHRED | Stacks: 1 | Value: 0.300 | Remaining Turns: 2 | Target: 1 | Targeting: ST | Affects: ['ALL'] | DOT: False | Blast: False
        ----------End of Debuff List----------
        ----------Healing List----------
        HuoHuoTalentHealingScaling | Targeting: Targeting.SINGLE | Healing Value: [0.045] | Target: ALL
        HuoHuoTalentHealingScaling | Targeting: Targeting.SINGLE | Healing Value: [0] | Target: ALL
        HuoHuoTalentHealingScaling | Targeting: Targeting.SINGLE | Healing Value: [0] | Target: ALL
        HuoHuoTalentHealingScaling | Targeting: Targeting.SINGLE | Healing Value: [0] | Target: ALL
        HuoHuoTalentHealingFlat | Targeting: Targeting.SINGLE | Healing Value: [120] | Target: ALL
        HuoHuoTalentHealingFlat | Targeting: Targeting.SINGLE | Healing Value: [0] | Target: ALL
        HuoHuoTalentHealingFlat | Targeting: Targeting.SINGLE | Healing Value: [0] | Target: ALL
        HuoHuoTalentHealingFlat | Targeting: Targeting.SINGLE | Healing Value: [0] | Target: ALL
        ----------End of Healing List----------
    GAUGE  - Enemy 1 toughness reduced by 0.000
    RESULT - HuoHuoAllyERR | HuoHuo | SUS | DMG: 0.000 | ELADMG: 0.000 | Enemies Hit: [1] | Enemies Broken: [] | WB DMG: 0.000 | Energy: 1.354 | Amount HP Healed: 371.779 | Amount HP Lost: 0.000 | HuoHuo Energy: 14/140 | SP: 5 | MaxSP: 5)
ERR    > 72.000 energy added to Saber from SundayUltERR | Saber Energy: 149.667
AV     > Sunday AV reset to 73.534 | 135.992 SPD

<<< NEW TURN >>>
-   Saber AV: 0.000 ENERGY: 149.667 MaxHP: 3366.991 CurrHp 3366.991 ShieldHP: 0.000
-   Enemy 0 AV: 3.389 ENERGY: 0.000 MaxHP: 2000000.000 CurrHp 1828891.925 ShieldHP: 0.000
-   Enemy 2 AV: 3.389 ENERGY: 0.000 MaxHP: 2000000.000 CurrHp 1828891.925 ShieldHP: 0.000
-   MortenaxBlade AV: 29.671 ENERGY: 31.406 MaxHP: 4779.283 CurrHp 3823.426 ShieldHP: 0.000
-   HuoHuo AV: 52.501 ENERGY: 13.544 MaxHP: 6139.808 CurrHp 6139.808 ShieldHP: 0.000
-   Enemy 1 AV: 52.729 ENERGY: 0.000 MaxHP: 5000000.000 CurrHp 4372331.326 ShieldHP: 0.000
-   Sunday AV: 73.534 ENERGY: 6.472 MaxHP: 3638.196 CurrHp 3638.196 ShieldHP: 0.000
-   InfiniteFury AV: 133.050 ENERGY: 0.000 MaxHP: 0.000 CurrHp 0.000 ShieldHP: 0.000

Combat context set: 3 enemies, 4 players
Combat context initialized: 3 enemies, Elation team size: 0
ACTION > [CHAR] TotalAV: 73.534 | TurnAV: 0.000 | Saber | A-move
Saber got 2 Core Resonance from Enhanced basic, Current Count: 5
    TURN   - SaberEnhancedBasic | Saber | DPS | AOE attack | ['WIN'] | ['BSC'] | Scaling: ATK | TargetID: 1 | DMG/BREAK Splits: [1.5, 0]/[20, 0] | Energy Gained: 30 | SP Change: 1

        ----------Char Buffs----------
        ThanklessCoronationCD | CR% | Stacks: 1 | Value: 0.360 | Remaining Turns: 1 | TickDown: DPS, PERM | Target: DPS | Affects: ['ALL']
        ScholarCR | CR% | Stacks: 1 | Value: 0.080 | Remaining Turns: 1 | TickDown: DPS, PERM | Target: DPS | Affects: ['ALL']
        SaberTraceHP | HP% | Stacks: 1 | Value: 0.100 | Remaining Turns: 1 | TickDown: DPS, PERM | Target: DPS | Affects: ['ALL']
        SaberTraceCR | CR% | Stacks: 1 | Value: 0.120 | Remaining Turns: 1 | TickDown: DPS, PERM | Target: DPS | Affects: ['ALL']
        SaberTraceDMG | DMG% | Stacks: 1 | Value: 0.224 | Remaining Turns: 1 | TickDown: DPS, PERM | Target: DPS | Affects: ['ALL']
        SaberTrace1CR | CR% | Stacks: 1 | Value: 0.200 | Remaining Turns: 1 | TickDown: DPS, PERM | Target: DPS | Affects: ['ALL']
        KeelCD(SUP1) | CD% | Stacks: 1 | Value: 0.100 | Remaining Turns: 1 | TickDown: DPS, PERM | Target: DPS | Affects: ['ALL']
        KeelCD(SUS) | CD% | Stacks: 1 | Value: 0.100 | Remaining Turns: 1 | TickDown: DPS, PERM | Target: DPS | Affects: ['ALL']
        CosmicLifeDMG | DMG% | Stacks: 1 | Value: 0.320 | Remaining Turns: 1 | TickDown: DPS, PERM | Target: DPS | Affects: ['ALL']
        TalentATK | ATK_REDUCTION | Stacks: 1 | Value: 0.350 | Remaining Turns: 1 | TickDown: DPS, END | Target: DPS | Affects: ['ALL']
        Trace3CDExtra | CD% | Stacks: 1 | Value: 0.320 | Remaining Turns: 1 | TickDown: DPS, PERM | Target: DPS | Affects: ['ALL']
        MasterSmithComburent | DMG% | Stacks: 1 | Value: 0.150 | Remaining Turns: 1 | TickDown: DPS, END | Target: DPS | Affects: ['ALL']
        WarriorGoddessHealCD | CD% | Stacks: 1 | Value: 0.150 | Remaining Turns: 1 | TickDown: DPS, START | Target: DPS | Affects: ['ALL']
        HuoHuoUltATK | ATK% | Stacks: 1 | Value: 0.400 | Remaining Turns: 1 | TickDown: DPS, END | Target: DPS | Affects: ['ALL']
        HuoHuoUltExtraATK | ATK% | Stacks: 1 | Value: 0.240 | Remaining Turns: 1 | TickDown: DPS, END | Target: DPS | Affects: ['ALL']
        TalentDMG | DMG% | Stacks: 1 | Value: 0.600 | Remaining Turns: 1 | TickDown: DPS, END | Target: DPS | Affects: ['ALL']
        MortenaxBladeDMGBoost | DMG% | Stacks: 1 | Value: 0.500 | Remaining Turns: 1 | TickDown: DPS, PERM | Target: DPS | Affects: ['ALL']
        Trace3CD | CD% | Stacks: 1 | Value: 0.500 | Remaining Turns: 1 | TickDown: DPS, END | Target: DPS | Affects: ['ALL']
        ThanklessCoronationATK | ATK% | Stacks: 1 | Value: 0.400 | Remaining Turns: 1 | TickDown: DPS, END | Target: DPS | Affects: ['ALL']
        ThanklessCoronationATKExtra | ATK% | Stacks: 1 | Value: 0.400 | Remaining Turns: 1 | TickDown: DPS, END | Target: DPS | Affects: ['ALL']
        BattleIsntOverDMGRole.SUP1 | DMG% | Stacks: 1 | Value: 0.300 | Remaining Turns: 1 | TickDown: DPS, END | Target: DPS | Affects: ['ALL']
        SacerdosCDSUP1 | CD% | Stacks: 2 | Value: 0.360 | Remaining Turns: 2 | TickDown: DPS, END | Target: DPS | Affects: ['ALL']
        SundaySklTechDMG | DMG% | Stacks: 1 | Value: 0.500 | Remaining Turns: 2 | TickDown: DPS, END | Target: DPS | Affects: ['ALL']
        SundaySklDMG | DMG% | Stacks: 1 | Value: 0.300 | Remaining Turns: 2 | TickDown: DPS, END | Target: DPS | Affects: ['ALL']
        SundaySklCR | CR% | Stacks: 1 | Value: 0.200 | Remaining Turns: 2 | TickDown: DPS, END | Target: DPS | Affects: ['ALL']
        SundayBeatified | CD% | Stacks: 1 | Value: 0.856 | Remaining Turns: 3 | TickDown: SUP1, START | Target: DPS | Affects: ['ALL']
        ----------End of Buff List----------

        ----------Enemy Debuffs----------
        HuohuoTechniqueDebuff | From: SUS | ATK_REDUCTION | Stacks: 1 | Value: 0.250 | Remaining Turns: 1 | Target: 1 | Targeting: ST | Affects: ['SPECIAL'] | DOT: False | Blast: False
        ResoShred(SUP2) | From: SUP2 | SHRED | Stacks: 1 | Value: 0.160 | Remaining Turns: 1 | Target: 1 | Targeting: AOE | Affects: ['ALL'] | DOT: False | Blast: False
        MortenaxBladeUltVul | From: SUP2 | VULN | Stacks: 1 | Value: 0.500 | Remaining Turns: 2 | Target: 1 | Targeting: ST | Affects: ['ALL'] | DOT: False | Blast: False
        MortenaxBladeUltShred | From: SUP2 | SHRED | Stacks: 1 | Value: 0.300 | Remaining Turns: 2 | Target: 1 | Targeting: ST | Affects: ['ALL'] | DOT: False | Blast: False
        ----------End of Debuff List----------
        ----------Healing List----------
        ----------End of Healing List----------
    GAUGE  - Enemy 0 toughness reduced by 20.000
    GAUGE  - Enemy 1 toughness reduced by 20.000
    GAUGE  - Enemy 2 toughness reduced by 20.000
    RESULT - SaberEnhancedBasic | Saber | DPS | DMG: 305872.184 | ELADMG: 0.000 | Enemies Hit: [0, 1, 2] | Enemies Broken: [] | WB DMG: 0.000 | Energy: 30.000 | Amount HP Healed: 0.000 | Amount HP Lost: 0.000 | Saber Energy: 180/360 | SP: 5 | MaxSP: 5)
MortenaxBlade has obtained 1 Charge. Current Charge count: 3.
    TURN   - HuoHuoAllyERR | HuoHuo | SUS | NA attack | ['WIN'] | ['SPECIAL'] | Scaling: HP | TargetID: 1 | DMG/BREAK Splits: [0, 0]/[0, 0] | Energy Gained: 1 | SP Change: 0

        ----------Char Buffs----------
        KeelCD(SUP1) | CD% | Stacks: 1 | Value: 0.100 | Remaining Turns: 1 | TickDown: SUS, PERM | Target: SUS | Affects: ['ALL']
        PostOpERR | ERR% | Stacks: 1 | Value: 0.160 | Remaining Turns: 1 | TickDown: SUS, PERM | Target: SUS | Affects: ['ALL']
        WarriorGoddessSPD | SPD% | Stacks: 1 | Value: 0.060 | Remaining Turns: 1 | TickDown: SUS, PERM | Target: SUS | Affects: ['ALL']
        KeelEFFRES | ERS% | Stacks: 1 | Value: 0.100 | Remaining Turns: 1 | TickDown: SUS, PERM | Target: SUS | Affects: ['ALL']
        KeelCD(SUS) | CD% | Stacks: 1 | Value: 0.100 | Remaining Turns: 1 | TickDown: SUS, PERM | Target: SUS | Affects: ['ALL']
        HHTraceHP | HP% | Stacks: 1 | Value: 0.280 | Remaining Turns: 1 | TickDown: SUS, PERM | Target: SUS | Affects: ['ALL']
        HHTraceERS | ERS% | Stacks: 1 | Value: 0.180 | Remaining Turns: 1 | TickDown: SUS, PERM | Target: SUS | Affects: ['ALL']
        HHTraceSPD | SPD | Stacks: 1 | Value: 5.000 | Remaining Turns: 1 | TickDown: SUS, PERM | Target: SUS | Affects: ['ALL']
        MasterSmithComburent | DMG% | Stacks: 1 | Value: 0.150 | Remaining Turns: 2 | TickDown: SUS, END | Target: SUS | Affects: ['ALL']
        WarriorGoddessHealSPD | SPD% | Stacks: 1 | Value: 0.060 | Remaining Turns: 2 | TickDown: SUS, START | Target: SUS | Affects: ['ALL']
        WarriorGoddessHealCD | CD% | Stacks: 1 | Value: 0.150 | Remaining Turns: 2 | TickDown: SUS, START | Target: SUS | Affects: ['ALL']
        MortenaxBladeDMGBoost | DMG% | Stacks: 1 | Value: 0.500 | Remaining Turns: 1 | TickDown: SUS, PERM | Target: SUS | Affects: ['ALL']
        ----------End of Buff List----------

        ----------Enemy Debuffs----------
        HuohuoTechniqueDebuff | From: SUS | ATK_REDUCTION | Stacks: 1 | Value: 0.250 | Remaining Turns: 1 | Target: 1 | Targeting: ST | Affects: ['SPECIAL'] | DOT: False | Blast: False
        ResoShred(SUP2) | From: SUP2 | SHRED | Stacks: 1 | Value: 0.160 | Remaining Turns: 1 | Target: 1 | Targeting: AOE | Affects: ['ALL'] | DOT: False | Blast: False
        MortenaxBladeUltVul | From: SUP2 | VULN | Stacks: 1 | Value: 0.500 | Remaining Turns: 2 | Target: 1 | Targeting: ST | Affects: ['ALL'] | DOT: False | Blast: False
        MortenaxBladeUltShred | From: SUP2 | SHRED | Stacks: 1 | Value: 0.300 | Remaining Turns: 2 | Target: 1 | Targeting: ST | Affects: ['ALL'] | DOT: False | Blast: False
        ----------End of Debuff List----------
        ----------Healing List----------
        HuoHuoTalentHealingScaling | Targeting: Targeting.SINGLE | Healing Value: [0.045] | Target: ALL
        HuoHuoTalentHealingScaling | Targeting: Targeting.SINGLE | Healing Value: [0] | Target: ALL
        HuoHuoTalentHealingScaling | Targeting: Targeting.SINGLE | Healing Value: [0] | Target: ALL
        HuoHuoTalentHealingScaling | Targeting: Targeting.SINGLE | Healing Value: [0] | Target: ALL
        HuoHuoTalentHealingFlat | Targeting: Targeting.SINGLE | Healing Value: [120] | Target: ALL
        HuoHuoTalentHealingFlat | Targeting: Targeting.SINGLE | Healing Value: [0] | Target: ALL
        HuoHuoTalentHealingFlat | Targeting: Targeting.SINGLE | Healing Value: [0] | Target: ALL
        HuoHuoTalentHealingFlat | Targeting: Targeting.SINGLE | Healing Value: [0] | Target: ALL
        ----------End of Healing List----------
    GAUGE  - Enemy 1 toughness reduced by 0.000
    RESULT - HuoHuoAllyERR | HuoHuo | SUS | DMG: 0.000 | ELADMG: 0.000 | Enemies Hit: [1] | Enemies Broken: [] | WB DMG: 0.000 | Energy: 1.354 | Amount HP Healed: 371.779 | Amount HP Lost: 0.000 | HuoHuo Energy: 15/140 | SP: 5 | MaxSP: 5)
        Buff TalentATK expired
        Buff MasterSmithComburent expired
        Buff HuoHuoUltATK expired
        Buff HuoHuoUltExtraATK expired
        Buff TalentDMG expired
        Buff Trace3CD expired
        Buff ThanklessCoronationATK expired
        Buff ThanklessCoronationATKExtra expired
        Buff BattleIsntOverDMGRole.SUP1 expired
AV     > Saber AV reset to 71.514 | 139.832 SPD

<<< NEW TURN >>>
-   Enemy 0 AV: 0.000 ENERGY: 0.000 MaxHP: 2000000.000 CurrHp 1726934.530 ShieldHP: 0.000
-   Enemy 2 AV: 0.000 ENERGY: 0.000 MaxHP: 2000000.000 CurrHp 1726934.530 ShieldHP: 0.000
-   MortenaxBlade AV: 26.281 ENERGY: 31.406 MaxHP: 4779.283 CurrHp 3823.426 ShieldHP: 0.000
-   HuoHuo AV: 49.112 ENERGY: 14.898 MaxHP: 6139.808 CurrHp 6139.808 ShieldHP: 0.000
-   Enemy 1 AV: 49.340 ENERGY: 0.000 MaxHP: 5000000.000 CurrHp 4270373.932 ShieldHP: 0.000
-   Saber AV: 68.125 ENERGY: 179.667 MaxHP: 3366.991 CurrHp 3366.991 ShieldHP: 0.000
-   Sunday AV: 70.144 ENERGY: 6.472 MaxHP: 3638.196 CurrHp 3638.196 ShieldHP: 0.000
-   InfiniteFury AV: 129.660 ENERGY: 0.000 MaxHP: 0.000 CurrHp 0.000 ShieldHP: 0.000

Combat context set: 3 enemies, 4 players
Combat context initialized: 3 enemies, Elation team size: 0
ACTION > [ENEMY] TotalAV: 76.923 | TurnAV: 3.389 | Enemy 0 | 1 attacks
MortenaxBlade has obtained 1 Charge. Current Charge count: 4.
    CharEnergy - Saber: Hit 1.667 Total: 181.333 | Sunday: Hit 8.333 Total: 17.259 | MortenaxBlade: Hit 8.333 Total: 41.776 | HuoHuo: Hit 8.333 Total: 26.185 |
    ENEMY  - Enemy 0 [aoe] dealt 0.0 to MortenaxBlade (energy: 3.3, DEF: 2014, atkMul: 0.75, dmgMul: 1.00) | Shield Absorbed: 0.0 | HP Lost: 0.0 | HP: 3823/4779 | Shield HP: 0
    ENEMY  - Enemy 0 [aoe] dealt 236.0 to Sunday (energy: 3.3, DEF: 1474, atkMul: 0.75, dmgMul: 1.00) | Shield Absorbed: 0.0 | HP Lost: 236.0 | HP: 3402/3638 | Shield HP: 0
    ENEMY  - Enemy 0 [aoe] dealt 174.0 to HuoHuo (energy: 3.3, DEF: 2410, atkMul: 0.75, dmgMul: 1.00) | Shield Absorbed: 0.0 | HP Lost: 174.0 | HP: 5966/6140 | Shield HP: 0
    ENEMY  - Enemy 0 [aoe] dealt 84.7 to Saber (energy: 1.7, DEF: 2504, atkMul: 0.75, dmgMul: 1.00) | Shield Absorbed: 0.0 | HP Lost: 84.7 | HP: 3282/3367 | Shield HP: 0
    ENEMY  - Enemy 0 [aoe] dealt 118.0 to Sunday (energy: 1.7, DEF: 1474, atkMul: 0.75, dmgMul: 1.00) | Shield Absorbed: 0.0 | HP Lost: 118.0 | HP: 3284/3638 | Shield HP: 0
    ENEMY  - Enemy 0 [aoe] dealt 0.0 to MortenaxBlade (energy: 1.7, DEF: 2014, atkMul: 0.75, dmgMul: 1.00) | Shield Absorbed: 0.0 | HP Lost: 0.0 | HP: 3823/4779 | Shield HP: 0
    ENEMY  - Enemy 0 [aoe] dealt 87.0 to HuoHuo (energy: 1.7, DEF: 2410, atkMul: 0.75, dmgMul: 1.00) | Shield Absorbed: 0.0 | HP Lost: 87.0 | HP: 5879/6140 | Shield HP: 0
    ENEMY  - Enemy 0 [aoe] dealt 0.0 to MortenaxBlade (energy: 3.3, DEF: 2014, atkMul: 0.75, dmgMul: 1.00) | Shield Absorbed: 0.0 | HP Lost: 0.0 | HP: 3823/4779 | Shield HP: 0
    ENEMY  - Enemy 0 [aoe] dealt 236.0 to Sunday (energy: 3.3, DEF: 1474, atkMul: 0.75, dmgMul: 1.00) | Shield Absorbed: 0.0 | HP Lost: 236.0 | HP: 3048/3638 | Shield HP: 0
    ENEMY  - Enemy 0 [aoe] dealt 174.0 to HuoHuo (energy: 3.3, DEF: 2410, atkMul: 0.75, dmgMul: 1.00) | Shield Absorbed: 0.0 | HP Lost: 174.0 | HP: 5705/6140 | Shield HP: 0
MortenaxBlade has obtained 1 Charge. Current Charge count: 5.
MortenaxBlade useHit produced 2 debuffs
        Debuff ResoShred(SUP2) expired
AV     > Enemy 0 AV reset to 76.923 | 130.000 SPD

<<< NEW TURN >>>
-   Enemy 2 AV: 0.000 ENERGY: 0.000 MaxHP: 2000000.000 CurrHp 1726934.530 ShieldHP: 0.000
-   MortenaxBlade AV: 26.281 ENERGY: 41.776 MaxHP: 4779.283 CurrHp 3823.426 ShieldHP: 0.000
-   HuoHuo AV: 49.112 ENERGY: 26.185 MaxHP: 6139.808 CurrHp 5704.918 ShieldHP: 0.000
-   Enemy 1 AV: 49.340 ENERGY: 0.000 MaxHP: 5000000.000 CurrHp 4270373.932 ShieldHP: 0.000
-   Saber AV: 68.125 ENERGY: 181.333 MaxHP: 3366.991 CurrHp 3282.249 ShieldHP: 0.000
-   Sunday AV: 70.144 ENERGY: 17.259 MaxHP: 3638.196 CurrHp 3048.281 ShieldHP: 0.000
-   Enemy 0 AV: 76.923 ENERGY: 0.000 MaxHP: 2000000.000 CurrHp 1726934.530 ShieldHP: 0.000
-   InfiniteFury AV: 129.660 ENERGY: 0.000 MaxHP: 0.000 CurrHp 0.000 ShieldHP: 0.000

Combat context set: 3 enemies, 4 players
Combat context initialized: 3 enemies, Elation team size: 0
ACTION > [ENEMY] TotalAV: 76.923 | TurnAV: 0.000 | Enemy 2 | 1 attacks
MortenaxBlade has obtained 1 Charge. Current Charge count: 6.
    CharEnergy - Saber: Hit 0.000 Total: 181.333 | Sunday: Hit 6.667 Total: 25.888 | MortenaxBlade: Hit 10.000 Total: 54.220 | HuoHuo: Hit 6.667 Total: 35.214 |
    ENEMY  - Enemy 2 [aoe] dealt 0.0 to MortenaxBlade (energy: 3.3, DEF: 2014, atkMul: 0.75, dmgMul: 1.00) | Shield Absorbed: 0.0 | HP Lost: 0.0 | HP: 3823/4779 | Shield HP: 0
    ENEMY  - Enemy 2 [aoe] dealt 0.0 to MortenaxBlade (energy: 3.3, DEF: 2014, atkMul: 0.75, dmgMul: 1.00) | Shield Absorbed: 0.0 | HP Lost: 0.0 | HP: 3823/4779 | Shield HP: 0
    ENEMY  - Enemy 2 [aoe] dealt 236.0 to Sunday (energy: 3.3, DEF: 1474, atkMul: 0.75, dmgMul: 1.00) | Shield Absorbed: 0.0 | HP Lost: 236.0 | HP: 2812/3638 | Shield HP: 0
    ENEMY  - Enemy 2 [aoe] dealt 174.0 to HuoHuo (energy: 3.3, DEF: 2410, atkMul: 0.75, dmgMul: 1.00) | Shield Absorbed: 0.0 | HP Lost: 174.0 | HP: 5531/6140 | Shield HP: 0
    ENEMY  - Enemy 2 [aoe] dealt 0.0 to MortenaxBlade (energy: 3.3, DEF: 2014, atkMul: 0.75, dmgMul: 1.00) | Shield Absorbed: 0.0 | HP Lost: 0.0 | HP: 3823/4779 | Shield HP: 0
    ENEMY  - Enemy 2 [aoe] dealt 236.0 to Sunday (energy: 3.3, DEF: 1474, atkMul: 0.75, dmgMul: 1.00) | Shield Absorbed: 0.0 | HP Lost: 236.0 | HP: 2576/3638 | Shield HP: 0
    ENEMY  - Enemy 2 [aoe] dealt 174.0 to HuoHuo (energy: 3.3, DEF: 2410, atkMul: 0.75, dmgMul: 1.00) | Shield Absorbed: 0.0 | HP Lost: 174.0 | HP: 5357/6140 | Shield HP: 0
MortenaxBlade has obtained 1 Charge. Current Charge count: 7.
MortenaxBlade useHit produced 2 debuffs
        Debuff ResoShred(SUP2) expired
AV     > Enemy 2 AV reset to 76.923 | 130.000 SPD

<<< NEW TURN >>>
-   MortenaxBlade AV: 0.000 ENERGY: 54.220 MaxHP: 4779.283 CurrHp 3823.426 ShieldHP: 0.000
-   HuoHuo AV: 22.830 ENERGY: 35.214 MaxHP: 6139.808 CurrHp 5357.006 ShieldHP: 0.000
-   Enemy 1 AV: 23.058 ENERGY: 0.000 MaxHP: 5000000.000 CurrHp 4270373.932 ShieldHP: 0.000
-   Saber AV: 41.844 ENERGY: 181.333 MaxHP: 3366.991 CurrHp 3282.249 ShieldHP: 0.000
-   Sunday AV: 43.863 ENERGY: 25.888 MaxHP: 3638.196 CurrHp 2576.349 ShieldHP: 0.000
-   Enemy 2 AV: 50.642 ENERGY: 0.000 MaxHP: 2000000.000 CurrHp 1726934.530 ShieldHP: 0.000
-   Enemy 0 AV: 50.642 ENERGY: 0.000 MaxHP: 2000000.000 CurrHp 1726934.530 ShieldHP: 0.000
-   InfiniteFury AV: 103.379 ENERGY: 0.000 MaxHP: 0.000 CurrHp 0.000 ShieldHP: 0.000

Combat context set: 3 enemies, 4 players
Combat context initialized: 3 enemies, Elation team size: 0
ACTION > [CHAR] TotalAV: 103.204 | TurnAV: 26.281 | MortenaxBlade | E-move
MortenaxBlade has obtained 1 Charge. Current Charge count: 8.
    TURN   - MortenaxBladeAOESkill | MortenaxBlade | SUP2 | AOE attack | ['FIR'] | ['SKL'] | Scaling: HP | TargetID: 1 | DMG/BREAK Splits: [0.72, 0]/[10, 0] | Energy Gained: 30 | SP Change: 0

        ----------Char Buffs----------
        KeelCD(SUP1) | CD% | Stacks: 1 | Value: 0.100 | Remaining Turns: 1 | TickDown: SUP2, PERM | Target: SUP2 | Affects: ['ALL']
        MasterSmithHP | HP% | Stacks: 1 | Value: 0.120 | Remaining Turns: 1 | TickDown: SUP2, PERM | Target: SUP2 | Affects: ['ALL']
        VonwacqERR | ERR% | Stacks: 1 | Value: 0.050 | Remaining Turns: 1 | TickDown: SUP2, PERM | Target: SUP2 | Affects: ['ALL']
        MortenaxBladeTraceCR | CR% | Stacks: 1 | Value: 0.120 | Remaining Turns: 1 | TickDown: SUP2, PERM | Target: SUP2 | Affects: ['ALL']
        MortenaxBladeTraceHP | HP% | Stacks: 1 | Value: 0.100 | Remaining Turns: 1 | TickDown: SUP2, PERM | Target: SUP2 | Affects: ['ALL']
        MortenaxBladeTraceDMG | DMG% | Stacks: 1 | Value: 0.224 | Remaining Turns: 1 | TickDown: SUP2, PERM | Target: SUP2 | Affects: ['ALL']
        KeelCD(SUS) | CD% | Stacks: 1 | Value: 0.100 | Remaining Turns: 1 | TickDown: SUP2, PERM | Target: SUP2 | Affects: ['ALL']
        MortenaxBladeTechDMGReduction | DMG_REDUCTION | Stacks: 1 | Value: 0.900 | Remaining Turns: 1 | TickDown: SUP2, END | Target: SUP2 | Affects: ['ALL']
        MasterSmithCD | CD% | Stacks: 1 | Value: 0.280 | Remaining Turns: 1 | TickDown: SUP2, PERM | Target: SUP2 | Affects: ['ALL']
        MasterSmithComburent | DMG% | Stacks: 1 | Value: 0.150 | Remaining Turns: 2 | TickDown: SUP2, END | Target: SUP2 | Affects: ['ALL']
        WarriorGoddessHealCD | CD% | Stacks: 1 | Value: 0.150 | Remaining Turns: 1 | TickDown: SUP2, START | Target: SUP2 | Affects: ['ALL']
        HuoHuoUltATK | ATK% | Stacks: 1 | Value: 0.400 | Remaining Turns: 2 | TickDown: SUP2, END | Target: SUP2 | Affects: ['ALL']
        HuoHuoUltExtraATK | ATK% | Stacks: 1 | Value: 0.240 | Remaining Turns: 2 | TickDown: SUP2, END | Target: SUP2 | Affects: ['ALL']
        MortenaxBladeCRBoost | CR% | Stacks: 1 | Value: 0.200 | Remaining Turns: 1 | TickDown: SUP2, PERM | Target: SUP2 | Affects: ['ALL']
        MortenaxBladeCDBoost | CD% | Stacks: 1 | Value: 0.600 | Remaining Turns: 1 | TickDown: SUP2, PERM | Target: SUP2 | Affects: ['ALL']
        MortenaxBladeDMGReduction | DMG_REDUCTION | Stacks: 1 | Value: 0.500 | Remaining Turns: 1 | TickDown: SUP2, PERM | Target: SUP2 | Affects: ['ALL']
        MortenaxBladeDMGBoost | DMG% | Stacks: 1 | Value: 0.500 | Remaining Turns: 1 | TickDown: SUP2, PERM | Target: SUP2 | Affects: ['ALL']
        MortenaxBladeDMG | DMG% | Stacks: 1 | Value: 0.750 | Remaining Turns: 1 | TickDown: SUP2, PERM | Target: SUP2 | Affects: ['ALL']
        ----------End of Buff List----------

        ----------Enemy Debuffs----------
        HuohuoTechniqueDebuff | From: SUS | ATK_REDUCTION | Stacks: 1 | Value: 0.250 | Remaining Turns: 1 | Target: 1 | Targeting: ST | Affects: ['SPECIAL'] | DOT: False | Blast: False
        ResoShred(SUP2) | From: SUP2 | SHRED | Stacks: 1 | Value: 0.160 | Remaining Turns: 1 | Target: 1 | Targeting: AOE | Affects: ['ALL'] | DOT: False | Blast: False
        MortenaxBladeUltVul | From: SUP2 | VULN | Stacks: 1 | Value: 0.500 | Remaining Turns: 2 | Target: 1 | Targeting: ST | Affects: ['ALL'] | DOT: False | Blast: False
        MortenaxBladeUltShred | From: SUP2 | SHRED | Stacks: 1 | Value: 0.300 | Remaining Turns: 2 | Target: 1 | Targeting: ST | Affects: ['ALL'] | DOT: False | Blast: False
        ----------End of Debuff List----------
        ----------Healing List----------
        ----------End of Healing List----------
    GAUGE  - Enemy 0 toughness reduced by 0.000
    GAUGE  - Enemy 1 toughness reduced by 0.000
    GAUGE  - Enemy 2 toughness reduced by 0.000
    RESULT - MortenaxBladeAOESkill | MortenaxBlade | SUP2 | DMG: 37372.191 | ELADMG: 0.000 | Enemies Hit: [0, 1, 2] | Enemies Broken: [] | WB DMG: 0.000 | Energy: 37.332 | Amount HP Healed: 0.000 | Amount HP Lost: 0.000 | MortenaxBlade Energy: 92/160 | SP: 5 | MaxSP: 5)
    TURN   - MortenaxBladeBounceSkill | MortenaxBlade | SUP2 | ST attack | ['FIR'] | ['SKL'] | Scaling: HP | TargetID: 1 | DMG/BREAK Splits: [0.24, 0]/[5, 0] | Energy Gained: 0 | SP Change: 0

        ----------Char Buffs----------
        KeelCD(SUP1) | CD% | Stacks: 1 | Value: 0.100 | Remaining Turns: 1 | TickDown: SUP2, PERM | Target: SUP2 | Affects: ['ALL']
        MasterSmithHP | HP% | Stacks: 1 | Value: 0.120 | Remaining Turns: 1 | TickDown: SUP2, PERM | Target: SUP2 | Affects: ['ALL']
        VonwacqERR | ERR% | Stacks: 1 | Value: 0.050 | Remaining Turns: 1 | TickDown: SUP2, PERM | Target: SUP2 | Affects: ['ALL']
        MortenaxBladeTraceCR | CR% | Stacks: 1 | Value: 0.120 | Remaining Turns: 1 | TickDown: SUP2, PERM | Target: SUP2 | Affects: ['ALL']
        MortenaxBladeTraceHP | HP% | Stacks: 1 | Value: 0.100 | Remaining Turns: 1 | TickDown: SUP2, PERM | Target: SUP2 | Affects: ['ALL']
        MortenaxBladeTraceDMG | DMG% | Stacks: 1 | Value: 0.224 | Remaining Turns: 1 | TickDown: SUP2, PERM | Target: SUP2 | Affects: ['ALL']
        KeelCD(SUS) | CD% | Stacks: 1 | Value: 0.100 | Remaining Turns: 1 | TickDown: SUP2, PERM | Target: SUP2 | Affects: ['ALL']
        MortenaxBladeTechDMGReduction | DMG_REDUCTION | Stacks: 1 | Value: 0.900 | Remaining Turns: 1 | TickDown: SUP2, END | Target: SUP2 | Affects: ['ALL']
        MasterSmithCD | CD% | Stacks: 1 | Value: 0.280 | Remaining Turns: 1 | TickDown: SUP2, PERM | Target: SUP2 | Affects: ['ALL']
        MasterSmithComburent | DMG% | Stacks: 1 | Value: 0.150 | Remaining Turns: 2 | TickDown: SUP2, END | Target: SUP2 | Affects: ['ALL']
        WarriorGoddessHealCD | CD% | Stacks: 1 | Value: 0.150 | Remaining Turns: 1 | TickDown: SUP2, START | Target: SUP2 | Affects: ['ALL']
        HuoHuoUltATK | ATK% | Stacks: 1 | Value: 0.400 | Remaining Turns: 2 | TickDown: SUP2, END | Target: SUP2 | Affects: ['ALL']
        HuoHuoUltExtraATK | ATK% | Stacks: 1 | Value: 0.240 | Remaining Turns: 2 | TickDown: SUP2, END | Target: SUP2 | Affects: ['ALL']
        MortenaxBladeCRBoost | CR% | Stacks: 1 | Value: 0.200 | Remaining Turns: 1 | TickDown: SUP2, PERM | Target: SUP2 | Affects: ['ALL']
        MortenaxBladeCDBoost | CD% | Stacks: 1 | Value: 0.600 | Remaining Turns: 1 | TickDown: SUP2, PERM | Target: SUP2 | Affects: ['ALL']
        MortenaxBladeDMGReduction | DMG_REDUCTION | Stacks: 1 | Value: 0.500 | Remaining Turns: 1 | TickDown: SUP2, PERM | Target: SUP2 | Affects: ['ALL']
        MortenaxBladeDMGBoost | DMG% | Stacks: 1 | Value: 0.500 | Remaining Turns: 1 | TickDown: SUP2, PERM | Target: SUP2 | Affects: ['ALL']
        MortenaxBladeDMG | DMG% | Stacks: 1 | Value: 0.750 | Remaining Turns: 1 | TickDown: SUP2, PERM | Target: SUP2 | Affects: ['ALL']
        ----------End of Buff List----------

        ----------Enemy Debuffs----------
        HuohuoTechniqueDebuff | From: SUS | ATK_REDUCTION | Stacks: 1 | Value: 0.250 | Remaining Turns: 1 | Target: 1 | Targeting: ST | Affects: ['SPECIAL'] | DOT: False | Blast: False
        ResoShred(SUP2) | From: SUP2 | SHRED | Stacks: 1 | Value: 0.160 | Remaining Turns: 1 | Target: 1 | Targeting: AOE | Affects: ['ALL'] | DOT: False | Blast: False
        MortenaxBladeUltVul | From: SUP2 | VULN | Stacks: 1 | Value: 0.500 | Remaining Turns: 2 | Target: 1 | Targeting: ST | Affects: ['ALL'] | DOT: False | Blast: False
        MortenaxBladeUltShred | From: SUP2 | SHRED | Stacks: 1 | Value: 0.300 | Remaining Turns: 2 | Target: 1 | Targeting: ST | Affects: ['ALL'] | DOT: False | Blast: False
        ----------End of Debuff List----------
        ----------Healing List----------
        ----------End of Healing List----------
    GAUGE  - Enemy 1 toughness reduced by 0.000
    RESULT - MortenaxBladeBounceSkill | MortenaxBlade | SUP2 | DMG: 4455.241 | ELADMG: 0.000 | Enemies Hit: [1] | Enemies Broken: [] | WB DMG: 0.000 | Energy: 0.000 | Amount HP Healed: 0.000 | Amount HP Lost: 0.000 | MortenaxBlade Energy: 92/160 | SP: 5 | MaxSP: 5)
    TURN   - MortenaxBladeBounceSkill | MortenaxBlade | SUP2 | ST attack | ['FIR'] | ['SKL'] | Scaling: HP | TargetID: 1 | DMG/BREAK Splits: [0.24, 0]/[5, 0] | Energy Gained: 0 | SP Change: 0

        ----------Char Buffs----------
        KeelCD(SUP1) | CD% | Stacks: 1 | Value: 0.100 | Remaining Turns: 1 | TickDown: SUP2, PERM | Target: SUP2 | Affects: ['ALL']
        MasterSmithHP | HP% | Stacks: 1 | Value: 0.120 | Remaining Turns: 1 | TickDown: SUP2, PERM | Target: SUP2 | Affects: ['ALL']
        VonwacqERR | ERR% | Stacks: 1 | Value: 0.050 | Remaining Turns: 1 | TickDown: SUP2, PERM | Target: SUP2 | Affects: ['ALL']
        MortenaxBladeTraceCR | CR% | Stacks: 1 | Value: 0.120 | Remaining Turns: 1 | TickDown: SUP2, PERM | Target: SUP2 | Affects: ['ALL']
        MortenaxBladeTraceHP | HP% | Stacks: 1 | Value: 0.100 | Remaining Turns: 1 | TickDown: SUP2, PERM | Target: SUP2 | Affects: ['ALL']
        MortenaxBladeTraceDMG | DMG% | Stacks: 1 | Value: 0.224 | Remaining Turns: 1 | TickDown: SUP2, PERM | Target: SUP2 | Affects: ['ALL']
        KeelCD(SUS) | CD% | Stacks: 1 | Value: 0.100 | Remaining Turns: 1 | TickDown: SUP2, PERM | Target: SUP2 | Affects: ['ALL']
        MortenaxBladeTechDMGReduction | DMG_REDUCTION | Stacks: 1 | Value: 0.900 | Remaining Turns: 1 | TickDown: SUP2, END | Target: SUP2 | Affects: ['ALL']
        MasterSmithCD | CD% | Stacks: 1 | Value: 0.280 | Remaining Turns: 1 | TickDown: SUP2, PERM | Target: SUP2 | Affects: ['ALL']
        MasterSmithComburent | DMG% | Stacks: 1 | Value: 0.150 | Remaining Turns: 2 | TickDown: SUP2, END | Target: SUP2 | Affects: ['ALL']
        WarriorGoddessHealCD | CD% | Stacks: 1 | Value: 0.150 | Remaining Turns: 1 | TickDown: SUP2, START | Target: SUP2 | Affects: ['ALL']
        HuoHuoUltATK | ATK% | Stacks: 1 | Value: 0.400 | Remaining Turns: 2 | TickDown: SUP2, END | Target: SUP2 | Affects: ['ALL']
        HuoHuoUltExtraATK | ATK% | Stacks: 1 | Value: 0.240 | Remaining Turns: 2 | TickDown: SUP2, END | Target: SUP2 | Affects: ['ALL']
        MortenaxBladeCRBoost | CR% | Stacks: 1 | Value: 0.200 | Remaining Turns: 1 | TickDown: SUP2, PERM | Target: SUP2 | Affects: ['ALL']
        MortenaxBladeCDBoost | CD% | Stacks: 1 | Value: 0.600 | Remaining Turns: 1 | TickDown: SUP2, PERM | Target: SUP2 | Affects: ['ALL']
        MortenaxBladeDMGReduction | DMG_REDUCTION | Stacks: 1 | Value: 0.500 | Remaining Turns: 1 | TickDown: SUP2, PERM | Target: SUP2 | Affects: ['ALL']
        MortenaxBladeDMGBoost | DMG% | Stacks: 1 | Value: 0.500 | Remaining Turns: 1 | TickDown: SUP2, PERM | Target: SUP2 | Affects: ['ALL']
        MortenaxBladeDMG | DMG% | Stacks: 1 | Value: 0.750 | Remaining Turns: 1 | TickDown: SUP2, PERM | Target: SUP2 | Affects: ['ALL']
        ----------End of Buff List----------

        ----------Enemy Debuffs----------
        HuohuoTechniqueDebuff | From: SUS | ATK_REDUCTION | Stacks: 1 | Value: 0.250 | Remaining Turns: 1 | Target: 1 | Targeting: ST | Affects: ['SPECIAL'] | DOT: False | Blast: False
        ResoShred(SUP2) | From: SUP2 | SHRED | Stacks: 1 | Value: 0.160 | Remaining Turns: 1 | Target: 1 | Targeting: AOE | Affects: ['ALL'] | DOT: False | Blast: False
        MortenaxBladeUltVul | From: SUP2 | VULN | Stacks: 1 | Value: 0.500 | Remaining Turns: 2 | Target: 1 | Targeting: ST | Affects: ['ALL'] | DOT: False | Blast: False
        MortenaxBladeUltShred | From: SUP2 | SHRED | Stacks: 1 | Value: 0.300 | Remaining Turns: 2 | Target: 1 | Targeting: ST | Affects: ['ALL'] | DOT: False | Blast: False
        ----------End of Debuff List----------
        ----------Healing List----------
        ----------End of Healing List----------
    GAUGE  - Enemy 1 toughness reduced by 0.000
    RESULT - MortenaxBladeBounceSkill | MortenaxBlade | SUP2 | DMG: 4455.241 | ELADMG: 0.000 | Enemies Hit: [1] | Enemies Broken: [] | WB DMG: 0.000 | Energy: 0.000 | Amount HP Healed: 0.000 | Amount HP Lost: 0.000 | MortenaxBlade Energy: 92/160 | SP: 5 | MaxSP: 5)
    TURN   - MortenaxBladeBounceSkill | MortenaxBlade | SUP2 | ST attack | ['FIR'] | ['SKL'] | Scaling: HP | TargetID: 1 | DMG/BREAK Splits: [0.24, 0]/[5, 0] | Energy Gained: 0 | SP Change: 0

        ----------Char Buffs----------
        KeelCD(SUP1) | CD% | Stacks: 1 | Value: 0.100 | Remaining Turns: 1 | TickDown: SUP2, PERM | Target: SUP2 | Affects: ['ALL']
        MasterSmithHP | HP% | Stacks: 1 | Value: 0.120 | Remaining Turns: 1 | TickDown: SUP2, PERM | Target: SUP2 | Affects: ['ALL']
        VonwacqERR | ERR% | Stacks: 1 | Value: 0.050 | Remaining Turns: 1 | TickDown: SUP2, PERM | Target: SUP2 | Affects: ['ALL']
        MortenaxBladeTraceCR | CR% | Stacks: 1 | Value: 0.120 | Remaining Turns: 1 | TickDown: SUP2, PERM | Target: SUP2 | Affects: ['ALL']
        MortenaxBladeTraceHP | HP% | Stacks: 1 | Value: 0.100 | Remaining Turns: 1 | TickDown: SUP2, PERM | Target: SUP2 | Affects: ['ALL']
        MortenaxBladeTraceDMG | DMG% | Stacks: 1 | Value: 0.224 | Remaining Turns: 1 | TickDown: SUP2, PERM | Target: SUP2 | Affects: ['ALL']
        KeelCD(SUS) | CD% | Stacks: 1 | Value: 0.100 | Remaining Turns: 1 | TickDown: SUP2, PERM | Target: SUP2 | Affects: ['ALL']
        MortenaxBladeTechDMGReduction | DMG_REDUCTION | Stacks: 1 | Value: 0.900 | Remaining Turns: 1 | TickDown: SUP2, END | Target: SUP2 | Affects: ['ALL']
        MasterSmithCD | CD% | Stacks: 1 | Value: 0.280 | Remaining Turns: 1 | TickDown: SUP2, PERM | Target: SUP2 | Affects: ['ALL']
        MasterSmithComburent | DMG% | Stacks: 1 | Value: 0.150 | Remaining Turns: 2 | TickDown: SUP2, END | Target: SUP2 | Affects: ['ALL']
        WarriorGoddessHealCD | CD% | Stacks: 1 | Value: 0.150 | Remaining Turns: 1 | TickDown: SUP2, START | Target: SUP2 | Affects: ['ALL']
        HuoHuoUltATK | ATK% | Stacks: 1 | Value: 0.400 | Remaining Turns: 2 | TickDown: SUP2, END | Target: SUP2 | Affects: ['ALL']
        HuoHuoUltExtraATK | ATK% | Stacks: 1 | Value: 0.240 | Remaining Turns: 2 | TickDown: SUP2, END | Target: SUP2 | Affects: ['ALL']
        MortenaxBladeCRBoost | CR% | Stacks: 1 | Value: 0.200 | Remaining Turns: 1 | TickDown: SUP2, PERM | Target: SUP2 | Affects: ['ALL']
        MortenaxBladeCDBoost | CD% | Stacks: 1 | Value: 0.600 | Remaining Turns: 1 | TickDown: SUP2, PERM | Target: SUP2 | Affects: ['ALL']
        MortenaxBladeDMGReduction | DMG_REDUCTION | Stacks: 1 | Value: 0.500 | Remaining Turns: 1 | TickDown: SUP2, PERM | Target: SUP2 | Affects: ['ALL']
        MortenaxBladeDMGBoost | DMG% | Stacks: 1 | Value: 0.500 | Remaining Turns: 1 | TickDown: SUP2, PERM | Target: SUP2 | Affects: ['ALL']
        MortenaxBladeDMG | DMG% | Stacks: 1 | Value: 0.750 | Remaining Turns: 1 | TickDown: SUP2, PERM | Target: SUP2 | Affects: ['ALL']
        ----------End of Buff List----------

        ----------Enemy Debuffs----------
        HuohuoTechniqueDebuff | From: SUS | ATK_REDUCTION | Stacks: 1 | Value: 0.250 | Remaining Turns: 1 | Target: 1 | Targeting: ST | Affects: ['SPECIAL'] | DOT: False | Blast: False
        ResoShred(SUP2) | From: SUP2 | SHRED | Stacks: 1 | Value: 0.160 | Remaining Turns: 1 | Target: 1 | Targeting: AOE | Affects: ['ALL'] | DOT: False | Blast: False
        MortenaxBladeUltVul | From: SUP2 | VULN | Stacks: 1 | Value: 0.500 | Remaining Turns: 2 | Target: 1 | Targeting: ST | Affects: ['ALL'] | DOT: False | Blast: False
        MortenaxBladeUltShred | From: SUP2 | SHRED | Stacks: 1 | Value: 0.300 | Remaining Turns: 2 | Target: 1 | Targeting: ST | Affects: ['ALL'] | DOT: False | Blast: False
        ----------End of Debuff List----------
        ----------Healing List----------
        ----------End of Healing List----------
    GAUGE  - Enemy 1 toughness reduced by 0.000
    RESULT - MortenaxBladeBounceSkill | MortenaxBlade | SUP2 | DMG: 4455.241 | ELADMG: 0.000 | Enemies Hit: [1] | Enemies Broken: [] | WB DMG: 0.000 | Energy: 0.000 | Amount HP Healed: 0.000 | Amount HP Lost: 0.000 | MortenaxBlade Energy: 92/160 | SP: 5 | MaxSP: 5)
    TURN   - MortenaxBladeBounceSkill | MortenaxBlade | SUP2 | ST attack | ['FIR'] | ['SKL'] | Scaling: HP | TargetID: 1 | DMG/BREAK Splits: [0.24, 0]/[5, 0] | Energy Gained: 0 | SP Change: 0

        ----------Char Buffs----------
        KeelCD(SUP1) | CD% | Stacks: 1 | Value: 0.100 | Remaining Turns: 1 | TickDown: SUP2, PERM | Target: SUP2 | Affects: ['ALL']
        MasterSmithHP | HP% | Stacks: 1 | Value: 0.120 | Remaining Turns: 1 | TickDown: SUP2, PERM | Target: SUP2 | Affects: ['ALL']
        VonwacqERR | ERR% | Stacks: 1 | Value: 0.050 | Remaining Turns: 1 | TickDown: SUP2, PERM | Target: SUP2 | Affects: ['ALL']
        MortenaxBladeTraceCR | CR% | Stacks: 1 | Value: 0.120 | Remaining Turns: 1 | TickDown: SUP2, PERM | Target: SUP2 | Affects: ['ALL']
        MortenaxBladeTraceHP | HP% | Stacks: 1 | Value: 0.100 | Remaining Turns: 1 | TickDown: SUP2, PERM | Target: SUP2 | Affects: ['ALL']
        MortenaxBladeTraceDMG | DMG% | Stacks: 1 | Value: 0.224 | Remaining Turns: 1 | TickDown: SUP2, PERM | Target: SUP2 | Affects: ['ALL']
        KeelCD(SUS) | CD% | Stacks: 1 | Value: 0.100 | Remaining Turns: 1 | TickDown: SUP2, PERM | Target: SUP2 | Affects: ['ALL']
        MortenaxBladeTechDMGReduction | DMG_REDUCTION | Stacks: 1 | Value: 0.900 | Remaining Turns: 1 | TickDown: SUP2, END | Target: SUP2 | Affects: ['ALL']
        MasterSmithCD | CD% | Stacks: 1 | Value: 0.280 | Remaining Turns: 1 | TickDown: SUP2, PERM | Target: SUP2 | Affects: ['ALL']
        MasterSmithComburent | DMG% | Stacks: 1 | Value: 0.150 | Remaining Turns: 2 | TickDown: SUP2, END | Target: SUP2 | Affects: ['ALL']
        WarriorGoddessHealCD | CD% | Stacks: 1 | Value: 0.150 | Remaining Turns: 1 | TickDown: SUP2, START | Target: SUP2 | Affects: ['ALL']
        HuoHuoUltATK | ATK% | Stacks: 1 | Value: 0.400 | Remaining Turns: 2 | TickDown: SUP2, END | Target: SUP2 | Affects: ['ALL']
        HuoHuoUltExtraATK | ATK% | Stacks: 1 | Value: 0.240 | Remaining Turns: 2 | TickDown: SUP2, END | Target: SUP2 | Affects: ['ALL']
        MortenaxBladeCRBoost | CR% | Stacks: 1 | Value: 0.200 | Remaining Turns: 1 | TickDown: SUP2, PERM | Target: SUP2 | Affects: ['ALL']
        MortenaxBladeCDBoost | CD% | Stacks: 1 | Value: 0.600 | Remaining Turns: 1 | TickDown: SUP2, PERM | Target: SUP2 | Affects: ['ALL']
        MortenaxBladeDMGReduction | DMG_REDUCTION | Stacks: 1 | Value: 0.500 | Remaining Turns: 1 | TickDown: SUP2, PERM | Target: SUP2 | Affects: ['ALL']
        MortenaxBladeDMGBoost | DMG% | Stacks: 1 | Value: 0.500 | Remaining Turns: 1 | TickDown: SUP2, PERM | Target: SUP2 | Affects: ['ALL']
        MortenaxBladeDMG | DMG% | Stacks: 1 | Value: 0.750 | Remaining Turns: 1 | TickDown: SUP2, PERM | Target: SUP2 | Affects: ['ALL']
        ----------End of Buff List----------

        ----------Enemy Debuffs----------
        HuohuoTechniqueDebuff | From: SUS | ATK_REDUCTION | Stacks: 1 | Value: 0.250 | Remaining Turns: 1 | Target: 1 | Targeting: ST | Affects: ['SPECIAL'] | DOT: False | Blast: False
        ResoShred(SUP2) | From: SUP2 | SHRED | Stacks: 1 | Value: 0.160 | Remaining Turns: 1 | Target: 1 | Targeting: AOE | Affects: ['ALL'] | DOT: False | Blast: False
        MortenaxBladeUltVul | From: SUP2 | VULN | Stacks: 1 | Value: 0.500 | Remaining Turns: 2 | Target: 1 | Targeting: ST | Affects: ['ALL'] | DOT: False | Blast: False
        MortenaxBladeUltShred | From: SUP2 | SHRED | Stacks: 1 | Value: 0.300 | Remaining Turns: 2 | Target: 1 | Targeting: ST | Affects: ['ALL'] | DOT: False | Blast: False
        ----------End of Debuff List----------
        ----------Healing List----------
        ----------End of Healing List----------
    GAUGE  - Enemy 1 toughness reduced by 0.000
    RESULT - MortenaxBladeBounceSkill | MortenaxBlade | SUP2 | DMG: 4455.241 | ELADMG: 0.000 | Enemies Hit: [1] | Enemies Broken: [] | WB DMG: 0.000 | Energy: 0.000 | Amount HP Healed: 0.000 | Amount HP Lost: 0.000 | MortenaxBlade Energy: 92/160 | SP: 5 | MaxSP: 5)
        Buff MortenaxBladeTechDMGReduction expired
AV     > MortenaxBlade AV reset to 64.503 | 155.032 SPD

<<< NEW TURN >>>
-   HuoHuo AV: 0.000 ENERGY: 35.214 MaxHP: 6139.808 CurrHp 5357.006 ShieldHP: 0.000
-   Enemy 1 AV: 0.228 ENERGY: 0.000 MaxHP: 5000000.000 CurrHp 4239187.245 ShieldHP: 0.000
-   Saber AV: 19.013 ENERGY: 181.333 MaxHP: 3366.991 CurrHp 3282.249 ShieldHP: 0.000
-   Sunday AV: 21.033 ENERGY: 25.888 MaxHP: 3638.196 CurrHp 2576.349 ShieldHP: 0.000
-   Enemy 2 AV: 27.811 ENERGY: 0.000 MaxHP: 2000000.000 CurrHp 1714931.297 ShieldHP: 0.000
-   Enemy 0 AV: 27.811 ENERGY: 0.000 MaxHP: 2000000.000 CurrHp 1714931.297 ShieldHP: 0.000
-   MortenaxBlade AV: 41.673 ENERGY: 91.552 MaxHP: 4779.283 CurrHp 3345.498 ShieldHP: 0.000
-   InfiniteFury AV: 80.549 ENERGY: 0.000 MaxHP: 0.000 CurrHp 0.000 ShieldHP: 0.000

Combat context set: 3 enemies, 4 players
Combat context initialized: 3 enemies, Elation team size: 0
ACTION > [CHAR] TotalAV: 126.035 | TurnAV: 22.830 | HuoHuo | A-move
    TURN   - HuoHuoBasic | HuoHuo | SUS | ST attack | ['WIN'] | ['BSC'] | Scaling: HP | TargetID: 1 | DMG/BREAK Splits: [0.5, 0]/[10, 0] | Energy Gained: 20 | SP Change: 1

        ----------Char Buffs----------
        KeelCD(SUP1) | CD% | Stacks: 1 | Value: 0.100 | Remaining Turns: 1 | TickDown: SUS, PERM | Target: SUS | Affects: ['ALL']
        PostOpERR | ERR% | Stacks: 1 | Value: 0.160 | Remaining Turns: 1 | TickDown: SUS, PERM | Target: SUS | Affects: ['ALL']
        WarriorGoddessSPD | SPD% | Stacks: 1 | Value: 0.060 | Remaining Turns: 1 | TickDown: SUS, PERM | Target: SUS | Affects: ['ALL']
        KeelEFFRES | ERS% | Stacks: 1 | Value: 0.100 | Remaining Turns: 1 | TickDown: SUS, PERM | Target: SUS | Affects: ['ALL']
        KeelCD(SUS) | CD% | Stacks: 1 | Value: 0.100 | Remaining Turns: 1 | TickDown: SUS, PERM | Target: SUS | Affects: ['ALL']
        HHTraceHP | HP% | Stacks: 1 | Value: 0.280 | Remaining Turns: 1 | TickDown: SUS, PERM | Target: SUS | Affects: ['ALL']
        HHTraceERS | ERS% | Stacks: 1 | Value: 0.180 | Remaining Turns: 1 | TickDown: SUS, PERM | Target: SUS | Affects: ['ALL']
        HHTraceSPD | SPD | Stacks: 1 | Value: 5.000 | Remaining Turns: 1 | TickDown: SUS, PERM | Target: SUS | Affects: ['ALL']
        MasterSmithComburent | DMG% | Stacks: 1 | Value: 0.150 | Remaining Turns: 2 | TickDown: SUS, END | Target: SUS | Affects: ['ALL']
        WarriorGoddessHealSPD | SPD% | Stacks: 1 | Value: 0.060 | Remaining Turns: 1 | TickDown: SUS, START | Target: SUS | Affects: ['ALL']
        WarriorGoddessHealCD | CD% | Stacks: 1 | Value: 0.150 | Remaining Turns: 1 | TickDown: SUS, START | Target: SUS | Affects: ['ALL']
        MortenaxBladeDMGBoost | DMG% | Stacks: 1 | Value: 0.500 | Remaining Turns: 1 | TickDown: SUS, PERM | Target: SUS | Affects: ['ALL']
        ----------End of Buff List----------

        ----------Enemy Debuffs----------
        HuohuoTechniqueDebuff | From: SUS | ATK_REDUCTION | Stacks: 1 | Value: 0.250 | Remaining Turns: 1 | Target: 1 | Targeting: ST | Affects: ['SPECIAL'] | DOT: False | Blast: False
        ResoShred(SUP2) | From: SUP2 | SHRED | Stacks: 1 | Value: 0.160 | Remaining Turns: 1 | Target: 1 | Targeting: AOE | Affects: ['ALL'] | DOT: False | Blast: False
        MortenaxBladeUltVul | From: SUP2 | VULN | Stacks: 1 | Value: 0.500 | Remaining Turns: 2 | Target: 1 | Targeting: ST | Affects: ['ALL'] | DOT: False | Blast: False
        MortenaxBladeUltShred | From: SUP2 | SHRED | Stacks: 1 | Value: 0.300 | Remaining Turns: 2 | Target: 1 | Targeting: ST | Affects: ['ALL'] | DOT: False | Blast: False
        ----------End of Debuff List----------
        ----------Healing List----------
        ----------End of Healing List----------
    GAUGE  - Enemy 1 toughness reduced by 10.000
    RESULT - HuoHuoBasic | HuoHuo | SUS | DMG: 4660.219 | ELADMG: 0.000 | Enemies Hit: [1] | Enemies Broken: [] | WB DMG: 0.000 | Energy: 27.088 | Amount HP Healed: 0.000 | Amount HP Lost: 0.000 | HuoHuo Energy: 62/140 | SP: 5 | MaxSP: 5)
MortenaxBlade has obtained 1 Charge. Current Charge count: 9.
MortenaxBlade has obtained 1 Charge. Current Charge count: 1.
    TURN   - MortenaxBladeAOEFUA | MortenaxBlade | SUP2 | AOE attack | ['FIR'] | ['FUA'] | Scaling: HP | TargetID: 1 | DMG/BREAK Splits: [0.72, 0]/[10, 0] | Energy Gained: 25 | SP Change: 0

        ----------Char Buffs----------
        KeelCD(SUP1) | CD% | Stacks: 1 | Value: 0.100 | Remaining Turns: 1 | TickDown: SUP2, PERM | Target: SUP2 | Affects: ['ALL']
        MasterSmithHP | HP% | Stacks: 1 | Value: 0.120 | Remaining Turns: 1 | TickDown: SUP2, PERM | Target: SUP2 | Affects: ['ALL']
        VonwacqERR | ERR% | Stacks: 1 | Value: 0.050 | Remaining Turns: 1 | TickDown: SUP2, PERM | Target: SUP2 | Affects: ['ALL']
        MortenaxBladeTraceCR | CR% | Stacks: 1 | Value: 0.120 | Remaining Turns: 1 | TickDown: SUP2, PERM | Target: SUP2 | Affects: ['ALL']
        MortenaxBladeTraceHP | HP% | Stacks: 1 | Value: 0.100 | Remaining Turns: 1 | TickDown: SUP2, PERM | Target: SUP2 | Affects: ['ALL']
        MortenaxBladeTraceDMG | DMG% | Stacks: 1 | Value: 0.224 | Remaining Turns: 1 | TickDown: SUP2, PERM | Target: SUP2 | Affects: ['ALL']
        KeelCD(SUS) | CD% | Stacks: 1 | Value: 0.100 | Remaining Turns: 1 | TickDown: SUP2, PERM | Target: SUP2 | Affects: ['ALL']
        MasterSmithCD | CD% | Stacks: 1 | Value: 0.280 | Remaining Turns: 1 | TickDown: SUP2, PERM | Target: SUP2 | Affects: ['ALL']
        MasterSmithComburent | DMG% | Stacks: 1 | Value: 0.150 | Remaining Turns: 1 | TickDown: SUP2, END | Target: SUP2 | Affects: ['ALL']
        WarriorGoddessHealCD | CD% | Stacks: 1 | Value: 0.150 | Remaining Turns: 1 | TickDown: SUP2, START | Target: SUP2 | Affects: ['ALL']
        HuoHuoUltATK | ATK% | Stacks: 1 | Value: 0.400 | Remaining Turns: 1 | TickDown: SUP2, END | Target: SUP2 | Affects: ['ALL']
        HuoHuoUltExtraATK | ATK% | Stacks: 1 | Value: 0.240 | Remaining Turns: 1 | TickDown: SUP2, END | Target: SUP2 | Affects: ['ALL']
        MortenaxBladeCRBoost | CR% | Stacks: 1 | Value: 0.200 | Remaining Turns: 1 | TickDown: SUP2, PERM | Target: SUP2 | Affects: ['ALL']
        MortenaxBladeCDBoost | CD% | Stacks: 1 | Value: 0.600 | Remaining Turns: 1 | TickDown: SUP2, PERM | Target: SUP2 | Affects: ['ALL']
        MortenaxBladeDMGReduction | DMG_REDUCTION | Stacks: 1 | Value: 0.500 | Remaining Turns: 1 | TickDown: SUP2, PERM | Target: SUP2 | Affects: ['ALL']
        MortenaxBladeDMGBoost | DMG% | Stacks: 1 | Value: 0.500 | Remaining Turns: 1 | TickDown: SUP2, PERM | Target: SUP2 | Affects: ['ALL']
        MortenaxBladeDMG | DMG% | Stacks: 1 | Value: 0.750 | Remaining Turns: 1 | TickDown: SUP2, PERM | Target: SUP2 | Affects: ['ALL']
        ----------End of Buff List----------

        ----------Enemy Debuffs----------
        HuohuoTechniqueDebuff | From: SUS | ATK_REDUCTION | Stacks: 1 | Value: 0.250 | Remaining Turns: 1 | Target: 1 | Targeting: ST | Affects: ['SPECIAL'] | DOT: False | Blast: False
        ResoShred(SUP2) | From: SUP2 | SHRED | Stacks: 1 | Value: 0.160 | Remaining Turns: 1 | Target: 1 | Targeting: AOE | Affects: ['ALL'] | DOT: False | Blast: False
        MortenaxBladeUltVul | From: SUP2 | VULN | Stacks: 1 | Value: 0.500 | Remaining Turns: 2 | Target: 1 | Targeting: ST | Affects: ['ALL'] | DOT: False | Blast: False
        MortenaxBladeUltShred | From: SUP2 | SHRED | Stacks: 1 | Value: 0.300 | Remaining Turns: 2 | Target: 1 | Targeting: ST | Affects: ['ALL'] | DOT: False | Blast: False
        ----------End of Debuff List----------
        ----------Healing List----------
        ----------End of Healing List----------
    GAUGE  - Enemy 0 toughness reduced by 0.000
    GAUGE  - Enemy 1 toughness reduced by 0.000
    GAUGE  - Enemy 2 toughness reduced by 0.000
    RESULT - MortenaxBladeAOEFUA | MortenaxBlade | SUP2 | DMG: 40097.169 | ELADMG: 0.000 | Enemies Hit: [0, 1, 2] | Enemies Broken: [] | WB DMG: 0.000 | Energy: 31.110 | Amount HP Healed: 0.000 | Amount HP Lost: 0.000 | MortenaxBlade Energy: 123/160 | SP: 5 | MaxSP: 5)
    TURN   - MortenaxBladeBounceFUA | MortenaxBlade | SUP2 | ST attack | ['FIR'] | ['FUA'] | Scaling: HP | TargetID: 1 | DMG/BREAK Splits: [0.24, 0]/[5, 0] | Energy Gained: 0 | SP Change: 0

        ----------Char Buffs----------
        KeelCD(SUP1) | CD% | Stacks: 1 | Value: 0.100 | Remaining Turns: 1 | TickDown: SUP2, PERM | Target: SUP2 | Affects: ['ALL']
        MasterSmithHP | HP% | Stacks: 1 | Value: 0.120 | Remaining Turns: 1 | TickDown: SUP2, PERM | Target: SUP2 | Affects: ['ALL']
        VonwacqERR | ERR% | Stacks: 1 | Value: 0.050 | Remaining Turns: 1 | TickDown: SUP2, PERM | Target: SUP2 | Affects: ['ALL']
        MortenaxBladeTraceCR | CR% | Stacks: 1 | Value: 0.120 | Remaining Turns: 1 | TickDown: SUP2, PERM | Target: SUP2 | Affects: ['ALL']
        MortenaxBladeTraceHP | HP% | Stacks: 1 | Value: 0.100 | Remaining Turns: 1 | TickDown: SUP2, PERM | Target: SUP2 | Affects: ['ALL']
        MortenaxBladeTraceDMG | DMG% | Stacks: 1 | Value: 0.224 | Remaining Turns: 1 | TickDown: SUP2, PERM | Target: SUP2 | Affects: ['ALL']
        KeelCD(SUS) | CD% | Stacks: 1 | Value: 0.100 | Remaining Turns: 1 | TickDown: SUP2, PERM | Target: SUP2 | Affects: ['ALL']
        MasterSmithCD | CD% | Stacks: 1 | Value: 0.280 | Remaining Turns: 1 | TickDown: SUP2, PERM | Target: SUP2 | Affects: ['ALL']
        MasterSmithComburent | DMG% | Stacks: 1 | Value: 0.150 | Remaining Turns: 2 | TickDown: SUP2, END | Target: SUP2 | Affects: ['ALL']
        WarriorGoddessHealCD | CD% | Stacks: 1 | Value: 0.150 | Remaining Turns: 1 | TickDown: SUP2, START | Target: SUP2 | Affects: ['ALL']
        HuoHuoUltATK | ATK% | Stacks: 1 | Value: 0.400 | Remaining Turns: 1 | TickDown: SUP2, END | Target: SUP2 | Affects: ['ALL']
        HuoHuoUltExtraATK | ATK% | Stacks: 1 | Value: 0.240 | Remaining Turns: 1 | TickDown: SUP2, END | Target: SUP2 | Affects: ['ALL']
        MortenaxBladeCRBoost | CR% | Stacks: 1 | Value: 0.200 | Remaining Turns: 1 | TickDown: SUP2, PERM | Target: SUP2 | Affects: ['ALL']
        MortenaxBladeCDBoost | CD% | Stacks: 1 | Value: 0.600 | Remaining Turns: 1 | TickDown: SUP2, PERM | Target: SUP2 | Affects: ['ALL']
        MortenaxBladeDMGReduction | DMG_REDUCTION | Stacks: 1 | Value: 0.500 | Remaining Turns: 1 | TickDown: SUP2, PERM | Target: SUP2 | Affects: ['ALL']
        MortenaxBladeDMGBoost | DMG% | Stacks: 1 | Value: 0.500 | Remaining Turns: 1 | TickDown: SUP2, PERM | Target: SUP2 | Affects: ['ALL']
        MortenaxBladeDMG | DMG% | Stacks: 1 | Value: 0.750 | Remaining Turns: 1 | TickDown: SUP2, PERM | Target: SUP2 | Affects: ['ALL']
        ----------End of Buff List----------

        ----------Enemy Debuffs----------
        HuohuoTechniqueDebuff | From: SUS | ATK_REDUCTION | Stacks: 1 | Value: 0.250 | Remaining Turns: 1 | Target: 1 | Targeting: ST | Affects: ['SPECIAL'] | DOT: False | Blast: False
        ResoShred(SUP2) | From: SUP2 | SHRED | Stacks: 1 | Value: 0.160 | Remaining Turns: 1 | Target: 1 | Targeting: AOE | Affects: ['ALL'] | DOT: False | Blast: False
        MortenaxBladeUltVul | From: SUP2 | VULN | Stacks: 1 | Value: 0.500 | Remaining Turns: 2 | Target: 1 | Targeting: ST | Affects: ['ALL'] | DOT: False | Blast: False
        MortenaxBladeUltShred | From: SUP2 | SHRED | Stacks: 1 | Value: 0.300 | Remaining Turns: 2 | Target: 1 | Targeting: ST | Affects: ['ALL'] | DOT: False | Blast: False
        ----------End of Debuff List----------
        ----------Healing List----------
        ----------End of Healing List----------
    GAUGE  - Enemy 1 toughness reduced by 0.000
    RESULT - MortenaxBladeBounceFUA | MortenaxBlade | SUP2 | DMG: 4455.241 | ELADMG: 0.000 | Enemies Hit: [1] | Enemies Broken: [] | WB DMG: 0.000 | Energy: 0.000 | Amount HP Healed: 0.000 | Amount HP Lost: 0.000 | MortenaxBlade Energy: 123/160 | SP: 5 | MaxSP: 5)
    TURN   - MortenaxBladeBounceFUA | MortenaxBlade | SUP2 | ST attack | ['FIR'] | ['FUA'] | Scaling: HP | TargetID: 1 | DMG/BREAK Splits: [0.24, 0]/[5, 0] | Energy Gained: 0 | SP Change: 0

        ----------Char Buffs----------
        KeelCD(SUP1) | CD% | Stacks: 1 | Value: 0.100 | Remaining Turns: 1 | TickDown: SUP2, PERM | Target: SUP2 | Affects: ['ALL']
        MasterSmithHP | HP% | Stacks: 1 | Value: 0.120 | Remaining Turns: 1 | TickDown: SUP2, PERM | Target: SUP2 | Affects: ['ALL']
        VonwacqERR | ERR% | Stacks: 1 | Value: 0.050 | Remaining Turns: 1 | TickDown: SUP2, PERM | Target: SUP2 | Affects: ['ALL']
        MortenaxBladeTraceCR | CR% | Stacks: 1 | Value: 0.120 | Remaining Turns: 1 | TickDown: SUP2, PERM | Target: SUP2 | Affects: ['ALL']
        MortenaxBladeTraceHP | HP% | Stacks: 1 | Value: 0.100 | Remaining Turns: 1 | TickDown: SUP2, PERM | Target: SUP2 | Affects: ['ALL']
        MortenaxBladeTraceDMG | DMG% | Stacks: 1 | Value: 0.224 | Remaining Turns: 1 | TickDown: SUP2, PERM | Target: SUP2 | Affects: ['ALL']
        KeelCD(SUS) | CD% | Stacks: 1 | Value: 0.100 | Remaining Turns: 1 | TickDown: SUP2, PERM | Target: SUP2 | Affects: ['ALL']
        MasterSmithCD | CD% | Stacks: 1 | Value: 0.280 | Remaining Turns: 1 | TickDown: SUP2, PERM | Target: SUP2 | Affects: ['ALL']
        MasterSmithComburent | DMG% | Stacks: 1 | Value: 0.150 | Remaining Turns: 2 | TickDown: SUP2, END | Target: SUP2 | Affects: ['ALL']
        WarriorGoddessHealCD | CD% | Stacks: 1 | Value: 0.150 | Remaining Turns: 1 | TickDown: SUP2, START | Target: SUP2 | Affects: ['ALL']
        HuoHuoUltATK | ATK% | Stacks: 1 | Value: 0.400 | Remaining Turns: 1 | TickDown: SUP2, END | Target: SUP2 | Affects: ['ALL']
        HuoHuoUltExtraATK | ATK% | Stacks: 1 | Value: 0.240 | Remaining Turns: 1 | TickDown: SUP2, END | Target: SUP2 | Affects: ['ALL']
        MortenaxBladeCRBoost | CR% | Stacks: 1 | Value: 0.200 | Remaining Turns: 1 | TickDown: SUP2, PERM | Target: SUP2 | Affects: ['ALL']
        MortenaxBladeCDBoost | CD% | Stacks: 1 | Value: 0.600 | Remaining Turns: 1 | TickDown: SUP2, PERM | Target: SUP2 | Affects: ['ALL']
        MortenaxBladeDMGReduction | DMG_REDUCTION | Stacks: 1 | Value: 0.500 | Remaining Turns: 1 | TickDown: SUP2, PERM | Target: SUP2 | Affects: ['ALL']
        MortenaxBladeDMGBoost | DMG% | Stacks: 1 | Value: 0.500 | Remaining Turns: 1 | TickDown: SUP2, PERM | Target: SUP2 | Affects: ['ALL']
        MortenaxBladeDMG | DMG% | Stacks: 1 | Value: 0.750 | Remaining Turns: 1 | TickDown: SUP2, PERM | Target: SUP2 | Affects: ['ALL']
        ----------End of Buff List----------

        ----------Enemy Debuffs----------
        HuohuoTechniqueDebuff | From: SUS | ATK_REDUCTION | Stacks: 1 | Value: 0.250 | Remaining Turns: 1 | Target: 1 | Targeting: ST | Affects: ['SPECIAL'] | DOT: False | Blast: False
        ResoShred(SUP2) | From: SUP2 | SHRED | Stacks: 1 | Value: 0.160 | Remaining Turns: 1 | Target: 1 | Targeting: AOE | Affects: ['ALL'] | DOT: False | Blast: False
        MortenaxBladeUltVul | From: SUP2 | VULN | Stacks: 1 | Value: 0.500 | Remaining Turns: 2 | Target: 1 | Targeting: ST | Affects: ['ALL'] | DOT: False | Blast: False
        MortenaxBladeUltShred | From: SUP2 | SHRED | Stacks: 1 | Value: 0.300 | Remaining Turns: 2 | Target: 1 | Targeting: ST | Affects: ['ALL'] | DOT: False | Blast: False
        ----------End of Debuff List----------
        ----------Healing List----------
        ----------End of Healing List----------
    GAUGE  - Enemy 1 toughness reduced by 0.000
    RESULT - MortenaxBladeBounceFUA | MortenaxBlade | SUP2 | DMG: 4455.241 | ELADMG: 0.000 | Enemies Hit: [1] | Enemies Broken: [] | WB DMG: 0.000 | Energy: 0.000 | Amount HP Healed: 0.000 | Amount HP Lost: 0.000 | MortenaxBlade Energy: 123/160 | SP: 5 | MaxSP: 5)
    TURN   - MortenaxBladeBounceFUA | MortenaxBlade | SUP2 | ST attack | ['FIR'] | ['FUA'] | Scaling: HP | TargetID: 1 | DMG/BREAK Splits: [0.24, 0]/[5, 0] | Energy Gained: 0 | SP Change: 0

        ----------Char Buffs----------
        KeelCD(SUP1) | CD% | Stacks: 1 | Value: 0.100 | Remaining Turns: 1 | TickDown: SUP2, PERM | Target: SUP2 | Affects: ['ALL']
        MasterSmithHP | HP% | Stacks: 1 | Value: 0.120 | Remaining Turns: 1 | TickDown: SUP2, PERM | Target: SUP2 | Affects: ['ALL']
        VonwacqERR | ERR% | Stacks: 1 | Value: 0.050 | Remaining Turns: 1 | TickDown: SUP2, PERM | Target: SUP2 | Affects: ['ALL']
        MortenaxBladeTraceCR | CR% | Stacks: 1 | Value: 0.120 | Remaining Turns: 1 | TickDown: SUP2, PERM | Target: SUP2 | Affects: ['ALL']
        MortenaxBladeTraceHP | HP% | Stacks: 1 | Value: 0.100 | Remaining Turns: 1 | TickDown: SUP2, PERM | Target: SUP2 | Affects: ['ALL']
        MortenaxBladeTraceDMG | DMG% | Stacks: 1 | Value: 0.224 | Remaining Turns: 1 | TickDown: SUP2, PERM | Target: SUP2 | Affects: ['ALL']
        KeelCD(SUS) | CD% | Stacks: 1 | Value: 0.100 | Remaining Turns: 1 | TickDown: SUP2, PERM | Target: SUP2 | Affects: ['ALL']
        MasterSmithCD | CD% | Stacks: 1 | Value: 0.280 | Remaining Turns: 1 | TickDown: SUP2, PERM | Target: SUP2 | Affects: ['ALL']
        MasterSmithComburent | DMG% | Stacks: 1 | Value: 0.150 | Remaining Turns: 2 | TickDown: SUP2, END | Target: SUP2 | Affects: ['ALL']
        WarriorGoddessHealCD | CD% | Stacks: 1 | Value: 0.150 | Remaining Turns: 1 | TickDown: SUP2, START | Target: SUP2 | Affects: ['ALL']
        HuoHuoUltATK | ATK% | Stacks: 1 | Value: 0.400 | Remaining Turns: 1 | TickDown: SUP2, END | Target: SUP2 | Affects: ['ALL']
        HuoHuoUltExtraATK | ATK% | Stacks: 1 | Value: 0.240 | Remaining Turns: 1 | TickDown: SUP2, END | Target: SUP2 | Affects: ['ALL']
        MortenaxBladeCRBoost | CR% | Stacks: 1 | Value: 0.200 | Remaining Turns: 1 | TickDown: SUP2, PERM | Target: SUP2 | Affects: ['ALL']
        MortenaxBladeCDBoost | CD% | Stacks: 1 | Value: 0.600 | Remaining Turns: 1 | TickDown: SUP2, PERM | Target: SUP2 | Affects: ['ALL']
        MortenaxBladeDMGReduction | DMG_REDUCTION | Stacks: 1 | Value: 0.500 | Remaining Turns: 1 | TickDown: SUP2, PERM | Target: SUP2 | Affects: ['ALL']
        MortenaxBladeDMGBoost | DMG% | Stacks: 1 | Value: 0.500 | Remaining Turns: 1 | TickDown: SUP2, PERM | Target: SUP2 | Affects: ['ALL']
        MortenaxBladeDMG | DMG% | Stacks: 1 | Value: 0.750 | Remaining Turns: 1 | TickDown: SUP2, PERM | Target: SUP2 | Affects: ['ALL']
        ----------End of Buff List----------

        ----------Enemy Debuffs----------
        HuohuoTechniqueDebuff | From: SUS | ATK_REDUCTION | Stacks: 1 | Value: 0.250 | Remaining Turns: 1 | Target: 1 | Targeting: ST | Affects: ['SPECIAL'] | DOT: False | Blast: False
        ResoShred(SUP2) | From: SUP2 | SHRED | Stacks: 1 | Value: 0.160 | Remaining Turns: 1 | Target: 1 | Targeting: AOE | Affects: ['ALL'] | DOT: False | Blast: False
        MortenaxBladeUltVul | From: SUP2 | VULN | Stacks: 1 | Value: 0.500 | Remaining Turns: 2 | Target: 1 | Targeting: ST | Affects: ['ALL'] | DOT: False | Blast: False
        MortenaxBladeUltShred | From: SUP2 | SHRED | Stacks: 1 | Value: 0.300 | Remaining Turns: 2 | Target: 1 | Targeting: ST | Affects: ['ALL'] | DOT: False | Blast: False
        ----------End of Debuff List----------
        ----------Healing List----------
        ----------End of Healing List----------
    GAUGE  - Enemy 1 toughness reduced by 0.000
    RESULT - MortenaxBladeBounceFUA | MortenaxBlade | SUP2 | DMG: 4455.241 | ELADMG: 0.000 | Enemies Hit: [1] | Enemies Broken: [] | WB DMG: 0.000 | Energy: 0.000 | Amount HP Healed: 0.000 | Amount HP Lost: 0.000 | MortenaxBlade Energy: 123/160 | SP: 5 | MaxSP: 5)
    TURN   - MortenaxBladeBounceFUA | MortenaxBlade | SUP2 | ST attack | ['FIR'] | ['FUA'] | Scaling: HP | TargetID: 1 | DMG/BREAK Splits: [0.24, 0]/[5, 0] | Energy Gained: 0 | SP Change: 0

        ----------Char Buffs----------
        KeelCD(SUP1) | CD% | Stacks: 1 | Value: 0.100 | Remaining Turns: 1 | TickDown: SUP2, PERM | Target: SUP2 | Affects: ['ALL']
        MasterSmithHP | HP% | Stacks: 1 | Value: 0.120 | Remaining Turns: 1 | TickDown: SUP2, PERM | Target: SUP2 | Affects: ['ALL']
        VonwacqERR | ERR% | Stacks: 1 | Value: 0.050 | Remaining Turns: 1 | TickDown: SUP2, PERM | Target: SUP2 | Affects: ['ALL']
        MortenaxBladeTraceCR | CR% | Stacks: 1 | Value: 0.120 | Remaining Turns: 1 | TickDown: SUP2, PERM | Target: SUP2 | Affects: ['ALL']
        MortenaxBladeTraceHP | HP% | Stacks: 1 | Value: 0.100 | Remaining Turns: 1 | TickDown: SUP2, PERM | Target: SUP2 | Affects: ['ALL']
        MortenaxBladeTraceDMG | DMG% | Stacks: 1 | Value: 0.224 | Remaining Turns: 1 | TickDown: SUP2, PERM | Target: SUP2 | Affects: ['ALL']
        KeelCD(SUS) | CD% | Stacks: 1 | Value: 0.100 | Remaining Turns: 1 | TickDown: SUP2, PERM | Target: SUP2 | Affects: ['ALL']
        MasterSmithCD | CD% | Stacks: 1 | Value: 0.280 | Remaining Turns: 1 | TickDown: SUP2, PERM | Target: SUP2 | Affects: ['ALL']
        MasterSmithComburent | DMG% | Stacks: 1 | Value: 0.150 | Remaining Turns: 2 | TickDown: SUP2, END | Target: SUP2 | Affects: ['ALL']
        WarriorGoddessHealCD | CD% | Stacks: 1 | Value: 0.150 | Remaining Turns: 1 | TickDown: SUP2, START | Target: SUP2 | Affects: ['ALL']
        HuoHuoUltATK | ATK% | Stacks: 1 | Value: 0.400 | Remaining Turns: 1 | TickDown: SUP2, END | Target: SUP2 | Affects: ['ALL']
        HuoHuoUltExtraATK | ATK% | Stacks: 1 | Value: 0.240 | Remaining Turns: 1 | TickDown: SUP2, END | Target: SUP2 | Affects: ['ALL']
        MortenaxBladeCRBoost | CR% | Stacks: 1 | Value: 0.200 | Remaining Turns: 1 | TickDown: SUP2, PERM | Target: SUP2 | Affects: ['ALL']
        MortenaxBladeCDBoost | CD% | Stacks: 1 | Value: 0.600 | Remaining Turns: 1 | TickDown: SUP2, PERM | Target: SUP2 | Affects: ['ALL']
        MortenaxBladeDMGReduction | DMG_REDUCTION | Stacks: 1 | Value: 0.500 | Remaining Turns: 1 | TickDown: SUP2, PERM | Target: SUP2 | Affects: ['ALL']
        MortenaxBladeDMGBoost | DMG% | Stacks: 1 | Value: 0.500 | Remaining Turns: 1 | TickDown: SUP2, PERM | Target: SUP2 | Affects: ['ALL']
        MortenaxBladeDMG | DMG% | Stacks: 1 | Value: 0.750 | Remaining Turns: 1 | TickDown: SUP2, PERM | Target: SUP2 | Affects: ['ALL']
        ----------End of Buff List----------

        ----------Enemy Debuffs----------
        HuohuoTechniqueDebuff | From: SUS | ATK_REDUCTION | Stacks: 1 | Value: 0.250 | Remaining Turns: 1 | Target: 1 | Targeting: ST | Affects: ['SPECIAL'] | DOT: False | Blast: False
        ResoShred(SUP2) | From: SUP2 | SHRED | Stacks: 1 | Value: 0.160 | Remaining Turns: 1 | Target: 1 | Targeting: AOE | Affects: ['ALL'] | DOT: False | Blast: False
        MortenaxBladeUltVul | From: SUP2 | VULN | Stacks: 1 | Value: 0.500 | Remaining Turns: 2 | Target: 1 | Targeting: ST | Affects: ['ALL'] | DOT: False | Blast: False
        MortenaxBladeUltShred | From: SUP2 | SHRED | Stacks: 1 | Value: 0.300 | Remaining Turns: 2 | Target: 1 | Targeting: ST | Affects: ['ALL'] | DOT: False | Blast: False
        ----------End of Debuff List----------
        ----------Healing List----------
        ----------End of Healing List----------
    GAUGE  - Enemy 1 toughness reduced by 0.000
    RESULT - MortenaxBladeBounceFUA | MortenaxBlade | SUP2 | DMG: 4455.241 | ELADMG: 0.000 | Enemies Hit: [1] | Enemies Broken: [] | WB DMG: 0.000 | Energy: 0.000 | Amount HP Healed: 0.000 | Amount HP Lost: 0.000 | MortenaxBlade Energy: 123/160 | SP: 5 | MaxSP: 5)
AV     > HuoHuo AV reset to 62.308 | 160.492 SPD

<<< NEW TURN >>>
-   Enemy 1 AV: 0.000 ENERGY: 0.000 MaxHP: 5000000.000 CurrHp 4203340.338 ShieldHP: 0.000
-   Saber AV: 18.785 ENERGY: 181.333 MaxHP: 3366.991 CurrHp 3282.249 ShieldHP: 0.000
-   Sunday AV: 20.805 ENERGY: 25.888 MaxHP: 3638.196 CurrHp 2576.349 ShieldHP: 0.000
-   Enemy 2 AV: 27.584 ENERGY: 0.000 MaxHP: 2000000.000 CurrHp 1701565.574 ShieldHP: 0.000
-   Enemy 0 AV: 27.584 ENERGY: 0.000 MaxHP: 2000000.000 CurrHp 1701565.574 ShieldHP: 0.000
-   MortenaxBlade AV: 41.445 ENERGY: 122.661 MaxHP: 4779.283 CurrHp 2867.570 ShieldHP: 0.000
-   HuoHuo AV: 62.081 ENERGY: 62.302 MaxHP: 6139.808 CurrHp 5357.006 ShieldHP: 0.000
-   InfiniteFury AV: 80.321 ENERGY: 0.000 MaxHP: 0.000 CurrHp 0.000 ShieldHP: 0.000

Combat context set: 3 enemies, 4 players
Combat context initialized: 3 enemies, Elation team size: 0
ACTION > [ENEMY] TotalAV: 126.263 | TurnAV: 0.228 | Enemy 1 | 1 attacks
MortenaxBlade has obtained 1 Charge. Current Charge count: 2.
    CharEnergy - Saber: Hit 0.000 Total: 181.333 | Sunday: Hit 6.667 Total: 34.517 | MortenaxBlade: Hit 10.000 Total: 135.105 | HuoHuo: Hit 6.667 Total: 71.331 |
    ENEMY  - Enemy 1 [aoe] dealt 97.9 to MortenaxBlade (energy: 3.3, DEF: 2014, atkMul: 0.75, dmgMul: 1.00) | Shield Absorbed: 0.0 | HP Lost: 97.9 | HP: 2770/4779 | Shield HP: 0
    ENEMY  - Enemy 1 [aoe] dealt 97.9 to MortenaxBlade (energy: 3.3, DEF: 2014, atkMul: 0.75, dmgMul: 1.00) | Shield Absorbed: 0.0 | HP Lost: 97.9 | HP: 2672/4779 | Shield HP: 0
    ENEMY  - Enemy 1 [aoe] dealt 236.0 to Sunday (energy: 3.3, DEF: 1474, atkMul: 0.75, dmgMul: 1.00) | Shield Absorbed: 0.0 | HP Lost: 236.0 | HP: 2340/3638 | Shield HP: 0
    ENEMY  - Enemy 1 [aoe] dealt 174.0 to HuoHuo (energy: 3.3, DEF: 2410, atkMul: 0.75, dmgMul: 1.00) | Shield Absorbed: 0.0 | HP Lost: 174.0 | HP: 5183/6140 | Shield HP: 0
    ENEMY  - Enemy 1 [aoe] dealt 97.9 to MortenaxBlade (energy: 3.3, DEF: 2014, atkMul: 0.75, dmgMul: 1.00) | Shield Absorbed: 0.0 | HP Lost: 97.9 | HP: 2574/4779 | Shield HP: 0
    ENEMY  - Enemy 1 [aoe] dealt 236.0 to Sunday (energy: 3.3, DEF: 1474, atkMul: 0.75, dmgMul: 1.00) | Shield Absorbed: 0.0 | HP Lost: 236.0 | HP: 2104/3638 | Shield HP: 0
    ENEMY  - Enemy 1 [aoe] dealt 174.0 to HuoHuo (energy: 3.3, DEF: 2410, atkMul: 0.75, dmgMul: 1.00) | Shield Absorbed: 0.0 | HP Lost: 174.0 | HP: 5009/6140 | Shield HP: 0
MortenaxBlade has obtained 1 Charge. Current Charge count: 3.
MortenaxBlade useHit produced 2 debuffs
        Debuff HuohuoTechniqueDebuff expired
        Debuff ResoShred(SUP2) expired
AV     > Enemy 1 AV reset to 63.131 | 158.400 SPD

<<< NEW TURN >>>
-   Saber AV: 0.000 ENERGY: 181.333 MaxHP: 3366.991 CurrHp 3282.249 ShieldHP: 0.000
-   Sunday AV: 2.019 ENERGY: 34.517 MaxHP: 3638.196 CurrHp 2104.417 ShieldHP: 0.000
-   Enemy 2 AV: 8.798 ENERGY: 0.000 MaxHP: 2000000.000 CurrHp 1701565.574 ShieldHP: 0.000
-   Enemy 0 AV: 8.798 ENERGY: 0.000 MaxHP: 2000000.000 CurrHp 1701565.574 ShieldHP: 0.000
-   MortenaxBlade AV: 22.659 ENERGY: 135.105 MaxHP: 4779.283 CurrHp 2573.961 ShieldHP: 0.000
-   HuoHuo AV: 43.295 ENERGY: 71.331 MaxHP: 6139.808 CurrHp 5009.095 ShieldHP: 0.000
-   Enemy 1 AV: 44.346 ENERGY: 0.000 MaxHP: 5000000.000 CurrHp 4203340.338 ShieldHP: 0.000
-   InfiniteFury AV: 61.535 ENERGY: 0.000 MaxHP: 0.000 CurrHp 0.000 ShieldHP: 0.000

Combat context set: 3 enemies, 4 players
Combat context initialized: 3 enemies, Elation team size: 0
ACTION > [CHAR] TotalAV: 145.048 | TurnAV: 18.785 | Saber | E-move
        Buff ScholarBonusDMG expired
Saber got 3 Core Resonance from Skill, Current Count: 8
    TURN   - SaberSkill | Saber | DPS | BLAST attack | ['WIN'] | ['SKL'] | Scaling: ATK | TargetID: 1 | DMG/BREAK Splits: [1.5, 0.75]/[20, 10] | Energy Gained: 30 | SP Change: -1

        ----------Char Buffs----------
        ThanklessCoronationCD | CR% | Stacks: 1 | Value: 0.360 | Remaining Turns: 1 | TickDown: DPS, PERM | Target: DPS | Affects: ['ALL']
        ScholarCR | CR% | Stacks: 1 | Value: 0.080 | Remaining Turns: 1 | TickDown: DPS, PERM | Target: DPS | Affects: ['ALL']
        ScholarDMG | DMG% | Stacks: 1 | Value: 0.200 | Remaining Turns: 1 | TickDown: DPS, PERM | Target: DPS | Affects: ['SKL', 'ULT']
        SaberTraceHP | HP% | Stacks: 1 | Value: 0.100 | Remaining Turns: 1 | TickDown: DPS, PERM | Target: DPS | Affects: ['ALL']
        SaberTraceCR | CR% | Stacks: 1 | Value: 0.120 | Remaining Turns: 1 | TickDown: DPS, PERM | Target: DPS | Affects: ['ALL']
        SaberTraceDMG | DMG% | Stacks: 1 | Value: 0.224 | Remaining Turns: 1 | TickDown: DPS, PERM | Target: DPS | Affects: ['ALL']
        SaberTrace1CR | CR% | Stacks: 1 | Value: 0.200 | Remaining Turns: 1 | TickDown: DPS, PERM | Target: DPS | Affects: ['ALL']
        KeelCD(SUP1) | CD% | Stacks: 1 | Value: 0.100 | Remaining Turns: 1 | TickDown: DPS, PERM | Target: DPS | Affects: ['ALL']
        KeelCD(SUS) | CD% | Stacks: 1 | Value: 0.100 | Remaining Turns: 1 | TickDown: DPS, PERM | Target: DPS | Affects: ['ALL']
        CosmicLifeDMG | DMG% | Stacks: 1 | Value: 0.320 | Remaining Turns: 1 | TickDown: DPS, PERM | Target: DPS | Affects: ['ALL']
        Trace3CDExtra | CD% | Stacks: 1 | Value: 0.320 | Remaining Turns: 1 | TickDown: DPS, PERM | Target: DPS | Affects: ['ALL']
        WarriorGoddessHealCD | CD% | Stacks: 1 | Value: 0.150 | Remaining Turns: 1 | TickDown: DPS, START | Target: DPS | Affects: ['ALL']
        MortenaxBladeDMGBoost | DMG% | Stacks: 1 | Value: 0.500 | Remaining Turns: 1 | TickDown: DPS, PERM | Target: DPS | Affects: ['ALL']
        SacerdosCDSUP1 | CD% | Stacks: 2 | Value: 0.360 | Remaining Turns: 1 | TickDown: DPS, END | Target: DPS | Affects: ['ALL']
        SundaySklTechDMG | DMG% | Stacks: 1 | Value: 0.500 | Remaining Turns: 1 | TickDown: DPS, END | Target: DPS | Affects: ['ALL']
        SundaySklDMG | DMG% | Stacks: 1 | Value: 0.300 | Remaining Turns: 1 | TickDown: DPS, END | Target: DPS | Affects: ['ALL']
        SundaySklCR | CR% | Stacks: 1 | Value: 0.200 | Remaining Turns: 1 | TickDown: DPS, END | Target: DPS | Affects: ['ALL']
        SundayBeatified | CD% | Stacks: 1 | Value: 0.856 | Remaining Turns: 3 | TickDown: SUP1, START | Target: DPS | Affects: ['ALL']
        MasterSmithComburent | DMG% | Stacks: 1 | Value: 0.150 | Remaining Turns: 2 | TickDown: DPS, END | Target: DPS | Affects: ['ALL']
        Trace3CD | CD% | Stacks: 1 | Value: 0.500 | Remaining Turns: 2 | TickDown: DPS, END | Target: DPS | Affects: ['ALL']
        ----------End of Buff List----------

        ----------Enemy Debuffs----------
        MortenaxBladeUltVul | From: SUP2 | VULN | Stacks: 1 | Value: 0.500 | Remaining Turns: 1 | Target: 1 | Targeting: ST | Affects: ['ALL'] | DOT: False | Blast: False
        MortenaxBladeUltShred | From: SUP2 | SHRED | Stacks: 1 | Value: 0.300 | Remaining Turns: 1 | Target: 1 | Targeting: ST | Affects: ['ALL'] | DOT: False | Blast: False
        ----------End of Debuff List----------
        ----------Healing List----------
        ----------End of Healing List----------
    GAUGE  - Enemy 1 toughness reduced by 20.000
    GAUGE  - Enemy 0 toughness reduced by 10.000
    GAUGE  - Enemy 2 toughness reduced by 10.000
    RESULT - SaberSkill | Saber | DPS | DMG: 96310.893 | ELADMG: 0.000 | Enemies Hit: [1, 0, 2] | Enemies Broken: [] | WB DMG: 0.000 | Energy: 30.000 | Amount HP Healed: 0.000 | Amount HP Lost: 0.000 | Saber Energy: 211/360 | SP: 4 | MaxSP: 5)
MortenaxBlade has obtained 1 Charge. Current Charge count: 4.
        Buff SacerdosCDSUP1 expired
        Buff SundaySklTechDMG expired
        Buff SundaySklDMG expired
        Buff SundaySklCR expired
AV     > Saber AV reset to 71.514 | 139.832 SPD

<<< NEW TURN >>>
-   Sunday AV: 0.000 ENERGY: 34.517 MaxHP: 3638.196 CurrHp 2104.417 ShieldHP: 0.000
-   Enemy 2 AV: 6.779 ENERGY: 0.000 MaxHP: 2000000.000 CurrHp 1676194.709 ShieldHP: 0.000
-   Enemy 0 AV: 6.779 ENERGY: 0.000 MaxHP: 2000000.000 CurrHp 1676194.709 ShieldHP: 0.000
-   MortenaxBlade AV: 20.640 ENERGY: 135.105 MaxHP: 4779.283 CurrHp 2573.961 ShieldHP: 0.000
-   HuoHuo AV: 41.276 ENERGY: 71.331 MaxHP: 6139.808 CurrHp 5009.095 ShieldHP: 0.000
-   Enemy 1 AV: 42.326 ENERGY: 0.000 MaxHP: 5000000.000 CurrHp 4157771.174 ShieldHP: 0.000
-   InfiniteFury AV: 59.516 ENERGY: 0.000 MaxHP: 0.000 CurrHp 0.000 ShieldHP: 0.000
-   Saber AV: 69.495 ENERGY: 211.333 MaxHP: 3366.991 CurrHp 3282.249 ShieldHP: 0.000

Combat context set: 3 enemies, 4 players
Combat context initialized: 3 enemies, Elation team size: 0
ACTION > [CHAR] TotalAV: 147.067 | TurnAV: 2.019 | Sunday | E-move
    TURN   - SundaySkill | Sunday | SUP1 | NA attack | ['IMG'] | ['SKL'] | Scaling: ATK | TargetID: -1 | DMG/BREAK Splits: [0, 0]/[0, 0] | Energy Gained: 30 | SP Change: -1

        ----------Char Buffs----------
        BattleIsntOverERR | ERR% | Stacks: 1 | Value: 0.100 | Remaining Turns: 1 | TickDown: SUP1, PERM | Target: SUP1 | Affects: ['ALL']
        SacerdosSPD | SPD% | Stacks: 1 | Value: 0.060 | Remaining Turns: 1 | TickDown: SUP1, PERM | Target: SUP1 | Affects: ['ALL']
        KeelEFFRES | ERS% | Stacks: 1 | Value: 0.100 | Remaining Turns: 1 | TickDown: SUP1, PERM | Target: SUP1 | Affects: ['ALL']
        KeelCD(SUP1) | CD% | Stacks: 1 | Value: 0.100 | Remaining Turns: 1 | TickDown: SUP1, PERM | Target: SUP1 | Affects: ['ALL']
        SundayTraceCD | CD% | Stacks: 1 | Value: 0.373 | Remaining Turns: 1 | TickDown: SUP1, PERM | Target: SUP1 | Affects: ['ALL']
        SundayTraceERS | ERS% | Stacks: 1 | Value: 0.180 | Remaining Turns: 1 | TickDown: SUP1, PERM | Target: SUP1 | Affects: ['ALL']
        SundayTraceDEF | DEF% | Stacks: 1 | Value: 0.125 | Remaining Turns: 1 | TickDown: SUP1, PERM | Target: SUP1 | Affects: ['ALL']
        KeelCD(SUS) | CD% | Stacks: 1 | Value: 0.100 | Remaining Turns: 1 | TickDown: SUP1, PERM | Target: SUP1 | Affects: ['ALL']
        MasterSmithComburent | DMG% | Stacks: 1 | Value: 0.150 | Remaining Turns: 2 | TickDown: SUP1, END | Target: SUP1 | Affects: ['ALL']
        WarriorGoddessHealCD | CD% | Stacks: 1 | Value: 0.150 | Remaining Turns: 1 | TickDown: SUP1, START | Target: SUP1 | Affects: ['ALL']
        MortenaxBladeDMGBoost | DMG% | Stacks: 1 | Value: 0.500 | Remaining Turns: 1 | TickDown: SUP1, PERM | Target: SUP1 | Affects: ['ALL']
        ----------End of Buff List----------

        ----------Enemy Debuffs----------
        ----------End of Debuff List----------
        ----------Healing List----------
        ----------End of Healing List----------
    GAUGE  - Enemy 0 toughness reduced by 0.000
    RESULT - SundaySkill | Sunday | SUP1 | DMG: 0.000 | ELADMG: 0.000 | Enemies Hit: [0] | Enemies Broken: [] | WB DMG: 0.000 | Energy: 38.832 | Amount HP Healed: 0.000 | Amount HP Lost: 0.000 | Sunday Energy: 73/130 | SP: 3 | MaxSP: 5)
ADV    > Saber advanced by 100.000% from SundayTargetADV | NewAV: 0.000 | Priority: 16
ADV    > Saber advanced by 10.000% from SundayTargetADV | NewAV: 0.000 | Priority: 31
AV     > Sunday AV reset to 73.534 | 135.992 SPD

<<< NEW TURN >>>
-   Saber AV: 0.000 ENERGY: 211.333 MaxHP: 3366.991 CurrHp 3282.249 ShieldHP: 0.000
-   Enemy 2 AV: 6.779 ENERGY: 0.000 MaxHP: 2000000.000 CurrHp 1676194.709 ShieldHP: 0.000
-   Enemy 0 AV: 6.779 ENERGY: 0.000 MaxHP: 2000000.000 CurrHp 1676194.709 ShieldHP: 0.000
-   MortenaxBlade AV: 20.640 ENERGY: 135.105 MaxHP: 4779.283 CurrHp 2573.961 ShieldHP: 0.000
-   HuoHuo AV: 41.276 ENERGY: 71.331 MaxHP: 6139.808 CurrHp 5009.095 ShieldHP: 0.000
-   Enemy 1 AV: 42.326 ENERGY: 0.000 MaxHP: 5000000.000 CurrHp 4157771.174 ShieldHP: 0.000
-   InfiniteFury AV: 59.516 ENERGY: 0.000 MaxHP: 0.000 CurrHp 0.000 ShieldHP: 0.000
-   Sunday AV: 73.534 ENERGY: 73.349 MaxHP: 3638.196 CurrHp 2104.417 ShieldHP: 0.000

Combat context set: 3 enemies, 4 players
Combat context initialized: 3 enemies, Elation team size: 0
ACTION > [CHAR] TotalAV: 147.067 | TurnAV: 0.000 | Saber | E-move
        Buff WarriorGoddessHealCD expired
Saber got 3 Core Resonance from Skill, Current Count: 11
    TURN   - SaberSkill | Saber | DPS | BLAST attack | ['WIN'] | ['SKL'] | Scaling: ATK | TargetID: 1 | DMG/BREAK Splits: [1.5, 0.75]/[20, 10] | Energy Gained: 30 | SP Change: -1

        ----------Char Buffs----------
        ThanklessCoronationCD | CR% | Stacks: 1 | Value: 0.360 | Remaining Turns: 1 | TickDown: DPS, PERM | Target: DPS | Affects: ['ALL']
        ScholarCR | CR% | Stacks: 1 | Value: 0.080 | Remaining Turns: 1 | TickDown: DPS, PERM | Target: DPS | Affects: ['ALL']
        ScholarDMG | DMG% | Stacks: 1 | Value: 0.200 | Remaining Turns: 1 | TickDown: DPS, PERM | Target: DPS | Affects: ['SKL', 'ULT']
        SaberTraceHP | HP% | Stacks: 1 | Value: 0.100 | Remaining Turns: 1 | TickDown: DPS, PERM | Target: DPS | Affects: ['ALL']
        SaberTraceCR | CR% | Stacks: 1 | Value: 0.120 | Remaining Turns: 1 | TickDown: DPS, PERM | Target: DPS | Affects: ['ALL']
        SaberTraceDMG | DMG% | Stacks: 1 | Value: 0.224 | Remaining Turns: 1 | TickDown: DPS, PERM | Target: DPS | Affects: ['ALL']
        SaberTrace1CR | CR% | Stacks: 1 | Value: 0.200 | Remaining Turns: 1 | TickDown: DPS, PERM | Target: DPS | Affects: ['ALL']
        KeelCD(SUP1) | CD% | Stacks: 1 | Value: 0.100 | Remaining Turns: 1 | TickDown: DPS, PERM | Target: DPS | Affects: ['ALL']
        KeelCD(SUS) | CD% | Stacks: 1 | Value: 0.100 | Remaining Turns: 1 | TickDown: DPS, PERM | Target: DPS | Affects: ['ALL']
        CosmicLifeDMG | DMG% | Stacks: 1 | Value: 0.320 | Remaining Turns: 1 | TickDown: DPS, PERM | Target: DPS | Affects: ['ALL']
        Trace3CDExtra | CD% | Stacks: 1 | Value: 0.320 | Remaining Turns: 1 | TickDown: DPS, PERM | Target: DPS | Affects: ['ALL']
        MortenaxBladeDMGBoost | DMG% | Stacks: 1 | Value: 0.500 | Remaining Turns: 1 | TickDown: DPS, PERM | Target: DPS | Affects: ['ALL']
        SundayBeatified | CD% | Stacks: 1 | Value: 0.856 | Remaining Turns: 2 | TickDown: SUP1, START | Target: DPS | Affects: ['ALL']
        MasterSmithComburent | DMG% | Stacks: 1 | Value: 0.150 | Remaining Turns: 1 | TickDown: DPS, END | Target: DPS | Affects: ['ALL']
        Trace3CD | CD% | Stacks: 1 | Value: 0.500 | Remaining Turns: 2 | TickDown: DPS, END | Target: DPS | Affects: ['ALL']
        BattleIsntOverDMGRole.SUP1 | DMG% | Stacks: 1 | Value: 0.300 | Remaining Turns: 1 | TickDown: DPS, END | Target: DPS | Affects: ['ALL']
        SacerdosCDSUP1 | CD% | Stacks: 1 | Value: 0.180 | Remaining Turns: 2 | TickDown: DPS, END | Target: DPS | Affects: ['ALL']
        SundaySklDMG | DMG% | Stacks: 1 | Value: 0.300 | Remaining Turns: 2 | TickDown: DPS, END | Target: DPS | Affects: ['ALL']
        SundaySklCR | CR% | Stacks: 1 | Value: 0.200 | Remaining Turns: 2 | TickDown: DPS, END | Target: DPS | Affects: ['ALL']
        ----------End of Buff List----------

        ----------Enemy Debuffs----------
        MortenaxBladeUltVul | From: SUP2 | VULN | Stacks: 1 | Value: 0.500 | Remaining Turns: 2 | Target: 1 | Targeting: ST | Affects: ['ALL'] | DOT: False | Blast: False
        MortenaxBladeUltShred | From: SUP2 | SHRED | Stacks: 1 | Value: 0.300 | Remaining Turns: 2 | Target: 1 | Targeting: ST | Affects: ['ALL'] | DOT: False | Blast: False
        ----------End of Debuff List----------
        ----------Healing List----------
        ----------End of Healing List----------
    GAUGE  - Enemy 1 toughness reduced by 20.000
    GAUGE  - Enemy 0 toughness reduced by 10.000
    GAUGE  - Enemy 2 toughness reduced by 10.000
    RESULT - SaberSkill | Saber | DPS | DMG: 84306.983 | ELADMG: 0.000 | Enemies Hit: [1, 0, 2] | Enemies Broken: [] | WB DMG: 0.000 | Energy: 30.000 | Amount HP Healed: 0.000 | Amount HP Lost: 0.000 | Saber Energy: 241/360 | SP: 2 | MaxSP: 5)
MortenaxBlade has obtained 1 Charge. Current Charge count: 5.
        Buff MasterSmithComburent expired
        Buff BattleIsntOverDMGRole.SUP1 expired
AV     > Saber AV reset to 71.514 | 139.832 SPD

<<< NEW TURN >>>
-   Enemy 2 AV: 0.000 ENERGY: 0.000 MaxHP: 2000000.000 CurrHp 1653985.996 ShieldHP: 0.000
-   Enemy 0 AV: 0.000 ENERGY: 0.000 MaxHP: 2000000.000 CurrHp 1653985.996 ShieldHP: 0.000
-   MortenaxBlade AV: 13.861 ENERGY: 135.105 MaxHP: 4779.283 CurrHp 2573.961 ShieldHP: 0.000
-   HuoHuo AV: 34.497 ENERGY: 71.331 MaxHP: 6139.808 CurrHp 5009.095 ShieldHP: 0.000
-   Enemy 1 AV: 35.548 ENERGY: 0.000 MaxHP: 5000000.000 CurrHp 4117881.618 ShieldHP: 0.000
-   InfiniteFury AV: 52.737 ENERGY: 0.000 MaxHP: 0.000 CurrHp 0.000 ShieldHP: 0.000
-   Saber AV: 64.736 ENERGY: 241.333 MaxHP: 3366.991 CurrHp 3282.249 ShieldHP: 0.000
-   Sunday AV: 66.755 ENERGY: 73.349 MaxHP: 3638.196 CurrHp 2104.417 ShieldHP: 0.000

Combat context set: 3 enemies, 4 players
Combat context initialized: 3 enemies, Elation team size: 0
ACTION > [ENEMY] TotalAV: 153.846 | TurnAV: 6.779 | Enemy 2 | 1 attacks
MortenaxBlade has obtained 1 Charge. Current Charge count: 6.
    CharEnergy - Saber: Hit 5.000 Total: 246.333 | Sunday: Hit 5.000 Total: 79.821 | MortenaxBlade: Hit 5.000 Total: 141.327 | HuoHuo: Hit 1.667 Total: 73.589 |
    ENEMY  - Enemy 2 [aoe] dealt 97.9 to MortenaxBlade (energy: 3.3, DEF: 2014, atkMul: 0.75, dmgMul: 1.00) | Shield Absorbed: 0.0 | HP Lost: 97.9 | HP: 2476/4779 | Shield HP: 0
    ENEMY  - Enemy 2 [aoe] dealt 84.7 to Saber (energy: 1.7, DEF: 2504, atkMul: 0.75, dmgMul: 1.00) | Shield Absorbed: 0.0 | HP Lost: 84.7 | HP: 3198/3367 | Shield HP: 0
    ENEMY  - Enemy 2 [aoe] dealt 118.0 to Sunday (energy: 1.7, DEF: 1474, atkMul: 0.75, dmgMul: 1.00) | Shield Absorbed: 0.0 | HP Lost: 118.0 | HP: 1986/3638 | Shield HP: 0
    ENEMY  - Enemy 2 [aoe] dealt 48.9 to MortenaxBlade (energy: 1.7, DEF: 2014, atkMul: 0.75, dmgMul: 1.00) | Shield Absorbed: 0.0 | HP Lost: 48.9 | HP: 2427/4779 | Shield HP: 0
    ENEMY  - Enemy 2 [aoe] dealt 87.0 to HuoHuo (energy: 1.7, DEF: 2410, atkMul: 0.75, dmgMul: 1.00) | Shield Absorbed: 0.0 | HP Lost: 87.0 | HP: 4922/6140 | Shield HP: 0
    ENEMY  - Enemy 2 [aoe] dealt 169.5 to Saber (energy: 3.3, DEF: 2504, atkMul: 0.75, dmgMul: 1.00) | Shield Absorbed: 0.0 | HP Lost: 169.5 | HP: 3028/3367 | Shield HP: 0
    ENEMY  - Enemy 2 [aoe] dealt 236.0 to Sunday (energy: 3.3, DEF: 1474, atkMul: 0.75, dmgMul: 1.00) | Shield Absorbed: 0.0 | HP Lost: 236.0 | HP: 1750/3638 | Shield HP: 0
MortenaxBlade has obtained 1 Charge. Current Charge count: 7.
MortenaxBlade useHit produced 2 debuffs
        Debuff HuohuoTechniqueDebuff expired
        Debuff ResoShred(SUP2) expired
AV     > Enemy 2 AV reset to 76.923 | 130.000 SPD

<<< NEW TURN >>>
-   Enemy 0 AV: 0.000 ENERGY: 0.000 MaxHP: 2000000.000 CurrHp 1653985.996 ShieldHP: 0.000
-   MortenaxBlade AV: 13.861 ENERGY: 141.327 MaxHP: 4779.283 CurrHp 2427.156 ShieldHP: 0.000
-   HuoHuo AV: 34.497 ENERGY: 73.589 MaxHP: 6139.808 CurrHp 4922.117 ShieldHP: 0.000
-   Enemy 1 AV: 35.548 ENERGY: 0.000 MaxHP: 5000000.000 CurrHp 4117881.618 ShieldHP: 0.000
-   InfiniteFury AV: 52.737 ENERGY: 0.000 MaxHP: 0.000 CurrHp 0.000 ShieldHP: 0.000
-   Saber AV: 64.736 ENERGY: 246.333 MaxHP: 3366.991 CurrHp 3028.023 ShieldHP: 0.000
-   Sunday AV: 66.755 ENERGY: 79.821 MaxHP: 3638.196 CurrHp 1750.468 ShieldHP: 0.000
-   Enemy 2 AV: 76.923 ENERGY: 0.000 MaxHP: 2000000.000 CurrHp 1653985.996 ShieldHP: 0.000

Combat context set: 3 enemies, 4 players
Combat context initialized: 3 enemies, Elation team size: 0
ACTION > [ENEMY] TotalAV: 153.846 | TurnAV: 0.000 | Enemy 0 | 1 attacks
MortenaxBlade has obtained 1 Charge. Current Charge count: 8.
    CharEnergy - Saber: Hit 5.000 Total: 251.333 | Sunday: Hit 8.333 Total: 90.608 | MortenaxBlade: Hit 5.000 Total: 147.549 | HuoHuo: Hit 5.000 Total: 80.361 |
    ENEMY  - Enemy 0 [aoe] dealt 169.5 to Saber (energy: 3.3, DEF: 2504, atkMul: 0.75, dmgMul: 1.00) | Shield Absorbed: 0.0 | HP Lost: 169.5 | HP: 2859/3367 | Shield HP: 0
    ENEMY  - Enemy 0 [aoe] dealt 236.0 to Sunday (energy: 3.3, DEF: 1474, atkMul: 0.75, dmgMul: 1.00) | Shield Absorbed: 0.0 | HP Lost: 236.0 | HP: 1515/3638 | Shield HP: 0
    ENEMY  - Enemy 0 [aoe] dealt 84.7 to Saber (energy: 1.7, DEF: 2504, atkMul: 0.75, dmgMul: 1.00) | Shield Absorbed: 0.0 | HP Lost: 84.7 | HP: 2774/3367 | Shield HP: 0
    ENEMY  - Enemy 0 [aoe] dealt 118.0 to Sunday (energy: 1.7, DEF: 1474, atkMul: 0.75, dmgMul: 1.00) | Shield Absorbed: 0.0 | HP Lost: 118.0 | HP: 1397/3638 | Shield HP: 0
    ENEMY  - Enemy 0 [aoe] dealt 48.9 to MortenaxBlade (energy: 1.7, DEF: 2014, atkMul: 0.75, dmgMul: 1.00) | Shield Absorbed: 0.0 | HP Lost: 48.9 | HP: 2378/4779 | Shield HP: 0
    ENEMY  - Enemy 0 [aoe] dealt 87.0 to HuoHuo (energy: 1.7, DEF: 2410, atkMul: 0.75, dmgMul: 1.00) | Shield Absorbed: 0.0 | HP Lost: 87.0 | HP: 4835/6140 | Shield HP: 0
    ENEMY  - Enemy 0 [aoe] dealt 97.9 to MortenaxBlade (energy: 3.3, DEF: 2014, atkMul: 0.75, dmgMul: 1.00) | Shield Absorbed: 0.0 | HP Lost: 97.9 | HP: 2280/4779 | Shield HP: 0
    ENEMY  - Enemy 0 [aoe] dealt 236.0 to Sunday (energy: 3.3, DEF: 1474, atkMul: 0.75, dmgMul: 1.00) | Shield Absorbed: 0.0 | HP Lost: 236.0 | HP: 1161/3638 | Shield HP: 0
    ENEMY  - Enemy 0 [aoe] dealt 174.0 to HuoHuo (energy: 3.3, DEF: 2410, atkMul: 0.75, dmgMul: 1.00) | Shield Absorbed: 0.0 | HP Lost: 174.0 | HP: 4661/6140 | Shield HP: 0
MortenaxBlade has obtained 1 Charge. Current Charge count: 9.
MortenaxBlade useHit produced 2 debuffs
        Debuff HuohuoTechniqueDebuff expired
        Debuff ResoShred(SUP2) expired
AV     > Enemy 0 AV reset to 76.923 | 130.000 SPD

<<< NEW TURN >>>
-   MortenaxBlade AV: 0.000 ENERGY: 147.549 MaxHP: 4779.283 CurrHp 2280.351 ShieldHP: 0.000
-   HuoHuo AV: 20.636 ENERGY: 80.361 MaxHP: 6139.808 CurrHp 4661.183 ShieldHP: 0.000
-   Enemy 1 AV: 21.687 ENERGY: 0.000 MaxHP: 5000000.000 CurrHp 4117881.618 ShieldHP: 0.000
-   InfiniteFury AV: 38.876 ENERGY: 0.000 MaxHP: 0.000 CurrHp 0.000 ShieldHP: 0.000
-   Saber AV: 50.875 ENERGY: 251.333 MaxHP: 3366.991 CurrHp 2773.797 ShieldHP: 0.000
-   Sunday AV: 52.894 ENERGY: 90.608 MaxHP: 3638.196 CurrHp 1160.553 ShieldHP: 0.000
-   Enemy 0 AV: 63.062 ENERGY: 0.000 MaxHP: 2000000.000 CurrHp 1653985.996 ShieldHP: 0.000
-   Enemy 2 AV: 63.062 ENERGY: 0.000 MaxHP: 2000000.000 CurrHp 1653985.996 ShieldHP: 0.000

Combat context set: 3 enemies, 4 players
Combat context initialized: 3 enemies, Elation team size: 0
ACTION > [CHAR] TotalAV: 167.707 | TurnAV: 13.861 | MortenaxBlade | E-move
        Buff WarriorGoddessHealCD expired
MortenaxBlade has obtained 1 Charge. Current Charge count: 10.
    TURN   - MortenaxBladeAOESkill | MortenaxBlade | SUP2 | AOE attack | ['FIR'] | ['SKL'] | Scaling: HP | TargetID: 1 | DMG/BREAK Splits: [0.72, 0]/[10, 0] | Energy Gained: 30 | SP Change: 0

        ----------Char Buffs----------
        KeelCD(SUP1) | CD% | Stacks: 1 | Value: 0.100 | Remaining Turns: 1 | TickDown: SUP2, PERM | Target: SUP2 | Affects: ['ALL']
        MasterSmithHP | HP% | Stacks: 1 | Value: 0.120 | Remaining Turns: 1 | TickDown: SUP2, PERM | Target: SUP2 | Affects: ['ALL']
        VonwacqERR | ERR% | Stacks: 1 | Value: 0.050 | Remaining Turns: 1 | TickDown: SUP2, PERM | Target: SUP2 | Affects: ['ALL']
        MortenaxBladeTraceCR | CR% | Stacks: 1 | Value: 0.120 | Remaining Turns: 1 | TickDown: SUP2, PERM | Target: SUP2 | Affects: ['ALL']
        MortenaxBladeTraceHP | HP% | Stacks: 1 | Value: 0.100 | Remaining Turns: 1 | TickDown: SUP2, PERM | Target: SUP2 | Affects: ['ALL']
        MortenaxBladeTraceDMG | DMG% | Stacks: 1 | Value: 0.224 | Remaining Turns: 1 | TickDown: SUP2, PERM | Target: SUP2 | Affects: ['ALL']
        KeelCD(SUS) | CD% | Stacks: 1 | Value: 0.100 | Remaining Turns: 1 | TickDown: SUP2, PERM | Target: SUP2 | Affects: ['ALL']
        MasterSmithCD | CD% | Stacks: 1 | Value: 0.280 | Remaining Turns: 1 | TickDown: SUP2, PERM | Target: SUP2 | Affects: ['ALL']
        MasterSmithComburent | DMG% | Stacks: 1 | Value: 0.150 | Remaining Turns: 2 | TickDown: SUP2, END | Target: SUP2 | Affects: ['ALL']
        HuoHuoUltATK | ATK% | Stacks: 1 | Value: 0.400 | Remaining Turns: 1 | TickDown: SUP2, END | Target: SUP2 | Affects: ['ALL']
        HuoHuoUltExtraATK | ATK% | Stacks: 1 | Value: 0.240 | Remaining Turns: 1 | TickDown: SUP2, END | Target: SUP2 | Affects: ['ALL']
        MortenaxBladeCRBoost | CR% | Stacks: 1 | Value: 0.200 | Remaining Turns: 1 | TickDown: SUP2, PERM | Target: SUP2 | Affects: ['ALL']
        MortenaxBladeCDBoost | CD% | Stacks: 1 | Value: 0.600 | Remaining Turns: 1 | TickDown: SUP2, PERM | Target: SUP2 | Affects: ['ALL']
        MortenaxBladeDMGReduction | DMG_REDUCTION | Stacks: 1 | Value: 0.500 | Remaining Turns: 1 | TickDown: SUP2, PERM | Target: SUP2 | Affects: ['ALL']
        MortenaxBladeDMGBoost | DMG% | Stacks: 1 | Value: 0.500 | Remaining Turns: 1 | TickDown: SUP2, PERM | Target: SUP2 | Affects: ['ALL']
        MortenaxBladeDMG | DMG% | Stacks: 1 | Value: 0.750 | Remaining Turns: 1 | TickDown: SUP2, PERM | Target: SUP2 | Affects: ['ALL']
        ----------End of Buff List----------

        ----------Enemy Debuffs----------
        MortenaxBladeUltVul | From: SUP2 | VULN | Stacks: 1 | Value: 0.500 | Remaining Turns: 2 | Target: 1 | Targeting: ST | Affects: ['ALL'] | DOT: False | Blast: False
        MortenaxBladeUltShred | From: SUP2 | SHRED | Stacks: 1 | Value: 0.300 | Remaining Turns: 2 | Target: 1 | Targeting: ST | Affects: ['ALL'] | DOT: False | Blast: False
        ResoShred(SUP2) | From: SUP2 | SHRED | Stacks: 1 | Value: 0.160 | Remaining Turns: 1 | Target: 1 | Targeting: ST | Affects: ['ALL'] | DOT: False | Blast: False
        ----------End of Debuff List----------
        ----------Healing List----------
        ----------End of Healing List----------
    GAUGE  - Enemy 0 toughness reduced by 0.000
    GAUGE  - Enemy 1 toughness reduced by 0.000
    GAUGE  - Enemy 2 toughness reduced by 0.000
    RESULT - MortenaxBladeAOESkill | MortenaxBlade | SUP2 | DMG: 35702.859 | ELADMG: 0.000 | Enemies Hit: [0, 1, 2] | Enemies Broken: [] | WB DMG: 0.000 | Energy: 37.332 | Amount HP Healed: 0.000 | Amount HP Lost: 0.000 | MortenaxBlade Energy: 160/160 | SP: 2 | MaxSP: 5)
MortenaxBlade has obtained 1 Charge. Current Charge count: 2.
    TURN   - MortenaxBladeBounceSkill | MortenaxBlade | SUP2 | ST attack | ['FIR'] | ['SKL'] | Scaling: HP | TargetID: 1 | DMG/BREAK Splits: [0.24, 0]/[5, 0] | Energy Gained: 0 | SP Change: 0

        ----------Char Buffs----------
        KeelCD(SUP1) | CD% | Stacks: 1 | Value: 0.100 | Remaining Turns: 1 | TickDown: SUP2, PERM | Target: SUP2 | Affects: ['ALL']
        MasterSmithHP | HP% | Stacks: 1 | Value: 0.120 | Remaining Turns: 1 | TickDown: SUP2, PERM | Target: SUP2 | Affects: ['ALL']
        VonwacqERR | ERR% | Stacks: 1 | Value: 0.050 | Remaining Turns: 1 | TickDown: SUP2, PERM | Target: SUP2 | Affects: ['ALL']
        MortenaxBladeTraceCR | CR% | Stacks: 1 | Value: 0.120 | Remaining Turns: 1 | TickDown: SUP2, PERM | Target: SUP2 | Affects: ['ALL']
        MortenaxBladeTraceHP | HP% | Stacks: 1 | Value: 0.100 | Remaining Turns: 1 | TickDown: SUP2, PERM | Target: SUP2 | Affects: ['ALL']
        MortenaxBladeTraceDMG | DMG% | Stacks: 1 | Value: 0.224 | Remaining Turns: 1 | TickDown: SUP2, PERM | Target: SUP2 | Affects: ['ALL']
        KeelCD(SUS) | CD% | Stacks: 1 | Value: 0.100 | Remaining Turns: 1 | TickDown: SUP2, PERM | Target: SUP2 | Affects: ['ALL']
        MasterSmithCD | CD% | Stacks: 1 | Value: 0.280 | Remaining Turns: 1 | TickDown: SUP2, PERM | Target: SUP2 | Affects: ['ALL']
        MasterSmithComburent | DMG% | Stacks: 1 | Value: 0.150 | Remaining Turns: 2 | TickDown: SUP2, END | Target: SUP2 | Affects: ['ALL']
        HuoHuoUltATK | ATK% | Stacks: 1 | Value: 0.400 | Remaining Turns: 1 | TickDown: SUP2, END | Target: SUP2 | Affects: ['ALL']
        HuoHuoUltExtraATK | ATK% | Stacks: 1 | Value: 0.240 | Remaining Turns: 1 | TickDown: SUP2, END | Target: SUP2 | Affects: ['ALL']
        MortenaxBladeCRBoost | CR% | Stacks: 1 | Value: 0.200 | Remaining Turns: 1 | TickDown: SUP2, PERM | Target: SUP2 | Affects: ['ALL']
        MortenaxBladeCDBoost | CD% | Stacks: 1 | Value: 0.600 | Remaining Turns: 1 | TickDown: SUP2, PERM | Target: SUP2 | Affects: ['ALL']
        MortenaxBladeDMGReduction | DMG_REDUCTION | Stacks: 1 | Value: 0.500 | Remaining Turns: 1 | TickDown: SUP2, PERM | Target: SUP2 | Affects: ['ALL']
        MortenaxBladeDMGBoost | DMG% | Stacks: 1 | Value: 0.500 | Remaining Turns: 1 | TickDown: SUP2, PERM | Target: SUP2 | Affects: ['ALL']
        MortenaxBladeDMG | DMG% | Stacks: 1 | Value: 0.750 | Remaining Turns: 1 | TickDown: SUP2, PERM | Target: SUP2 | Affects: ['ALL']
        ----------End of Buff List----------

        ----------Enemy Debuffs----------
        MortenaxBladeUltVul | From: SUP2 | VULN | Stacks: 1 | Value: 0.500 | Remaining Turns: 2 | Target: 1 | Targeting: ST | Affects: ['ALL'] | DOT: False | Blast: False
        MortenaxBladeUltShred | From: SUP2 | SHRED | Stacks: 1 | Value: 0.300 | Remaining Turns: 2 | Target: 1 | Targeting: ST | Affects: ['ALL'] | DOT: False | Blast: False
        ResoShred(SUP2) | From: SUP2 | SHRED | Stacks: 1 | Value: 0.160 | Remaining Turns: 1 | Target: 1 | Targeting: ST | Affects: ['ALL'] | DOT: False | Blast: False
        ----------End of Debuff List----------
        ----------Healing List----------
        ----------End of Healing List----------
    GAUGE  - Enemy 1 toughness reduced by 0.000
    RESULT - MortenaxBladeBounceSkill | MortenaxBlade | SUP2 | DMG: 4256.235 | ELADMG: 0.000 | Enemies Hit: [1] | Enemies Broken: [] | WB DMG: 0.000 | Energy: 0.000 | Amount HP Healed: 0.000 | Amount HP Lost: 0.000 | MortenaxBlade Energy: 160/160 | SP: 2 | MaxSP: 5)
    TURN   - MortenaxBladeBounceSkill | MortenaxBlade | SUP2 | ST attack | ['FIR'] | ['SKL'] | Scaling: HP | TargetID: 1 | DMG/BREAK Splits: [0.24, 0]/[5, 0] | Energy Gained: 0 | SP Change: 0

        ----------Char Buffs----------
        KeelCD(SUP1) | CD% | Stacks: 1 | Value: 0.100 | Remaining Turns: 1 | TickDown: SUP2, PERM | Target: SUP2 | Affects: ['ALL']
        MasterSmithHP | HP% | Stacks: 1 | Value: 0.120 | Remaining Turns: 1 | TickDown: SUP2, PERM | Target: SUP2 | Affects: ['ALL']
        VonwacqERR | ERR% | Stacks: 1 | Value: 0.050 | Remaining Turns: 1 | TickDown: SUP2, PERM | Target: SUP2 | Affects: ['ALL']
        MortenaxBladeTraceCR | CR% | Stacks: 1 | Value: 0.120 | Remaining Turns: 1 | TickDown: SUP2, PERM | Target: SUP2 | Affects: ['ALL']
        MortenaxBladeTraceHP | HP% | Stacks: 1 | Value: 0.100 | Remaining Turns: 1 | TickDown: SUP2, PERM | Target: SUP2 | Affects: ['ALL']
        MortenaxBladeTraceDMG | DMG% | Stacks: 1 | Value: 0.224 | Remaining Turns: 1 | TickDown: SUP2, PERM | Target: SUP2 | Affects: ['ALL']
        KeelCD(SUS) | CD% | Stacks: 1 | Value: 0.100 | Remaining Turns: 1 | TickDown: SUP2, PERM | Target: SUP2 | Affects: ['ALL']
        MasterSmithCD | CD% | Stacks: 1 | Value: 0.280 | Remaining Turns: 1 | TickDown: SUP2, PERM | Target: SUP2 | Affects: ['ALL']
        MasterSmithComburent | DMG% | Stacks: 1 | Value: 0.150 | Remaining Turns: 2 | TickDown: SUP2, END | Target: SUP2 | Affects: ['ALL']
        HuoHuoUltATK | ATK% | Stacks: 1 | Value: 0.400 | Remaining Turns: 1 | TickDown: SUP2, END | Target: SUP2 | Affects: ['ALL']
        HuoHuoUltExtraATK | ATK% | Stacks: 1 | Value: 0.240 | Remaining Turns: 1 | TickDown: SUP2, END | Target: SUP2 | Affects: ['ALL']
        MortenaxBladeCRBoost | CR% | Stacks: 1 | Value: 0.200 | Remaining Turns: 1 | TickDown: SUP2, PERM | Target: SUP2 | Affects: ['ALL']
        MortenaxBladeCDBoost | CD% | Stacks: 1 | Value: 0.600 | Remaining Turns: 1 | TickDown: SUP2, PERM | Target: SUP2 | Affects: ['ALL']
        MortenaxBladeDMGReduction | DMG_REDUCTION | Stacks: 1 | Value: 0.500 | Remaining Turns: 1 | TickDown: SUP2, PERM | Target: SUP2 | Affects: ['ALL']
        MortenaxBladeDMGBoost | DMG% | Stacks: 1 | Value: 0.500 | Remaining Turns: 1 | TickDown: SUP2, PERM | Target: SUP2 | Affects: ['ALL']
        MortenaxBladeDMG | DMG% | Stacks: 1 | Value: 0.750 | Remaining Turns: 1 | TickDown: SUP2, PERM | Target: SUP2 | Affects: ['ALL']
        ----------End of Buff List----------

        ----------Enemy Debuffs----------
        MortenaxBladeUltVul | From: SUP2 | VULN | Stacks: 1 | Value: 0.500 | Remaining Turns: 2 | Target: 1 | Targeting: ST | Affects: ['ALL'] | DOT: False | Blast: False
        MortenaxBladeUltShred | From: SUP2 | SHRED | Stacks: 1 | Value: 0.300 | Remaining Turns: 2 | Target: 1 | Targeting: ST | Affects: ['ALL'] | DOT: False | Blast: False
        ResoShred(SUP2) | From: SUP2 | SHRED | Stacks: 1 | Value: 0.160 | Remaining Turns: 1 | Target: 1 | Targeting: ST | Affects: ['ALL'] | DOT: False | Blast: False
        ----------End of Debuff List----------
        ----------Healing List----------
        ----------End of Healing List----------
    GAUGE  - Enemy 1 toughness reduced by 0.000
    RESULT - MortenaxBladeBounceSkill | MortenaxBlade | SUP2 | DMG: 4256.235 | ELADMG: 0.000 | Enemies Hit: [1] | Enemies Broken: [] | WB DMG: 0.000 | Energy: 0.000 | Amount HP Healed: 0.000 | Amount HP Lost: 0.000 | MortenaxBlade Energy: 160/160 | SP: 2 | MaxSP: 5)
    TURN   - MortenaxBladeBounceSkill | MortenaxBlade | SUP2 | ST attack | ['FIR'] | ['SKL'] | Scaling: HP | TargetID: 1 | DMG/BREAK Splits: [0.24, 0]/[5, 0] | Energy Gained: 0 | SP Change: 0

        ----------Char Buffs----------
        KeelCD(SUP1) | CD% | Stacks: 1 | Value: 0.100 | Remaining Turns: 1 | TickDown: SUP2, PERM | Target: SUP2 | Affects: ['ALL']
        MasterSmithHP | HP% | Stacks: 1 | Value: 0.120 | Remaining Turns: 1 | TickDown: SUP2, PERM | Target: SUP2 | Affects: ['ALL']
        VonwacqERR | ERR% | Stacks: 1 | Value: 0.050 | Remaining Turns: 1 | TickDown: SUP2, PERM | Target: SUP2 | Affects: ['ALL']
        MortenaxBladeTraceCR | CR% | Stacks: 1 | Value: 0.120 | Remaining Turns: 1 | TickDown: SUP2, PERM | Target: SUP2 | Affects: ['ALL']
        MortenaxBladeTraceHP | HP% | Stacks: 1 | Value: 0.100 | Remaining Turns: 1 | TickDown: SUP2, PERM | Target: SUP2 | Affects: ['ALL']
        MortenaxBladeTraceDMG | DMG% | Stacks: 1 | Value: 0.224 | Remaining Turns: 1 | TickDown: SUP2, PERM | Target: SUP2 | Affects: ['ALL']
        KeelCD(SUS) | CD% | Stacks: 1 | Value: 0.100 | Remaining Turns: 1 | TickDown: SUP2, PERM | Target: SUP2 | Affects: ['ALL']
        MasterSmithCD | CD% | Stacks: 1 | Value: 0.280 | Remaining Turns: 1 | TickDown: SUP2, PERM | Target: SUP2 | Affects: ['ALL']
        MasterSmithComburent | DMG% | Stacks: 1 | Value: 0.150 | Remaining Turns: 2 | TickDown: SUP2, END | Target: SUP2 | Affects: ['ALL']
        HuoHuoUltATK | ATK% | Stacks: 1 | Value: 0.400 | Remaining Turns: 1 | TickDown: SUP2, END | Target: SUP2 | Affects: ['ALL']
        HuoHuoUltExtraATK | ATK% | Stacks: 1 | Value: 0.240 | Remaining Turns: 1 | TickDown: SUP2, END | Target: SUP2 | Affects: ['ALL']
        MortenaxBladeCRBoost | CR% | Stacks: 1 | Value: 0.200 | Remaining Turns: 1 | TickDown: SUP2, PERM | Target: SUP2 | Affects: ['ALL']
        MortenaxBladeCDBoost | CD% | Stacks: 1 | Value: 0.600 | Remaining Turns: 1 | TickDown: SUP2, PERM | Target: SUP2 | Affects: ['ALL']
        MortenaxBladeDMGReduction | DMG_REDUCTION | Stacks: 1 | Value: 0.500 | Remaining Turns: 1 | TickDown: SUP2, PERM | Target: SUP2 | Affects: ['ALL']
        MortenaxBladeDMGBoost | DMG% | Stacks: 1 | Value: 0.500 | Remaining Turns: 1 | TickDown: SUP2, PERM | Target: SUP2 | Affects: ['ALL']
        MortenaxBladeDMG | DMG% | Stacks: 1 | Value: 0.750 | Remaining Turns: 1 | TickDown: SUP2, PERM | Target: SUP2 | Affects: ['ALL']
        ----------End of Buff List----------

        ----------Enemy Debuffs----------
        MortenaxBladeUltVul | From: SUP2 | VULN | Stacks: 1 | Value: 0.500 | Remaining Turns: 2 | Target: 1 | Targeting: ST | Affects: ['ALL'] | DOT: False | Blast: False
        MortenaxBladeUltShred | From: SUP2 | SHRED | Stacks: 1 | Value: 0.300 | Remaining Turns: 2 | Target: 1 | Targeting: ST | Affects: ['ALL'] | DOT: False | Blast: False
        ResoShred(SUP2) | From: SUP2 | SHRED | Stacks: 1 | Value: 0.160 | Remaining Turns: 1 | Target: 1 | Targeting: ST | Affects: ['ALL'] | DOT: False | Blast: False
        ----------End of Debuff List----------
        ----------Healing List----------
        ----------End of Healing List----------
    GAUGE  - Enemy 1 toughness reduced by 0.000
    RESULT - MortenaxBladeBounceSkill | MortenaxBlade | SUP2 | DMG: 4256.235 | ELADMG: 0.000 | Enemies Hit: [1] | Enemies Broken: [] | WB DMG: 0.000 | Energy: 0.000 | Amount HP Healed: 0.000 | Amount HP Lost: 0.000 | MortenaxBlade Energy: 160/160 | SP: 2 | MaxSP: 5)
    TURN   - MortenaxBladeBounceSkill | MortenaxBlade | SUP2 | ST attack | ['FIR'] | ['SKL'] | Scaling: HP | TargetID: 1 | DMG/BREAK Splits: [0.24, 0]/[5, 0] | Energy Gained: 0 | SP Change: 0

        ----------Char Buffs----------
        KeelCD(SUP1) | CD% | Stacks: 1 | Value: 0.100 | Remaining Turns: 1 | TickDown: SUP2, PERM | Target: SUP2 | Affects: ['ALL']
        MasterSmithHP | HP% | Stacks: 1 | Value: 0.120 | Remaining Turns: 1 | TickDown: SUP2, PERM | Target: SUP2 | Affects: ['ALL']
        VonwacqERR | ERR% | Stacks: 1 | Value: 0.050 | Remaining Turns: 1 | TickDown: SUP2, PERM | Target: SUP2 | Affects: ['ALL']
        MortenaxBladeTraceCR | CR% | Stacks: 1 | Value: 0.120 | Remaining Turns: 1 | TickDown: SUP2, PERM | Target: SUP2 | Affects: ['ALL']
        MortenaxBladeTraceHP | HP% | Stacks: 1 | Value: 0.100 | Remaining Turns: 1 | TickDown: SUP2, PERM | Target: SUP2 | Affects: ['ALL']
        MortenaxBladeTraceDMG | DMG% | Stacks: 1 | Value: 0.224 | Remaining Turns: 1 | TickDown: SUP2, PERM | Target: SUP2 | Affects: ['ALL']
        KeelCD(SUS) | CD% | Stacks: 1 | Value: 0.100 | Remaining Turns: 1 | TickDown: SUP2, PERM | Target: SUP2 | Affects: ['ALL']
        MasterSmithCD | CD% | Stacks: 1 | Value: 0.280 | Remaining Turns: 1 | TickDown: SUP2, PERM | Target: SUP2 | Affects: ['ALL']
        MasterSmithComburent | DMG% | Stacks: 1 | Value: 0.150 | Remaining Turns: 2 | TickDown: SUP2, END | Target: SUP2 | Affects: ['ALL']
        HuoHuoUltATK | ATK% | Stacks: 1 | Value: 0.400 | Remaining Turns: 1 | TickDown: SUP2, END | Target: SUP2 | Affects: ['ALL']
        HuoHuoUltExtraATK | ATK% | Stacks: 1 | Value: 0.240 | Remaining Turns: 1 | TickDown: SUP2, END | Target: SUP2 | Affects: ['ALL']
        MortenaxBladeCRBoost | CR% | Stacks: 1 | Value: 0.200 | Remaining Turns: 1 | TickDown: SUP2, PERM | Target: SUP2 | Affects: ['ALL']
        MortenaxBladeCDBoost | CD% | Stacks: 1 | Value: 0.600 | Remaining Turns: 1 | TickDown: SUP2, PERM | Target: SUP2 | Affects: ['ALL']
        MortenaxBladeDMGReduction | DMG_REDUCTION | Stacks: 1 | Value: 0.500 | Remaining Turns: 1 | TickDown: SUP2, PERM | Target: SUP2 | Affects: ['ALL']
        MortenaxBladeDMGBoost | DMG% | Stacks: 1 | Value: 0.500 | Remaining Turns: 1 | TickDown: SUP2, PERM | Target: SUP2 | Affects: ['ALL']
        MortenaxBladeDMG | DMG% | Stacks: 1 | Value: 0.750 | Remaining Turns: 1 | TickDown: SUP2, PERM | Target: SUP2 | Affects: ['ALL']
        ----------End of Buff List----------

        ----------Enemy Debuffs----------
        MortenaxBladeUltVul | From: SUP2 | VULN | Stacks: 1 | Value: 0.500 | Remaining Turns: 2 | Target: 1 | Targeting: ST | Affects: ['ALL'] | DOT: False | Blast: False
        MortenaxBladeUltShred | From: SUP2 | SHRED | Stacks: 1 | Value: 0.300 | Remaining Turns: 2 | Target: 1 | Targeting: ST | Affects: ['ALL'] | DOT: False | Blast: False
        ResoShred(SUP2) | From: SUP2 | SHRED | Stacks: 1 | Value: 0.160 | Remaining Turns: 1 | Target: 1 | Targeting: ST | Affects: ['ALL'] | DOT: False | Blast: False
        ----------End of Debuff List----------
        ----------Healing List----------
        ----------End of Healing List----------
    GAUGE  - Enemy 1 toughness reduced by 0.000
    RESULT - MortenaxBladeBounceSkill | MortenaxBlade | SUP2 | DMG: 4256.235 | ELADMG: 0.000 | Enemies Hit: [1] | Enemies Broken: [] | WB DMG: 0.000 | Energy: 0.000 | Amount HP Healed: 0.000 | Amount HP Lost: 0.000 | MortenaxBlade Energy: 160/160 | SP: 2 | MaxSP: 5)
    TURN   - MortenaxBladeAOEFUA | MortenaxBlade | SUP2 | AOE attack | ['FIR'] | ['FUA'] | Scaling: HP | TargetID: 1 | DMG/BREAK Splits: [0.72, 0]/[10, 0] | Energy Gained: 25 | SP Change: 0

        ----------Char Buffs----------
        KeelCD(SUP1) | CD% | Stacks: 1 | Value: 0.100 | Remaining Turns: 1 | TickDown: SUP2, PERM | Target: SUP2 | Affects: ['ALL']
        MasterSmithHP | HP% | Stacks: 1 | Value: 0.120 | Remaining Turns: 1 | TickDown: SUP2, PERM | Target: SUP2 | Affects: ['ALL']
        VonwacqERR | ERR% | Stacks: 1 | Value: 0.050 | Remaining Turns: 1 | TickDown: SUP2, PERM | Target: SUP2 | Affects: ['ALL']
        MortenaxBladeTraceCR | CR% | Stacks: 1 | Value: 0.120 | Remaining Turns: 1 | TickDown: SUP2, PERM | Target: SUP2 | Affects: ['ALL']
        MortenaxBladeTraceHP | HP% | Stacks: 1 | Value: 0.100 | Remaining Turns: 1 | TickDown: SUP2, PERM | Target: SUP2 | Affects: ['ALL']
        MortenaxBladeTraceDMG | DMG% | Stacks: 1 | Value: 0.224 | Remaining Turns: 1 | TickDown: SUP2, PERM | Target: SUP2 | Affects: ['ALL']
        KeelCD(SUS) | CD% | Stacks: 1 | Value: 0.100 | Remaining Turns: 1 | TickDown: SUP2, PERM | Target: SUP2 | Affects: ['ALL']
        MasterSmithCD | CD% | Stacks: 1 | Value: 0.280 | Remaining Turns: 1 | TickDown: SUP2, PERM | Target: SUP2 | Affects: ['ALL']
        MasterSmithComburent | DMG% | Stacks: 1 | Value: 0.150 | Remaining Turns: 2 | TickDown: SUP2, END | Target: SUP2 | Affects: ['ALL']
        HuoHuoUltATK | ATK% | Stacks: 1 | Value: 0.400 | Remaining Turns: 1 | TickDown: SUP2, END | Target: SUP2 | Affects: ['ALL']
        HuoHuoUltExtraATK | ATK% | Stacks: 1 | Value: 0.240 | Remaining Turns: 1 | TickDown: SUP2, END | Target: SUP2 | Affects: ['ALL']
        MortenaxBladeCRBoost | CR% | Stacks: 1 | Value: 0.200 | Remaining Turns: 1 | TickDown: SUP2, PERM | Target: SUP2 | Affects: ['ALL']
        MortenaxBladeCDBoost | CD% | Stacks: 1 | Value: 0.600 | Remaining Turns: 1 | TickDown: SUP2, PERM | Target: SUP2 | Affects: ['ALL']
        MortenaxBladeDMGReduction | DMG_REDUCTION | Stacks: 1 | Value: 0.500 | Remaining Turns: 1 | TickDown: SUP2, PERM | Target: SUP2 | Affects: ['ALL']
        MortenaxBladeDMGBoost | DMG% | Stacks: 1 | Value: 0.500 | Remaining Turns: 1 | TickDown: SUP2, PERM | Target: SUP2 | Affects: ['ALL']
        MortenaxBladeDMG | DMG% | Stacks: 1 | Value: 0.750 | Remaining Turns: 1 | TickDown: SUP2, PERM | Target: SUP2 | Affects: ['ALL']
        ----------End of Buff List----------

        ----------Enemy Debuffs----------
        MortenaxBladeUltVul | From: SUP2 | VULN | Stacks: 1 | Value: 0.500 | Remaining Turns: 2 | Target: 1 | Targeting: ST | Affects: ['ALL'] | DOT: False | Blast: False
        MortenaxBladeUltShred | From: SUP2 | SHRED | Stacks: 1 | Value: 0.300 | Remaining Turns: 2 | Target: 1 | Targeting: ST | Affects: ['ALL'] | DOT: False | Blast: False
        ResoShred(SUP2) | From: SUP2 | SHRED | Stacks: 1 | Value: 0.160 | Remaining Turns: 1 | Target: 1 | Targeting: ST | Affects: ['ALL'] | DOT: False | Blast: False
        ----------End of Debuff List----------
        ----------Healing List----------
        ----------End of Healing List----------
    GAUGE  - Enemy 0 toughness reduced by 0.000
    GAUGE  - Enemy 1 toughness reduced by 0.000
    GAUGE  - Enemy 2 toughness reduced by 0.000
    RESULT - MortenaxBladeAOEFUA | MortenaxBlade | SUP2 | DMG: 38306.119 | ELADMG: 0.000 | Enemies Hit: [0, 1, 2] | Enemies Broken: [] | WB DMG: 0.000 | Energy: 31.110 | Amount HP Healed: 0.000 | Amount HP Lost: 0.000 | MortenaxBlade Energy: 160/160 | SP: 2 | MaxSP: 5)
    TURN   - MortenaxBladeBounceFUA | MortenaxBlade | SUP2 | ST attack | ['FIR'] | ['FUA'] | Scaling: HP | TargetID: 1 | DMG/BREAK Splits: [0.24, 0]/[5, 0] | Energy Gained: 0 | SP Change: 0

        ----------Char Buffs----------
        KeelCD(SUP1) | CD% | Stacks: 1 | Value: 0.100 | Remaining Turns: 1 | TickDown: SUP2, PERM | Target: SUP2 | Affects: ['ALL']
        MasterSmithHP | HP% | Stacks: 1 | Value: 0.120 | Remaining Turns: 1 | TickDown: SUP2, PERM | Target: SUP2 | Affects: ['ALL']
        VonwacqERR | ERR% | Stacks: 1 | Value: 0.050 | Remaining Turns: 1 | TickDown: SUP2, PERM | Target: SUP2 | Affects: ['ALL']
        MortenaxBladeTraceCR | CR% | Stacks: 1 | Value: 0.120 | Remaining Turns: 1 | TickDown: SUP2, PERM | Target: SUP2 | Affects: ['ALL']
        MortenaxBladeTraceHP | HP% | Stacks: 1 | Value: 0.100 | Remaining Turns: 1 | TickDown: SUP2, PERM | Target: SUP2 | Affects: ['ALL']
        MortenaxBladeTraceDMG | DMG% | Stacks: 1 | Value: 0.224 | Remaining Turns: 1 | TickDown: SUP2, PERM | Target: SUP2 | Affects: ['ALL']
        KeelCD(SUS) | CD% | Stacks: 1 | Value: 0.100 | Remaining Turns: 1 | TickDown: SUP2, PERM | Target: SUP2 | Affects: ['ALL']
        MasterSmithCD | CD% | Stacks: 1 | Value: 0.280 | Remaining Turns: 1 | TickDown: SUP2, PERM | Target: SUP2 | Affects: ['ALL']
        MasterSmithComburent | DMG% | Stacks: 1 | Value: 0.150 | Remaining Turns: 2 | TickDown: SUP2, END | Target: SUP2 | Affects: ['ALL']
        HuoHuoUltATK | ATK% | Stacks: 1 | Value: 0.400 | Remaining Turns: 1 | TickDown: SUP2, END | Target: SUP2 | Affects: ['ALL']
        HuoHuoUltExtraATK | ATK% | Stacks: 1 | Value: 0.240 | Remaining Turns: 1 | TickDown: SUP2, END | Target: SUP2 | Affects: ['ALL']
        MortenaxBladeCRBoost | CR% | Stacks: 1 | Value: 0.200 | Remaining Turns: 1 | TickDown: SUP2, PERM | Target: SUP2 | Affects: ['ALL']
        MortenaxBladeCDBoost | CD% | Stacks: 1 | Value: 0.600 | Remaining Turns: 1 | TickDown: SUP2, PERM | Target: SUP2 | Affects: ['ALL']
        MortenaxBladeDMGReduction | DMG_REDUCTION | Stacks: 1 | Value: 0.500 | Remaining Turns: 1 | TickDown: SUP2, PERM | Target: SUP2 | Affects: ['ALL']
        MortenaxBladeDMGBoost | DMG% | Stacks: 1 | Value: 0.500 | Remaining Turns: 1 | TickDown: SUP2, PERM | Target: SUP2 | Affects: ['ALL']
        MortenaxBladeDMG | DMG% | Stacks: 1 | Value: 0.750 | Remaining Turns: 1 | TickDown: SUP2, PERM | Target: SUP2 | Affects: ['ALL']
        ----------End of Buff List----------

        ----------Enemy Debuffs----------
        MortenaxBladeUltVul | From: SUP2 | VULN | Stacks: 1 | Value: 0.500 | Remaining Turns: 2 | Target: 1 | Targeting: ST | Affects: ['ALL'] | DOT: False | Blast: False
        MortenaxBladeUltShred | From: SUP2 | SHRED | Stacks: 1 | Value: 0.300 | Remaining Turns: 2 | Target: 1 | Targeting: ST | Affects: ['ALL'] | DOT: False | Blast: False
        ResoShred(SUP2) | From: SUP2 | SHRED | Stacks: 1 | Value: 0.160 | Remaining Turns: 1 | Target: 1 | Targeting: ST | Affects: ['ALL'] | DOT: False | Blast: False
        ----------End of Debuff List----------
        ----------Healing List----------
        ----------End of Healing List----------
    GAUGE  - Enemy 1 toughness reduced by 0.000
    RESULT - MortenaxBladeBounceFUA | MortenaxBlade | SUP2 | DMG: 4256.235 | ELADMG: 0.000 | Enemies Hit: [1] | Enemies Broken: [] | WB DMG: 0.000 | Energy: 0.000 | Amount HP Healed: 0.000 | Amount HP Lost: 0.000 | MortenaxBlade Energy: 160/160 | SP: 2 | MaxSP: 5)
    TURN   - MortenaxBladeBounceFUA | MortenaxBlade | SUP2 | ST attack | ['FIR'] | ['FUA'] | Scaling: HP | TargetID: 1 | DMG/BREAK Splits: [0.24, 0]/[5, 0] | Energy Gained: 0 | SP Change: 0

        ----------Char Buffs----------
        KeelCD(SUP1) | CD% | Stacks: 1 | Value: 0.100 | Remaining Turns: 1 | TickDown: SUP2, PERM | Target: SUP2 | Affects: ['ALL']
        MasterSmithHP | HP% | Stacks: 1 | Value: 0.120 | Remaining Turns: 1 | TickDown: SUP2, PERM | Target: SUP2 | Affects: ['ALL']
        VonwacqERR | ERR% | Stacks: 1 | Value: 0.050 | Remaining Turns: 1 | TickDown: SUP2, PERM | Target: SUP2 | Affects: ['ALL']
        MortenaxBladeTraceCR | CR% | Stacks: 1 | Value: 0.120 | Remaining Turns: 1 | TickDown: SUP2, PERM | Target: SUP2 | Affects: ['ALL']
        MortenaxBladeTraceHP | HP% | Stacks: 1 | Value: 0.100 | Remaining Turns: 1 | TickDown: SUP2, PERM | Target: SUP2 | Affects: ['ALL']
        MortenaxBladeTraceDMG | DMG% | Stacks: 1 | Value: 0.224 | Remaining Turns: 1 | TickDown: SUP2, PERM | Target: SUP2 | Affects: ['ALL']
        KeelCD(SUS) | CD% | Stacks: 1 | Value: 0.100 | Remaining Turns: 1 | TickDown: SUP2, PERM | Target: SUP2 | Affects: ['ALL']
        MasterSmithCD | CD% | Stacks: 1 | Value: 0.280 | Remaining Turns: 1 | TickDown: SUP2, PERM | Target: SUP2 | Affects: ['ALL']
        MasterSmithComburent | DMG% | Stacks: 1 | Value: 0.150 | Remaining Turns: 2 | TickDown: SUP2, END | Target: SUP2 | Affects: ['ALL']
        HuoHuoUltATK | ATK% | Stacks: 1 | Value: 0.400 | Remaining Turns: 1 | TickDown: SUP2, END | Target: SUP2 | Affects: ['ALL']
        HuoHuoUltExtraATK | ATK% | Stacks: 1 | Value: 0.240 | Remaining Turns: 1 | TickDown: SUP2, END | Target: SUP2 | Affects: ['ALL']
        MortenaxBladeCRBoost | CR% | Stacks: 1 | Value: 0.200 | Remaining Turns: 1 | TickDown: SUP2, PERM | Target: SUP2 | Affects: ['ALL']
        MortenaxBladeCDBoost | CD% | Stacks: 1 | Value: 0.600 | Remaining Turns: 1 | TickDown: SUP2, PERM | Target: SUP2 | Affects: ['ALL']
        MortenaxBladeDMGReduction | DMG_REDUCTION | Stacks: 1 | Value: 0.500 | Remaining Turns: 1 | TickDown: SUP2, PERM | Target: SUP2 | Affects: ['ALL']
        MortenaxBladeDMGBoost | DMG% | Stacks: 1 | Value: 0.500 | Remaining Turns: 1 | TickDown: SUP2, PERM | Target: SUP2 | Affects: ['ALL']
        MortenaxBladeDMG | DMG% | Stacks: 1 | Value: 0.750 | Remaining Turns: 1 | TickDown: SUP2, PERM | Target: SUP2 | Affects: ['ALL']
        ----------End of Buff List----------

        ----------Enemy Debuffs----------
        MortenaxBladeUltVul | From: SUP2 | VULN | Stacks: 1 | Value: 0.500 | Remaining Turns: 2 | Target: 1 | Targeting: ST | Affects: ['ALL'] | DOT: False | Blast: False
        MortenaxBladeUltShred | From: SUP2 | SHRED | Stacks: 1 | Value: 0.300 | Remaining Turns: 2 | Target: 1 | Targeting: ST | Affects: ['ALL'] | DOT: False | Blast: False
        ResoShred(SUP2) | From: SUP2 | SHRED | Stacks: 1 | Value: 0.160 | Remaining Turns: 1 | Target: 1 | Targeting: ST | Affects: ['ALL'] | DOT: False | Blast: False
        ----------End of Debuff List----------
        ----------Healing List----------
        ----------End of Healing List----------
    GAUGE  - Enemy 1 toughness reduced by 0.000
    RESULT - MortenaxBladeBounceFUA | MortenaxBlade | SUP2 | DMG: 4256.235 | ELADMG: 0.000 | Enemies Hit: [1] | Enemies Broken: [] | WB DMG: 0.000 | Energy: 0.000 | Amount HP Healed: 0.000 | Amount HP Lost: 0.000 | MortenaxBlade Energy: 160/160 | SP: 2 | MaxSP: 5)
    TURN   - MortenaxBladeBounceFUA | MortenaxBlade | SUP2 | ST attack | ['FIR'] | ['FUA'] | Scaling: HP | TargetID: 1 | DMG/BREAK Splits: [0.24, 0]/[5, 0] | Energy Gained: 0 | SP Change: 0

        ----------Char Buffs----------
        KeelCD(SUP1) | CD% | Stacks: 1 | Value: 0.100 | Remaining Turns: 1 | TickDown: SUP2, PERM | Target: SUP2 | Affects: ['ALL']
        MasterSmithHP | HP% | Stacks: 1 | Value: 0.120 | Remaining Turns: 1 | TickDown: SUP2, PERM | Target: SUP2 | Affects: ['ALL']
        VonwacqERR | ERR% | Stacks: 1 | Value: 0.050 | Remaining Turns: 1 | TickDown: SUP2, PERM | Target: SUP2 | Affects: ['ALL']
        MortenaxBladeTraceCR | CR% | Stacks: 1 | Value: 0.120 | Remaining Turns: 1 | TickDown: SUP2, PERM | Target: SUP2 | Affects: ['ALL']
        MortenaxBladeTraceHP | HP% | Stacks: 1 | Value: 0.100 | Remaining Turns: 1 | TickDown: SUP2, PERM | Target: SUP2 | Affects: ['ALL']
        MortenaxBladeTraceDMG | DMG% | Stacks: 1 | Value: 0.224 | Remaining Turns: 1 | TickDown: SUP2, PERM | Target: SUP2 | Affects: ['ALL']
        KeelCD(SUS) | CD% | Stacks: 1 | Value: 0.100 | Remaining Turns: 1 | TickDown: SUP2, PERM | Target: SUP2 | Affects: ['ALL']
        MasterSmithCD | CD% | Stacks: 1 | Value: 0.280 | Remaining Turns: 1 | TickDown: SUP2, PERM | Target: SUP2 | Affects: ['ALL']
        MasterSmithComburent | DMG% | Stacks: 1 | Value: 0.150 | Remaining Turns: 2 | TickDown: SUP2, END | Target: SUP2 | Affects: ['ALL']
        HuoHuoUltATK | ATK% | Stacks: 1 | Value: 0.400 | Remaining Turns: 1 | TickDown: SUP2, END | Target: SUP2 | Affects: ['ALL']
        HuoHuoUltExtraATK | ATK% | Stacks: 1 | Value: 0.240 | Remaining Turns: 1 | TickDown: SUP2, END | Target: SUP2 | Affects: ['ALL']
        MortenaxBladeCRBoost | CR% | Stacks: 1 | Value: 0.200 | Remaining Turns: 1 | TickDown: SUP2, PERM | Target: SUP2 | Affects: ['ALL']
        MortenaxBladeCDBoost | CD% | Stacks: 1 | Value: 0.600 | Remaining Turns: 1 | TickDown: SUP2, PERM | Target: SUP2 | Affects: ['ALL']
        MortenaxBladeDMGReduction | DMG_REDUCTION | Stacks: 1 | Value: 0.500 | Remaining Turns: 1 | TickDown: SUP2, PERM | Target: SUP2 | Affects: ['ALL']
        MortenaxBladeDMGBoost | DMG% | Stacks: 1 | Value: 0.500 | Remaining Turns: 1 | TickDown: SUP2, PERM | Target: SUP2 | Affects: ['ALL']
        MortenaxBladeDMG | DMG% | Stacks: 1 | Value: 0.750 | Remaining Turns: 1 | TickDown: SUP2, PERM | Target: SUP2 | Affects: ['ALL']
        ----------End of Buff List----------

        ----------Enemy Debuffs----------
        MortenaxBladeUltVul | From: SUP2 | VULN | Stacks: 1 | Value: 0.500 | Remaining Turns: 2 | Target: 1 | Targeting: ST | Affects: ['ALL'] | DOT: False | Blast: False
        MortenaxBladeUltShred | From: SUP2 | SHRED | Stacks: 1 | Value: 0.300 | Remaining Turns: 2 | Target: 1 | Targeting: ST | Affects: ['ALL'] | DOT: False | Blast: False
        ResoShred(SUP2) | From: SUP2 | SHRED | Stacks: 1 | Value: 0.160 | Remaining Turns: 1 | Target: 1 | Targeting: ST | Affects: ['ALL'] | DOT: False | Blast: False
        ----------End of Debuff List----------
        ----------Healing List----------
        ----------End of Healing List----------
    GAUGE  - Enemy 1 toughness reduced by 0.000
    RESULT - MortenaxBladeBounceFUA | MortenaxBlade | SUP2 | DMG: 4256.235 | ELADMG: 0.000 | Enemies Hit: [1] | Enemies Broken: [] | WB DMG: 0.000 | Energy: 0.000 | Amount HP Healed: 0.000 | Amount HP Lost: 0.000 | MortenaxBlade Energy: 160/160 | SP: 2 | MaxSP: 5)
    TURN   - MortenaxBladeBounceFUA | MortenaxBlade | SUP2 | ST attack | ['FIR'] | ['FUA'] | Scaling: HP | TargetID: 1 | DMG/BREAK Splits: [0.24, 0]/[5, 0] | Energy Gained: 0 | SP Change: 0

        ----------Char Buffs----------
        KeelCD(SUP1) | CD% | Stacks: 1 | Value: 0.100 | Remaining Turns: 1 | TickDown: SUP2, PERM | Target: SUP2 | Affects: ['ALL']
        MasterSmithHP | HP% | Stacks: 1 | Value: 0.120 | Remaining Turns: 1 | TickDown: SUP2, PERM | Target: SUP2 | Affects: ['ALL']
        VonwacqERR | ERR% | Stacks: 1 | Value: 0.050 | Remaining Turns: 1 | TickDown: SUP2, PERM | Target: SUP2 | Affects: ['ALL']
        MortenaxBladeTraceCR | CR% | Stacks: 1 | Value: 0.120 | Remaining Turns: 1 | TickDown: SUP2, PERM | Target: SUP2 | Affects: ['ALL']
        MortenaxBladeTraceHP | HP% | Stacks: 1 | Value: 0.100 | Remaining Turns: 1 | TickDown: SUP2, PERM | Target: SUP2 | Affects: ['ALL']
        MortenaxBladeTraceDMG | DMG% | Stacks: 1 | Value: 0.224 | Remaining Turns: 1 | TickDown: SUP2, PERM | Target: SUP2 | Affects: ['ALL']
        KeelCD(SUS) | CD% | Stacks: 1 | Value: 0.100 | Remaining Turns: 1 | TickDown: SUP2, PERM | Target: SUP2 | Affects: ['ALL']
        MasterSmithCD | CD% | Stacks: 1 | Value: 0.280 | Remaining Turns: 1 | TickDown: SUP2, PERM | Target: SUP2 | Affects: ['ALL']
        MasterSmithComburent | DMG% | Stacks: 1 | Value: 0.150 | Remaining Turns: 2 | TickDown: SUP2, END | Target: SUP2 | Affects: ['ALL']
        HuoHuoUltATK | ATK% | Stacks: 1 | Value: 0.400 | Remaining Turns: 1 | TickDown: SUP2, END | Target: SUP2 | Affects: ['ALL']
        HuoHuoUltExtraATK | ATK% | Stacks: 1 | Value: 0.240 | Remaining Turns: 1 | TickDown: SUP2, END | Target: SUP2 | Affects: ['ALL']
        MortenaxBladeCRBoost | CR% | Stacks: 1 | Value: 0.200 | Remaining Turns: 1 | TickDown: SUP2, PERM | Target: SUP2 | Affects: ['ALL']
        MortenaxBladeCDBoost | CD% | Stacks: 1 | Value: 0.600 | Remaining Turns: 1 | TickDown: SUP2, PERM | Target: SUP2 | Affects: ['ALL']
        MortenaxBladeDMGReduction | DMG_REDUCTION | Stacks: 1 | Value: 0.500 | Remaining Turns: 1 | TickDown: SUP2, PERM | Target: SUP2 | Affects: ['ALL']
        MortenaxBladeDMGBoost | DMG% | Stacks: 1 | Value: 0.500 | Remaining Turns: 1 | TickDown: SUP2, PERM | Target: SUP2 | Affects: ['ALL']
        MortenaxBladeDMG | DMG% | Stacks: 1 | Value: 0.750 | Remaining Turns: 1 | TickDown: SUP2, PERM | Target: SUP2 | Affects: ['ALL']
        ----------End of Buff List----------

        ----------Enemy Debuffs----------
        MortenaxBladeUltVul | From: SUP2 | VULN | Stacks: 1 | Value: 0.500 | Remaining Turns: 2 | Target: 1 | Targeting: ST | Affects: ['ALL'] | DOT: False | Blast: False
        MortenaxBladeUltShred | From: SUP2 | SHRED | Stacks: 1 | Value: 0.300 | Remaining Turns: 2 | Target: 1 | Targeting: ST | Affects: ['ALL'] | DOT: False | Blast: False
        ResoShred(SUP2) | From: SUP2 | SHRED | Stacks: 1 | Value: 0.160 | Remaining Turns: 1 | Target: 1 | Targeting: ST | Affects: ['ALL'] | DOT: False | Blast: False
        ----------End of Debuff List----------
        ----------Healing List----------
        ----------End of Healing List----------
    GAUGE  - Enemy 1 toughness reduced by 0.000
    RESULT - MortenaxBladeBounceFUA | MortenaxBlade | SUP2 | DMG: 4256.235 | ELADMG: 0.000 | Enemies Hit: [1] | Enemies Broken: [] | WB DMG: 0.000 | Energy: 0.000 | Amount HP Healed: 0.000 | Amount HP Lost: 0.000 | MortenaxBlade Energy: 160/160 | SP: 2 | MaxSP: 5)
ULT    > MortenaxBlade used their ultimate
MortenaxBlade has obtained 1 Charge. Current Charge count: 3.
    TURN   - MortenaxBladeEnhancedUlt | MortenaxBlade | SUP2 | AOE attack | ['FIR'] | ['ULT'] | Scaling: HP | TargetID: 1 | DMG/BREAK Splits: [3.5, 0]/[20, 0] | Energy Gained: 5 | SP Change: 0

        ----------Char Buffs----------
        KeelCD(SUP1) | CD% | Stacks: 1 | Value: 0.100 | Remaining Turns: 1 | TickDown: SUP2, PERM | Target: SUP2 | Affects: ['ALL']
        MasterSmithHP | HP% | Stacks: 1 | Value: 0.120 | Remaining Turns: 1 | TickDown: SUP2, PERM | Target: SUP2 | Affects: ['ALL']
        VonwacqERR | ERR% | Stacks: 1 | Value: 0.050 | Remaining Turns: 1 | TickDown: SUP2, PERM | Target: SUP2 | Affects: ['ALL']
        MortenaxBladeTraceCR | CR% | Stacks: 1 | Value: 0.120 | Remaining Turns: 1 | TickDown: SUP2, PERM | Target: SUP2 | Affects: ['ALL']
        MortenaxBladeTraceHP | HP% | Stacks: 1 | Value: 0.100 | Remaining Turns: 1 | TickDown: SUP2, PERM | Target: SUP2 | Affects: ['ALL']
        MortenaxBladeTraceDMG | DMG% | Stacks: 1 | Value: 0.224 | Remaining Turns: 1 | TickDown: SUP2, PERM | Target: SUP2 | Affects: ['ALL']
        KeelCD(SUS) | CD% | Stacks: 1 | Value: 0.100 | Remaining Turns: 1 | TickDown: SUP2, PERM | Target: SUP2 | Affects: ['ALL']
        MasterSmithCD | CD% | Stacks: 1 | Value: 0.280 | Remaining Turns: 1 | TickDown: SUP2, PERM | Target: SUP2 | Affects: ['ALL']
        MasterSmithComburent | DMG% | Stacks: 1 | Value: 0.150 | Remaining Turns: 2 | TickDown: SUP2, END | Target: SUP2 | Affects: ['ALL']
        HuoHuoUltATK | ATK% | Stacks: 1 | Value: 0.400 | Remaining Turns: 1 | TickDown: SUP2, END | Target: SUP2 | Affects: ['ALL']
        HuoHuoUltExtraATK | ATK% | Stacks: 1 | Value: 0.240 | Remaining Turns: 1 | TickDown: SUP2, END | Target: SUP2 | Affects: ['ALL']
        MortenaxBladeCRBoost | CR% | Stacks: 1 | Value: 0.200 | Remaining Turns: 1 | TickDown: SUP2, PERM | Target: SUP2 | Affects: ['ALL']
        MortenaxBladeCDBoost | CD% | Stacks: 1 | Value: 0.600 | Remaining Turns: 1 | TickDown: SUP2, PERM | Target: SUP2 | Affects: ['ALL']
        MortenaxBladeDMGReduction | DMG_REDUCTION | Stacks: 1 | Value: 0.500 | Remaining Turns: 1 | TickDown: SUP2, PERM | Target: SUP2 | Affects: ['ALL']
        MortenaxBladeDMGBoost | DMG% | Stacks: 1 | Value: 0.500 | Remaining Turns: 1 | TickDown: SUP2, PERM | Target: SUP2 | Affects: ['ALL']
        MortenaxBladeDMG | DMG% | Stacks: 1 | Value: 0.750 | Remaining Turns: 1 | TickDown: SUP2, PERM | Target: SUP2 | Affects: ['ALL']
        ----------End of Buff List----------

        ----------Enemy Debuffs----------
        MortenaxBladeUltVul | From: SUP2 | VULN | Stacks: 1 | Value: 0.500 | Remaining Turns: 2 | Target: 1 | Targeting: ST | Affects: ['ALL'] | DOT: False | Blast: False
        MortenaxBladeUltShred | From: SUP2 | SHRED | Stacks: 1 | Value: 0.300 | Remaining Turns: 2 | Target: 1 | Targeting: ST | Affects: ['ALL'] | DOT: False | Blast: False
        ResoShred(SUP2) | From: SUP2 | SHRED | Stacks: 1 | Value: 0.160 | Remaining Turns: 1 | Target: 1 | Targeting: ST | Affects: ['ALL'] | DOT: False | Blast: False
        ----------End of Debuff List----------
        ----------Healing List----------
        ----------End of Healing List----------
    GAUGE  - Enemy 0 toughness reduced by 0.000
    GAUGE  - Enemy 1 toughness reduced by 0.000
    GAUGE  - Enemy 2 toughness reduced by 0.000
    RESULT - MortenaxBladeEnhancedUlt | MortenaxBlade | SUP2 | DMG: 186210.298 | ELADMG: 0.000 | Enemies Hit: [0, 1, 2] | Enemies Broken: [] | WB DMG: 0.000 | Energy: 6.222 | Amount HP Healed: 0.000 | Amount HP Lost: 0.000 | MortenaxBlade Energy: 6/160 | SP: 2 | MaxSP: 5)
Saber got 3 Core Resonance from Talent, Current Count: 14
ADV    > Saber advanced by 100.000% from Trace1Advance | NewAV: 0.000 | Priority: 19
        Buff HuoHuoUltATK expired
        Buff HuoHuoUltExtraATK expired
AV     > MortenaxBlade AV reset to 64.503 | 155.032 SPD

<<< NEW TURN >>>
-   Saber AV: 0.000 ENERGY: 251.333 MaxHP: 3366.991 CurrHp 2773.797 ShieldHP: 0.000
-   HuoHuo AV: 20.636 ENERGY: 80.361 MaxHP: 6139.808 CurrHp 4661.183 ShieldHP: 0.000
-   Enemy 1 AV: 21.687 ENERGY: 0.000 MaxHP: 5000000.000 CurrHp 3996224.223 ShieldHP: 0.000
-   InfiniteFury AV: 38.876 ENERGY: 0.000 MaxHP: 0.000 CurrHp 0.000 ShieldHP: 0.000
-   Sunday AV: 52.894 ENERGY: 90.608 MaxHP: 3638.196 CurrHp 1160.553 ShieldHP: 0.000
-   Enemy 0 AV: 63.062 ENERGY: 0.000 MaxHP: 2000000.000 CurrHp 1567680.114 ShieldHP: 0.000
-   Enemy 2 AV: 63.062 ENERGY: 0.000 MaxHP: 2000000.000 CurrHp 1567680.114 ShieldHP: 0.000
-   MortenaxBlade AV: 64.503 ENERGY: 6.222 MaxHP: 4779.283 CurrHp 1324.495 ShieldHP: 0.000

Combat context set: 3 enemies, 4 players
Combat context initialized: 3 enemies, Elation team size: 0
ACTION > [CHAR] TotalAV: 167.707 | TurnAV: 0.000 | Saber | E-move
Saber used 14 Core Resonance for Skill
    TURN   - SaberSkill | Saber | DPS | BLAST attack | ['WIN'] | ['SKL'] | Scaling: ATK | TargetID: 1 | DMG/BREAK Splits: [3.46, 2.71]/[20, 10] | Energy Gained: 30 | SP Change: -1

        ----------Char Buffs----------
        ThanklessCoronationCD | CR% | Stacks: 1 | Value: 0.360 | Remaining Turns: 1 | TickDown: DPS, PERM | Target: DPS | Affects: ['ALL']
        ScholarCR | CR% | Stacks: 1 | Value: 0.080 | Remaining Turns: 1 | TickDown: DPS, PERM | Target: DPS | Affects: ['ALL']
        ScholarDMG | DMG% | Stacks: 1 | Value: 0.200 | Remaining Turns: 1 | TickDown: DPS, PERM | Target: DPS | Affects: ['SKL', 'ULT']
        SaberTraceHP | HP% | Stacks: 1 | Value: 0.100 | Remaining Turns: 1 | TickDown: DPS, PERM | Target: DPS | Affects: ['ALL']
        SaberTraceCR | CR% | Stacks: 1 | Value: 0.120 | Remaining Turns: 1 | TickDown: DPS, PERM | Target: DPS | Affects: ['ALL']
        SaberTraceDMG | DMG% | Stacks: 1 | Value: 0.224 | Remaining Turns: 1 | TickDown: DPS, PERM | Target: DPS | Affects: ['ALL']
        SaberTrace1CR | CR% | Stacks: 1 | Value: 0.200 | Remaining Turns: 1 | TickDown: DPS, PERM | Target: DPS | Affects: ['ALL']
        KeelCD(SUP1) | CD% | Stacks: 1 | Value: 0.100 | Remaining Turns: 1 | TickDown: DPS, PERM | Target: DPS | Affects: ['ALL']
        KeelCD(SUS) | CD% | Stacks: 1 | Value: 0.100 | Remaining Turns: 1 | TickDown: DPS, PERM | Target: DPS | Affects: ['ALL']
        CosmicLifeDMG | DMG% | Stacks: 1 | Value: 0.320 | Remaining Turns: 1 | TickDown: DPS, PERM | Target: DPS | Affects: ['ALL']
        Trace3CDExtra | CD% | Stacks: 1 | Value: 0.320 | Remaining Turns: 1 | TickDown: DPS, PERM | Target: DPS | Affects: ['ALL']
        MortenaxBladeDMGBoost | DMG% | Stacks: 1 | Value: 0.500 | Remaining Turns: 1 | TickDown: DPS, PERM | Target: DPS | Affects: ['ALL']
        SundayBeatified | CD% | Stacks: 1 | Value: 0.856 | Remaining Turns: 2 | TickDown: SUP1, START | Target: DPS | Affects: ['ALL']
        Trace3CD | CD% | Stacks: 1 | Value: 0.500 | Remaining Turns: 2 | TickDown: DPS, END | Target: DPS | Affects: ['ALL']
        SacerdosCDSUP1 | CD% | Stacks: 1 | Value: 0.180 | Remaining Turns: 1 | TickDown: DPS, END | Target: DPS | Affects: ['ALL']
        SundaySklDMG | DMG% | Stacks: 1 | Value: 0.300 | Remaining Turns: 1 | TickDown: DPS, END | Target: DPS | Affects: ['ALL']
        SundaySklCR | CR% | Stacks: 1 | Value: 0.200 | Remaining Turns: 1 | TickDown: DPS, END | Target: DPS | Affects: ['ALL']
        MasterSmithComburent | DMG% | Stacks: 1 | Value: 0.150 | Remaining Turns: 2 | TickDown: DPS, END | Target: DPS | Affects: ['ALL']
        TalentDMG | DMG% | Stacks: 1 | Value: 0.600 | Remaining Turns: 2 | TickDown: DPS, END | Target: DPS | Affects: ['ALL']
        SkillEnergy | ERR_F | Stacks: 1 | Value: 112.000 | Remaining Turns: 1 | TickDown: DPS, START | Target: DPS | Affects: ['ALL']
        ----------End of Buff List----------

        ----------Enemy Debuffs----------
        MortenaxBladeUltVul | From: SUP2 | VULN | Stacks: 1 | Value: 0.500 | Remaining Turns: 2 | Target: 1 | Targeting: ST | Affects: ['ALL'] | DOT: False | Blast: False
        MortenaxBladeUltShred | From: SUP2 | SHRED | Stacks: 1 | Value: 0.300 | Remaining Turns: 2 | Target: 1 | Targeting: ST | Affects: ['ALL'] | DOT: False | Blast: False
        ResoShred(SUP2) | From: SUP2 | SHRED | Stacks: 1 | Value: 0.160 | Remaining Turns: 1 | Target: 1 | Targeting: ST | Affects: ['ALL'] | DOT: False | Blast: False
        ----------End of Debuff List----------
        ----------Healing List----------
        ----------End of Healing List----------
    GAUGE  - Enemy 1 toughness reduced by 20.000
    GAUGE  - Enemy 0 toughness reduced by 10.000
    GAUGE  - Enemy 2 toughness reduced by 10.000
    RESULT - SaberSkill | Saber | DPS | DMG: 286270.687 | ELADMG: 0.000 | Enemies Hit: [1, 0, 2] | Enemies Broken: [1, 0, 2] | WB DMG: 61314.245 | Energy: 30.000 | Amount HP Healed: 0.000 | Amount HP Lost: 0.000 | Saber Energy: 281/360 | SP: 2 | MaxSP: 5)
MortenaxBlade has obtained 1 Charge. Current Charge count: 4.
ERR    > 112.000 energy added to Saber from SkillEnergy | Saber Energy: 360.000
ULT    > Saber used their ultimate
Saber got 3 Core Resonance from Talent, Current Count: 3
Saber transferred 33.3 overflow energy on Ult entry
    TURN   - SaberUltBig | Saber | DPS | AOE attack | ['WIN'] | ['ULT'] | Scaling: ATK | TargetID: 1 | DMG/BREAK Splits: [2.8, 0]/[40, 0] | Energy Gained: 0 | SP Change: 0

        ----------Char Buffs----------
        ThanklessCoronationCD | CR% | Stacks: 1 | Value: 0.360 | Remaining Turns: 1 | TickDown: DPS, PERM | Target: DPS | Affects: ['ALL']
        ScholarCR | CR% | Stacks: 1 | Value: 0.080 | Remaining Turns: 1 | TickDown: DPS, PERM | Target: DPS | Affects: ['ALL']
        ScholarDMG | DMG% | Stacks: 1 | Value: 0.200 | Remaining Turns: 1 | TickDown: DPS, PERM | Target: DPS | Affects: ['SKL', 'ULT']
        SaberTraceHP | HP% | Stacks: 1 | Value: 0.100 | Remaining Turns: 1 | TickDown: DPS, PERM | Target: DPS | Affects: ['ALL']
        SaberTraceCR | CR% | Stacks: 1 | Value: 0.120 | Remaining Turns: 1 | TickDown: DPS, PERM | Target: DPS | Affects: ['ALL']
        SaberTraceDMG | DMG% | Stacks: 1 | Value: 0.224 | Remaining Turns: 1 | TickDown: DPS, PERM | Target: DPS | Affects: ['ALL']
        SaberTrace1CR | CR% | Stacks: 1 | Value: 0.200 | Remaining Turns: 1 | TickDown: DPS, PERM | Target: DPS | Affects: ['ALL']
        KeelCD(SUP1) | CD% | Stacks: 1 | Value: 0.100 | Remaining Turns: 1 | TickDown: DPS, PERM | Target: DPS | Affects: ['ALL']
        KeelCD(SUS) | CD% | Stacks: 1 | Value: 0.100 | Remaining Turns: 1 | TickDown: DPS, PERM | Target: DPS | Affects: ['ALL']
        CosmicLifeDMG | DMG% | Stacks: 1 | Value: 0.320 | Remaining Turns: 1 | TickDown: DPS, PERM | Target: DPS | Affects: ['ALL']
        Trace3CDExtra | CD% | Stacks: 1 | Value: 0.320 | Remaining Turns: 1 | TickDown: DPS, PERM | Target: DPS | Affects: ['ALL']
        MortenaxBladeDMGBoost | DMG% | Stacks: 1 | Value: 0.500 | Remaining Turns: 1 | TickDown: DPS, PERM | Target: DPS | Affects: ['ALL']
        SundayBeatified | CD% | Stacks: 1 | Value: 0.856 | Remaining Turns: 2 | TickDown: SUP1, START | Target: DPS | Affects: ['ALL']
        Trace3CD | CD% | Stacks: 1 | Value: 0.500 | Remaining Turns: 2 | TickDown: DPS, END | Target: DPS | Affects: ['ALL']
        SacerdosCDSUP1 | CD% | Stacks: 1 | Value: 0.180 | Remaining Turns: 1 | TickDown: DPS, END | Target: DPS | Affects: ['ALL']
        SundaySklDMG | DMG% | Stacks: 1 | Value: 0.300 | Remaining Turns: 1 | TickDown: DPS, END | Target: DPS | Affects: ['ALL']
        SundaySklCR | CR% | Stacks: 1 | Value: 0.200 | Remaining Turns: 1 | TickDown: DPS, END | Target: DPS | Affects: ['ALL']
        MasterSmithComburent | DMG% | Stacks: 1 | Value: 0.150 | Remaining Turns: 2 | TickDown: DPS, END | Target: DPS | Affects: ['ALL']
        TalentDMG | DMG% | Stacks: 1 | Value: 0.600 | Remaining Turns: 2 | TickDown: DPS, END | Target: DPS | Affects: ['ALL']
        ThanklessCoronationATK | ATK% | Stacks: 1 | Value: 0.400 | Remaining Turns: 2 | TickDown: DPS, END | Target: DPS | Affects: ['ALL']
        ThanklessCoronationERR | ERR_F | Stacks: 1 | Value: 36.000 | Remaining Turns: 1 | TickDown: DPS, START | Target: DPS | Affects: ['ALL']
        ThanklessCoronationATKExtra | ATK% | Stacks: 1 | Value: 0.400 | Remaining Turns: 2 | TickDown: DPS, END | Target: DPS | Affects: ['ALL']
        ----------End of Buff List----------

        ----------Enemy Debuffs----------
        MortenaxBladeUltVul | From: SUP2 | VULN | Stacks: 1 | Value: 0.500 | Remaining Turns: 2 | Target: 1 | Targeting: ST | Affects: ['ALL'] | DOT: False | Blast: False
        MortenaxBladeUltShred | From: SUP2 | SHRED | Stacks: 1 | Value: 0.300 | Remaining Turns: 2 | Target: 1 | Targeting: ST | Affects: ['ALL'] | DOT: False | Blast: False
        ResoShred(SUP2) | From: SUP2 | SHRED | Stacks: 1 | Value: 0.160 | Remaining Turns: 1 | Target: 1 | Targeting: ST | Affects: ['ALL'] | DOT: False | Blast: False
        Enemy 1 WIN-break | From: DPS | WINDSHEAR | Stacks: 1 | Value: 12621.002 | Remaining Turns: 2 | Target: 1 | Targeting: ST | Affects: ['ALL'] | DOT: True | Blast: False
        ----------End of Debuff List----------
        ----------Healing List----------
        ----------End of Healing List----------
    GAUGE  - Enemy 0 toughness reduced by 40.000
    GAUGE  - Enemy 1 toughness reduced by 40.000
    GAUGE  - Enemy 2 toughness reduced by 40.000
    RESULT - SaberUltBig | Saber | DPS | DMG: 414707.413 | ELADMG: 0.000 | Enemies Hit: [0, 1, 2] | Enemies Broken: [] | WB DMG: 0.000 | Energy: 0.000 | Amount HP Healed: 0.000 | Amount HP Lost: 0.000 | Saber Energy: 33/360 | SP: 2 | MaxSP: 5)
MortenaxBlade has obtained 1 Charge. Current Charge count: 5.
    TURN   - SaberUltSmall | Saber | DPS | ST attack | ['WIN'] | ['ULT'] | Scaling: ATK | TargetID: 1 | DMG/BREAK Splits: [11.0, 0]/[20, 0] | Energy Gained: 5 | SP Change: 0

        ----------Char Buffs----------
        ThanklessCoronationCD | CR% | Stacks: 1 | Value: 0.360 | Remaining Turns: 1 | TickDown: DPS, PERM | Target: DPS | Affects: ['ALL']
        ScholarCR | CR% | Stacks: 1 | Value: 0.080 | Remaining Turns: 1 | TickDown: DPS, PERM | Target: DPS | Affects: ['ALL']
        ScholarDMG | DMG% | Stacks: 1 | Value: 0.200 | Remaining Turns: 1 | TickDown: DPS, PERM | Target: DPS | Affects: ['SKL', 'ULT']
        SaberTraceHP | HP% | Stacks: 1 | Value: 0.100 | Remaining Turns: 1 | TickDown: DPS, PERM | Target: DPS | Affects: ['ALL']
        SaberTraceCR | CR% | Stacks: 1 | Value: 0.120 | Remaining Turns: 1 | TickDown: DPS, PERM | Target: DPS | Affects: ['ALL']
        SaberTraceDMG | DMG% | Stacks: 1 | Value: 0.224 | Remaining Turns: 1 | TickDown: DPS, PERM | Target: DPS | Affects: ['ALL']
        SaberTrace1CR | CR% | Stacks: 1 | Value: 0.200 | Remaining Turns: 1 | TickDown: DPS, PERM | Target: DPS | Affects: ['ALL']
        KeelCD(SUP1) | CD% | Stacks: 1 | Value: 0.100 | Remaining Turns: 1 | TickDown: DPS, PERM | Target: DPS | Affects: ['ALL']
        KeelCD(SUS) | CD% | Stacks: 1 | Value: 0.100 | Remaining Turns: 1 | TickDown: DPS, PERM | Target: DPS | Affects: ['ALL']
        CosmicLifeDMG | DMG% | Stacks: 1 | Value: 0.320 | Remaining Turns: 1 | TickDown: DPS, PERM | Target: DPS | Affects: ['ALL']
        Trace3CDExtra | CD% | Stacks: 1 | Value: 0.320 | Remaining Turns: 1 | TickDown: DPS, PERM | Target: DPS | Affects: ['ALL']
        MortenaxBladeDMGBoost | DMG% | Stacks: 1 | Value: 0.500 | Remaining Turns: 1 | TickDown: DPS, PERM | Target: DPS | Affects: ['ALL']
        SundayBeatified | CD% | Stacks: 1 | Value: 0.856 | Remaining Turns: 2 | TickDown: SUP1, START | Target: DPS | Affects: ['ALL']
        Trace3CD | CD% | Stacks: 1 | Value: 0.500 | Remaining Turns: 2 | TickDown: DPS, END | Target: DPS | Affects: ['ALL']
        SacerdosCDSUP1 | CD% | Stacks: 1 | Value: 0.180 | Remaining Turns: 1 | TickDown: DPS, END | Target: DPS | Affects: ['ALL']
        SundaySklDMG | DMG% | Stacks: 1 | Value: 0.300 | Remaining Turns: 1 | TickDown: DPS, END | Target: DPS | Affects: ['ALL']
        SundaySklCR | CR% | Stacks: 1 | Value: 0.200 | Remaining Turns: 1 | TickDown: DPS, END | Target: DPS | Affects: ['ALL']
        MasterSmithComburent | DMG% | Stacks: 1 | Value: 0.150 | Remaining Turns: 2 | TickDown: DPS, END | Target: DPS | Affects: ['ALL']
        TalentDMG | DMG% | Stacks: 1 | Value: 0.600 | Remaining Turns: 2 | TickDown: DPS, END | Target: DPS | Affects: ['ALL']
        ThanklessCoronationATK | ATK% | Stacks: 1 | Value: 0.400 | Remaining Turns: 2 | TickDown: DPS, END | Target: DPS | Affects: ['ALL']
        ThanklessCoronationERR | ERR_F | Stacks: 1 | Value: 36.000 | Remaining Turns: 1 | TickDown: DPS, START | Target: DPS | Affects: ['ALL']
        ThanklessCoronationATKExtra | ATK% | Stacks: 1 | Value: 0.400 | Remaining Turns: 2 | TickDown: DPS, END | Target: DPS | Affects: ['ALL']
        ----------End of Buff List----------

        ----------Enemy Debuffs----------
        MortenaxBladeUltVul | From: SUP2 | VULN | Stacks: 1 | Value: 0.500 | Remaining Turns: 2 | Target: 1 | Targeting: ST | Affects: ['ALL'] | DOT: False | Blast: False
        MortenaxBladeUltShred | From: SUP2 | SHRED | Stacks: 1 | Value: 0.300 | Remaining Turns: 2 | Target: 1 | Targeting: ST | Affects: ['ALL'] | DOT: False | Blast: False
        ResoShred(SUP2) | From: SUP2 | SHRED | Stacks: 1 | Value: 0.160 | Remaining Turns: 1 | Target: 1 | Targeting: ST | Affects: ['ALL'] | DOT: False | Blast: False
        Enemy 1 WIN-break | From: DPS | WINDSHEAR | Stacks: 1 | Value: 12621.002 | Remaining Turns: 2 | Target: 1 | Targeting: ST | Affects: ['ALL'] | DOT: True | Blast: False
        ----------End of Debuff List----------
        ----------Healing List----------
        ----------End of Healing List----------
    GAUGE  - Enemy 1 toughness reduced by 20.000
    RESULT - SaberUltSmall | Saber | DPS | DMG: 543069.232 | ELADMG: 0.000 | Enemies Hit: [1] | Enemies Broken: [] | WB DMG: 0.000 | Energy: 5.000 | Amount HP Healed: 0.000 | Amount HP Lost: 0.000 | Saber Energy: 38/360 | SP: 2 | MaxSP: 5)
ERR    > 36.000 energy added to Saber from ThanklessCoronationERR | Saber Energy: 74.333
        Buff SacerdosCDSUP1 expired
        Buff SundaySklDMG expired
        Buff SundaySklCR expired
AV     > Saber AV reset to 71.514 | 139.832 SPD
DELAY  > Enemy 1 delayed by 25.0% from STDBreakDelay | NewAV: 37.469
DELAY  > Enemy 0 delayed by 25.0% from STDBreakDelay | NewAV: 82.293
DELAY  > Enemy 2 delayed by 25.0% from STDBreakDelay | NewAV: 82.293

<<< NEW TURN >>>
-   HuoHuo AV: 0.000 ENERGY: 80.361 MaxHP: 6139.808 CurrHp 4661.183 ShieldHP: 0.000
-   Enemy 1 AV: 16.834 ENERGY: 0.000 MaxHP: 5000000.000 CurrHp 3203376.779 ShieldHP: 0.000
-   InfiniteFury AV: 18.240 ENERGY: 0.000 MaxHP: 0.000 CurrHp 0.000 ShieldHP: 0.000
-   Sunday AV: 32.258 ENERGY: 90.608 MaxHP: 3638.196 CurrHp 1160.553 ShieldHP: 0.000
-   MortenaxBlade AV: 43.867 ENERGY: 6.222 MaxHP: 4779.283 CurrHp 1324.495 ShieldHP: 0.000
-   Saber AV: 50.879 ENERGY: 74.333 MaxHP: 3366.991 CurrHp 2773.797 ShieldHP: 0.000
-   Enemy 0 AV: 61.657 ENERGY: 0.000 MaxHP: 2000000.000 CurrHp 1342080.170 ShieldHP: 0.000
-   Enemy 2 AV: 61.657 ENERGY: 0.000 MaxHP: 2000000.000 CurrHp 1342080.170 ShieldHP: 0.000

Combat context set: 3 enemies, 4 players
Combat context initialized: 3 enemies, Elation team size: 0
ACTION > [CHAR] TotalAV: 188.343 | TurnAV: 20.636 | HuoHuo | A-move
        Buff WarriorGoddessHealSPD expired
        Buff WarriorGoddessHealCD expired
    TURN   - HuoHuoBasic | HuoHuo | SUS | ST attack | ['WIN'] | ['BSC'] | Scaling: HP | TargetID: 1 | DMG/BREAK Splits: [0.5, 0]/[10, 0] | Energy Gained: 20 | SP Change: 1

        ----------Char Buffs----------
        KeelCD(SUP1) | CD% | Stacks: 1 | Value: 0.100 | Remaining Turns: 1 | TickDown: SUS, PERM | Target: SUS | Affects: ['ALL']
        PostOpERR | ERR% | Stacks: 1 | Value: 0.160 | Remaining Turns: 1 | TickDown: SUS, PERM | Target: SUS | Affects: ['ALL']
        WarriorGoddessSPD | SPD% | Stacks: 1 | Value: 0.060 | Remaining Turns: 1 | TickDown: SUS, PERM | Target: SUS | Affects: ['ALL']
        KeelEFFRES | ERS% | Stacks: 1 | Value: 0.100 | Remaining Turns: 1 | TickDown: SUS, PERM | Target: SUS | Affects: ['ALL']
        KeelCD(SUS) | CD% | Stacks: 1 | Value: 0.100 | Remaining Turns: 1 | TickDown: SUS, PERM | Target: SUS | Affects: ['ALL']
        HHTraceHP | HP% | Stacks: 1 | Value: 0.280 | Remaining Turns: 1 | TickDown: SUS, PERM | Target: SUS | Affects: ['ALL']
        HHTraceERS | ERS% | Stacks: 1 | Value: 0.180 | Remaining Turns: 1 | TickDown: SUS, PERM | Target: SUS | Affects: ['ALL']
        HHTraceSPD | SPD | Stacks: 1 | Value: 5.000 | Remaining Turns: 1 | TickDown: SUS, PERM | Target: SUS | Affects: ['ALL']
        MasterSmithComburent | DMG% | Stacks: 1 | Value: 0.150 | Remaining Turns: 2 | TickDown: SUS, END | Target: SUS | Affects: ['ALL']
        MortenaxBladeDMGBoost | DMG% | Stacks: 1 | Value: 0.500 | Remaining Turns: 1 | TickDown: SUS, PERM | Target: SUS | Affects: ['ALL']
        ----------End of Buff List----------

        ----------Enemy Debuffs----------
        MortenaxBladeUltVul | From: SUP2 | VULN | Stacks: 1 | Value: 0.500 | Remaining Turns: 2 | Target: 1 | Targeting: ST | Affects: ['ALL'] | DOT: False | Blast: False
        MortenaxBladeUltShred | From: SUP2 | SHRED | Stacks: 1 | Value: 0.300 | Remaining Turns: 2 | Target: 1 | Targeting: ST | Affects: ['ALL'] | DOT: False | Blast: False
        ResoShred(SUP2) | From: SUP2 | SHRED | Stacks: 1 | Value: 0.160 | Remaining Turns: 1 | Target: 1 | Targeting: ST | Affects: ['ALL'] | DOT: False | Blast: False
        Enemy 1 WIN-break | From: DPS | WINDSHEAR | Stacks: 1 | Value: 12621.002 | Remaining Turns: 2 | Target: 1 | Targeting: ST | Affects: ['ALL'] | DOT: True | Blast: False
        ----------End of Debuff List----------
        ----------Healing List----------
        ----------End of Healing List----------
    GAUGE  - Enemy 1 toughness reduced by 10.000
    RESULT - HuoHuoBasic | HuoHuo | SUS | DMG: 5101.863 | ELADMG: 0.000 | Enemies Hit: [1] | Enemies Broken: [] | WB DMG: 0.000 | Energy: 27.088 | Amount HP Healed: 0.000 | Amount HP Lost: 0.000 | HuoHuo Energy: 107/140 | SP: 3 | MaxSP: 5)
MortenaxBlade has obtained 1 Charge. Current Charge count: 6.
SPD    > HuoHuo speed changed to 154.612 | NewAV: 0.000
AV     > HuoHuo AV reset to 64.678 | 154.612 SPD

<<< NEW TURN >>>
-   Enemy 1 AV: 0.000 ENERGY: 0.000 MaxHP: 5000000.000 CurrHp 3198274.916 ShieldHP: 0.000
-   InfiniteFury AV: 1.407 ENERGY: 0.000 MaxHP: 0.000 CurrHp 0.000 ShieldHP: 0.000
-   Sunday AV: 15.424 ENERGY: 90.608 MaxHP: 3638.196 CurrHp 1160.553 ShieldHP: 0.000
-   MortenaxBlade AV: 27.033 ENERGY: 6.222 MaxHP: 4779.283 CurrHp 1324.495 ShieldHP: 0.000
-   Saber AV: 34.045 ENERGY: 74.333 MaxHP: 3366.991 CurrHp 2773.797 ShieldHP: 0.000
-   Enemy 0 AV: 44.823 ENERGY: 0.000 MaxHP: 2000000.000 CurrHp 1342080.170 ShieldHP: 0.000
-   Enemy 2 AV: 44.823 ENERGY: 0.000 MaxHP: 2000000.000 CurrHp 1342080.170 ShieldHP: 0.000
-   HuoHuo AV: 47.844 ENERGY: 107.449 MaxHP: 6139.808 CurrHp 4661.183 ShieldHP: 0.000

Combat context set: 3 enemies, 4 players
Combat context initialized: 3 enemies, Elation team size: 0
ACTION > [ENEMY] TotalAV: 205.177 | TurnAV: 16.834 | Enemy 1 | 1 attacks
MortenaxBlade has obtained 1 Charge. Current Charge count: 7.
    CharEnergy - Saber: Hit 0.000 Total: 74.333 | Sunday: Hit 3.333 Total: 94.922 | MortenaxBlade: Hit 10.000 Total: 18.666 | HuoHuo: Hit 3.333 Total: 111.963 |
    ENEMY  - Enemy 1 [aoe] dealt 130.5 to MortenaxBlade (energy: 3.3, DEF: 2014, atkMul: 1.00, dmgMul: 1.00) | Shield Absorbed: 0.0 | HP Lost: 130.5 | HP: 1194/4779 | Shield HP: 0
    ENEMY  - Enemy 1 [aoe] dealt 130.5 to MortenaxBlade (energy: 3.3, DEF: 2014, atkMul: 1.00, dmgMul: 1.00) | Shield Absorbed: 0.0 | HP Lost: 130.5 | HP: 1064/4779 | Shield HP: 0
    ENEMY  - Enemy 1 [aoe] dealt 314.6 to Sunday (energy: 3.3, DEF: 1474, atkMul: 1.00, dmgMul: 1.00) | Shield Absorbed: 0.0 | HP Lost: 314.6 | HP: 846/3638 | Shield HP: 0
    ENEMY  - Enemy 1 [aoe] dealt 231.9 to HuoHuo (energy: 3.3, DEF: 2410, atkMul: 1.00, dmgMul: 1.00) | Shield Absorbed: 0.0 | HP Lost: 231.9 | HP: 4429/6140 | Shield HP: 0
    ENEMY  - Enemy 1 [aoe] dealt 130.5 to MortenaxBlade (energy: 3.3, DEF: 2014, atkMul: 1.00, dmgMul: 1.00) | Shield Absorbed: 0.0 | HP Lost: 130.5 | HP: 933/4779 | Shield HP: 0
MortenaxBlade has obtained 1 Charge. Current Charge count: 8.
MortenaxBlade useHit produced 2 debuffs
    DEBUFF - Enemy 1 took 10511.014 Debuff damage from Enemy 1 WIN-break
        Debuff ResoShred(SUP2) expired
AV     > Enemy 1 AV reset to 63.131 | 158.400 SPD

<<< NEW TURN >>>
-   InfiniteFury AV: 0.000 ENERGY: 0.000 MaxHP: 0.000 CurrHp 0.000 ShieldHP: 0.000
-   Sunday AV: 14.018 ENERGY: 94.922 MaxHP: 3638.196 CurrHp 845.932 ShieldHP: 0.000
-   MortenaxBlade AV: 25.627 ENERGY: 18.666 MaxHP: 4779.283 CurrHp 933.016 ShieldHP: 0.000
-   Saber AV: 32.638 ENERGY: 74.333 MaxHP: 3366.991 CurrHp 2773.797 ShieldHP: 0.000
-   Enemy 0 AV: 43.417 ENERGY: 0.000 MaxHP: 2000000.000 CurrHp 1342080.170 ShieldHP: 0.000
-   Enemy 2 AV: 43.417 ENERGY: 0.000 MaxHP: 2000000.000 CurrHp 1342080.170 ShieldHP: 0.000
-   HuoHuo AV: 46.438 ENERGY: 111.963 MaxHP: 6139.808 CurrHp 4429.242 ShieldHP: 0.000
-   Enemy 1 AV: 61.725 ENERGY: 0.000 MaxHP: 5000000.000 CurrHp 3198274.916 ShieldHP: 0.000

Combat context set: 3 enemies, 4 players
Combat context initialized: 3 enemies, Elation team size: 0
ACTION > [SUMMON] TotalAV: 206.583 | TurnAV: 1.407 | InfiniteFury
    TURN   - InfiniteFury | InfiniteFury | SUP2 | NA attack | ['FIR'] | ['ALL'] | Scaling: HP | TargetID: -1 | DMG/BREAK Splits: [0, 0]/[0, 0] | Energy Gained: 0 | SP Change: 0

        ----------Char Buffs----------
        KeelCD(SUP1) | CD% | Stacks: 1 | Value: 0.100 | Remaining Turns: 1 | TickDown: SUP2, PERM | Target: SUP2 | Affects: ['ALL']
        MasterSmithHP | HP% | Stacks: 1 | Value: 0.120 | Remaining Turns: 1 | TickDown: SUP2, PERM | Target: SUP2 | Affects: ['ALL']
        VonwacqERR | ERR% | Stacks: 1 | Value: 0.050 | Remaining Turns: 1 | TickDown: SUP2, PERM | Target: SUP2 | Affects: ['ALL']
        MortenaxBladeTraceCR | CR% | Stacks: 1 | Value: 0.120 | Remaining Turns: 1 | TickDown: SUP2, PERM | Target: SUP2 | Affects: ['ALL']
        MortenaxBladeTraceHP | HP% | Stacks: 1 | Value: 0.100 | Remaining Turns: 1 | TickDown: SUP2, PERM | Target: SUP2 | Affects: ['ALL']
        MortenaxBladeTraceDMG | DMG% | Stacks: 1 | Value: 0.224 | Remaining Turns: 1 | TickDown: SUP2, PERM | Target: SUP2 | Affects: ['ALL']
        KeelCD(SUS) | CD% | Stacks: 1 | Value: 0.100 | Remaining Turns: 1 | TickDown: SUP2, PERM | Target: SUP2 | Affects: ['ALL']
        MasterSmithCD | CD% | Stacks: 1 | Value: 0.280 | Remaining Turns: 1 | TickDown: SUP2, PERM | Target: SUP2 | Affects: ['ALL']
        MasterSmithComburent | DMG% | Stacks: 1 | Value: 0.150 | Remaining Turns: 1 | TickDown: SUP2, END | Target: SUP2 | Affects: ['ALL']
        MortenaxBladeCRBoost | CR% | Stacks: 1 | Value: 0.200 | Remaining Turns: 1 | TickDown: SUP2, PERM | Target: SUP2 | Affects: ['ALL']
        MortenaxBladeCDBoost | CD% | Stacks: 1 | Value: 0.600 | Remaining Turns: 1 | TickDown: SUP2, PERM | Target: SUP2 | Affects: ['ALL']
        MortenaxBladeDMGReduction | DMG_REDUCTION | Stacks: 1 | Value: 0.500 | Remaining Turns: 1 | TickDown: SUP2, PERM | Target: SUP2 | Affects: ['ALL']
        MortenaxBladeDMGBoost | DMG% | Stacks: 1 | Value: 0.500 | Remaining Turns: 1 | TickDown: SUP2, PERM | Target: SUP2 | Affects: ['ALL']
        MortenaxBladeDMG | DMG% | Stacks: 1 | Value: 0.750 | Remaining Turns: 1 | TickDown: SUP2, PERM | Target: SUP2 | Affects: ['ALL']
        ----------End of Buff List----------

        ----------Enemy Debuffs----------
        ----------End of Debuff List----------
        ----------Healing List----------
        ----------End of Healing List----------
    GAUGE  - Enemy 0 toughness reduced by 0.000
    RESULT - InfiniteFury | InfiniteFury | SUP2 | DMG: 0.000 | ELADMG: 0.000 | Enemies Hit: [0] | Enemies Broken: [] | WB DMG: 0.000 | Energy: 0.000 | Amount HP Healed: 0.000 | Amount HP Lost: 0.000 | MortenaxBlade Energy: 19/160 | SP: 3 | MaxSP: 5)
AV     > InfiniteFury AV reset to 10000.000 | 1.000 SPD

<<< NEW TURN >>>
-   Sunday AV: 0.000 ENERGY: 94.922 MaxHP: 3638.196 CurrHp 845.932 ShieldHP: 0.000
-   MortenaxBlade AV: 11.609 ENERGY: 120.000 MaxHP: 4779.283 CurrHp 933.016 ShieldHP: 0.000
-   Saber AV: 18.620 ENERGY: 74.333 MaxHP: 3366.991 CurrHp 2773.797 ShieldHP: 0.000
-   Enemy 0 AV: 29.399 ENERGY: 0.000 MaxHP: 2000000.000 CurrHp 1342080.170 ShieldHP: 0.000
-   Enemy 2 AV: 29.399 ENERGY: 0.000 MaxHP: 2000000.000 CurrHp 1342080.170 ShieldHP: 0.000
-   HuoHuo AV: 32.420 ENERGY: 111.963 MaxHP: 6139.808 CurrHp 4429.242 ShieldHP: 0.000
-   Enemy 1 AV: 47.707 ENERGY: 0.000 MaxHP: 5000000.000 CurrHp 3198274.916 ShieldHP: 0.000
-   InfiniteFury AV: 9985.982 ENERGY: 0.000 MaxHP: 0.000 CurrHp 0.000 ShieldHP: 0.000

Combat context set: 3 enemies, 4 players
Combat context initialized: 3 enemies, Elation team size: 0
ACTION > [CHAR] TotalAV: 220.601 | TurnAV: 14.018 | Sunday | E-move
        Buff WarriorGoddessHealCD expired
    TURN   - SundaySkill | Sunday | SUP1 | NA attack | ['IMG'] | ['SKL'] | Scaling: ATK | TargetID: -1 | DMG/BREAK Splits: [0, 0]/[0, 0] | Energy Gained: 30 | SP Change: 0

        ----------Char Buffs----------
        BattleIsntOverERR | ERR% | Stacks: 1 | Value: 0.100 | Remaining Turns: 1 | TickDown: SUP1, PERM | Target: SUP1 | Affects: ['ALL']
        SacerdosSPD | SPD% | Stacks: 1 | Value: 0.060 | Remaining Turns: 1 | TickDown: SUP1, PERM | Target: SUP1 | Affects: ['ALL']
        KeelEFFRES | ERS% | Stacks: 1 | Value: 0.100 | Remaining Turns: 1 | TickDown: SUP1, PERM | Target: SUP1 | Affects: ['ALL']
        KeelCD(SUP1) | CD% | Stacks: 1 | Value: 0.100 | Remaining Turns: 1 | TickDown: SUP1, PERM | Target: SUP1 | Affects: ['ALL']
        SundayTraceCD | CD% | Stacks: 1 | Value: 0.373 | Remaining Turns: 1 | TickDown: SUP1, PERM | Target: SUP1 | Affects: ['ALL']
        SundayTraceERS | ERS% | Stacks: 1 | Value: 0.180 | Remaining Turns: 1 | TickDown: SUP1, PERM | Target: SUP1 | Affects: ['ALL']
        SundayTraceDEF | DEF% | Stacks: 1 | Value: 0.125 | Remaining Turns: 1 | TickDown: SUP1, PERM | Target: SUP1 | Affects: ['ALL']
        KeelCD(SUS) | CD% | Stacks: 1 | Value: 0.100 | Remaining Turns: 1 | TickDown: SUP1, PERM | Target: SUP1 | Affects: ['ALL']
        MasterSmithComburent | DMG% | Stacks: 1 | Value: 0.150 | Remaining Turns: 2 | TickDown: SUP1, END | Target: SUP1 | Affects: ['ALL']
        MortenaxBladeDMGBoost | DMG% | Stacks: 1 | Value: 0.000 | Remaining Turns: 1 | TickDown: SUP1, PERM | Target: SUP1 | Affects: ['ALL']
        ----------End of Buff List----------

        ----------Enemy Debuffs----------
        ----------End of Debuff List----------
        ----------Healing List----------
        ----------End of Healing List----------
    GAUGE  - Enemy 0 toughness reduced by 0.000
    RESULT - SundaySkill | Sunday | SUP1 | DMG: 0.000 | ELADMG: 0.000 | Enemies Hit: [0] | Enemies Broken: [] | WB DMG: 0.000 | Energy: 38.832 | Amount HP Healed: 0.000 | Amount HP Lost: 0.000 | Sunday Energy: 130/130 | SP: 3 | MaxSP: 5)
ADV    > Saber advanced by 100.000% from SundayTargetADV | NewAV: 0.000 | Priority: 21
ADV    > Saber advanced by 10.000% from SundayTargetADV | NewAV: 0.000 | Priority: 36
ULT    > Sunday used their ultimate
    TURN   - SundayUlt | Sunday | SUP1 | NA attack | ['IMG'] | ['ALL'] | Scaling: ATK | TargetID: -1 | DMG/BREAK Splits: [0, 0]/[0, 0] | Energy Gained: 5 | SP Change: 0

        ----------Char Buffs----------
        BattleIsntOverERR | ERR% | Stacks: 1 | Value: 0.100 | Remaining Turns: 1 | TickDown: SUP1, PERM | Target: SUP1 | Affects: ['ALL']
        SacerdosSPD | SPD% | Stacks: 1 | Value: 0.060 | Remaining Turns: 1 | TickDown: SUP1, PERM | Target: SUP1 | Affects: ['ALL']
        KeelEFFRES | ERS% | Stacks: 1 | Value: 0.100 | Remaining Turns: 1 | TickDown: SUP1, PERM | Target: SUP1 | Affects: ['ALL']
        KeelCD(SUP1) | CD% | Stacks: 1 | Value: 0.100 | Remaining Turns: 1 | TickDown: SUP1, PERM | Target: SUP1 | Affects: ['ALL']
        SundayTraceCD | CD% | Stacks: 1 | Value: 0.373 | Remaining Turns: 1 | TickDown: SUP1, PERM | Target: SUP1 | Affects: ['ALL']
        SundayTraceERS | ERS% | Stacks: 1 | Value: 0.180 | Remaining Turns: 1 | TickDown: SUP1, PERM | Target: SUP1 | Affects: ['ALL']
        SundayTraceDEF | DEF% | Stacks: 1 | Value: 0.125 | Remaining Turns: 1 | TickDown: SUP1, PERM | Target: SUP1 | Affects: ['ALL']
        KeelCD(SUS) | CD% | Stacks: 1 | Value: 0.100 | Remaining Turns: 1 | TickDown: SUP1, PERM | Target: SUP1 | Affects: ['ALL']
        MasterSmithComburent | DMG% | Stacks: 1 | Value: 0.150 | Remaining Turns: 2 | TickDown: SUP1, END | Target: SUP1 | Affects: ['ALL']
        MortenaxBladeDMGBoost | DMG% | Stacks: 1 | Value: 0.000 | Remaining Turns: 1 | TickDown: SUP1, PERM | Target: SUP1 | Affects: ['ALL']
        ----------End of Buff List----------

        ----------Enemy Debuffs----------
        ----------End of Debuff List----------
        ----------Healing List----------
        ----------End of Healing List----------
    GAUGE  - Enemy 0 toughness reduced by 0.000
    RESULT - SundayUlt | Sunday | SUP1 | DMG: 0.000 | ELADMG: 0.000 | Enemies Hit: [0] | Enemies Broken: [] | WB DMG: 0.000 | Energy: 6.472 | Amount HP Healed: 0.000 | Amount HP Lost: 0.000 | Sunday Energy: 6/130 | SP: 3 | MaxSP: 5)
ERR    > 72.000 energy added to Saber from SundayUltERR | Saber Energy: 146.333
AV     > Sunday AV reset to 73.534 | 135.992 SPD

<<< NEW TURN >>>
-   Saber AV: 0.000 ENERGY: 146.333 MaxHP: 3366.991 CurrHp 2773.797 ShieldHP: 0.000
-   MortenaxBlade AV: 11.609 ENERGY: 120.000 MaxHP: 4779.283 CurrHp 933.016 ShieldHP: 0.000
-   Enemy 0 AV: 29.399 ENERGY: 0.000 MaxHP: 2000000.000 CurrHp 1342080.170 ShieldHP: 0.000
-   Enemy 2 AV: 29.399 ENERGY: 0.000 MaxHP: 2000000.000 CurrHp 1342080.170 ShieldHP: 0.000
-   HuoHuo AV: 32.420 ENERGY: 111.963 MaxHP: 6139.808 CurrHp 4429.242 ShieldHP: 0.000
-   Enemy 1 AV: 47.707 ENERGY: 0.000 MaxHP: 5000000.000 CurrHp 3198274.916 ShieldHP: 0.000
-   Sunday AV: 73.534 ENERGY: 6.472 MaxHP: 3638.196 CurrHp 845.932 ShieldHP: 0.000
-   InfiniteFury AV: 9985.982 ENERGY: 0.000 MaxHP: 0.000 CurrHp 0.000 ShieldHP: 0.000

Combat context set: 3 enemies, 4 players
Combat context initialized: 3 enemies, Elation team size: 0
ACTION > [CHAR] TotalAV: 220.601 | TurnAV: 0.000 | Saber | A-move
Saber got 2 Core Resonance from Enhanced basic, Current Count: 5
    TURN   - SaberEnhancedBasic | Saber | DPS | AOE attack | ['WIN'] | ['BSC'] | Scaling: ATK | TargetID: 1 | DMG/BREAK Splits: [1.5, 0]/[20, 0] | Energy Gained: 30 | SP Change: 1

        ----------Char Buffs----------
        ThanklessCoronationCD | CR% | Stacks: 1 | Value: 0.360 | Remaining Turns: 1 | TickDown: DPS, PERM | Target: DPS | Affects: ['ALL']
        ScholarCR | CR% | Stacks: 1 | Value: 0.080 | Remaining Turns: 1 | TickDown: DPS, PERM | Target: DPS | Affects: ['ALL']
        SaberTraceHP | HP% | Stacks: 1 | Value: 0.100 | Remaining Turns: 1 | TickDown: DPS, PERM | Target: DPS | Affects: ['ALL']
        SaberTraceCR | CR% | Stacks: 1 | Value: 0.120 | Remaining Turns: 1 | TickDown: DPS, PERM | Target: DPS | Affects: ['ALL']
        SaberTraceDMG | DMG% | Stacks: 1 | Value: 0.224 | Remaining Turns: 1 | TickDown: DPS, PERM | Target: DPS | Affects: ['ALL']
        SaberTrace1CR | CR% | Stacks: 1 | Value: 0.200 | Remaining Turns: 1 | TickDown: DPS, PERM | Target: DPS | Affects: ['ALL']
        KeelCD(SUP1) | CD% | Stacks: 1 | Value: 0.100 | Remaining Turns: 1 | TickDown: DPS, PERM | Target: DPS | Affects: ['ALL']
        KeelCD(SUS) | CD% | Stacks: 1 | Value: 0.100 | Remaining Turns: 1 | TickDown: DPS, PERM | Target: DPS | Affects: ['ALL']
        CosmicLifeDMG | DMG% | Stacks: 1 | Value: 0.320 | Remaining Turns: 1 | TickDown: DPS, PERM | Target: DPS | Affects: ['ALL']
        Trace3CDExtra | CD% | Stacks: 1 | Value: 0.320 | Remaining Turns: 1 | TickDown: DPS, PERM | Target: DPS | Affects: ['ALL']
        MortenaxBladeDMGBoost | DMG% | Stacks: 1 | Value: 0.000 | Remaining Turns: 1 | TickDown: DPS, PERM | Target: DPS | Affects: ['ALL']
        SundayBeatified | CD% | Stacks: 1 | Value: 0.856 | Remaining Turns: 3 | TickDown: SUP1, START | Target: DPS | Affects: ['ALL']
        Trace3CD | CD% | Stacks: 1 | Value: 0.500 | Remaining Turns: 1 | TickDown: DPS, END | Target: DPS | Affects: ['ALL']
        MasterSmithComburent | DMG% | Stacks: 1 | Value: 0.150 | Remaining Turns: 1 | TickDown: DPS, END | Target: DPS | Affects: ['ALL']
        TalentDMG | DMG% | Stacks: 1 | Value: 0.600 | Remaining Turns: 1 | TickDown: DPS, END | Target: DPS | Affects: ['ALL']
        ThanklessCoronationATK | ATK% | Stacks: 1 | Value: 0.400 | Remaining Turns: 1 | TickDown: DPS, END | Target: DPS | Affects: ['ALL']
        ThanklessCoronationATKExtra | ATK% | Stacks: 1 | Value: 0.400 | Remaining Turns: 1 | TickDown: DPS, END | Target: DPS | Affects: ['ALL']
        BattleIsntOverDMGRole.SUP1 | DMG% | Stacks: 1 | Value: 0.300 | Remaining Turns: 1 | TickDown: DPS, END | Target: DPS | Affects: ['ALL']
        SacerdosCDSUP1 | CD% | Stacks: 2 | Value: 0.360 | Remaining Turns: 2 | TickDown: DPS, END | Target: DPS | Affects: ['ALL']
        SundaySklDMG | DMG% | Stacks: 1 | Value: 0.300 | Remaining Turns: 2 | TickDown: DPS, END | Target: DPS | Affects: ['ALL']
        SundaySklCR | CR% | Stacks: 1 | Value: 0.200 | Remaining Turns: 2 | TickDown: DPS, END | Target: DPS | Affects: ['ALL']
        ----------End of Buff List----------

        ----------Enemy Debuffs----------
        MortenaxBladeUltVul | From: SUP2 | VULN | Stacks: 1 | Value: 0.500 | Remaining Turns: 1 | Target: 1 | Targeting: ST | Affects: ['ALL'] | DOT: False | Blast: False
        MortenaxBladeUltShred | From: SUP2 | SHRED | Stacks: 1 | Value: 0.300 | Remaining Turns: 1 | Target: 1 | Targeting: ST | Affects: ['ALL'] | DOT: False | Blast: False
        Enemy 1 WIN-break | From: DPS | WINDSHEAR | Stacks: 1 | Value: 12621.002 | Remaining Turns: 1 | Target: 1 | Targeting: ST | Affects: ['ALL'] | DOT: True | Blast: False
        ----------End of Debuff List----------
        ----------Healing List----------
        ----------End of Healing List----------
    GAUGE  - Enemy 0 toughness reduced by 20.000
    GAUGE  - Enemy 1 toughness reduced by 20.000
    GAUGE  - Enemy 2 toughness reduced by 20.000
    RESULT - SaberEnhancedBasic | Saber | DPS | DMG: 193326.274 | ELADMG: 0.000 | Enemies Hit: [0, 1, 2] | Enemies Broken: [] | WB DMG: 0.000 | Energy: 30.000 | Amount HP Healed: 0.000 | Amount HP Lost: 0.000 | Saber Energy: 176/360 | SP: 4 | MaxSP: 5)
        Buff Trace3CD expired
        Buff MasterSmithComburent expired
        Buff TalentDMG expired
        Buff ThanklessCoronationATK expired
        Buff ThanklessCoronationATKExtra expired
        Buff BattleIsntOverDMGRole.SUP1 expired
AV     > Saber AV reset to 71.514 | 139.832 SPD

<<< NEW TURN >>>
-   MortenaxBlade AV: 0.000 ENERGY: 120.000 MaxHP: 4779.283 CurrHp 933.016 ShieldHP: 0.000
-   Enemy 0 AV: 17.790 ENERGY: 0.000 MaxHP: 2000000.000 CurrHp 1273238.029 ShieldHP: 0.000
-   Enemy 2 AV: 17.790 ENERGY: 0.000 MaxHP: 2000000.000 CurrHp 1273238.029 ShieldHP: 0.000
-   HuoHuo AV: 20.811 ENERGY: 111.963 MaxHP: 6139.808 CurrHp 4429.242 ShieldHP: 0.000
-   Enemy 1 AV: 36.098 ENERGY: 0.000 MaxHP: 5000000.000 CurrHp 3142632.922 ShieldHP: 0.000
-   Saber AV: 59.905 ENERGY: 176.333 MaxHP: 3366.991 CurrHp 2773.797 ShieldHP: 0.000
-   Sunday AV: 61.925 ENERGY: 6.472 MaxHP: 3638.196 CurrHp 845.932 ShieldHP: 0.000
-   InfiniteFury AV: 9974.373 ENERGY: 0.000 MaxHP: 0.000 CurrHp 0.000 ShieldHP: 0.000

Combat context set: 3 enemies, 4 players
Combat context initialized: 3 enemies, Elation team size: 0
ACTION > [CHAR] TotalAV: 232.210 | TurnAV: 11.609 | MortenaxBlade | A-move
    TURN   - MortenaxBladeBasic | MortenaxBlade | SUP2 | ST attack | ['FIR'] | ['BSC'] | Scaling: HP | TargetID: 1 | DMG/BREAK Splits: [0.5, 0]/[10, 0] | Energy Gained: 20 | SP Change: 1

        ----------Char Buffs----------
        KeelCD(SUP1) | CD% | Stacks: 1 | Value: 0.100 | Remaining Turns: 1 | TickDown: SUP2, PERM | Target: SUP2 | Affects: ['ALL']
        MasterSmithHP | HP% | Stacks: 1 | Value: 0.120 | Remaining Turns: 1 | TickDown: SUP2, PERM | Target: SUP2 | Affects: ['ALL']
        VonwacqERR | ERR% | Stacks: 1 | Value: 0.050 | Remaining Turns: 1 | TickDown: SUP2, PERM | Target: SUP2 | Affects: ['ALL']
        MortenaxBladeTraceCR | CR% | Stacks: 1 | Value: 0.120 | Remaining Turns: 1 | TickDown: SUP2, PERM | Target: SUP2 | Affects: ['ALL']
        MortenaxBladeTraceHP | HP% | Stacks: 1 | Value: 0.100 | Remaining Turns: 1 | TickDown: SUP2, PERM | Target: SUP2 | Affects: ['ALL']
        MortenaxBladeTraceDMG | DMG% | Stacks: 1 | Value: 0.224 | Remaining Turns: 1 | TickDown: SUP2, PERM | Target: SUP2 | Affects: ['ALL']
        KeelCD(SUS) | CD% | Stacks: 1 | Value: 0.100 | Remaining Turns: 1 | TickDown: SUP2, PERM | Target: SUP2 | Affects: ['ALL']
        MasterSmithCD | CD% | Stacks: 1 | Value: 0.280 | Remaining Turns: 1 | TickDown: SUP2, PERM | Target: SUP2 | Affects: ['ALL']
        MasterSmithComburent | DMG% | Stacks: 1 | Value: 0.150 | Remaining Turns: 1 | TickDown: SUP2, END | Target: SUP2 | Affects: ['ALL']
        MortenaxBladeCRBoost | CR% | Stacks: 1 | Value: 0.000 | Remaining Turns: 1 | TickDown: SUP2, PERM | Target: SUP2 | Affects: ['ALL']
        MortenaxBladeCDBoost | CD% | Stacks: 1 | Value: 0.000 | Remaining Turns: 1 | TickDown: SUP2, PERM | Target: SUP2 | Affects: ['ALL']
        MortenaxBladeDMGReduction | DMG_REDUCTION | Stacks: 1 | Value: 0.000 | Remaining Turns: 1 | TickDown: SUP2, PERM | Target: SUP2 | Affects: ['ALL']
        MortenaxBladeDMGBoost | DMG% | Stacks: 1 | Value: 0.000 | Remaining Turns: 1 | TickDown: SUP2, PERM | Target: SUP2 | Affects: ['ALL']
        MortenaxBladeDMG | DMG% | Stacks: 1 | Value: 0.000 | Remaining Turns: 1 | TickDown: SUP2, PERM | Target: SUP2 | Affects: ['ALL']
        ----------End of Buff List----------

        ----------Enemy Debuffs----------
        MortenaxBladeUltVul | From: SUP2 | VULN | Stacks: 1 | Value: 0.500 | Remaining Turns: 1 | Target: 1 | Targeting: ST | Affects: ['ALL'] | DOT: False | Blast: False
        MortenaxBladeUltShred | From: SUP2 | SHRED | Stacks: 1 | Value: 0.300 | Remaining Turns: 1 | Target: 1 | Targeting: ST | Affects: ['ALL'] | DOT: False | Blast: False
        Enemy 1 WIN-break | From: DPS | WINDSHEAR | Stacks: 1 | Value: 12621.002 | Remaining Turns: 1 | Target: 1 | Targeting: ST | Affects: ['ALL'] | DOT: True | Blast: False
        ResoShred(SUP2) | From: SUP2 | SHRED | Stacks: 1 | Value: 0.160 | Remaining Turns: 1 | Target: 1 | Targeting: ST | Affects: ['ALL'] | DOT: False | Blast: False
        ----------End of Debuff List----------
        ----------Healing List----------
        ----------End of Healing List----------
    GAUGE  - Enemy 1 toughness reduced by 0.000
    RESULT - MortenaxBladeBasic | MortenaxBlade | SUP2 | DMG: 3294.924 | ELADMG: 0.000 | Enemies Hit: [1] | Enemies Broken: [] | WB DMG: 0.000 | Energy: 24.888 | Amount HP Healed: 0.000 | Amount HP Lost: 0.000 | MortenaxBlade Energy: 145/160 | SP: 5 | MaxSP: 5)
AV     > MortenaxBlade AV reset to 64.503 | 155.032 SPD

<<< NEW TURN >>>
-   Enemy 0 AV: 0.000 ENERGY: 0.000 MaxHP: 2000000.000 CurrHp 1273238.029 ShieldHP: 0.000
-   Enemy 2 AV: 0.000 ENERGY: 0.000 MaxHP: 2000000.000 CurrHp 1273238.029 ShieldHP: 0.000
-   HuoHuo AV: 3.021 ENERGY: 111.963 MaxHP: 6139.808 CurrHp 4429.242 ShieldHP: 0.000
-   Enemy 1 AV: 18.308 ENERGY: 0.000 MaxHP: 5000000.000 CurrHp 3139337.997 ShieldHP: 0.000
-   Saber AV: 42.116 ENERGY: 176.333 MaxHP: 3366.991 CurrHp 2773.797 ShieldHP: 0.000
-   Sunday AV: 44.135 ENERGY: 6.472 MaxHP: 3638.196 CurrHp 845.932 ShieldHP: 0.000
-   MortenaxBlade AV: 46.713 ENERGY: 144.888 MaxHP: 4779.283 CurrHp 933.016 ShieldHP: 0.000
-   InfiniteFury AV: 9956.583 ENERGY: 0.000 MaxHP: 0.000 CurrHp 0.000 ShieldHP: 0.000

Combat context set: 3 enemies, 4 players
Combat context initialized: 3 enemies, Elation team size: 0
ACTION > [ENEMY] TotalAV: 250.000 | TurnAV: 17.790 | Enemy 0 | 1 attacks
    CharEnergy - Saber: Hit 3.333 Total: 179.667 | Sunday: Hit 6.667 Total: 15.101 | MortenaxBlade: Hit 6.667 Total: 153.184 | HuoHuo: Hit 6.667 Total: 120.993 |
    ENEMY  - Enemy 0 [aoe] dealt 226.0 to Saber (energy: 3.3, DEF: 2504, atkMul: 1.00, dmgMul: 1.00) | Shield Absorbed: 0.0 | HP Lost: 226.0 | HP: 2548/3367 | Shield HP: 0
    ENEMY  - Enemy 0 [aoe] dealt 261.0 to MortenaxBlade (energy: 3.3, DEF: 2014, atkMul: 1.00, dmgMul: 1.00) | Shield Absorbed: 0.0 | HP Lost: 261.0 | HP: 672/4779 | Shield HP: 0
    ENEMY  - Enemy 0 [aoe] dealt 314.6 to Sunday (energy: 3.3, DEF: 1474, atkMul: 1.00, dmgMul: 1.00) | Shield Absorbed: 0.0 | HP Lost: 314.6 | HP: 531/3638 | Shield HP: 0
    ENEMY  - Enemy 0 [aoe] dealt 231.9 to HuoHuo (energy: 3.3, DEF: 2410, atkMul: 1.00, dmgMul: 1.00) | Shield Absorbed: 0.0 | HP Lost: 231.9 | HP: 4197/6140 | Shield HP: 0
    ENEMY  - Enemy 0 [aoe] dealt 261.0 to MortenaxBlade (energy: 3.3, DEF: 2014, atkMul: 1.00, dmgMul: 1.00) | Shield Absorbed: 0.0 | HP Lost: 261.0 | HP: 411/4779 | Shield HP: 0
    ENEMY  - Enemy 0 [aoe] dealt 314.6 to Sunday (energy: 3.3, DEF: 1474, atkMul: 1.00, dmgMul: 1.00) | Shield Absorbed: 0.0 | HP Lost: 314.6 | HP: 217/3638 | Shield HP: 0
    ENEMY  - Enemy 0 [aoe] dealt 231.9 to HuoHuo (energy: 3.3, DEF: 2410, atkMul: 1.00, dmgMul: 1.00) | Shield Absorbed: 0.0 | HP Lost: 231.9 | HP: 3965/6140 | Shield HP: 0
    DEBUFF - Enemy 0 took 10511.014 Debuff damage from Enemy 0 WIN-break
        Debuff ResoShred(SUP2) expired
AV     > Enemy 0 AV reset to 76.923 | 130.000 SPD

<<< NEW TURN >>>
-   Enemy 2 AV: 0.000 ENERGY: 0.000 MaxHP: 2000000.000 CurrHp 1273238.029 ShieldHP: 0.000
-   HuoHuo AV: 3.021 ENERGY: 120.993 MaxHP: 6139.808 CurrHp 3965.359 ShieldHP: 0.000
-   Enemy 1 AV: 18.308 ENERGY: 0.000 MaxHP: 5000000.000 CurrHp 3139337.997 ShieldHP: 0.000
-   Saber AV: 42.116 ENERGY: 179.667 MaxHP: 3366.991 CurrHp 2547.819 ShieldHP: 0.000
-   Sunday AV: 44.135 ENERGY: 15.101 MaxHP: 3638.196 CurrHp 216.690 ShieldHP: 0.000
-   MortenaxBlade AV: 46.713 ENERGY: 153.184 MaxHP: 4779.283 CurrHp 411.044 ShieldHP: 0.000
-   Enemy 0 AV: 76.923 ENERGY: 0.000 MaxHP: 2000000.000 CurrHp 1273238.029 ShieldHP: 0.000
-   InfiniteFury AV: 9956.583 ENERGY: 0.000 MaxHP: 0.000 CurrHp 0.000 ShieldHP: 0.000

Combat context set: 3 enemies, 4 players
Combat context initialized: 3 enemies, Elation team size: 0
ACTION > [ENEMY] TotalAV: 250.000 | TurnAV: 0.000 | Enemy 2 | 1 attacks
    CharEnergy - Saber: Hit 5.000 Total: 184.667 | Sunday: Hit 5.000 Total: 21.573 | MortenaxBlade: Hit 1.667 Total: 155.258 | HuoHuo: Hit 1.667 Total: 123.250 |
    ENEMY  - Enemy 2 [aoe] dealt 226.0 to Saber (energy: 3.3, DEF: 2504, atkMul: 1.00, dmgMul: 1.00) | Shield Absorbed: 0.0 | HP Lost: 226.0 | HP: 2322/3367 | Shield HP: 0
    ENEMY  - Enemy 2 [aoe] dealt 113.0 to Saber (energy: 1.7, DEF: 2504, atkMul: 1.00, dmgMul: 1.00) | Shield Absorbed: 0.0 | HP Lost: 113.0 | HP: 2209/3367 | Shield HP: 0
    ENEMY  - Enemy 2 [aoe] dealt 157.3 to Sunday (energy: 1.7, DEF: 1474, atkMul: 1.00, dmgMul: 1.00) | Shield Absorbed: 0.0 | HP Lost: 157.3 | HP: 59/3638 | Shield HP: 0
    ENEMY  - Enemy 2 [aoe] dealt 130.5 to MortenaxBlade (energy: 1.7, DEF: 2014, atkMul: 1.00, dmgMul: 1.00) | Shield Absorbed: 0.0 | HP Lost: 130.5 | HP: 281/4779 | Shield HP: 0
    ENEMY  - Enemy 2 [aoe] dealt 116.0 to HuoHuo (energy: 1.7, DEF: 2410, atkMul: 1.00, dmgMul: 1.00) | Shield Absorbed: 0.0 | HP Lost: 116.0 | HP: 3849/6140 | Shield HP: 0
    ENEMY  - Enemy 2 [aoe] dealt 314.6 to Sunday (energy: 3.3, DEF: 1474, atkMul: 1.00, dmgMul: 1.00) | Shield Absorbed: 0.0 | HP Lost: 314.6 | HP: 1/3638 | Shield HP: 0
    DEBUFF - Enemy 2 took 10511.014 Debuff damage from Enemy 2 WIN-break
        Debuff ResoShred(SUP2) expired
AV     > Enemy 2 AV reset to 76.923 | 130.000 SPD

<<< NEW TURN >>>
-   HuoHuo AV: 0.000 ENERGY: 123.250 MaxHP: 6139.808 CurrHp 3849.389 ShieldHP: 0.000
-   Enemy 1 AV: 15.287 ENERGY: 0.000 MaxHP: 5000000.000 CurrHp 3139337.997 ShieldHP: 0.000
-   Saber AV: 39.094 ENERGY: 184.667 MaxHP: 3366.991 CurrHp 2208.851 ShieldHP: 0.000
-   Sunday AV: 41.114 ENERGY: 21.573 MaxHP: 3638.196 CurrHp 1.000 ShieldHP: 0.000
-   MortenaxBlade AV: 43.692 ENERGY: 155.258 MaxHP: 4779.283 CurrHp 280.551 ShieldHP: 0.000
-   Enemy 2 AV: 73.902 ENERGY: 0.000 MaxHP: 2000000.000 CurrHp 1273238.029 ShieldHP: 0.000
-   Enemy 0 AV: 73.902 ENERGY: 0.000 MaxHP: 2000000.000 CurrHp 1273238.029 ShieldHP: 0.000
-   InfiniteFury AV: 9953.562 ENERGY: 0.000 MaxHP: 0.000 CurrHp 0.000 ShieldHP: 0.000

Combat context set: 3 enemies, 4 players
Combat context initialized: 3 enemies, Elation team size: 0
ACTION > [CHAR] TotalAV: 253.021 | TurnAV: 3.021 | HuoHuo | E-move
    TURN   - HuoHuoSkill | HuoHuo | SUS | NA attack | ['WIN'] | ['SKL'] | Scaling: HP | TargetID: -1 | DMG/BREAK Splits: [0, 0]/[0, 0] | Energy Gained: 30 | SP Change: -1

        ----------Char Buffs----------
        KeelCD(SUP1) | CD% | Stacks: 1 | Value: 0.100 | Remaining Turns: 1 | TickDown: SUS, PERM | Target: SUS | Affects: ['ALL']
        PostOpERR | ERR% | Stacks: 1 | Value: 0.160 | Remaining Turns: 1 | TickDown: SUS, PERM | Target: SUS | Affects: ['ALL']
        WarriorGoddessSPD | SPD% | Stacks: 1 | Value: 0.060 | Remaining Turns: 1 | TickDown: SUS, PERM | Target: SUS | Affects: ['ALL']
        KeelEFFRES | ERS% | Stacks: 1 | Value: 0.100 | Remaining Turns: 1 | TickDown: SUS, PERM | Target: SUS | Affects: ['ALL']
        KeelCD(SUS) | CD% | Stacks: 1 | Value: 0.100 | Remaining Turns: 1 | TickDown: SUS, PERM | Target: SUS | Affects: ['ALL']
        HHTraceHP | HP% | Stacks: 1 | Value: 0.280 | Remaining Turns: 1 | TickDown: SUS, PERM | Target: SUS | Affects: ['ALL']
        HHTraceERS | ERS% | Stacks: 1 | Value: 0.180 | Remaining Turns: 1 | TickDown: SUS, PERM | Target: SUS | Affects: ['ALL']
        HHTraceSPD | SPD | Stacks: 1 | Value: 5.000 | Remaining Turns: 1 | TickDown: SUS, PERM | Target: SUS | Affects: ['ALL']
        MasterSmithComburent | DMG% | Stacks: 1 | Value: 0.150 | Remaining Turns: 2 | TickDown: SUS, END | Target: SUS | Affects: ['ALL']
        MortenaxBladeDMGBoost | DMG% | Stacks: 1 | Value: 0.000 | Remaining Turns: 1 | TickDown: SUS, PERM | Target: SUS | Affects: ['ALL']
        ----------End of Buff List----------

        ----------Enemy Debuffs----------
        ----------End of Debuff List----------
        ----------Healing List----------
        HuoHuoSkillHealingScaling | Targeting: Targeting.BLAST | Healing Value: [0.24] | Target: ALL
        HuoHuoSkillHealingScaling | Targeting: Targeting.BLAST | Healing Value: [0.24] | Target: ALL
        HuoHuoSkillHealingScaling | Targeting: Targeting.BLAST | Healing Value: [0.24] | Target: ALL
        HuoHuoSkillHealingScaling | Targeting: Targeting.BLAST | Healing Value: [0.24] | Target: ALL
        HuoHuoSkillHealingScaling | Targeting: Targeting.BLAST | Healing Value: [0.24] | Target: ALL
        HuoHuoSkillHealingScaling | Targeting: Targeting.BLAST | Healing Value: [0.24] | Target: ALL
        HuoHuoSkillHealingFlat | Targeting: Targeting.BLAST | Healing Value: [640] | Target: ALL
        HuoHuoSkillHealingFlat | Targeting: Targeting.BLAST | Healing Value: [640] | Target: ALL
        HuoHuoSkillHealingFlat | Targeting: Targeting.BLAST | Healing Value: [640] | Target: ALL
        HuoHuoSkillHealingFlat | Targeting: Targeting.BLAST | Healing Value: [640] | Target: ALL
        HuoHuoSkillHealingFlat | Targeting: Targeting.BLAST | Healing Value: [640] | Target: ALL
        HuoHuoSkillHealingFlat | Targeting: Targeting.BLAST | Healing Value: [640] | Target: ALL
        ----------End of Healing List----------
    GAUGE  - Enemy 1 toughness reduced by 0.000
    RESULT - HuoHuoSkill | HuoHuo | SUS | DMG: 0.000 | ELADMG: 0.000 | Enemies Hit: [1] | Enemies Broken: [] | WB DMG: 0.000 | Energy: 40.632 | Amount HP Healed: 7931.292 | Amount HP Lost: 0.000 | HuoHuo Energy: 140/140 | SP: 4 | MaxSP: 5)
ULT    > HuoHuo used their ultimate
    TURN   - HuoHuoUlt | HuoHuo | SUS | NA attack | ['WIN'] | ['ULT'] | Scaling: HP | TargetID: -1 | DMG/BREAK Splits: [0, 0]/[0, 0] | Energy Gained: 5 | SP Change: 0

        ----------Char Buffs----------
        KeelCD(SUP1) | CD% | Stacks: 1 | Value: 0.100 | Remaining Turns: 1 | TickDown: SUS, PERM | Target: SUS | Affects: ['ALL']
        PostOpERR | ERR% | Stacks: 1 | Value: 0.160 | Remaining Turns: 1 | TickDown: SUS, PERM | Target: SUS | Affects: ['ALL']
        PostOpOGH | OGH% | Stacks: 1 | Value: 0.240 | Remaining Turns: 1 | TickDown: SUS, PERM | Target: SUS | Affects: ['ULT']
        WarriorGoddessSPD | SPD% | Stacks: 1 | Value: 0.060 | Remaining Turns: 1 | TickDown: SUS, PERM | Target: SUS | Affects: ['ALL']
        KeelEFFRES | ERS% | Stacks: 1 | Value: 0.100 | Remaining Turns: 1 | TickDown: SUS, PERM | Target: SUS | Affects: ['ALL']
        KeelCD(SUS) | CD% | Stacks: 1 | Value: 0.100 | Remaining Turns: 1 | TickDown: SUS, PERM | Target: SUS | Affects: ['ALL']
        HHTraceHP | HP% | Stacks: 1 | Value: 0.280 | Remaining Turns: 1 | TickDown: SUS, PERM | Target: SUS | Affects: ['ALL']
        HHTraceERS | ERS% | Stacks: 1 | Value: 0.180 | Remaining Turns: 1 | TickDown: SUS, PERM | Target: SUS | Affects: ['ALL']
        HHTraceSPD | SPD | Stacks: 1 | Value: 5.000 | Remaining Turns: 1 | TickDown: SUS, PERM | Target: SUS | Affects: ['ALL']
        MasterSmithComburent | DMG% | Stacks: 1 | Value: 0.150 | Remaining Turns: 2 | TickDown: SUS, END | Target: SUS | Affects: ['ALL']
        MortenaxBladeDMGBoost | DMG% | Stacks: 1 | Value: 0.000 | Remaining Turns: 1 | TickDown: SUS, PERM | Target: SUS | Affects: ['ALL']
        WarriorGoddessHealSPD | SPD% | Stacks: 1 | Value: 0.060 | Remaining Turns: 2 | TickDown: SUS, START | Target: SUS | Affects: ['ALL']
        WarriorGoddessHealCD | CD% | Stacks: 1 | Value: 0.150 | Remaining Turns: 2 | TickDown: SUS, START | Target: SUS | Affects: ['ALL']
        ----------End of Buff List----------

        ----------Enemy Debuffs----------
        ----------End of Debuff List----------
        ----------Healing List----------
        ----------End of Healing List----------
    GAUGE  - Enemy 1 toughness reduced by 0.000
    RESULT - HuoHuoUlt | HuoHuo | SUS | DMG: 0.000 | ELADMG: 0.000 | Enemies Hit: [1] | Enemies Broken: [] | WB DMG: 0.000 | Energy: 6.772 | Amount HP Healed: 0.000 | Amount HP Lost: 0.000 | HuoHuo Energy: 7/140 | SP: 4 | MaxSP: 5)
Saber got 3 Core Resonance from Talent, Current Count: 8
ERR    > 72.000 energy added to Saber from HuoHuoERR | Saber Energy: 256.667
ERR    > 26.000 energy added to Sunday from HuoHuoERR | Sunday Energy: 47.573
ERR    > 32.000 energy added to MortenaxBlade from HuoHuoERR | MortenaxBlade Energy: 160.000
ULT    > MortenaxBlade used their ultimate
MortenaxBlade transferred 27.3 overflow energy on Ult entry
    TURN   - MortenaxBladeUlt | MortenaxBlade | SUP2 | NA attack | ['FIR'] | ['ALL'] | Scaling: HP | TargetID: 1 | DMG/BREAK Splits: [0, 0]/[0, 0] | Energy Gained: 5 | SP Change: 0

        ----------Char Buffs----------
        KeelCD(SUP1) | CD% | Stacks: 1 | Value: 0.100 | Remaining Turns: 1 | TickDown: SUP2, PERM | Target: SUP2 | Affects: ['ALL']
        MasterSmithHP | HP% | Stacks: 1 | Value: 0.120 | Remaining Turns: 1 | TickDown: SUP2, PERM | Target: SUP2 | Affects: ['ALL']
        VonwacqERR | ERR% | Stacks: 1 | Value: 0.050 | Remaining Turns: 1 | TickDown: SUP2, PERM | Target: SUP2 | Affects: ['ALL']
        MortenaxBladeTraceCR | CR% | Stacks: 1 | Value: 0.120 | Remaining Turns: 1 | TickDown: SUP2, PERM | Target: SUP2 | Affects: ['ALL']
        MortenaxBladeTraceHP | HP% | Stacks: 1 | Value: 0.100 | Remaining Turns: 1 | TickDown: SUP2, PERM | Target: SUP2 | Affects: ['ALL']
        MortenaxBladeTraceDMG | DMG% | Stacks: 1 | Value: 0.224 | Remaining Turns: 1 | TickDown: SUP2, PERM | Target: SUP2 | Affects: ['ALL']
        KeelCD(SUS) | CD% | Stacks: 1 | Value: 0.100 | Remaining Turns: 1 | TickDown: SUP2, PERM | Target: SUP2 | Affects: ['ALL']
        MasterSmithCD | CD% | Stacks: 1 | Value: 0.280 | Remaining Turns: 1 | TickDown: SUP2, PERM | Target: SUP2 | Affects: ['ALL']
        MasterSmithComburent | DMG% | Stacks: 1 | Value: 0.150 | Remaining Turns: 1 | TickDown: SUP2, END | Target: SUP2 | Affects: ['ALL']
        MortenaxBladeCRBoost | CR% | Stacks: 1 | Value: 0.200 | Remaining Turns: 1 | TickDown: SUP2, PERM | Target: SUP2 | Affects: ['ALL']
        MortenaxBladeCDBoost | CD% | Stacks: 1 | Value: 0.600 | Remaining Turns: 1 | TickDown: SUP2, PERM | Target: SUP2 | Affects: ['ALL']
        MortenaxBladeDMGReduction | DMG_REDUCTION | Stacks: 1 | Value: 0.500 | Remaining Turns: 1 | TickDown: SUP2, PERM | Target: SUP2 | Affects: ['ALL']
        MortenaxBladeDMGBoost | DMG% | Stacks: 1 | Value: 0.500 | Remaining Turns: 1 | TickDown: SUP2, PERM | Target: SUP2 | Affects: ['ALL']
        MortenaxBladeDMG | DMG% | Stacks: 1 | Value: 0.750 | Remaining Turns: 1 | TickDown: SUP2, PERM | Target: SUP2 | Affects: ['ALL']
        WarriorGoddessHealCD | CD% | Stacks: 1 | Value: 0.150 | Remaining Turns: 2 | TickDown: SUP2, START | Target: SUP2 | Affects: ['ALL']
        HuoHuoUltATK | ATK% | Stacks: 1 | Value: 0.400 | Remaining Turns: 2 | TickDown: SUP2, END | Target: SUP2 | Affects: ['ALL']
        HuoHuoUltExtraATK | ATK% | Stacks: 1 | Value: 0.240 | Remaining Turns: 2 | TickDown: SUP2, END | Target: SUP2 | Affects: ['ALL']
        ----------End of Buff List----------

        ----------Enemy Debuffs----------
        MortenaxBladeUltVul | From: SUP2 | VULN | Stacks: 1 | Value: 0.500 | Remaining Turns: 2 | Target: 1 | Targeting: ST | Affects: ['ALL'] | DOT: False | Blast: False
        MortenaxBladeUltShred | From: SUP2 | SHRED | Stacks: 1 | Value: 0.300 | Remaining Turns: 2 | Target: 1 | Targeting: ST | Affects: ['ALL'] | DOT: False | Blast: False
        Enemy 1 WIN-break | From: DPS | WINDSHEAR | Stacks: 1 | Value: 12621.002 | Remaining Turns: 1 | Target: 1 | Targeting: ST | Affects: ['ALL'] | DOT: True | Blast: False
        ResoShred(SUP2) | From: SUP2 | SHRED | Stacks: 1 | Value: 0.160 | Remaining Turns: 1 | Target: 1 | Targeting: ST | Affects: ['ALL'] | DOT: False | Blast: False
        ----------End of Debuff List----------
        ----------Healing List----------
        ----------End of Healing List----------
    GAUGE  - Enemy 1 toughness reduced by 0.000
    RESULT - MortenaxBladeUlt | MortenaxBlade | SUP2 | DMG: 0.000 | ELADMG: 0.000 | Enemies Hit: [1] | Enemies Broken: [] | WB DMG: 0.000 | Energy: 6.222 | Amount HP Healed: 0.000 | Amount HP Lost: 0.000 | MortenaxBlade Energy: 33/160 | SP: 4 | MaxSP: 5)
Saber got 3 Core Resonance from Talent, Current Count: 11
    TURN   - HuoHuoAllyERR | HuoHuo | SUS | NA attack | ['WIN'] | ['SPECIAL'] | Scaling: HP | TargetID: 1 | DMG/BREAK Splits: [0, 0]/[0, 0] | Energy Gained: 1 | SP Change: 0

        ----------Char Buffs----------
        KeelCD(SUP1) | CD% | Stacks: 1 | Value: 0.100 | Remaining Turns: 1 | TickDown: SUS, PERM | Target: SUS | Affects: ['ALL']
        PostOpERR | ERR% | Stacks: 1 | Value: 0.160 | Remaining Turns: 1 | TickDown: SUS, PERM | Target: SUS | Affects: ['ALL']
        WarriorGoddessSPD | SPD% | Stacks: 1 | Value: 0.060 | Remaining Turns: 1 | TickDown: SUS, PERM | Target: SUS | Affects: ['ALL']
        KeelEFFRES | ERS% | Stacks: 1 | Value: 0.100 | Remaining Turns: 1 | TickDown: SUS, PERM | Target: SUS | Affects: ['ALL']
        KeelCD(SUS) | CD% | Stacks: 1 | Value: 0.100 | Remaining Turns: 1 | TickDown: SUS, PERM | Target: SUS | Affects: ['ALL']
        HHTraceHP | HP% | Stacks: 1 | Value: 0.280 | Remaining Turns: 1 | TickDown: SUS, PERM | Target: SUS | Affects: ['ALL']
        HHTraceERS | ERS% | Stacks: 1 | Value: 0.180 | Remaining Turns: 1 | TickDown: SUS, PERM | Target: SUS | Affects: ['ALL']
        HHTraceSPD | SPD | Stacks: 1 | Value: 5.000 | Remaining Turns: 1 | TickDown: SUS, PERM | Target: SUS | Affects: ['ALL']
        MasterSmithComburent | DMG% | Stacks: 1 | Value: 0.150 | Remaining Turns: 2 | TickDown: SUS, END | Target: SUS | Affects: ['ALL']
        MortenaxBladeDMGBoost | DMG% | Stacks: 1 | Value: 0.500 | Remaining Turns: 1 | TickDown: SUS, PERM | Target: SUS | Affects: ['ALL']
        WarriorGoddessHealSPD | SPD% | Stacks: 1 | Value: 0.060 | Remaining Turns: 2 | TickDown: SUS, START | Target: SUS | Affects: ['ALL']
        WarriorGoddessHealCD | CD% | Stacks: 1 | Value: 0.150 | Remaining Turns: 2 | TickDown: SUS, START | Target: SUS | Affects: ['ALL']
        ----------End of Buff List----------

        ----------Enemy Debuffs----------
        MortenaxBladeUltVul | From: SUP2 | VULN | Stacks: 1 | Value: 0.500 | Remaining Turns: 2 | Target: 1 | Targeting: ST | Affects: ['ALL'] | DOT: False | Blast: False
        MortenaxBladeUltShred | From: SUP2 | SHRED | Stacks: 1 | Value: 0.300 | Remaining Turns: 2 | Target: 1 | Targeting: ST | Affects: ['ALL'] | DOT: False | Blast: False
        Enemy 1 WIN-break | From: DPS | WINDSHEAR | Stacks: 1 | Value: 12621.002 | Remaining Turns: 1 | Target: 1 | Targeting: ST | Affects: ['ALL'] | DOT: True | Blast: False
        ResoShred(SUP2) | From: SUP2 | SHRED | Stacks: 1 | Value: 0.160 | Remaining Turns: 1 | Target: 1 | Targeting: ST | Affects: ['ALL'] | DOT: False | Blast: False
        ----------End of Debuff List----------
        ----------Healing List----------
        HuoHuoTalentHealingScaling | Targeting: Targeting.SINGLE | Healing Value: [0] | Target: ALL
        HuoHuoTalentHealingScaling | Targeting: Targeting.SINGLE | Healing Value: [0] | Target: ALL
        HuoHuoTalentHealingScaling | Targeting: Targeting.SINGLE | Healing Value: [0.045] | Target: ALL
        HuoHuoTalentHealingScaling | Targeting: Targeting.SINGLE | Healing Value: [0] | Target: ALL
        HuoHuoTalentHealingFlat | Targeting: Targeting.SINGLE | Healing Value: [0] | Target: ALL
        HuoHuoTalentHealingFlat | Targeting: Targeting.SINGLE | Healing Value: [0] | Target: ALL
        HuoHuoTalentHealingFlat | Targeting: Targeting.SINGLE | Healing Value: [120] | Target: ALL
        HuoHuoTalentHealingFlat | Targeting: Targeting.SINGLE | Healing Value: [0] | Target: ALL
        ----------End of Healing List----------
    GAUGE  - Enemy 1 toughness reduced by 0.000
    RESULT - HuoHuoAllyERR | HuoHuo | SUS | DMG: 0.000 | ELADMG: 0.000 | Enemies Hit: [1] | Enemies Broken: [] | WB DMG: 0.000 | Energy: 1.354 | Amount HP Healed: 371.779 | Amount HP Lost: 0.000 | HuoHuo Energy: 8/140 | SP: 4 | MaxSP: 5)
SPD    > HuoHuo speed changed to 160.492 | NewAV: 0.000
AV     > HuoHuo AV reset to 62.308 | 160.492 SPD

<<< NEW TURN >>>
-   Enemy 1 AV: 0.000 ENERGY: 0.000 MaxHP: 5000000.000 CurrHp 3139337.997 ShieldHP: 0.000
-   Saber AV: 23.808 ENERGY: 256.667 MaxHP: 3366.991 CurrHp 3366.991 ShieldHP: 0.000
-   Sunday AV: 25.827 ENERGY: 47.573 MaxHP: 3638.196 CurrHp 1983.823 ShieldHP: 0.000
-   MortenaxBlade AV: 28.405 ENERGY: 33.480 MaxHP: 4779.283 CurrHp 1679.297 ShieldHP: 0.000
-   HuoHuo AV: 47.021 ENERGY: 8.126 MaxHP: 6139.808 CurrHp 5832.212 ShieldHP: 0.000
-   Enemy 2 AV: 58.615 ENERGY: 0.000 MaxHP: 2000000.000 CurrHp 1273238.029 ShieldHP: 0.000
-   Enemy 0 AV: 58.615 ENERGY: 0.000 MaxHP: 2000000.000 CurrHp 1273238.029 ShieldHP: 0.000
-   InfiniteFury AV: 127.570 ENERGY: 0.000 MaxHP: 0.000 CurrHp 0.000 ShieldHP: 0.000

Combat context set: 3 enemies, 4 players
Combat context initialized: 3 enemies, Elation team size: 0
ACTION > [ENEMY] TotalAV: 268.308 | TurnAV: 15.287 | Enemy 1 | 1 attacks
MortenaxBlade has obtained 1 Charge. Current Charge count: 9.
    CharEnergy - Saber: Hit 0.000 Total: 256.667 | Sunday: Hit 10.000 Total: 60.517 | MortenaxBlade: Hit 6.667 Total: 41.776 | HuoHuo: Hit 6.667 Total: 17.156 |
    ENEMY  - Enemy 1 [aoe] dealt 314.6 to Sunday (energy: 3.3, DEF: 1474, atkMul: 1.00, dmgMul: 1.00) | Shield Absorbed: 0.0 | HP Lost: 314.6 | HP: 1669/3638 | Shield HP: 0
    ENEMY  - Enemy 1 [aoe] dealt 130.5 to MortenaxBlade (energy: 3.3, DEF: 2014, atkMul: 1.00, dmgMul: 1.00) | Shield Absorbed: 0.0 | HP Lost: 130.5 | HP: 1549/4779 | Shield HP: 0
    ENEMY  - Enemy 1 [aoe] dealt 314.6 to Sunday (energy: 3.3, DEF: 1474, atkMul: 1.00, dmgMul: 1.00) | Shield Absorbed: 0.0 | HP Lost: 314.6 | HP: 1355/3638 | Shield HP: 0
    ENEMY  - Enemy 1 [aoe] dealt 231.9 to HuoHuo (energy: 3.3, DEF: 2410, atkMul: 1.00, dmgMul: 1.00) | Shield Absorbed: 0.0 | HP Lost: 231.9 | HP: 5600/6140 | Shield HP: 0
    ENEMY  - Enemy 1 [aoe] dealt 130.5 to MortenaxBlade (energy: 3.3, DEF: 2014, atkMul: 1.00, dmgMul: 1.00) | Shield Absorbed: 0.0 | HP Lost: 130.5 | HP: 1418/4779 | Shield HP: 0
    ENEMY  - Enemy 1 [aoe] dealt 314.6 to Sunday (energy: 3.3, DEF: 1474, atkMul: 1.00, dmgMul: 1.00) | Shield Absorbed: 0.0 | HP Lost: 314.6 | HP: 1040/3638 | Shield HP: 0
    ENEMY  - Enemy 1 [aoe] dealt 231.9 to HuoHuo (energy: 3.3, DEF: 2410, atkMul: 1.00, dmgMul: 1.00) | Shield Absorbed: 0.0 | HP Lost: 231.9 | HP: 5368/6140 | Shield HP: 0
MortenaxBlade has obtained 1 Charge. Current Charge count: 10.
MortenaxBlade useHit produced 2 debuffs
    DEBUFF - Enemy 1 took 10511.014 Debuff damage from Enemy 1 WIN-break
        Debuff Enemy 1 WIN-break expired
        Debuff ResoShred(SUP2) expired
AV     > Enemy 1 AV reset to 63.131 | 158.400 SPD

<<< NEW TURN >>>
-   Saber AV: 0.000 ENERGY: 256.667 MaxHP: 3366.991 CurrHp 3366.991 ShieldHP: 0.000
-   Sunday AV: 2.019 ENERGY: 60.517 MaxHP: 3638.196 CurrHp 1039.959 ShieldHP: 0.000
-   MortenaxBlade AV: 4.597 ENERGY: 41.776 MaxHP: 4779.283 CurrHp 1418.311 ShieldHP: 0.000
-   HuoHuo AV: 23.214 ENERGY: 17.156 MaxHP: 6139.808 CurrHp 5368.329 ShieldHP: 0.000
-   Enemy 2 AV: 34.807 ENERGY: 0.000 MaxHP: 2000000.000 CurrHp 1273238.029 ShieldHP: 0.000
-   Enemy 0 AV: 34.807 ENERGY: 0.000 MaxHP: 2000000.000 CurrHp 1273238.029 ShieldHP: 0.000
-   Enemy 1 AV: 39.324 ENERGY: 0.000 MaxHP: 5000000.000 CurrHp 3139337.997 ShieldHP: 0.000
-   InfiniteFury AV: 103.763 ENERGY: 0.000 MaxHP: 0.000 CurrHp 0.000 ShieldHP: 0.000

Combat context set: 3 enemies, 4 players
Combat context initialized: 3 enemies, Elation team size: 0
ACTION > [CHAR] TotalAV: 292.116 | TurnAV: 23.808 | Saber | E-move
        Buff ScholarBonusDMG expired
Saber got 3 Core Resonance from Skill, Current Count: 14
    TURN   - SaberSkill | Saber | DPS | BLAST attack | ['WIN'] | ['SKL'] | Scaling: ATK | TargetID: 1 | DMG/BREAK Splits: [1.5, 0.75]/[20, 10] | Energy Gained: 30 | SP Change: -1

        ----------Char Buffs----------
        ThanklessCoronationCD | CR% | Stacks: 1 | Value: 0.360 | Remaining Turns: 1 | TickDown: DPS, PERM | Target: DPS | Affects: ['ALL']
        ScholarCR | CR% | Stacks: 1 | Value: 0.080 | Remaining Turns: 1 | TickDown: DPS, PERM | Target: DPS | Affects: ['ALL']
        ScholarDMG | DMG% | Stacks: 1 | Value: 0.200 | Remaining Turns: 1 | TickDown: DPS, PERM | Target: DPS | Affects: ['SKL', 'ULT']
        SaberTraceHP | HP% | Stacks: 1 | Value: 0.100 | Remaining Turns: 1 | TickDown: DPS, PERM | Target: DPS | Affects: ['ALL']
        SaberTraceCR | CR% | Stacks: 1 | Value: 0.120 | Remaining Turns: 1 | TickDown: DPS, PERM | Target: DPS | Affects: ['ALL']
        SaberTraceDMG | DMG% | Stacks: 1 | Value: 0.224 | Remaining Turns: 1 | TickDown: DPS, PERM | Target: DPS | Affects: ['ALL']
        SaberTrace1CR | CR% | Stacks: 1 | Value: 0.200 | Remaining Turns: 1 | TickDown: DPS, PERM | Target: DPS | Affects: ['ALL']
        KeelCD(SUP1) | CD% | Stacks: 1 | Value: 0.100 | Remaining Turns: 1 | TickDown: DPS, PERM | Target: DPS | Affects: ['ALL']
        KeelCD(SUS) | CD% | Stacks: 1 | Value: 0.100 | Remaining Turns: 1 | TickDown: DPS, PERM | Target: DPS | Affects: ['ALL']
        CosmicLifeDMG | DMG% | Stacks: 1 | Value: 0.320 | Remaining Turns: 1 | TickDown: DPS, PERM | Target: DPS | Affects: ['ALL']
        Trace3CDExtra | CD% | Stacks: 1 | Value: 0.320 | Remaining Turns: 1 | TickDown: DPS, PERM | Target: DPS | Affects: ['ALL']
        MortenaxBladeDMGBoost | DMG% | Stacks: 1 | Value: 0.500 | Remaining Turns: 1 | TickDown: DPS, PERM | Target: DPS | Affects: ['ALL']
        SundayBeatified | CD% | Stacks: 1 | Value: 0.856 | Remaining Turns: 3 | TickDown: SUP1, START | Target: DPS | Affects: ['ALL']
        SacerdosCDSUP1 | CD% | Stacks: 2 | Value: 0.360 | Remaining Turns: 1 | TickDown: DPS, END | Target: DPS | Affects: ['ALL']
        SundaySklDMG | DMG% | Stacks: 1 | Value: 0.300 | Remaining Turns: 1 | TickDown: DPS, END | Target: DPS | Affects: ['ALL']
        SundaySklCR | CR% | Stacks: 1 | Value: 0.200 | Remaining Turns: 1 | TickDown: DPS, END | Target: DPS | Affects: ['ALL']
        MasterSmithComburent | DMG% | Stacks: 1 | Value: 0.150 | Remaining Turns: 2 | TickDown: DPS, END | Target: DPS | Affects: ['ALL']
        WarriorGoddessHealCD | CD% | Stacks: 1 | Value: 0.150 | Remaining Turns: 1 | TickDown: DPS, START | Target: DPS | Affects: ['ALL']
        HuoHuoUltATK | ATK% | Stacks: 1 | Value: 0.400 | Remaining Turns: 2 | TickDown: DPS, END | Target: DPS | Affects: ['ALL']
        HuoHuoUltExtraATK | ATK% | Stacks: 1 | Value: 0.240 | Remaining Turns: 2 | TickDown: DPS, END | Target: DPS | Affects: ['ALL']
        TalentDMG | DMG% | Stacks: 1 | Value: 0.600 | Remaining Turns: 2 | TickDown: DPS, END | Target: DPS | Affects: ['ALL']
        Trace3CD | CD% | Stacks: 1 | Value: 0.500 | Remaining Turns: 2 | TickDown: DPS, END | Target: DPS | Affects: ['ALL']
        ----------End of Buff List----------

        ----------Enemy Debuffs----------
        MortenaxBladeUltVul | From: SUP2 | VULN | Stacks: 1 | Value: 0.500 | Remaining Turns: 1 | Target: 1 | Targeting: ST | Affects: ['ALL'] | DOT: False | Blast: False
        MortenaxBladeUltShred | From: SUP2 | SHRED | Stacks: 1 | Value: 0.300 | Remaining Turns: 1 | Target: 1 | Targeting: ST | Affects: ['ALL'] | DOT: False | Blast: False
        ----------End of Debuff List----------
        ----------Healing List----------
        ----------End of Healing List----------
    GAUGE  - Enemy 1 toughness reduced by 20.000
    GAUGE  - Enemy 0 toughness reduced by 10.000
    GAUGE  - Enemy 2 toughness reduced by 10.000
    RESULT - SaberSkill | Saber | DPS | DMG: 128959.440 | ELADMG: 0.000 | Enemies Hit: [1, 0, 2] | Enemies Broken: [] | WB DMG: 0.000 | Energy: 30.000 | Amount HP Healed: 0.000 | Amount HP Lost: 0.000 | Saber Energy: 287/360 | SP: 3 | MaxSP: 5)
MortenaxBlade has obtained 1 Charge. Current Charge count: 11.
MortenaxBlade has obtained 1 Charge. Current Charge count: 3.
    TURN   - MortenaxBladeAOEFUA | MortenaxBlade | SUP2 | AOE attack | ['FIR'] | ['FUA'] | Scaling: HP | TargetID: 1 | DMG/BREAK Splits: [0.72, 0]/[10, 0] | Energy Gained: 25 | SP Change: 0

        ----------Char Buffs----------
        KeelCD(SUP1) | CD% | Stacks: 1 | Value: 0.100 | Remaining Turns: 1 | TickDown: SUP2, PERM | Target: SUP2 | Affects: ['ALL']
        MasterSmithHP | HP% | Stacks: 1 | Value: 0.120 | Remaining Turns: 1 | TickDown: SUP2, PERM | Target: SUP2 | Affects: ['ALL']
        VonwacqERR | ERR% | Stacks: 1 | Value: 0.050 | Remaining Turns: 1 | TickDown: SUP2, PERM | Target: SUP2 | Affects: ['ALL']
        MortenaxBladeTraceCR | CR% | Stacks: 1 | Value: 0.120 | Remaining Turns: 1 | TickDown: SUP2, PERM | Target: SUP2 | Affects: ['ALL']
        MortenaxBladeTraceHP | HP% | Stacks: 1 | Value: 0.100 | Remaining Turns: 1 | TickDown: SUP2, PERM | Target: SUP2 | Affects: ['ALL']
        MortenaxBladeTraceDMG | DMG% | Stacks: 1 | Value: 0.224 | Remaining Turns: 1 | TickDown: SUP2, PERM | Target: SUP2 | Affects: ['ALL']
        KeelCD(SUS) | CD% | Stacks: 1 | Value: 0.100 | Remaining Turns: 1 | TickDown: SUP2, PERM | Target: SUP2 | Affects: ['ALL']
        MasterSmithCD | CD% | Stacks: 1 | Value: 0.280 | Remaining Turns: 1 | TickDown: SUP2, PERM | Target: SUP2 | Affects: ['ALL']
        MasterSmithComburent | DMG% | Stacks: 1 | Value: 0.150 | Remaining Turns: 2 | TickDown: SUP2, END | Target: SUP2 | Affects: ['ALL']
        MortenaxBladeCRBoost | CR% | Stacks: 1 | Value: 0.200 | Remaining Turns: 1 | TickDown: SUP2, PERM | Target: SUP2 | Affects: ['ALL']
        MortenaxBladeCDBoost | CD% | Stacks: 1 | Value: 0.600 | Remaining Turns: 1 | TickDown: SUP2, PERM | Target: SUP2 | Affects: ['ALL']
        MortenaxBladeDMGReduction | DMG_REDUCTION | Stacks: 1 | Value: 0.500 | Remaining Turns: 1 | TickDown: SUP2, PERM | Target: SUP2 | Affects: ['ALL']
        MortenaxBladeDMGBoost | DMG% | Stacks: 1 | Value: 0.500 | Remaining Turns: 1 | TickDown: SUP2, PERM | Target: SUP2 | Affects: ['ALL']
        MortenaxBladeDMG | DMG% | Stacks: 1 | Value: 0.750 | Remaining Turns: 1 | TickDown: SUP2, PERM | Target: SUP2 | Affects: ['ALL']
        WarriorGoddessHealCD | CD% | Stacks: 1 | Value: 0.150 | Remaining Turns: 2 | TickDown: SUP2, START | Target: SUP2 | Affects: ['ALL']
        HuoHuoUltATK | ATK% | Stacks: 1 | Value: 0.400 | Remaining Turns: 2 | TickDown: SUP2, END | Target: SUP2 | Affects: ['ALL']
        HuoHuoUltExtraATK | ATK% | Stacks: 1 | Value: 0.240 | Remaining Turns: 2 | TickDown: SUP2, END | Target: SUP2 | Affects: ['ALL']
        ----------End of Buff List----------

        ----------Enemy Debuffs----------
        MortenaxBladeUltVul | From: SUP2 | VULN | Stacks: 1 | Value: 0.500 | Remaining Turns: 2 | Target: 1 | Targeting: ST | Affects: ['ALL'] | DOT: False | Blast: False
        MortenaxBladeUltShred | From: SUP2 | SHRED | Stacks: 1 | Value: 0.300 | Remaining Turns: 2 | Target: 1 | Targeting: ST | Affects: ['ALL'] | DOT: False | Blast: False
        ResoShred(SUP2) | From: SUP2 | SHRED | Stacks: 1 | Value: 0.160 | Remaining Turns: 1 | Target: 1 | Targeting: AOE | Affects: ['ALL'] | DOT: False | Blast: False
        ----------End of Debuff List----------
        ----------Healing List----------
        HuoHuoTalentHealingScaling | Targeting: Targeting.SINGLE | Healing Value: [0] | Target: ALL
        HuoHuoTalentHealingScaling | Targeting: Targeting.SINGLE | Healing Value: [0] | Target: ALL
        HuoHuoTalentHealingScaling | Targeting: Targeting.SINGLE | Healing Value: [0.045] | Target: ALL
        HuoHuoTalentHealingScaling | Targeting: Targeting.SINGLE | Healing Value: [0] | Target: ALL
        HuoHuoTalentHealingFlat | Targeting: Targeting.SINGLE | Healing Value: [0] | Target: ALL
        HuoHuoTalentHealingFlat | Targeting: Targeting.SINGLE | Healing Value: [0] | Target: ALL
        HuoHuoTalentHealingFlat | Targeting: Targeting.SINGLE | Healing Value: [120] | Target: ALL
        HuoHuoTalentHealingFlat | Targeting: Targeting.SINGLE | Healing Value: [0] | Target: ALL
        ----------End of Healing List----------
    GAUGE  - Enemy 0 toughness reduced by 0.000
    GAUGE  - Enemy 1 toughness reduced by 0.000
    GAUGE  - Enemy 2 toughness reduced by 0.000
    RESULT - MortenaxBladeAOEFUA | MortenaxBlade | SUP2 | DMG: 40097.169 | ELADMG: 0.000 | Enemies Hit: [0, 1, 2] | Enemies Broken: [] | WB DMG: 0.000 | Energy: 31.110 | Amount HP Healed: 371.779 | Amount HP Lost: 0.000 | MortenaxBlade Energy: 73/160 | SP: 3 | MaxSP: 5)
ADV    > Saber advanced by 100.000% from Trace1Advance | NewAV: 0.000 | Priority: 23
    TURN   - MortenaxBladeBounceFUA | MortenaxBlade | SUP2 | ST attack | ['FIR'] | ['FUA'] | Scaling: HP | TargetID: 1 | DMG/BREAK Splits: [0.24, 0]/[5, 0] | Energy Gained: 0 | SP Change: 0

        ----------Char Buffs----------
        KeelCD(SUP1) | CD% | Stacks: 1 | Value: 0.100 | Remaining Turns: 1 | TickDown: SUP2, PERM | Target: SUP2 | Affects: ['ALL']
        MasterSmithHP | HP% | Stacks: 1 | Value: 0.120 | Remaining Turns: 1 | TickDown: SUP2, PERM | Target: SUP2 | Affects: ['ALL']
        VonwacqERR | ERR% | Stacks: 1 | Value: 0.050 | Remaining Turns: 1 | TickDown: SUP2, PERM | Target: SUP2 | Affects: ['ALL']
        MortenaxBladeTraceCR | CR% | Stacks: 1 | Value: 0.120 | Remaining Turns: 1 | TickDown: SUP2, PERM | Target: SUP2 | Affects: ['ALL']
        MortenaxBladeTraceHP | HP% | Stacks: 1 | Value: 0.100 | Remaining Turns: 1 | TickDown: SUP2, PERM | Target: SUP2 | Affects: ['ALL']
        MortenaxBladeTraceDMG | DMG% | Stacks: 1 | Value: 0.224 | Remaining Turns: 1 | TickDown: SUP2, PERM | Target: SUP2 | Affects: ['ALL']
        KeelCD(SUS) | CD% | Stacks: 1 | Value: 0.100 | Remaining Turns: 1 | TickDown: SUP2, PERM | Target: SUP2 | Affects: ['ALL']
        MasterSmithCD | CD% | Stacks: 1 | Value: 0.280 | Remaining Turns: 1 | TickDown: SUP2, PERM | Target: SUP2 | Affects: ['ALL']
        MasterSmithComburent | DMG% | Stacks: 1 | Value: 0.150 | Remaining Turns: 2 | TickDown: SUP2, END | Target: SUP2 | Affects: ['ALL']
        MortenaxBladeCRBoost | CR% | Stacks: 1 | Value: 0.200 | Remaining Turns: 1 | TickDown: SUP2, PERM | Target: SUP2 | Affects: ['ALL']
        MortenaxBladeCDBoost | CD% | Stacks: 1 | Value: 0.600 | Remaining Turns: 1 | TickDown: SUP2, PERM | Target: SUP2 | Affects: ['ALL']
        MortenaxBladeDMGReduction | DMG_REDUCTION | Stacks: 1 | Value: 0.500 | Remaining Turns: 1 | TickDown: SUP2, PERM | Target: SUP2 | Affects: ['ALL']
        MortenaxBladeDMGBoost | DMG% | Stacks: 1 | Value: 0.500 | Remaining Turns: 1 | TickDown: SUP2, PERM | Target: SUP2 | Affects: ['ALL']
        MortenaxBladeDMG | DMG% | Stacks: 1 | Value: 0.750 | Remaining Turns: 1 | TickDown: SUP2, PERM | Target: SUP2 | Affects: ['ALL']
        WarriorGoddessHealCD | CD% | Stacks: 1 | Value: 0.150 | Remaining Turns: 2 | TickDown: SUP2, START | Target: SUP2 | Affects: ['ALL']
        HuoHuoUltATK | ATK% | Stacks: 1 | Value: 0.400 | Remaining Turns: 2 | TickDown: SUP2, END | Target: SUP2 | Affects: ['ALL']
        HuoHuoUltExtraATK | ATK% | Stacks: 1 | Value: 0.240 | Remaining Turns: 2 | TickDown: SUP2, END | Target: SUP2 | Affects: ['ALL']
        ----------End of Buff List----------

        ----------Enemy Debuffs----------
        MortenaxBladeUltVul | From: SUP2 | VULN | Stacks: 1 | Value: 0.500 | Remaining Turns: 2 | Target: 1 | Targeting: ST | Affects: ['ALL'] | DOT: False | Blast: False
        MortenaxBladeUltShred | From: SUP2 | SHRED | Stacks: 1 | Value: 0.300 | Remaining Turns: 2 | Target: 1 | Targeting: ST | Affects: ['ALL'] | DOT: False | Blast: False
        ResoShred(SUP2) | From: SUP2 | SHRED | Stacks: 1 | Value: 0.160 | Remaining Turns: 1 | Target: 1 | Targeting: AOE | Affects: ['ALL'] | DOT: False | Blast: False
        ----------End of Debuff List----------
        ----------Healing List----------
        ----------End of Healing List----------
    GAUGE  - Enemy 1 toughness reduced by 0.000
    RESULT - MortenaxBladeBounceFUA | MortenaxBlade | SUP2 | DMG: 4455.241 | ELADMG: 0.000 | Enemies Hit: [1] | Enemies Broken: [] | WB DMG: 0.000 | Energy: 0.000 | Amount HP Healed: 0.000 | Amount HP Lost: 0.000 | MortenaxBlade Energy: 73/160 | SP: 3 | MaxSP: 5)
    TURN   - MortenaxBladeBounceFUA | MortenaxBlade | SUP2 | ST attack | ['FIR'] | ['FUA'] | Scaling: HP | TargetID: 1 | DMG/BREAK Splits: [0.24, 0]/[5, 0] | Energy Gained: 0 | SP Change: 0

        ----------Char Buffs----------
        KeelCD(SUP1) | CD% | Stacks: 1 | Value: 0.100 | Remaining Turns: 1 | TickDown: SUP2, PERM | Target: SUP2 | Affects: ['ALL']
        MasterSmithHP | HP% | Stacks: 1 | Value: 0.120 | Remaining Turns: 1 | TickDown: SUP2, PERM | Target: SUP2 | Affects: ['ALL']
        VonwacqERR | ERR% | Stacks: 1 | Value: 0.050 | Remaining Turns: 1 | TickDown: SUP2, PERM | Target: SUP2 | Affects: ['ALL']
        MortenaxBladeTraceCR | CR% | Stacks: 1 | Value: 0.120 | Remaining Turns: 1 | TickDown: SUP2, PERM | Target: SUP2 | Affects: ['ALL']
        MortenaxBladeTraceHP | HP% | Stacks: 1 | Value: 0.100 | Remaining Turns: 1 | TickDown: SUP2, PERM | Target: SUP2 | Affects: ['ALL']
        MortenaxBladeTraceDMG | DMG% | Stacks: 1 | Value: 0.224 | Remaining Turns: 1 | TickDown: SUP2, PERM | Target: SUP2 | Affects: ['ALL']
        KeelCD(SUS) | CD% | Stacks: 1 | Value: 0.100 | Remaining Turns: 1 | TickDown: SUP2, PERM | Target: SUP2 | Affects: ['ALL']
        MasterSmithCD | CD% | Stacks: 1 | Value: 0.280 | Remaining Turns: 1 | TickDown: SUP2, PERM | Target: SUP2 | Affects: ['ALL']
        MasterSmithComburent | DMG% | Stacks: 1 | Value: 0.150 | Remaining Turns: 2 | TickDown: SUP2, END | Target: SUP2 | Affects: ['ALL']
        MortenaxBladeCRBoost | CR% | Stacks: 1 | Value: 0.200 | Remaining Turns: 1 | TickDown: SUP2, PERM | Target: SUP2 | Affects: ['ALL']
        MortenaxBladeCDBoost | CD% | Stacks: 1 | Value: 0.600 | Remaining Turns: 1 | TickDown: SUP2, PERM | Target: SUP2 | Affects: ['ALL']
        MortenaxBladeDMGReduction | DMG_REDUCTION | Stacks: 1 | Value: 0.500 | Remaining Turns: 1 | TickDown: SUP2, PERM | Target: SUP2 | Affects: ['ALL']
        MortenaxBladeDMGBoost | DMG% | Stacks: 1 | Value: 0.500 | Remaining Turns: 1 | TickDown: SUP2, PERM | Target: SUP2 | Affects: ['ALL']
        MortenaxBladeDMG | DMG% | Stacks: 1 | Value: 0.750 | Remaining Turns: 1 | TickDown: SUP2, PERM | Target: SUP2 | Affects: ['ALL']
        WarriorGoddessHealCD | CD% | Stacks: 1 | Value: 0.150 | Remaining Turns: 2 | TickDown: SUP2, START | Target: SUP2 | Affects: ['ALL']
        HuoHuoUltATK | ATK% | Stacks: 1 | Value: 0.400 | Remaining Turns: 2 | TickDown: SUP2, END | Target: SUP2 | Affects: ['ALL']
        HuoHuoUltExtraATK | ATK% | Stacks: 1 | Value: 0.240 | Remaining Turns: 2 | TickDown: SUP2, END | Target: SUP2 | Affects: ['ALL']
        ----------End of Buff List----------

        ----------Enemy Debuffs----------
        MortenaxBladeUltVul | From: SUP2 | VULN | Stacks: 1 | Value: 0.500 | Remaining Turns: 2 | Target: 1 | Targeting: ST | Affects: ['ALL'] | DOT: False | Blast: False
        MortenaxBladeUltShred | From: SUP2 | SHRED | Stacks: 1 | Value: 0.300 | Remaining Turns: 2 | Target: 1 | Targeting: ST | Affects: ['ALL'] | DOT: False | Blast: False
        ResoShred(SUP2) | From: SUP2 | SHRED | Stacks: 1 | Value: 0.160 | Remaining Turns: 1 | Target: 1 | Targeting: AOE | Affects: ['ALL'] | DOT: False | Blast: False
        ----------End of Debuff List----------
        ----------Healing List----------
        ----------End of Healing List----------
    GAUGE  - Enemy 1 toughness reduced by 0.000
    RESULT - MortenaxBladeBounceFUA | MortenaxBlade | SUP2 | DMG: 4455.241 | ELADMG: 0.000 | Enemies Hit: [1] | Enemies Broken: [] | WB DMG: 0.000 | Energy: 0.000 | Amount HP Healed: 0.000 | Amount HP Lost: 0.000 | MortenaxBlade Energy: 73/160 | SP: 3 | MaxSP: 5)
    TURN   - MortenaxBladeBounceFUA | MortenaxBlade | SUP2 | ST attack | ['FIR'] | ['FUA'] | Scaling: HP | TargetID: 1 | DMG/BREAK Splits: [0.24, 0]/[5, 0] | Energy Gained: 0 | SP Change: 0

        ----------Char Buffs----------
        KeelCD(SUP1) | CD% | Stacks: 1 | Value: 0.100 | Remaining Turns: 1 | TickDown: SUP2, PERM | Target: SUP2 | Affects: ['ALL']
        MasterSmithHP | HP% | Stacks: 1 | Value: 0.120 | Remaining Turns: 1 | TickDown: SUP2, PERM | Target: SUP2 | Affects: ['ALL']
        VonwacqERR | ERR% | Stacks: 1 | Value: 0.050 | Remaining Turns: 1 | TickDown: SUP2, PERM | Target: SUP2 | Affects: ['ALL']
        MortenaxBladeTraceCR | CR% | Stacks: 1 | Value: 0.120 | Remaining Turns: 1 | TickDown: SUP2, PERM | Target: SUP2 | Affects: ['ALL']
        MortenaxBladeTraceHP | HP% | Stacks: 1 | Value: 0.100 | Remaining Turns: 1 | TickDown: SUP2, PERM | Target: SUP2 | Affects: ['ALL']
        MortenaxBladeTraceDMG | DMG% | Stacks: 1 | Value: 0.224 | Remaining Turns: 1 | TickDown: SUP2, PERM | Target: SUP2 | Affects: ['ALL']
        KeelCD(SUS) | CD% | Stacks: 1 | Value: 0.100 | Remaining Turns: 1 | TickDown: SUP2, PERM | Target: SUP2 | Affects: ['ALL']
        MasterSmithCD | CD% | Stacks: 1 | Value: 0.280 | Remaining Turns: 1 | TickDown: SUP2, PERM | Target: SUP2 | Affects: ['ALL']
        MasterSmithComburent | DMG% | Stacks: 1 | Value: 0.150 | Remaining Turns: 2 | TickDown: SUP2, END | Target: SUP2 | Affects: ['ALL']
        MortenaxBladeCRBoost | CR% | Stacks: 1 | Value: 0.200 | Remaining Turns: 1 | TickDown: SUP2, PERM | Target: SUP2 | Affects: ['ALL']
        MortenaxBladeCDBoost | CD% | Stacks: 1 | Value: 0.600 | Remaining Turns: 1 | TickDown: SUP2, PERM | Target: SUP2 | Affects: ['ALL']
        MortenaxBladeDMGReduction | DMG_REDUCTION | Stacks: 1 | Value: 0.500 | Remaining Turns: 1 | TickDown: SUP2, PERM | Target: SUP2 | Affects: ['ALL']
        MortenaxBladeDMGBoost | DMG% | Stacks: 1 | Value: 0.500 | Remaining Turns: 1 | TickDown: SUP2, PERM | Target: SUP2 | Affects: ['ALL']
        MortenaxBladeDMG | DMG% | Stacks: 1 | Value: 0.750 | Remaining Turns: 1 | TickDown: SUP2, PERM | Target: SUP2 | Affects: ['ALL']
        WarriorGoddessHealCD | CD% | Stacks: 1 | Value: 0.150 | Remaining Turns: 2 | TickDown: SUP2, START | Target: SUP2 | Affects: ['ALL']
        HuoHuoUltATK | ATK% | Stacks: 1 | Value: 0.400 | Remaining Turns: 2 | TickDown: SUP2, END | Target: SUP2 | Affects: ['ALL']
        HuoHuoUltExtraATK | ATK% | Stacks: 1 | Value: 0.240 | Remaining Turns: 2 | TickDown: SUP2, END | Target: SUP2 | Affects: ['ALL']
        ----------End of Buff List----------

        ----------Enemy Debuffs----------
        MortenaxBladeUltVul | From: SUP2 | VULN | Stacks: 1 | Value: 0.500 | Remaining Turns: 2 | Target: 1 | Targeting: ST | Affects: ['ALL'] | DOT: False | Blast: False
        MortenaxBladeUltShred | From: SUP2 | SHRED | Stacks: 1 | Value: 0.300 | Remaining Turns: 2 | Target: 1 | Targeting: ST | Affects: ['ALL'] | DOT: False | Blast: False
        ResoShred(SUP2) | From: SUP2 | SHRED | Stacks: 1 | Value: 0.160 | Remaining Turns: 1 | Target: 1 | Targeting: AOE | Affects: ['ALL'] | DOT: False | Blast: False
        ----------End of Debuff List----------
        ----------Healing List----------
        ----------End of Healing List----------
    GAUGE  - Enemy 1 toughness reduced by 0.000
    RESULT - MortenaxBladeBounceFUA | MortenaxBlade | SUP2 | DMG: 4455.241 | ELADMG: 0.000 | Enemies Hit: [1] | Enemies Broken: [] | WB DMG: 0.000 | Energy: 0.000 | Amount HP Healed: 0.000 | Amount HP Lost: 0.000 | MortenaxBlade Energy: 73/160 | SP: 3 | MaxSP: 5)
    TURN   - MortenaxBladeBounceFUA | MortenaxBlade | SUP2 | ST attack | ['FIR'] | ['FUA'] | Scaling: HP | TargetID: 1 | DMG/BREAK Splits: [0.24, 0]/[5, 0] | Energy Gained: 0 | SP Change: 0

        ----------Char Buffs----------
        KeelCD(SUP1) | CD% | Stacks: 1 | Value: 0.100 | Remaining Turns: 1 | TickDown: SUP2, PERM | Target: SUP2 | Affects: ['ALL']
        MasterSmithHP | HP% | Stacks: 1 | Value: 0.120 | Remaining Turns: 1 | TickDown: SUP2, PERM | Target: SUP2 | Affects: ['ALL']
        VonwacqERR | ERR% | Stacks: 1 | Value: 0.050 | Remaining Turns: 1 | TickDown: SUP2, PERM | Target: SUP2 | Affects: ['ALL']
        MortenaxBladeTraceCR | CR% | Stacks: 1 | Value: 0.120 | Remaining Turns: 1 | TickDown: SUP2, PERM | Target: SUP2 | Affects: ['ALL']
        MortenaxBladeTraceHP | HP% | Stacks: 1 | Value: 0.100 | Remaining Turns: 1 | TickDown: SUP2, PERM | Target: SUP2 | Affects: ['ALL']
        MortenaxBladeTraceDMG | DMG% | Stacks: 1 | Value: 0.224 | Remaining Turns: 1 | TickDown: SUP2, PERM | Target: SUP2 | Affects: ['ALL']
        KeelCD(SUS) | CD% | Stacks: 1 | Value: 0.100 | Remaining Turns: 1 | TickDown: SUP2, PERM | Target: SUP2 | Affects: ['ALL']
        MasterSmithCD | CD% | Stacks: 1 | Value: 0.280 | Remaining Turns: 1 | TickDown: SUP2, PERM | Target: SUP2 | Affects: ['ALL']
        MasterSmithComburent | DMG% | Stacks: 1 | Value: 0.150 | Remaining Turns: 2 | TickDown: SUP2, END | Target: SUP2 | Affects: ['ALL']
        MortenaxBladeCRBoost | CR% | Stacks: 1 | Value: 0.200 | Remaining Turns: 1 | TickDown: SUP2, PERM | Target: SUP2 | Affects: ['ALL']
        MortenaxBladeCDBoost | CD% | Stacks: 1 | Value: 0.600 | Remaining Turns: 1 | TickDown: SUP2, PERM | Target: SUP2 | Affects: ['ALL']
        MortenaxBladeDMGReduction | DMG_REDUCTION | Stacks: 1 | Value: 0.500 | Remaining Turns: 1 | TickDown: SUP2, PERM | Target: SUP2 | Affects: ['ALL']
        MortenaxBladeDMGBoost | DMG% | Stacks: 1 | Value: 0.500 | Remaining Turns: 1 | TickDown: SUP2, PERM | Target: SUP2 | Affects: ['ALL']
        MortenaxBladeDMG | DMG% | Stacks: 1 | Value: 0.750 | Remaining Turns: 1 | TickDown: SUP2, PERM | Target: SUP2 | Affects: ['ALL']
        WarriorGoddessHealCD | CD% | Stacks: 1 | Value: 0.150 | Remaining Turns: 2 | TickDown: SUP2, START | Target: SUP2 | Affects: ['ALL']
        HuoHuoUltATK | ATK% | Stacks: 1 | Value: 0.400 | Remaining Turns: 2 | TickDown: SUP2, END | Target: SUP2 | Affects: ['ALL']
        HuoHuoUltExtraATK | ATK% | Stacks: 1 | Value: 0.240 | Remaining Turns: 2 | TickDown: SUP2, END | Target: SUP2 | Affects: ['ALL']
        ----------End of Buff List----------

        ----------Enemy Debuffs----------
        MortenaxBladeUltVul | From: SUP2 | VULN | Stacks: 1 | Value: 0.500 | Remaining Turns: 2 | Target: 1 | Targeting: ST | Affects: ['ALL'] | DOT: False | Blast: False
        MortenaxBladeUltShred | From: SUP2 | SHRED | Stacks: 1 | Value: 0.300 | Remaining Turns: 2 | Target: 1 | Targeting: ST | Affects: ['ALL'] | DOT: False | Blast: False
        ResoShred(SUP2) | From: SUP2 | SHRED | Stacks: 1 | Value: 0.160 | Remaining Turns: 1 | Target: 1 | Targeting: AOE | Affects: ['ALL'] | DOT: False | Blast: False
        ----------End of Debuff List----------
        ----------Healing List----------
        ----------End of Healing List----------
    GAUGE  - Enemy 1 toughness reduced by 0.000
    RESULT - MortenaxBladeBounceFUA | MortenaxBlade | SUP2 | DMG: 4455.241 | ELADMG: 0.000 | Enemies Hit: [1] | Enemies Broken: [] | WB DMG: 0.000 | Energy: 0.000 | Amount HP Healed: 0.000 | Amount HP Lost: 0.000 | MortenaxBlade Energy: 73/160 | SP: 3 | MaxSP: 5)
    TURN   - HuoHuoAllyERR | HuoHuo | SUS | NA attack | ['WIN'] | ['SPECIAL'] | Scaling: HP | TargetID: 1 | DMG/BREAK Splits: [0, 0]/[0, 0] | Energy Gained: 1 | SP Change: 0

        ----------Char Buffs----------
        KeelCD(SUP1) | CD% | Stacks: 1 | Value: 0.100 | Remaining Turns: 1 | TickDown: SUS, PERM | Target: SUS | Affects: ['ALL']
        PostOpERR | ERR% | Stacks: 1 | Value: 0.160 | Remaining Turns: 1 | TickDown: SUS, PERM | Target: SUS | Affects: ['ALL']
        WarriorGoddessSPD | SPD% | Stacks: 1 | Value: 0.060 | Remaining Turns: 1 | TickDown: SUS, PERM | Target: SUS | Affects: ['ALL']
        KeelEFFRES | ERS% | Stacks: 1 | Value: 0.100 | Remaining Turns: 1 | TickDown: SUS, PERM | Target: SUS | Affects: ['ALL']
        KeelCD(SUS) | CD% | Stacks: 1 | Value: 0.100 | Remaining Turns: 1 | TickDown: SUS, PERM | Target: SUS | Affects: ['ALL']
        HHTraceHP | HP% | Stacks: 1 | Value: 0.280 | Remaining Turns: 1 | TickDown: SUS, PERM | Target: SUS | Affects: ['ALL']
        HHTraceERS | ERS% | Stacks: 1 | Value: 0.180 | Remaining Turns: 1 | TickDown: SUS, PERM | Target: SUS | Affects: ['ALL']
        HHTraceSPD | SPD | Stacks: 1 | Value: 5.000 | Remaining Turns: 1 | TickDown: SUS, PERM | Target: SUS | Affects: ['ALL']
        MasterSmithComburent | DMG% | Stacks: 1 | Value: 0.150 | Remaining Turns: 2 | TickDown: SUS, END | Target: SUS | Affects: ['ALL']
        MortenaxBladeDMGBoost | DMG% | Stacks: 1 | Value: 0.500 | Remaining Turns: 1 | TickDown: SUS, PERM | Target: SUS | Affects: ['ALL']
        WarriorGoddessHealSPD | SPD% | Stacks: 1 | Value: 0.060 | Remaining Turns: 2 | TickDown: SUS, START | Target: SUS | Affects: ['ALL']
        WarriorGoddessHealCD | CD% | Stacks: 1 | Value: 0.150 | Remaining Turns: 2 | TickDown: SUS, START | Target: SUS | Affects: ['ALL']
        ----------End of Buff List----------

        ----------Enemy Debuffs----------
        MortenaxBladeUltVul | From: SUP2 | VULN | Stacks: 1 | Value: 0.500 | Remaining Turns: 2 | Target: 1 | Targeting: ST | Affects: ['ALL'] | DOT: False | Blast: False
        MortenaxBladeUltShred | From: SUP2 | SHRED | Stacks: 1 | Value: 0.300 | Remaining Turns: 2 | Target: 1 | Targeting: ST | Affects: ['ALL'] | DOT: False | Blast: False
        ResoShred(SUP2) | From: SUP2 | SHRED | Stacks: 1 | Value: 0.160 | Remaining Turns: 1 | Target: 1 | Targeting: AOE | Affects: ['ALL'] | DOT: False | Blast: False
        ----------End of Debuff List----------
        ----------Healing List----------
        ----------End of Healing List----------
    GAUGE  - Enemy 1 toughness reduced by 0.000
    RESULT - HuoHuoAllyERR | HuoHuo | SUS | DMG: 0.000 | ELADMG: 0.000 | Enemies Hit: [1] | Enemies Broken: [] | WB DMG: 0.000 | Energy: 1.354 | Amount HP Healed: 0.000 | Amount HP Lost: 0.000 | HuoHuo Energy: 19/140 | SP: 3 | MaxSP: 5)
        Buff SacerdosCDSUP1 expired
        Buff SundaySklDMG expired
        Buff SundaySklCR expired
AV     > Saber AV reset to 71.514 | 139.832 SPD

<<< NEW TURN >>>
-   Sunday AV: 0.000 ENERGY: 60.517 MaxHP: 3638.196 CurrHp 1039.959 ShieldHP: 0.000
-   MortenaxBlade AV: 2.578 ENERGY: 72.886 MaxHP: 4779.283 CurrHp 1312.162 ShieldHP: 0.000
-   HuoHuo AV: 21.195 ENERGY: 18.510 MaxHP: 6139.808 CurrHp 5368.329 ShieldHP: 0.000
-   Enemy 2 AV: 32.788 ENERGY: 0.000 MaxHP: 2000000.000 CurrHp 1225900.942 ShieldHP: 0.000
-   Enemy 0 AV: 32.788 ENERGY: 0.000 MaxHP: 2000000.000 CurrHp 1225900.942 ShieldHP: 0.000
-   Enemy 1 AV: 37.304 ENERGY: 0.000 MaxHP: 5000000.000 CurrHp 3047134.600 ShieldHP: 0.000
-   Saber AV: 69.495 ENERGY: 286.667 MaxHP: 3366.991 CurrHp 3366.991 ShieldHP: 0.000
-   InfiniteFury AV: 101.743 ENERGY: 0.000 MaxHP: 0.000 CurrHp 0.000 ShieldHP: 0.000

Combat context set: 3 enemies, 4 players
Combat context initialized: 3 enemies, Elation team size: 0
ACTION > [CHAR] TotalAV: 294.135 | TurnAV: 2.019 | Sunday | E-move
    TURN   - SundaySkill | Sunday | SUP1 | NA attack | ['IMG'] | ['SKL'] | Scaling: ATK | TargetID: -1 | DMG/BREAK Splits: [0, 0]/[0, 0] | Energy Gained: 30 | SP Change: -1

        ----------Char Buffs----------
        BattleIsntOverERR | ERR% | Stacks: 1 | Value: 0.100 | Remaining Turns: 1 | TickDown: SUP1, PERM | Target: SUP1 | Affects: ['ALL']
        SacerdosSPD | SPD% | Stacks: 1 | Value: 0.060 | Remaining Turns: 1 | TickDown: SUP1, PERM | Target: SUP1 | Affects: ['ALL']
        KeelEFFRES | ERS% | Stacks: 1 | Value: 0.100 | Remaining Turns: 1 | TickDown: SUP1, PERM | Target: SUP1 | Affects: ['ALL']
        KeelCD(SUP1) | CD% | Stacks: 1 | Value: 0.100 | Remaining Turns: 1 | TickDown: SUP1, PERM | Target: SUP1 | Affects: ['ALL']
        SundayTraceCD | CD% | Stacks: 1 | Value: 0.373 | Remaining Turns: 1 | TickDown: SUP1, PERM | Target: SUP1 | Affects: ['ALL']
        SundayTraceERS | ERS% | Stacks: 1 | Value: 0.180 | Remaining Turns: 1 | TickDown: SUP1, PERM | Target: SUP1 | Affects: ['ALL']
        SundayTraceDEF | DEF% | Stacks: 1 | Value: 0.125 | Remaining Turns: 1 | TickDown: SUP1, PERM | Target: SUP1 | Affects: ['ALL']
        KeelCD(SUS) | CD% | Stacks: 1 | Value: 0.100 | Remaining Turns: 1 | TickDown: SUP1, PERM | Target: SUP1 | Affects: ['ALL']
        MasterSmithComburent | DMG% | Stacks: 1 | Value: 0.150 | Remaining Turns: 2 | TickDown: SUP1, END | Target: SUP1 | Affects: ['ALL']
        MortenaxBladeDMGBoost | DMG% | Stacks: 1 | Value: 0.500 | Remaining Turns: 1 | TickDown: SUP1, PERM | Target: SUP1 | Affects: ['ALL']
        WarriorGoddessHealCD | CD% | Stacks: 1 | Value: 0.150 | Remaining Turns: 1 | TickDown: SUP1, START | Target: SUP1 | Affects: ['ALL']
        ----------End of Buff List----------

        ----------Enemy Debuffs----------
        ----------End of Debuff List----------
        ----------Healing List----------
        ----------End of Healing List----------
    GAUGE  - Enemy 0 toughness reduced by 0.000
    RESULT - SundaySkill | Sunday | SUP1 | DMG: 0.000 | ELADMG: 0.000 | Enemies Hit: [0] | Enemies Broken: [] | WB DMG: 0.000 | Energy: 38.832 | Amount HP Healed: 0.000 | Amount HP Lost: 0.000 | Sunday Energy: 99/130 | SP: 3 | MaxSP: 5)
ADV    > Saber advanced by 100.000% from SundayTargetADV | NewAV: 0.000 | Priority: 17
ADV    > Saber advanced by 10.000% from SundayTargetADV | NewAV: 0.000 | Priority: 32
    TURN   - HuoHuoAllyERR | HuoHuo | SUS | NA attack | ['WIN'] | ['SPECIAL'] | Scaling: HP | TargetID: 1 | DMG/BREAK Splits: [0, 0]/[0, 0] | Energy Gained: 1 | SP Change: 0

        ----------Char Buffs----------
        KeelCD(SUP1) | CD% | Stacks: 1 | Value: 0.100 | Remaining Turns: 1 | TickDown: SUS, PERM | Target: SUS | Affects: ['ALL']
        PostOpERR | ERR% | Stacks: 1 | Value: 0.160 | Remaining Turns: 1 | TickDown: SUS, PERM | Target: SUS | Affects: ['ALL']
        WarriorGoddessSPD | SPD% | Stacks: 1 | Value: 0.060 | Remaining Turns: 1 | TickDown: SUS, PERM | Target: SUS | Affects: ['ALL']
        KeelEFFRES | ERS% | Stacks: 1 | Value: 0.100 | Remaining Turns: 1 | TickDown: SUS, PERM | Target: SUS | Affects: ['ALL']
        KeelCD(SUS) | CD% | Stacks: 1 | Value: 0.100 | Remaining Turns: 1 | TickDown: SUS, PERM | Target: SUS | Affects: ['ALL']
        HHTraceHP | HP% | Stacks: 1 | Value: 0.280 | Remaining Turns: 1 | TickDown: SUS, PERM | Target: SUS | Affects: ['ALL']
        HHTraceERS | ERS% | Stacks: 1 | Value: 0.180 | Remaining Turns: 1 | TickDown: SUS, PERM | Target: SUS | Affects: ['ALL']
        HHTraceSPD | SPD | Stacks: 1 | Value: 5.000 | Remaining Turns: 1 | TickDown: SUS, PERM | Target: SUS | Affects: ['ALL']
        MasterSmithComburent | DMG% | Stacks: 1 | Value: 0.150 | Remaining Turns: 2 | TickDown: SUS, END | Target: SUS | Affects: ['ALL']
        MortenaxBladeDMGBoost | DMG% | Stacks: 1 | Value: 0.500 | Remaining Turns: 1 | TickDown: SUS, PERM | Target: SUS | Affects: ['ALL']
        WarriorGoddessHealSPD | SPD% | Stacks: 1 | Value: 0.060 | Remaining Turns: 2 | TickDown: SUS, START | Target: SUS | Affects: ['ALL']
        WarriorGoddessHealCD | CD% | Stacks: 1 | Value: 0.150 | Remaining Turns: 2 | TickDown: SUS, START | Target: SUS | Affects: ['ALL']
        ----------End of Buff List----------

        ----------Enemy Debuffs----------
        MortenaxBladeUltVul | From: SUP2 | VULN | Stacks: 1 | Value: 0.500 | Remaining Turns: 2 | Target: 1 | Targeting: ST | Affects: ['ALL'] | DOT: False | Blast: False
        MortenaxBladeUltShred | From: SUP2 | SHRED | Stacks: 1 | Value: 0.300 | Remaining Turns: 2 | Target: 1 | Targeting: ST | Affects: ['ALL'] | DOT: False | Blast: False
        ResoShred(SUP2) | From: SUP2 | SHRED | Stacks: 1 | Value: 0.160 | Remaining Turns: 1 | Target: 1 | Targeting: AOE | Affects: ['ALL'] | DOT: False | Blast: False
        ----------End of Debuff List----------
        ----------Healing List----------
        HuoHuoTalentHealingScaling | Targeting: Targeting.SINGLE | Healing Value: [0] | Target: ALL
        HuoHuoTalentHealingScaling | Targeting: Targeting.SINGLE | Healing Value: [0.045] | Target: ALL
        HuoHuoTalentHealingScaling | Targeting: Targeting.SINGLE | Healing Value: [0] | Target: ALL
        HuoHuoTalentHealingScaling | Targeting: Targeting.SINGLE | Healing Value: [0] | Target: ALL
        HuoHuoTalentHealingFlat | Targeting: Targeting.SINGLE | Healing Value: [0] | Target: ALL
        HuoHuoTalentHealingFlat | Targeting: Targeting.SINGLE | Healing Value: [120] | Target: ALL
        HuoHuoTalentHealingFlat | Targeting: Targeting.SINGLE | Healing Value: [0] | Target: ALL
        HuoHuoTalentHealingFlat | Targeting: Targeting.SINGLE | Healing Value: [0] | Target: ALL
        ----------End of Healing List----------
    GAUGE  - Enemy 1 toughness reduced by 0.000
    RESULT - HuoHuoAllyERR | HuoHuo | SUS | DMG: 0.000 | ELADMG: 0.000 | Enemies Hit: [1] | Enemies Broken: [] | WB DMG: 0.000 | Energy: 1.354 | Amount HP Healed: 371.779 | Amount HP Lost: 0.000 | HuoHuo Energy: 20/140 | SP: 3 | MaxSP: 5)
AV     > Sunday AV reset to 73.534 | 135.992 SPD

<<< NEW TURN >>>
-   Saber AV: 0.000 ENERGY: 286.667 MaxHP: 3366.991 CurrHp 3366.991 ShieldHP: 0.000
-   MortenaxBlade AV: 2.578 ENERGY: 72.886 MaxHP: 4779.283 CurrHp 1312.162 ShieldHP: 0.000
-   HuoHuo AV: 21.195 ENERGY: 19.864 MaxHP: 6139.808 CurrHp 5368.329 ShieldHP: 0.000
-   Enemy 2 AV: 32.788 ENERGY: 0.000 MaxHP: 2000000.000 CurrHp 1225900.942 ShieldHP: 0.000
-   Enemy 0 AV: 32.788 ENERGY: 0.000 MaxHP: 2000000.000 CurrHp 1225900.942 ShieldHP: 0.000
-   Enemy 1 AV: 37.304 ENERGY: 0.000 MaxHP: 5000000.000 CurrHp 3047134.600 ShieldHP: 0.000
-   Sunday AV: 73.534 ENERGY: 99.349 MaxHP: 3638.196 CurrHp 1411.738 ShieldHP: 0.000
-   InfiniteFury AV: 101.743 ENERGY: 0.000 MaxHP: 0.000 CurrHp 0.000 ShieldHP: 0.000

Combat context set: 3 enemies, 4 players
Combat context initialized: 3 enemies, Elation team size: 0
ACTION > [CHAR] TotalAV: 294.135 | TurnAV: 0.000 | Saber | E-move
Saber used 14 Core Resonance for Skill
    TURN   - SaberSkill | Saber | DPS | BLAST attack | ['WIN'] | ['SKL'] | Scaling: ATK | TargetID: 1 | DMG/BREAK Splits: [3.46, 2.71]/[20, 10] | Energy Gained: 30 | SP Change: -1

        ----------Char Buffs----------
        ThanklessCoronationCD | CR% | Stacks: 1 | Value: 0.360 | Remaining Turns: 1 | TickDown: DPS, PERM | Target: DPS | Affects: ['ALL']
        ScholarCR | CR% | Stacks: 1 | Value: 0.080 | Remaining Turns: 1 | TickDown: DPS, PERM | Target: DPS | Affects: ['ALL']
        ScholarDMG | DMG% | Stacks: 1 | Value: 0.200 | Remaining Turns: 1 | TickDown: DPS, PERM | Target: DPS | Affects: ['SKL', 'ULT']
        SaberTraceHP | HP% | Stacks: 1 | Value: 0.100 | Remaining Turns: 1 | TickDown: DPS, PERM | Target: DPS | Affects: ['ALL']
        SaberTraceCR | CR% | Stacks: 1 | Value: 0.120 | Remaining Turns: 1 | TickDown: DPS, PERM | Target: DPS | Affects: ['ALL']
        SaberTraceDMG | DMG% | Stacks: 1 | Value: 0.224 | Remaining Turns: 1 | TickDown: DPS, PERM | Target: DPS | Affects: ['ALL']
        SaberTrace1CR | CR% | Stacks: 1 | Value: 0.200 | Remaining Turns: 1 | TickDown: DPS, PERM | Target: DPS | Affects: ['ALL']
        KeelCD(SUP1) | CD% | Stacks: 1 | Value: 0.100 | Remaining Turns: 1 | TickDown: DPS, PERM | Target: DPS | Affects: ['ALL']
        KeelCD(SUS) | CD% | Stacks: 1 | Value: 0.100 | Remaining Turns: 1 | TickDown: DPS, PERM | Target: DPS | Affects: ['ALL']
        CosmicLifeDMG | DMG% | Stacks: 1 | Value: 0.320 | Remaining Turns: 1 | TickDown: DPS, PERM | Target: DPS | Affects: ['ALL']
        Trace3CDExtra | CD% | Stacks: 1 | Value: 0.320 | Remaining Turns: 1 | TickDown: DPS, PERM | Target: DPS | Affects: ['ALL']
        MortenaxBladeDMGBoost | DMG% | Stacks: 1 | Value: 0.500 | Remaining Turns: 1 | TickDown: DPS, PERM | Target: DPS | Affects: ['ALL']
        SundayBeatified | CD% | Stacks: 1 | Value: 0.856 | Remaining Turns: 2 | TickDown: SUP1, START | Target: DPS | Affects: ['ALL']
        MasterSmithComburent | DMG% | Stacks: 1 | Value: 0.150 | Remaining Turns: 1 | TickDown: DPS, END | Target: DPS | Affects: ['ALL']
        WarriorGoddessHealCD | CD% | Stacks: 1 | Value: 0.150 | Remaining Turns: 1 | TickDown: DPS, START | Target: DPS | Affects: ['ALL']
        HuoHuoUltATK | ATK% | Stacks: 1 | Value: 0.400 | Remaining Turns: 1 | TickDown: DPS, END | Target: DPS | Affects: ['ALL']
        HuoHuoUltExtraATK | ATK% | Stacks: 1 | Value: 0.240 | Remaining Turns: 1 | TickDown: DPS, END | Target: DPS | Affects: ['ALL']
        TalentDMG | DMG% | Stacks: 1 | Value: 0.600 | Remaining Turns: 1 | TickDown: DPS, END | Target: DPS | Affects: ['ALL']
        Trace3CD | CD% | Stacks: 1 | Value: 0.500 | Remaining Turns: 2 | TickDown: DPS, END | Target: DPS | Affects: ['ALL']
        BattleIsntOverDMGRole.SUP1 | DMG% | Stacks: 1 | Value: 0.300 | Remaining Turns: 1 | TickDown: DPS, END | Target: DPS | Affects: ['ALL']
        SacerdosCDSUP1 | CD% | Stacks: 1 | Value: 0.180 | Remaining Turns: 2 | TickDown: DPS, END | Target: DPS | Affects: ['ALL']
        SundaySklDMG | DMG% | Stacks: 1 | Value: 0.300 | Remaining Turns: 2 | TickDown: DPS, END | Target: DPS | Affects: ['ALL']
        SundaySklCR | CR% | Stacks: 1 | Value: 0.200 | Remaining Turns: 2 | TickDown: DPS, END | Target: DPS | Affects: ['ALL']
        SkillEnergy | ERR_F | Stacks: 1 | Value: 112.000 | Remaining Turns: 1 | TickDown: DPS, START | Target: DPS | Affects: ['ALL']
        ----------End of Buff List----------

        ----------Enemy Debuffs----------
        MortenaxBladeUltVul | From: SUP2 | VULN | Stacks: 1 | Value: 0.500 | Remaining Turns: 2 | Target: 1 | Targeting: ST | Affects: ['ALL'] | DOT: False | Blast: False
        MortenaxBladeUltShred | From: SUP2 | SHRED | Stacks: 1 | Value: 0.300 | Remaining Turns: 2 | Target: 1 | Targeting: ST | Affects: ['ALL'] | DOT: False | Blast: False
        ResoShred(SUP2) | From: SUP2 | SHRED | Stacks: 1 | Value: 0.160 | Remaining Turns: 1 | Target: 1 | Targeting: AOE | Affects: ['ALL'] | DOT: False | Blast: False
        ----------End of Debuff List----------
        ----------Healing List----------
        ----------End of Healing List----------
    GAUGE  - Enemy 1 toughness reduced by 20.000
    GAUGE  - Enemy 0 toughness reduced by 10.000
    GAUGE  - Enemy 2 toughness reduced by 10.000
    RESULT - SaberSkill | Saber | DPS | DMG: 417693.072 | ELADMG: 0.000 | Enemies Hit: [1, 0, 2] | Enemies Broken: [] | WB DMG: 0.000 | Energy: 30.000 | Amount HP Healed: 0.000 | Amount HP Lost: 0.000 | Saber Energy: 317/360 | SP: 2 | MaxSP: 5)
MortenaxBlade has obtained 1 Charge. Current Charge count: 4.
    TURN   - HuoHuoAllyERR | HuoHuo | SUS | NA attack | ['WIN'] | ['SPECIAL'] | Scaling: HP | TargetID: 1 | DMG/BREAK Splits: [0, 0]/[0, 0] | Energy Gained: 1 | SP Change: 0

        ----------Char Buffs----------
        KeelCD(SUP1) | CD% | Stacks: 1 | Value: 0.100 | Remaining Turns: 1 | TickDown: SUS, PERM | Target: SUS | Affects: ['ALL']
        PostOpERR | ERR% | Stacks: 1 | Value: 0.160 | Remaining Turns: 1 | TickDown: SUS, PERM | Target: SUS | Affects: ['ALL']
        WarriorGoddessSPD | SPD% | Stacks: 1 | Value: 0.060 | Remaining Turns: 1 | TickDown: SUS, PERM | Target: SUS | Affects: ['ALL']
        KeelEFFRES | ERS% | Stacks: 1 | Value: 0.100 | Remaining Turns: 1 | TickDown: SUS, PERM | Target: SUS | Affects: ['ALL']
        KeelCD(SUS) | CD% | Stacks: 1 | Value: 0.100 | Remaining Turns: 1 | TickDown: SUS, PERM | Target: SUS | Affects: ['ALL']
        HHTraceHP | HP% | Stacks: 1 | Value: 0.280 | Remaining Turns: 1 | TickDown: SUS, PERM | Target: SUS | Affects: ['ALL']
        HHTraceERS | ERS% | Stacks: 1 | Value: 0.180 | Remaining Turns: 1 | TickDown: SUS, PERM | Target: SUS | Affects: ['ALL']
        HHTraceSPD | SPD | Stacks: 1 | Value: 5.000 | Remaining Turns: 1 | TickDown: SUS, PERM | Target: SUS | Affects: ['ALL']
        MasterSmithComburent | DMG% | Stacks: 1 | Value: 0.150 | Remaining Turns: 2 | TickDown: SUS, END | Target: SUS | Affects: ['ALL']
        MortenaxBladeDMGBoost | DMG% | Stacks: 1 | Value: 0.500 | Remaining Turns: 1 | TickDown: SUS, PERM | Target: SUS | Affects: ['ALL']
        WarriorGoddessHealSPD | SPD% | Stacks: 1 | Value: 0.060 | Remaining Turns: 2 | TickDown: SUS, START | Target: SUS | Affects: ['ALL']
        WarriorGoddessHealCD | CD% | Stacks: 1 | Value: 0.150 | Remaining Turns: 2 | TickDown: SUS, START | Target: SUS | Affects: ['ALL']
        ----------End of Buff List----------

        ----------Enemy Debuffs----------
        MortenaxBladeUltVul | From: SUP2 | VULN | Stacks: 1 | Value: 0.500 | Remaining Turns: 2 | Target: 1 | Targeting: ST | Affects: ['ALL'] | DOT: False | Blast: False
        MortenaxBladeUltShred | From: SUP2 | SHRED | Stacks: 1 | Value: 0.300 | Remaining Turns: 2 | Target: 1 | Targeting: ST | Affects: ['ALL'] | DOT: False | Blast: False
        ResoShred(SUP2) | From: SUP2 | SHRED | Stacks: 1 | Value: 0.160 | Remaining Turns: 1 | Target: 1 | Targeting: AOE | Affects: ['ALL'] | DOT: False | Blast: False
        ----------End of Debuff List----------
        ----------Healing List----------
        HuoHuoTalentHealingScaling | Targeting: Targeting.SINGLE | Healing Value: [0] | Target: ALL
        HuoHuoTalentHealingScaling | Targeting: Targeting.SINGLE | Healing Value: [0] | Target: ALL
        HuoHuoTalentHealingScaling | Targeting: Targeting.SINGLE | Healing Value: [0.045] | Target: ALL
        HuoHuoTalentHealingScaling | Targeting: Targeting.SINGLE | Healing Value: [0] | Target: ALL
        HuoHuoTalentHealingFlat | Targeting: Targeting.SINGLE | Healing Value: [0] | Target: ALL
        HuoHuoTalentHealingFlat | Targeting: Targeting.SINGLE | Healing Value: [0] | Target: ALL
        HuoHuoTalentHealingFlat | Targeting: Targeting.SINGLE | Healing Value: [120] | Target: ALL
        HuoHuoTalentHealingFlat | Targeting: Targeting.SINGLE | Healing Value: [0] | Target: ALL
        ----------End of Healing List----------
    GAUGE  - Enemy 1 toughness reduced by 0.000
    RESULT - HuoHuoAllyERR | HuoHuo | SUS | DMG: 0.000 | ELADMG: 0.000 | Enemies Hit: [1] | Enemies Broken: [] | WB DMG: 0.000 | Energy: 1.354 | Amount HP Healed: 371.779 | Amount HP Lost: 0.000 | HuoHuo Energy: 21/140 | SP: 2 | MaxSP: 5)
ERR    > 112.000 energy added to Saber from SkillEnergy | Saber Energy: 360.000
ULT    > Saber used their ultimate
Saber got 3 Core Resonance from Talent, Current Count: 3
Saber transferred 68.7 overflow energy on Ult entry
    TURN   - SaberUltBig | Saber | DPS | AOE attack | ['WIN'] | ['ULT'] | Scaling: ATK | TargetID: 1 | DMG/BREAK Splits: [2.8, 0]/[40, 0] | Energy Gained: 0 | SP Change: 0

        ----------Char Buffs----------
        ThanklessCoronationCD | CR% | Stacks: 1 | Value: 0.360 | Remaining Turns: 1 | TickDown: DPS, PERM | Target: DPS | Affects: ['ALL']
        ScholarCR | CR% | Stacks: 1 | Value: 0.080 | Remaining Turns: 1 | TickDown: DPS, PERM | Target: DPS | Affects: ['ALL']
        ScholarDMG | DMG% | Stacks: 1 | Value: 0.200 | Remaining Turns: 1 | TickDown: DPS, PERM | Target: DPS | Affects: ['SKL', 'ULT']
        SaberTraceHP | HP% | Stacks: 1 | Value: 0.100 | Remaining Turns: 1 | TickDown: DPS, PERM | Target: DPS | Affects: ['ALL']
        SaberTraceCR | CR% | Stacks: 1 | Value: 0.120 | Remaining Turns: 1 | TickDown: DPS, PERM | Target: DPS | Affects: ['ALL']
        SaberTraceDMG | DMG% | Stacks: 1 | Value: 0.224 | Remaining Turns: 1 | TickDown: DPS, PERM | Target: DPS | Affects: ['ALL']
        SaberTrace1CR | CR% | Stacks: 1 | Value: 0.200 | Remaining Turns: 1 | TickDown: DPS, PERM | Target: DPS | Affects: ['ALL']
        KeelCD(SUP1) | CD% | Stacks: 1 | Value: 0.100 | Remaining Turns: 1 | TickDown: DPS, PERM | Target: DPS | Affects: ['ALL']
        KeelCD(SUS) | CD% | Stacks: 1 | Value: 0.100 | Remaining Turns: 1 | TickDown: DPS, PERM | Target: DPS | Affects: ['ALL']
        CosmicLifeDMG | DMG% | Stacks: 1 | Value: 0.320 | Remaining Turns: 1 | TickDown: DPS, PERM | Target: DPS | Affects: ['ALL']
        Trace3CDExtra | CD% | Stacks: 1 | Value: 0.320 | Remaining Turns: 1 | TickDown: DPS, PERM | Target: DPS | Affects: ['ALL']
        MortenaxBladeDMGBoost | DMG% | Stacks: 1 | Value: 0.500 | Remaining Turns: 1 | TickDown: DPS, PERM | Target: DPS | Affects: ['ALL']
        SundayBeatified | CD% | Stacks: 1 | Value: 0.856 | Remaining Turns: 2 | TickDown: SUP1, START | Target: DPS | Affects: ['ALL']
        MasterSmithComburent | DMG% | Stacks: 1 | Value: 0.150 | Remaining Turns: 1 | TickDown: DPS, END | Target: DPS | Affects: ['ALL']
        WarriorGoddessHealCD | CD% | Stacks: 1 | Value: 0.150 | Remaining Turns: 2 | TickDown: DPS, START | Target: DPS | Affects: ['ALL']
        HuoHuoUltATK | ATK% | Stacks: 1 | Value: 0.400 | Remaining Turns: 1 | TickDown: DPS, END | Target: DPS | Affects: ['ALL']
        HuoHuoUltExtraATK | ATK% | Stacks: 1 | Value: 0.240 | Remaining Turns: 1 | TickDown: DPS, END | Target: DPS | Affects: ['ALL']
        TalentDMG | DMG% | Stacks: 1 | Value: 0.600 | Remaining Turns: 1 | TickDown: DPS, END | Target: DPS | Affects: ['ALL']
        Trace3CD | CD% | Stacks: 1 | Value: 0.500 | Remaining Turns: 2 | TickDown: DPS, END | Target: DPS | Affects: ['ALL']
        BattleIsntOverDMGRole.SUP1 | DMG% | Stacks: 1 | Value: 0.300 | Remaining Turns: 1 | TickDown: DPS, END | Target: DPS | Affects: ['ALL']
        SacerdosCDSUP1 | CD% | Stacks: 1 | Value: 0.180 | Remaining Turns: 2 | TickDown: DPS, END | Target: DPS | Affects: ['ALL']
        SundaySklDMG | DMG% | Stacks: 1 | Value: 0.300 | Remaining Turns: 2 | TickDown: DPS, END | Target: DPS | Affects: ['ALL']
        SundaySklCR | CR% | Stacks: 1 | Value: 0.200 | Remaining Turns: 2 | TickDown: DPS, END | Target: DPS | Affects: ['ALL']
        ThanklessCoronationATK | ATK% | Stacks: 1 | Value: 0.400 | Remaining Turns: 2 | TickDown: DPS, END | Target: DPS | Affects: ['ALL']
        ThanklessCoronationERR | ERR_F | Stacks: 1 | Value: 36.000 | Remaining Turns: 1 | TickDown: DPS, START | Target: DPS | Affects: ['ALL']
        ThanklessCoronationATKExtra | ATK% | Stacks: 1 | Value: 0.400 | Remaining Turns: 2 | TickDown: DPS, END | Target: DPS | Affects: ['ALL']
        ----------End of Buff List----------

        ----------Enemy Debuffs----------
        MortenaxBladeUltVul | From: SUP2 | VULN | Stacks: 1 | Value: 0.500 | Remaining Turns: 2 | Target: 1 | Targeting: ST | Affects: ['ALL'] | DOT: False | Blast: False
        MortenaxBladeUltShred | From: SUP2 | SHRED | Stacks: 1 | Value: 0.300 | Remaining Turns: 2 | Target: 1 | Targeting: ST | Affects: ['ALL'] | DOT: False | Blast: False
        ResoShred(SUP2) | From: SUP2 | SHRED | Stacks: 1 | Value: 0.160 | Remaining Turns: 1 | Target: 1 | Targeting: AOE | Affects: ['ALL'] | DOT: False | Blast: False
        ----------End of Debuff List----------
        ----------Healing List----------
        ----------End of Healing List----------
    GAUGE  - Enemy 0 toughness reduced by 40.000
    GAUGE  - Enemy 1 toughness reduced by 40.000
    GAUGE  - Enemy 2 toughness reduced by 40.000
    RESULT - SaberUltBig | Saber | DPS | DMG: 509858.574 | ELADMG: 0.000 | Enemies Hit: [0, 1, 2] | Enemies Broken: [] | WB DMG: 0.000 | Energy: 0.000 | Amount HP Healed: 0.000 | Amount HP Lost: 0.000 | Saber Energy: 69/360 | SP: 2 | MaxSP: 5)
MortenaxBlade has obtained 1 Charge. Current Charge count: 5.
    TURN   - SaberUltSmall | Saber | DPS | ST attack | ['WIN'] | ['ULT'] | Scaling: ATK | TargetID: 1 | DMG/BREAK Splits: [11.0, 0]/[20, 0] | Energy Gained: 5 | SP Change: 0

        ----------Char Buffs----------
        ThanklessCoronationCD | CR% | Stacks: 1 | Value: 0.360 | Remaining Turns: 1 | TickDown: DPS, PERM | Target: DPS | Affects: ['ALL']
        ScholarCR | CR% | Stacks: 1 | Value: 0.080 | Remaining Turns: 1 | TickDown: DPS, PERM | Target: DPS | Affects: ['ALL']
        ScholarDMG | DMG% | Stacks: 1 | Value: 0.200 | Remaining Turns: 1 | TickDown: DPS, PERM | Target: DPS | Affects: ['SKL', 'ULT']
        SaberTraceHP | HP% | Stacks: 1 | Value: 0.100 | Remaining Turns: 1 | TickDown: DPS, PERM | Target: DPS | Affects: ['ALL']
        SaberTraceCR | CR% | Stacks: 1 | Value: 0.120 | Remaining Turns: 1 | TickDown: DPS, PERM | Target: DPS | Affects: ['ALL']
        SaberTraceDMG | DMG% | Stacks: 1 | Value: 0.224 | Remaining Turns: 1 | TickDown: DPS, PERM | Target: DPS | Affects: ['ALL']
        SaberTrace1CR | CR% | Stacks: 1 | Value: 0.200 | Remaining Turns: 1 | TickDown: DPS, PERM | Target: DPS | Affects: ['ALL']
        KeelCD(SUP1) | CD% | Stacks: 1 | Value: 0.100 | Remaining Turns: 1 | TickDown: DPS, PERM | Target: DPS | Affects: ['ALL']
        KeelCD(SUS) | CD% | Stacks: 1 | Value: 0.100 | Remaining Turns: 1 | TickDown: DPS, PERM | Target: DPS | Affects: ['ALL']
        CosmicLifeDMG | DMG% | Stacks: 1 | Value: 0.320 | Remaining Turns: 1 | TickDown: DPS, PERM | Target: DPS | Affects: ['ALL']
        Trace3CDExtra | CD% | Stacks: 1 | Value: 0.320 | Remaining Turns: 1 | TickDown: DPS, PERM | Target: DPS | Affects: ['ALL']
        MortenaxBladeDMGBoost | DMG% | Stacks: 1 | Value: 0.500 | Remaining Turns: 1 | TickDown: DPS, PERM | Target: DPS | Affects: ['ALL']
        SundayBeatified | CD% | Stacks: 1 | Value: 0.856 | Remaining Turns: 2 | TickDown: SUP1, START | Target: DPS | Affects: ['ALL']
        MasterSmithComburent | DMG% | Stacks: 1 | Value: 0.150 | Remaining Turns: 1 | TickDown: DPS, END | Target: DPS | Affects: ['ALL']
        WarriorGoddessHealCD | CD% | Stacks: 1 | Value: 0.150 | Remaining Turns: 2 | TickDown: DPS, START | Target: DPS | Affects: ['ALL']
        HuoHuoUltATK | ATK% | Stacks: 1 | Value: 0.400 | Remaining Turns: 1 | TickDown: DPS, END | Target: DPS | Affects: ['ALL']
        HuoHuoUltExtraATK | ATK% | Stacks: 1 | Value: 0.240 | Remaining Turns: 1 | TickDown: DPS, END | Target: DPS | Affects: ['ALL']
        TalentDMG | DMG% | Stacks: 1 | Value: 0.600 | Remaining Turns: 1 | TickDown: DPS, END | Target: DPS | Affects: ['ALL']
        Trace3CD | CD% | Stacks: 1 | Value: 0.500 | Remaining Turns: 2 | TickDown: DPS, END | Target: DPS | Affects: ['ALL']
        BattleIsntOverDMGRole.SUP1 | DMG% | Stacks: 1 | Value: 0.300 | Remaining Turns: 1 | TickDown: DPS, END | Target: DPS | Affects: ['ALL']
        SacerdosCDSUP1 | CD% | Stacks: 1 | Value: 0.180 | Remaining Turns: 2 | TickDown: DPS, END | Target: DPS | Affects: ['ALL']
        SundaySklDMG | DMG% | Stacks: 1 | Value: 0.300 | Remaining Turns: 2 | TickDown: DPS, END | Target: DPS | Affects: ['ALL']
        SundaySklCR | CR% | Stacks: 1 | Value: 0.200 | Remaining Turns: 2 | TickDown: DPS, END | Target: DPS | Affects: ['ALL']
        ThanklessCoronationATK | ATK% | Stacks: 1 | Value: 0.400 | Remaining Turns: 2 | TickDown: DPS, END | Target: DPS | Affects: ['ALL']
        ThanklessCoronationERR | ERR_F | Stacks: 1 | Value: 36.000 | Remaining Turns: 1 | TickDown: DPS, START | Target: DPS | Affects: ['ALL']
        ThanklessCoronationATKExtra | ATK% | Stacks: 1 | Value: 0.400 | Remaining Turns: 2 | TickDown: DPS, END | Target: DPS | Affects: ['ALL']
        ----------End of Buff List----------

        ----------Enemy Debuffs----------
        MortenaxBladeUltVul | From: SUP2 | VULN | Stacks: 1 | Value: 0.500 | Remaining Turns: 2 | Target: 1 | Targeting: ST | Affects: ['ALL'] | DOT: False | Blast: False
        MortenaxBladeUltShred | From: SUP2 | SHRED | Stacks: 1 | Value: 0.300 | Remaining Turns: 2 | Target: 1 | Targeting: ST | Affects: ['ALL'] | DOT: False | Blast: False
        ResoShred(SUP2) | From: SUP2 | SHRED | Stacks: 1 | Value: 0.160 | Remaining Turns: 1 | Target: 1 | Targeting: AOE | Affects: ['ALL'] | DOT: False | Blast: False
        ----------End of Debuff List----------
        ----------Healing List----------
        HuoHuoTalentHealingScaling | Targeting: Targeting.SINGLE | Healing Value: [0] | Target: ALL
        HuoHuoTalentHealingScaling | Targeting: Targeting.SINGLE | Healing Value: [0.045] | Target: ALL
        HuoHuoTalentHealingScaling | Targeting: Targeting.SINGLE | Healing Value: [0] | Target: ALL
        HuoHuoTalentHealingScaling | Targeting: Targeting.SINGLE | Healing Value: [0] | Target: ALL
        HuoHuoTalentHealingFlat | Targeting: Targeting.SINGLE | Healing Value: [0] | Target: ALL
        HuoHuoTalentHealingFlat | Targeting: Targeting.SINGLE | Healing Value: [120] | Target: ALL
        HuoHuoTalentHealingFlat | Targeting: Targeting.SINGLE | Healing Value: [0] | Target: ALL
        HuoHuoTalentHealingFlat | Targeting: Targeting.SINGLE | Healing Value: [0] | Target: ALL
        ----------End of Healing List----------
    GAUGE  - Enemy 1 toughness reduced by 20.000
    RESULT - SaberUltSmall | Saber | DPS | DMG: 667671.943 | ELADMG: 0.000 | Enemies Hit: [1] | Enemies Broken: [] | WB DMG: 0.000 | Energy: 5.000 | Amount HP Healed: 438.089 | Amount HP Lost: 0.000 | Saber Energy: 74/360 | SP: 2 | MaxSP: 5)
    TURN   - HuoHuoAllyERR | HuoHuo | SUS | NA attack | ['WIN'] | ['SPECIAL'] | Scaling: HP | TargetID: 1 | DMG/BREAK Splits: [0, 0]/[0, 0] | Energy Gained: 1 | SP Change: 0

        ----------Char Buffs----------
        KeelCD(SUP1) | CD% | Stacks: 1 | Value: 0.100 | Remaining Turns: 1 | TickDown: SUS, PERM | Target: SUS | Affects: ['ALL']
        PostOpERR | ERR% | Stacks: 1 | Value: 0.160 | Remaining Turns: 1 | TickDown: SUS, PERM | Target: SUS | Affects: ['ALL']
        WarriorGoddessSPD | SPD% | Stacks: 1 | Value: 0.060 | Remaining Turns: 1 | TickDown: SUS, PERM | Target: SUS | Affects: ['ALL']
        KeelEFFRES | ERS% | Stacks: 1 | Value: 0.100 | Remaining Turns: 1 | TickDown: SUS, PERM | Target: SUS | Affects: ['ALL']
        KeelCD(SUS) | CD% | Stacks: 1 | Value: 0.100 | Remaining Turns: 1 | TickDown: SUS, PERM | Target: SUS | Affects: ['ALL']
        HHTraceHP | HP% | Stacks: 1 | Value: 0.280 | Remaining Turns: 1 | TickDown: SUS, PERM | Target: SUS | Affects: ['ALL']
        HHTraceERS | ERS% | Stacks: 1 | Value: 0.180 | Remaining Turns: 1 | TickDown: SUS, PERM | Target: SUS | Affects: ['ALL']
        HHTraceSPD | SPD | Stacks: 1 | Value: 5.000 | Remaining Turns: 1 | TickDown: SUS, PERM | Target: SUS | Affects: ['ALL']
        MasterSmithComburent | DMG% | Stacks: 1 | Value: 0.150 | Remaining Turns: 2 | TickDown: SUS, END | Target: SUS | Affects: ['ALL']
        MortenaxBladeDMGBoost | DMG% | Stacks: 1 | Value: 0.500 | Remaining Turns: 1 | TickDown: SUS, PERM | Target: SUS | Affects: ['ALL']
        WarriorGoddessHealSPD | SPD% | Stacks: 1 | Value: 0.060 | Remaining Turns: 2 | TickDown: SUS, START | Target: SUS | Affects: ['ALL']
        WarriorGoddessHealCD | CD% | Stacks: 1 | Value: 0.150 | Remaining Turns: 2 | TickDown: SUS, START | Target: SUS | Affects: ['ALL']
        ----------End of Buff List----------

        ----------Enemy Debuffs----------
        MortenaxBladeUltVul | From: SUP2 | VULN | Stacks: 1 | Value: 0.500 | Remaining Turns: 2 | Target: 1 | Targeting: ST | Affects: ['ALL'] | DOT: False | Blast: False
        MortenaxBladeUltShred | From: SUP2 | SHRED | Stacks: 1 | Value: 0.300 | Remaining Turns: 2 | Target: 1 | Targeting: ST | Affects: ['ALL'] | DOT: False | Blast: False
        ResoShred(SUP2) | From: SUP2 | SHRED | Stacks: 1 | Value: 0.160 | Remaining Turns: 1 | Target: 1 | Targeting: AOE | Affects: ['ALL'] | DOT: False | Blast: False
        ----------End of Debuff List----------
        ----------Healing List----------
        ----------End of Healing List----------
    GAUGE  - Enemy 1 toughness reduced by 0.000
    RESULT - HuoHuoAllyERR | HuoHuo | SUS | DMG: 0.000 | ELADMG: 0.000 | Enemies Hit: [1] | Enemies Broken: [] | WB DMG: 0.000 | Energy: 1.354 | Amount HP Healed: 0.000 | Amount HP Lost: 0.000 | HuoHuo Energy: 23/140 | SP: 2 | MaxSP: 5)
ERR    > 36.000 energy added to Saber from ThanklessCoronationERR | Saber Energy: 109.667
        Buff MasterSmithComburent expired
        Buff HuoHuoUltATK expired
        Buff HuoHuoUltExtraATK expired
        Buff TalentDMG expired
        Buff BattleIsntOverDMGRole.SUP1 expired
AV     > Saber AV reset to 71.514 | 139.832 SPD

<<< NEW TURN >>>
-   MortenaxBlade AV: 0.000 ENERGY: 72.886 MaxHP: 4779.283 CurrHp 1683.941 ShieldHP: 0.000
-   HuoHuo AV: 18.617 ENERGY: 22.573 MaxHP: 6139.808 CurrHp 5368.329 ShieldHP: 0.000
-   Enemy 2 AV: 30.210 ENERGY: 0.000 MaxHP: 2000000.000 CurrHp 928476.437 ShieldHP: 0.000
-   Enemy 0 AV: 30.210 ENERGY: 0.000 MaxHP: 2000000.000 CurrHp 928476.437 ShieldHP: 0.000
-   Enemy 1 AV: 34.726 ENERGY: 0.000 MaxHP: 5000000.000 CurrHp 2046760.021 ShieldHP: 0.000
-   Saber AV: 68.936 ENERGY: 109.667 MaxHP: 3366.991 CurrHp 3366.991 ShieldHP: 0.000
-   Sunday AV: 70.956 ENERGY: 99.349 MaxHP: 3638.196 CurrHp 1849.828 ShieldHP: 0.000
-   InfiniteFury AV: 99.165 ENERGY: 0.000 MaxHP: 0.000 CurrHp 0.000 ShieldHP: 0.000

Combat context set: 3 enemies, 4 players
Combat context initialized: 3 enemies, Elation team size: 0
ACTION > [CHAR] TotalAV: 296.713 | TurnAV: 2.578 | MortenaxBlade | E-move
MortenaxBlade has obtained 1 Charge. Current Charge count: 6.
    TURN   - MortenaxBladeAOESkill | MortenaxBlade | SUP2 | AOE attack | ['FIR'] | ['SKL'] | Scaling: HP | TargetID: 1 | DMG/BREAK Splits: [0.72, 0]/[10, 0] | Energy Gained: 30 | SP Change: 0

        ----------Char Buffs----------
        KeelCD(SUP1) | CD% | Stacks: 1 | Value: 0.100 | Remaining Turns: 1 | TickDown: SUP2, PERM | Target: SUP2 | Affects: ['ALL']
        MasterSmithHP | HP% | Stacks: 1 | Value: 0.120 | Remaining Turns: 1 | TickDown: SUP2, PERM | Target: SUP2 | Affects: ['ALL']
        VonwacqERR | ERR% | Stacks: 1 | Value: 0.050 | Remaining Turns: 1 | TickDown: SUP2, PERM | Target: SUP2 | Affects: ['ALL']
        MortenaxBladeTraceCR | CR% | Stacks: 1 | Value: 0.120 | Remaining Turns: 1 | TickDown: SUP2, PERM | Target: SUP2 | Affects: ['ALL']
        MortenaxBladeTraceHP | HP% | Stacks: 1 | Value: 0.100 | Remaining Turns: 1 | TickDown: SUP2, PERM | Target: SUP2 | Affects: ['ALL']
        MortenaxBladeTraceDMG | DMG% | Stacks: 1 | Value: 0.224 | Remaining Turns: 1 | TickDown: SUP2, PERM | Target: SUP2 | Affects: ['ALL']
        KeelCD(SUS) | CD% | Stacks: 1 | Value: 0.100 | Remaining Turns: 1 | TickDown: SUP2, PERM | Target: SUP2 | Affects: ['ALL']
        MasterSmithCD | CD% | Stacks: 1 | Value: 0.280 | Remaining Turns: 1 | TickDown: SUP2, PERM | Target: SUP2 | Affects: ['ALL']
        MasterSmithComburent | DMG% | Stacks: 1 | Value: 0.150 | Remaining Turns: 2 | TickDown: SUP2, END | Target: SUP2 | Affects: ['ALL']
        MortenaxBladeCRBoost | CR% | Stacks: 1 | Value: 0.200 | Remaining Turns: 1 | TickDown: SUP2, PERM | Target: SUP2 | Affects: ['ALL']
        MortenaxBladeCDBoost | CD% | Stacks: 1 | Value: 0.600 | Remaining Turns: 1 | TickDown: SUP2, PERM | Target: SUP2 | Affects: ['ALL']
        MortenaxBladeDMGReduction | DMG_REDUCTION | Stacks: 1 | Value: 0.500 | Remaining Turns: 1 | TickDown: SUP2, PERM | Target: SUP2 | Affects: ['ALL']
        MortenaxBladeDMGBoost | DMG% | Stacks: 1 | Value: 0.500 | Remaining Turns: 1 | TickDown: SUP2, PERM | Target: SUP2 | Affects: ['ALL']
        MortenaxBladeDMG | DMG% | Stacks: 1 | Value: 0.750 | Remaining Turns: 1 | TickDown: SUP2, PERM | Target: SUP2 | Affects: ['ALL']
        WarriorGoddessHealCD | CD% | Stacks: 1 | Value: 0.150 | Remaining Turns: 1 | TickDown: SUP2, START | Target: SUP2 | Affects: ['ALL']
        HuoHuoUltATK | ATK% | Stacks: 1 | Value: 0.400 | Remaining Turns: 2 | TickDown: SUP2, END | Target: SUP2 | Affects: ['ALL']
        HuoHuoUltExtraATK | ATK% | Stacks: 1 | Value: 0.240 | Remaining Turns: 2 | TickDown: SUP2, END | Target: SUP2 | Affects: ['ALL']
        ----------End of Buff List----------

        ----------Enemy Debuffs----------
        MortenaxBladeUltVul | From: SUP2 | VULN | Stacks: 1 | Value: 0.500 | Remaining Turns: 2 | Target: 1 | Targeting: ST | Affects: ['ALL'] | DOT: False | Blast: False
        MortenaxBladeUltShred | From: SUP2 | SHRED | Stacks: 1 | Value: 0.300 | Remaining Turns: 2 | Target: 1 | Targeting: ST | Affects: ['ALL'] | DOT: False | Blast: False
        ResoShred(SUP2) | From: SUP2 | SHRED | Stacks: 1 | Value: 0.160 | Remaining Turns: 1 | Target: 1 | Targeting: AOE | Affects: ['ALL'] | DOT: False | Blast: False
        ----------End of Debuff List----------
        ----------Healing List----------
        ----------End of Healing List----------
    GAUGE  - Enemy 0 toughness reduced by 0.000
    GAUGE  - Enemy 1 toughness reduced by 0.000
    GAUGE  - Enemy 2 toughness reduced by 0.000
    RESULT - MortenaxBladeAOESkill | MortenaxBlade | SUP2 | DMG: 40097.169 | ELADMG: 0.000 | Enemies Hit: [0, 1, 2] | Enemies Broken: [] | WB DMG: 0.000 | Energy: 37.332 | Amount HP Healed: 0.000 | Amount HP Lost: 0.000 | MortenaxBlade Energy: 110/160 | SP: 2 | MaxSP: 5)
    TURN   - MortenaxBladeBounceSkill | MortenaxBlade | SUP2 | ST attack | ['FIR'] | ['SKL'] | Scaling: HP | TargetID: 1 | DMG/BREAK Splits: [0.24, 0]/[5, 0] | Energy Gained: 0 | SP Change: 0

        ----------Char Buffs----------
        KeelCD(SUP1) | CD% | Stacks: 1 | Value: 0.100 | Remaining Turns: 1 | TickDown: SUP2, PERM | Target: SUP2 | Affects: ['ALL']
        MasterSmithHP | HP% | Stacks: 1 | Value: 0.120 | Remaining Turns: 1 | TickDown: SUP2, PERM | Target: SUP2 | Affects: ['ALL']
        VonwacqERR | ERR% | Stacks: 1 | Value: 0.050 | Remaining Turns: 1 | TickDown: SUP2, PERM | Target: SUP2 | Affects: ['ALL']
        MortenaxBladeTraceCR | CR% | Stacks: 1 | Value: 0.120 | Remaining Turns: 1 | TickDown: SUP2, PERM | Target: SUP2 | Affects: ['ALL']
        MortenaxBladeTraceHP | HP% | Stacks: 1 | Value: 0.100 | Remaining Turns: 1 | TickDown: SUP2, PERM | Target: SUP2 | Affects: ['ALL']
        MortenaxBladeTraceDMG | DMG% | Stacks: 1 | Value: 0.224 | Remaining Turns: 1 | TickDown: SUP2, PERM | Target: SUP2 | Affects: ['ALL']
        KeelCD(SUS) | CD% | Stacks: 1 | Value: 0.100 | Remaining Turns: 1 | TickDown: SUP2, PERM | Target: SUP2 | Affects: ['ALL']
        MasterSmithCD | CD% | Stacks: 1 | Value: 0.280 | Remaining Turns: 1 | TickDown: SUP2, PERM | Target: SUP2 | Affects: ['ALL']
        MasterSmithComburent | DMG% | Stacks: 1 | Value: 0.150 | Remaining Turns: 2 | TickDown: SUP2, END | Target: SUP2 | Affects: ['ALL']
        MortenaxBladeCRBoost | CR% | Stacks: 1 | Value: 0.200 | Remaining Turns: 1 | TickDown: SUP2, PERM | Target: SUP2 | Affects: ['ALL']
        MortenaxBladeCDBoost | CD% | Stacks: 1 | Value: 0.600 | Remaining Turns: 1 | TickDown: SUP2, PERM | Target: SUP2 | Affects: ['ALL']
        MortenaxBladeDMGReduction | DMG_REDUCTION | Stacks: 1 | Value: 0.500 | Remaining Turns: 1 | TickDown: SUP2, PERM | Target: SUP2 | Affects: ['ALL']
        MortenaxBladeDMGBoost | DMG% | Stacks: 1 | Value: 0.500 | Remaining Turns: 1 | TickDown: SUP2, PERM | Target: SUP2 | Affects: ['ALL']
        MortenaxBladeDMG | DMG% | Stacks: 1 | Value: 0.750 | Remaining Turns: 1 | TickDown: SUP2, PERM | Target: SUP2 | Affects: ['ALL']
        WarriorGoddessHealCD | CD% | Stacks: 1 | Value: 0.150 | Remaining Turns: 1 | TickDown: SUP2, START | Target: SUP2 | Affects: ['ALL']
        HuoHuoUltATK | ATK% | Stacks: 1 | Value: 0.400 | Remaining Turns: 2 | TickDown: SUP2, END | Target: SUP2 | Affects: ['ALL']
        HuoHuoUltExtraATK | ATK% | Stacks: 1 | Value: 0.240 | Remaining Turns: 2 | TickDown: SUP2, END | Target: SUP2 | Affects: ['ALL']
        ----------End of Buff List----------

        ----------Enemy Debuffs----------
        MortenaxBladeUltVul | From: SUP2 | VULN | Stacks: 1 | Value: 0.500 | Remaining Turns: 2 | Target: 1 | Targeting: ST | Affects: ['ALL'] | DOT: False | Blast: False
        MortenaxBladeUltShred | From: SUP2 | SHRED | Stacks: 1 | Value: 0.300 | Remaining Turns: 2 | Target: 1 | Targeting: ST | Affects: ['ALL'] | DOT: False | Blast: False
        ResoShred(SUP2) | From: SUP2 | SHRED | Stacks: 1 | Value: 0.160 | Remaining Turns: 1 | Target: 1 | Targeting: AOE | Affects: ['ALL'] | DOT: False | Blast: False
        ----------End of Debuff List----------
        ----------Healing List----------
        HuoHuoTalentHealingScaling | Targeting: Targeting.SINGLE | Healing Value: [0] | Target: ALL
        HuoHuoTalentHealingScaling | Targeting: Targeting.SINGLE | Healing Value: [0] | Target: ALL
        HuoHuoTalentHealingScaling | Targeting: Targeting.SINGLE | Healing Value: [0.045] | Target: ALL
        HuoHuoTalentHealingScaling | Targeting: Targeting.SINGLE | Healing Value: [0] | Target: ALL
        HuoHuoTalentHealingFlat | Targeting: Targeting.SINGLE | Healing Value: [0] | Target: ALL
        HuoHuoTalentHealingFlat | Targeting: Targeting.SINGLE | Healing Value: [0] | Target: ALL
        HuoHuoTalentHealingFlat | Targeting: Targeting.SINGLE | Healing Value: [120] | Target: ALL
        HuoHuoTalentHealingFlat | Targeting: Targeting.SINGLE | Healing Value: [0] | Target: ALL
        ----------End of Healing List----------
    GAUGE  - Enemy 1 toughness reduced by 0.000
    RESULT - MortenaxBladeBounceSkill | MortenaxBlade | SUP2 | DMG: 4455.241 | ELADMG: 0.000 | Enemies Hit: [1] | Enemies Broken: [] | WB DMG: 0.000 | Energy: 0.000 | Amount HP Healed: 371.779 | Amount HP Lost: 0.000 | MortenaxBlade Energy: 110/160 | SP: 2 | MaxSP: 5)
    TURN   - MortenaxBladeBounceSkill | MortenaxBlade | SUP2 | ST attack | ['FIR'] | ['SKL'] | Scaling: HP | TargetID: 1 | DMG/BREAK Splits: [0.24, 0]/[5, 0] | Energy Gained: 0 | SP Change: 0

        ----------Char Buffs----------
        KeelCD(SUP1) | CD% | Stacks: 1 | Value: 0.100 | Remaining Turns: 1 | TickDown: SUP2, PERM | Target: SUP2 | Affects: ['ALL']
        MasterSmithHP | HP% | Stacks: 1 | Value: 0.120 | Remaining Turns: 1 | TickDown: SUP2, PERM | Target: SUP2 | Affects: ['ALL']
        VonwacqERR | ERR% | Stacks: 1 | Value: 0.050 | Remaining Turns: 1 | TickDown: SUP2, PERM | Target: SUP2 | Affects: ['ALL']
        MortenaxBladeTraceCR | CR% | Stacks: 1 | Value: 0.120 | Remaining Turns: 1 | TickDown: SUP2, PERM | Target: SUP2 | Affects: ['ALL']
        MortenaxBladeTraceHP | HP% | Stacks: 1 | Value: 0.100 | Remaining Turns: 1 | TickDown: SUP2, PERM | Target: SUP2 | Affects: ['ALL']
        MortenaxBladeTraceDMG | DMG% | Stacks: 1 | Value: 0.224 | Remaining Turns: 1 | TickDown: SUP2, PERM | Target: SUP2 | Affects: ['ALL']
        KeelCD(SUS) | CD% | Stacks: 1 | Value: 0.100 | Remaining Turns: 1 | TickDown: SUP2, PERM | Target: SUP2 | Affects: ['ALL']
        MasterSmithCD | CD% | Stacks: 1 | Value: 0.280 | Remaining Turns: 1 | TickDown: SUP2, PERM | Target: SUP2 | Affects: ['ALL']
        MasterSmithComburent | DMG% | Stacks: 1 | Value: 0.150 | Remaining Turns: 2 | TickDown: SUP2, END | Target: SUP2 | Affects: ['ALL']
        MortenaxBladeCRBoost | CR% | Stacks: 1 | Value: 0.200 | Remaining Turns: 1 | TickDown: SUP2, PERM | Target: SUP2 | Affects: ['ALL']
        MortenaxBladeCDBoost | CD% | Stacks: 1 | Value: 0.600 | Remaining Turns: 1 | TickDown: SUP2, PERM | Target: SUP2 | Affects: ['ALL']
        MortenaxBladeDMGReduction | DMG_REDUCTION | Stacks: 1 | Value: 0.500 | Remaining Turns: 1 | TickDown: SUP2, PERM | Target: SUP2 | Affects: ['ALL']
        MortenaxBladeDMGBoost | DMG% | Stacks: 1 | Value: 0.500 | Remaining Turns: 1 | TickDown: SUP2, PERM | Target: SUP2 | Affects: ['ALL']
        MortenaxBladeDMG | DMG% | Stacks: 1 | Value: 0.750 | Remaining Turns: 1 | TickDown: SUP2, PERM | Target: SUP2 | Affects: ['ALL']
        WarriorGoddessHealCD | CD% | Stacks: 1 | Value: 0.150 | Remaining Turns: 1 | TickDown: SUP2, START | Target: SUP2 | Affects: ['ALL']
        HuoHuoUltATK | ATK% | Stacks: 1 | Value: 0.400 | Remaining Turns: 2 | TickDown: SUP2, END | Target: SUP2 | Affects: ['ALL']
        HuoHuoUltExtraATK | ATK% | Stacks: 1 | Value: 0.240 | Remaining Turns: 2 | TickDown: SUP2, END | Target: SUP2 | Affects: ['ALL']
        ----------End of Buff List----------

        ----------Enemy Debuffs----------
        MortenaxBladeUltVul | From: SUP2 | VULN | Stacks: 1 | Value: 0.500 | Remaining Turns: 2 | Target: 1 | Targeting: ST | Affects: ['ALL'] | DOT: False | Blast: False
        MortenaxBladeUltShred | From: SUP2 | SHRED | Stacks: 1 | Value: 0.300 | Remaining Turns: 2 | Target: 1 | Targeting: ST | Affects: ['ALL'] | DOT: False | Blast: False
        ResoShred(SUP2) | From: SUP2 | SHRED | Stacks: 1 | Value: 0.160 | Remaining Turns: 1 | Target: 1 | Targeting: AOE | Affects: ['ALL'] | DOT: False | Blast: False
        ----------End of Debuff List----------
        ----------Healing List----------
        ----------End of Healing List----------
    GAUGE  - Enemy 1 toughness reduced by 0.000
    RESULT - MortenaxBladeBounceSkill | MortenaxBlade | SUP2 | DMG: 4455.241 | ELADMG: 0.000 | Enemies Hit: [1] | Enemies Broken: [] | WB DMG: 0.000 | Energy: 0.000 | Amount HP Healed: 0.000 | Amount HP Lost: 0.000 | MortenaxBlade Energy: 110/160 | SP: 2 | MaxSP: 5)
    TURN   - MortenaxBladeBounceSkill | MortenaxBlade | SUP2 | ST attack | ['FIR'] | ['SKL'] | Scaling: HP | TargetID: 1 | DMG/BREAK Splits: [0.24, 0]/[5, 0] | Energy Gained: 0 | SP Change: 0

        ----------Char Buffs----------
        KeelCD(SUP1) | CD% | Stacks: 1 | Value: 0.100 | Remaining Turns: 1 | TickDown: SUP2, PERM | Target: SUP2 | Affects: ['ALL']
        MasterSmithHP | HP% | Stacks: 1 | Value: 0.120 | Remaining Turns: 1 | TickDown: SUP2, PERM | Target: SUP2 | Affects: ['ALL']
        VonwacqERR | ERR% | Stacks: 1 | Value: 0.050 | Remaining Turns: 1 | TickDown: SUP2, PERM | Target: SUP2 | Affects: ['ALL']
        MortenaxBladeTraceCR | CR% | Stacks: 1 | Value: 0.120 | Remaining Turns: 1 | TickDown: SUP2, PERM | Target: SUP2 | Affects: ['ALL']
        MortenaxBladeTraceHP | HP% | Stacks: 1 | Value: 0.100 | Remaining Turns: 1 | TickDown: SUP2, PERM | Target: SUP2 | Affects: ['ALL']
        MortenaxBladeTraceDMG | DMG% | Stacks: 1 | Value: 0.224 | Remaining Turns: 1 | TickDown: SUP2, PERM | Target: SUP2 | Affects: ['ALL']
        KeelCD(SUS) | CD% | Stacks: 1 | Value: 0.100 | Remaining Turns: 1 | TickDown: SUP2, PERM | Target: SUP2 | Affects: ['ALL']
        MasterSmithCD | CD% | Stacks: 1 | Value: 0.280 | Remaining Turns: 1 | TickDown: SUP2, PERM | Target: SUP2 | Affects: ['ALL']
        MasterSmithComburent | DMG% | Stacks: 1 | Value: 0.150 | Remaining Turns: 2 | TickDown: SUP2, END | Target: SUP2 | Affects: ['ALL']
        MortenaxBladeCRBoost | CR% | Stacks: 1 | Value: 0.200 | Remaining Turns: 1 | TickDown: SUP2, PERM | Target: SUP2 | Affects: ['ALL']
        MortenaxBladeCDBoost | CD% | Stacks: 1 | Value: 0.600 | Remaining Turns: 1 | TickDown: SUP2, PERM | Target: SUP2 | Affects: ['ALL']
        MortenaxBladeDMGReduction | DMG_REDUCTION | Stacks: 1 | Value: 0.500 | Remaining Turns: 1 | TickDown: SUP2, PERM | Target: SUP2 | Affects: ['ALL']
        MortenaxBladeDMGBoost | DMG% | Stacks: 1 | Value: 0.500 | Remaining Turns: 1 | TickDown: SUP2, PERM | Target: SUP2 | Affects: ['ALL']
        MortenaxBladeDMG | DMG% | Stacks: 1 | Value: 0.750 | Remaining Turns: 1 | TickDown: SUP2, PERM | Target: SUP2 | Affects: ['ALL']
        WarriorGoddessHealCD | CD% | Stacks: 1 | Value: 0.150 | Remaining Turns: 1 | TickDown: SUP2, START | Target: SUP2 | Affects: ['ALL']
        HuoHuoUltATK | ATK% | Stacks: 1 | Value: 0.400 | Remaining Turns: 2 | TickDown: SUP2, END | Target: SUP2 | Affects: ['ALL']
        HuoHuoUltExtraATK | ATK% | Stacks: 1 | Value: 0.240 | Remaining Turns: 2 | TickDown: SUP2, END | Target: SUP2 | Affects: ['ALL']
        ----------End of Buff List----------

        ----------Enemy Debuffs----------
        MortenaxBladeUltVul | From: SUP2 | VULN | Stacks: 1 | Value: 0.500 | Remaining Turns: 2 | Target: 1 | Targeting: ST | Affects: ['ALL'] | DOT: False | Blast: False
        MortenaxBladeUltShred | From: SUP2 | SHRED | Stacks: 1 | Value: 0.300 | Remaining Turns: 2 | Target: 1 | Targeting: ST | Affects: ['ALL'] | DOT: False | Blast: False
        ResoShred(SUP2) | From: SUP2 | SHRED | Stacks: 1 | Value: 0.160 | Remaining Turns: 1 | Target: 1 | Targeting: AOE | Affects: ['ALL'] | DOT: False | Blast: False
        ----------End of Debuff List----------
        ----------Healing List----------
        ----------End of Healing List----------
    GAUGE  - Enemy 1 toughness reduced by 0.000
    RESULT - MortenaxBladeBounceSkill | MortenaxBlade | SUP2 | DMG: 4455.241 | ELADMG: 0.000 | Enemies Hit: [1] | Enemies Broken: [] | WB DMG: 0.000 | Energy: 0.000 | Amount HP Healed: 0.000 | Amount HP Lost: 0.000 | MortenaxBlade Energy: 110/160 | SP: 2 | MaxSP: 5)
    TURN   - MortenaxBladeBounceSkill | MortenaxBlade | SUP2 | ST attack | ['FIR'] | ['SKL'] | Scaling: HP | TargetID: 1 | DMG/BREAK Splits: [0.24, 0]/[5, 0] | Energy Gained: 0 | SP Change: 0

        ----------Char Buffs----------
        KeelCD(SUP1) | CD% | Stacks: 1 | Value: 0.100 | Remaining Turns: 1 | TickDown: SUP2, PERM | Target: SUP2 | Affects: ['ALL']
        MasterSmithHP | HP% | Stacks: 1 | Value: 0.120 | Remaining Turns: 1 | TickDown: SUP2, PERM | Target: SUP2 | Affects: ['ALL']
        VonwacqERR | ERR% | Stacks: 1 | Value: 0.050 | Remaining Turns: 1 | TickDown: SUP2, PERM | Target: SUP2 | Affects: ['ALL']
        MortenaxBladeTraceCR | CR% | Stacks: 1 | Value: 0.120 | Remaining Turns: 1 | TickDown: SUP2, PERM | Target: SUP2 | Affects: ['ALL']
        MortenaxBladeTraceHP | HP% | Stacks: 1 | Value: 0.100 | Remaining Turns: 1 | TickDown: SUP2, PERM | Target: SUP2 | Affects: ['ALL']
        MortenaxBladeTraceDMG | DMG% | Stacks: 1 | Value: 0.224 | Remaining Turns: 1 | TickDown: SUP2, PERM | Target: SUP2 | Affects: ['ALL']
        KeelCD(SUS) | CD% | Stacks: 1 | Value: 0.100 | Remaining Turns: 1 | TickDown: SUP2, PERM | Target: SUP2 | Affects: ['ALL']
        MasterSmithCD | CD% | Stacks: 1 | Value: 0.280 | Remaining Turns: 1 | TickDown: SUP2, PERM | Target: SUP2 | Affects: ['ALL']
        MasterSmithComburent | DMG% | Stacks: 1 | Value: 0.150 | Remaining Turns: 2 | TickDown: SUP2, END | Target: SUP2 | Affects: ['ALL']
        MortenaxBladeCRBoost | CR% | Stacks: 1 | Value: 0.200 | Remaining Turns: 1 | TickDown: SUP2, PERM | Target: SUP2 | Affects: ['ALL']
        MortenaxBladeCDBoost | CD% | Stacks: 1 | Value: 0.600 | Remaining Turns: 1 | TickDown: SUP2, PERM | Target: SUP2 | Affects: ['ALL']
        MortenaxBladeDMGReduction | DMG_REDUCTION | Stacks: 1 | Value: 0.500 | Remaining Turns: 1 | TickDown: SUP2, PERM | Target: SUP2 | Affects: ['ALL']
        MortenaxBladeDMGBoost | DMG% | Stacks: 1 | Value: 0.500 | Remaining Turns: 1 | TickDown: SUP2, PERM | Target: SUP2 | Affects: ['ALL']
        MortenaxBladeDMG | DMG% | Stacks: 1 | Value: 0.750 | Remaining Turns: 1 | TickDown: SUP2, PERM | Target: SUP2 | Affects: ['ALL']
        WarriorGoddessHealCD | CD% | Stacks: 1 | Value: 0.150 | Remaining Turns: 1 | TickDown: SUP2, START | Target: SUP2 | Affects: ['ALL']
        HuoHuoUltATK | ATK% | Stacks: 1 | Value: 0.400 | Remaining Turns: 2 | TickDown: SUP2, END | Target: SUP2 | Affects: ['ALL']
        HuoHuoUltExtraATK | ATK% | Stacks: 1 | Value: 0.240 | Remaining Turns: 2 | TickDown: SUP2, END | Target: SUP2 | Affects: ['ALL']
        ----------End of Buff List----------

        ----------Enemy Debuffs----------
        MortenaxBladeUltVul | From: SUP2 | VULN | Stacks: 1 | Value: 0.500 | Remaining Turns: 2 | Target: 1 | Targeting: ST | Affects: ['ALL'] | DOT: False | Blast: False
        MortenaxBladeUltShred | From: SUP2 | SHRED | Stacks: 1 | Value: 0.300 | Remaining Turns: 2 | Target: 1 | Targeting: ST | Affects: ['ALL'] | DOT: False | Blast: False
        ResoShred(SUP2) | From: SUP2 | SHRED | Stacks: 1 | Value: 0.160 | Remaining Turns: 1 | Target: 1 | Targeting: AOE | Affects: ['ALL'] | DOT: False | Blast: False
        ----------End of Debuff List----------
        ----------Healing List----------
        ----------End of Healing List----------
    GAUGE  - Enemy 1 toughness reduced by 0.000
    RESULT - MortenaxBladeBounceSkill | MortenaxBlade | SUP2 | DMG: 4455.241 | ELADMG: 0.000 | Enemies Hit: [1] | Enemies Broken: [] | WB DMG: 0.000 | Energy: 0.000 | Amount HP Healed: 0.000 | Amount HP Lost: 0.000 | MortenaxBlade Energy: 110/160 | SP: 2 | MaxSP: 5)
    TURN   - HuoHuoAllyERR | HuoHuo | SUS | NA attack | ['WIN'] | ['SPECIAL'] | Scaling: HP | TargetID: 1 | DMG/BREAK Splits: [0, 0]/[0, 0] | Energy Gained: 1 | SP Change: 0

        ----------Char Buffs----------
        KeelCD(SUP1) | CD% | Stacks: 1 | Value: 0.100 | Remaining Turns: 1 | TickDown: SUS, PERM | Target: SUS | Affects: ['ALL']
        PostOpERR | ERR% | Stacks: 1 | Value: 0.160 | Remaining Turns: 1 | TickDown: SUS, PERM | Target: SUS | Affects: ['ALL']
        WarriorGoddessSPD | SPD% | Stacks: 1 | Value: 0.060 | Remaining Turns: 1 | TickDown: SUS, PERM | Target: SUS | Affects: ['ALL']
        KeelEFFRES | ERS% | Stacks: 1 | Value: 0.100 | Remaining Turns: 1 | TickDown: SUS, PERM | Target: SUS | Affects: ['ALL']
        KeelCD(SUS) | CD% | Stacks: 1 | Value: 0.100 | Remaining Turns: 1 | TickDown: SUS, PERM | Target: SUS | Affects: ['ALL']
        HHTraceHP | HP% | Stacks: 1 | Value: 0.280 | Remaining Turns: 1 | TickDown: SUS, PERM | Target: SUS | Affects: ['ALL']
        HHTraceERS | ERS% | Stacks: 1 | Value: 0.180 | Remaining Turns: 1 | TickDown: SUS, PERM | Target: SUS | Affects: ['ALL']
        HHTraceSPD | SPD | Stacks: 1 | Value: 5.000 | Remaining Turns: 1 | TickDown: SUS, PERM | Target: SUS | Affects: ['ALL']
        MasterSmithComburent | DMG% | Stacks: 1 | Value: 0.150 | Remaining Turns: 2 | TickDown: SUS, END | Target: SUS | Affects: ['ALL']
        MortenaxBladeDMGBoost | DMG% | Stacks: 1 | Value: 0.500 | Remaining Turns: 1 | TickDown: SUS, PERM | Target: SUS | Affects: ['ALL']
        WarriorGoddessHealSPD | SPD% | Stacks: 1 | Value: 0.060 | Remaining Turns: 2 | TickDown: SUS, START | Target: SUS | Affects: ['ALL']
        WarriorGoddessHealCD | CD% | Stacks: 1 | Value: 0.150 | Remaining Turns: 2 | TickDown: SUS, START | Target: SUS | Affects: ['ALL']
        ----------End of Buff List----------

        ----------Enemy Debuffs----------
        MortenaxBladeUltVul | From: SUP2 | VULN | Stacks: 1 | Value: 0.500 | Remaining Turns: 2 | Target: 1 | Targeting: ST | Affects: ['ALL'] | DOT: False | Blast: False
        MortenaxBladeUltShred | From: SUP2 | SHRED | Stacks: 1 | Value: 0.300 | Remaining Turns: 2 | Target: 1 | Targeting: ST | Affects: ['ALL'] | DOT: False | Blast: False
        ResoShred(SUP2) | From: SUP2 | SHRED | Stacks: 1 | Value: 0.160 | Remaining Turns: 1 | Target: 1 | Targeting: AOE | Affects: ['ALL'] | DOT: False | Blast: False
        ----------End of Debuff List----------
        ----------Healing List----------
        ----------End of Healing List----------
    GAUGE  - Enemy 1 toughness reduced by 0.000
    RESULT - HuoHuoAllyERR | HuoHuo | SUS | DMG: 0.000 | ELADMG: 0.000 | Enemies Hit: [1] | Enemies Broken: [] | WB DMG: 0.000 | Energy: 1.354 | Amount HP Healed: 0.000 | Amount HP Lost: 0.000 | HuoHuo Energy: 24/140 | SP: 2 | MaxSP: 5)
AV     > MortenaxBlade AV reset to 64.503 | 155.032 SPD

<<< NEW TURN >>>
-   HuoHuo AV: 0.000 ENERGY: 23.928 MaxHP: 6139.808 CurrHp 5368.329 ShieldHP: 0.000
-   Enemy 2 AV: 11.594 ENERGY: 0.000 MaxHP: 2000000.000 CurrHp 915110.714 ShieldHP: 0.000
-   Enemy 0 AV: 11.594 ENERGY: 0.000 MaxHP: 2000000.000 CurrHp 915110.714 ShieldHP: 0.000
-   Enemy 1 AV: 16.110 ENERGY: 0.000 MaxHP: 5000000.000 CurrHp 2015573.334 ShieldHP: 0.000
-   MortenaxBlade AV: 45.886 ENERGY: 110.217 MaxHP: 4779.283 CurrHp 1577.792 ShieldHP: 0.000
-   Saber AV: 50.320 ENERGY: 109.667 MaxHP: 3366.991 CurrHp 3366.991 ShieldHP: 0.000
-   Sunday AV: 52.339 ENERGY: 99.349 MaxHP: 3638.196 CurrHp 1849.828 ShieldHP: 0.000
-   InfiniteFury AV: 80.549 ENERGY: 0.000 MaxHP: 0.000 CurrHp 0.000 ShieldHP: 0.000

Combat context set: 3 enemies, 4 players
Combat context initialized: 3 enemies, Elation team size: 0
ACTION > [CHAR] TotalAV: 315.330 | TurnAV: 18.617 | HuoHuo | A-move
    TURN   - HuoHuoBasic | HuoHuo | SUS | ST attack | ['WIN'] | ['BSC'] | Scaling: HP | TargetID: 1 | DMG/BREAK Splits: [0.5, 0]/[10, 0] | Energy Gained: 20 | SP Change: 1

        ----------Char Buffs----------
        KeelCD(SUP1) | CD% | Stacks: 1 | Value: 0.100 | Remaining Turns: 1 | TickDown: SUS, PERM | Target: SUS | Affects: ['ALL']
        PostOpERR | ERR% | Stacks: 1 | Value: 0.160 | Remaining Turns: 1 | TickDown: SUS, PERM | Target: SUS | Affects: ['ALL']
        WarriorGoddessSPD | SPD% | Stacks: 1 | Value: 0.060 | Remaining Turns: 1 | TickDown: SUS, PERM | Target: SUS | Affects: ['ALL']
        KeelEFFRES | ERS% | Stacks: 1 | Value: 0.100 | Remaining Turns: 1 | TickDown: SUS, PERM | Target: SUS | Affects: ['ALL']
        KeelCD(SUS) | CD% | Stacks: 1 | Value: 0.100 | Remaining Turns: 1 | TickDown: SUS, PERM | Target: SUS | Affects: ['ALL']
        HHTraceHP | HP% | Stacks: 1 | Value: 0.280 | Remaining Turns: 1 | TickDown: SUS, PERM | Target: SUS | Affects: ['ALL']
        HHTraceERS | ERS% | Stacks: 1 | Value: 0.180 | Remaining Turns: 1 | TickDown: SUS, PERM | Target: SUS | Affects: ['ALL']
        HHTraceSPD | SPD | Stacks: 1 | Value: 5.000 | Remaining Turns: 1 | TickDown: SUS, PERM | Target: SUS | Affects: ['ALL']
        MasterSmithComburent | DMG% | Stacks: 1 | Value: 0.150 | Remaining Turns: 2 | TickDown: SUS, END | Target: SUS | Affects: ['ALL']
        MortenaxBladeDMGBoost | DMG% | Stacks: 1 | Value: 0.500 | Remaining Turns: 1 | TickDown: SUS, PERM | Target: SUS | Affects: ['ALL']
        WarriorGoddessHealSPD | SPD% | Stacks: 1 | Value: 0.060 | Remaining Turns: 1 | TickDown: SUS, START | Target: SUS | Affects: ['ALL']
        WarriorGoddessHealCD | CD% | Stacks: 1 | Value: 0.150 | Remaining Turns: 1 | TickDown: SUS, START | Target: SUS | Affects: ['ALL']
        ----------End of Buff List----------

        ----------Enemy Debuffs----------
        MortenaxBladeUltVul | From: SUP2 | VULN | Stacks: 1 | Value: 0.500 | Remaining Turns: 2 | Target: 1 | Targeting: ST | Affects: ['ALL'] | DOT: False | Blast: False
        MortenaxBladeUltShred | From: SUP2 | SHRED | Stacks: 1 | Value: 0.300 | Remaining Turns: 2 | Target: 1 | Targeting: ST | Affects: ['ALL'] | DOT: False | Blast: False
        ResoShred(SUP2) | From: SUP2 | SHRED | Stacks: 1 | Value: 0.160 | Remaining Turns: 1 | Target: 1 | Targeting: AOE | Affects: ['ALL'] | DOT: False | Blast: False
        ----------End of Debuff List----------
        ----------Healing List----------
        ----------End of Healing List----------
    GAUGE  - Enemy 1 toughness reduced by 10.000
    RESULT - HuoHuoBasic | HuoHuo | SUS | DMG: 4660.219 | ELADMG: 0.000 | Enemies Hit: [1] | Enemies Broken: [] | WB DMG: 0.000 | Energy: 27.088 | Amount HP Healed: 0.000 | Amount HP Lost: 0.000 | HuoHuo Energy: 51/140 | SP: 3 | MaxSP: 5)
MortenaxBlade has obtained 1 Charge. Current Charge count: 7.
AV     > HuoHuo AV reset to 62.308 | 160.492 SPD

<<< NEW TURN >>>
-   Enemy 2 AV: 0.000 ENERGY: 0.000 MaxHP: 2000000.000 CurrHp 915110.714 ShieldHP: 0.000
-   Enemy 0 AV: 0.000 ENERGY: 0.000 MaxHP: 2000000.000 CurrHp 915110.714 ShieldHP: 0.000
-   Enemy 1 AV: 4.516 ENERGY: 0.000 MaxHP: 5000000.000 CurrHp 2010913.114 ShieldHP: 0.000
-   MortenaxBlade AV: 34.293 ENERGY: 110.217 MaxHP: 4779.283 CurrHp 1577.792 ShieldHP: 0.000
-   Saber AV: 38.726 ENERGY: 109.667 MaxHP: 3366.991 CurrHp 3366.991 ShieldHP: 0.000
-   Sunday AV: 40.746 ENERGY: 99.349 MaxHP: 3638.196 CurrHp 1849.828 ShieldHP: 0.000
-   HuoHuo AV: 50.715 ENERGY: 51.016 MaxHP: 6139.808 CurrHp 5368.329 ShieldHP: 0.000
-   InfiniteFury AV: 68.955 ENERGY: 0.000 MaxHP: 0.000 CurrHp 0.000 ShieldHP: 0.000

Combat context set: 3 enemies, 4 players
Combat context initialized: 3 enemies, Elation team size: 0
ACTION > [ENEMY] TotalAV: 326.923 | TurnAV: 11.594 | Enemy 2 | 1 attacks
MortenaxBlade has obtained 1 Charge. Current Charge count: 8.
    CharEnergy - Saber: Hit 5.000 Total: 114.667 | Sunday: Hit 5.000 Total: 105.821 | MortenaxBlade: Hit 5.000 Total: 116.439 | HuoHuo: Hit 5.000 Total: 57.787 |
    ENEMY  - Enemy 2 [aoe] dealt 226.0 to Saber (energy: 3.3, DEF: 2504, atkMul: 1.00, dmgMul: 1.00) | Shield Absorbed: 0.0 | HP Lost: 226.0 | HP: 3141/3367 | Shield HP: 0
    ENEMY  - Enemy 2 [aoe] dealt 113.0 to Saber (energy: 1.7, DEF: 2504, atkMul: 1.00, dmgMul: 1.00) | Shield Absorbed: 0.0 | HP Lost: 113.0 | HP: 3028/3367 | Shield HP: 0
    ENEMY  - Enemy 2 [aoe] dealt 157.3 to Sunday (energy: 1.7, DEF: 1474, atkMul: 1.00, dmgMul: 1.00) | Shield Absorbed: 0.0 | HP Lost: 157.3 | HP: 1693/3638 | Shield HP: 0
    ENEMY  - Enemy 2 [aoe] dealt 65.2 to MortenaxBlade (energy: 1.7, DEF: 2014, atkMul: 1.00, dmgMul: 1.00) | Shield Absorbed: 0.0 | HP Lost: 65.2 | HP: 1513/4779 | Shield HP: 0
    ENEMY  - Enemy 2 [aoe] dealt 116.0 to HuoHuo (energy: 1.7, DEF: 2410, atkMul: 1.00, dmgMul: 1.00) | Shield Absorbed: 0.0 | HP Lost: 116.0 | HP: 5252/6140 | Shield HP: 0
    ENEMY  - Enemy 2 [aoe] dealt 130.5 to MortenaxBlade (energy: 3.3, DEF: 2014, atkMul: 1.00, dmgMul: 1.00) | Shield Absorbed: 0.0 | HP Lost: 130.5 | HP: 1382/4779 | Shield HP: 0
    ENEMY  - Enemy 2 [aoe] dealt 314.6 to Sunday (energy: 3.3, DEF: 1474, atkMul: 1.00, dmgMul: 1.00) | Shield Absorbed: 0.0 | HP Lost: 314.6 | HP: 1378/3638 | Shield HP: 0
    ENEMY  - Enemy 2 [aoe] dealt 231.9 to HuoHuo (energy: 3.3, DEF: 2410, atkMul: 1.00, dmgMul: 1.00) | Shield Absorbed: 0.0 | HP Lost: 231.9 | HP: 5020/6140 | Shield HP: 0
MortenaxBlade has obtained 1 Charge. Current Charge count: 9.
MortenaxBlade useHit produced 2 debuffs
    DEBUFF - Enemy 2 took 10511.014 Debuff damage from Enemy 2 WIN-break
        Debuff Enemy 2 WIN-break expired
        Debuff ResoShred(SUP2) expired
AV     > Enemy 2 AV reset to 76.923 | 130.000 SPD

<<< NEW TURN >>>
-   Enemy 0 AV: 0.000 ENERGY: 0.000 MaxHP: 2000000.000 CurrHp 915110.714 ShieldHP: 0.000
-   Enemy 1 AV: 4.516 ENERGY: 0.000 MaxHP: 5000000.000 CurrHp 2010913.114 ShieldHP: 0.000
-   MortenaxBlade AV: 34.293 ENERGY: 116.439 MaxHP: 4779.283 CurrHp 1382.052 ShieldHP: 0.000
-   Saber AV: 38.726 ENERGY: 114.667 MaxHP: 3366.991 CurrHp 3028.023 ShieldHP: 0.000
-   Sunday AV: 40.746 ENERGY: 105.821 MaxHP: 3638.196 CurrHp 1377.896 ShieldHP: 0.000
-   HuoHuo AV: 50.715 ENERGY: 57.787 MaxHP: 6139.808 CurrHp 5020.418 ShieldHP: 0.000
-   InfiniteFury AV: 68.955 ENERGY: 0.000 MaxHP: 0.000 CurrHp 0.000 ShieldHP: 0.000
-   Enemy 2 AV: 76.923 ENERGY: 0.000 MaxHP: 2000000.000 CurrHp 915110.714 ShieldHP: 0.000

Combat context set: 3 enemies, 4 players
Combat context initialized: 3 enemies, Elation team size: 0
ACTION > [ENEMY] TotalAV: 326.923 | TurnAV: 0.000 | Enemy 0 | 1 attacks
MortenaxBlade has obtained 1 Charge. Current Charge count: 10.
    CharEnergy - Saber: Hit 3.333 Total: 118.000 | Sunday: Hit 10.000 Total: 118.765 | MortenaxBlade: Hit 6.667 Total: 124.735 | HuoHuo: Hit 6.667 Total: 66.817 |
    ENEMY  - Enemy 0 [aoe] dealt 130.5 to MortenaxBlade (energy: 3.3, DEF: 2014, atkMul: 1.00, dmgMul: 1.00) | Shield Absorbed: 0.0 | HP Lost: 130.5 | HP: 1252/4779 | Shield HP: 0
    ENEMY  - Enemy 0 [aoe] dealt 314.6 to Sunday (energy: 3.3, DEF: 1474, atkMul: 1.00, dmgMul: 1.00) | Shield Absorbed: 0.0 | HP Lost: 314.6 | HP: 1063/3638 | Shield HP: 0
    ENEMY  - Enemy 0 [aoe] dealt 231.9 to HuoHuo (energy: 3.3, DEF: 2410, atkMul: 1.00, dmgMul: 1.00) | Shield Absorbed: 0.0 | HP Lost: 231.9 | HP: 4788/6140 | Shield HP: 0
    ENEMY  - Enemy 0 [aoe] dealt 226.0 to Saber (energy: 3.3, DEF: 2504, atkMul: 1.00, dmgMul: 1.00) | Shield Absorbed: 0.0 | HP Lost: 226.0 | HP: 2802/3367 | Shield HP: 0
    ENEMY  - Enemy 0 [aoe] dealt 314.6 to Sunday (energy: 3.3, DEF: 1474, atkMul: 1.00, dmgMul: 1.00) | Shield Absorbed: 0.0 | HP Lost: 314.6 | HP: 749/3638 | Shield HP: 0
    ENEMY  - Enemy 0 [aoe] dealt 130.5 to MortenaxBlade (energy: 3.3, DEF: 2014, atkMul: 1.00, dmgMul: 1.00) | Shield Absorbed: 0.0 | HP Lost: 130.5 | HP: 1121/4779 | Shield HP: 0
    ENEMY  - Enemy 0 [aoe] dealt 314.6 to Sunday (energy: 3.3, DEF: 1474, atkMul: 1.00, dmgMul: 1.00) | Shield Absorbed: 0.0 | HP Lost: 314.6 | HP: 434/3638 | Shield HP: 0
    ENEMY  - Enemy 0 [aoe] dealt 231.9 to HuoHuo (energy: 3.3, DEF: 2410, atkMul: 1.00, dmgMul: 1.00) | Shield Absorbed: 0.0 | HP Lost: 231.9 | HP: 4557/6140 | Shield HP: 0
MortenaxBlade has obtained 1 Charge. Current Charge count: 11.
MortenaxBlade useHit produced 2 debuffs
    DEBUFF - Enemy 0 took 10511.014 Debuff damage from Enemy 0 WIN-break
        Debuff Enemy 0 WIN-break expired
        Debuff ResoShred(SUP2) expired
AV     > Enemy 0 AV reset to 76.923 | 130.000 SPD

<<< NEW TURN >>>
-   Enemy 1 AV: 0.000 ENERGY: 0.000 MaxHP: 5000000.000 CurrHp 2010913.114 ShieldHP: 0.000
-   MortenaxBlade AV: 29.776 ENERGY: 124.735 MaxHP: 4779.283 CurrHp 1121.066 ShieldHP: 0.000
-   Saber AV: 34.210 ENERGY: 118.000 MaxHP: 3366.991 CurrHp 2802.045 ShieldHP: 0.000
-   Sunday AV: 36.229 ENERGY: 118.765 MaxHP: 3638.196 CurrHp 434.032 ShieldHP: 0.000
-   HuoHuo AV: 46.199 ENERGY: 66.817 MaxHP: 6139.808 CurrHp 4556.535 ShieldHP: 0.000
-   InfiniteFury AV: 64.439 ENERGY: 0.000 MaxHP: 0.000 CurrHp 0.000 ShieldHP: 0.000
-   Enemy 0 AV: 72.407 ENERGY: 0.000 MaxHP: 2000000.000 CurrHp 915110.714 ShieldHP: 0.000
-   Enemy 2 AV: 72.407 ENERGY: 0.000 MaxHP: 2000000.000 CurrHp 915110.714 ShieldHP: 0.000

Combat context set: 3 enemies, 4 players
Combat context initialized: 3 enemies, Elation team size: 0
ACTION > [ENEMY] TotalAV: 331.439 | TurnAV: 4.516 | Enemy 1 | 1 attacks
MortenaxBlade has obtained 1 Charge. Current Charge count: 12.
    CharEnergy - Saber: Hit 0.000 Total: 118.000 | Sunday: Hit 6.667 Total: 127.394 | MortenaxBlade: Hit 10.000 Total: 137.179 | HuoHuo: Hit 6.667 Total: 75.846 |
    ENEMY  - Enemy 1 [aoe] dealt 130.5 to MortenaxBlade (energy: 3.3, DEF: 2014, atkMul: 1.00, dmgMul: 1.00) | Shield Absorbed: 0.0 | HP Lost: 130.5 | HP: 991/4779 | Shield HP: 0
    ENEMY  - Enemy 1 [aoe] dealt 130.5 to MortenaxBlade (energy: 3.3, DEF: 2014, atkMul: 1.00, dmgMul: 1.00) | Shield Absorbed: 0.0 | HP Lost: 130.5 | HP: 860/4779 | Shield HP: 0
    ENEMY  - Enemy 1 [aoe] dealt 314.6 to Sunday (energy: 3.3, DEF: 1474, atkMul: 1.00, dmgMul: 1.00) | Shield Absorbed: 0.0 | HP Lost: 314.6 | HP: 119/3638 | Shield HP: 0
    ENEMY  - Enemy 1 [aoe] dealt 231.9 to HuoHuo (energy: 3.3, DEF: 2410, atkMul: 1.00, dmgMul: 1.00) | Shield Absorbed: 0.0 | HP Lost: 231.9 | HP: 4325/6140 | Shield HP: 0
    ENEMY  - Enemy 1 [aoe] dealt 130.5 to MortenaxBlade (energy: 3.3, DEF: 2014, atkMul: 1.00, dmgMul: 1.00) | Shield Absorbed: 0.0 | HP Lost: 130.5 | HP: 730/4779 | Shield HP: 0
    ENEMY  - Enemy 1 [aoe] dealt 314.6 to Sunday (energy: 3.3, DEF: 1474, atkMul: 1.00, dmgMul: 1.00) | Shield Absorbed: 0.0 | HP Lost: 314.6 | HP: 1/3638 | Shield HP: 0
    ENEMY  - Enemy 1 [aoe] dealt 231.9 to HuoHuo (energy: 3.3, DEF: 2410, atkMul: 1.00, dmgMul: 1.00) | Shield Absorbed: 0.0 | HP Lost: 231.9 | HP: 4093/6140 | Shield HP: 0
MortenaxBlade has obtained 1 Charge. Current Charge count: 13.
MortenaxBlade useHit produced 2 debuffs
        Debuff ResoShred(SUP2) expired
AV     > Enemy 1 AV reset to 63.131 | 158.400 SPD

<<< NEW TURN >>>
-   MortenaxBlade AV: 0.000 ENERGY: 137.179 MaxHP: 4779.283 CurrHp 729.587 ShieldHP: 0.000
-   Saber AV: 4.434 ENERGY: 118.000 MaxHP: 3366.991 CurrHp 2802.045 ShieldHP: 0.000
-   Sunday AV: 6.453 ENERGY: 127.394 MaxHP: 3638.196 CurrHp 1.000 ShieldHP: 0.000
-   HuoHuo AV: 16.422 ENERGY: 75.846 MaxHP: 6139.808 CurrHp 4092.653 ShieldHP: 0.000
-   Enemy 1 AV: 33.355 ENERGY: 0.000 MaxHP: 5000000.000 CurrHp 2010913.114 ShieldHP: 0.000
-   InfiniteFury AV: 34.663 ENERGY: 0.000 MaxHP: 0.000 CurrHp 0.000 ShieldHP: 0.000
-   Enemy 0 AV: 42.630 ENERGY: 0.000 MaxHP: 2000000.000 CurrHp 915110.714 ShieldHP: 0.000
-   Enemy 2 AV: 42.630 ENERGY: 0.000 MaxHP: 2000000.000 CurrHp 915110.714 ShieldHP: 0.000

Combat context set: 3 enemies, 4 players
Combat context initialized: 3 enemies, Elation team size: 0
ACTION > [CHAR] TotalAV: 361.216 | TurnAV: 29.776 | MortenaxBlade | E-move
        Buff WarriorGoddessHealCD expired
MortenaxBlade has obtained 1 Charge. Current Charge count: 14.
    TURN   - MortenaxBladeAOESkill | MortenaxBlade | SUP2 | AOE attack | ['FIR'] | ['SKL'] | Scaling: HP | TargetID: 1 | DMG/BREAK Splits: [0.72, 0]/[10, 0] | Energy Gained: 30 | SP Change: 0

        ----------Char Buffs----------
        KeelCD(SUP1) | CD% | Stacks: 1 | Value: 0.100 | Remaining Turns: 1 | TickDown: SUP2, PERM | Target: SUP2 | Affects: ['ALL']
        MasterSmithHP | HP% | Stacks: 1 | Value: 0.120 | Remaining Turns: 1 | TickDown: SUP2, PERM | Target: SUP2 | Affects: ['ALL']
        VonwacqERR | ERR% | Stacks: 1 | Value: 0.050 | Remaining Turns: 1 | TickDown: SUP2, PERM | Target: SUP2 | Affects: ['ALL']
        MortenaxBladeTraceCR | CR% | Stacks: 1 | Value: 0.120 | Remaining Turns: 1 | TickDown: SUP2, PERM | Target: SUP2 | Affects: ['ALL']
        MortenaxBladeTraceHP | HP% | Stacks: 1 | Value: 0.100 | Remaining Turns: 1 | TickDown: SUP2, PERM | Target: SUP2 | Affects: ['ALL']
        MortenaxBladeTraceDMG | DMG% | Stacks: 1 | Value: 0.224 | Remaining Turns: 1 | TickDown: SUP2, PERM | Target: SUP2 | Affects: ['ALL']
        KeelCD(SUS) | CD% | Stacks: 1 | Value: 0.100 | Remaining Turns: 1 | TickDown: SUP2, PERM | Target: SUP2 | Affects: ['ALL']
        MasterSmithCD | CD% | Stacks: 1 | Value: 0.280 | Remaining Turns: 1 | TickDown: SUP2, PERM | Target: SUP2 | Affects: ['ALL']
        MasterSmithComburent | DMG% | Stacks: 1 | Value: 0.150 | Remaining Turns: 1 | TickDown: SUP2, END | Target: SUP2 | Affects: ['ALL']
        MortenaxBladeCRBoost | CR% | Stacks: 1 | Value: 0.200 | Remaining Turns: 1 | TickDown: SUP2, PERM | Target: SUP2 | Affects: ['ALL']
        MortenaxBladeCDBoost | CD% | Stacks: 1 | Value: 0.600 | Remaining Turns: 1 | TickDown: SUP2, PERM | Target: SUP2 | Affects: ['ALL']
        MortenaxBladeDMGReduction | DMG_REDUCTION | Stacks: 1 | Value: 0.500 | Remaining Turns: 1 | TickDown: SUP2, PERM | Target: SUP2 | Affects: ['ALL']
        MortenaxBladeDMGBoost | DMG% | Stacks: 1 | Value: 0.500 | Remaining Turns: 1 | TickDown: SUP2, PERM | Target: SUP2 | Affects: ['ALL']
        MortenaxBladeDMG | DMG% | Stacks: 1 | Value: 0.750 | Remaining Turns: 1 | TickDown: SUP2, PERM | Target: SUP2 | Affects: ['ALL']
        HuoHuoUltATK | ATK% | Stacks: 1 | Value: 0.400 | Remaining Turns: 1 | TickDown: SUP2, END | Target: SUP2 | Affects: ['ALL']
        HuoHuoUltExtraATK | ATK% | Stacks: 1 | Value: 0.240 | Remaining Turns: 1 | TickDown: SUP2, END | Target: SUP2 | Affects: ['ALL']
        ----------End of Buff List----------

        ----------Enemy Debuffs----------
        MortenaxBladeUltVul | From: SUP2 | VULN | Stacks: 1 | Value: 0.500 | Remaining Turns: 2 | Target: 1 | Targeting: ST | Affects: ['ALL'] | DOT: False | Blast: False
        MortenaxBladeUltShred | From: SUP2 | SHRED | Stacks: 1 | Value: 0.300 | Remaining Turns: 2 | Target: 1 | Targeting: ST | Affects: ['ALL'] | DOT: False | Blast: False
        ResoShred(SUP2) | From: SUP2 | SHRED | Stacks: 1 | Value: 0.160 | Remaining Turns: 1 | Target: 1 | Targeting: ST | Affects: ['ALL'] | DOT: False | Blast: False
        ----------End of Debuff List----------
        ----------Healing List----------
        ----------End of Healing List----------
    GAUGE  - Enemy 0 toughness reduced by 0.000
    GAUGE  - Enemy 1 toughness reduced by 0.000
    GAUGE  - Enemy 2 toughness reduced by 0.000
    RESULT - MortenaxBladeAOESkill | MortenaxBlade | SUP2 | DMG: 35702.859 | ELADMG: 0.000 | Enemies Hit: [0, 1, 2] | Enemies Broken: [] | WB DMG: 0.000 | Energy: 37.332 | Amount HP Healed: 0.000 | Amount HP Lost: 0.000 | MortenaxBlade Energy: 160/160 | SP: 3 | MaxSP: 5)
MortenaxBlade has obtained 1 Charge. Current Charge count: 6.
    TURN   - MortenaxBladeBounceSkill | MortenaxBlade | SUP2 | ST attack | ['FIR'] | ['SKL'] | Scaling: HP | TargetID: 1 | DMG/BREAK Splits: [0.24, 0]/[5, 0] | Energy Gained: 0 | SP Change: 0

        ----------Char Buffs----------
        KeelCD(SUP1) | CD% | Stacks: 1 | Value: 0.100 | Remaining Turns: 1 | TickDown: SUP2, PERM | Target: SUP2 | Affects: ['ALL']
        MasterSmithHP | HP% | Stacks: 1 | Value: 0.120 | Remaining Turns: 1 | TickDown: SUP2, PERM | Target: SUP2 | Affects: ['ALL']
        VonwacqERR | ERR% | Stacks: 1 | Value: 0.050 | Remaining Turns: 1 | TickDown: SUP2, PERM | Target: SUP2 | Affects: ['ALL']
        MortenaxBladeTraceCR | CR% | Stacks: 1 | Value: 0.120 | Remaining Turns: 1 | TickDown: SUP2, PERM | Target: SUP2 | Affects: ['ALL']
        MortenaxBladeTraceHP | HP% | Stacks: 1 | Value: 0.100 | Remaining Turns: 1 | TickDown: SUP2, PERM | Target: SUP2 | Affects: ['ALL']
        MortenaxBladeTraceDMG | DMG% | Stacks: 1 | Value: 0.224 | Remaining Turns: 1 | TickDown: SUP2, PERM | Target: SUP2 | Affects: ['ALL']
        KeelCD(SUS) | CD% | Stacks: 1 | Value: 0.100 | Remaining Turns: 1 | TickDown: SUP2, PERM | Target: SUP2 | Affects: ['ALL']
        MasterSmithCD | CD% | Stacks: 1 | Value: 0.280 | Remaining Turns: 1 | TickDown: SUP2, PERM | Target: SUP2 | Affects: ['ALL']
        MasterSmithComburent | DMG% | Stacks: 1 | Value: 0.150 | Remaining Turns: 1 | TickDown: SUP2, END | Target: SUP2 | Affects: ['ALL']
        MortenaxBladeCRBoost | CR% | Stacks: 1 | Value: 0.200 | Remaining Turns: 1 | TickDown: SUP2, PERM | Target: SUP2 | Affects: ['ALL']
        MortenaxBladeCDBoost | CD% | Stacks: 1 | Value: 0.600 | Remaining Turns: 1 | TickDown: SUP2, PERM | Target: SUP2 | Affects: ['ALL']
        MortenaxBladeDMGReduction | DMG_REDUCTION | Stacks: 1 | Value: 0.500 | Remaining Turns: 1 | TickDown: SUP2, PERM | Target: SUP2 | Affects: ['ALL']
        MortenaxBladeDMGBoost | DMG% | Stacks: 1 | Value: 0.500 | Remaining Turns: 1 | TickDown: SUP2, PERM | Target: SUP2 | Affects: ['ALL']
        MortenaxBladeDMG | DMG% | Stacks: 1 | Value: 0.750 | Remaining Turns: 1 | TickDown: SUP2, PERM | Target: SUP2 | Affects: ['ALL']
        HuoHuoUltATK | ATK% | Stacks: 1 | Value: 0.400 | Remaining Turns: 1 | TickDown: SUP2, END | Target: SUP2 | Affects: ['ALL']
        HuoHuoUltExtraATK | ATK% | Stacks: 1 | Value: 0.240 | Remaining Turns: 1 | TickDown: SUP2, END | Target: SUP2 | Affects: ['ALL']
        ----------End of Buff List----------

        ----------Enemy Debuffs----------
        MortenaxBladeUltVul | From: SUP2 | VULN | Stacks: 1 | Value: 0.500 | Remaining Turns: 2 | Target: 1 | Targeting: ST | Affects: ['ALL'] | DOT: False | Blast: False
        MortenaxBladeUltShred | From: SUP2 | SHRED | Stacks: 1 | Value: 0.300 | Remaining Turns: 2 | Target: 1 | Targeting: ST | Affects: ['ALL'] | DOT: False | Blast: False
        ResoShred(SUP2) | From: SUP2 | SHRED | Stacks: 1 | Value: 0.160 | Remaining Turns: 1 | Target: 1 | Targeting: ST | Affects: ['ALL'] | DOT: False | Blast: False
        ----------End of Debuff List----------
        ----------Healing List----------
        ----------End of Healing List----------
    GAUGE  - Enemy 1 toughness reduced by 0.000
    RESULT - MortenaxBladeBounceSkill | MortenaxBlade | SUP2 | DMG: 4256.235 | ELADMG: 0.000 | Enemies Hit: [1] | Enemies Broken: [] | WB DMG: 0.000 | Energy: 0.000 | Amount HP Healed: 0.000 | Amount HP Lost: 0.000 | MortenaxBlade Energy: 160/160 | SP: 3 | MaxSP: 5)
    TURN   - MortenaxBladeBounceSkill | MortenaxBlade | SUP2 | ST attack | ['FIR'] | ['SKL'] | Scaling: HP | TargetID: 1 | DMG/BREAK Splits: [0.24, 0]/[5, 0] | Energy Gained: 0 | SP Change: 0

        ----------Char Buffs----------
        KeelCD(SUP1) | CD% | Stacks: 1 | Value: 0.100 | Remaining Turns: 1 | TickDown: SUP2, PERM | Target: SUP2 | Affects: ['ALL']
        MasterSmithHP | HP% | Stacks: 1 | Value: 0.120 | Remaining Turns: 1 | TickDown: SUP2, PERM | Target: SUP2 | Affects: ['ALL']
        VonwacqERR | ERR% | Stacks: 1 | Value: 0.050 | Remaining Turns: 1 | TickDown: SUP2, PERM | Target: SUP2 | Affects: ['ALL']
        MortenaxBladeTraceCR | CR% | Stacks: 1 | Value: 0.120 | Remaining Turns: 1 | TickDown: SUP2, PERM | Target: SUP2 | Affects: ['ALL']
        MortenaxBladeTraceHP | HP% | Stacks: 1 | Value: 0.100 | Remaining Turns: 1 | TickDown: SUP2, PERM | Target: SUP2 | Affects: ['ALL']
        MortenaxBladeTraceDMG | DMG% | Stacks: 1 | Value: 0.224 | Remaining Turns: 1 | TickDown: SUP2, PERM | Target: SUP2 | Affects: ['ALL']
        KeelCD(SUS) | CD% | Stacks: 1 | Value: 0.100 | Remaining Turns: 1 | TickDown: SUP2, PERM | Target: SUP2 | Affects: ['ALL']
        MasterSmithCD | CD% | Stacks: 1 | Value: 0.280 | Remaining Turns: 1 | TickDown: SUP2, PERM | Target: SUP2 | Affects: ['ALL']
        MasterSmithComburent | DMG% | Stacks: 1 | Value: 0.150 | Remaining Turns: 2 | TickDown: SUP2, END | Target: SUP2 | Affects: ['ALL']
        MortenaxBladeCRBoost | CR% | Stacks: 1 | Value: 0.200 | Remaining Turns: 1 | TickDown: SUP2, PERM | Target: SUP2 | Affects: ['ALL']
        MortenaxBladeCDBoost | CD% | Stacks: 1 | Value: 0.600 | Remaining Turns: 1 | TickDown: SUP2, PERM | Target: SUP2 | Affects: ['ALL']
        MortenaxBladeDMGReduction | DMG_REDUCTION | Stacks: 1 | Value: 0.500 | Remaining Turns: 1 | TickDown: SUP2, PERM | Target: SUP2 | Affects: ['ALL']
        MortenaxBladeDMGBoost | DMG% | Stacks: 1 | Value: 0.500 | Remaining Turns: 1 | TickDown: SUP2, PERM | Target: SUP2 | Affects: ['ALL']
        MortenaxBladeDMG | DMG% | Stacks: 1 | Value: 0.750 | Remaining Turns: 1 | TickDown: SUP2, PERM | Target: SUP2 | Affects: ['ALL']
        HuoHuoUltATK | ATK% | Stacks: 1 | Value: 0.400 | Remaining Turns: 1 | TickDown: SUP2, END | Target: SUP2 | Affects: ['ALL']
        HuoHuoUltExtraATK | ATK% | Stacks: 1 | Value: 0.240 | Remaining Turns: 1 | TickDown: SUP2, END | Target: SUP2 | Affects: ['ALL']
        ----------End of Buff List----------

        ----------Enemy Debuffs----------
        MortenaxBladeUltVul | From: SUP2 | VULN | Stacks: 1 | Value: 0.500 | Remaining Turns: 2 | Target: 1 | Targeting: ST | Affects: ['ALL'] | DOT: False | Blast: False
        MortenaxBladeUltShred | From: SUP2 | SHRED | Stacks: 1 | Value: 0.300 | Remaining Turns: 2 | Target: 1 | Targeting: ST | Affects: ['ALL'] | DOT: False | Blast: False
        ResoShred(SUP2) | From: SUP2 | SHRED | Stacks: 1 | Value: 0.160 | Remaining Turns: 1 | Target: 1 | Targeting: ST | Affects: ['ALL'] | DOT: False | Blast: False
        ----------End of Debuff List----------
        ----------Healing List----------
        ----------End of Healing List----------
    GAUGE  - Enemy 1 toughness reduced by 0.000
    RESULT - MortenaxBladeBounceSkill | MortenaxBlade | SUP2 | DMG: 4256.235 | ELADMG: 0.000 | Enemies Hit: [1] | Enemies Broken: [] | WB DMG: 0.000 | Energy: 0.000 | Amount HP Healed: 0.000 | Amount HP Lost: 0.000 | MortenaxBlade Energy: 160/160 | SP: 3 | MaxSP: 5)
    TURN   - MortenaxBladeBounceSkill | MortenaxBlade | SUP2 | ST attack | ['FIR'] | ['SKL'] | Scaling: HP | TargetID: 1 | DMG/BREAK Splits: [0.24, 0]/[5, 0] | Energy Gained: 0 | SP Change: 0

        ----------Char Buffs----------
        KeelCD(SUP1) | CD% | Stacks: 1 | Value: 0.100 | Remaining Turns: 1 | TickDown: SUP2, PERM | Target: SUP2 | Affects: ['ALL']
        MasterSmithHP | HP% | Stacks: 1 | Value: 0.120 | Remaining Turns: 1 | TickDown: SUP2, PERM | Target: SUP2 | Affects: ['ALL']
        VonwacqERR | ERR% | Stacks: 1 | Value: 0.050 | Remaining Turns: 1 | TickDown: SUP2, PERM | Target: SUP2 | Affects: ['ALL']
        MortenaxBladeTraceCR | CR% | Stacks: 1 | Value: 0.120 | Remaining Turns: 1 | TickDown: SUP2, PERM | Target: SUP2 | Affects: ['ALL']
        MortenaxBladeTraceHP | HP% | Stacks: 1 | Value: 0.100 | Remaining Turns: 1 | TickDown: SUP2, PERM | Target: SUP2 | Affects: ['ALL']
        MortenaxBladeTraceDMG | DMG% | Stacks: 1 | Value: 0.224 | Remaining Turns: 1 | TickDown: SUP2, PERM | Target: SUP2 | Affects: ['ALL']
        KeelCD(SUS) | CD% | Stacks: 1 | Value: 0.100 | Remaining Turns: 1 | TickDown: SUP2, PERM | Target: SUP2 | Affects: ['ALL']
        MasterSmithCD | CD% | Stacks: 1 | Value: 0.280 | Remaining Turns: 1 | TickDown: SUP2, PERM | Target: SUP2 | Affects: ['ALL']
        MasterSmithComburent | DMG% | Stacks: 1 | Value: 0.150 | Remaining Turns: 2 | TickDown: SUP2, END | Target: SUP2 | Affects: ['ALL']
        MortenaxBladeCRBoost | CR% | Stacks: 1 | Value: 0.200 | Remaining Turns: 1 | TickDown: SUP2, PERM | Target: SUP2 | Affects: ['ALL']
        MortenaxBladeCDBoost | CD% | Stacks: 1 | Value: 0.600 | Remaining Turns: 1 | TickDown: SUP2, PERM | Target: SUP2 | Affects: ['ALL']
        MortenaxBladeDMGReduction | DMG_REDUCTION | Stacks: 1 | Value: 0.500 | Remaining Turns: 1 | TickDown: SUP2, PERM | Target: SUP2 | Affects: ['ALL']
        MortenaxBladeDMGBoost | DMG% | Stacks: 1 | Value: 0.500 | Remaining Turns: 1 | TickDown: SUP2, PERM | Target: SUP2 | Affects: ['ALL']
        MortenaxBladeDMG | DMG% | Stacks: 1 | Value: 0.750 | Remaining Turns: 1 | TickDown: SUP2, PERM | Target: SUP2 | Affects: ['ALL']
        HuoHuoUltATK | ATK% | Stacks: 1 | Value: 0.400 | Remaining Turns: 1 | TickDown: SUP2, END | Target: SUP2 | Affects: ['ALL']
        HuoHuoUltExtraATK | ATK% | Stacks: 1 | Value: 0.240 | Remaining Turns: 1 | TickDown: SUP2, END | Target: SUP2 | Affects: ['ALL']
        ----------End of Buff List----------

        ----------Enemy Debuffs----------
        MortenaxBladeUltVul | From: SUP2 | VULN | Stacks: 1 | Value: 0.500 | Remaining Turns: 2 | Target: 1 | Targeting: ST | Affects: ['ALL'] | DOT: False | Blast: False
        MortenaxBladeUltShred | From: SUP2 | SHRED | Stacks: 1 | Value: 0.300 | Remaining Turns: 2 | Target: 1 | Targeting: ST | Affects: ['ALL'] | DOT: False | Blast: False
        ResoShred(SUP2) | From: SUP2 | SHRED | Stacks: 1 | Value: 0.160 | Remaining Turns: 1 | Target: 1 | Targeting: ST | Affects: ['ALL'] | DOT: False | Blast: False
        ----------End of Debuff List----------
        ----------Healing List----------
        ----------End of Healing List----------
    GAUGE  - Enemy 1 toughness reduced by 0.000
    RESULT - MortenaxBladeBounceSkill | MortenaxBlade | SUP2 | DMG: 4256.235 | ELADMG: 0.000 | Enemies Hit: [1] | Enemies Broken: [] | WB DMG: 0.000 | Energy: 0.000 | Amount HP Healed: 0.000 | Amount HP Lost: 0.000 | MortenaxBlade Energy: 160/160 | SP: 3 | MaxSP: 5)
    TURN   - MortenaxBladeBounceSkill | MortenaxBlade | SUP2 | ST attack | ['FIR'] | ['SKL'] | Scaling: HP | TargetID: 1 | DMG/BREAK Splits: [0.24, 0]/[5, 0] | Energy Gained: 0 | SP Change: 0

        ----------Char Buffs----------
        KeelCD(SUP1) | CD% | Stacks: 1 | Value: 0.100 | Remaining Turns: 1 | TickDown: SUP2, PERM | Target: SUP2 | Affects: ['ALL']
        MasterSmithHP | HP% | Stacks: 1 | Value: 0.120 | Remaining Turns: 1 | TickDown: SUP2, PERM | Target: SUP2 | Affects: ['ALL']
        VonwacqERR | ERR% | Stacks: 1 | Value: 0.050 | Remaining Turns: 1 | TickDown: SUP2, PERM | Target: SUP2 | Affects: ['ALL']
        MortenaxBladeTraceCR | CR% | Stacks: 1 | Value: 0.120 | Remaining Turns: 1 | TickDown: SUP2, PERM | Target: SUP2 | Affects: ['ALL']
        MortenaxBladeTraceHP | HP% | Stacks: 1 | Value: 0.100 | Remaining Turns: 1 | TickDown: SUP2, PERM | Target: SUP2 | Affects: ['ALL']
        MortenaxBladeTraceDMG | DMG% | Stacks: 1 | Value: 0.224 | Remaining Turns: 1 | TickDown: SUP2, PERM | Target: SUP2 | Affects: ['ALL']
        KeelCD(SUS) | CD% | Stacks: 1 | Value: 0.100 | Remaining Turns: 1 | TickDown: SUP2, PERM | Target: SUP2 | Affects: ['ALL']
        MasterSmithCD | CD% | Stacks: 1 | Value: 0.280 | Remaining Turns: 1 | TickDown: SUP2, PERM | Target: SUP2 | Affects: ['ALL']
        MasterSmithComburent | DMG% | Stacks: 1 | Value: 0.150 | Remaining Turns: 2 | TickDown: SUP2, END | Target: SUP2 | Affects: ['ALL']
        MortenaxBladeCRBoost | CR% | Stacks: 1 | Value: 0.200 | Remaining Turns: 1 | TickDown: SUP2, PERM | Target: SUP2 | Affects: ['ALL']
        MortenaxBladeCDBoost | CD% | Stacks: 1 | Value: 0.600 | Remaining Turns: 1 | TickDown: SUP2, PERM | Target: SUP2 | Affects: ['ALL']
        MortenaxBladeDMGReduction | DMG_REDUCTION | Stacks: 1 | Value: 0.500 | Remaining Turns: 1 | TickDown: SUP2, PERM | Target: SUP2 | Affects: ['ALL']
        MortenaxBladeDMGBoost | DMG% | Stacks: 1 | Value: 0.500 | Remaining Turns: 1 | TickDown: SUP2, PERM | Target: SUP2 | Affects: ['ALL']
        MortenaxBladeDMG | DMG% | Stacks: 1 | Value: 0.750 | Remaining Turns: 1 | TickDown: SUP2, PERM | Target: SUP2 | Affects: ['ALL']
        HuoHuoUltATK | ATK% | Stacks: 1 | Value: 0.400 | Remaining Turns: 1 | TickDown: SUP2, END | Target: SUP2 | Affects: ['ALL']
        HuoHuoUltExtraATK | ATK% | Stacks: 1 | Value: 0.240 | Remaining Turns: 1 | TickDown: SUP2, END | Target: SUP2 | Affects: ['ALL']
        ----------End of Buff List----------

        ----------Enemy Debuffs----------
        MortenaxBladeUltVul | From: SUP2 | VULN | Stacks: 1 | Value: 0.500 | Remaining Turns: 2 | Target: 1 | Targeting: ST | Affects: ['ALL'] | DOT: False | Blast: False
        MortenaxBladeUltShred | From: SUP2 | SHRED | Stacks: 1 | Value: 0.300 | Remaining Turns: 2 | Target: 1 | Targeting: ST | Affects: ['ALL'] | DOT: False | Blast: False
        ResoShred(SUP2) | From: SUP2 | SHRED | Stacks: 1 | Value: 0.160 | Remaining Turns: 1 | Target: 1 | Targeting: ST | Affects: ['ALL'] | DOT: False | Blast: False
        ----------End of Debuff List----------
        ----------Healing List----------
        ----------End of Healing List----------
    GAUGE  - Enemy 1 toughness reduced by 0.000
    RESULT - MortenaxBladeBounceSkill | MortenaxBlade | SUP2 | DMG: 4256.235 | ELADMG: 0.000 | Enemies Hit: [1] | Enemies Broken: [] | WB DMG: 0.000 | Energy: 0.000 | Amount HP Healed: 0.000 | Amount HP Lost: 0.000 | MortenaxBlade Energy: 160/160 | SP: 3 | MaxSP: 5)
    TURN   - MortenaxBladeAOEFUA | MortenaxBlade | SUP2 | AOE attack | ['FIR'] | ['FUA'] | Scaling: HP | TargetID: 1 | DMG/BREAK Splits: [0.72, 0]/[10, 0] | Energy Gained: 25 | SP Change: 0

        ----------Char Buffs----------
        KeelCD(SUP1) | CD% | Stacks: 1 | Value: 0.100 | Remaining Turns: 1 | TickDown: SUP2, PERM | Target: SUP2 | Affects: ['ALL']
        MasterSmithHP | HP% | Stacks: 1 | Value: 0.120 | Remaining Turns: 1 | TickDown: SUP2, PERM | Target: SUP2 | Affects: ['ALL']
        VonwacqERR | ERR% | Stacks: 1 | Value: 0.050 | Remaining Turns: 1 | TickDown: SUP2, PERM | Target: SUP2 | Affects: ['ALL']
        MortenaxBladeTraceCR | CR% | Stacks: 1 | Value: 0.120 | Remaining Turns: 1 | TickDown: SUP2, PERM | Target: SUP2 | Affects: ['ALL']
        MortenaxBladeTraceHP | HP% | Stacks: 1 | Value: 0.100 | Remaining Turns: 1 | TickDown: SUP2, PERM | Target: SUP2 | Affects: ['ALL']
        MortenaxBladeTraceDMG | DMG% | Stacks: 1 | Value: 0.224 | Remaining Turns: 1 | TickDown: SUP2, PERM | Target: SUP2 | Affects: ['ALL']
        KeelCD(SUS) | CD% | Stacks: 1 | Value: 0.100 | Remaining Turns: 1 | TickDown: SUP2, PERM | Target: SUP2 | Affects: ['ALL']
        MasterSmithCD | CD% | Stacks: 1 | Value: 0.280 | Remaining Turns: 1 | TickDown: SUP2, PERM | Target: SUP2 | Affects: ['ALL']
        MasterSmithComburent | DMG% | Stacks: 1 | Value: 0.150 | Remaining Turns: 2 | TickDown: SUP2, END | Target: SUP2 | Affects: ['ALL']
        MortenaxBladeCRBoost | CR% | Stacks: 1 | Value: 0.200 | Remaining Turns: 1 | TickDown: SUP2, PERM | Target: SUP2 | Affects: ['ALL']
        MortenaxBladeCDBoost | CD% | Stacks: 1 | Value: 0.600 | Remaining Turns: 1 | TickDown: SUP2, PERM | Target: SUP2 | Affects: ['ALL']
        MortenaxBladeDMGReduction | DMG_REDUCTION | Stacks: 1 | Value: 0.500 | Remaining Turns: 1 | TickDown: SUP2, PERM | Target: SUP2 | Affects: ['ALL']
        MortenaxBladeDMGBoost | DMG% | Stacks: 1 | Value: 0.500 | Remaining Turns: 1 | TickDown: SUP2, PERM | Target: SUP2 | Affects: ['ALL']
        MortenaxBladeDMG | DMG% | Stacks: 1 | Value: 0.750 | Remaining Turns: 1 | TickDown: SUP2, PERM | Target: SUP2 | Affects: ['ALL']
        HuoHuoUltATK | ATK% | Stacks: 1 | Value: 0.400 | Remaining Turns: 1 | TickDown: SUP2, END | Target: SUP2 | Affects: ['ALL']
        HuoHuoUltExtraATK | ATK% | Stacks: 1 | Value: 0.240 | Remaining Turns: 1 | TickDown: SUP2, END | Target: SUP2 | Affects: ['ALL']
        ----------End of Buff List----------

        ----------Enemy Debuffs----------
        MortenaxBladeUltVul | From: SUP2 | VULN | Stacks: 1 | Value: 0.500 | Remaining Turns: 2 | Target: 1 | Targeting: ST | Affects: ['ALL'] | DOT: False | Blast: False
        MortenaxBladeUltShred | From: SUP2 | SHRED | Stacks: 1 | Value: 0.300 | Remaining Turns: 2 | Target: 1 | Targeting: ST | Affects: ['ALL'] | DOT: False | Blast: False
        ResoShred(SUP2) | From: SUP2 | SHRED | Stacks: 1 | Value: 0.160 | Remaining Turns: 1 | Target: 1 | Targeting: ST | Affects: ['ALL'] | DOT: False | Blast: False
        ----------End of Debuff List----------
        ----------Healing List----------
        ----------End of Healing List----------
    GAUGE  - Enemy 0 toughness reduced by 0.000
    GAUGE  - Enemy 1 toughness reduced by 0.000
    GAUGE  - Enemy 2 toughness reduced by 0.000
    RESULT - MortenaxBladeAOEFUA | MortenaxBlade | SUP2 | DMG: 38306.119 | ELADMG: 0.000 | Enemies Hit: [0, 1, 2] | Enemies Broken: [] | WB DMG: 0.000 | Energy: 31.110 | Amount HP Healed: 0.000 | Amount HP Lost: 0.000 | MortenaxBlade Energy: 160/160 | SP: 3 | MaxSP: 5)
    TURN   - MortenaxBladeBounceFUA | MortenaxBlade | SUP2 | ST attack | ['FIR'] | ['FUA'] | Scaling: HP | TargetID: 1 | DMG/BREAK Splits: [0.24, 0]/[5, 0] | Energy Gained: 0 | SP Change: 0

        ----------Char Buffs----------
        KeelCD(SUP1) | CD% | Stacks: 1 | Value: 0.100 | Remaining Turns: 1 | TickDown: SUP2, PERM | Target: SUP2 | Affects: ['ALL']
        MasterSmithHP | HP% | Stacks: 1 | Value: 0.120 | Remaining Turns: 1 | TickDown: SUP2, PERM | Target: SUP2 | Affects: ['ALL']
        VonwacqERR | ERR% | Stacks: 1 | Value: 0.050 | Remaining Turns: 1 | TickDown: SUP2, PERM | Target: SUP2 | Affects: ['ALL']
        MortenaxBladeTraceCR | CR% | Stacks: 1 | Value: 0.120 | Remaining Turns: 1 | TickDown: SUP2, PERM | Target: SUP2 | Affects: ['ALL']
        MortenaxBladeTraceHP | HP% | Stacks: 1 | Value: 0.100 | Remaining Turns: 1 | TickDown: SUP2, PERM | Target: SUP2 | Affects: ['ALL']
        MortenaxBladeTraceDMG | DMG% | Stacks: 1 | Value: 0.224 | Remaining Turns: 1 | TickDown: SUP2, PERM | Target: SUP2 | Affects: ['ALL']
        KeelCD(SUS) | CD% | Stacks: 1 | Value: 0.100 | Remaining Turns: 1 | TickDown: SUP2, PERM | Target: SUP2 | Affects: ['ALL']
        MasterSmithCD | CD% | Stacks: 1 | Value: 0.280 | Remaining Turns: 1 | TickDown: SUP2, PERM | Target: SUP2 | Affects: ['ALL']
        MasterSmithComburent | DMG% | Stacks: 1 | Value: 0.150 | Remaining Turns: 2 | TickDown: SUP2, END | Target: SUP2 | Affects: ['ALL']
        MortenaxBladeCRBoost | CR% | Stacks: 1 | Value: 0.200 | Remaining Turns: 1 | TickDown: SUP2, PERM | Target: SUP2 | Affects: ['ALL']
        MortenaxBladeCDBoost | CD% | Stacks: 1 | Value: 0.600 | Remaining Turns: 1 | TickDown: SUP2, PERM | Target: SUP2 | Affects: ['ALL']
        MortenaxBladeDMGReduction | DMG_REDUCTION | Stacks: 1 | Value: 0.500 | Remaining Turns: 1 | TickDown: SUP2, PERM | Target: SUP2 | Affects: ['ALL']
        MortenaxBladeDMGBoost | DMG% | Stacks: 1 | Value: 0.500 | Remaining Turns: 1 | TickDown: SUP2, PERM | Target: SUP2 | Affects: ['ALL']
        MortenaxBladeDMG | DMG% | Stacks: 1 | Value: 0.750 | Remaining Turns: 1 | TickDown: SUP2, PERM | Target: SUP2 | Affects: ['ALL']
        HuoHuoUltATK | ATK% | Stacks: 1 | Value: 0.400 | Remaining Turns: 1 | TickDown: SUP2, END | Target: SUP2 | Affects: ['ALL']
        HuoHuoUltExtraATK | ATK% | Stacks: 1 | Value: 0.240 | Remaining Turns: 1 | TickDown: SUP2, END | Target: SUP2 | Affects: ['ALL']
        ----------End of Buff List----------

        ----------Enemy Debuffs----------
        MortenaxBladeUltVul | From: SUP2 | VULN | Stacks: 1 | Value: 0.500 | Remaining Turns: 2 | Target: 1 | Targeting: ST | Affects: ['ALL'] | DOT: False | Blast: False
        MortenaxBladeUltShred | From: SUP2 | SHRED | Stacks: 1 | Value: 0.300 | Remaining Turns: 2 | Target: 1 | Targeting: ST | Affects: ['ALL'] | DOT: False | Blast: False
        ResoShred(SUP2) | From: SUP2 | SHRED | Stacks: 1 | Value: 0.160 | Remaining Turns: 1 | Target: 1 | Targeting: ST | Affects: ['ALL'] | DOT: False | Blast: False
        ----------End of Debuff List----------
        ----------Healing List----------
        ----------End of Healing List----------
    GAUGE  - Enemy 1 toughness reduced by 0.000
    RESULT - MortenaxBladeBounceFUA | MortenaxBlade | SUP2 | DMG: 4256.235 | ELADMG: 0.000 | Enemies Hit: [1] | Enemies Broken: [] | WB DMG: 0.000 | Energy: 0.000 | Amount HP Healed: 0.000 | Amount HP Lost: 0.000 | MortenaxBlade Energy: 160/160 | SP: 3 | MaxSP: 5)
    TURN   - MortenaxBladeBounceFUA | MortenaxBlade | SUP2 | ST attack | ['FIR'] | ['FUA'] | Scaling: HP | TargetID: 1 | DMG/BREAK Splits: [0.24, 0]/[5, 0] | Energy Gained: 0 | SP Change: 0

        ----------Char Buffs----------
        KeelCD(SUP1) | CD% | Stacks: 1 | Value: 0.100 | Remaining Turns: 1 | TickDown: SUP2, PERM | Target: SUP2 | Affects: ['ALL']
        MasterSmithHP | HP% | Stacks: 1 | Value: 0.120 | Remaining Turns: 1 | TickDown: SUP2, PERM | Target: SUP2 | Affects: ['ALL']
        VonwacqERR | ERR% | Stacks: 1 | Value: 0.050 | Remaining Turns: 1 | TickDown: SUP2, PERM | Target: SUP2 | Affects: ['ALL']
        MortenaxBladeTraceCR | CR% | Stacks: 1 | Value: 0.120 | Remaining Turns: 1 | TickDown: SUP2, PERM | Target: SUP2 | Affects: ['ALL']
        MortenaxBladeTraceHP | HP% | Stacks: 1 | Value: 0.100 | Remaining Turns: 1 | TickDown: SUP2, PERM | Target: SUP2 | Affects: ['ALL']
        MortenaxBladeTraceDMG | DMG% | Stacks: 1 | Value: 0.224 | Remaining Turns: 1 | TickDown: SUP2, PERM | Target: SUP2 | Affects: ['ALL']
        KeelCD(SUS) | CD% | Stacks: 1 | Value: 0.100 | Remaining Turns: 1 | TickDown: SUP2, PERM | Target: SUP2 | Affects: ['ALL']
        MasterSmithCD | CD% | Stacks: 1 | Value: 0.280 | Remaining Turns: 1 | TickDown: SUP2, PERM | Target: SUP2 | Affects: ['ALL']
        MasterSmithComburent | DMG% | Stacks: 1 | Value: 0.150 | Remaining Turns: 2 | TickDown: SUP2, END | Target: SUP2 | Affects: ['ALL']
        MortenaxBladeCRBoost | CR% | Stacks: 1 | Value: 0.200 | Remaining Turns: 1 | TickDown: SUP2, PERM | Target: SUP2 | Affects: ['ALL']
        MortenaxBladeCDBoost | CD% | Stacks: 1 | Value: 0.600 | Remaining Turns: 1 | TickDown: SUP2, PERM | Target: SUP2 | Affects: ['ALL']
        MortenaxBladeDMGReduction | DMG_REDUCTION | Stacks: 1 | Value: 0.500 | Remaining Turns: 1 | TickDown: SUP2, PERM | Target: SUP2 | Affects: ['ALL']
        MortenaxBladeDMGBoost | DMG% | Stacks: 1 | Value: 0.500 | Remaining Turns: 1 | TickDown: SUP2, PERM | Target: SUP2 | Affects: ['ALL']
        MortenaxBladeDMG | DMG% | Stacks: 1 | Value: 0.750 | Remaining Turns: 1 | TickDown: SUP2, PERM | Target: SUP2 | Affects: ['ALL']
        HuoHuoUltATK | ATK% | Stacks: 1 | Value: 0.400 | Remaining Turns: 1 | TickDown: SUP2, END | Target: SUP2 | Affects: ['ALL']
        HuoHuoUltExtraATK | ATK% | Stacks: 1 | Value: 0.240 | Remaining Turns: 1 | TickDown: SUP2, END | Target: SUP2 | Affects: ['ALL']
        ----------End of Buff List----------

        ----------Enemy Debuffs----------
        MortenaxBladeUltVul | From: SUP2 | VULN | Stacks: 1 | Value: 0.500 | Remaining Turns: 2 | Target: 1 | Targeting: ST | Affects: ['ALL'] | DOT: False | Blast: False
        MortenaxBladeUltShred | From: SUP2 | SHRED | Stacks: 1 | Value: 0.300 | Remaining Turns: 2 | Target: 1 | Targeting: ST | Affects: ['ALL'] | DOT: False | Blast: False
        ResoShred(SUP2) | From: SUP2 | SHRED | Stacks: 1 | Value: 0.160 | Remaining Turns: 1 | Target: 1 | Targeting: ST | Affects: ['ALL'] | DOT: False | Blast: False
        ----------End of Debuff List----------
        ----------Healing List----------
        ----------End of Healing List----------
    GAUGE  - Enemy 1 toughness reduced by 0.000
    RESULT - MortenaxBladeBounceFUA | MortenaxBlade | SUP2 | DMG: 4256.235 | ELADMG: 0.000 | Enemies Hit: [1] | Enemies Broken: [] | WB DMG: 0.000 | Energy: 0.000 | Amount HP Healed: 0.000 | Amount HP Lost: 0.000 | MortenaxBlade Energy: 160/160 | SP: 3 | MaxSP: 5)
    TURN   - MortenaxBladeBounceFUA | MortenaxBlade | SUP2 | ST attack | ['FIR'] | ['FUA'] | Scaling: HP | TargetID: 1 | DMG/BREAK Splits: [0.24, 0]/[5, 0] | Energy Gained: 0 | SP Change: 0

        ----------Char Buffs----------
        KeelCD(SUP1) | CD% | Stacks: 1 | Value: 0.100 | Remaining Turns: 1 | TickDown: SUP2, PERM | Target: SUP2 | Affects: ['ALL']
        MasterSmithHP | HP% | Stacks: 1 | Value: 0.120 | Remaining Turns: 1 | TickDown: SUP2, PERM | Target: SUP2 | Affects: ['ALL']
        VonwacqERR | ERR% | Stacks: 1 | Value: 0.050 | Remaining Turns: 1 | TickDown: SUP2, PERM | Target: SUP2 | Affects: ['ALL']
        MortenaxBladeTraceCR | CR% | Stacks: 1 | Value: 0.120 | Remaining Turns: 1 | TickDown: SUP2, PERM | Target: SUP2 | Affects: ['ALL']
        MortenaxBladeTraceHP | HP% | Stacks: 1 | Value: 0.100 | Remaining Turns: 1 | TickDown: SUP2, PERM | Target: SUP2 | Affects: ['ALL']
        MortenaxBladeTraceDMG | DMG% | Stacks: 1 | Value: 0.224 | Remaining Turns: 1 | TickDown: SUP2, PERM | Target: SUP2 | Affects: ['ALL']
        KeelCD(SUS) | CD% | Stacks: 1 | Value: 0.100 | Remaining Turns: 1 | TickDown: SUP2, PERM | Target: SUP2 | Affects: ['ALL']
        MasterSmithCD | CD% | Stacks: 1 | Value: 0.280 | Remaining Turns: 1 | TickDown: SUP2, PERM | Target: SUP2 | Affects: ['ALL']
        MasterSmithComburent | DMG% | Stacks: 1 | Value: 0.150 | Remaining Turns: 2 | TickDown: SUP2, END | Target: SUP2 | Affects: ['ALL']
        MortenaxBladeCRBoost | CR% | Stacks: 1 | Value: 0.200 | Remaining Turns: 1 | TickDown: SUP2, PERM | Target: SUP2 | Affects: ['ALL']
        MortenaxBladeCDBoost | CD% | Stacks: 1 | Value: 0.600 | Remaining Turns: 1 | TickDown: SUP2, PERM | Target: SUP2 | Affects: ['ALL']
        MortenaxBladeDMGReduction | DMG_REDUCTION | Stacks: 1 | Value: 0.500 | Remaining Turns: 1 | TickDown: SUP2, PERM | Target: SUP2 | Affects: ['ALL']
        MortenaxBladeDMGBoost | DMG% | Stacks: 1 | Value: 0.500 | Remaining Turns: 1 | TickDown: SUP2, PERM | Target: SUP2 | Affects: ['ALL']
        MortenaxBladeDMG | DMG% | Stacks: 1 | Value: 0.750 | Remaining Turns: 1 | TickDown: SUP2, PERM | Target: SUP2 | Affects: ['ALL']
        HuoHuoUltATK | ATK% | Stacks: 1 | Value: 0.400 | Remaining Turns: 1 | TickDown: SUP2, END | Target: SUP2 | Affects: ['ALL']
        HuoHuoUltExtraATK | ATK% | Stacks: 1 | Value: 0.240 | Remaining Turns: 1 | TickDown: SUP2, END | Target: SUP2 | Affects: ['ALL']
        ----------End of Buff List----------

        ----------Enemy Debuffs----------
        MortenaxBladeUltVul | From: SUP2 | VULN | Stacks: 1 | Value: 0.500 | Remaining Turns: 2 | Target: 1 | Targeting: ST | Affects: ['ALL'] | DOT: False | Blast: False
        MortenaxBladeUltShred | From: SUP2 | SHRED | Stacks: 1 | Value: 0.300 | Remaining Turns: 2 | Target: 1 | Targeting: ST | Affects: ['ALL'] | DOT: False | Blast: False
        ResoShred(SUP2) | From: SUP2 | SHRED | Stacks: 1 | Value: 0.160 | Remaining Turns: 1 | Target: 1 | Targeting: ST | Affects: ['ALL'] | DOT: False | Blast: False
        ----------End of Debuff List----------
        ----------Healing List----------
        ----------End of Healing List----------
    GAUGE  - Enemy 1 toughness reduced by 0.000
    RESULT - MortenaxBladeBounceFUA | MortenaxBlade | SUP2 | DMG: 4256.235 | ELADMG: 0.000 | Enemies Hit: [1] | Enemies Broken: [] | WB DMG: 0.000 | Energy: 0.000 | Amount HP Healed: 0.000 | Amount HP Lost: 0.000 | MortenaxBlade Energy: 160/160 | SP: 3 | MaxSP: 5)
    TURN   - MortenaxBladeBounceFUA | MortenaxBlade | SUP2 | ST attack | ['FIR'] | ['FUA'] | Scaling: HP | TargetID: 1 | DMG/BREAK Splits: [0.24, 0]/[5, 0] | Energy Gained: 0 | SP Change: 0

        ----------Char Buffs----------
        KeelCD(SUP1) | CD% | Stacks: 1 | Value: 0.100 | Remaining Turns: 1 | TickDown: SUP2, PERM | Target: SUP2 | Affects: ['ALL']
        MasterSmithHP | HP% | Stacks: 1 | Value: 0.120 | Remaining Turns: 1 | TickDown: SUP2, PERM | Target: SUP2 | Affects: ['ALL']
        VonwacqERR | ERR% | Stacks: 1 | Value: 0.050 | Remaining Turns: 1 | TickDown: SUP2, PERM | Target: SUP2 | Affects: ['ALL']
        MortenaxBladeTraceCR | CR% | Stacks: 1 | Value: 0.120 | Remaining Turns: 1 | TickDown: SUP2, PERM | Target: SUP2 | Affects: ['ALL']
        MortenaxBladeTraceHP | HP% | Stacks: 1 | Value: 0.100 | Remaining Turns: 1 | TickDown: SUP2, PERM | Target: SUP2 | Affects: ['ALL']
        MortenaxBladeTraceDMG | DMG% | Stacks: 1 | Value: 0.224 | Remaining Turns: 1 | TickDown: SUP2, PERM | Target: SUP2 | Affects: ['ALL']
        KeelCD(SUS) | CD% | Stacks: 1 | Value: 0.100 | Remaining Turns: 1 | TickDown: SUP2, PERM | Target: SUP2 | Affects: ['ALL']
        MasterSmithCD | CD% | Stacks: 1 | Value: 0.280 | Remaining Turns: 1 | TickDown: SUP2, PERM | Target: SUP2 | Affects: ['ALL']
        MasterSmithComburent | DMG% | Stacks: 1 | Value: 0.150 | Remaining Turns: 2 | TickDown: SUP2, END | Target: SUP2 | Affects: ['ALL']
        MortenaxBladeCRBoost | CR% | Stacks: 1 | Value: 0.200 | Remaining Turns: 1 | TickDown: SUP2, PERM | Target: SUP2 | Affects: ['ALL']
        MortenaxBladeCDBoost | CD% | Stacks: 1 | Value: 0.600 | Remaining Turns: 1 | TickDown: SUP2, PERM | Target: SUP2 | Affects: ['ALL']
        MortenaxBladeDMGReduction | DMG_REDUCTION | Stacks: 1 | Value: 0.500 | Remaining Turns: 1 | TickDown: SUP2, PERM | Target: SUP2 | Affects: ['ALL']
        MortenaxBladeDMGBoost | DMG% | Stacks: 1 | Value: 0.500 | Remaining Turns: 1 | TickDown: SUP2, PERM | Target: SUP2 | Affects: ['ALL']
        MortenaxBladeDMG | DMG% | Stacks: 1 | Value: 0.750 | Remaining Turns: 1 | TickDown: SUP2, PERM | Target: SUP2 | Affects: ['ALL']
        HuoHuoUltATK | ATK% | Stacks: 1 | Value: 0.400 | Remaining Turns: 1 | TickDown: SUP2, END | Target: SUP2 | Affects: ['ALL']
        HuoHuoUltExtraATK | ATK% | Stacks: 1 | Value: 0.240 | Remaining Turns: 1 | TickDown: SUP2, END | Target: SUP2 | Affects: ['ALL']
        ----------End of Buff List----------

        ----------Enemy Debuffs----------
        MortenaxBladeUltVul | From: SUP2 | VULN | Stacks: 1 | Value: 0.500 | Remaining Turns: 2 | Target: 1 | Targeting: ST | Affects: ['ALL'] | DOT: False | Blast: False
        MortenaxBladeUltShred | From: SUP2 | SHRED | Stacks: 1 | Value: 0.300 | Remaining Turns: 2 | Target: 1 | Targeting: ST | Affects: ['ALL'] | DOT: False | Blast: False
        ResoShred(SUP2) | From: SUP2 | SHRED | Stacks: 1 | Value: 0.160 | Remaining Turns: 1 | Target: 1 | Targeting: ST | Affects: ['ALL'] | DOT: False | Blast: False
        ----------End of Debuff List----------
        ----------Healing List----------
        ----------End of Healing List----------
    GAUGE  - Enemy 1 toughness reduced by 0.000
    RESULT - MortenaxBladeBounceFUA | MortenaxBlade | SUP2 | DMG: 4256.235 | ELADMG: 0.000 | Enemies Hit: [1] | Enemies Broken: [] | WB DMG: 0.000 | Energy: 0.000 | Amount HP Healed: 0.000 | Amount HP Lost: 0.000 | MortenaxBlade Energy: 160/160 | SP: 3 | MaxSP: 5)
ULT    > MortenaxBlade used their ultimate
MortenaxBlade has obtained 1 Charge. Current Charge count: 7.
    TURN   - MortenaxBladeEnhancedUlt | MortenaxBlade | SUP2 | AOE attack | ['FIR'] | ['ULT'] | Scaling: HP | TargetID: 1 | DMG/BREAK Splits: [3.5, 0]/[20, 0] | Energy Gained: 5 | SP Change: 0

        ----------Char Buffs----------
        KeelCD(SUP1) | CD% | Stacks: 1 | Value: 0.100 | Remaining Turns: 1 | TickDown: SUP2, PERM | Target: SUP2 | Affects: ['ALL']
        MasterSmithHP | HP% | Stacks: 1 | Value: 0.120 | Remaining Turns: 1 | TickDown: SUP2, PERM | Target: SUP2 | Affects: ['ALL']
        VonwacqERR | ERR% | Stacks: 1 | Value: 0.050 | Remaining Turns: 1 | TickDown: SUP2, PERM | Target: SUP2 | Affects: ['ALL']
        MortenaxBladeTraceCR | CR% | Stacks: 1 | Value: 0.120 | Remaining Turns: 1 | TickDown: SUP2, PERM | Target: SUP2 | Affects: ['ALL']
        MortenaxBladeTraceHP | HP% | Stacks: 1 | Value: 0.100 | Remaining Turns: 1 | TickDown: SUP2, PERM | Target: SUP2 | Affects: ['ALL']
        MortenaxBladeTraceDMG | DMG% | Stacks: 1 | Value: 0.224 | Remaining Turns: 1 | TickDown: SUP2, PERM | Target: SUP2 | Affects: ['ALL']
        KeelCD(SUS) | CD% | Stacks: 1 | Value: 0.100 | Remaining Turns: 1 | TickDown: SUP2, PERM | Target: SUP2 | Affects: ['ALL']
        MasterSmithCD | CD% | Stacks: 1 | Value: 0.280 | Remaining Turns: 1 | TickDown: SUP2, PERM | Target: SUP2 | Affects: ['ALL']
        MasterSmithComburent | DMG% | Stacks: 1 | Value: 0.150 | Remaining Turns: 2 | TickDown: SUP2, END | Target: SUP2 | Affects: ['ALL']
        MortenaxBladeCRBoost | CR% | Stacks: 1 | Value: 0.200 | Remaining Turns: 1 | TickDown: SUP2, PERM | Target: SUP2 | Affects: ['ALL']
        MortenaxBladeCDBoost | CD% | Stacks: 1 | Value: 0.600 | Remaining Turns: 1 | TickDown: SUP2, PERM | Target: SUP2 | Affects: ['ALL']
        MortenaxBladeDMGReduction | DMG_REDUCTION | Stacks: 1 | Value: 0.500 | Remaining Turns: 1 | TickDown: SUP2, PERM | Target: SUP2 | Affects: ['ALL']
        MortenaxBladeDMGBoost | DMG% | Stacks: 1 | Value: 0.500 | Remaining Turns: 1 | TickDown: SUP2, PERM | Target: SUP2 | Affects: ['ALL']
        MortenaxBladeDMG | DMG% | Stacks: 1 | Value: 0.750 | Remaining Turns: 1 | TickDown: SUP2, PERM | Target: SUP2 | Affects: ['ALL']
        HuoHuoUltATK | ATK% | Stacks: 1 | Value: 0.400 | Remaining Turns: 1 | TickDown: SUP2, END | Target: SUP2 | Affects: ['ALL']
        HuoHuoUltExtraATK | ATK% | Stacks: 1 | Value: 0.240 | Remaining Turns: 1 | TickDown: SUP2, END | Target: SUP2 | Affects: ['ALL']
        ----------End of Buff List----------

        ----------Enemy Debuffs----------
        MortenaxBladeUltVul | From: SUP2 | VULN | Stacks: 1 | Value: 0.500 | Remaining Turns: 2 | Target: 1 | Targeting: ST | Affects: ['ALL'] | DOT: False | Blast: False
        MortenaxBladeUltShred | From: SUP2 | SHRED | Stacks: 1 | Value: 0.300 | Remaining Turns: 2 | Target: 1 | Targeting: ST | Affects: ['ALL'] | DOT: False | Blast: False
        ResoShred(SUP2) | From: SUP2 | SHRED | Stacks: 1 | Value: 0.160 | Remaining Turns: 1 | Target: 1 | Targeting: ST | Affects: ['ALL'] | DOT: False | Blast: False
        ----------End of Debuff List----------
        ----------Healing List----------
        ----------End of Healing List----------
    GAUGE  - Enemy 0 toughness reduced by 0.000
    GAUGE  - Enemy 1 toughness reduced by 0.000
    GAUGE  - Enemy 2 toughness reduced by 0.000
    RESULT - MortenaxBladeEnhancedUlt | MortenaxBlade | SUP2 | DMG: 186210.298 | ELADMG: 0.000 | Enemies Hit: [0, 1, 2] | Enemies Broken: [] | WB DMG: 0.000 | Energy: 6.222 | Amount HP Healed: 0.000 | Amount HP Lost: 0.000 | MortenaxBlade Energy: 6/160 | SP: 3 | MaxSP: 5)
Saber got 3 Core Resonance from Talent, Current Count: 6
        Buff HuoHuoUltATK expired
        Buff HuoHuoUltExtraATK expired
AV     > MortenaxBlade AV reset to 64.503 | 155.032 SPD

<<< NEW TURN >>>
-   Saber AV: 0.000 ENERGY: 118.000 MaxHP: 3366.991 CurrHp 2802.045 ShieldHP: 0.000
-   Sunday AV: 2.019 ENERGY: 127.394 MaxHP: 3638.196 CurrHp 1.000 ShieldHP: 0.000
-   HuoHuo AV: 11.989 ENERGY: 75.846 MaxHP: 6139.808 CurrHp 4092.653 ShieldHP: 0.000
-   Enemy 1 AV: 28.921 ENERGY: 0.000 MaxHP: 5000000.000 CurrHp 1889255.719 ShieldHP: 0.000
-   InfiniteFury AV: 30.229 ENERGY: 0.000 MaxHP: 0.000 CurrHp 0.000 ShieldHP: 0.000
-   Enemy 0 AV: 38.197 ENERGY: 0.000 MaxHP: 2000000.000 CurrHp 828804.832 ShieldHP: 0.000
-   Enemy 2 AV: 38.197 ENERGY: 0.000 MaxHP: 2000000.000 CurrHp 828804.832 ShieldHP: 0.000
-   MortenaxBlade AV: 60.069 ENERGY: 6.222 MaxHP: 4779.283 CurrHp 1.000 ShieldHP: 0.000

Combat context set: 3 enemies, 4 players
Combat context initialized: 3 enemies, Elation team size: 0
ACTION > [CHAR] TotalAV: 365.649 | TurnAV: 4.434 | Saber | A-move
Saber got 2 Core Resonance from Enhanced basic, Current Count: 8
    TURN   - SaberEnhancedBasic | Saber | DPS | AOE attack | ['WIN'] | ['BSC'] | Scaling: ATK | TargetID: 1 | DMG/BREAK Splits: [1.5, 0]/[20, 0] | Energy Gained: 30 | SP Change: 1

        ----------Char Buffs----------
        ThanklessCoronationCD | CR% | Stacks: 1 | Value: 0.360 | Remaining Turns: 1 | TickDown: DPS, PERM | Target: DPS | Affects: ['ALL']
        ScholarCR | CR% | Stacks: 1 | Value: 0.080 | Remaining Turns: 1 | TickDown: DPS, PERM | Target: DPS | Affects: ['ALL']
        SaberTraceHP | HP% | Stacks: 1 | Value: 0.100 | Remaining Turns: 1 | TickDown: DPS, PERM | Target: DPS | Affects: ['ALL']
        SaberTraceCR | CR% | Stacks: 1 | Value: 0.120 | Remaining Turns: 1 | TickDown: DPS, PERM | Target: DPS | Affects: ['ALL']
        SaberTraceDMG | DMG% | Stacks: 1 | Value: 0.224 | Remaining Turns: 1 | TickDown: DPS, PERM | Target: DPS | Affects: ['ALL']
        SaberTrace1CR | CR% | Stacks: 1 | Value: 0.200 | Remaining Turns: 1 | TickDown: DPS, PERM | Target: DPS | Affects: ['ALL']
        KeelCD(SUP1) | CD% | Stacks: 1 | Value: 0.100 | Remaining Turns: 1 | TickDown: DPS, PERM | Target: DPS | Affects: ['ALL']
        KeelCD(SUS) | CD% | Stacks: 1 | Value: 0.100 | Remaining Turns: 1 | TickDown: DPS, PERM | Target: DPS | Affects: ['ALL']
        CosmicLifeDMG | DMG% | Stacks: 1 | Value: 0.320 | Remaining Turns: 1 | TickDown: DPS, PERM | Target: DPS | Affects: ['ALL']
        Trace3CDExtra | CD% | Stacks: 1 | Value: 0.320 | Remaining Turns: 1 | TickDown: DPS, PERM | Target: DPS | Affects: ['ALL']
        MortenaxBladeDMGBoost | DMG% | Stacks: 1 | Value: 0.500 | Remaining Turns: 1 | TickDown: DPS, PERM | Target: DPS | Affects: ['ALL']
        SundayBeatified | CD% | Stacks: 1 | Value: 0.856 | Remaining Turns: 2 | TickDown: SUP1, START | Target: DPS | Affects: ['ALL']
        WarriorGoddessHealCD | CD% | Stacks: 1 | Value: 0.150 | Remaining Turns: 1 | TickDown: DPS, START | Target: DPS | Affects: ['ALL']
        Trace3CD | CD% | Stacks: 1 | Value: 0.500 | Remaining Turns: 1 | TickDown: DPS, END | Target: DPS | Affects: ['ALL']
        SacerdosCDSUP1 | CD% | Stacks: 1 | Value: 0.180 | Remaining Turns: 1 | TickDown: DPS, END | Target: DPS | Affects: ['ALL']
        SundaySklDMG | DMG% | Stacks: 1 | Value: 0.300 | Remaining Turns: 1 | TickDown: DPS, END | Target: DPS | Affects: ['ALL']
        SundaySklCR | CR% | Stacks: 1 | Value: 0.200 | Remaining Turns: 1 | TickDown: DPS, END | Target: DPS | Affects: ['ALL']
        ThanklessCoronationATK | ATK% | Stacks: 1 | Value: 0.400 | Remaining Turns: 1 | TickDown: DPS, END | Target: DPS | Affects: ['ALL']
        ThanklessCoronationATKExtra | ATK% | Stacks: 1 | Value: 0.400 | Remaining Turns: 1 | TickDown: DPS, END | Target: DPS | Affects: ['ALL']
        MasterSmithComburent | DMG% | Stacks: 1 | Value: 0.150 | Remaining Turns: 2 | TickDown: DPS, END | Target: DPS | Affects: ['ALL']
        TalentDMG | DMG% | Stacks: 1 | Value: 0.600 | Remaining Turns: 2 | TickDown: DPS, END | Target: DPS | Affects: ['ALL']
        ----------End of Buff List----------

        ----------Enemy Debuffs----------
        MortenaxBladeUltVul | From: SUP2 | VULN | Stacks: 1 | Value: 0.500 | Remaining Turns: 2 | Target: 1 | Targeting: ST | Affects: ['ALL'] | DOT: False | Blast: False
        MortenaxBladeUltShred | From: SUP2 | SHRED | Stacks: 1 | Value: 0.300 | Remaining Turns: 2 | Target: 1 | Targeting: ST | Affects: ['ALL'] | DOT: False | Blast: False
        ResoShred(SUP2) | From: SUP2 | SHRED | Stacks: 1 | Value: 0.160 | Remaining Turns: 1 | Target: 1 | Targeting: ST | Affects: ['ALL'] | DOT: False | Blast: False
        ----------End of Debuff List----------
        ----------Healing List----------
        ----------End of Healing List----------
    GAUGE  - Enemy 0 toughness reduced by 20.000
    GAUGE  - Enemy 1 toughness reduced by 20.000
    GAUGE  - Enemy 2 toughness reduced by 20.000
    RESULT - SaberEnhancedBasic | Saber | DPS | DMG: 195846.513 | ELADMG: 0.000 | Enemies Hit: [0, 1, 2] | Enemies Broken: [] | WB DMG: 0.000 | Energy: 30.000 | Amount HP Healed: 0.000 | Amount HP Lost: 0.000 | Saber Energy: 148/360 | SP: 4 | MaxSP: 5)
MortenaxBlade has obtained 1 Charge. Current Charge count: 8.
        Buff Trace3CD expired
        Buff SacerdosCDSUP1 expired
        Buff SundaySklDMG expired
        Buff SundaySklCR expired
        Buff ThanklessCoronationATK expired
        Buff ThanklessCoronationATKExtra expired
AV     > Saber AV reset to 71.514 | 139.832 SPD

<<< NEW TURN >>>
-   Sunday AV: 0.000 ENERGY: 127.394 MaxHP: 3638.196 CurrHp 1.000 ShieldHP: 0.000
-   HuoHuo AV: 9.969 ENERGY: 75.846 MaxHP: 6139.808 CurrHp 4092.653 ShieldHP: 0.000
-   Enemy 1 AV: 26.902 ENERGY: 0.000 MaxHP: 5000000.000 CurrHp 1823973.548 ShieldHP: 0.000
-   InfiniteFury AV: 28.210 ENERGY: 0.000 MaxHP: 0.000 CurrHp 0.000 ShieldHP: 0.000
-   Enemy 0 AV: 36.177 ENERGY: 0.000 MaxHP: 2000000.000 CurrHp 763522.661 ShieldHP: 0.000
-   Enemy 2 AV: 36.177 ENERGY: 0.000 MaxHP: 2000000.000 CurrHp 763522.661 ShieldHP: 0.000
-   MortenaxBlade AV: 58.050 ENERGY: 6.222 MaxHP: 4779.283 CurrHp 1.000 ShieldHP: 0.000
-   Saber AV: 69.495 ENERGY: 148.000 MaxHP: 3366.991 CurrHp 2802.045 ShieldHP: 0.000

Combat context set: 3 enemies, 4 players
Combat context initialized: 3 enemies, Elation team size: 0
ACTION > [CHAR] TotalAV: 367.669 | TurnAV: 2.019 | Sunday | E-move
    TURN   - SundaySkill | Sunday | SUP1 | NA attack | ['IMG'] | ['SKL'] | Scaling: ATK | TargetID: -1 | DMG/BREAK Splits: [0, 0]/[0, 0] | Energy Gained: 30 | SP Change: 0

        ----------Char Buffs----------
        BattleIsntOverERR | ERR% | Stacks: 1 | Value: 0.100 | Remaining Turns: 1 | TickDown: SUP1, PERM | Target: SUP1 | Affects: ['ALL']
        SacerdosSPD | SPD% | Stacks: 1 | Value: 0.060 | Remaining Turns: 1 | TickDown: SUP1, PERM | Target: SUP1 | Affects: ['ALL']
        KeelEFFRES | ERS% | Stacks: 1 | Value: 0.100 | Remaining Turns: 1 | TickDown: SUP1, PERM | Target: SUP1 | Affects: ['ALL']
        KeelCD(SUP1) | CD% | Stacks: 1 | Value: 0.100 | Remaining Turns: 1 | TickDown: SUP1, PERM | Target: SUP1 | Affects: ['ALL']
        SundayTraceCD | CD% | Stacks: 1 | Value: 0.373 | Remaining Turns: 1 | TickDown: SUP1, PERM | Target: SUP1 | Affects: ['ALL']
        SundayTraceERS | ERS% | Stacks: 1 | Value: 0.180 | Remaining Turns: 1 | TickDown: SUP1, PERM | Target: SUP1 | Affects: ['ALL']
        SundayTraceDEF | DEF% | Stacks: 1 | Value: 0.125 | Remaining Turns: 1 | TickDown: SUP1, PERM | Target: SUP1 | Affects: ['ALL']
        KeelCD(SUS) | CD% | Stacks: 1 | Value: 0.100 | Remaining Turns: 1 | TickDown: SUP1, PERM | Target: SUP1 | Affects: ['ALL']
        MasterSmithComburent | DMG% | Stacks: 1 | Value: 0.150 | Remaining Turns: 2 | TickDown: SUP1, END | Target: SUP1 | Affects: ['ALL']
        MortenaxBladeDMGBoost | DMG% | Stacks: 1 | Value: 0.500 | Remaining Turns: 1 | TickDown: SUP1, PERM | Target: SUP1 | Affects: ['ALL']
        WarriorGoddessHealCD | CD% | Stacks: 1 | Value: 0.150 | Remaining Turns: 1 | TickDown: SUP1, START | Target: SUP1 | Affects: ['ALL']
        ----------End of Buff List----------

        ----------Enemy Debuffs----------
        ----------End of Debuff List----------
        ----------Healing List----------
        ----------End of Healing List----------
    GAUGE  - Enemy 0 toughness reduced by 0.000
    RESULT - SundaySkill | Sunday | SUP1 | DMG: 0.000 | ELADMG: 0.000 | Enemies Hit: [0] | Enemies Broken: [] | WB DMG: 0.000 | Energy: 38.832 | Amount HP Healed: 0.000 | Amount HP Lost: 0.000 | Sunday Energy: 130/130 | SP: 4 | MaxSP: 5)
ADV    > Saber advanced by 100.000% from SundayTargetADV | NewAV: 0.000 | Priority: 16
ADV    > Saber advanced by 10.000% from SundayTargetADV | NewAV: 0.000 | Priority: 31
ULT    > Sunday used their ultimate
    TURN   - SundayUlt | Sunday | SUP1 | NA attack | ['IMG'] | ['ALL'] | Scaling: ATK | TargetID: -1 | DMG/BREAK Splits: [0, 0]/[0, 0] | Energy Gained: 5 | SP Change: 0

        ----------Char Buffs----------
        BattleIsntOverERR | ERR% | Stacks: 1 | Value: 0.100 | Remaining Turns: 1 | TickDown: SUP1, PERM | Target: SUP1 | Affects: ['ALL']
        SacerdosSPD | SPD% | Stacks: 1 | Value: 0.060 | Remaining Turns: 1 | TickDown: SUP1, PERM | Target: SUP1 | Affects: ['ALL']
        KeelEFFRES | ERS% | Stacks: 1 | Value: 0.100 | Remaining Turns: 1 | TickDown: SUP1, PERM | Target: SUP1 | Affects: ['ALL']
        KeelCD(SUP1) | CD% | Stacks: 1 | Value: 0.100 | Remaining Turns: 1 | TickDown: SUP1, PERM | Target: SUP1 | Affects: ['ALL']
        SundayTraceCD | CD% | Stacks: 1 | Value: 0.373 | Remaining Turns: 1 | TickDown: SUP1, PERM | Target: SUP1 | Affects: ['ALL']
        SundayTraceERS | ERS% | Stacks: 1 | Value: 0.180 | Remaining Turns: 1 | TickDown: SUP1, PERM | Target: SUP1 | Affects: ['ALL']
        SundayTraceDEF | DEF% | Stacks: 1 | Value: 0.125 | Remaining Turns: 1 | TickDown: SUP1, PERM | Target: SUP1 | Affects: ['ALL']
        KeelCD(SUS) | CD% | Stacks: 1 | Value: 0.100 | Remaining Turns: 1 | TickDown: SUP1, PERM | Target: SUP1 | Affects: ['ALL']
        MasterSmithComburent | DMG% | Stacks: 1 | Value: 0.150 | Remaining Turns: 2 | TickDown: SUP1, END | Target: SUP1 | Affects: ['ALL']
        MortenaxBladeDMGBoost | DMG% | Stacks: 1 | Value: 0.500 | Remaining Turns: 1 | TickDown: SUP1, PERM | Target: SUP1 | Affects: ['ALL']
        WarriorGoddessHealCD | CD% | Stacks: 1 | Value: 0.150 | Remaining Turns: 1 | TickDown: SUP1, START | Target: SUP1 | Affects: ['ALL']
        BattleIsntOverSPRole.SUP1 | SKILLPOINT | Stacks: 1 | Value: 1.000 | Remaining Turns: 1 | TickDown: SUP1, PERM | Target: SUP1 | Affects: ['ALL']
        ----------End of Buff List----------

        ----------Enemy Debuffs----------
        ----------End of Debuff List----------
        ----------Healing List----------
        ----------End of Healing List----------
    GAUGE  - Enemy 0 toughness reduced by 0.000
    RESULT - SundayUlt | Sunday | SUP1 | DMG: 0.000 | ELADMG: 0.000 | Enemies Hit: [0] | Enemies Broken: [] | WB DMG: 0.000 | Energy: 6.472 | Amount HP Healed: 0.000 | Amount HP Lost: 0.000 | Sunday Energy: 6/130 | SP: 4 | MaxSP: 5)
ERR    > 72.000 energy added to Saber from SundayUltERR | Saber Energy: 220.000
AV     > Sunday AV reset to 73.534 | 135.992 SPD

<<< NEW TURN >>>
-   Saber AV: 0.000 ENERGY: 220.000 MaxHP: 3366.991 CurrHp 2802.045 ShieldHP: 0.000
-   HuoHuo AV: 9.969 ENERGY: 75.846 MaxHP: 6139.808 CurrHp 4092.653 ShieldHP: 0.000
-   Enemy 1 AV: 26.902 ENERGY: 0.000 MaxHP: 5000000.000 CurrHp 1823973.548 ShieldHP: 0.000
-   InfiniteFury AV: 28.210 ENERGY: 0.000 MaxHP: 0.000 CurrHp 0.000 ShieldHP: 0.000
-   Enemy 0 AV: 36.177 ENERGY: 0.000 MaxHP: 2000000.000 CurrHp 763522.661 ShieldHP: 0.000
-   Enemy 2 AV: 36.177 ENERGY: 0.000 MaxHP: 2000000.000 CurrHp 763522.661 ShieldHP: 0.000
-   MortenaxBlade AV: 58.050 ENERGY: 6.222 MaxHP: 4779.283 CurrHp 1.000 ShieldHP: 0.000
-   Sunday AV: 73.534 ENERGY: 6.472 MaxHP: 3638.196 CurrHp 1.000 ShieldHP: 0.000

Combat context set: 3 enemies, 4 players
Combat context initialized: 3 enemies, Elation team size: 0
ACTION > [CHAR] TotalAV: 367.669 | TurnAV: 0.000 | Saber | E-move
        Buff WarriorGoddessHealCD expired
        Buff ScholarBonusDMG expired
Saber got 3 Core Resonance from Skill, Current Count: 11
    TURN   - SaberSkill | Saber | DPS | BLAST attack | ['WIN'] | ['SKL'] | Scaling: ATK | TargetID: 1 | DMG/BREAK Splits: [1.5, 0.75]/[20, 10] | Energy Gained: 30 | SP Change: -1

        ----------Char Buffs----------
        ThanklessCoronationCD | CR% | Stacks: 1 | Value: 0.360 | Remaining Turns: 1 | TickDown: DPS, PERM | Target: DPS | Affects: ['ALL']
        ScholarCR | CR% | Stacks: 1 | Value: 0.080 | Remaining Turns: 1 | TickDown: DPS, PERM | Target: DPS | Affects: ['ALL']
        ScholarDMG | DMG% | Stacks: 1 | Value: 0.200 | Remaining Turns: 1 | TickDown: DPS, PERM | Target: DPS | Affects: ['SKL', 'ULT']
        SaberTraceHP | HP% | Stacks: 1 | Value: 0.100 | Remaining Turns: 1 | TickDown: DPS, PERM | Target: DPS | Affects: ['ALL']
        SaberTraceCR | CR% | Stacks: 1 | Value: 0.120 | Remaining Turns: 1 | TickDown: DPS, PERM | Target: DPS | Affects: ['ALL']
        SaberTraceDMG | DMG% | Stacks: 1 | Value: 0.224 | Remaining Turns: 1 | TickDown: DPS, PERM | Target: DPS | Affects: ['ALL']
        SaberTrace1CR | CR% | Stacks: 1 | Value: 0.200 | Remaining Turns: 1 | TickDown: DPS, PERM | Target: DPS | Affects: ['ALL']
        KeelCD(SUP1) | CD% | Stacks: 1 | Value: 0.100 | Remaining Turns: 1 | TickDown: DPS, PERM | Target: DPS | Affects: ['ALL']
        KeelCD(SUS) | CD% | Stacks: 1 | Value: 0.100 | Remaining Turns: 1 | TickDown: DPS, PERM | Target: DPS | Affects: ['ALL']
        CosmicLifeDMG | DMG% | Stacks: 1 | Value: 0.320 | Remaining Turns: 1 | TickDown: DPS, PERM | Target: DPS | Affects: ['ALL']
        Trace3CDExtra | CD% | Stacks: 1 | Value: 0.320 | Remaining Turns: 1 | TickDown: DPS, PERM | Target: DPS | Affects: ['ALL']
        MortenaxBladeDMGBoost | DMG% | Stacks: 1 | Value: 0.500 | Remaining Turns: 1 | TickDown: DPS, PERM | Target: DPS | Affects: ['ALL']
        SundayBeatified | CD% | Stacks: 1 | Value: 0.856 | Remaining Turns: 3 | TickDown: SUP1, START | Target: DPS | Affects: ['ALL']
        MasterSmithComburent | DMG% | Stacks: 1 | Value: 0.150 | Remaining Turns: 1 | TickDown: DPS, END | Target: DPS | Affects: ['ALL']
        TalentDMG | DMG% | Stacks: 1 | Value: 0.600 | Remaining Turns: 1 | TickDown: DPS, END | Target: DPS | Affects: ['ALL']
        BattleIsntOverDMGRole.SUP1 | DMG% | Stacks: 1 | Value: 0.300 | Remaining Turns: 1 | TickDown: DPS, END | Target: DPS | Affects: ['ALL']
        SacerdosCDSUP1 | CD% | Stacks: 2 | Value: 0.360 | Remaining Turns: 2 | TickDown: DPS, END | Target: DPS | Affects: ['ALL']
        SundaySklDMG | DMG% | Stacks: 1 | Value: 0.300 | Remaining Turns: 2 | TickDown: DPS, END | Target: DPS | Affects: ['ALL']
        SundaySklCR | CR% | Stacks: 1 | Value: 0.200 | Remaining Turns: 2 | TickDown: DPS, END | Target: DPS | Affects: ['ALL']
        Trace3CD | CD% | Stacks: 1 | Value: 0.500 | Remaining Turns: 2 | TickDown: DPS, END | Target: DPS | Affects: ['ALL']
        ----------End of Buff List----------

        ----------Enemy Debuffs----------
        MortenaxBladeUltVul | From: SUP2 | VULN | Stacks: 1 | Value: 0.500 | Remaining Turns: 2 | Target: 1 | Targeting: ST | Affects: ['ALL'] | DOT: False | Blast: False
        MortenaxBladeUltShred | From: SUP2 | SHRED | Stacks: 1 | Value: 0.300 | Remaining Turns: 2 | Target: 1 | Targeting: ST | Affects: ['ALL'] | DOT: False | Blast: False
        ResoShred(SUP2) | From: SUP2 | SHRED | Stacks: 1 | Value: 0.160 | Remaining Turns: 1 | Target: 1 | Targeting: ST | Affects: ['ALL'] | DOT: False | Blast: False
        ----------End of Debuff List----------
        ----------Healing List----------
        ----------End of Healing List----------
    GAUGE  - Enemy 1 toughness reduced by 20.000
    GAUGE  - Enemy 0 toughness reduced by 10.000
    GAUGE  - Enemy 2 toughness reduced by 10.000
    RESULT - SaberSkill | Saber | DPS | DMG: 109076.141 | ELADMG: 0.000 | Enemies Hit: [1, 0, 2] | Enemies Broken: [1] | WB DMG: 26277.534 | Energy: 30.000 | Amount HP Healed: 0.000 | Amount HP Lost: 0.000 | Saber Energy: 250/360 | SP: 4 | MaxSP: 5)
MortenaxBlade has obtained 1 Charge. Current Charge count: 9.
MortenaxBlade has obtained 1 Charge. Current Charge count: 1.
    TURN   - MortenaxBladeAOEFUA | MortenaxBlade | SUP2 | AOE attack | ['FIR'] | ['FUA'] | Scaling: HP | TargetID: 1 | DMG/BREAK Splits: [0.72, 0]/[10, 0] | Energy Gained: 25 | SP Change: 0

        ----------Char Buffs----------
        KeelCD(SUP1) | CD% | Stacks: 1 | Value: 0.100 | Remaining Turns: 1 | TickDown: SUP2, PERM | Target: SUP2 | Affects: ['ALL']
        MasterSmithHP | HP% | Stacks: 1 | Value: 0.120 | Remaining Turns: 1 | TickDown: SUP2, PERM | Target: SUP2 | Affects: ['ALL']
        VonwacqERR | ERR% | Stacks: 1 | Value: 0.050 | Remaining Turns: 1 | TickDown: SUP2, PERM | Target: SUP2 | Affects: ['ALL']
        MortenaxBladeTraceCR | CR% | Stacks: 1 | Value: 0.120 | Remaining Turns: 1 | TickDown: SUP2, PERM | Target: SUP2 | Affects: ['ALL']
        MortenaxBladeTraceHP | HP% | Stacks: 1 | Value: 0.100 | Remaining Turns: 1 | TickDown: SUP2, PERM | Target: SUP2 | Affects: ['ALL']
        MortenaxBladeTraceDMG | DMG% | Stacks: 1 | Value: 0.224 | Remaining Turns: 1 | TickDown: SUP2, PERM | Target: SUP2 | Affects: ['ALL']
        KeelCD(SUS) | CD% | Stacks: 1 | Value: 0.100 | Remaining Turns: 1 | TickDown: SUP2, PERM | Target: SUP2 | Affects: ['ALL']
        MasterSmithCD | CD% | Stacks: 1 | Value: 0.280 | Remaining Turns: 1 | TickDown: SUP2, PERM | Target: SUP2 | Affects: ['ALL']
        MasterSmithComburent | DMG% | Stacks: 1 | Value: 0.150 | Remaining Turns: 1 | TickDown: SUP2, END | Target: SUP2 | Affects: ['ALL']
        MortenaxBladeCRBoost | CR% | Stacks: 1 | Value: 0.200 | Remaining Turns: 1 | TickDown: SUP2, PERM | Target: SUP2 | Affects: ['ALL']
        MortenaxBladeCDBoost | CD% | Stacks: 1 | Value: 0.600 | Remaining Turns: 1 | TickDown: SUP2, PERM | Target: SUP2 | Affects: ['ALL']
        MortenaxBladeDMGReduction | DMG_REDUCTION | Stacks: 1 | Value: 0.500 | Remaining Turns: 1 | TickDown: SUP2, PERM | Target: SUP2 | Affects: ['ALL']
        MortenaxBladeDMGBoost | DMG% | Stacks: 1 | Value: 0.500 | Remaining Turns: 1 | TickDown: SUP2, PERM | Target: SUP2 | Affects: ['ALL']
        MortenaxBladeDMG | DMG% | Stacks: 1 | Value: 0.750 | Remaining Turns: 1 | TickDown: SUP2, PERM | Target: SUP2 | Affects: ['ALL']
        ----------End of Buff List----------

        ----------Enemy Debuffs----------
        MortenaxBladeUltVul | From: SUP2 | VULN | Stacks: 1 | Value: 0.500 | Remaining Turns: 2 | Target: 1 | Targeting: ST | Affects: ['ALL'] | DOT: False | Blast: False
        MortenaxBladeUltShred | From: SUP2 | SHRED | Stacks: 1 | Value: 0.300 | Remaining Turns: 2 | Target: 1 | Targeting: ST | Affects: ['ALL'] | DOT: False | Blast: False
        ResoShred(SUP2) | From: SUP2 | SHRED | Stacks: 1 | Value: 0.160 | Remaining Turns: 1 | Target: 1 | Targeting: ST | Affects: ['ALL'] | DOT: False | Blast: False
        Enemy 1 WIN-break | From: DPS | WINDSHEAR | Stacks: 1 | Value: 12621.002 | Remaining Turns: 2 | Target: 1 | Targeting: ST | Affects: ['ALL'] | DOT: True | Blast: False
        ----------End of Debuff List----------
        ----------Healing List----------
        ----------End of Healing List----------
    GAUGE  - Enemy 0 toughness reduced by 0.000
    GAUGE  - Enemy 1 toughness reduced by 0.000
    GAUGE  - Enemy 2 toughness reduced by 0.000
    RESULT - MortenaxBladeAOEFUA | MortenaxBlade | SUP2 | DMG: 39724.864 | ELADMG: 0.000 | Enemies Hit: [0, 1, 2] | Enemies Broken: [] | WB DMG: 0.000 | Energy: 31.110 | Amount HP Healed: 0.000 | Amount HP Lost: 0.000 | MortenaxBlade Energy: 37/160 | SP: 4 | MaxSP: 5)
    TURN   - MortenaxBladeBounceFUA | MortenaxBlade | SUP2 | ST attack | ['FIR'] | ['FUA'] | Scaling: HP | TargetID: 1 | DMG/BREAK Splits: [0.24, 0]/[5, 0] | Energy Gained: 0 | SP Change: 0

        ----------Char Buffs----------
        KeelCD(SUP1) | CD% | Stacks: 1 | Value: 0.100 | Remaining Turns: 1 | TickDown: SUP2, PERM | Target: SUP2 | Affects: ['ALL']
        MasterSmithHP | HP% | Stacks: 1 | Value: 0.120 | Remaining Turns: 1 | TickDown: SUP2, PERM | Target: SUP2 | Affects: ['ALL']
        VonwacqERR | ERR% | Stacks: 1 | Value: 0.050 | Remaining Turns: 1 | TickDown: SUP2, PERM | Target: SUP2 | Affects: ['ALL']
        MortenaxBladeTraceCR | CR% | Stacks: 1 | Value: 0.120 | Remaining Turns: 1 | TickDown: SUP2, PERM | Target: SUP2 | Affects: ['ALL']
        MortenaxBladeTraceHP | HP% | Stacks: 1 | Value: 0.100 | Remaining Turns: 1 | TickDown: SUP2, PERM | Target: SUP2 | Affects: ['ALL']
        MortenaxBladeTraceDMG | DMG% | Stacks: 1 | Value: 0.224 | Remaining Turns: 1 | TickDown: SUP2, PERM | Target: SUP2 | Affects: ['ALL']
        KeelCD(SUS) | CD% | Stacks: 1 | Value: 0.100 | Remaining Turns: 1 | TickDown: SUP2, PERM | Target: SUP2 | Affects: ['ALL']
        MasterSmithCD | CD% | Stacks: 1 | Value: 0.280 | Remaining Turns: 1 | TickDown: SUP2, PERM | Target: SUP2 | Affects: ['ALL']
        MasterSmithComburent | DMG% | Stacks: 1 | Value: 0.150 | Remaining Turns: 2 | TickDown: SUP2, END | Target: SUP2 | Affects: ['ALL']
        MortenaxBladeCRBoost | CR% | Stacks: 1 | Value: 0.200 | Remaining Turns: 1 | TickDown: SUP2, PERM | Target: SUP2 | Affects: ['ALL']
        MortenaxBladeCDBoost | CD% | Stacks: 1 | Value: 0.600 | Remaining Turns: 1 | TickDown: SUP2, PERM | Target: SUP2 | Affects: ['ALL']
        MortenaxBladeDMGReduction | DMG_REDUCTION | Stacks: 1 | Value: 0.500 | Remaining Turns: 1 | TickDown: SUP2, PERM | Target: SUP2 | Affects: ['ALL']
        MortenaxBladeDMGBoost | DMG% | Stacks: 1 | Value: 0.500 | Remaining Turns: 1 | TickDown: SUP2, PERM | Target: SUP2 | Affects: ['ALL']
        MortenaxBladeDMG | DMG% | Stacks: 1 | Value: 0.750 | Remaining Turns: 1 | TickDown: SUP2, PERM | Target: SUP2 | Affects: ['ALL']
        ----------End of Buff List----------

        ----------Enemy Debuffs----------
        MortenaxBladeUltVul | From: SUP2 | VULN | Stacks: 1 | Value: 0.500 | Remaining Turns: 2 | Target: 1 | Targeting: ST | Affects: ['ALL'] | DOT: False | Blast: False
        MortenaxBladeUltShred | From: SUP2 | SHRED | Stacks: 1 | Value: 0.300 | Remaining Turns: 2 | Target: 1 | Targeting: ST | Affects: ['ALL'] | DOT: False | Blast: False
        ResoShred(SUP2) | From: SUP2 | SHRED | Stacks: 1 | Value: 0.160 | Remaining Turns: 1 | Target: 1 | Targeting: ST | Affects: ['ALL'] | DOT: False | Blast: False
        Enemy 1 WIN-break | From: DPS | WINDSHEAR | Stacks: 1 | Value: 12621.002 | Remaining Turns: 2 | Target: 1 | Targeting: ST | Affects: ['ALL'] | DOT: True | Blast: False
        ----------End of Debuff List----------
        ----------Healing List----------
        ----------End of Healing List----------
    GAUGE  - Enemy 1 toughness reduced by 0.000
    RESULT - MortenaxBladeBounceFUA | MortenaxBlade | SUP2 | DMG: 4729.150 | ELADMG: 0.000 | Enemies Hit: [1] | Enemies Broken: [] | WB DMG: 0.000 | Energy: 0.000 | Amount HP Healed: 0.000 | Amount HP Lost: 0.000 | MortenaxBlade Energy: 37/160 | SP: 4 | MaxSP: 5)
    TURN   - MortenaxBladeBounceFUA | MortenaxBlade | SUP2 | ST attack | ['FIR'] | ['FUA'] | Scaling: HP | TargetID: 1 | DMG/BREAK Splits: [0.24, 0]/[5, 0] | Energy Gained: 0 | SP Change: 0

        ----------Char Buffs----------
        KeelCD(SUP1) | CD% | Stacks: 1 | Value: 0.100 | Remaining Turns: 1 | TickDown: SUP2, PERM | Target: SUP2 | Affects: ['ALL']
        MasterSmithHP | HP% | Stacks: 1 | Value: 0.120 | Remaining Turns: 1 | TickDown: SUP2, PERM | Target: SUP2 | Affects: ['ALL']
        VonwacqERR | ERR% | Stacks: 1 | Value: 0.050 | Remaining Turns: 1 | TickDown: SUP2, PERM | Target: SUP2 | Affects: ['ALL']
        MortenaxBladeTraceCR | CR% | Stacks: 1 | Value: 0.120 | Remaining Turns: 1 | TickDown: SUP2, PERM | Target: SUP2 | Affects: ['ALL']
        MortenaxBladeTraceHP | HP% | Stacks: 1 | Value: 0.100 | Remaining Turns: 1 | TickDown: SUP2, PERM | Target: SUP2 | Affects: ['ALL']
        MortenaxBladeTraceDMG | DMG% | Stacks: 1 | Value: 0.224 | Remaining Turns: 1 | TickDown: SUP2, PERM | Target: SUP2 | Affects: ['ALL']
        KeelCD(SUS) | CD% | Stacks: 1 | Value: 0.100 | Remaining Turns: 1 | TickDown: SUP2, PERM | Target: SUP2 | Affects: ['ALL']
        MasterSmithCD | CD% | Stacks: 1 | Value: 0.280 | Remaining Turns: 1 | TickDown: SUP2, PERM | Target: SUP2 | Affects: ['ALL']
        MasterSmithComburent | DMG% | Stacks: 1 | Value: 0.150 | Remaining Turns: 2 | TickDown: SUP2, END | Target: SUP2 | Affects: ['ALL']
        MortenaxBladeCRBoost | CR% | Stacks: 1 | Value: 0.200 | Remaining Turns: 1 | TickDown: SUP2, PERM | Target: SUP2 | Affects: ['ALL']
        MortenaxBladeCDBoost | CD% | Stacks: 1 | Value: 0.600 | Remaining Turns: 1 | TickDown: SUP2, PERM | Target: SUP2 | Affects: ['ALL']
        MortenaxBladeDMGReduction | DMG_REDUCTION | Stacks: 1 | Value: 0.500 | Remaining Turns: 1 | TickDown: SUP2, PERM | Target: SUP2 | Affects: ['ALL']
        MortenaxBladeDMGBoost | DMG% | Stacks: 1 | Value: 0.500 | Remaining Turns: 1 | TickDown: SUP2, PERM | Target: SUP2 | Affects: ['ALL']
        MortenaxBladeDMG | DMG% | Stacks: 1 | Value: 0.750 | Remaining Turns: 1 | TickDown: SUP2, PERM | Target: SUP2 | Affects: ['ALL']
        ----------End of Buff List----------

        ----------Enemy Debuffs----------
        MortenaxBladeUltVul | From: SUP2 | VULN | Stacks: 1 | Value: 0.500 | Remaining Turns: 2 | Target: 1 | Targeting: ST | Affects: ['ALL'] | DOT: False | Blast: False
        MortenaxBladeUltShred | From: SUP2 | SHRED | Stacks: 1 | Value: 0.300 | Remaining Turns: 2 | Target: 1 | Targeting: ST | Affects: ['ALL'] | DOT: False | Blast: False
        ResoShred(SUP2) | From: SUP2 | SHRED | Stacks: 1 | Value: 0.160 | Remaining Turns: 1 | Target: 1 | Targeting: ST | Affects: ['ALL'] | DOT: False | Blast: False
        Enemy 1 WIN-break | From: DPS | WINDSHEAR | Stacks: 1 | Value: 12621.002 | Remaining Turns: 2 | Target: 1 | Targeting: ST | Affects: ['ALL'] | DOT: True | Blast: False
        ----------End of Debuff List----------
        ----------Healing List----------
        ----------End of Healing List----------
    GAUGE  - Enemy 1 toughness reduced by 0.000
    RESULT - MortenaxBladeBounceFUA | MortenaxBlade | SUP2 | DMG: 4729.150 | ELADMG: 0.000 | Enemies Hit: [1] | Enemies Broken: [] | WB DMG: 0.000 | Energy: 0.000 | Amount HP Healed: 0.000 | Amount HP Lost: 0.000 | MortenaxBlade Energy: 37/160 | SP: 4 | MaxSP: 5)
    TURN   - MortenaxBladeBounceFUA | MortenaxBlade | SUP2 | ST attack | ['FIR'] | ['FUA'] | Scaling: HP | TargetID: 1 | DMG/BREAK Splits: [0.24, 0]/[5, 0] | Energy Gained: 0 | SP Change: 0

        ----------Char Buffs----------
        KeelCD(SUP1) | CD% | Stacks: 1 | Value: 0.100 | Remaining Turns: 1 | TickDown: SUP2, PERM | Target: SUP2 | Affects: ['ALL']
        MasterSmithHP | HP% | Stacks: 1 | Value: 0.120 | Remaining Turns: 1 | TickDown: SUP2, PERM | Target: SUP2 | Affects: ['ALL']
        VonwacqERR | ERR% | Stacks: 1 | Value: 0.050 | Remaining Turns: 1 | TickDown: SUP2, PERM | Target: SUP2 | Affects: ['ALL']
        MortenaxBladeTraceCR | CR% | Stacks: 1 | Value: 0.120 | Remaining Turns: 1 | TickDown: SUP2, PERM | Target: SUP2 | Affects: ['ALL']
        MortenaxBladeTraceHP | HP% | Stacks: 1 | Value: 0.100 | Remaining Turns: 1 | TickDown: SUP2, PERM | Target: SUP2 | Affects: ['ALL']
        MortenaxBladeTraceDMG | DMG% | Stacks: 1 | Value: 0.224 | Remaining Turns: 1 | TickDown: SUP2, PERM | Target: SUP2 | Affects: ['ALL']
        KeelCD(SUS) | CD% | Stacks: 1 | Value: 0.100 | Remaining Turns: 1 | TickDown: SUP2, PERM | Target: SUP2 | Affects: ['ALL']
        MasterSmithCD | CD% | Stacks: 1 | Value: 0.280 | Remaining Turns: 1 | TickDown: SUP2, PERM | Target: SUP2 | Affects: ['ALL']
        MasterSmithComburent | DMG% | Stacks: 1 | Value: 0.150 | Remaining Turns: 2 | TickDown: SUP2, END | Target: SUP2 | Affects: ['ALL']
        MortenaxBladeCRBoost | CR% | Stacks: 1 | Value: 0.200 | Remaining Turns: 1 | TickDown: SUP2, PERM | Target: SUP2 | Affects: ['ALL']
        MortenaxBladeCDBoost | CD% | Stacks: 1 | Value: 0.600 | Remaining Turns: 1 | TickDown: SUP2, PERM | Target: SUP2 | Affects: ['ALL']
        MortenaxBladeDMGReduction | DMG_REDUCTION | Stacks: 1 | Value: 0.500 | Remaining Turns: 1 | TickDown: SUP2, PERM | Target: SUP2 | Affects: ['ALL']
        MortenaxBladeDMGBoost | DMG% | Stacks: 1 | Value: 0.500 | Remaining Turns: 1 | TickDown: SUP2, PERM | Target: SUP2 | Affects: ['ALL']
        MortenaxBladeDMG | DMG% | Stacks: 1 | Value: 0.750 | Remaining Turns: 1 | TickDown: SUP2, PERM | Target: SUP2 | Affects: ['ALL']
        ----------End of Buff List----------

        ----------Enemy Debuffs----------
        MortenaxBladeUltVul | From: SUP2 | VULN | Stacks: 1 | Value: 0.500 | Remaining Turns: 2 | Target: 1 | Targeting: ST | Affects: ['ALL'] | DOT: False | Blast: False
        MortenaxBladeUltShred | From: SUP2 | SHRED | Stacks: 1 | Value: 0.300 | Remaining Turns: 2 | Target: 1 | Targeting: ST | Affects: ['ALL'] | DOT: False | Blast: False
        ResoShred(SUP2) | From: SUP2 | SHRED | Stacks: 1 | Value: 0.160 | Remaining Turns: 1 | Target: 1 | Targeting: ST | Affects: ['ALL'] | DOT: False | Blast: False
        Enemy 1 WIN-break | From: DPS | WINDSHEAR | Stacks: 1 | Value: 12621.002 | Remaining Turns: 2 | Target: 1 | Targeting: ST | Affects: ['ALL'] | DOT: True | Blast: False
        ----------End of Debuff List----------
        ----------Healing List----------
        ----------End of Healing List----------
    GAUGE  - Enemy 1 toughness reduced by 0.000
    RESULT - MortenaxBladeBounceFUA | MortenaxBlade | SUP2 | DMG: 4729.150 | ELADMG: 0.000 | Enemies Hit: [1] | Enemies Broken: [] | WB DMG: 0.000 | Energy: 0.000 | Amount HP Healed: 0.000 | Amount HP Lost: 0.000 | MortenaxBlade Energy: 37/160 | SP: 4 | MaxSP: 5)
    TURN   - MortenaxBladeBounceFUA | MortenaxBlade | SUP2 | ST attack | ['FIR'] | ['FUA'] | Scaling: HP | TargetID: 1 | DMG/BREAK Splits: [0.24, 0]/[5, 0] | Energy Gained: 0 | SP Change: 0

        ----------Char Buffs----------
        KeelCD(SUP1) | CD% | Stacks: 1 | Value: 0.100 | Remaining Turns: 1 | TickDown: SUP2, PERM | Target: SUP2 | Affects: ['ALL']
        MasterSmithHP | HP% | Stacks: 1 | Value: 0.120 | Remaining Turns: 1 | TickDown: SUP2, PERM | Target: SUP2 | Affects: ['ALL']
        VonwacqERR | ERR% | Stacks: 1 | Value: 0.050 | Remaining Turns: 1 | TickDown: SUP2, PERM | Target: SUP2 | Affects: ['ALL']
        MortenaxBladeTraceCR | CR% | Stacks: 1 | Value: 0.120 | Remaining Turns: 1 | TickDown: SUP2, PERM | Target: SUP2 | Affects: ['ALL']
        MortenaxBladeTraceHP | HP% | Stacks: 1 | Value: 0.100 | Remaining Turns: 1 | TickDown: SUP2, PERM | Target: SUP2 | Affects: ['ALL']
        MortenaxBladeTraceDMG | DMG% | Stacks: 1 | Value: 0.224 | Remaining Turns: 1 | TickDown: SUP2, PERM | Target: SUP2 | Affects: ['ALL']
        KeelCD(SUS) | CD% | Stacks: 1 | Value: 0.100 | Remaining Turns: 1 | TickDown: SUP2, PERM | Target: SUP2 | Affects: ['ALL']
        MasterSmithCD | CD% | Stacks: 1 | Value: 0.280 | Remaining Turns: 1 | TickDown: SUP2, PERM | Target: SUP2 | Affects: ['ALL']
        MasterSmithComburent | DMG% | Stacks: 1 | Value: 0.150 | Remaining Turns: 2 | TickDown: SUP2, END | Target: SUP2 | Affects: ['ALL']
        MortenaxBladeCRBoost | CR% | Stacks: 1 | Value: 0.200 | Remaining Turns: 1 | TickDown: SUP2, PERM | Target: SUP2 | Affects: ['ALL']
        MortenaxBladeCDBoost | CD% | Stacks: 1 | Value: 0.600 | Remaining Turns: 1 | TickDown: SUP2, PERM | Target: SUP2 | Affects: ['ALL']
        MortenaxBladeDMGReduction | DMG_REDUCTION | Stacks: 1 | Value: 0.500 | Remaining Turns: 1 | TickDown: SUP2, PERM | Target: SUP2 | Affects: ['ALL']
        MortenaxBladeDMGBoost | DMG% | Stacks: 1 | Value: 0.500 | Remaining Turns: 1 | TickDown: SUP2, PERM | Target: SUP2 | Affects: ['ALL']
        MortenaxBladeDMG | DMG% | Stacks: 1 | Value: 0.750 | Remaining Turns: 1 | TickDown: SUP2, PERM | Target: SUP2 | Affects: ['ALL']
        ----------End of Buff List----------

        ----------Enemy Debuffs----------
        MortenaxBladeUltVul | From: SUP2 | VULN | Stacks: 1 | Value: 0.500 | Remaining Turns: 2 | Target: 1 | Targeting: ST | Affects: ['ALL'] | DOT: False | Blast: False
        MortenaxBladeUltShred | From: SUP2 | SHRED | Stacks: 1 | Value: 0.300 | Remaining Turns: 2 | Target: 1 | Targeting: ST | Affects: ['ALL'] | DOT: False | Blast: False
        ResoShred(SUP2) | From: SUP2 | SHRED | Stacks: 1 | Value: 0.160 | Remaining Turns: 1 | Target: 1 | Targeting: ST | Affects: ['ALL'] | DOT: False | Blast: False
        Enemy 1 WIN-break | From: DPS | WINDSHEAR | Stacks: 1 | Value: 12621.002 | Remaining Turns: 2 | Target: 1 | Targeting: ST | Affects: ['ALL'] | DOT: True | Blast: False
        ----------End of Debuff List----------
        ----------Healing List----------
        ----------End of Healing List----------
    GAUGE  - Enemy 1 toughness reduced by 0.000
    RESULT - MortenaxBladeBounceFUA | MortenaxBlade | SUP2 | DMG: 4729.150 | ELADMG: 0.000 | Enemies Hit: [1] | Enemies Broken: [] | WB DMG: 0.000 | Energy: 0.000 | Amount HP Healed: 0.000 | Amount HP Lost: 0.000 | MortenaxBlade Energy: 37/160 | SP: 4 | MaxSP: 5)
        Buff TalentDMG expired
        Buff BattleIsntOverDMGRole.SUP1 expired
AV     > Saber AV reset to 71.514 | 139.832 SPD
DELAY  > Enemy 1 delayed by 25.0% from STDBreakDelay | NewAV: 42.685

<<< NEW TURN >>>
-   HuoHuo AV: 0.000 ENERGY: 75.846 MaxHP: 6139.808 CurrHp 4092.653 ShieldHP: 0.000
-   InfiniteFury AV: 18.240 ENERGY: 0.000 MaxHP: 0.000 CurrHp 0.000 ShieldHP: 0.000
-   Enemy 0 AV: 26.208 ENERGY: 0.000 MaxHP: 2000000.000 CurrHp 723484.919 ShieldHP: 0.000
-   Enemy 2 AV: 26.208 ENERGY: 0.000 MaxHP: 2000000.000 CurrHp 723484.919 ShieldHP: 0.000
-   Enemy 1 AV: 32.716 ENERGY: 0.000 MaxHP: 5000000.000 CurrHp 1736331.425 ShieldHP: 0.000
-   MortenaxBlade AV: 48.081 ENERGY: 37.332 MaxHP: 4779.283 CurrHp 1.000 ShieldHP: 0.000
-   Saber AV: 61.545 ENERGY: 250.000 MaxHP: 3366.991 CurrHp 2802.045 ShieldHP: 0.000
-   Sunday AV: 63.564 ENERGY: 6.472 MaxHP: 3638.196 CurrHp 1.000 ShieldHP: 0.000

Combat context set: 3 enemies, 4 players
Combat context initialized: 3 enemies, Elation team size: 0
ACTION > [CHAR] TotalAV: 377.638 | TurnAV: 9.969 | HuoHuo | A-move
        Buff WarriorGoddessHealSPD expired
        Buff WarriorGoddessHealCD expired
    TURN   - HuoHuoBasic | HuoHuo | SUS | ST attack | ['WIN'] | ['BSC'] | Scaling: HP | TargetID: 1 | DMG/BREAK Splits: [0.5, 0]/[10, 0] | Energy Gained: 20 | SP Change: 1

        ----------Char Buffs----------
        KeelCD(SUP1) | CD% | Stacks: 1 | Value: 0.100 | Remaining Turns: 1 | TickDown: SUS, PERM | Target: SUS | Affects: ['ALL']
        PostOpERR | ERR% | Stacks: 1 | Value: 0.160 | Remaining Turns: 1 | TickDown: SUS, PERM | Target: SUS | Affects: ['ALL']
        WarriorGoddessSPD | SPD% | Stacks: 1 | Value: 0.060 | Remaining Turns: 1 | TickDown: SUS, PERM | Target: SUS | Affects: ['ALL']
        KeelEFFRES | ERS% | Stacks: 1 | Value: 0.100 | Remaining Turns: 1 | TickDown: SUS, PERM | Target: SUS | Affects: ['ALL']
        KeelCD(SUS) | CD% | Stacks: 1 | Value: 0.100 | Remaining Turns: 1 | TickDown: SUS, PERM | Target: SUS | Affects: ['ALL']
        HHTraceHP | HP% | Stacks: 1 | Value: 0.280 | Remaining Turns: 1 | TickDown: SUS, PERM | Target: SUS | Affects: ['ALL']
        HHTraceERS | ERS% | Stacks: 1 | Value: 0.180 | Remaining Turns: 1 | TickDown: SUS, PERM | Target: SUS | Affects: ['ALL']
        HHTraceSPD | SPD | Stacks: 1 | Value: 5.000 | Remaining Turns: 1 | TickDown: SUS, PERM | Target: SUS | Affects: ['ALL']
        MasterSmithComburent | DMG% | Stacks: 1 | Value: 0.150 | Remaining Turns: 2 | TickDown: SUS, END | Target: SUS | Affects: ['ALL']
        MortenaxBladeDMGBoost | DMG% | Stacks: 1 | Value: 0.500 | Remaining Turns: 1 | TickDown: SUS, PERM | Target: SUS | Affects: ['ALL']
        ----------End of Buff List----------

        ----------Enemy Debuffs----------
        MortenaxBladeUltVul | From: SUP2 | VULN | Stacks: 1 | Value: 0.500 | Remaining Turns: 2 | Target: 1 | Targeting: ST | Affects: ['ALL'] | DOT: False | Blast: False
        MortenaxBladeUltShred | From: SUP2 | SHRED | Stacks: 1 | Value: 0.300 | Remaining Turns: 2 | Target: 1 | Targeting: ST | Affects: ['ALL'] | DOT: False | Blast: False
        ResoShred(SUP2) | From: SUP2 | SHRED | Stacks: 1 | Value: 0.160 | Remaining Turns: 1 | Target: 1 | Targeting: ST | Affects: ['ALL'] | DOT: False | Blast: False
        Enemy 1 WIN-break | From: DPS | WINDSHEAR | Stacks: 1 | Value: 12621.002 | Remaining Turns: 2 | Target: 1 | Targeting: ST | Affects: ['ALL'] | DOT: True | Blast: False
        ----------End of Debuff List----------
        ----------Healing List----------
        ----------End of Healing List----------
    GAUGE  - Enemy 1 toughness reduced by 10.000
    RESULT - HuoHuoBasic | HuoHuo | SUS | DMG: 5101.863 | ELADMG: 0.000 | Enemies Hit: [1] | Enemies Broken: [] | WB DMG: 0.000 | Energy: 27.088 | Amount HP Healed: 0.000 | Amount HP Lost: 0.000 | HuoHuo Energy: 103/140 | SP: 5 | MaxSP: 5)
MortenaxBlade has obtained 1 Charge. Current Charge count: 2.
SPD    > HuoHuo speed changed to 154.612 | NewAV: 0.000
AV     > HuoHuo AV reset to 64.678 | 154.612 SPD

<<< NEW TURN >>>
-   InfiniteFury AV: 0.000 ENERGY: 0.000 MaxHP: 0.000 CurrHp 0.000 ShieldHP: 0.000
-   Enemy 0 AV: 7.968 ENERGY: 0.000 MaxHP: 2000000.000 CurrHp 723484.919 ShieldHP: 0.000
-   Enemy 2 AV: 7.968 ENERGY: 0.000 MaxHP: 2000000.000 CurrHp 723484.919 ShieldHP: 0.000
-   Enemy 1 AV: 14.475 ENERGY: 0.000 MaxHP: 5000000.000 CurrHp 1731229.561 ShieldHP: 0.000
-   MortenaxBlade AV: 29.840 ENERGY: 37.332 MaxHP: 4779.283 CurrHp 1.000 ShieldHP: 0.000
-   Saber AV: 43.305 ENERGY: 250.000 MaxHP: 3366.991 CurrHp 2802.045 ShieldHP: 0.000
-   Sunday AV: 45.324 ENERGY: 6.472 MaxHP: 3638.196 CurrHp 1.000 ShieldHP: 0.000
-   HuoHuo AV: 46.438 ENERGY: 102.934 MaxHP: 6139.808 CurrHp 4092.653 ShieldHP: 0.000

Combat context set: 3 enemies, 4 players
Combat context initialized: 3 enemies, Elation team size: 0
ACTION > [SUMMON] TotalAV: 395.878 | TurnAV: 18.240 | InfiniteFury
    TURN   - InfiniteFury | InfiniteFury | SUP2 | NA attack | ['FIR'] | ['ALL'] | Scaling: HP | TargetID: -1 | DMG/BREAK Splits: [0, 0]/[0, 0] | Energy Gained: 0 | SP Change: 0

        ----------Char Buffs----------
        KeelCD(SUP1) | CD% | Stacks: 1 | Value: 0.100 | Remaining Turns: 1 | TickDown: SUP2, PERM | Target: SUP2 | Affects: ['ALL']
        MasterSmithHP | HP% | Stacks: 1 | Value: 0.120 | Remaining Turns: 1 | TickDown: SUP2, PERM | Target: SUP2 | Affects: ['ALL']
        VonwacqERR | ERR% | Stacks: 1 | Value: 0.050 | Remaining Turns: 1 | TickDown: SUP2, PERM | Target: SUP2 | Affects: ['ALL']
        MortenaxBladeTraceCR | CR% | Stacks: 1 | Value: 0.120 | Remaining Turns: 1 | TickDown: SUP2, PERM | Target: SUP2 | Affects: ['ALL']
        MortenaxBladeTraceHP | HP% | Stacks: 1 | Value: 0.100 | Remaining Turns: 1 | TickDown: SUP2, PERM | Target: SUP2 | Affects: ['ALL']
        MortenaxBladeTraceDMG | DMG% | Stacks: 1 | Value: 0.224 | Remaining Turns: 1 | TickDown: SUP2, PERM | Target: SUP2 | Affects: ['ALL']
        KeelCD(SUS) | CD% | Stacks: 1 | Value: 0.100 | Remaining Turns: 1 | TickDown: SUP2, PERM | Target: SUP2 | Affects: ['ALL']
        MasterSmithCD | CD% | Stacks: 1 | Value: 0.280 | Remaining Turns: 1 | TickDown: SUP2, PERM | Target: SUP2 | Affects: ['ALL']
        MasterSmithComburent | DMG% | Stacks: 1 | Value: 0.150 | Remaining Turns: 2 | TickDown: SUP2, END | Target: SUP2 | Affects: ['ALL']
        MortenaxBladeCRBoost | CR% | Stacks: 1 | Value: 0.200 | Remaining Turns: 1 | TickDown: SUP2, PERM | Target: SUP2 | Affects: ['ALL']
        MortenaxBladeCDBoost | CD% | Stacks: 1 | Value: 0.600 | Remaining Turns: 1 | TickDown: SUP2, PERM | Target: SUP2 | Affects: ['ALL']
        MortenaxBladeDMGReduction | DMG_REDUCTION | Stacks: 1 | Value: 0.500 | Remaining Turns: 1 | TickDown: SUP2, PERM | Target: SUP2 | Affects: ['ALL']
        MortenaxBladeDMGBoost | DMG% | Stacks: 1 | Value: 0.500 | Remaining Turns: 1 | TickDown: SUP2, PERM | Target: SUP2 | Affects: ['ALL']
        MortenaxBladeDMG | DMG% | Stacks: 1 | Value: 0.750 | Remaining Turns: 1 | TickDown: SUP2, PERM | Target: SUP2 | Affects: ['ALL']
        ----------End of Buff List----------

        ----------Enemy Debuffs----------
        ----------End of Debuff List----------
        ----------Healing List----------
        ----------End of Healing List----------
    GAUGE  - Enemy 1 toughness reduced by 0.000
    RESULT - InfiniteFury | InfiniteFury | SUP2 | DMG: 0.000 | ELADMG: 0.000 | Enemies Hit: [1] | Enemies Broken: [] | WB DMG: 0.000 | Energy: 0.000 | Amount HP Healed: 0.000 | Amount HP Lost: 0.000 | MortenaxBlade Energy: 37/160 | SP: 5 | MaxSP: 5)
AV     > InfiniteFury AV reset to 10000.000 | 1.000 SPD

<<< NEW TURN >>>
-   Enemy 0 AV: 0.000 ENERGY: 0.000 MaxHP: 2000000.000 CurrHp 723484.919 ShieldHP: 0.000
-   Enemy 2 AV: 0.000 ENERGY: 0.000 MaxHP: 2000000.000 CurrHp 723484.919 ShieldHP: 0.000
-   Enemy 1 AV: 6.507 ENERGY: 0.000 MaxHP: 5000000.000 CurrHp 1731229.561 ShieldHP: 0.000
-   MortenaxBlade AV: 21.872 ENERGY: 120.000 MaxHP: 4779.283 CurrHp 1.000 ShieldHP: 0.000
-   Saber AV: 35.337 ENERGY: 250.000 MaxHP: 3366.991 CurrHp 2802.045 ShieldHP: 0.000
-   Sunday AV: 37.356 ENERGY: 6.472 MaxHP: 3638.196 CurrHp 1.000 ShieldHP: 0.000
-   HuoHuo AV: 38.470 ENERGY: 102.934 MaxHP: 6139.808 CurrHp 4092.653 ShieldHP: 0.000
-   InfiniteFury AV: 9992.032 ENERGY: 0.000 MaxHP: 0.000 CurrHp 0.000 ShieldHP: 0.000

Combat context set: 3 enemies, 4 players
Combat context initialized: 3 enemies, Elation team size: 0
ACTION > [ENEMY] TotalAV: 403.846 | TurnAV: 7.968 | Enemy 0 | 1 attacks
    CharEnergy - Saber: Hit 6.667 Total: 256.667 | Sunday: Hit 6.667 Total: 15.101 | MortenaxBlade: Hit 6.667 Total: 128.296 | HuoHuo: Hit 3.333 Total: 107.449 |
    ENEMY  - Enemy 0 [aoe] dealt 314.6 to Sunday (energy: 3.3, DEF: 1474, atkMul: 1.00, dmgMul: 1.00) | Shield Absorbed: 0.0 | HP Lost: 314.6 | HP: 1/3638 | Shield HP: 0
    ENEMY  - Enemy 0 [aoe] dealt 226.0 to Saber (energy: 3.3, DEF: 2504, atkMul: 1.00, dmgMul: 1.00) | Shield Absorbed: 0.0 | HP Lost: 226.0 | HP: 2576/3367 | Shield HP: 0
    ENEMY  - Enemy 0 [aoe] dealt 261.0 to MortenaxBlade (energy: 3.3, DEF: 2014, atkMul: 1.00, dmgMul: 1.00) | Shield Absorbed: 0.0 | HP Lost: 261.0 | HP: 1/4779 | Shield HP: 0
    ENEMY  - Enemy 0 [aoe] dealt 261.0 to MortenaxBlade (energy: 3.3, DEF: 2014, atkMul: 1.00, dmgMul: 1.00) | Shield Absorbed: 0.0 | HP Lost: 261.0 | HP: 1/4779 | Shield HP: 0
    ENEMY  - Enemy 0 [aoe] dealt 314.6 to Sunday (energy: 3.3, DEF: 1474, atkMul: 1.00, dmgMul: 1.00) | Shield Absorbed: 0.0 | HP Lost: 314.6 | HP: 1/3638 | Shield HP: 0
    ENEMY  - Enemy 0 [aoe] dealt 231.9 to HuoHuo (energy: 3.3, DEF: 2410, atkMul: 1.00, dmgMul: 1.00) | Shield Absorbed: 0.0 | HP Lost: 231.9 | HP: 3861/6140 | Shield HP: 0
    ENEMY  - Enemy 0 [aoe] dealt 226.0 to Saber (energy: 3.3, DEF: 2504, atkMul: 1.00, dmgMul: 1.00) | Shield Absorbed: 0.0 | HP Lost: 226.0 | HP: 2350/3367 | Shield HP: 0
        Debuff ResoShred(SUP2) expired
AV     > Enemy 0 AV reset to 76.923 | 130.000 SPD

<<< NEW TURN >>>
-   Enemy 2 AV: 0.000 ENERGY: 0.000 MaxHP: 2000000.000 CurrHp 723484.919 ShieldHP: 0.000
-   Enemy 1 AV: 6.507 ENERGY: 0.000 MaxHP: 5000000.000 CurrHp 1731229.561 ShieldHP: 0.000
-   MortenaxBlade AV: 21.872 ENERGY: 128.296 MaxHP: 4779.283 CurrHp 1.000 ShieldHP: 0.000
-   Saber AV: 35.337 ENERGY: 256.667 MaxHP: 3366.991 CurrHp 2350.088 ShieldHP: 0.000
-   Sunday AV: 37.356 ENERGY: 15.101 MaxHP: 3638.196 CurrHp 1.000 ShieldHP: 0.000
-   HuoHuo AV: 38.470 ENERGY: 107.449 MaxHP: 6139.808 CurrHp 3860.712 ShieldHP: 0.000
-   Enemy 0 AV: 76.923 ENERGY: 0.000 MaxHP: 2000000.000 CurrHp 723484.919 ShieldHP: 0.000
-   InfiniteFury AV: 9992.032 ENERGY: 0.000 MaxHP: 0.000 CurrHp 0.000 ShieldHP: 0.000

Combat context set: 3 enemies, 4 players
Combat context initialized: 3 enemies, Elation team size: 0
ACTION > [ENEMY] TotalAV: 403.846 | TurnAV: 0.000 | Enemy 2 | 1 attacks
    CharEnergy - Saber: Hit 1.667 Total: 258.333 | Sunday: Hit 1.667 Total: 17.259 | MortenaxBlade: Hit 8.333 Total: 138.666 | HuoHuo: Hit 1.667 Total: 109.706 |
    ENEMY  - Enemy 2 [aoe] dealt 261.0 to MortenaxBlade (energy: 3.3, DEF: 2014, atkMul: 1.00, dmgMul: 1.00) | Shield Absorbed: 0.0 | HP Lost: 261.0 | HP: 1/4779 | Shield HP: 0
    ENEMY  - Enemy 2 [aoe] dealt 113.0 to Saber (energy: 1.7, DEF: 2504, atkMul: 1.00, dmgMul: 1.00) | Shield Absorbed: 0.0 | HP Lost: 113.0 | HP: 2237/3367 | Shield HP: 0
    ENEMY  - Enemy 2 [aoe] dealt 157.3 to Sunday (energy: 1.7, DEF: 1474, atkMul: 1.00, dmgMul: 1.00) | Shield Absorbed: 0.0 | HP Lost: 157.3 | HP: 1/3638 | Shield HP: 0
    ENEMY  - Enemy 2 [aoe] dealt 130.5 to MortenaxBlade (energy: 1.7, DEF: 2014, atkMul: 1.00, dmgMul: 1.00) | Shield Absorbed: 0.0 | HP Lost: 130.5 | HP: 1/4779 | Shield HP: 0
    ENEMY  - Enemy 2 [aoe] dealt 116.0 to HuoHuo (energy: 1.7, DEF: 2410, atkMul: 1.00, dmgMul: 1.00) | Shield Absorbed: 0.0 | HP Lost: 116.0 | HP: 3745/6140 | Shield HP: 0
    ENEMY  - Enemy 2 [aoe] dealt 261.0 to MortenaxBlade (energy: 3.3, DEF: 2014, atkMul: 1.00, dmgMul: 1.00) | Shield Absorbed: 0.0 | HP Lost: 261.0 | HP: 1/4779 | Shield HP: 0
        Debuff ResoShred(SUP2) expired
AV     > Enemy 2 AV reset to 76.923 | 130.000 SPD

<<< NEW TURN >>>
-   Enemy 1 AV: 0.000 ENERGY: 0.000 MaxHP: 5000000.000 CurrHp 1731229.561 ShieldHP: 0.000
-   MortenaxBlade AV: 15.365 ENERGY: 138.666 MaxHP: 4779.283 CurrHp 1.000 ShieldHP: 0.000
-   Saber AV: 28.830 ENERGY: 258.333 MaxHP: 3366.991 CurrHp 2237.099 ShieldHP: 0.000
-   Sunday AV: 30.849 ENERGY: 17.259 MaxHP: 3638.196 CurrHp 1.000 ShieldHP: 0.000
-   HuoHuo AV: 31.962 ENERGY: 109.706 MaxHP: 6139.808 CurrHp 3744.741 ShieldHP: 0.000
-   Enemy 2 AV: 70.416 ENERGY: 0.000 MaxHP: 2000000.000 CurrHp 723484.919 ShieldHP: 0.000
-   Enemy 0 AV: 70.416 ENERGY: 0.000 MaxHP: 2000000.000 CurrHp 723484.919 ShieldHP: 0.000
-   InfiniteFury AV: 9985.525 ENERGY: 0.000 MaxHP: 0.000 CurrHp 0.000 ShieldHP: 0.000

Combat context set: 3 enemies, 4 players
Combat context initialized: 3 enemies, Elation team size: 0
ACTION > [ENEMY] TotalAV: 410.354 | TurnAV: 6.507 | Enemy 1 | 1 attacks
    CharEnergy - Saber: Hit 0.000 Total: 258.333 | Sunday: Hit 6.667 Total: 25.888 | MortenaxBlade: Hit 10.000 Total: 151.110 | HuoHuo: Hit 6.667 Total: 118.735 |
    ENEMY  - Enemy 1 [aoe] dealt 261.0 to MortenaxBlade (energy: 3.3, DEF: 2014, atkMul: 1.00, dmgMul: 1.00) | Shield Absorbed: 0.0 | HP Lost: 261.0 | HP: 1/4779 | Shield HP: 0
    ENEMY  - Enemy 1 [aoe] dealt 314.6 to Sunday (energy: 3.3, DEF: 1474, atkMul: 1.00, dmgMul: 1.00) | Shield Absorbed: 0.0 | HP Lost: 314.6 | HP: 1/3638 | Shield HP: 0
    ENEMY  - Enemy 1 [aoe] dealt 231.9 to HuoHuo (energy: 3.3, DEF: 2410, atkMul: 1.00, dmgMul: 1.00) | Shield Absorbed: 0.0 | HP Lost: 231.9 | HP: 3513/6140 | Shield HP: 0
    ENEMY  - Enemy 1 [aoe] dealt 261.0 to MortenaxBlade (energy: 3.3, DEF: 2014, atkMul: 1.00, dmgMul: 1.00) | Shield Absorbed: 0.0 | HP Lost: 261.0 | HP: 1/4779 | Shield HP: 0
    ENEMY  - Enemy 1 [aoe] dealt 314.6 to Sunday (energy: 3.3, DEF: 1474, atkMul: 1.00, dmgMul: 1.00) | Shield Absorbed: 0.0 | HP Lost: 314.6 | HP: 1/3638 | Shield HP: 0
    ENEMY  - Enemy 1 [aoe] dealt 231.9 to HuoHuo (energy: 3.3, DEF: 2410, atkMul: 1.00, dmgMul: 1.00) | Shield Absorbed: 0.0 | HP Lost: 231.9 | HP: 3281/6140 | Shield HP: 0
    ENEMY  - Enemy 1 [aoe] dealt 261.0 to MortenaxBlade (energy: 3.3, DEF: 2014, atkMul: 1.00, dmgMul: 1.00) | Shield Absorbed: 0.0 | HP Lost: 261.0 | HP: 1/4779 | Shield HP: 0
    DEBUFF - Enemy 1 took 10511.014 Debuff damage from Enemy 1 WIN-break
        Debuff ResoShred(SUP2) expired
AV     > Enemy 1 AV reset to 63.131 | 158.400 SPD

<<< NEW TURN >>>
-   MortenaxBlade AV: 0.000 ENERGY: 151.110 MaxHP: 4779.283 CurrHp 1.000 ShieldHP: 0.000
-   Saber AV: 13.465 ENERGY: 258.333 MaxHP: 3366.991 CurrHp 2237.099 ShieldHP: 0.000
-   Sunday AV: 15.484 ENERGY: 25.888 MaxHP: 3638.196 CurrHp 1.000 ShieldHP: 0.000
-   HuoHuo AV: 16.597 ENERGY: 118.735 MaxHP: 6139.808 CurrHp 3280.859 ShieldHP: 0.000
-   Enemy 1 AV: 47.766 ENERGY: 0.000 MaxHP: 5000000.000 CurrHp 1731229.561 ShieldHP: 0.000
-   Enemy 2 AV: 55.051 ENERGY: 0.000 MaxHP: 2000000.000 CurrHp 723484.919 ShieldHP: 0.000
-   Enemy 0 AV: 55.051 ENERGY: 0.000 MaxHP: 2000000.000 CurrHp 723484.919 ShieldHP: 0.000
-   InfiniteFury AV: 9970.160 ENERGY: 0.000 MaxHP: 0.000 CurrHp 0.000 ShieldHP: 0.000

Combat context set: 3 enemies, 4 players
Combat context initialized: 3 enemies, Elation team size: 0
ACTION > [CHAR] TotalAV: 425.719 | TurnAV: 15.365 | MortenaxBlade | A-move
    TURN   - MortenaxBladeBasic | MortenaxBlade | SUP2 | ST attack | ['FIR'] | ['BSC'] | Scaling: HP | TargetID: 1 | DMG/BREAK Splits: [0.5, 0]/[10, 0] | Energy Gained: 20 | SP Change: 1

        ----------Char Buffs----------
        KeelCD(SUP1) | CD% | Stacks: 1 | Value: 0.100 | Remaining Turns: 1 | TickDown: SUP2, PERM | Target: SUP2 | Affects: ['ALL']
        MasterSmithHP | HP% | Stacks: 1 | Value: 0.120 | Remaining Turns: 1 | TickDown: SUP2, PERM | Target: SUP2 | Affects: ['ALL']
        VonwacqERR | ERR% | Stacks: 1 | Value: 0.050 | Remaining Turns: 1 | TickDown: SUP2, PERM | Target: SUP2 | Affects: ['ALL']
        MortenaxBladeTraceCR | CR% | Stacks: 1 | Value: 0.120 | Remaining Turns: 1 | TickDown: SUP2, PERM | Target: SUP2 | Affects: ['ALL']
        MortenaxBladeTraceHP | HP% | Stacks: 1 | Value: 0.100 | Remaining Turns: 1 | TickDown: SUP2, PERM | Target: SUP2 | Affects: ['ALL']
        MortenaxBladeTraceDMG | DMG% | Stacks: 1 | Value: 0.224 | Remaining Turns: 1 | TickDown: SUP2, PERM | Target: SUP2 | Affects: ['ALL']
        KeelCD(SUS) | CD% | Stacks: 1 | Value: 0.100 | Remaining Turns: 1 | TickDown: SUP2, PERM | Target: SUP2 | Affects: ['ALL']
        MasterSmithCD | CD% | Stacks: 1 | Value: 0.280 | Remaining Turns: 1 | TickDown: SUP2, PERM | Target: SUP2 | Affects: ['ALL']
        MasterSmithComburent | DMG% | Stacks: 1 | Value: 0.150 | Remaining Turns: 2 | TickDown: SUP2, END | Target: SUP2 | Affects: ['ALL']
        MortenaxBladeCRBoost | CR% | Stacks: 1 | Value: 0.000 | Remaining Turns: 1 | TickDown: SUP2, PERM | Target: SUP2 | Affects: ['ALL']
        MortenaxBladeCDBoost | CD% | Stacks: 1 | Value: 0.000 | Remaining Turns: 1 | TickDown: SUP2, PERM | Target: SUP2 | Affects: ['ALL']
        MortenaxBladeDMGReduction | DMG_REDUCTION | Stacks: 1 | Value: 0.000 | Remaining Turns: 1 | TickDown: SUP2, PERM | Target: SUP2 | Affects: ['ALL']
        MortenaxBladeDMGBoost | DMG% | Stacks: 1 | Value: 0.000 | Remaining Turns: 1 | TickDown: SUP2, PERM | Target: SUP2 | Affects: ['ALL']
        MortenaxBladeDMG | DMG% | Stacks: 1 | Value: 0.000 | Remaining Turns: 1 | TickDown: SUP2, PERM | Target: SUP2 | Affects: ['ALL']
        ----------End of Buff List----------

        ----------Enemy Debuffs----------
        MortenaxBladeUltVul | From: SUP2 | VULN | Stacks: 1 | Value: 0.500 | Remaining Turns: 1 | Target: 1 | Targeting: ST | Affects: ['ALL'] | DOT: False | Blast: False
        MortenaxBladeUltShred | From: SUP2 | SHRED | Stacks: 1 | Value: 0.300 | Remaining Turns: 1 | Target: 1 | Targeting: ST | Affects: ['ALL'] | DOT: False | Blast: False
        Enemy 1 WIN-break | From: DPS | WINDSHEAR | Stacks: 1 | Value: 12621.002 | Remaining Turns: 1 | Target: 1 | Targeting: ST | Affects: ['ALL'] | DOT: True | Blast: False
        ResoShred(SUP2) | From: SUP2 | SHRED | Stacks: 1 | Value: 0.160 | Remaining Turns: 1 | Target: 1 | Targeting: ST | Affects: ['ALL'] | DOT: False | Blast: False
        ----------End of Debuff List----------
        ----------Healing List----------
        ----------End of Healing List----------
    GAUGE  - Enemy 1 toughness reduced by 0.000
    RESULT - MortenaxBladeBasic | MortenaxBlade | SUP2 | DMG: 3294.924 | ELADMG: 0.000 | Enemies Hit: [1] | Enemies Broken: [] | WB DMG: 0.000 | Energy: 24.888 | Amount HP Healed: 0.000 | Amount HP Lost: 0.000 | MortenaxBlade Energy: 160/160 | SP: 5 | MaxSP: 5)
ULT    > MortenaxBlade used their ultimate
    TURN   - MortenaxBladeUlt | MortenaxBlade | SUP2 | NA attack | ['FIR'] | ['ALL'] | Scaling: HP | TargetID: 1 | DMG/BREAK Splits: [0, 0]/[0, 0] | Energy Gained: 5 | SP Change: 0

        ----------Char Buffs----------
        KeelCD(SUP1) | CD% | Stacks: 1 | Value: 0.100 | Remaining Turns: 1 | TickDown: SUP2, PERM | Target: SUP2 | Affects: ['ALL']
        MasterSmithHP | HP% | Stacks: 1 | Value: 0.120 | Remaining Turns: 1 | TickDown: SUP2, PERM | Target: SUP2 | Affects: ['ALL']
        VonwacqERR | ERR% | Stacks: 1 | Value: 0.050 | Remaining Turns: 1 | TickDown: SUP2, PERM | Target: SUP2 | Affects: ['ALL']
        MortenaxBladeTraceCR | CR% | Stacks: 1 | Value: 0.120 | Remaining Turns: 1 | TickDown: SUP2, PERM | Target: SUP2 | Affects: ['ALL']
        MortenaxBladeTraceHP | HP% | Stacks: 1 | Value: 0.100 | Remaining Turns: 1 | TickDown: SUP2, PERM | Target: SUP2 | Affects: ['ALL']
        MortenaxBladeTraceDMG | DMG% | Stacks: 1 | Value: 0.224 | Remaining Turns: 1 | TickDown: SUP2, PERM | Target: SUP2 | Affects: ['ALL']
        KeelCD(SUS) | CD% | Stacks: 1 | Value: 0.100 | Remaining Turns: 1 | TickDown: SUP2, PERM | Target: SUP2 | Affects: ['ALL']
        MasterSmithCD | CD% | Stacks: 1 | Value: 0.280 | Remaining Turns: 1 | TickDown: SUP2, PERM | Target: SUP2 | Affects: ['ALL']
        MasterSmithComburent | DMG% | Stacks: 1 | Value: 0.150 | Remaining Turns: 2 | TickDown: SUP2, END | Target: SUP2 | Affects: ['ALL']
        MortenaxBladeCRBoost | CR% | Stacks: 1 | Value: 0.200 | Remaining Turns: 1 | TickDown: SUP2, PERM | Target: SUP2 | Affects: ['ALL']
        MortenaxBladeCDBoost | CD% | Stacks: 1 | Value: 0.600 | Remaining Turns: 1 | TickDown: SUP2, PERM | Target: SUP2 | Affects: ['ALL']
        MortenaxBladeDMGReduction | DMG_REDUCTION | Stacks: 1 | Value: 0.500 | Remaining Turns: 1 | TickDown: SUP2, PERM | Target: SUP2 | Affects: ['ALL']
        MortenaxBladeDMGBoost | DMG% | Stacks: 1 | Value: 0.500 | Remaining Turns: 1 | TickDown: SUP2, PERM | Target: SUP2 | Affects: ['ALL']
        MortenaxBladeDMG | DMG% | Stacks: 1 | Value: 0.750 | Remaining Turns: 1 | TickDown: SUP2, PERM | Target: SUP2 | Affects: ['ALL']
        ----------End of Buff List----------

        ----------Enemy Debuffs----------
        MortenaxBladeUltVul | From: SUP2 | VULN | Stacks: 1 | Value: 0.500 | Remaining Turns: 2 | Target: 1 | Targeting: ST | Affects: ['ALL'] | DOT: False | Blast: False
        MortenaxBladeUltShred | From: SUP2 | SHRED | Stacks: 1 | Value: 0.300 | Remaining Turns: 2 | Target: 1 | Targeting: ST | Affects: ['ALL'] | DOT: False | Blast: False
        Enemy 1 WIN-break | From: DPS | WINDSHEAR | Stacks: 1 | Value: 12621.002 | Remaining Turns: 1 | Target: 1 | Targeting: ST | Affects: ['ALL'] | DOT: True | Blast: False
        ResoShred(SUP2) | From: SUP2 | SHRED | Stacks: 1 | Value: 0.160 | Remaining Turns: 1 | Target: 1 | Targeting: ST | Affects: ['ALL'] | DOT: False | Blast: False
        ----------End of Debuff List----------
        ----------Healing List----------
        ----------End of Healing List----------
    GAUGE  - Enemy 1 toughness reduced by 0.000
    RESULT - MortenaxBladeUlt | MortenaxBlade | SUP2 | DMG: 0.000 | ELADMG: 0.000 | Enemies Hit: [1] | Enemies Broken: [] | WB DMG: 0.000 | Energy: 6.222 | Amount HP Healed: 0.000 | Amount HP Lost: 0.000 | MortenaxBlade Energy: 6/160 | SP: 5 | MaxSP: 5)
Saber got 3 Core Resonance from Talent, Current Count: 14
ADV    > Saber advanced by 100.000% from Trace1Advance | NewAV: 0.000 | Priority: 22
AV     > MortenaxBlade AV reset to 64.503 | 155.032 SPD

<<< NEW TURN >>>
-   Saber AV: 0.000 ENERGY: 258.333 MaxHP: 3366.991 CurrHp 2237.099 ShieldHP: 0.000
-   Sunday AV: 15.484 ENERGY: 25.888 MaxHP: 3638.196 CurrHp 1.000 ShieldHP: 0.000
-   HuoHuo AV: 16.597 ENERGY: 118.735 MaxHP: 6139.808 CurrHp 3280.859 ShieldHP: 0.000
-   Enemy 1 AV: 47.766 ENERGY: 0.000 MaxHP: 5000000.000 CurrHp 1727934.637 ShieldHP: 0.000
-   Enemy 2 AV: 55.051 ENERGY: 0.000 MaxHP: 2000000.000 CurrHp 723484.919 ShieldHP: 0.000
-   Enemy 0 AV: 55.051 ENERGY: 0.000 MaxHP: 2000000.000 CurrHp 723484.919 ShieldHP: 0.000
-   MortenaxBlade AV: 64.503 ENERGY: 6.222 MaxHP: 4779.283 CurrHp 1.000 ShieldHP: 0.000
-   InfiniteFury AV: 142.857 ENERGY: 0.000 MaxHP: 0.000 CurrHp 0.000 ShieldHP: 0.000

Combat context set: 3 enemies, 4 players
Combat context initialized: 3 enemies, Elation team size: 0
ACTION > [CHAR] TotalAV: 425.719 | TurnAV: 0.000 | Saber | E-move
Saber used 14 Core Resonance for Skill
    TURN   - SaberSkill | Saber | DPS | BLAST attack | ['WIN'] | ['SKL'] | Scaling: ATK | TargetID: 1 | DMG/BREAK Splits: [3.46, 2.71]/[20, 10] | Energy Gained: 30 | SP Change: -1

        ----------Char Buffs----------
        ThanklessCoronationCD | CR% | Stacks: 1 | Value: 0.360 | Remaining Turns: 1 | TickDown: DPS, PERM | Target: DPS | Affects: ['ALL']
        ScholarCR | CR% | Stacks: 1 | Value: 0.080 | Remaining Turns: 1 | TickDown: DPS, PERM | Target: DPS | Affects: ['ALL']
        ScholarDMG | DMG% | Stacks: 1 | Value: 0.200 | Remaining Turns: 1 | TickDown: DPS, PERM | Target: DPS | Affects: ['SKL', 'ULT']
        SaberTraceHP | HP% | Stacks: 1 | Value: 0.100 | Remaining Turns: 1 | TickDown: DPS, PERM | Target: DPS | Affects: ['ALL']
        SaberTraceCR | CR% | Stacks: 1 | Value: 0.120 | Remaining Turns: 1 | TickDown: DPS, PERM | Target: DPS | Affects: ['ALL']
        SaberTraceDMG | DMG% | Stacks: 1 | Value: 0.224 | Remaining Turns: 1 | TickDown: DPS, PERM | Target: DPS | Affects: ['ALL']
        SaberTrace1CR | CR% | Stacks: 1 | Value: 0.200 | Remaining Turns: 1 | TickDown: DPS, PERM | Target: DPS | Affects: ['ALL']
        KeelCD(SUP1) | CD% | Stacks: 1 | Value: 0.100 | Remaining Turns: 1 | TickDown: DPS, PERM | Target: DPS | Affects: ['ALL']
        KeelCD(SUS) | CD% | Stacks: 1 | Value: 0.100 | Remaining Turns: 1 | TickDown: DPS, PERM | Target: DPS | Affects: ['ALL']
        CosmicLifeDMG | DMG% | Stacks: 1 | Value: 0.320 | Remaining Turns: 1 | TickDown: DPS, PERM | Target: DPS | Affects: ['ALL']
        Trace3CDExtra | CD% | Stacks: 1 | Value: 0.320 | Remaining Turns: 1 | TickDown: DPS, PERM | Target: DPS | Affects: ['ALL']
        MortenaxBladeDMGBoost | DMG% | Stacks: 1 | Value: 0.500 | Remaining Turns: 1 | TickDown: DPS, PERM | Target: DPS | Affects: ['ALL']
        SundayBeatified | CD% | Stacks: 1 | Value: 0.856 | Remaining Turns: 3 | TickDown: SUP1, START | Target: DPS | Affects: ['ALL']
        MasterSmithComburent | DMG% | Stacks: 1 | Value: 0.150 | Remaining Turns: 2 | TickDown: DPS, END | Target: DPS | Affects: ['ALL']
        SacerdosCDSUP1 | CD% | Stacks: 2 | Value: 0.360 | Remaining Turns: 1 | TickDown: DPS, END | Target: DPS | Affects: ['ALL']
        SundaySklDMG | DMG% | Stacks: 1 | Value: 0.300 | Remaining Turns: 1 | TickDown: DPS, END | Target: DPS | Affects: ['ALL']
        SundaySklCR | CR% | Stacks: 1 | Value: 0.200 | Remaining Turns: 1 | TickDown: DPS, END | Target: DPS | Affects: ['ALL']
        Trace3CD | CD% | Stacks: 1 | Value: 0.500 | Remaining Turns: 2 | TickDown: DPS, END | Target: DPS | Affects: ['ALL']
        TalentDMG | DMG% | Stacks: 1 | Value: 0.600 | Remaining Turns: 2 | TickDown: DPS, END | Target: DPS | Affects: ['ALL']
        SkillEnergy | ERR_F | Stacks: 1 | Value: 112.000 | Remaining Turns: 1 | TickDown: DPS, START | Target: DPS | Affects: ['ALL']
        ----------End of Buff List----------

        ----------Enemy Debuffs----------
        MortenaxBladeUltVul | From: SUP2 | VULN | Stacks: 1 | Value: 0.500 | Remaining Turns: 2 | Target: 1 | Targeting: ST | Affects: ['ALL'] | DOT: False | Blast: False
        MortenaxBladeUltShred | From: SUP2 | SHRED | Stacks: 1 | Value: 0.300 | Remaining Turns: 2 | Target: 1 | Targeting: ST | Affects: ['ALL'] | DOT: False | Blast: False
        Enemy 1 WIN-break | From: DPS | WINDSHEAR | Stacks: 1 | Value: 12621.002 | Remaining Turns: 1 | Target: 1 | Targeting: ST | Affects: ['ALL'] | DOT: True | Blast: False
        ResoShred(SUP2) | From: SUP2 | SHRED | Stacks: 1 | Value: 0.160 | Remaining Turns: 1 | Target: 1 | Targeting: ST | Affects: ['ALL'] | DOT: False | Blast: False
        ----------End of Debuff List----------
        ----------Healing List----------
        ----------End of Healing List----------
    GAUGE  - Enemy 1 toughness reduced by 20.000
    GAUGE  - Enemy 0 toughness reduced by 10.000
    GAUGE  - Enemy 2 toughness reduced by 10.000
    RESULT - SaberSkill | Saber | DPS | DMG: 298545.920 | ELADMG: 0.000 | Enemies Hit: [1, 0, 2] | Enemies Broken: [0, 2] | WB DMG: 35036.712 | Energy: 30.000 | Amount HP Healed: 0.000 | Amount HP Lost: 0.000 | Saber Energy: 288/360 | SP: 4 | MaxSP: 5)
MortenaxBlade has obtained 1 Charge. Current Charge count: 3.
ERR    > 112.000 energy added to Saber from SkillEnergy | Saber Energy: 360.000
ULT    > Saber used their ultimate
Saber got 3 Core Resonance from Talent, Current Count: 3
Saber transferred 40.3 overflow energy on Ult entry
    TURN   - SaberUltBig | Saber | DPS | AOE attack | ['WIN'] | ['ULT'] | Scaling: ATK | TargetID: 1 | DMG/BREAK Splits: [2.8, 0]/[40, 0] | Energy Gained: 0 | SP Change: 0

        ----------Char Buffs----------
        ThanklessCoronationCD | CR% | Stacks: 1 | Value: 0.360 | Remaining Turns: 1 | TickDown: DPS, PERM | Target: DPS | Affects: ['ALL']
        ScholarCR | CR% | Stacks: 1 | Value: 0.080 | Remaining Turns: 1 | TickDown: DPS, PERM | Target: DPS | Affects: ['ALL']
        ScholarDMG | DMG% | Stacks: 1 | Value: 0.200 | Remaining Turns: 1 | TickDown: DPS, PERM | Target: DPS | Affects: ['SKL', 'ULT']
        SaberTraceHP | HP% | Stacks: 1 | Value: 0.100 | Remaining Turns: 1 | TickDown: DPS, PERM | Target: DPS | Affects: ['ALL']
        SaberTraceCR | CR% | Stacks: 1 | Value: 0.120 | Remaining Turns: 1 | TickDown: DPS, PERM | Target: DPS | Affects: ['ALL']
        SaberTraceDMG | DMG% | Stacks: 1 | Value: 0.224 | Remaining Turns: 1 | TickDown: DPS, PERM | Target: DPS | Affects: ['ALL']
        SaberTrace1CR | CR% | Stacks: 1 | Value: 0.200 | Remaining Turns: 1 | TickDown: DPS, PERM | Target: DPS | Affects: ['ALL']
        KeelCD(SUP1) | CD% | Stacks: 1 | Value: 0.100 | Remaining Turns: 1 | TickDown: DPS, PERM | Target: DPS | Affects: ['ALL']
        KeelCD(SUS) | CD% | Stacks: 1 | Value: 0.100 | Remaining Turns: 1 | TickDown: DPS, PERM | Target: DPS | Affects: ['ALL']
        CosmicLifeDMG | DMG% | Stacks: 1 | Value: 0.320 | Remaining Turns: 1 | TickDown: DPS, PERM | Target: DPS | Affects: ['ALL']
        Trace3CDExtra | CD% | Stacks: 1 | Value: 0.320 | Remaining Turns: 1 | TickDown: DPS, PERM | Target: DPS | Affects: ['ALL']
        MortenaxBladeDMGBoost | DMG% | Stacks: 1 | Value: 0.500 | Remaining Turns: 1 | TickDown: DPS, PERM | Target: DPS | Affects: ['ALL']
        SundayBeatified | CD% | Stacks: 1 | Value: 0.856 | Remaining Turns: 3 | TickDown: SUP1, START | Target: DPS | Affects: ['ALL']
        MasterSmithComburent | DMG% | Stacks: 1 | Value: 0.150 | Remaining Turns: 2 | TickDown: DPS, END | Target: DPS | Affects: ['ALL']
        SacerdosCDSUP1 | CD% | Stacks: 2 | Value: 0.360 | Remaining Turns: 1 | TickDown: DPS, END | Target: DPS | Affects: ['ALL']
        SundaySklDMG | DMG% | Stacks: 1 | Value: 0.300 | Remaining Turns: 1 | TickDown: DPS, END | Target: DPS | Affects: ['ALL']
        SundaySklCR | CR% | Stacks: 1 | Value: 0.200 | Remaining Turns: 1 | TickDown: DPS, END | Target: DPS | Affects: ['ALL']
        Trace3CD | CD% | Stacks: 1 | Value: 0.500 | Remaining Turns: 2 | TickDown: DPS, END | Target: DPS | Affects: ['ALL']
        TalentDMG | DMG% | Stacks: 1 | Value: 0.600 | Remaining Turns: 2 | TickDown: DPS, END | Target: DPS | Affects: ['ALL']
        ThanklessCoronationATK | ATK% | Stacks: 1 | Value: 0.400 | Remaining Turns: 2 | TickDown: DPS, END | Target: DPS | Affects: ['ALL']
        ThanklessCoronationERR | ERR_F | Stacks: 1 | Value: 36.000 | Remaining Turns: 1 | TickDown: DPS, START | Target: DPS | Affects: ['ALL']
        ThanklessCoronationATKExtra | ATK% | Stacks: 1 | Value: 0.400 | Remaining Turns: 2 | TickDown: DPS, END | Target: DPS | Affects: ['ALL']
        ----------End of Buff List----------

        ----------Enemy Debuffs----------
        MortenaxBladeUltVul | From: SUP2 | VULN | Stacks: 1 | Value: 0.500 | Remaining Turns: 2 | Target: 1 | Targeting: ST | Affects: ['ALL'] | DOT: False | Blast: False
        MortenaxBladeUltShred | From: SUP2 | SHRED | Stacks: 1 | Value: 0.300 | Remaining Turns: 2 | Target: 1 | Targeting: ST | Affects: ['ALL'] | DOT: False | Blast: False
        Enemy 1 WIN-break | From: DPS | WINDSHEAR | Stacks: 1 | Value: 12621.002 | Remaining Turns: 1 | Target: 1 | Targeting: ST | Affects: ['ALL'] | DOT: True | Blast: False
        ResoShred(SUP2) | From: SUP2 | SHRED | Stacks: 1 | Value: 0.160 | Remaining Turns: 1 | Target: 1 | Targeting: ST | Affects: ['ALL'] | DOT: False | Blast: False
        ----------End of Debuff List----------
        ----------Healing List----------
        ----------End of Healing List----------
    GAUGE  - Enemy 0 toughness reduced by 40.000
    GAUGE  - Enemy 1 toughness reduced by 40.000
    GAUGE  - Enemy 2 toughness reduced by 40.000
    RESULT - SaberUltBig | Saber | DPS | DMG: 418073.655 | ELADMG: 0.000 | Enemies Hit: [0, 1, 2] | Enemies Broken: [] | WB DMG: 0.000 | Energy: 0.000 | Amount HP Healed: 0.000 | Amount HP Lost: 0.000 | Saber Energy: 40/360 | SP: 4 | MaxSP: 5)
MortenaxBlade has obtained 1 Charge. Current Charge count: 4.
    TURN   - SaberUltSmall | Saber | DPS | ST attack | ['WIN'] | ['ULT'] | Scaling: ATK | TargetID: 1 | DMG/BREAK Splits: [11.0, 0]/[20, 0] | Energy Gained: 5 | SP Change: 0

        ----------Char Buffs----------
        ThanklessCoronationCD | CR% | Stacks: 1 | Value: 0.360 | Remaining Turns: 1 | TickDown: DPS, PERM | Target: DPS | Affects: ['ALL']
        ScholarCR | CR% | Stacks: 1 | Value: 0.080 | Remaining Turns: 1 | TickDown: DPS, PERM | Target: DPS | Affects: ['ALL']
        ScholarDMG | DMG% | Stacks: 1 | Value: 0.200 | Remaining Turns: 1 | TickDown: DPS, PERM | Target: DPS | Affects: ['SKL', 'ULT']
        SaberTraceHP | HP% | Stacks: 1 | Value: 0.100 | Remaining Turns: 1 | TickDown: DPS, PERM | Target: DPS | Affects: ['ALL']
        SaberTraceCR | CR% | Stacks: 1 | Value: 0.120 | Remaining Turns: 1 | TickDown: DPS, PERM | Target: DPS | Affects: ['ALL']
        SaberTraceDMG | DMG% | Stacks: 1 | Value: 0.224 | Remaining Turns: 1 | TickDown: DPS, PERM | Target: DPS | Affects: ['ALL']
        SaberTrace1CR | CR% | Stacks: 1 | Value: 0.200 | Remaining Turns: 1 | TickDown: DPS, PERM | Target: DPS | Affects: ['ALL']
        KeelCD(SUP1) | CD% | Stacks: 1 | Value: 0.100 | Remaining Turns: 1 | TickDown: DPS, PERM | Target: DPS | Affects: ['ALL']
        KeelCD(SUS) | CD% | Stacks: 1 | Value: 0.100 | Remaining Turns: 1 | TickDown: DPS, PERM | Target: DPS | Affects: ['ALL']
        CosmicLifeDMG | DMG% | Stacks: 1 | Value: 0.320 | Remaining Turns: 1 | TickDown: DPS, PERM | Target: DPS | Affects: ['ALL']
        Trace3CDExtra | CD% | Stacks: 1 | Value: 0.320 | Remaining Turns: 1 | TickDown: DPS, PERM | Target: DPS | Affects: ['ALL']
        MortenaxBladeDMGBoost | DMG% | Stacks: 1 | Value: 0.500 | Remaining Turns: 1 | TickDown: DPS, PERM | Target: DPS | Affects: ['ALL']
        SundayBeatified | CD% | Stacks: 1 | Value: 0.856 | Remaining Turns: 3 | TickDown: SUP1, START | Target: DPS | Affects: ['ALL']
        MasterSmithComburent | DMG% | Stacks: 1 | Value: 0.150 | Remaining Turns: 2 | TickDown: DPS, END | Target: DPS | Affects: ['ALL']
        SacerdosCDSUP1 | CD% | Stacks: 2 | Value: 0.360 | Remaining Turns: 1 | TickDown: DPS, END | Target: DPS | Affects: ['ALL']
        SundaySklDMG | DMG% | Stacks: 1 | Value: 0.300 | Remaining Turns: 1 | TickDown: DPS, END | Target: DPS | Affects: ['ALL']
        SundaySklCR | CR% | Stacks: 1 | Value: 0.200 | Remaining Turns: 1 | TickDown: DPS, END | Target: DPS | Affects: ['ALL']
        Trace3CD | CD% | Stacks: 1 | Value: 0.500 | Remaining Turns: 2 | TickDown: DPS, END | Target: DPS | Affects: ['ALL']
        TalentDMG | DMG% | Stacks: 1 | Value: 0.600 | Remaining Turns: 2 | TickDown: DPS, END | Target: DPS | Affects: ['ALL']
        ThanklessCoronationATK | ATK% | Stacks: 1 | Value: 0.400 | Remaining Turns: 2 | TickDown: DPS, END | Target: DPS | Affects: ['ALL']
        ThanklessCoronationERR | ERR_F | Stacks: 1 | Value: 36.000 | Remaining Turns: 1 | TickDown: DPS, START | Target: DPS | Affects: ['ALL']
        ThanklessCoronationATKExtra | ATK% | Stacks: 1 | Value: 0.400 | Remaining Turns: 2 | TickDown: DPS, END | Target: DPS | Affects: ['ALL']
        ----------End of Buff List----------

        ----------Enemy Debuffs----------
        MortenaxBladeUltVul | From: SUP2 | VULN | Stacks: 1 | Value: 0.500 | Remaining Turns: 2 | Target: 1 | Targeting: ST | Affects: ['ALL'] | DOT: False | Blast: False
        MortenaxBladeUltShred | From: SUP2 | SHRED | Stacks: 1 | Value: 0.300 | Remaining Turns: 2 | Target: 1 | Targeting: ST | Affects: ['ALL'] | DOT: False | Blast: False
        Enemy 1 WIN-break | From: DPS | WINDSHEAR | Stacks: 1 | Value: 12621.002 | Remaining Turns: 1 | Target: 1 | Targeting: ST | Affects: ['ALL'] | DOT: True | Blast: False
        ResoShred(SUP2) | From: SUP2 | SHRED | Stacks: 1 | Value: 0.160 | Remaining Turns: 1 | Target: 1 | Targeting: ST | Affects: ['ALL'] | DOT: False | Blast: False
        ----------End of Debuff List----------
        ----------Healing List----------
        ----------End of Healing List----------
    GAUGE  - Enemy 1 toughness reduced by 20.000
    RESULT - SaberUltSmall | Saber | DPS | DMG: 509720.343 | ELADMG: 0.000 | Enemies Hit: [1] | Enemies Broken: [] | WB DMG: 0.000 | Energy: 5.000 | Amount HP Healed: 0.000 | Amount HP Lost: 0.000 | Saber Energy: 45/360 | SP: 4 | MaxSP: 5)
ERR    > 36.000 energy added to Saber from ThanklessCoronationERR | Saber Energy: 81.333
        Buff SacerdosCDSUP1 expired
        Buff SundaySklDMG expired
        Buff SundaySklCR expired
AV     > Saber AV reset to 71.514 | 139.832 SPD
DELAY  > Enemy 0 delayed by 25.0% from STDBreakDelay | NewAV: 74.281
DELAY  > Enemy 2 delayed by 25.0% from STDBreakDelay | NewAV: 74.281

<<< NEW TURN >>>
-   Sunday AV: 0.000 ENERGY: 25.888 MaxHP: 3638.196 CurrHp 1.000 ShieldHP: 0.000
-   HuoHuo AV: 1.114 ENERGY: 118.735 MaxHP: 6139.808 CurrHp 3280.859 ShieldHP: 0.000
-   Enemy 1 AV: 32.282 ENERGY: 0.000 MaxHP: 5000000.000 CurrHp 972141.973 ShieldHP: 0.000
-   MortenaxBlade AV: 49.019 ENERGY: 6.222 MaxHP: 4779.283 CurrHp 1.000 ShieldHP: 0.000
-   Saber AV: 56.031 ENERGY: 81.333 MaxHP: 3366.991 CurrHp 2237.099 ShieldHP: 0.000
-   Enemy 2 AV: 58.798 ENERGY: 0.000 MaxHP: 2000000.000 CurrHp 488211.292 ShieldHP: 0.000
-   Enemy 0 AV: 58.798 ENERGY: 0.000 MaxHP: 2000000.000 CurrHp 488211.292 ShieldHP: 0.000
-   InfiniteFury AV: 127.373 ENERGY: 0.000 MaxHP: 0.000 CurrHp 0.000 ShieldHP: 0.000

Combat context set: 3 enemies, 4 players
Combat context initialized: 3 enemies, Elation team size: 0
ACTION > [CHAR] TotalAV: 441.202 | TurnAV: 15.484 | Sunday | E-move
        Buff WarriorGoddessHealCD expired
    TURN   - SundaySkill | Sunday | SUP1 | NA attack | ['IMG'] | ['SKL'] | Scaling: ATK | TargetID: -1 | DMG/BREAK Splits: [0, 0]/[0, 0] | Energy Gained: 30 | SP Change: -1

        ----------Char Buffs----------
        BattleIsntOverERR | ERR% | Stacks: 1 | Value: 0.100 | Remaining Turns: 1 | TickDown: SUP1, PERM | Target: SUP1 | Affects: ['ALL']
        SacerdosSPD | SPD% | Stacks: 1 | Value: 0.060 | Remaining Turns: 1 | TickDown: SUP1, PERM | Target: SUP1 | Affects: ['ALL']
        KeelEFFRES | ERS% | Stacks: 1 | Value: 0.100 | Remaining Turns: 1 | TickDown: SUP1, PERM | Target: SUP1 | Affects: ['ALL']
        KeelCD(SUP1) | CD% | Stacks: 1 | Value: 0.100 | Remaining Turns: 1 | TickDown: SUP1, PERM | Target: SUP1 | Affects: ['ALL']
        SundayTraceCD | CD% | Stacks: 1 | Value: 0.373 | Remaining Turns: 1 | TickDown: SUP1, PERM | Target: SUP1 | Affects: ['ALL']
        SundayTraceERS | ERS% | Stacks: 1 | Value: 0.180 | Remaining Turns: 1 | TickDown: SUP1, PERM | Target: SUP1 | Affects: ['ALL']
        SundayTraceDEF | DEF% | Stacks: 1 | Value: 0.125 | Remaining Turns: 1 | TickDown: SUP1, PERM | Target: SUP1 | Affects: ['ALL']
        KeelCD(SUS) | CD% | Stacks: 1 | Value: 0.100 | Remaining Turns: 1 | TickDown: SUP1, PERM | Target: SUP1 | Affects: ['ALL']
        MasterSmithComburent | DMG% | Stacks: 1 | Value: 0.150 | Remaining Turns: 2 | TickDown: SUP1, END | Target: SUP1 | Affects: ['ALL']
        MortenaxBladeDMGBoost | DMG% | Stacks: 1 | Value: 0.500 | Remaining Turns: 1 | TickDown: SUP1, PERM | Target: SUP1 | Affects: ['ALL']
        ----------End of Buff List----------

        ----------Enemy Debuffs----------
        ----------End of Debuff List----------
        ----------Healing List----------
        ----------End of Healing List----------
    GAUGE  - Enemy 0 toughness reduced by 0.000
    RESULT - SundaySkill | Sunday | SUP1 | DMG: 0.000 | ELADMG: 0.000 | Enemies Hit: [0] | Enemies Broken: [] | WB DMG: 0.000 | Energy: 38.832 | Amount HP Healed: 0.000 | Amount HP Lost: 0.000 | Sunday Energy: 65/130 | SP: 3 | MaxSP: 5)
ADV    > Saber advanced by 100.000% from SundayTargetADV | NewAV: 0.000 | Priority: 17
ADV    > Saber advanced by 10.000% from SundayTargetADV | NewAV: 0.000 | Priority: 32
AV     > Sunday AV reset to 73.534 | 135.992 SPD

<<< NEW TURN >>>
-   Saber AV: 0.000 ENERGY: 81.333 MaxHP: 3366.991 CurrHp 2237.099 ShieldHP: 0.000
-   HuoHuo AV: 1.114 ENERGY: 118.735 MaxHP: 6139.808 CurrHp 3280.859 ShieldHP: 0.000
-   Enemy 1 AV: 32.282 ENERGY: 0.000 MaxHP: 5000000.000 CurrHp 972141.973 ShieldHP: 0.000
-   MortenaxBlade AV: 49.019 ENERGY: 6.222 MaxHP: 4779.283 CurrHp 1.000 ShieldHP: 0.000
-   Enemy 2 AV: 58.798 ENERGY: 0.000 MaxHP: 2000000.000 CurrHp 488211.292 ShieldHP: 0.000
-   Enemy 0 AV: 58.798 ENERGY: 0.000 MaxHP: 2000000.000 CurrHp 488211.292 ShieldHP: 0.000
-   Sunday AV: 73.534 ENERGY: 64.720 MaxHP: 3638.196 CurrHp 1.000 ShieldHP: 0.000
-   InfiniteFury AV: 127.373 ENERGY: 0.000 MaxHP: 0.000 CurrHp 0.000 ShieldHP: 0.000

Combat context set: 3 enemies, 4 players
Combat context initialized: 3 enemies, Elation team size: 0
ACTION > [CHAR] TotalAV: 441.202 | TurnAV: 0.000 | Saber | A-move
Saber got 2 Core Resonance from Enhanced basic, Current Count: 5
    TURN   - SaberEnhancedBasic | Saber | DPS | AOE attack | ['WIN'] | ['BSC'] | Scaling: ATK | TargetID: 1 | DMG/BREAK Splits: [1.5, 0]/[20, 0] | Energy Gained: 30 | SP Change: 1

        ----------Char Buffs----------
        ThanklessCoronationCD | CR% | Stacks: 1 | Value: 0.360 | Remaining Turns: 1 | TickDown: DPS, PERM | Target: DPS | Affects: ['ALL']
        ScholarCR | CR% | Stacks: 1 | Value: 0.080 | Remaining Turns: 1 | TickDown: DPS, PERM | Target: DPS | Affects: ['ALL']
        SaberTraceHP | HP% | Stacks: 1 | Value: 0.100 | Remaining Turns: 1 | TickDown: DPS, PERM | Target: DPS | Affects: ['ALL']
        SaberTraceCR | CR% | Stacks: 1 | Value: 0.120 | Remaining Turns: 1 | TickDown: DPS, PERM | Target: DPS | Affects: ['ALL']
        SaberTraceDMG | DMG% | Stacks: 1 | Value: 0.224 | Remaining Turns: 1 | TickDown: DPS, PERM | Target: DPS | Affects: ['ALL']
        SaberTrace1CR | CR% | Stacks: 1 | Value: 0.200 | Remaining Turns: 1 | TickDown: DPS, PERM | Target: DPS | Affects: ['ALL']
        KeelCD(SUP1) | CD% | Stacks: 1 | Value: 0.100 | Remaining Turns: 1 | TickDown: DPS, PERM | Target: DPS | Affects: ['ALL']
        KeelCD(SUS) | CD% | Stacks: 1 | Value: 0.100 | Remaining Turns: 1 | TickDown: DPS, PERM | Target: DPS | Affects: ['ALL']
        CosmicLifeDMG | DMG% | Stacks: 1 | Value: 0.320 | Remaining Turns: 1 | TickDown: DPS, PERM | Target: DPS | Affects: ['ALL']
        Trace3CDExtra | CD% | Stacks: 1 | Value: 0.320 | Remaining Turns: 1 | TickDown: DPS, PERM | Target: DPS | Affects: ['ALL']
        MortenaxBladeDMGBoost | DMG% | Stacks: 1 | Value: 0.500 | Remaining Turns: 1 | TickDown: DPS, PERM | Target: DPS | Affects: ['ALL']
        SundayBeatified | CD% | Stacks: 1 | Value: 0.856 | Remaining Turns: 2 | TickDown: SUP1, START | Target: DPS | Affects: ['ALL']
        MasterSmithComburent | DMG% | Stacks: 1 | Value: 0.150 | Remaining Turns: 1 | TickDown: DPS, END | Target: DPS | Affects: ['ALL']
        Trace3CD | CD% | Stacks: 1 | Value: 0.500 | Remaining Turns: 1 | TickDown: DPS, END | Target: DPS | Affects: ['ALL']
        TalentDMG | DMG% | Stacks: 1 | Value: 0.600 | Remaining Turns: 1 | TickDown: DPS, END | Target: DPS | Affects: ['ALL']
        ThanklessCoronationATK | ATK% | Stacks: 1 | Value: 0.400 | Remaining Turns: 1 | TickDown: DPS, END | Target: DPS | Affects: ['ALL']
        ThanklessCoronationATKExtra | ATK% | Stacks: 1 | Value: 0.400 | Remaining Turns: 1 | TickDown: DPS, END | Target: DPS | Affects: ['ALL']
        BattleIsntOverDMGRole.SUP1 | DMG% | Stacks: 1 | Value: 0.300 | Remaining Turns: 1 | TickDown: DPS, END | Target: DPS | Affects: ['ALL']
        SacerdosCDSUP1 | CD% | Stacks: 1 | Value: 0.180 | Remaining Turns: 2 | TickDown: DPS, END | Target: DPS | Affects: ['ALL']
        SundaySklDMG | DMG% | Stacks: 1 | Value: 0.300 | Remaining Turns: 2 | TickDown: DPS, END | Target: DPS | Affects: ['ALL']
        SundaySklCR | CR% | Stacks: 1 | Value: 0.200 | Remaining Turns: 2 | TickDown: DPS, END | Target: DPS | Affects: ['ALL']
        ----------End of Buff List----------

        ----------Enemy Debuffs----------
        MortenaxBladeUltVul | From: SUP2 | VULN | Stacks: 1 | Value: 0.500 | Remaining Turns: 2 | Target: 1 | Targeting: ST | Affects: ['ALL'] | DOT: False | Blast: False
        MortenaxBladeUltShred | From: SUP2 | SHRED | Stacks: 1 | Value: 0.300 | Remaining Turns: 2 | Target: 1 | Targeting: ST | Affects: ['ALL'] | DOT: False | Blast: False
        Enemy 1 WIN-break | From: DPS | WINDSHEAR | Stacks: 1 | Value: 12621.002 | Remaining Turns: 1 | Target: 1 | Targeting: ST | Affects: ['ALL'] | DOT: True | Blast: False
        ResoShred(SUP2) | From: SUP2 | SHRED | Stacks: 1 | Value: 0.160 | Remaining Turns: 1 | Target: 1 | Targeting: ST | Affects: ['ALL'] | DOT: False | Blast: False
        ----------End of Debuff List----------
        ----------Healing List----------
        ----------End of Healing List----------
    GAUGE  - Enemy 0 toughness reduced by 20.000
    GAUGE  - Enemy 1 toughness reduced by 20.000
    GAUGE  - Enemy 2 toughness reduced by 20.000
    RESULT - SaberEnhancedBasic | Saber | DPS | DMG: 220590.602 | ELADMG: 0.000 | Enemies Hit: [0, 1, 2] | Enemies Broken: [] | WB DMG: 0.000 | Energy: 30.000 | Amount HP Healed: 0.000 | Amount HP Lost: 0.000 | Saber Energy: 111/360 | SP: 4 | MaxSP: 5)
MortenaxBlade has obtained 1 Charge. Current Charge count: 5.
        Buff MasterSmithComburent expired
        Buff Trace3CD expired
        Buff TalentDMG expired
        Buff ThanklessCoronationATK expired
        Buff ThanklessCoronationATKExtra expired
        Buff BattleIsntOverDMGRole.SUP1 expired
AV     > Saber AV reset to 71.514 | 139.832 SPD

<<< NEW TURN >>>
-   HuoHuo AV: 0.000 ENERGY: 118.735 MaxHP: 6139.808 CurrHp 3280.859 ShieldHP: 0.000
-   Enemy 1 AV: 31.169 ENERGY: 0.000 MaxHP: 5000000.000 CurrHp 903682.821 ShieldHP: 0.000
-   MortenaxBlade AV: 47.905 ENERGY: 6.222 MaxHP: 4779.283 CurrHp 1.000 ShieldHP: 0.000
-   Enemy 2 AV: 57.684 ENERGY: 0.000 MaxHP: 2000000.000 CurrHp 412145.568 ShieldHP: 0.000
-   Enemy 0 AV: 57.684 ENERGY: 0.000 MaxHP: 2000000.000 CurrHp 412145.568 ShieldHP: 0.000
-   Saber AV: 70.401 ENERGY: 111.333 MaxHP: 3366.991 CurrHp 2237.099 ShieldHP: 0.000
-   Sunday AV: 72.420 ENERGY: 64.720 MaxHP: 3638.196 CurrHp 1.000 ShieldHP: 0.000
-   InfiniteFury AV: 126.260 ENERGY: 0.000 MaxHP: 0.000 CurrHp 0.000 ShieldHP: 0.000

Combat context set: 3 enemies, 4 players
Combat context initialized: 3 enemies, Elation team size: 0
ACTION > [CHAR] TotalAV: 442.316 | TurnAV: 1.114 | HuoHuo | E-move
    TURN   - HuoHuoSkill | HuoHuo | SUS | NA attack | ['WIN'] | ['SKL'] | Scaling: HP | TargetID: -1 | DMG/BREAK Splits: [0, 0]/[0, 0] | Energy Gained: 30 | SP Change: -1

        ----------Char Buffs----------
        KeelCD(SUP1) | CD% | Stacks: 1 | Value: 0.100 | Remaining Turns: 1 | TickDown: SUS, PERM | Target: SUS | Affects: ['ALL']
        PostOpERR | ERR% | Stacks: 1 | Value: 0.160 | Remaining Turns: 1 | TickDown: SUS, PERM | Target: SUS | Affects: ['ALL']
        WarriorGoddessSPD | SPD% | Stacks: 1 | Value: 0.060 | Remaining Turns: 1 | TickDown: SUS, PERM | Target: SUS | Affects: ['ALL']
        KeelEFFRES | ERS% | Stacks: 1 | Value: 0.100 | Remaining Turns: 1 | TickDown: SUS, PERM | Target: SUS | Affects: ['ALL']
        KeelCD(SUS) | CD% | Stacks: 1 | Value: 0.100 | Remaining Turns: 1 | TickDown: SUS, PERM | Target: SUS | Affects: ['ALL']
        HHTraceHP | HP% | Stacks: 1 | Value: 0.280 | Remaining Turns: 1 | TickDown: SUS, PERM | Target: SUS | Affects: ['ALL']
        HHTraceERS | ERS% | Stacks: 1 | Value: 0.180 | Remaining Turns: 1 | TickDown: SUS, PERM | Target: SUS | Affects: ['ALL']
        HHTraceSPD | SPD | Stacks: 1 | Value: 5.000 | Remaining Turns: 1 | TickDown: SUS, PERM | Target: SUS | Affects: ['ALL']
        MasterSmithComburent | DMG% | Stacks: 1 | Value: 0.150 | Remaining Turns: 2 | TickDown: SUS, END | Target: SUS | Affects: ['ALL']
        MortenaxBladeDMGBoost | DMG% | Stacks: 1 | Value: 0.500 | Remaining Turns: 1 | TickDown: SUS, PERM | Target: SUS | Affects: ['ALL']
        ----------End of Buff List----------

        ----------Enemy Debuffs----------
        ----------End of Debuff List----------
        ----------Healing List----------
        HuoHuoSkillHealingScaling | Targeting: Targeting.BLAST | Healing Value: [0.24] | Target: ALL
        HuoHuoSkillHealingScaling | Targeting: Targeting.BLAST | Healing Value: [0.24] | Target: ALL
        HuoHuoSkillHealingScaling | Targeting: Targeting.BLAST | Healing Value: [0.24] | Target: ALL
        HuoHuoSkillHealingScaling | Targeting: Targeting.BLAST | Healing Value: [0.24] | Target: ALL
        HuoHuoSkillHealingScaling | Targeting: Targeting.BLAST | Healing Value: [0.24] | Target: ALL
        HuoHuoSkillHealingScaling | Targeting: Targeting.BLAST | Healing Value: [0.24] | Target: ALL
        HuoHuoSkillHealingFlat | Targeting: Targeting.BLAST | Healing Value: [640] | Target: ALL
        HuoHuoSkillHealingFlat | Targeting: Targeting.BLAST | Healing Value: [640] | Target: ALL
        HuoHuoSkillHealingFlat | Targeting: Targeting.BLAST | Healing Value: [640] | Target: ALL
        HuoHuoSkillHealingFlat | Targeting: Targeting.BLAST | Healing Value: [640] | Target: ALL
        HuoHuoSkillHealingFlat | Targeting: Targeting.BLAST | Healing Value: [640] | Target: ALL
        HuoHuoSkillHealingFlat | Targeting: Targeting.BLAST | Healing Value: [640] | Target: ALL
        ----------End of Healing List----------
    GAUGE  - Enemy 0 toughness reduced by 0.000
    RESULT - HuoHuoSkill | HuoHuo | SUS | DMG: 0.000 | ELADMG: 0.000 | Enemies Hit: [0] | Enemies Broken: [] | WB DMG: 0.000 | Energy: 40.632 | Amount HP Healed: 7931.292 | Amount HP Lost: 0.000 | HuoHuo Energy: 140/140 | SP: 3 | MaxSP: 5)
ULT    > HuoHuo used their ultimate
    TURN   - HuoHuoUlt | HuoHuo | SUS | NA attack | ['WIN'] | ['ULT'] | Scaling: HP | TargetID: -1 | DMG/BREAK Splits: [0, 0]/[0, 0] | Energy Gained: 5 | SP Change: 0

        ----------Char Buffs----------
        KeelCD(SUP1) | CD% | Stacks: 1 | Value: 0.100 | Remaining Turns: 1 | TickDown: SUS, PERM | Target: SUS | Affects: ['ALL']
        PostOpERR | ERR% | Stacks: 1 | Value: 0.160 | Remaining Turns: 1 | TickDown: SUS, PERM | Target: SUS | Affects: ['ALL']
        PostOpOGH | OGH% | Stacks: 1 | Value: 0.240 | Remaining Turns: 1 | TickDown: SUS, PERM | Target: SUS | Affects: ['ULT']
        WarriorGoddessSPD | SPD% | Stacks: 1 | Value: 0.060 | Remaining Turns: 1 | TickDown: SUS, PERM | Target: SUS | Affects: ['ALL']
        KeelEFFRES | ERS% | Stacks: 1 | Value: 0.100 | Remaining Turns: 1 | TickDown: SUS, PERM | Target: SUS | Affects: ['ALL']
        KeelCD(SUS) | CD% | Stacks: 1 | Value: 0.100 | Remaining Turns: 1 | TickDown: SUS, PERM | Target: SUS | Affects: ['ALL']
        HHTraceHP | HP% | Stacks: 1 | Value: 0.280 | Remaining Turns: 1 | TickDown: SUS, PERM | Target: SUS | Affects: ['ALL']
        HHTraceERS | ERS% | Stacks: 1 | Value: 0.180 | Remaining Turns: 1 | TickDown: SUS, PERM | Target: SUS | Affects: ['ALL']
        HHTraceSPD | SPD | Stacks: 1 | Value: 5.000 | Remaining Turns: 1 | TickDown: SUS, PERM | Target: SUS | Affects: ['ALL']
        MasterSmithComburent | DMG% | Stacks: 1 | Value: 0.150 | Remaining Turns: 2 | TickDown: SUS, END | Target: SUS | Affects: ['ALL']
        MortenaxBladeDMGBoost | DMG% | Stacks: 1 | Value: 0.500 | Remaining Turns: 1 | TickDown: SUS, PERM | Target: SUS | Affects: ['ALL']
        WarriorGoddessHealSPD | SPD% | Stacks: 1 | Value: 0.060 | Remaining Turns: 2 | TickDown: SUS, START | Target: SUS | Affects: ['ALL']
        WarriorGoddessHealCD | CD% | Stacks: 1 | Value: 0.150 | Remaining Turns: 2 | TickDown: SUS, START | Target: SUS | Affects: ['ALL']
        ----------End of Buff List----------

        ----------Enemy Debuffs----------
        ----------End of Debuff List----------
        ----------Healing List----------
        ----------End of Healing List----------
    GAUGE  - Enemy 0 toughness reduced by 0.000
    RESULT - HuoHuoUlt | HuoHuo | SUS | DMG: 0.000 | ELADMG: 0.000 | Enemies Hit: [0] | Enemies Broken: [] | WB DMG: 0.000 | Energy: 6.772 | Amount HP Healed: 0.000 | Amount HP Lost: 0.000 | HuoHuo Energy: 7/140 | SP: 3 | MaxSP: 5)
Saber got 3 Core Resonance from Talent, Current Count: 8
ERR    > 72.000 energy added to Saber from HuoHuoERR | Saber Energy: 183.333
ERR    > 26.000 energy added to Sunday from HuoHuoERR | Sunday Energy: 90.720
ERR    > 32.000 energy added to MortenaxBlade from HuoHuoERR | MortenaxBlade Energy: 38.222
SPD    > HuoHuo speed changed to 160.492 | NewAV: 0.000
AV     > HuoHuo AV reset to 62.308 | 160.492 SPD

<<< NEW TURN >>>
-   Enemy 1 AV: 0.000 ENERGY: 0.000 MaxHP: 5000000.000 CurrHp 903682.821 ShieldHP: 0.000
-   MortenaxBlade AV: 16.737 ENERGY: 38.222 MaxHP: 4779.283 CurrHp 1983.823 ShieldHP: 0.000
-   Enemy 2 AV: 26.515 ENERGY: 0.000 MaxHP: 2000000.000 CurrHp 412145.568 ShieldHP: 0.000
-   Enemy 0 AV: 26.515 ENERGY: 0.000 MaxHP: 2000000.000 CurrHp 412145.568 ShieldHP: 0.000
-   HuoHuo AV: 31.140 ENERGY: 6.772 MaxHP: 6139.808 CurrHp 5263.682 ShieldHP: 0.000
-   Saber AV: 39.232 ENERGY: 183.333 MaxHP: 3366.991 CurrHp 3366.991 ShieldHP: 0.000
-   Sunday AV: 41.251 ENERGY: 90.720 MaxHP: 3638.196 CurrHp 1983.823 ShieldHP: 0.000
-   InfiniteFury AV: 95.091 ENERGY: 0.000 MaxHP: 0.000 CurrHp 0.000 ShieldHP: 0.000

Combat context set: 3 enemies, 4 players
Combat context initialized: 3 enemies, Elation team size: 0
ACTION > [ENEMY] TotalAV: 473.485 | TurnAV: 31.169 | Enemy 1 | 1 attacks
MortenaxBlade has obtained 1 Charge. Current Charge count: 6.
    CharEnergy - Saber: Hit 0.000 Total: 183.333 | Sunday: Hit 10.000 Total: 103.664 | MortenaxBlade: Hit 10.000 Total: 50.666 | HuoHuo: Hit 10.000 Total: 20.316 |
    ENEMY  - Enemy 1 [aoe] dealt 130.5 to MortenaxBlade (energy: 3.3, DEF: 2014, atkMul: 1.00, dmgMul: 1.00) | Shield Absorbed: 0.0 | HP Lost: 130.5 | HP: 1853/4779 | Shield HP: 0
    ENEMY  - Enemy 1 [aoe] dealt 314.6 to Sunday (energy: 3.3, DEF: 1474, atkMul: 1.00, dmgMul: 1.00) | Shield Absorbed: 0.0 | HP Lost: 314.6 | HP: 1669/3638 | Shield HP: 0
    ENEMY  - Enemy 1 [aoe] dealt 231.9 to HuoHuo (energy: 3.3, DEF: 2410, atkMul: 1.00, dmgMul: 1.00) | Shield Absorbed: 0.0 | HP Lost: 231.9 | HP: 5032/6140 | Shield HP: 0
    ENEMY  - Enemy 1 [aoe] dealt 130.5 to MortenaxBlade (energy: 3.3, DEF: 2014, atkMul: 1.00, dmgMul: 1.00) | Shield Absorbed: 0.0 | HP Lost: 130.5 | HP: 1723/4779 | Shield HP: 0
    ENEMY  - Enemy 1 [aoe] dealt 314.6 to Sunday (energy: 3.3, DEF: 1474, atkMul: 1.00, dmgMul: 1.00) | Shield Absorbed: 0.0 | HP Lost: 314.6 | HP: 1355/3638 | Shield HP: 0
    ENEMY  - Enemy 1 [aoe] dealt 231.9 to HuoHuo (energy: 3.3, DEF: 2410, atkMul: 1.00, dmgMul: 1.00) | Shield Absorbed: 0.0 | HP Lost: 231.9 | HP: 4800/6140 | Shield HP: 0
    ENEMY  - Enemy 1 [aoe] dealt 130.5 to MortenaxBlade (energy: 3.3, DEF: 2014, atkMul: 1.00, dmgMul: 1.00) | Shield Absorbed: 0.0 | HP Lost: 130.5 | HP: 1592/4779 | Shield HP: 0
    ENEMY  - Enemy 1 [aoe] dealt 314.6 to Sunday (energy: 3.3, DEF: 1474, atkMul: 1.00, dmgMul: 1.00) | Shield Absorbed: 0.0 | HP Lost: 314.6 | HP: 1040/3638 | Shield HP: 0
    ENEMY  - Enemy 1 [aoe] dealt 231.9 to HuoHuo (energy: 3.3, DEF: 2410, atkMul: 1.00, dmgMul: 1.00) | Shield Absorbed: 0.0 | HP Lost: 231.9 | HP: 4568/6140 | Shield HP: 0
MortenaxBlade has obtained 1 Charge. Current Charge count: 7.
MortenaxBlade useHit produced 2 debuffs
    DEBUFF - Enemy 1 took 10511.014 Debuff damage from Enemy 1 WIN-break
        Debuff Enemy 1 WIN-break expired
        Debuff ResoShred(SUP2) expired
AV     > Enemy 1 AV reset to 63.131 | 158.400 SPD

<<< NEW TURN >>>
-   MortenaxBlade AV: 0.000 ENERGY: 50.666 MaxHP: 4779.283 CurrHp 1592.344 ShieldHP: 0.000
-   Enemy 2 AV: 9.779 ENERGY: 0.000 MaxHP: 2000000.000 CurrHp 412145.568 ShieldHP: 0.000
-   Enemy 0 AV: 9.779 ENERGY: 0.000 MaxHP: 2000000.000 CurrHp 412145.568 ShieldHP: 0.000
-   HuoHuo AV: 14.403 ENERGY: 20.316 MaxHP: 6139.808 CurrHp 4567.858 ShieldHP: 0.000
-   Saber AV: 22.495 ENERGY: 183.333 MaxHP: 3366.991 CurrHp 3366.991 ShieldHP: 0.000
-   Sunday AV: 24.515 ENERGY: 103.664 MaxHP: 3638.196 CurrHp 1039.959 ShieldHP: 0.000
-   Enemy 1 AV: 46.395 ENERGY: 0.000 MaxHP: 5000000.000 CurrHp 903682.821 ShieldHP: 0.000
-   InfiniteFury AV: 78.354 ENERGY: 0.000 MaxHP: 0.000 CurrHp 0.000 ShieldHP: 0.000

Combat context set: 3 enemies, 4 players
Combat context initialized: 3 enemies, Elation team size: 0
ACTION > [CHAR] TotalAV: 490.221 | TurnAV: 16.737 | MortenaxBlade | E-move
MortenaxBlade has obtained 1 Charge. Current Charge count: 8.
    TURN   - MortenaxBladeAOESkill | MortenaxBlade | SUP2 | AOE attack | ['FIR'] | ['SKL'] | Scaling: HP | TargetID: 1 | DMG/BREAK Splits: [0.72, 0]/[10, 0] | Energy Gained: 30 | SP Change: 0

        ----------Char Buffs----------
        KeelCD(SUP1) | CD% | Stacks: 1 | Value: 0.100 | Remaining Turns: 1 | TickDown: SUP2, PERM | Target: SUP2 | Affects: ['ALL']
        MasterSmithHP | HP% | Stacks: 1 | Value: 0.120 | Remaining Turns: 1 | TickDown: SUP2, PERM | Target: SUP2 | Affects: ['ALL']
        VonwacqERR | ERR% | Stacks: 1 | Value: 0.050 | Remaining Turns: 1 | TickDown: SUP2, PERM | Target: SUP2 | Affects: ['ALL']
        MortenaxBladeTraceCR | CR% | Stacks: 1 | Value: 0.120 | Remaining Turns: 1 | TickDown: SUP2, PERM | Target: SUP2 | Affects: ['ALL']
        MortenaxBladeTraceHP | HP% | Stacks: 1 | Value: 0.100 | Remaining Turns: 1 | TickDown: SUP2, PERM | Target: SUP2 | Affects: ['ALL']
        MortenaxBladeTraceDMG | DMG% | Stacks: 1 | Value: 0.224 | Remaining Turns: 1 | TickDown: SUP2, PERM | Target: SUP2 | Affects: ['ALL']
        KeelCD(SUS) | CD% | Stacks: 1 | Value: 0.100 | Remaining Turns: 1 | TickDown: SUP2, PERM | Target: SUP2 | Affects: ['ALL']
        MasterSmithCD | CD% | Stacks: 1 | Value: 0.280 | Remaining Turns: 1 | TickDown: SUP2, PERM | Target: SUP2 | Affects: ['ALL']
        MasterSmithComburent | DMG% | Stacks: 1 | Value: 0.150 | Remaining Turns: 1 | TickDown: SUP2, END | Target: SUP2 | Affects: ['ALL']
        MortenaxBladeCRBoost | CR% | Stacks: 1 | Value: 0.200 | Remaining Turns: 1 | TickDown: SUP2, PERM | Target: SUP2 | Affects: ['ALL']
        MortenaxBladeCDBoost | CD% | Stacks: 1 | Value: 0.600 | Remaining Turns: 1 | TickDown: SUP2, PERM | Target: SUP2 | Affects: ['ALL']
        MortenaxBladeDMGReduction | DMG_REDUCTION | Stacks: 1 | Value: 0.500 | Remaining Turns: 1 | TickDown: SUP2, PERM | Target: SUP2 | Affects: ['ALL']
        MortenaxBladeDMGBoost | DMG% | Stacks: 1 | Value: 0.500 | Remaining Turns: 1 | TickDown: SUP2, PERM | Target: SUP2 | Affects: ['ALL']
        MortenaxBladeDMG | DMG% | Stacks: 1 | Value: 0.750 | Remaining Turns: 1 | TickDown: SUP2, PERM | Target: SUP2 | Affects: ['ALL']
        WarriorGoddessHealCD | CD% | Stacks: 1 | Value: 0.150 | Remaining Turns: 1 | TickDown: SUP2, START | Target: SUP2 | Affects: ['ALL']
        HuoHuoUltATK | ATK% | Stacks: 1 | Value: 0.400 | Remaining Turns: 2 | TickDown: SUP2, END | Target: SUP2 | Affects: ['ALL']
        HuoHuoUltExtraATK | ATK% | Stacks: 1 | Value: 0.240 | Remaining Turns: 2 | TickDown: SUP2, END | Target: SUP2 | Affects: ['ALL']
        ----------End of Buff List----------

        ----------Enemy Debuffs----------
        MortenaxBladeUltVul | From: SUP2 | VULN | Stacks: 1 | Value: 0.500 | Remaining Turns: 2 | Target: 1 | Targeting: ST | Affects: ['ALL'] | DOT: False | Blast: False
        MortenaxBladeUltShred | From: SUP2 | SHRED | Stacks: 1 | Value: 0.300 | Remaining Turns: 2 | Target: 1 | Targeting: ST | Affects: ['ALL'] | DOT: False | Blast: False
        ResoShred(SUP2) | From: SUP2 | SHRED | Stacks: 1 | Value: 0.160 | Remaining Turns: 1 | Target: 1 | Targeting: ST | Affects: ['ALL'] | DOT: False | Blast: False
        ----------End of Debuff List----------
        ----------Healing List----------
        ----------End of Healing List----------
    GAUGE  - Enemy 0 toughness reduced by 0.000
    GAUGE  - Enemy 1 toughness reduced by 0.000
    GAUGE  - Enemy 2 toughness reduced by 0.000
    RESULT - MortenaxBladeAOESkill | MortenaxBlade | SUP2 | DMG: 43067.330 | ELADMG: 0.000 | Enemies Hit: [0, 1, 2] | Enemies Broken: [] | WB DMG: 0.000 | Energy: 37.332 | Amount HP Healed: 0.000 | Amount HP Lost: 0.000 | MortenaxBlade Energy: 88/160 | SP: 3 | MaxSP: 5)
    TURN   - MortenaxBladeBounceSkill | MortenaxBlade | SUP2 | ST attack | ['FIR'] | ['SKL'] | Scaling: HP | TargetID: 1 | DMG/BREAK Splits: [0.24, 0]/[5, 0] | Energy Gained: 0 | SP Change: 0

        ----------Char Buffs----------
        KeelCD(SUP1) | CD% | Stacks: 1 | Value: 0.100 | Remaining Turns: 1 | TickDown: SUP2, PERM | Target: SUP2 | Affects: ['ALL']
        MasterSmithHP | HP% | Stacks: 1 | Value: 0.120 | Remaining Turns: 1 | TickDown: SUP2, PERM | Target: SUP2 | Affects: ['ALL']
        VonwacqERR | ERR% | Stacks: 1 | Value: 0.050 | Remaining Turns: 1 | TickDown: SUP2, PERM | Target: SUP2 | Affects: ['ALL']
        MortenaxBladeTraceCR | CR% | Stacks: 1 | Value: 0.120 | Remaining Turns: 1 | TickDown: SUP2, PERM | Target: SUP2 | Affects: ['ALL']
        MortenaxBladeTraceHP | HP% | Stacks: 1 | Value: 0.100 | Remaining Turns: 1 | TickDown: SUP2, PERM | Target: SUP2 | Affects: ['ALL']
        MortenaxBladeTraceDMG | DMG% | Stacks: 1 | Value: 0.224 | Remaining Turns: 1 | TickDown: SUP2, PERM | Target: SUP2 | Affects: ['ALL']
        KeelCD(SUS) | CD% | Stacks: 1 | Value: 0.100 | Remaining Turns: 1 | TickDown: SUP2, PERM | Target: SUP2 | Affects: ['ALL']
        MasterSmithCD | CD% | Stacks: 1 | Value: 0.280 | Remaining Turns: 1 | TickDown: SUP2, PERM | Target: SUP2 | Affects: ['ALL']
        MasterSmithComburent | DMG% | Stacks: 1 | Value: 0.150 | Remaining Turns: 2 | TickDown: SUP2, END | Target: SUP2 | Affects: ['ALL']
        MortenaxBladeCRBoost | CR% | Stacks: 1 | Value: 0.200 | Remaining Turns: 1 | TickDown: SUP2, PERM | Target: SUP2 | Affects: ['ALL']
        MortenaxBladeCDBoost | CD% | Stacks: 1 | Value: 0.600 | Remaining Turns: 1 | TickDown: SUP2, PERM | Target: SUP2 | Affects: ['ALL']
        MortenaxBladeDMGReduction | DMG_REDUCTION | Stacks: 1 | Value: 0.500 | Remaining Turns: 1 | TickDown: SUP2, PERM | Target: SUP2 | Affects: ['ALL']
        MortenaxBladeDMGBoost | DMG% | Stacks: 1 | Value: 0.500 | Remaining Turns: 1 | TickDown: SUP2, PERM | Target: SUP2 | Affects: ['ALL']
        MortenaxBladeDMG | DMG% | Stacks: 1 | Value: 0.750 | Remaining Turns: 1 | TickDown: SUP2, PERM | Target: SUP2 | Affects: ['ALL']
        WarriorGoddessHealCD | CD% | Stacks: 1 | Value: 0.150 | Remaining Turns: 1 | TickDown: SUP2, START | Target: SUP2 | Affects: ['ALL']
        HuoHuoUltATK | ATK% | Stacks: 1 | Value: 0.400 | Remaining Turns: 2 | TickDown: SUP2, END | Target: SUP2 | Affects: ['ALL']
        HuoHuoUltExtraATK | ATK% | Stacks: 1 | Value: 0.240 | Remaining Turns: 2 | TickDown: SUP2, END | Target: SUP2 | Affects: ['ALL']
        ----------End of Buff List----------

        ----------Enemy Debuffs----------
        MortenaxBladeUltVul | From: SUP2 | VULN | Stacks: 1 | Value: 0.500 | Remaining Turns: 2 | Target: 1 | Targeting: ST | Affects: ['ALL'] | DOT: False | Blast: False
        MortenaxBladeUltShred | From: SUP2 | SHRED | Stacks: 1 | Value: 0.300 | Remaining Turns: 2 | Target: 1 | Targeting: ST | Affects: ['ALL'] | DOT: False | Blast: False
        ResoShred(SUP2) | From: SUP2 | SHRED | Stacks: 1 | Value: 0.160 | Remaining Turns: 1 | Target: 1 | Targeting: ST | Affects: ['ALL'] | DOT: False | Blast: False
        ----------End of Debuff List----------
        ----------Healing List----------
        HuoHuoTalentHealingScaling | Targeting: Targeting.SINGLE | Healing Value: [0] | Target: ALL
        HuoHuoTalentHealingScaling | Targeting: Targeting.SINGLE | Healing Value: [0.045] | Target: ALL
        HuoHuoTalentHealingScaling | Targeting: Targeting.SINGLE | Healing Value: [0] | Target: ALL
        HuoHuoTalentHealingScaling | Targeting: Targeting.SINGLE | Healing Value: [0] | Target: ALL
        HuoHuoTalentHealingFlat | Targeting: Targeting.SINGLE | Healing Value: [0] | Target: ALL
        HuoHuoTalentHealingFlat | Targeting: Targeting.SINGLE | Healing Value: [120] | Target: ALL
        HuoHuoTalentHealingFlat | Targeting: Targeting.SINGLE | Healing Value: [0] | Target: ALL
        HuoHuoTalentHealingFlat | Targeting: Targeting.SINGLE | Healing Value: [0] | Target: ALL
        ----------End of Healing List----------
    GAUGE  - Enemy 1 toughness reduced by 0.000
    RESULT - MortenaxBladeBounceSkill | MortenaxBlade | SUP2 | DMG: 4455.241 | ELADMG: 0.000 | Enemies Hit: [1] | Enemies Broken: [] | WB DMG: 0.000 | Energy: 0.000 | Amount HP Healed: 371.779 | Amount HP Lost: 0.000 | MortenaxBlade Energy: 88/160 | SP: 3 | MaxSP: 5)
    TURN   - MortenaxBladeBounceSkill | MortenaxBlade | SUP2 | ST attack | ['FIR'] | ['SKL'] | Scaling: HP | TargetID: 1 | DMG/BREAK Splits: [0.24, 0]/[5, 0] | Energy Gained: 0 | SP Change: 0

        ----------Char Buffs----------
        KeelCD(SUP1) | CD% | Stacks: 1 | Value: 0.100 | Remaining Turns: 1 | TickDown: SUP2, PERM | Target: SUP2 | Affects: ['ALL']
        MasterSmithHP | HP% | Stacks: 1 | Value: 0.120 | Remaining Turns: 1 | TickDown: SUP2, PERM | Target: SUP2 | Affects: ['ALL']
        VonwacqERR | ERR% | Stacks: 1 | Value: 0.050 | Remaining Turns: 1 | TickDown: SUP2, PERM | Target: SUP2 | Affects: ['ALL']
        MortenaxBladeTraceCR | CR% | Stacks: 1 | Value: 0.120 | Remaining Turns: 1 | TickDown: SUP2, PERM | Target: SUP2 | Affects: ['ALL']
        MortenaxBladeTraceHP | HP% | Stacks: 1 | Value: 0.100 | Remaining Turns: 1 | TickDown: SUP2, PERM | Target: SUP2 | Affects: ['ALL']
        MortenaxBladeTraceDMG | DMG% | Stacks: 1 | Value: 0.224 | Remaining Turns: 1 | TickDown: SUP2, PERM | Target: SUP2 | Affects: ['ALL']
        KeelCD(SUS) | CD% | Stacks: 1 | Value: 0.100 | Remaining Turns: 1 | TickDown: SUP2, PERM | Target: SUP2 | Affects: ['ALL']
        MasterSmithCD | CD% | Stacks: 1 | Value: 0.280 | Remaining Turns: 1 | TickDown: SUP2, PERM | Target: SUP2 | Affects: ['ALL']
        MasterSmithComburent | DMG% | Stacks: 1 | Value: 0.150 | Remaining Turns: 2 | TickDown: SUP2, END | Target: SUP2 | Affects: ['ALL']
        MortenaxBladeCRBoost | CR% | Stacks: 1 | Value: 0.200 | Remaining Turns: 1 | TickDown: SUP2, PERM | Target: SUP2 | Affects: ['ALL']
        MortenaxBladeCDBoost | CD% | Stacks: 1 | Value: 0.600 | Remaining Turns: 1 | TickDown: SUP2, PERM | Target: SUP2 | Affects: ['ALL']
        MortenaxBladeDMGReduction | DMG_REDUCTION | Stacks: 1 | Value: 0.500 | Remaining Turns: 1 | TickDown: SUP2, PERM | Target: SUP2 | Affects: ['ALL']
        MortenaxBladeDMGBoost | DMG% | Stacks: 1 | Value: 0.500 | Remaining Turns: 1 | TickDown: SUP2, PERM | Target: SUP2 | Affects: ['ALL']
        MortenaxBladeDMG | DMG% | Stacks: 1 | Value: 0.750 | Remaining Turns: 1 | TickDown: SUP2, PERM | Target: SUP2 | Affects: ['ALL']
        WarriorGoddessHealCD | CD% | Stacks: 1 | Value: 0.150 | Remaining Turns: 1 | TickDown: SUP2, START | Target: SUP2 | Affects: ['ALL']
        HuoHuoUltATK | ATK% | Stacks: 1 | Value: 0.400 | Remaining Turns: 2 | TickDown: SUP2, END | Target: SUP2 | Affects: ['ALL']
        HuoHuoUltExtraATK | ATK% | Stacks: 1 | Value: 0.240 | Remaining Turns: 2 | TickDown: SUP2, END | Target: SUP2 | Affects: ['ALL']
        ----------End of Buff List----------

        ----------Enemy Debuffs----------
        MortenaxBladeUltVul | From: SUP2 | VULN | Stacks: 1 | Value: 0.500 | Remaining Turns: 2 | Target: 1 | Targeting: ST | Affects: ['ALL'] | DOT: False | Blast: False
        MortenaxBladeUltShred | From: SUP2 | SHRED | Stacks: 1 | Value: 0.300 | Remaining Turns: 2 | Target: 1 | Targeting: ST | Affects: ['ALL'] | DOT: False | Blast: False
        ResoShred(SUP2) | From: SUP2 | SHRED | Stacks: 1 | Value: 0.160 | Remaining Turns: 1 | Target: 1 | Targeting: ST | Affects: ['ALL'] | DOT: False | Blast: False
        ----------End of Debuff List----------
        ----------Healing List----------
        ----------End of Healing List----------
    GAUGE  - Enemy 1 toughness reduced by 0.000
    RESULT - MortenaxBladeBounceSkill | MortenaxBlade | SUP2 | DMG: 4455.241 | ELADMG: 0.000 | Enemies Hit: [1] | Enemies Broken: [] | WB DMG: 0.000 | Energy: 0.000 | Amount HP Healed: 0.000 | Amount HP Lost: 0.000 | MortenaxBlade Energy: 88/160 | SP: 3 | MaxSP: 5)
    TURN   - MortenaxBladeBounceSkill | MortenaxBlade | SUP2 | ST attack | ['FIR'] | ['SKL'] | Scaling: HP | TargetID: 1 | DMG/BREAK Splits: [0.24, 0]/[5, 0] | Energy Gained: 0 | SP Change: 0

        ----------Char Buffs----------
        KeelCD(SUP1) | CD% | Stacks: 1 | Value: 0.100 | Remaining Turns: 1 | TickDown: SUP2, PERM | Target: SUP2 | Affects: ['ALL']
        MasterSmithHP | HP% | Stacks: 1 | Value: 0.120 | Remaining Turns: 1 | TickDown: SUP2, PERM | Target: SUP2 | Affects: ['ALL']
        VonwacqERR | ERR% | Stacks: 1 | Value: 0.050 | Remaining Turns: 1 | TickDown: SUP2, PERM | Target: SUP2 | Affects: ['ALL']
        MortenaxBladeTraceCR | CR% | Stacks: 1 | Value: 0.120 | Remaining Turns: 1 | TickDown: SUP2, PERM | Target: SUP2 | Affects: ['ALL']
        MortenaxBladeTraceHP | HP% | Stacks: 1 | Value: 0.100 | Remaining Turns: 1 | TickDown: SUP2, PERM | Target: SUP2 | Affects: ['ALL']
        MortenaxBladeTraceDMG | DMG% | Stacks: 1 | Value: 0.224 | Remaining Turns: 1 | TickDown: SUP2, PERM | Target: SUP2 | Affects: ['ALL']
        KeelCD(SUS) | CD% | Stacks: 1 | Value: 0.100 | Remaining Turns: 1 | TickDown: SUP2, PERM | Target: SUP2 | Affects: ['ALL']
        MasterSmithCD | CD% | Stacks: 1 | Value: 0.280 | Remaining Turns: 1 | TickDown: SUP2, PERM | Target: SUP2 | Affects: ['ALL']
        MasterSmithComburent | DMG% | Stacks: 1 | Value: 0.150 | Remaining Turns: 2 | TickDown: SUP2, END | Target: SUP2 | Affects: ['ALL']
        MortenaxBladeCRBoost | CR% | Stacks: 1 | Value: 0.200 | Remaining Turns: 1 | TickDown: SUP2, PERM | Target: SUP2 | Affects: ['ALL']
        MortenaxBladeCDBoost | CD% | Stacks: 1 | Value: 0.600 | Remaining Turns: 1 | TickDown: SUP2, PERM | Target: SUP2 | Affects: ['ALL']
        MortenaxBladeDMGReduction | DMG_REDUCTION | Stacks: 1 | Value: 0.500 | Remaining Turns: 1 | TickDown: SUP2, PERM | Target: SUP2 | Affects: ['ALL']
        MortenaxBladeDMGBoost | DMG% | Stacks: 1 | Value: 0.500 | Remaining Turns: 1 | TickDown: SUP2, PERM | Target: SUP2 | Affects: ['ALL']
        MortenaxBladeDMG | DMG% | Stacks: 1 | Value: 0.750 | Remaining Turns: 1 | TickDown: SUP2, PERM | Target: SUP2 | Affects: ['ALL']
        WarriorGoddessHealCD | CD% | Stacks: 1 | Value: 0.150 | Remaining Turns: 1 | TickDown: SUP2, START | Target: SUP2 | Affects: ['ALL']
        HuoHuoUltATK | ATK% | Stacks: 1 | Value: 0.400 | Remaining Turns: 2 | TickDown: SUP2, END | Target: SUP2 | Affects: ['ALL']
        HuoHuoUltExtraATK | ATK% | Stacks: 1 | Value: 0.240 | Remaining Turns: 2 | TickDown: SUP2, END | Target: SUP2 | Affects: ['ALL']
        ----------End of Buff List----------

        ----------Enemy Debuffs----------
        MortenaxBladeUltVul | From: SUP2 | VULN | Stacks: 1 | Value: 0.500 | Remaining Turns: 2 | Target: 1 | Targeting: ST | Affects: ['ALL'] | DOT: False | Blast: False
        MortenaxBladeUltShred | From: SUP2 | SHRED | Stacks: 1 | Value: 0.300 | Remaining Turns: 2 | Target: 1 | Targeting: ST | Affects: ['ALL'] | DOT: False | Blast: False
        ResoShred(SUP2) | From: SUP2 | SHRED | Stacks: 1 | Value: 0.160 | Remaining Turns: 1 | Target: 1 | Targeting: ST | Affects: ['ALL'] | DOT: False | Blast: False
        ----------End of Debuff List----------
        ----------Healing List----------
        ----------End of Healing List----------
    GAUGE  - Enemy 1 toughness reduced by 0.000
    RESULT - MortenaxBladeBounceSkill | MortenaxBlade | SUP2 | DMG: 4455.241 | ELADMG: 0.000 | Enemies Hit: [1] | Enemies Broken: [] | WB DMG: 0.000 | Energy: 0.000 | Amount HP Healed: 0.000 | Amount HP Lost: 0.000 | MortenaxBlade Energy: 88/160 | SP: 3 | MaxSP: 5)
    TURN   - MortenaxBladeBounceSkill | MortenaxBlade | SUP2 | ST attack | ['FIR'] | ['SKL'] | Scaling: HP | TargetID: 1 | DMG/BREAK Splits: [0.24, 0]/[5, 0] | Energy Gained: 0 | SP Change: 0

        ----------Char Buffs----------
        KeelCD(SUP1) | CD% | Stacks: 1 | Value: 0.100 | Remaining Turns: 1 | TickDown: SUP2, PERM | Target: SUP2 | Affects: ['ALL']
        MasterSmithHP | HP% | Stacks: 1 | Value: 0.120 | Remaining Turns: 1 | TickDown: SUP2, PERM | Target: SUP2 | Affects: ['ALL']
        VonwacqERR | ERR% | Stacks: 1 | Value: 0.050 | Remaining Turns: 1 | TickDown: SUP2, PERM | Target: SUP2 | Affects: ['ALL']
        MortenaxBladeTraceCR | CR% | Stacks: 1 | Value: 0.120 | Remaining Turns: 1 | TickDown: SUP2, PERM | Target: SUP2 | Affects: ['ALL']
        MortenaxBladeTraceHP | HP% | Stacks: 1 | Value: 0.100 | Remaining Turns: 1 | TickDown: SUP2, PERM | Target: SUP2 | Affects: ['ALL']
        MortenaxBladeTraceDMG | DMG% | Stacks: 1 | Value: 0.224 | Remaining Turns: 1 | TickDown: SUP2, PERM | Target: SUP2 | Affects: ['ALL']
        KeelCD(SUS) | CD% | Stacks: 1 | Value: 0.100 | Remaining Turns: 1 | TickDown: SUP2, PERM | Target: SUP2 | Affects: ['ALL']
        MasterSmithCD | CD% | Stacks: 1 | Value: 0.280 | Remaining Turns: 1 | TickDown: SUP2, PERM | Target: SUP2 | Affects: ['ALL']
        MasterSmithComburent | DMG% | Stacks: 1 | Value: 0.150 | Remaining Turns: 2 | TickDown: SUP2, END | Target: SUP2 | Affects: ['ALL']
        MortenaxBladeCRBoost | CR% | Stacks: 1 | Value: 0.200 | Remaining Turns: 1 | TickDown: SUP2, PERM | Target: SUP2 | Affects: ['ALL']
        MortenaxBladeCDBoost | CD% | Stacks: 1 | Value: 0.600 | Remaining Turns: 1 | TickDown: SUP2, PERM | Target: SUP2 | Affects: ['ALL']
        MortenaxBladeDMGReduction | DMG_REDUCTION | Stacks: 1 | Value: 0.500 | Remaining Turns: 1 | TickDown: SUP2, PERM | Target: SUP2 | Affects: ['ALL']
        MortenaxBladeDMGBoost | DMG% | Stacks: 1 | Value: 0.500 | Remaining Turns: 1 | TickDown: SUP2, PERM | Target: SUP2 | Affects: ['ALL']
        MortenaxBladeDMG | DMG% | Stacks: 1 | Value: 0.750 | Remaining Turns: 1 | TickDown: SUP2, PERM | Target: SUP2 | Affects: ['ALL']
        WarriorGoddessHealCD | CD% | Stacks: 1 | Value: 0.150 | Remaining Turns: 1 | TickDown: SUP2, START | Target: SUP2 | Affects: ['ALL']
        HuoHuoUltATK | ATK% | Stacks: 1 | Value: 0.400 | Remaining Turns: 2 | TickDown: SUP2, END | Target: SUP2 | Affects: ['ALL']
        HuoHuoUltExtraATK | ATK% | Stacks: 1 | Value: 0.240 | Remaining Turns: 2 | TickDown: SUP2, END | Target: SUP2 | Affects: ['ALL']
        ----------End of Buff List----------

        ----------Enemy Debuffs----------
        MortenaxBladeUltVul | From: SUP2 | VULN | Stacks: 1 | Value: 0.500 | Remaining Turns: 2 | Target: 1 | Targeting: ST | Affects: ['ALL'] | DOT: False | Blast: False
        MortenaxBladeUltShred | From: SUP2 | SHRED | Stacks: 1 | Value: 0.300 | Remaining Turns: 2 | Target: 1 | Targeting: ST | Affects: ['ALL'] | DOT: False | Blast: False
        ResoShred(SUP2) | From: SUP2 | SHRED | Stacks: 1 | Value: 0.160 | Remaining Turns: 1 | Target: 1 | Targeting: ST | Affects: ['ALL'] | DOT: False | Blast: False
        ----------End of Debuff List----------
        ----------Healing List----------
        ----------End of Healing List----------
    GAUGE  - Enemy 1 toughness reduced by 0.000
    RESULT - MortenaxBladeBounceSkill | MortenaxBlade | SUP2 | DMG: 4455.241 | ELADMG: 0.000 | Enemies Hit: [1] | Enemies Broken: [] | WB DMG: 0.000 | Energy: 0.000 | Amount HP Healed: 0.000 | Amount HP Lost: 0.000 | MortenaxBlade Energy: 88/160 | SP: 3 | MaxSP: 5)
    TURN   - HuoHuoAllyERR | HuoHuo | SUS | NA attack | ['WIN'] | ['SPECIAL'] | Scaling: HP | TargetID: 1 | DMG/BREAK Splits: [0, 0]/[0, 0] | Energy Gained: 1 | SP Change: 0

        ----------Char Buffs----------
        KeelCD(SUP1) | CD% | Stacks: 1 | Value: 0.100 | Remaining Turns: 1 | TickDown: SUS, PERM | Target: SUS | Affects: ['ALL']
        PostOpERR | ERR% | Stacks: 1 | Value: 0.160 | Remaining Turns: 1 | TickDown: SUS, PERM | Target: SUS | Affects: ['ALL']
        WarriorGoddessSPD | SPD% | Stacks: 1 | Value: 0.060 | Remaining Turns: 1 | TickDown: SUS, PERM | Target: SUS | Affects: ['ALL']
        KeelEFFRES | ERS% | Stacks: 1 | Value: 0.100 | Remaining Turns: 1 | TickDown: SUS, PERM | Target: SUS | Affects: ['ALL']
        KeelCD(SUS) | CD% | Stacks: 1 | Value: 0.100 | Remaining Turns: 1 | TickDown: SUS, PERM | Target: SUS | Affects: ['ALL']
        HHTraceHP | HP% | Stacks: 1 | Value: 0.280 | Remaining Turns: 1 | TickDown: SUS, PERM | Target: SUS | Affects: ['ALL']
        HHTraceERS | ERS% | Stacks: 1 | Value: 0.180 | Remaining Turns: 1 | TickDown: SUS, PERM | Target: SUS | Affects: ['ALL']
        HHTraceSPD | SPD | Stacks: 1 | Value: 5.000 | Remaining Turns: 1 | TickDown: SUS, PERM | Target: SUS | Affects: ['ALL']
        MasterSmithComburent | DMG% | Stacks: 1 | Value: 0.150 | Remaining Turns: 2 | TickDown: SUS, END | Target: SUS | Affects: ['ALL']
        MortenaxBladeDMGBoost | DMG% | Stacks: 1 | Value: 0.500 | Remaining Turns: 1 | TickDown: SUS, PERM | Target: SUS | Affects: ['ALL']
        WarriorGoddessHealSPD | SPD% | Stacks: 1 | Value: 0.060 | Remaining Turns: 2 | TickDown: SUS, START | Target: SUS | Affects: ['ALL']
        WarriorGoddessHealCD | CD% | Stacks: 1 | Value: 0.150 | Remaining Turns: 2 | TickDown: SUS, START | Target: SUS | Affects: ['ALL']
        ----------End of Buff List----------

        ----------Enemy Debuffs----------
        MortenaxBladeUltVul | From: SUP2 | VULN | Stacks: 1 | Value: 0.500 | Remaining Turns: 2 | Target: 1 | Targeting: ST | Affects: ['ALL'] | DOT: False | Blast: False
        MortenaxBladeUltShred | From: SUP2 | SHRED | Stacks: 1 | Value: 0.300 | Remaining Turns: 2 | Target: 1 | Targeting: ST | Affects: ['ALL'] | DOT: False | Blast: False
        ResoShred(SUP2) | From: SUP2 | SHRED | Stacks: 1 | Value: 0.160 | Remaining Turns: 1 | Target: 1 | Targeting: ST | Affects: ['ALL'] | DOT: False | Blast: False
        ----------End of Debuff List----------
        ----------Healing List----------
        ----------End of Healing List----------
    GAUGE  - Enemy 1 toughness reduced by 0.000
    RESULT - HuoHuoAllyERR | HuoHuo | SUS | DMG: 0.000 | ELADMG: 0.000 | Enemies Hit: [1] | Enemies Broken: [] | WB DMG: 0.000 | Energy: 1.354 | Amount HP Healed: 0.000 | Amount HP Lost: 0.000 | HuoHuo Energy: 22/140 | SP: 3 | MaxSP: 5)
AV     > MortenaxBlade AV reset to 64.503 | 155.032 SPD

<<< NEW TURN >>>
-   Enemy 2 AV: 0.000 ENERGY: 0.000 MaxHP: 2000000.000 CurrHp 397294.764 ShieldHP: 0.000
-   Enemy 0 AV: 0.000 ENERGY: 0.000 MaxHP: 2000000.000 CurrHp 397294.764 ShieldHP: 0.000
-   HuoHuo AV: 4.624 ENERGY: 21.670 MaxHP: 6139.808 CurrHp 4567.858 ShieldHP: 0.000
-   Saber AV: 12.717 ENERGY: 183.333 MaxHP: 3366.991 CurrHp 3366.991 ShieldHP: 0.000
-   Sunday AV: 14.736 ENERGY: 103.664 MaxHP: 3638.196 CurrHp 1411.738 ShieldHP: 0.000
-   Enemy 1 AV: 36.616 ENERGY: 0.000 MaxHP: 5000000.000 CurrHp 872496.134 ShieldHP: 0.000
-   MortenaxBlade AV: 54.724 ENERGY: 87.998 MaxHP: 4779.283 CurrHp 1114.416 ShieldHP: 0.000
-   InfiniteFury AV: 68.576 ENERGY: 0.000 MaxHP: 0.000 CurrHp 0.000 ShieldHP: 0.000

Combat context set: 3 enemies, 4 players
Combat context initialized: 3 enemies, Elation team size: 0
ACTION > [ENEMY] TotalAV: 500.000 | TurnAV: 9.779 | Enemy 2 | 1 attacks
MortenaxBlade has obtained 1 Charge. Current Charge count: 9.
    CharEnergy - Saber: Hit 0.000 Total: 183.333 | Sunday: Hit 10.000 Total: 116.608 | MortenaxBlade: Hit 10.000 Total: 100.442 | HuoHuo: Hit 10.000 Total: 35.214 |
    ENEMY  - Enemy 2 [aoe] dealt 130.5 to MortenaxBlade (energy: 3.3, DEF: 2014, atkMul: 1.00, dmgMul: 1.00) | Shield Absorbed: 0.0 | HP Lost: 130.5 | HP: 984/4779 | Shield HP: 0
    ENEMY  - Enemy 2 [aoe] dealt 314.6 to Sunday (energy: 3.3, DEF: 1474, atkMul: 1.00, dmgMul: 1.00) | Shield Absorbed: 0.0 | HP Lost: 314.6 | HP: 1097/3638 | Shield HP: 0
    ENEMY  - Enemy 2 [aoe] dealt 231.9 to HuoHuo (energy: 3.3, DEF: 2410, atkMul: 1.00, dmgMul: 1.00) | Shield Absorbed: 0.0 | HP Lost: 231.9 | HP: 4336/6140 | Shield HP: 0
    ENEMY  - Enemy 2 [aoe] dealt 130.5 to MortenaxBlade (energy: 3.3, DEF: 2014, atkMul: 1.00, dmgMul: 1.00) | Shield Absorbed: 0.0 | HP Lost: 130.5 | HP: 853/4779 | Shield HP: 0
    ENEMY  - Enemy 2 [aoe] dealt 314.6 to Sunday (energy: 3.3, DEF: 1474, atkMul: 1.00, dmgMul: 1.00) | Shield Absorbed: 0.0 | HP Lost: 314.6 | HP: 782/3638 | Shield HP: 0
    ENEMY  - Enemy 2 [aoe] dealt 231.9 to HuoHuo (energy: 3.3, DEF: 2410, atkMul: 1.00, dmgMul: 1.00) | Shield Absorbed: 0.0 | HP Lost: 231.9 | HP: 4104/6140 | Shield HP: 0
    ENEMY  - Enemy 2 [aoe] dealt 130.5 to MortenaxBlade (energy: 3.3, DEF: 2014, atkMul: 1.00, dmgMul: 1.00) | Shield Absorbed: 0.0 | HP Lost: 130.5 | HP: 723/4779 | Shield HP: 0
    ENEMY  - Enemy 2 [aoe] dealt 314.6 to Sunday (energy: 3.3, DEF: 1474, atkMul: 1.00, dmgMul: 1.00) | Shield Absorbed: 0.0 | HP Lost: 314.6 | HP: 468/3638 | Shield HP: 0
    ENEMY  - Enemy 2 [aoe] dealt 231.9 to HuoHuo (energy: 3.3, DEF: 2410, atkMul: 1.00, dmgMul: 1.00) | Shield Absorbed: 0.0 | HP Lost: 231.9 | HP: 3872/6140 | Shield HP: 0
MortenaxBlade has obtained 1 Charge. Current Charge count: 10.
MortenaxBlade useHit produced 2 debuffs
    DEBUFF - Enemy 2 took 10511.014 Debuff damage from Enemy 2 WIN-break
        Debuff ResoShred(SUP2) expired
AV     > Enemy 2 AV reset to 76.923 | 130.000 SPD

<<< NEW TURN >>>
-   Enemy 0 AV: 0.000 ENERGY: 0.000 MaxHP: 2000000.000 CurrHp 397294.764 ShieldHP: 0.000
-   HuoHuo AV: 4.624 ENERGY: 35.214 MaxHP: 6139.808 CurrHp 3872.035 ShieldHP: 0.000
-   Saber AV: 12.717 ENERGY: 183.333 MaxHP: 3366.991 CurrHp 3366.991 ShieldHP: 0.000
-   Sunday AV: 14.736 ENERGY: 116.608 MaxHP: 3638.196 CurrHp 467.874 ShieldHP: 0.000
-   Enemy 1 AV: 36.616 ENERGY: 0.000 MaxHP: 5000000.000 CurrHp 872496.134 ShieldHP: 0.000
-   MortenaxBlade AV: 54.724 ENERGY: 100.442 MaxHP: 4779.283 CurrHp 722.937 ShieldHP: 0.000
-   InfiniteFury AV: 68.576 ENERGY: 0.000 MaxHP: 0.000 CurrHp 0.000 ShieldHP: 0.000
-   Enemy 2 AV: 76.923 ENERGY: 0.000 MaxHP: 2000000.000 CurrHp 397294.764 ShieldHP: 0.000

Combat context set: 3 enemies, 4 players
Combat context initialized: 3 enemies, Elation team size: 0
ACTION > [ENEMY] TotalAV: 500.000 | TurnAV: 0.000 | Enemy 0 | 1 attacks
MortenaxBlade has obtained 1 Charge. Current Charge count: 11.
    CharEnergy - Saber: Hit 3.333 Total: 186.667 | Sunday: Hit 6.667 Total: 125.237 | MortenaxBlade: Hit 6.667 Total: 108.738 | HuoHuo: Hit 3.333 Total: 39.729 |
    ENEMY  - Enemy 0 [aoe] dealt 226.0 to Saber (energy: 3.3, DEF: 2504, atkMul: 1.00, dmgMul: 1.00) | Shield Absorbed: 0.0 | HP Lost: 226.0 | HP: 3141/3367 | Shield HP: 0
    ENEMY  - Enemy 0 [aoe] dealt 314.6 to Sunday (energy: 3.3, DEF: 1474, atkMul: 1.00, dmgMul: 1.00) | Shield Absorbed: 0.0 | HP Lost: 314.6 | HP: 153/3638 | Shield HP: 0
    ENEMY  - Enemy 0 [aoe] dealt 130.5 to MortenaxBlade (energy: 3.3, DEF: 2014, atkMul: 1.00, dmgMul: 1.00) | Shield Absorbed: 0.0 | HP Lost: 130.5 | HP: 592/4779 | Shield HP: 0
    ENEMY  - Enemy 0 [aoe] dealt 314.6 to Sunday (energy: 3.3, DEF: 1474, atkMul: 1.00, dmgMul: 1.00) | Shield Absorbed: 0.0 | HP Lost: 314.6 | HP: 1/3638 | Shield HP: 0
    ENEMY  - Enemy 0 [aoe] dealt 231.9 to HuoHuo (energy: 3.3, DEF: 2410, atkMul: 1.00, dmgMul: 1.00) | Shield Absorbed: 0.0 | HP Lost: 231.9 | HP: 3640/6140 | Shield HP: 0
    ENEMY  - Enemy 0 [aoe] dealt 130.5 to MortenaxBlade (energy: 3.3, DEF: 2014, atkMul: 1.00, dmgMul: 1.00) | Shield Absorbed: 0.0 | HP Lost: 130.5 | HP: 462/4779 | Shield HP: 0
MortenaxBlade has obtained 1 Charge. Current Charge count: 12.
MortenaxBlade useHit produced 2 debuffs
    DEBUFF - Enemy 0 took 10511.014 Debuff damage from Enemy 0 WIN-break
        Debuff ResoShred(SUP2) expired
AV     > Enemy 0 AV reset to 76.923 | 130.000 SPD

<<< NEW TURN >>>
-   HuoHuo AV: 0.000 ENERGY: 39.729 MaxHP: 6139.808 CurrHp 3640.094 ShieldHP: 0.000
-   Saber AV: 8.092 ENERGY: 186.667 MaxHP: 3366.991 CurrHp 3141.012 ShieldHP: 0.000
-   Sunday AV: 10.112 ENERGY: 125.237 MaxHP: 3638.196 CurrHp 1.000 ShieldHP: 0.000
-   Enemy 1 AV: 31.992 ENERGY: 0.000 MaxHP: 5000000.000 CurrHp 872496.134 ShieldHP: 0.000
-   MortenaxBlade AV: 50.100 ENERGY: 108.738 MaxHP: 4779.283 CurrHp 461.951 ShieldHP: 0.000
-   InfiniteFury AV: 63.951 ENERGY: 0.000 MaxHP: 0.000 CurrHp 0.000 ShieldHP: 0.000
-   Enemy 0 AV: 72.299 ENERGY: 0.000 MaxHP: 2000000.000 CurrHp 397294.764 ShieldHP: 0.000
-   Enemy 2 AV: 72.299 ENERGY: 0.000 MaxHP: 2000000.000 CurrHp 397294.764 ShieldHP: 0.000

Combat context set: 3 enemies, 4 players
Combat context initialized: 3 enemies, Elation team size: 0
ACTION > [CHAR] TotalAV: 504.624 | TurnAV: 4.624 | HuoHuo | A-move
    TURN   - HuoHuoBasic | HuoHuo | SUS | ST attack | ['WIN'] | ['BSC'] | Scaling: HP | TargetID: 1 | DMG/BREAK Splits: [0.5, 0]/[10, 0] | Energy Gained: 20 | SP Change: 1

        ----------Char Buffs----------
        KeelCD(SUP1) | CD% | Stacks: 1 | Value: 0.100 | Remaining Turns: 1 | TickDown: SUS, PERM | Target: SUS | Affects: ['ALL']
        PostOpERR | ERR% | Stacks: 1 | Value: 0.160 | Remaining Turns: 1 | TickDown: SUS, PERM | Target: SUS | Affects: ['ALL']
        WarriorGoddessSPD | SPD% | Stacks: 1 | Value: 0.060 | Remaining Turns: 1 | TickDown: SUS, PERM | Target: SUS | Affects: ['ALL']
        KeelEFFRES | ERS% | Stacks: 1 | Value: 0.100 | Remaining Turns: 1 | TickDown: SUS, PERM | Target: SUS | Affects: ['ALL']
        KeelCD(SUS) | CD% | Stacks: 1 | Value: 0.100 | Remaining Turns: 1 | TickDown: SUS, PERM | Target: SUS | Affects: ['ALL']
        HHTraceHP | HP% | Stacks: 1 | Value: 0.280 | Remaining Turns: 1 | TickDown: SUS, PERM | Target: SUS | Affects: ['ALL']
        HHTraceERS | ERS% | Stacks: 1 | Value: 0.180 | Remaining Turns: 1 | TickDown: SUS, PERM | Target: SUS | Affects: ['ALL']
        HHTraceSPD | SPD | Stacks: 1 | Value: 5.000 | Remaining Turns: 1 | TickDown: SUS, PERM | Target: SUS | Affects: ['ALL']
        MasterSmithComburent | DMG% | Stacks: 1 | Value: 0.150 | Remaining Turns: 2 | TickDown: SUS, END | Target: SUS | Affects: ['ALL']
        MortenaxBladeDMGBoost | DMG% | Stacks: 1 | Value: 0.500 | Remaining Turns: 1 | TickDown: SUS, PERM | Target: SUS | Affects: ['ALL']
        WarriorGoddessHealSPD | SPD% | Stacks: 1 | Value: 0.060 | Remaining Turns: 1 | TickDown: SUS, START | Target: SUS | Affects: ['ALL']
        WarriorGoddessHealCD | CD% | Stacks: 1 | Value: 0.150 | Remaining Turns: 1 | TickDown: SUS, START | Target: SUS | Affects: ['ALL']
        ----------End of Buff List----------

        ----------Enemy Debuffs----------
        MortenaxBladeUltVul | From: SUP2 | VULN | Stacks: 1 | Value: 0.500 | Remaining Turns: 2 | Target: 1 | Targeting: ST | Affects: ['ALL'] | DOT: False | Blast: False
        MortenaxBladeUltShred | From: SUP2 | SHRED | Stacks: 1 | Value: 0.300 | Remaining Turns: 2 | Target: 1 | Targeting: ST | Affects: ['ALL'] | DOT: False | Blast: False
        ResoShred(SUP2) | From: SUP2 | SHRED | Stacks: 1 | Value: 0.160 | Remaining Turns: 1 | Target: 1 | Targeting: ST | Affects: ['ALL'] | DOT: False | Blast: False
        ----------End of Debuff List----------
        ----------Healing List----------
        ----------End of Healing List----------
    GAUGE  - Enemy 1 toughness reduced by 10.000
    RESULT - HuoHuoBasic | HuoHuo | SUS | DMG: 4660.219 | ELADMG: 0.000 | Enemies Hit: [1] | Enemies Broken: [] | WB DMG: 0.000 | Energy: 27.088 | Amount HP Healed: 0.000 | Amount HP Lost: 0.000 | HuoHuo Energy: 67/140 | SP: 4 | MaxSP: 5)
MortenaxBlade has obtained 1 Charge. Current Charge count: 13.
MortenaxBlade has obtained 1 Charge. Current Charge count: 5.
    TURN   - MortenaxBladeAOEFUA | MortenaxBlade | SUP2 | AOE attack | ['FIR'] | ['FUA'] | Scaling: HP | TargetID: 1 | DMG/BREAK Splits: [0.72, 0]/[10, 0] | Energy Gained: 25 | SP Change: 0

        ----------Char Buffs----------
        KeelCD(SUP1) | CD% | Stacks: 1 | Value: 0.100 | Remaining Turns: 1 | TickDown: SUP2, PERM | Target: SUP2 | Affects: ['ALL']
        MasterSmithHP | HP% | Stacks: 1 | Value: 0.120 | Remaining Turns: 1 | TickDown: SUP2, PERM | Target: SUP2 | Affects: ['ALL']
        VonwacqERR | ERR% | Stacks: 1 | Value: 0.050 | Remaining Turns: 1 | TickDown: SUP2, PERM | Target: SUP2 | Affects: ['ALL']
        MortenaxBladeTraceCR | CR% | Stacks: 1 | Value: 0.120 | Remaining Turns: 1 | TickDown: SUP2, PERM | Target: SUP2 | Affects: ['ALL']
        MortenaxBladeTraceHP | HP% | Stacks: 1 | Value: 0.100 | Remaining Turns: 1 | TickDown: SUP2, PERM | Target: SUP2 | Affects: ['ALL']
        MortenaxBladeTraceDMG | DMG% | Stacks: 1 | Value: 0.224 | Remaining Turns: 1 | TickDown: SUP2, PERM | Target: SUP2 | Affects: ['ALL']
        KeelCD(SUS) | CD% | Stacks: 1 | Value: 0.100 | Remaining Turns: 1 | TickDown: SUP2, PERM | Target: SUP2 | Affects: ['ALL']
        MasterSmithCD | CD% | Stacks: 1 | Value: 0.280 | Remaining Turns: 1 | TickDown: SUP2, PERM | Target: SUP2 | Affects: ['ALL']
        MasterSmithComburent | DMG% | Stacks: 1 | Value: 0.150 | Remaining Turns: 1 | TickDown: SUP2, END | Target: SUP2 | Affects: ['ALL']
        MortenaxBladeCRBoost | CR% | Stacks: 1 | Value: 0.200 | Remaining Turns: 1 | TickDown: SUP2, PERM | Target: SUP2 | Affects: ['ALL']
        MortenaxBladeCDBoost | CD% | Stacks: 1 | Value: 0.600 | Remaining Turns: 1 | TickDown: SUP2, PERM | Target: SUP2 | Affects: ['ALL']
        MortenaxBladeDMGReduction | DMG_REDUCTION | Stacks: 1 | Value: 0.500 | Remaining Turns: 1 | TickDown: SUP2, PERM | Target: SUP2 | Affects: ['ALL']
        MortenaxBladeDMGBoost | DMG% | Stacks: 1 | Value: 0.500 | Remaining Turns: 1 | TickDown: SUP2, PERM | Target: SUP2 | Affects: ['ALL']
        MortenaxBladeDMG | DMG% | Stacks: 1 | Value: 0.750 | Remaining Turns: 1 | TickDown: SUP2, PERM | Target: SUP2 | Affects: ['ALL']
        WarriorGoddessHealCD | CD% | Stacks: 1 | Value: 0.150 | Remaining Turns: 1 | TickDown: SUP2, START | Target: SUP2 | Affects: ['ALL']
        HuoHuoUltATK | ATK% | Stacks: 1 | Value: 0.400 | Remaining Turns: 1 | TickDown: SUP2, END | Target: SUP2 | Affects: ['ALL']
        HuoHuoUltExtraATK | ATK% | Stacks: 1 | Value: 0.240 | Remaining Turns: 1 | TickDown: SUP2, END | Target: SUP2 | Affects: ['ALL']
        ----------End of Buff List----------

        ----------Enemy Debuffs----------
        MortenaxBladeUltVul | From: SUP2 | VULN | Stacks: 1 | Value: 0.500 | Remaining Turns: 2 | Target: 1 | Targeting: ST | Affects: ['ALL'] | DOT: False | Blast: False
        MortenaxBladeUltShred | From: SUP2 | SHRED | Stacks: 1 | Value: 0.300 | Remaining Turns: 2 | Target: 1 | Targeting: ST | Affects: ['ALL'] | DOT: False | Blast: False
        ResoShred(SUP2) | From: SUP2 | SHRED | Stacks: 1 | Value: 0.160 | Remaining Turns: 1 | Target: 1 | Targeting: ST | Affects: ['ALL'] | DOT: False | Blast: False
        ----------End of Debuff List----------
        ----------Healing List----------
        ----------End of Healing List----------
    GAUGE  - Enemy 0 toughness reduced by 0.000
    GAUGE  - Enemy 1 toughness reduced by 0.000
    GAUGE  - Enemy 2 toughness reduced by 0.000
    RESULT - MortenaxBladeAOEFUA | MortenaxBlade | SUP2 | DMG: 40097.169 | ELADMG: 0.000 | Enemies Hit: [0, 1, 2] | Enemies Broken: [] | WB DMG: 0.000 | Energy: 31.110 | Amount HP Healed: 0.000 | Amount HP Lost: 0.000 | MortenaxBlade Energy: 140/160 | SP: 4 | MaxSP: 5)
    TURN   - MortenaxBladeBounceFUA | MortenaxBlade | SUP2 | ST attack | ['FIR'] | ['FUA'] | Scaling: HP | TargetID: 1 | DMG/BREAK Splits: [0.24, 0]/[5, 0] | Energy Gained: 0 | SP Change: 0

        ----------Char Buffs----------
        KeelCD(SUP1) | CD% | Stacks: 1 | Value: 0.100 | Remaining Turns: 1 | TickDown: SUP2, PERM | Target: SUP2 | Affects: ['ALL']
        MasterSmithHP | HP% | Stacks: 1 | Value: 0.120 | Remaining Turns: 1 | TickDown: SUP2, PERM | Target: SUP2 | Affects: ['ALL']
        VonwacqERR | ERR% | Stacks: 1 | Value: 0.050 | Remaining Turns: 1 | TickDown: SUP2, PERM | Target: SUP2 | Affects: ['ALL']
        MortenaxBladeTraceCR | CR% | Stacks: 1 | Value: 0.120 | Remaining Turns: 1 | TickDown: SUP2, PERM | Target: SUP2 | Affects: ['ALL']
        MortenaxBladeTraceHP | HP% | Stacks: 1 | Value: 0.100 | Remaining Turns: 1 | TickDown: SUP2, PERM | Target: SUP2 | Affects: ['ALL']
        MortenaxBladeTraceDMG | DMG% | Stacks: 1 | Value: 0.224 | Remaining Turns: 1 | TickDown: SUP2, PERM | Target: SUP2 | Affects: ['ALL']
        KeelCD(SUS) | CD% | Stacks: 1 | Value: 0.100 | Remaining Turns: 1 | TickDown: SUP2, PERM | Target: SUP2 | Affects: ['ALL']
        MasterSmithCD | CD% | Stacks: 1 | Value: 0.280 | Remaining Turns: 1 | TickDown: SUP2, PERM | Target: SUP2 | Affects: ['ALL']
        MasterSmithComburent | DMG% | Stacks: 1 | Value: 0.150 | Remaining Turns: 2 | TickDown: SUP2, END | Target: SUP2 | Affects: ['ALL']
        MortenaxBladeCRBoost | CR% | Stacks: 1 | Value: 0.200 | Remaining Turns: 1 | TickDown: SUP2, PERM | Target: SUP2 | Affects: ['ALL']
        MortenaxBladeCDBoost | CD% | Stacks: 1 | Value: 0.600 | Remaining Turns: 1 | TickDown: SUP2, PERM | Target: SUP2 | Affects: ['ALL']
        MortenaxBladeDMGReduction | DMG_REDUCTION | Stacks: 1 | Value: 0.500 | Remaining Turns: 1 | TickDown: SUP2, PERM | Target: SUP2 | Affects: ['ALL']
        MortenaxBladeDMGBoost | DMG% | Stacks: 1 | Value: 0.500 | Remaining Turns: 1 | TickDown: SUP2, PERM | Target: SUP2 | Affects: ['ALL']
        MortenaxBladeDMG | DMG% | Stacks: 1 | Value: 0.750 | Remaining Turns: 1 | TickDown: SUP2, PERM | Target: SUP2 | Affects: ['ALL']
        WarriorGoddessHealCD | CD% | Stacks: 1 | Value: 0.150 | Remaining Turns: 1 | TickDown: SUP2, START | Target: SUP2 | Affects: ['ALL']
        HuoHuoUltATK | ATK% | Stacks: 1 | Value: 0.400 | Remaining Turns: 1 | TickDown: SUP2, END | Target: SUP2 | Affects: ['ALL']
        HuoHuoUltExtraATK | ATK% | Stacks: 1 | Value: 0.240 | Remaining Turns: 1 | TickDown: SUP2, END | Target: SUP2 | Affects: ['ALL']
        ----------End of Buff List----------

        ----------Enemy Debuffs----------
        MortenaxBladeUltVul | From: SUP2 | VULN | Stacks: 1 | Value: 0.500 | Remaining Turns: 2 | Target: 1 | Targeting: ST | Affects: ['ALL'] | DOT: False | Blast: False
        MortenaxBladeUltShred | From: SUP2 | SHRED | Stacks: 1 | Value: 0.300 | Remaining Turns: 2 | Target: 1 | Targeting: ST | Affects: ['ALL'] | DOT: False | Blast: False
        ResoShred(SUP2) | From: SUP2 | SHRED | Stacks: 1 | Value: 0.160 | Remaining Turns: 1 | Target: 1 | Targeting: ST | Affects: ['ALL'] | DOT: False | Blast: False
        ----------End of Debuff List----------
        ----------Healing List----------
        ----------End of Healing List----------
    GAUGE  - Enemy 1 toughness reduced by 0.000
    RESULT - MortenaxBladeBounceFUA | MortenaxBlade | SUP2 | DMG: 4455.241 | ELADMG: 0.000 | Enemies Hit: [1] | Enemies Broken: [] | WB DMG: 0.000 | Energy: 0.000 | Amount HP Healed: 0.000 | Amount HP Lost: 0.000 | MortenaxBlade Energy: 140/160 | SP: 4 | MaxSP: 5)
    TURN   - MortenaxBladeBounceFUA | MortenaxBlade | SUP2 | ST attack | ['FIR'] | ['FUA'] | Scaling: HP | TargetID: 1 | DMG/BREAK Splits: [0.24, 0]/[5, 0] | Energy Gained: 0 | SP Change: 0

        ----------Char Buffs----------
        KeelCD(SUP1) | CD% | Stacks: 1 | Value: 0.100 | Remaining Turns: 1 | TickDown: SUP2, PERM | Target: SUP2 | Affects: ['ALL']
        MasterSmithHP | HP% | Stacks: 1 | Value: 0.120 | Remaining Turns: 1 | TickDown: SUP2, PERM | Target: SUP2 | Affects: ['ALL']
        VonwacqERR | ERR% | Stacks: 1 | Value: 0.050 | Remaining Turns: 1 | TickDown: SUP2, PERM | Target: SUP2 | Affects: ['ALL']
        MortenaxBladeTraceCR | CR% | Stacks: 1 | Value: 0.120 | Remaining Turns: 1 | TickDown: SUP2, PERM | Target: SUP2 | Affects: ['ALL']
        MortenaxBladeTraceHP | HP% | Stacks: 1 | Value: 0.100 | Remaining Turns: 1 | TickDown: SUP2, PERM | Target: SUP2 | Affects: ['ALL']
        MortenaxBladeTraceDMG | DMG% | Stacks: 1 | Value: 0.224 | Remaining Turns: 1 | TickDown: SUP2, PERM | Target: SUP2 | Affects: ['ALL']
        KeelCD(SUS) | CD% | Stacks: 1 | Value: 0.100 | Remaining Turns: 1 | TickDown: SUP2, PERM | Target: SUP2 | Affects: ['ALL']
        MasterSmithCD | CD% | Stacks: 1 | Value: 0.280 | Remaining Turns: 1 | TickDown: SUP2, PERM | Target: SUP2 | Affects: ['ALL']
        MasterSmithComburent | DMG% | Stacks: 1 | Value: 0.150 | Remaining Turns: 2 | TickDown: SUP2, END | Target: SUP2 | Affects: ['ALL']
        MortenaxBladeCRBoost | CR% | Stacks: 1 | Value: 0.200 | Remaining Turns: 1 | TickDown: SUP2, PERM | Target: SUP2 | Affects: ['ALL']
        MortenaxBladeCDBoost | CD% | Stacks: 1 | Value: 0.600 | Remaining Turns: 1 | TickDown: SUP2, PERM | Target: SUP2 | Affects: ['ALL']
        MortenaxBladeDMGReduction | DMG_REDUCTION | Stacks: 1 | Value: 0.500 | Remaining Turns: 1 | TickDown: SUP2, PERM | Target: SUP2 | Affects: ['ALL']
        MortenaxBladeDMGBoost | DMG% | Stacks: 1 | Value: 0.500 | Remaining Turns: 1 | TickDown: SUP2, PERM | Target: SUP2 | Affects: ['ALL']
        MortenaxBladeDMG | DMG% | Stacks: 1 | Value: 0.750 | Remaining Turns: 1 | TickDown: SUP2, PERM | Target: SUP2 | Affects: ['ALL']
        WarriorGoddessHealCD | CD% | Stacks: 1 | Value: 0.150 | Remaining Turns: 1 | TickDown: SUP2, START | Target: SUP2 | Affects: ['ALL']
        HuoHuoUltATK | ATK% | Stacks: 1 | Value: 0.400 | Remaining Turns: 1 | TickDown: SUP2, END | Target: SUP2 | Affects: ['ALL']
        HuoHuoUltExtraATK | ATK% | Stacks: 1 | Value: 0.240 | Remaining Turns: 1 | TickDown: SUP2, END | Target: SUP2 | Affects: ['ALL']
        ----------End of Buff List----------

        ----------Enemy Debuffs----------
        MortenaxBladeUltVul | From: SUP2 | VULN | Stacks: 1 | Value: 0.500 | Remaining Turns: 2 | Target: 1 | Targeting: ST | Affects: ['ALL'] | DOT: False | Blast: False
        MortenaxBladeUltShred | From: SUP2 | SHRED | Stacks: 1 | Value: 0.300 | Remaining Turns: 2 | Target: 1 | Targeting: ST | Affects: ['ALL'] | DOT: False | Blast: False
        ResoShred(SUP2) | From: SUP2 | SHRED | Stacks: 1 | Value: 0.160 | Remaining Turns: 1 | Target: 1 | Targeting: ST | Affects: ['ALL'] | DOT: False | Blast: False
        ----------End of Debuff List----------
        ----------Healing List----------
        ----------End of Healing List----------
    GAUGE  - Enemy 1 toughness reduced by 0.000
    RESULT - MortenaxBladeBounceFUA | MortenaxBlade | SUP2 | DMG: 4455.241 | ELADMG: 0.000 | Enemies Hit: [1] | Enemies Broken: [] | WB DMG: 0.000 | Energy: 0.000 | Amount HP Healed: 0.000 | Amount HP Lost: 0.000 | MortenaxBlade Energy: 140/160 | SP: 4 | MaxSP: 5)
    TURN   - MortenaxBladeBounceFUA | MortenaxBlade | SUP2 | ST attack | ['FIR'] | ['FUA'] | Scaling: HP | TargetID: 1 | DMG/BREAK Splits: [0.24, 0]/[5, 0] | Energy Gained: 0 | SP Change: 0

        ----------Char Buffs----------
        KeelCD(SUP1) | CD% | Stacks: 1 | Value: 0.100 | Remaining Turns: 1 | TickDown: SUP2, PERM | Target: SUP2 | Affects: ['ALL']
        MasterSmithHP | HP% | Stacks: 1 | Value: 0.120 | Remaining Turns: 1 | TickDown: SUP2, PERM | Target: SUP2 | Affects: ['ALL']
        VonwacqERR | ERR% | Stacks: 1 | Value: 0.050 | Remaining Turns: 1 | TickDown: SUP2, PERM | Target: SUP2 | Affects: ['ALL']
        MortenaxBladeTraceCR | CR% | Stacks: 1 | Value: 0.120 | Remaining Turns: 1 | TickDown: SUP2, PERM | Target: SUP2 | Affects: ['ALL']
        MortenaxBladeTraceHP | HP% | Stacks: 1 | Value: 0.100 | Remaining Turns: 1 | TickDown: SUP2, PERM | Target: SUP2 | Affects: ['ALL']
        MortenaxBladeTraceDMG | DMG% | Stacks: 1 | Value: 0.224 | Remaining Turns: 1 | TickDown: SUP2, PERM | Target: SUP2 | Affects: ['ALL']
        KeelCD(SUS) | CD% | Stacks: 1 | Value: 0.100 | Remaining Turns: 1 | TickDown: SUP2, PERM | Target: SUP2 | Affects: ['ALL']
        MasterSmithCD | CD% | Stacks: 1 | Value: 0.280 | Remaining Turns: 1 | TickDown: SUP2, PERM | Target: SUP2 | Affects: ['ALL']
        MasterSmithComburent | DMG% | Stacks: 1 | Value: 0.150 | Remaining Turns: 2 | TickDown: SUP2, END | Target: SUP2 | Affects: ['ALL']
        MortenaxBladeCRBoost | CR% | Stacks: 1 | Value: 0.200 | Remaining Turns: 1 | TickDown: SUP2, PERM | Target: SUP2 | Affects: ['ALL']
        MortenaxBladeCDBoost | CD% | Stacks: 1 | Value: 0.600 | Remaining Turns: 1 | TickDown: SUP2, PERM | Target: SUP2 | Affects: ['ALL']
        MortenaxBladeDMGReduction | DMG_REDUCTION | Stacks: 1 | Value: 0.500 | Remaining Turns: 1 | TickDown: SUP2, PERM | Target: SUP2 | Affects: ['ALL']
        MortenaxBladeDMGBoost | DMG% | Stacks: 1 | Value: 0.500 | Remaining Turns: 1 | TickDown: SUP2, PERM | Target: SUP2 | Affects: ['ALL']
        MortenaxBladeDMG | DMG% | Stacks: 1 | Value: 0.750 | Remaining Turns: 1 | TickDown: SUP2, PERM | Target: SUP2 | Affects: ['ALL']
        WarriorGoddessHealCD | CD% | Stacks: 1 | Value: 0.150 | Remaining Turns: 1 | TickDown: SUP2, START | Target: SUP2 | Affects: ['ALL']
        HuoHuoUltATK | ATK% | Stacks: 1 | Value: 0.400 | Remaining Turns: 1 | TickDown: SUP2, END | Target: SUP2 | Affects: ['ALL']
        HuoHuoUltExtraATK | ATK% | Stacks: 1 | Value: 0.240 | Remaining Turns: 1 | TickDown: SUP2, END | Target: SUP2 | Affects: ['ALL']
        ----------End of Buff List----------

        ----------Enemy Debuffs----------
        MortenaxBladeUltVul | From: SUP2 | VULN | Stacks: 1 | Value: 0.500 | Remaining Turns: 2 | Target: 1 | Targeting: ST | Affects: ['ALL'] | DOT: False | Blast: False
        MortenaxBladeUltShred | From: SUP2 | SHRED | Stacks: 1 | Value: 0.300 | Remaining Turns: 2 | Target: 1 | Targeting: ST | Affects: ['ALL'] | DOT: False | Blast: False
        ResoShred(SUP2) | From: SUP2 | SHRED | Stacks: 1 | Value: 0.160 | Remaining Turns: 1 | Target: 1 | Targeting: ST | Affects: ['ALL'] | DOT: False | Blast: False
        ----------End of Debuff List----------
        ----------Healing List----------
        ----------End of Healing List----------
    GAUGE  - Enemy 1 toughness reduced by 0.000
    RESULT - MortenaxBladeBounceFUA | MortenaxBlade | SUP2 | DMG: 4455.241 | ELADMG: 0.000 | Enemies Hit: [1] | Enemies Broken: [] | WB DMG: 0.000 | Energy: 0.000 | Amount HP Healed: 0.000 | Amount HP Lost: 0.000 | MortenaxBlade Energy: 140/160 | SP: 4 | MaxSP: 5)
    TURN   - MortenaxBladeBounceFUA | MortenaxBlade | SUP2 | ST attack | ['FIR'] | ['FUA'] | Scaling: HP | TargetID: 1 | DMG/BREAK Splits: [0.24, 0]/[5, 0] | Energy Gained: 0 | SP Change: 0

        ----------Char Buffs----------
        KeelCD(SUP1) | CD% | Stacks: 1 | Value: 0.100 | Remaining Turns: 1 | TickDown: SUP2, PERM | Target: SUP2 | Affects: ['ALL']
        MasterSmithHP | HP% | Stacks: 1 | Value: 0.120 | Remaining Turns: 1 | TickDown: SUP2, PERM | Target: SUP2 | Affects: ['ALL']
        VonwacqERR | ERR% | Stacks: 1 | Value: 0.050 | Remaining Turns: 1 | TickDown: SUP2, PERM | Target: SUP2 | Affects: ['ALL']
        MortenaxBladeTraceCR | CR% | Stacks: 1 | Value: 0.120 | Remaining Turns: 1 | TickDown: SUP2, PERM | Target: SUP2 | Affects: ['ALL']
        MortenaxBladeTraceHP | HP% | Stacks: 1 | Value: 0.100 | Remaining Turns: 1 | TickDown: SUP2, PERM | Target: SUP2 | Affects: ['ALL']
        MortenaxBladeTraceDMG | DMG% | Stacks: 1 | Value: 0.224 | Remaining Turns: 1 | TickDown: SUP2, PERM | Target: SUP2 | Affects: ['ALL']
        KeelCD(SUS) | CD% | Stacks: 1 | Value: 0.100 | Remaining Turns: 1 | TickDown: SUP2, PERM | Target: SUP2 | Affects: ['ALL']
        MasterSmithCD | CD% | Stacks: 1 | Value: 0.280 | Remaining Turns: 1 | TickDown: SUP2, PERM | Target: SUP2 | Affects: ['ALL']
        MasterSmithComburent | DMG% | Stacks: 1 | Value: 0.150 | Remaining Turns: 2 | TickDown: SUP2, END | Target: SUP2 | Affects: ['ALL']
        MortenaxBladeCRBoost | CR% | Stacks: 1 | Value: 0.200 | Remaining Turns: 1 | TickDown: SUP2, PERM | Target: SUP2 | Affects: ['ALL']
        MortenaxBladeCDBoost | CD% | Stacks: 1 | Value: 0.600 | Remaining Turns: 1 | TickDown: SUP2, PERM | Target: SUP2 | Affects: ['ALL']
        MortenaxBladeDMGReduction | DMG_REDUCTION | Stacks: 1 | Value: 0.500 | Remaining Turns: 1 | TickDown: SUP2, PERM | Target: SUP2 | Affects: ['ALL']
        MortenaxBladeDMGBoost | DMG% | Stacks: 1 | Value: 0.500 | Remaining Turns: 1 | TickDown: SUP2, PERM | Target: SUP2 | Affects: ['ALL']
        MortenaxBladeDMG | DMG% | Stacks: 1 | Value: 0.750 | Remaining Turns: 1 | TickDown: SUP2, PERM | Target: SUP2 | Affects: ['ALL']
        WarriorGoddessHealCD | CD% | Stacks: 1 | Value: 0.150 | Remaining Turns: 1 | TickDown: SUP2, START | Target: SUP2 | Affects: ['ALL']
        HuoHuoUltATK | ATK% | Stacks: 1 | Value: 0.400 | Remaining Turns: 1 | TickDown: SUP2, END | Target: SUP2 | Affects: ['ALL']
        HuoHuoUltExtraATK | ATK% | Stacks: 1 | Value: 0.240 | Remaining Turns: 1 | TickDown: SUP2, END | Target: SUP2 | Affects: ['ALL']
        ----------End of Buff List----------

        ----------Enemy Debuffs----------
        MortenaxBladeUltVul | From: SUP2 | VULN | Stacks: 1 | Value: 0.500 | Remaining Turns: 2 | Target: 1 | Targeting: ST | Affects: ['ALL'] | DOT: False | Blast: False
        MortenaxBladeUltShred | From: SUP2 | SHRED | Stacks: 1 | Value: 0.300 | Remaining Turns: 2 | Target: 1 | Targeting: ST | Affects: ['ALL'] | DOT: False | Blast: False
        ResoShred(SUP2) | From: SUP2 | SHRED | Stacks: 1 | Value: 0.160 | Remaining Turns: 1 | Target: 1 | Targeting: ST | Affects: ['ALL'] | DOT: False | Blast: False
        ----------End of Debuff List----------
        ----------Healing List----------
        ----------End of Healing List----------
    GAUGE  - Enemy 1 toughness reduced by 0.000
    RESULT - MortenaxBladeBounceFUA | MortenaxBlade | SUP2 | DMG: 4455.241 | ELADMG: 0.000 | Enemies Hit: [1] | Enemies Broken: [] | WB DMG: 0.000 | Energy: 0.000 | Amount HP Healed: 0.000 | Amount HP Lost: 0.000 | MortenaxBlade Energy: 140/160 | SP: 4 | MaxSP: 5)
AV     > HuoHuo AV reset to 62.308 | 160.492 SPD

<<< NEW TURN >>>
-   Saber AV: 0.000 ENERGY: 186.667 MaxHP: 3366.991 CurrHp 3141.012 ShieldHP: 0.000
-   Sunday AV: 2.019 ENERGY: 125.237 MaxHP: 3638.196 CurrHp 1.000 ShieldHP: 0.000
-   Enemy 1 AV: 23.899 ENERGY: 0.000 MaxHP: 5000000.000 CurrHp 836649.228 ShieldHP: 0.000
-   MortenaxBlade AV: 42.007 ENERGY: 139.847 MaxHP: 4779.283 CurrHp 1.000 ShieldHP: 0.000
-   HuoHuo AV: 54.216 ENERGY: 66.817 MaxHP: 6139.808 CurrHp 3640.094 ShieldHP: 0.000
-   InfiniteFury AV: 55.859 ENERGY: 0.000 MaxHP: 0.000 CurrHp 0.000 ShieldHP: 0.000
-   Enemy 0 AV: 64.206 ENERGY: 0.000 MaxHP: 2000000.000 CurrHp 383929.041 ShieldHP: 0.000
-   Enemy 2 AV: 64.206 ENERGY: 0.000 MaxHP: 2000000.000 CurrHp 383929.041 ShieldHP: 0.000

Combat context set: 3 enemies, 4 players
Combat context initialized: 3 enemies, Elation team size: 0
ACTION > [CHAR] TotalAV: 512.717 | TurnAV: 8.092 | Saber | E-move
        Buff ScholarBonusDMG expired
Saber got 3 Core Resonance from Skill, Current Count: 11
    TURN   - SaberSkill | Saber | DPS | BLAST attack | ['WIN'] | ['SKL'] | Scaling: ATK | TargetID: 1 | DMG/BREAK Splits: [1.5, 0.75]/[20, 10] | Energy Gained: 30 | SP Change: -1

        ----------Char Buffs----------
        ThanklessCoronationCD | CR% | Stacks: 1 | Value: 0.360 | Remaining Turns: 1 | TickDown: DPS, PERM | Target: DPS | Affects: ['ALL']
        ScholarCR | CR% | Stacks: 1 | Value: 0.080 | Remaining Turns: 1 | TickDown: DPS, PERM | Target: DPS | Affects: ['ALL']
        ScholarDMG | DMG% | Stacks: 1 | Value: 0.200 | Remaining Turns: 1 | TickDown: DPS, PERM | Target: DPS | Affects: ['SKL', 'ULT']
        SaberTraceHP | HP% | Stacks: 1 | Value: 0.100 | Remaining Turns: 1 | TickDown: DPS, PERM | Target: DPS | Affects: ['ALL']
        SaberTraceCR | CR% | Stacks: 1 | Value: 0.120 | Remaining Turns: 1 | TickDown: DPS, PERM | Target: DPS | Affects: ['ALL']
        SaberTraceDMG | DMG% | Stacks: 1 | Value: 0.224 | Remaining Turns: 1 | TickDown: DPS, PERM | Target: DPS | Affects: ['ALL']
        SaberTrace1CR | CR% | Stacks: 1 | Value: 0.200 | Remaining Turns: 1 | TickDown: DPS, PERM | Target: DPS | Affects: ['ALL']
        KeelCD(SUP1) | CD% | Stacks: 1 | Value: 0.100 | Remaining Turns: 1 | TickDown: DPS, PERM | Target: DPS | Affects: ['ALL']
        KeelCD(SUS) | CD% | Stacks: 1 | Value: 0.100 | Remaining Turns: 1 | TickDown: DPS, PERM | Target: DPS | Affects: ['ALL']
        CosmicLifeDMG | DMG% | Stacks: 1 | Value: 0.320 | Remaining Turns: 1 | TickDown: DPS, PERM | Target: DPS | Affects: ['ALL']
        Trace3CDExtra | CD% | Stacks: 1 | Value: 0.320 | Remaining Turns: 1 | TickDown: DPS, PERM | Target: DPS | Affects: ['ALL']
        MortenaxBladeDMGBoost | DMG% | Stacks: 1 | Value: 0.500 | Remaining Turns: 1 | TickDown: DPS, PERM | Target: DPS | Affects: ['ALL']
        SundayBeatified | CD% | Stacks: 1 | Value: 0.856 | Remaining Turns: 2 | TickDown: SUP1, START | Target: DPS | Affects: ['ALL']
        SacerdosCDSUP1 | CD% | Stacks: 1 | Value: 0.180 | Remaining Turns: 1 | TickDown: DPS, END | Target: DPS | Affects: ['ALL']
        SundaySklDMG | DMG% | Stacks: 1 | Value: 0.300 | Remaining Turns: 1 | TickDown: DPS, END | Target: DPS | Affects: ['ALL']
        SundaySklCR | CR% | Stacks: 1 | Value: 0.200 | Remaining Turns: 1 | TickDown: DPS, END | Target: DPS | Affects: ['ALL']
        WarriorGoddessHealCD | CD% | Stacks: 1 | Value: 0.150 | Remaining Turns: 1 | TickDown: DPS, START | Target: DPS | Affects: ['ALL']
        HuoHuoUltATK | ATK% | Stacks: 1 | Value: 0.400 | Remaining Turns: 2 | TickDown: DPS, END | Target: DPS | Affects: ['ALL']
        HuoHuoUltExtraATK | ATK% | Stacks: 1 | Value: 0.240 | Remaining Turns: 2 | TickDown: DPS, END | Target: DPS | Affects: ['ALL']
        TalentDMG | DMG% | Stacks: 1 | Value: 0.600 | Remaining Turns: 2 | TickDown: DPS, END | Target: DPS | Affects: ['ALL']
        MasterSmithComburent | DMG% | Stacks: 1 | Value: 0.150 | Remaining Turns: 2 | TickDown: DPS, END | Target: DPS | Affects: ['ALL']
        Trace3CD | CD% | Stacks: 1 | Value: 0.500 | Remaining Turns: 2 | TickDown: DPS, END | Target: DPS | Affects: ['ALL']
        ----------End of Buff List----------

        ----------Enemy Debuffs----------
        MortenaxBladeUltVul | From: SUP2 | VULN | Stacks: 1 | Value: 0.500 | Remaining Turns: 2 | Target: 1 | Targeting: ST | Affects: ['ALL'] | DOT: False | Blast: False
        MortenaxBladeUltShred | From: SUP2 | SHRED | Stacks: 1 | Value: 0.300 | Remaining Turns: 2 | Target: 1 | Targeting: ST | Affects: ['ALL'] | DOT: False | Blast: False
        ResoShred(SUP2) | From: SUP2 | SHRED | Stacks: 1 | Value: 0.160 | Remaining Turns: 1 | Target: 1 | Targeting: ST | Affects: ['ALL'] | DOT: False | Blast: False
        ----------End of Debuff List----------
        ----------Healing List----------
        ----------End of Healing List----------
    GAUGE  - Enemy 1 toughness reduced by 20.000
    GAUGE  - Enemy 0 toughness reduced by 10.000
    GAUGE  - Enemy 2 toughness reduced by 10.000
    RESULT - SaberSkill | Saber | DPS | DMG: 130483.388 | ELADMG: 0.000 | Enemies Hit: [1, 0, 2] | Enemies Broken: [] | WB DMG: 0.000 | Energy: 30.000 | Amount HP Healed: 0.000 | Amount HP Lost: 0.000 | Saber Energy: 217/360 | SP: 3 | MaxSP: 5)
MortenaxBlade has obtained 1 Charge. Current Charge count: 6.
    TURN   - HuoHuoAllyERR | HuoHuo | SUS | NA attack | ['WIN'] | ['SPECIAL'] | Scaling: HP | TargetID: 1 | DMG/BREAK Splits: [0, 0]/[0, 0] | Energy Gained: 1 | SP Change: 0

        ----------Char Buffs----------
        KeelCD(SUP1) | CD% | Stacks: 1 | Value: 0.100 | Remaining Turns: 1 | TickDown: SUS, PERM | Target: SUS | Affects: ['ALL']
        PostOpERR | ERR% | Stacks: 1 | Value: 0.160 | Remaining Turns: 1 | TickDown: SUS, PERM | Target: SUS | Affects: ['ALL']
        WarriorGoddessSPD | SPD% | Stacks: 1 | Value: 0.060 | Remaining Turns: 1 | TickDown: SUS, PERM | Target: SUS | Affects: ['ALL']
        KeelEFFRES | ERS% | Stacks: 1 | Value: 0.100 | Remaining Turns: 1 | TickDown: SUS, PERM | Target: SUS | Affects: ['ALL']
        KeelCD(SUS) | CD% | Stacks: 1 | Value: 0.100 | Remaining Turns: 1 | TickDown: SUS, PERM | Target: SUS | Affects: ['ALL']
        HHTraceHP | HP% | Stacks: 1 | Value: 0.280 | Remaining Turns: 1 | TickDown: SUS, PERM | Target: SUS | Affects: ['ALL']
        HHTraceERS | ERS% | Stacks: 1 | Value: 0.180 | Remaining Turns: 1 | TickDown: SUS, PERM | Target: SUS | Affects: ['ALL']
        HHTraceSPD | SPD | Stacks: 1 | Value: 5.000 | Remaining Turns: 1 | TickDown: SUS, PERM | Target: SUS | Affects: ['ALL']
        MasterSmithComburent | DMG% | Stacks: 1 | Value: 0.150 | Remaining Turns: 1 | TickDown: SUS, END | Target: SUS | Affects: ['ALL']
        MortenaxBladeDMGBoost | DMG% | Stacks: 1 | Value: 0.500 | Remaining Turns: 1 | TickDown: SUS, PERM | Target: SUS | Affects: ['ALL']
        WarriorGoddessHealSPD | SPD% | Stacks: 1 | Value: 0.060 | Remaining Turns: 1 | TickDown: SUS, START | Target: SUS | Affects: ['ALL']
        WarriorGoddessHealCD | CD% | Stacks: 1 | Value: 0.150 | Remaining Turns: 1 | TickDown: SUS, START | Target: SUS | Affects: ['ALL']
        ----------End of Buff List----------

        ----------Enemy Debuffs----------
        MortenaxBladeUltVul | From: SUP2 | VULN | Stacks: 1 | Value: 0.500 | Remaining Turns: 2 | Target: 1 | Targeting: ST | Affects: ['ALL'] | DOT: False | Blast: False
        MortenaxBladeUltShred | From: SUP2 | SHRED | Stacks: 1 | Value: 0.300 | Remaining Turns: 2 | Target: 1 | Targeting: ST | Affects: ['ALL'] | DOT: False | Blast: False
        ResoShred(SUP2) | From: SUP2 | SHRED | Stacks: 1 | Value: 0.160 | Remaining Turns: 1 | Target: 1 | Targeting: ST | Affects: ['ALL'] | DOT: False | Blast: False
        ----------End of Debuff List----------
        ----------Healing List----------
        HuoHuoTalentHealingScaling | Targeting: Targeting.SINGLE | Healing Value: [0] | Target: ALL
        HuoHuoTalentHealingScaling | Targeting: Targeting.SINGLE | Healing Value: [0.045] | Target: ALL
        HuoHuoTalentHealingScaling | Targeting: Targeting.SINGLE | Healing Value: [0] | Target: ALL
        HuoHuoTalentHealingScaling | Targeting: Targeting.SINGLE | Healing Value: [0] | Target: ALL
        HuoHuoTalentHealingFlat | Targeting: Targeting.SINGLE | Healing Value: [0] | Target: ALL
        HuoHuoTalentHealingFlat | Targeting: Targeting.SINGLE | Healing Value: [120] | Target: ALL
        HuoHuoTalentHealingFlat | Targeting: Targeting.SINGLE | Healing Value: [0] | Target: ALL
        HuoHuoTalentHealingFlat | Targeting: Targeting.SINGLE | Healing Value: [0] | Target: ALL
        ----------End of Healing List----------
    GAUGE  - Enemy 1 toughness reduced by 0.000
    RESULT - HuoHuoAllyERR | HuoHuo | SUS | DMG: 0.000 | ELADMG: 0.000 | Enemies Hit: [1] | Enemies Broken: [] | WB DMG: 0.000 | Energy: 1.354 | Amount HP Healed: 371.779 | Amount HP Lost: 0.000 | HuoHuo Energy: 68/140 | SP: 3 | MaxSP: 5)
        Buff SacerdosCDSUP1 expired
        Buff SundaySklDMG expired
        Buff SundaySklCR expired
AV     > Saber AV reset to 71.514 | 139.832 SPD

<<< NEW TURN >>>
-   Sunday AV: 0.000 ENERGY: 125.237 MaxHP: 3638.196 CurrHp 372.779 ShieldHP: 0.000
-   Enemy 1 AV: 21.880 ENERGY: 0.000 MaxHP: 5000000.000 CurrHp 771407.534 ShieldHP: 0.000
-   MortenaxBlade AV: 39.988 ENERGY: 139.847 MaxHP: 4779.283 CurrHp 1.000 ShieldHP: 0.000
-   HuoHuo AV: 52.197 ENERGY: 68.171 MaxHP: 6139.808 CurrHp 3640.094 ShieldHP: 0.000
-   InfiniteFury AV: 53.840 ENERGY: 0.000 MaxHP: 0.000 CurrHp 0.000 ShieldHP: 0.000
-   Enemy 0 AV: 62.187 ENERGY: 0.000 MaxHP: 2000000.000 CurrHp 351308.194 ShieldHP: 0.000
-   Enemy 2 AV: 62.187 ENERGY: 0.000 MaxHP: 2000000.000 CurrHp 351308.194 ShieldHP: 0.000
-   Saber AV: 69.495 ENERGY: 216.667 MaxHP: 3366.991 CurrHp 3141.012 ShieldHP: 0.000

Combat context set: 3 enemies, 4 players
Combat context initialized: 3 enemies, Elation team size: 0
ACTION > [CHAR] TotalAV: 514.736 | TurnAV: 2.019 | Sunday | E-move
    TURN   - SundaySkill | Sunday | SUP1 | NA attack | ['IMG'] | ['SKL'] | Scaling: ATK | TargetID: -1 | DMG/BREAK Splits: [0, 0]/[0, 0] | Energy Gained: 30 | SP Change: 0

        ----------Char Buffs----------
        BattleIsntOverERR | ERR% | Stacks: 1 | Value: 0.100 | Remaining Turns: 1 | TickDown: SUP1, PERM | Target: SUP1 | Affects: ['ALL']
        SacerdosSPD | SPD% | Stacks: 1 | Value: 0.060 | Remaining Turns: 1 | TickDown: SUP1, PERM | Target: SUP1 | Affects: ['ALL']
        KeelEFFRES | ERS% | Stacks: 1 | Value: 0.100 | Remaining Turns: 1 | TickDown: SUP1, PERM | Target: SUP1 | Affects: ['ALL']
        KeelCD(SUP1) | CD% | Stacks: 1 | Value: 0.100 | Remaining Turns: 1 | TickDown: SUP1, PERM | Target: SUP1 | Affects: ['ALL']
        SundayTraceCD | CD% | Stacks: 1 | Value: 0.373 | Remaining Turns: 1 | TickDown: SUP1, PERM | Target: SUP1 | Affects: ['ALL']
        SundayTraceERS | ERS% | Stacks: 1 | Value: 0.180 | Remaining Turns: 1 | TickDown: SUP1, PERM | Target: SUP1 | Affects: ['ALL']
        SundayTraceDEF | DEF% | Stacks: 1 | Value: 0.125 | Remaining Turns: 1 | TickDown: SUP1, PERM | Target: SUP1 | Affects: ['ALL']
        KeelCD(SUS) | CD% | Stacks: 1 | Value: 0.100 | Remaining Turns: 1 | TickDown: SUP1, PERM | Target: SUP1 | Affects: ['ALL']
        MasterSmithComburent | DMG% | Stacks: 1 | Value: 0.150 | Remaining Turns: 2 | TickDown: SUP1, END | Target: SUP1 | Affects: ['ALL']
        MortenaxBladeDMGBoost | DMG% | Stacks: 1 | Value: 0.500 | Remaining Turns: 1 | TickDown: SUP1, PERM | Target: SUP1 | Affects: ['ALL']
        WarriorGoddessHealCD | CD% | Stacks: 1 | Value: 0.150 | Remaining Turns: 1 | TickDown: SUP1, START | Target: SUP1 | Affects: ['ALL']
        ----------End of Buff List----------

        ----------Enemy Debuffs----------
        ----------End of Debuff List----------
        ----------Healing List----------
        ----------End of Healing List----------
    GAUGE  - Enemy 0 toughness reduced by 0.000
    RESULT - SundaySkill | Sunday | SUP1 | DMG: 0.000 | ELADMG: 0.000 | Enemies Hit: [0] | Enemies Broken: [] | WB DMG: 0.000 | Energy: 38.832 | Amount HP Healed: 0.000 | Amount HP Lost: 0.000 | Sunday Energy: 130/130 | SP: 3 | MaxSP: 5)
ADV    > Saber advanced by 100.000% from SundayTargetADV | NewAV: 0.000 | Priority: 16
ADV    > Saber advanced by 10.000% from SundayTargetADV | NewAV: 0.000 | Priority: 31
    TURN   - HuoHuoAllyERR | HuoHuo | SUS | NA attack | ['WIN'] | ['SPECIAL'] | Scaling: HP | TargetID: 1 | DMG/BREAK Splits: [0, 0]/[0, 0] | Energy Gained: 1 | SP Change: 0

        ----------Char Buffs----------
        KeelCD(SUP1) | CD% | Stacks: 1 | Value: 0.100 | Remaining Turns: 1 | TickDown: SUS, PERM | Target: SUS | Affects: ['ALL']
        PostOpERR | ERR% | Stacks: 1 | Value: 0.160 | Remaining Turns: 1 | TickDown: SUS, PERM | Target: SUS | Affects: ['ALL']
        WarriorGoddessSPD | SPD% | Stacks: 1 | Value: 0.060 | Remaining Turns: 1 | TickDown: SUS, PERM | Target: SUS | Affects: ['ALL']
        KeelEFFRES | ERS% | Stacks: 1 | Value: 0.100 | Remaining Turns: 1 | TickDown: SUS, PERM | Target: SUS | Affects: ['ALL']
        KeelCD(SUS) | CD% | Stacks: 1 | Value: 0.100 | Remaining Turns: 1 | TickDown: SUS, PERM | Target: SUS | Affects: ['ALL']
        HHTraceHP | HP% | Stacks: 1 | Value: 0.280 | Remaining Turns: 1 | TickDown: SUS, PERM | Target: SUS | Affects: ['ALL']
        HHTraceERS | ERS% | Stacks: 1 | Value: 0.180 | Remaining Turns: 1 | TickDown: SUS, PERM | Target: SUS | Affects: ['ALL']
        HHTraceSPD | SPD | Stacks: 1 | Value: 5.000 | Remaining Turns: 1 | TickDown: SUS, PERM | Target: SUS | Affects: ['ALL']
        MasterSmithComburent | DMG% | Stacks: 1 | Value: 0.150 | Remaining Turns: 1 | TickDown: SUS, END | Target: SUS | Affects: ['ALL']
        MortenaxBladeDMGBoost | DMG% | Stacks: 1 | Value: 0.500 | Remaining Turns: 1 | TickDown: SUS, PERM | Target: SUS | Affects: ['ALL']
        WarriorGoddessHealSPD | SPD% | Stacks: 1 | Value: 0.060 | Remaining Turns: 2 | TickDown: SUS, START | Target: SUS | Affects: ['ALL']
        WarriorGoddessHealCD | CD% | Stacks: 1 | Value: 0.150 | Remaining Turns: 2 | TickDown: SUS, START | Target: SUS | Affects: ['ALL']
        ----------End of Buff List----------

        ----------Enemy Debuffs----------
        MortenaxBladeUltVul | From: SUP2 | VULN | Stacks: 1 | Value: 0.500 | Remaining Turns: 2 | Target: 1 | Targeting: ST | Affects: ['ALL'] | DOT: False | Blast: False
        MortenaxBladeUltShred | From: SUP2 | SHRED | Stacks: 1 | Value: 0.300 | Remaining Turns: 2 | Target: 1 | Targeting: ST | Affects: ['ALL'] | DOT: False | Blast: False
        ResoShred(SUP2) | From: SUP2 | SHRED | Stacks: 1 | Value: 0.160 | Remaining Turns: 1 | Target: 1 | Targeting: ST | Affects: ['ALL'] | DOT: False | Blast: False
        ----------End of Debuff List----------
        ----------Healing List----------
        HuoHuoTalentHealingScaling | Targeting: Targeting.SINGLE | Healing Value: [0] | Target: ALL
        HuoHuoTalentHealingScaling | Targeting: Targeting.SINGLE | Healing Value: [0] | Target: ALL
        HuoHuoTalentHealingScaling | Targeting: Targeting.SINGLE | Healing Value: [0.045] | Target: ALL
        HuoHuoTalentHealingScaling | Targeting: Targeting.SINGLE | Healing Value: [0] | Target: ALL
        HuoHuoTalentHealingFlat | Targeting: Targeting.SINGLE | Healing Value: [0] | Target: ALL
        HuoHuoTalentHealingFlat | Targeting: Targeting.SINGLE | Healing Value: [0] | Target: ALL
        HuoHuoTalentHealingFlat | Targeting: Targeting.SINGLE | Healing Value: [120] | Target: ALL
        HuoHuoTalentHealingFlat | Targeting: Targeting.SINGLE | Healing Value: [0] | Target: ALL
        ----------End of Healing List----------
    GAUGE  - Enemy 1 toughness reduced by 0.000
    RESULT - HuoHuoAllyERR | HuoHuo | SUS | DMG: 0.000 | ELADMG: 0.000 | Enemies Hit: [1] | Enemies Broken: [] | WB DMG: 0.000 | Energy: 1.354 | Amount HP Healed: 371.779 | Amount HP Lost: 0.000 | HuoHuo Energy: 70/140 | SP: 3 | MaxSP: 5)
ULT    > Sunday used their ultimate
    TURN   - SundayUlt | Sunday | SUP1 | NA attack | ['IMG'] | ['ALL'] | Scaling: ATK | TargetID: -1 | DMG/BREAK Splits: [0, 0]/[0, 0] | Energy Gained: 5 | SP Change: 0

        ----------Char Buffs----------
        BattleIsntOverERR | ERR% | Stacks: 1 | Value: 0.100 | Remaining Turns: 1 | TickDown: SUP1, PERM | Target: SUP1 | Affects: ['ALL']
        SacerdosSPD | SPD% | Stacks: 1 | Value: 0.060 | Remaining Turns: 1 | TickDown: SUP1, PERM | Target: SUP1 | Affects: ['ALL']
        KeelEFFRES | ERS% | Stacks: 1 | Value: 0.100 | Remaining Turns: 1 | TickDown: SUP1, PERM | Target: SUP1 | Affects: ['ALL']
        KeelCD(SUP1) | CD% | Stacks: 1 | Value: 0.100 | Remaining Turns: 1 | TickDown: SUP1, PERM | Target: SUP1 | Affects: ['ALL']
        SundayTraceCD | CD% | Stacks: 1 | Value: 0.373 | Remaining Turns: 1 | TickDown: SUP1, PERM | Target: SUP1 | Affects: ['ALL']
        SundayTraceERS | ERS% | Stacks: 1 | Value: 0.180 | Remaining Turns: 1 | TickDown: SUP1, PERM | Target: SUP1 | Affects: ['ALL']
        SundayTraceDEF | DEF% | Stacks: 1 | Value: 0.125 | Remaining Turns: 1 | TickDown: SUP1, PERM | Target: SUP1 | Affects: ['ALL']
        KeelCD(SUS) | CD% | Stacks: 1 | Value: 0.100 | Remaining Turns: 1 | TickDown: SUP1, PERM | Target: SUP1 | Affects: ['ALL']
        MasterSmithComburent | DMG% | Stacks: 1 | Value: 0.150 | Remaining Turns: 2 | TickDown: SUP1, END | Target: SUP1 | Affects: ['ALL']
        MortenaxBladeDMGBoost | DMG% | Stacks: 1 | Value: 0.500 | Remaining Turns: 1 | TickDown: SUP1, PERM | Target: SUP1 | Affects: ['ALL']
        WarriorGoddessHealCD | CD% | Stacks: 1 | Value: 0.150 | Remaining Turns: 2 | TickDown: SUP1, START | Target: SUP1 | Affects: ['ALL']
        ----------End of Buff List----------

        ----------Enemy Debuffs----------
        ----------End of Debuff List----------
        ----------Healing List----------
        ----------End of Healing List----------
    GAUGE  - Enemy 0 toughness reduced by 0.000
    RESULT - SundayUlt | Sunday | SUP1 | DMG: 0.000 | ELADMG: 0.000 | Enemies Hit: [0] | Enemies Broken: [] | WB DMG: 0.000 | Energy: 6.472 | Amount HP Healed: 0.000 | Amount HP Lost: 0.000 | Sunday Energy: 6/130 | SP: 3 | MaxSP: 5)
    TURN   - HuoHuoAllyERR | HuoHuo | SUS | NA attack | ['WIN'] | ['SPECIAL'] | Scaling: HP | TargetID: 1 | DMG/BREAK Splits: [0, 0]/[0, 0] | Energy Gained: 1 | SP Change: 0

        ----------Char Buffs----------
        KeelCD(SUP1) | CD% | Stacks: 1 | Value: 0.100 | Remaining Turns: 1 | TickDown: SUS, PERM | Target: SUS | Affects: ['ALL']
        PostOpERR | ERR% | Stacks: 1 | Value: 0.160 | Remaining Turns: 1 | TickDown: SUS, PERM | Target: SUS | Affects: ['ALL']
        WarriorGoddessSPD | SPD% | Stacks: 1 | Value: 0.060 | Remaining Turns: 1 | TickDown: SUS, PERM | Target: SUS | Affects: ['ALL']
        KeelEFFRES | ERS% | Stacks: 1 | Value: 0.100 | Remaining Turns: 1 | TickDown: SUS, PERM | Target: SUS | Affects: ['ALL']
        KeelCD(SUS) | CD% | Stacks: 1 | Value: 0.100 | Remaining Turns: 1 | TickDown: SUS, PERM | Target: SUS | Affects: ['ALL']
        HHTraceHP | HP% | Stacks: 1 | Value: 0.280 | Remaining Turns: 1 | TickDown: SUS, PERM | Target: SUS | Affects: ['ALL']
        HHTraceERS | ERS% | Stacks: 1 | Value: 0.180 | Remaining Turns: 1 | TickDown: SUS, PERM | Target: SUS | Affects: ['ALL']
        HHTraceSPD | SPD | Stacks: 1 | Value: 5.000 | Remaining Turns: 1 | TickDown: SUS, PERM | Target: SUS | Affects: ['ALL']
        MasterSmithComburent | DMG% | Stacks: 1 | Value: 0.150 | Remaining Turns: 1 | TickDown: SUS, END | Target: SUS | Affects: ['ALL']
        MortenaxBladeDMGBoost | DMG% | Stacks: 1 | Value: 0.500 | Remaining Turns: 1 | TickDown: SUS, PERM | Target: SUS | Affects: ['ALL']
        WarriorGoddessHealSPD | SPD% | Stacks: 1 | Value: 0.060 | Remaining Turns: 2 | TickDown: SUS, START | Target: SUS | Affects: ['ALL']
        WarriorGoddessHealCD | CD% | Stacks: 1 | Value: 0.150 | Remaining Turns: 2 | TickDown: SUS, START | Target: SUS | Affects: ['ALL']
        ----------End of Buff List----------

        ----------Enemy Debuffs----------
        MortenaxBladeUltVul | From: SUP2 | VULN | Stacks: 1 | Value: 0.500 | Remaining Turns: 2 | Target: 1 | Targeting: ST | Affects: ['ALL'] | DOT: False | Blast: False
        MortenaxBladeUltShred | From: SUP2 | SHRED | Stacks: 1 | Value: 0.300 | Remaining Turns: 2 | Target: 1 | Targeting: ST | Affects: ['ALL'] | DOT: False | Blast: False
        ResoShred(SUP2) | From: SUP2 | SHRED | Stacks: 1 | Value: 0.160 | Remaining Turns: 1 | Target: 1 | Targeting: ST | Affects: ['ALL'] | DOT: False | Blast: False
        ----------End of Debuff List----------
        ----------Healing List----------
        HuoHuoTalentHealingScaling | Targeting: Targeting.SINGLE | Healing Value: [0] | Target: ALL
        HuoHuoTalentHealingScaling | Targeting: Targeting.SINGLE | Healing Value: [0.045] | Target: ALL
        HuoHuoTalentHealingScaling | Targeting: Targeting.SINGLE | Healing Value: [0] | Target: ALL
        HuoHuoTalentHealingScaling | Targeting: Targeting.SINGLE | Healing Value: [0] | Target: ALL
        HuoHuoTalentHealingFlat | Targeting: Targeting.SINGLE | Healing Value: [0] | Target: ALL
        HuoHuoTalentHealingFlat | Targeting: Targeting.SINGLE | Healing Value: [120] | Target: ALL
        HuoHuoTalentHealingFlat | Targeting: Targeting.SINGLE | Healing Value: [0] | Target: ALL
        HuoHuoTalentHealingFlat | Targeting: Targeting.SINGLE | Healing Value: [0] | Target: ALL
        ----------End of Healing List----------
    GAUGE  - Enemy 1 toughness reduced by 0.000
    RESULT - HuoHuoAllyERR | HuoHuo | SUS | DMG: 0.000 | ELADMG: 0.000 | Enemies Hit: [1] | Enemies Broken: [] | WB DMG: 0.000 | Energy: 1.354 | Amount HP Healed: 371.779 | Amount HP Lost: 0.000 | HuoHuo Energy: 71/140 | SP: 3 | MaxSP: 5)
ERR    > 72.000 energy added to Saber from SundayUltERR | Saber Energy: 288.667
AV     > Sunday AV reset to 73.534 | 135.992 SPD

<<< NEW TURN >>>
-   Saber AV: 0.000 ENERGY: 288.667 MaxHP: 3366.991 CurrHp 3141.012 ShieldHP: 0.000
-   Enemy 1 AV: 21.880 ENERGY: 0.000 MaxHP: 5000000.000 CurrHp 771407.534 ShieldHP: 0.000
-   MortenaxBlade AV: 39.988 ENERGY: 139.847 MaxHP: 4779.283 CurrHp 372.779 ShieldHP: 0.000
-   HuoHuo AV: 52.197 ENERGY: 70.880 MaxHP: 6139.808 CurrHp 3640.094 ShieldHP: 0.000
-   InfiniteFury AV: 53.840 ENERGY: 0.000 MaxHP: 0.000 CurrHp 0.000 ShieldHP: 0.000
-   Enemy 0 AV: 62.187 ENERGY: 0.000 MaxHP: 2000000.000 CurrHp 351308.194 ShieldHP: 0.000
-   Enemy 2 AV: 62.187 ENERGY: 0.000 MaxHP: 2000000.000 CurrHp 351308.194 ShieldHP: 0.000
-   Sunday AV: 73.534 ENERGY: 6.472 MaxHP: 3638.196 CurrHp 744.559 ShieldHP: 0.000

Combat context set: 3 enemies, 4 players
Combat context initialized: 3 enemies, Elation team size: 0
ACTION > [CHAR] TotalAV: 514.736 | TurnAV: 0.000 | Saber | E-move
Saber used 11 Core Resonance for Skill
    TURN   - SaberSkill | Saber | DPS | BLAST attack | ['WIN'] | ['SKL'] | Scaling: ATK | TargetID: 1 | DMG/BREAK Splits: [3.04, 2.29]/[20, 10] | Energy Gained: 30 | SP Change: -1

        ----------Char Buffs----------
        ThanklessCoronationCD | CR% | Stacks: 1 | Value: 0.360 | Remaining Turns: 1 | TickDown: DPS, PERM | Target: DPS | Affects: ['ALL']
        ScholarCR | CR% | Stacks: 1 | Value: 0.080 | Remaining Turns: 1 | TickDown: DPS, PERM | Target: DPS | Affects: ['ALL']
        ScholarDMG | DMG% | Stacks: 1 | Value: 0.200 | Remaining Turns: 1 | TickDown: DPS, PERM | Target: DPS | Affects: ['SKL', 'ULT']
        SaberTraceHP | HP% | Stacks: 1 | Value: 0.100 | Remaining Turns: 1 | TickDown: DPS, PERM | Target: DPS | Affects: ['ALL']
        SaberTraceCR | CR% | Stacks: 1 | Value: 0.120 | Remaining Turns: 1 | TickDown: DPS, PERM | Target: DPS | Affects: ['ALL']
        SaberTraceDMG | DMG% | Stacks: 1 | Value: 0.224 | Remaining Turns: 1 | TickDown: DPS, PERM | Target: DPS | Affects: ['ALL']
        SaberTrace1CR | CR% | Stacks: 1 | Value: 0.200 | Remaining Turns: 1 | TickDown: DPS, PERM | Target: DPS | Affects: ['ALL']
        KeelCD(SUP1) | CD% | Stacks: 1 | Value: 0.100 | Remaining Turns: 1 | TickDown: DPS, PERM | Target: DPS | Affects: ['ALL']
        KeelCD(SUS) | CD% | Stacks: 1 | Value: 0.100 | Remaining Turns: 1 | TickDown: DPS, PERM | Target: DPS | Affects: ['ALL']
        CosmicLifeDMG | DMG% | Stacks: 1 | Value: 0.320 | Remaining Turns: 1 | TickDown: DPS, PERM | Target: DPS | Affects: ['ALL']
        Trace3CDExtra | CD% | Stacks: 1 | Value: 0.320 | Remaining Turns: 1 | TickDown: DPS, PERM | Target: DPS | Affects: ['ALL']
        MortenaxBladeDMGBoost | DMG% | Stacks: 1 | Value: 0.500 | Remaining Turns: 1 | TickDown: DPS, PERM | Target: DPS | Affects: ['ALL']
        SundayBeatified | CD% | Stacks: 1 | Value: 0.856 | Remaining Turns: 3 | TickDown: SUP1, START | Target: DPS | Affects: ['ALL']
        WarriorGoddessHealCD | CD% | Stacks: 1 | Value: 0.150 | Remaining Turns: 1 | TickDown: DPS, START | Target: DPS | Affects: ['ALL']
        HuoHuoUltATK | ATK% | Stacks: 1 | Value: 0.400 | Remaining Turns: 1 | TickDown: DPS, END | Target: DPS | Affects: ['ALL']
        HuoHuoUltExtraATK | ATK% | Stacks: 1 | Value: 0.240 | Remaining Turns: 1 | TickDown: DPS, END | Target: DPS | Affects: ['ALL']
        TalentDMG | DMG% | Stacks: 1 | Value: 0.600 | Remaining Turns: 1 | TickDown: DPS, END | Target: DPS | Affects: ['ALL']
        MasterSmithComburent | DMG% | Stacks: 1 | Value: 0.150 | Remaining Turns: 1 | TickDown: DPS, END | Target: DPS | Affects: ['ALL']
        Trace3CD | CD% | Stacks: 1 | Value: 0.500 | Remaining Turns: 2 | TickDown: DPS, END | Target: DPS | Affects: ['ALL']
        BattleIsntOverDMGRole.SUP1 | DMG% | Stacks: 1 | Value: 0.300 | Remaining Turns: 1 | TickDown: DPS, END | Target: DPS | Affects: ['ALL']
        SacerdosCDSUP1 | CD% | Stacks: 2 | Value: 0.360 | Remaining Turns: 2 | TickDown: DPS, END | Target: DPS | Affects: ['ALL']
        SundaySklDMG | DMG% | Stacks: 1 | Value: 0.300 | Remaining Turns: 2 | TickDown: DPS, END | Target: DPS | Affects: ['ALL']
        SundaySklCR | CR% | Stacks: 1 | Value: 0.200 | Remaining Turns: 2 | TickDown: DPS, END | Target: DPS | Affects: ['ALL']
        SkillEnergy | ERR_F | Stacks: 1 | Value: 88.000 | Remaining Turns: 1 | TickDown: DPS, START | Target: DPS | Affects: ['ALL']
        ----------End of Buff List----------

        ----------Enemy Debuffs----------
        MortenaxBladeUltVul | From: SUP2 | VULN | Stacks: 1 | Value: 0.500 | Remaining Turns: 2 | Target: 1 | Targeting: ST | Affects: ['ALL'] | DOT: False | Blast: False
        MortenaxBladeUltShred | From: SUP2 | SHRED | Stacks: 1 | Value: 0.300 | Remaining Turns: 2 | Target: 1 | Targeting: ST | Affects: ['ALL'] | DOT: False | Blast: False
        ResoShred(SUP2) | From: SUP2 | SHRED | Stacks: 1 | Value: 0.160 | Remaining Turns: 1 | Target: 1 | Targeting: ST | Affects: ['ALL'] | DOT: False | Blast: False
        ----------End of Debuff List----------
        ----------Healing List----------
        ----------End of Healing List----------
    GAUGE  - Enemy 1 toughness reduced by 20.000
    GAUGE  - Enemy 0 toughness reduced by 10.000
    GAUGE  - Enemy 2 toughness reduced by 10.000
    RESULT - SaberSkill | Saber | DPS | DMG: 373264.798 | ELADMG: 0.000 | Enemies Hit: [1, 0, 2] | Enemies Broken: [] | WB DMG: 0.000 | Energy: 30.000 | Amount HP Healed: 0.000 | Amount HP Lost: 0.000 | Saber Energy: 319/360 | SP: 2 | MaxSP: 5)
MortenaxBlade has obtained 1 Charge. Current Charge count: 7.
    TURN   - HuoHuoAllyERR | HuoHuo | SUS | NA attack | ['WIN'] | ['SPECIAL'] | Scaling: HP | TargetID: 1 | DMG/BREAK Splits: [0, 0]/[0, 0] | Energy Gained: 1 | SP Change: 0

        ----------Char Buffs----------
        KeelCD(SUP1) | CD% | Stacks: 1 | Value: 0.100 | Remaining Turns: 1 | TickDown: SUS, PERM | Target: SUS | Affects: ['ALL']
        PostOpERR | ERR% | Stacks: 1 | Value: 0.160 | Remaining Turns: 1 | TickDown: SUS, PERM | Target: SUS | Affects: ['ALL']
        WarriorGoddessSPD | SPD% | Stacks: 1 | Value: 0.060 | Remaining Turns: 1 | TickDown: SUS, PERM | Target: SUS | Affects: ['ALL']
        KeelEFFRES | ERS% | Stacks: 1 | Value: 0.100 | Remaining Turns: 1 | TickDown: SUS, PERM | Target: SUS | Affects: ['ALL']
        KeelCD(SUS) | CD% | Stacks: 1 | Value: 0.100 | Remaining Turns: 1 | TickDown: SUS, PERM | Target: SUS | Affects: ['ALL']
        HHTraceHP | HP% | Stacks: 1 | Value: 0.280 | Remaining Turns: 1 | TickDown: SUS, PERM | Target: SUS | Affects: ['ALL']
        HHTraceERS | ERS% | Stacks: 1 | Value: 0.180 | Remaining Turns: 1 | TickDown: SUS, PERM | Target: SUS | Affects: ['ALL']
        HHTraceSPD | SPD | Stacks: 1 | Value: 5.000 | Remaining Turns: 1 | TickDown: SUS, PERM | Target: SUS | Affects: ['ALL']
        MasterSmithComburent | DMG% | Stacks: 1 | Value: 0.150 | Remaining Turns: 1 | TickDown: SUS, END | Target: SUS | Affects: ['ALL']
        MortenaxBladeDMGBoost | DMG% | Stacks: 1 | Value: 0.500 | Remaining Turns: 1 | TickDown: SUS, PERM | Target: SUS | Affects: ['ALL']
        WarriorGoddessHealSPD | SPD% | Stacks: 1 | Value: 0.060 | Remaining Turns: 2 | TickDown: SUS, START | Target: SUS | Affects: ['ALL']
        WarriorGoddessHealCD | CD% | Stacks: 1 | Value: 0.150 | Remaining Turns: 2 | TickDown: SUS, START | Target: SUS | Affects: ['ALL']
        ----------End of Buff List----------

        ----------Enemy Debuffs----------
        MortenaxBladeUltVul | From: SUP2 | VULN | Stacks: 1 | Value: 0.500 | Remaining Turns: 2 | Target: 1 | Targeting: ST | Affects: ['ALL'] | DOT: False | Blast: False
        MortenaxBladeUltShred | From: SUP2 | SHRED | Stacks: 1 | Value: 0.300 | Remaining Turns: 2 | Target: 1 | Targeting: ST | Affects: ['ALL'] | DOT: False | Blast: False
        ResoShred(SUP2) | From: SUP2 | SHRED | Stacks: 1 | Value: 0.160 | Remaining Turns: 1 | Target: 1 | Targeting: ST | Affects: ['ALL'] | DOT: False | Blast: False
        ----------End of Debuff List----------
        ----------Healing List----------
        HuoHuoTalentHealingScaling | Targeting: Targeting.SINGLE | Healing Value: [0] | Target: ALL
        HuoHuoTalentHealingScaling | Targeting: Targeting.SINGLE | Healing Value: [0] | Target: ALL
        HuoHuoTalentHealingScaling | Targeting: Targeting.SINGLE | Healing Value: [0.045] | Target: ALL
        HuoHuoTalentHealingScaling | Targeting: Targeting.SINGLE | Healing Value: [0] | Target: ALL
        HuoHuoTalentHealingFlat | Targeting: Targeting.SINGLE | Healing Value: [0] | Target: ALL
        HuoHuoTalentHealingFlat | Targeting: Targeting.SINGLE | Healing Value: [0] | Target: ALL
        HuoHuoTalentHealingFlat | Targeting: Targeting.SINGLE | Healing Value: [120] | Target: ALL
        HuoHuoTalentHealingFlat | Targeting: Targeting.SINGLE | Healing Value: [0] | Target: ALL
        ----------End of Healing List----------
    GAUGE  - Enemy 1 toughness reduced by 0.000
    RESULT - HuoHuoAllyERR | HuoHuo | SUS | DMG: 0.000 | ELADMG: 0.000 | Enemies Hit: [1] | Enemies Broken: [] | WB DMG: 0.000 | Energy: 1.354 | Amount HP Healed: 371.779 | Amount HP Lost: 0.000 | HuoHuo Energy: 72/140 | SP: 2 | MaxSP: 5)
ERR    > 88.000 energy added to Saber from SkillEnergy | Saber Energy: 360.000
ULT    > Saber used their ultimate
Saber got 3 Core Resonance from Talent, Current Count: 3
Saber transferred 46.7 overflow energy on Ult entry
    TURN   - SaberUltBig | Saber | DPS | AOE attack | ['WIN'] | ['ULT'] | Scaling: ATK | TargetID: 1 | DMG/BREAK Splits: [2.8, 0]/[40, 0] | Energy Gained: 0 | SP Change: 0

        ----------Char Buffs----------
        ThanklessCoronationCD | CR% | Stacks: 1 | Value: 0.360 | Remaining Turns: 1 | TickDown: DPS, PERM | Target: DPS | Affects: ['ALL']
        ScholarCR | CR% | Stacks: 1 | Value: 0.080 | Remaining Turns: 1 | TickDown: DPS, PERM | Target: DPS | Affects: ['ALL']
        ScholarDMG | DMG% | Stacks: 1 | Value: 0.200 | Remaining Turns: 1 | TickDown: DPS, PERM | Target: DPS | Affects: ['SKL', 'ULT']
        SaberTraceHP | HP% | Stacks: 1 | Value: 0.100 | Remaining Turns: 1 | TickDown: DPS, PERM | Target: DPS | Affects: ['ALL']
        SaberTraceCR | CR% | Stacks: 1 | Value: 0.120 | Remaining Turns: 1 | TickDown: DPS, PERM | Target: DPS | Affects: ['ALL']
        SaberTraceDMG | DMG% | Stacks: 1 | Value: 0.224 | Remaining Turns: 1 | TickDown: DPS, PERM | Target: DPS | Affects: ['ALL']
        SaberTrace1CR | CR% | Stacks: 1 | Value: 0.200 | Remaining Turns: 1 | TickDown: DPS, PERM | Target: DPS | Affects: ['ALL']
        KeelCD(SUP1) | CD% | Stacks: 1 | Value: 0.100 | Remaining Turns: 1 | TickDown: DPS, PERM | Target: DPS | Affects: ['ALL']
        KeelCD(SUS) | CD% | Stacks: 1 | Value: 0.100 | Remaining Turns: 1 | TickDown: DPS, PERM | Target: DPS | Affects: ['ALL']
        CosmicLifeDMG | DMG% | Stacks: 1 | Value: 0.320 | Remaining Turns: 1 | TickDown: DPS, PERM | Target: DPS | Affects: ['ALL']
        Trace3CDExtra | CD% | Stacks: 1 | Value: 0.320 | Remaining Turns: 1 | TickDown: DPS, PERM | Target: DPS | Affects: ['ALL']
        MortenaxBladeDMGBoost | DMG% | Stacks: 1 | Value: 0.500 | Remaining Turns: 1 | TickDown: DPS, PERM | Target: DPS | Affects: ['ALL']
        SundayBeatified | CD% | Stacks: 1 | Value: 0.856 | Remaining Turns: 3 | TickDown: SUP1, START | Target: DPS | Affects: ['ALL']
        WarriorGoddessHealCD | CD% | Stacks: 1 | Value: 0.150 | Remaining Turns: 2 | TickDown: DPS, START | Target: DPS | Affects: ['ALL']
        HuoHuoUltATK | ATK% | Stacks: 1 | Value: 0.400 | Remaining Turns: 1 | TickDown: DPS, END | Target: DPS | Affects: ['ALL']
        HuoHuoUltExtraATK | ATK% | Stacks: 1 | Value: 0.240 | Remaining Turns: 1 | TickDown: DPS, END | Target: DPS | Affects: ['ALL']
        TalentDMG | DMG% | Stacks: 1 | Value: 0.600 | Remaining Turns: 1 | TickDown: DPS, END | Target: DPS | Affects: ['ALL']
        MasterSmithComburent | DMG% | Stacks: 1 | Value: 0.150 | Remaining Turns: 1 | TickDown: DPS, END | Target: DPS | Affects: ['ALL']
        Trace3CD | CD% | Stacks: 1 | Value: 0.500 | Remaining Turns: 2 | TickDown: DPS, END | Target: DPS | Affects: ['ALL']
        BattleIsntOverDMGRole.SUP1 | DMG% | Stacks: 1 | Value: 0.300 | Remaining Turns: 1 | TickDown: DPS, END | Target: DPS | Affects: ['ALL']
        SacerdosCDSUP1 | CD% | Stacks: 2 | Value: 0.360 | Remaining Turns: 2 | TickDown: DPS, END | Target: DPS | Affects: ['ALL']
        SundaySklDMG | DMG% | Stacks: 1 | Value: 0.300 | Remaining Turns: 2 | TickDown: DPS, END | Target: DPS | Affects: ['ALL']
        SundaySklCR | CR% | Stacks: 1 | Value: 0.200 | Remaining Turns: 2 | TickDown: DPS, END | Target: DPS | Affects: ['ALL']
        ThanklessCoronationATK | ATK% | Stacks: 1 | Value: 0.400 | Remaining Turns: 2 | TickDown: DPS, END | Target: DPS | Affects: ['ALL']
        ThanklessCoronationERR | ERR_F | Stacks: 1 | Value: 36.000 | Remaining Turns: 1 | TickDown: DPS, START | Target: DPS | Affects: ['ALL']
        ThanklessCoronationATKExtra | ATK% | Stacks: 1 | Value: 0.400 | Remaining Turns: 2 | TickDown: DPS, END | Target: DPS | Affects: ['ALL']
        ----------End of Buff List----------

        ----------Enemy Debuffs----------
        MortenaxBladeUltVul | From: SUP2 | VULN | Stacks: 1 | Value: 0.500 | Remaining Turns: 2 | Target: 1 | Targeting: ST | Affects: ['ALL'] | DOT: False | Blast: False
        MortenaxBladeUltShred | From: SUP2 | SHRED | Stacks: 1 | Value: 0.300 | Remaining Turns: 2 | Target: 1 | Targeting: ST | Affects: ['ALL'] | DOT: False | Blast: False
        ResoShred(SUP2) | From: SUP2 | SHRED | Stacks: 1 | Value: 0.160 | Remaining Turns: 1 | Target: 1 | Targeting: ST | Affects: ['ALL'] | DOT: False | Blast: False
        ----------End of Debuff List----------
        ----------Healing List----------
        ----------End of Healing List----------
    GAUGE  - Enemy 0 toughness reduced by 40.000
    GAUGE  - Enemy 1 toughness reduced by 40.000
    GAUGE  - Enemy 2 toughness reduced by 40.000
    RESULT - SaberUltBig | Saber | DPS | DMG: 530966.943 | ELADMG: 0.000 | Enemies Hit: [0, 1, 2] | Enemies Broken: [1] | WB DMG: 26277.534 | Energy: 0.000 | Amount HP Healed: 0.000 | Amount HP Lost: 0.000 | Saber Energy: 47/360 | SP: 2 | MaxSP: 5)
MortenaxBlade has obtained 1 Charge. Current Charge count: 8.
    TURN   - SaberUltSmall | Saber | DPS | ST attack | ['WIN'] | ['ULT'] | Scaling: ATK | TargetID: 1 | DMG/BREAK Splits: [11.0, 0]/[20, 0] | Energy Gained: 5 | SP Change: 0

        ----------Char Buffs----------
        ThanklessCoronationCD | CR% | Stacks: 1 | Value: 0.360 | Remaining Turns: 1 | TickDown: DPS, PERM | Target: DPS | Affects: ['ALL']
        ScholarCR | CR% | Stacks: 1 | Value: 0.080 | Remaining Turns: 1 | TickDown: DPS, PERM | Target: DPS | Affects: ['ALL']
        ScholarDMG | DMG% | Stacks: 1 | Value: 0.200 | Remaining Turns: 1 | TickDown: DPS, PERM | Target: DPS | Affects: ['SKL', 'ULT']
        SaberTraceHP | HP% | Stacks: 1 | Value: 0.100 | Remaining Turns: 1 | TickDown: DPS, PERM | Target: DPS | Affects: ['ALL']
        SaberTraceCR | CR% | Stacks: 1 | Value: 0.120 | Remaining Turns: 1 | TickDown: DPS, PERM | Target: DPS | Affects: ['ALL']
        SaberTraceDMG | DMG% | Stacks: 1 | Value: 0.224 | Remaining Turns: 1 | TickDown: DPS, PERM | Target: DPS | Affects: ['ALL']
        SaberTrace1CR | CR% | Stacks: 1 | Value: 0.200 | Remaining Turns: 1 | TickDown: DPS, PERM | Target: DPS | Affects: ['ALL']
        KeelCD(SUP1) | CD% | Stacks: 1 | Value: 0.100 | Remaining Turns: 1 | TickDown: DPS, PERM | Target: DPS | Affects: ['ALL']
        KeelCD(SUS) | CD% | Stacks: 1 | Value: 0.100 | Remaining Turns: 1 | TickDown: DPS, PERM | Target: DPS | Affects: ['ALL']
        CosmicLifeDMG | DMG% | Stacks: 1 | Value: 0.320 | Remaining Turns: 1 | TickDown: DPS, PERM | Target: DPS | Affects: ['ALL']
        Trace3CDExtra | CD% | Stacks: 1 | Value: 0.320 | Remaining Turns: 1 | TickDown: DPS, PERM | Target: DPS | Affects: ['ALL']
        MortenaxBladeDMGBoost | DMG% | Stacks: 1 | Value: 0.500 | Remaining Turns: 1 | TickDown: DPS, PERM | Target: DPS | Affects: ['ALL']
        SundayBeatified | CD% | Stacks: 1 | Value: 0.856 | Remaining Turns: 3 | TickDown: SUP1, START | Target: DPS | Affects: ['ALL']
        WarriorGoddessHealCD | CD% | Stacks: 1 | Value: 0.150 | Remaining Turns: 2 | TickDown: DPS, START | Target: DPS | Affects: ['ALL']
        HuoHuoUltATK | ATK% | Stacks: 1 | Value: 0.400 | Remaining Turns: 1 | TickDown: DPS, END | Target: DPS | Affects: ['ALL']
        HuoHuoUltExtraATK | ATK% | Stacks: 1 | Value: 0.240 | Remaining Turns: 1 | TickDown: DPS, END | Target: DPS | Affects: ['ALL']
        TalentDMG | DMG% | Stacks: 1 | Value: 0.600 | Remaining Turns: 1 | TickDown: DPS, END | Target: DPS | Affects: ['ALL']
        MasterSmithComburent | DMG% | Stacks: 1 | Value: 0.150 | Remaining Turns: 1 | TickDown: DPS, END | Target: DPS | Affects: ['ALL']
        Trace3CD | CD% | Stacks: 1 | Value: 0.500 | Remaining Turns: 2 | TickDown: DPS, END | Target: DPS | Affects: ['ALL']
        BattleIsntOverDMGRole.SUP1 | DMG% | Stacks: 1 | Value: 0.300 | Remaining Turns: 1 | TickDown: DPS, END | Target: DPS | Affects: ['ALL']
        SacerdosCDSUP1 | CD% | Stacks: 2 | Value: 0.360 | Remaining Turns: 2 | TickDown: DPS, END | Target: DPS | Affects: ['ALL']
        SundaySklDMG | DMG% | Stacks: 1 | Value: 0.300 | Remaining Turns: 2 | TickDown: DPS, END | Target: DPS | Affects: ['ALL']
        SundaySklCR | CR% | Stacks: 1 | Value: 0.200 | Remaining Turns: 2 | TickDown: DPS, END | Target: DPS | Affects: ['ALL']
        ThanklessCoronationATK | ATK% | Stacks: 1 | Value: 0.400 | Remaining Turns: 2 | TickDown: DPS, END | Target: DPS | Affects: ['ALL']
        ThanklessCoronationERR | ERR_F | Stacks: 1 | Value: 36.000 | Remaining Turns: 1 | TickDown: DPS, START | Target: DPS | Affects: ['ALL']
        ThanklessCoronationATKExtra | ATK% | Stacks: 1 | Value: 0.400 | Remaining Turns: 2 | TickDown: DPS, END | Target: DPS | Affects: ['ALL']
        ----------End of Buff List----------

        ----------Enemy Debuffs----------
        MortenaxBladeUltVul | From: SUP2 | VULN | Stacks: 1 | Value: 0.500 | Remaining Turns: 2 | Target: 1 | Targeting: ST | Affects: ['ALL'] | DOT: False | Blast: False
        MortenaxBladeUltShred | From: SUP2 | SHRED | Stacks: 1 | Value: 0.300 | Remaining Turns: 2 | Target: 1 | Targeting: ST | Affects: ['ALL'] | DOT: False | Blast: False
        ResoShred(SUP2) | From: SUP2 | SHRED | Stacks: 1 | Value: 0.160 | Remaining Turns: 1 | Target: 1 | Targeting: ST | Affects: ['ALL'] | DOT: False | Blast: False
        Enemy 1 WIN-break | From: DPS | WINDSHEAR | Stacks: 1 | Value: 12621.002 | Remaining Turns: 2 | Target: 1 | Targeting: ST | Affects: ['ALL'] | DOT: True | Blast: False
        ----------End of Debuff List----------
        ----------Healing List----------
        HuoHuoTalentHealingScaling | Targeting: Targeting.SINGLE | Healing Value: [0] | Target: ALL
        HuoHuoTalentHealingScaling | Targeting: Targeting.SINGLE | Healing Value: [0.045] | Target: ALL
        HuoHuoTalentHealingScaling | Targeting: Targeting.SINGLE | Healing Value: [0] | Target: ALL
        HuoHuoTalentHealingScaling | Targeting: Targeting.SINGLE | Healing Value: [0] | Target: ALL
        HuoHuoTalentHealingFlat | Targeting: Targeting.SINGLE | Healing Value: [0] | Target: ALL
        HuoHuoTalentHealingFlat | Targeting: Targeting.SINGLE | Healing Value: [120] | Target: ALL
        HuoHuoTalentHealingFlat | Targeting: Targeting.SINGLE | Healing Value: [0] | Target: ALL
        HuoHuoTalentHealingFlat | Targeting: Targeting.SINGLE | Healing Value: [0] | Target: ALL
        ----------End of Healing List----------
    KILL   - Saber killed Enemy 1 (overkill: 327066.4)
    SPAWN  - Enemy 1 respawned at full HP, AV set to 0
    GAUGE  - Enemy 1 toughness reduced by 20.000
    RESULT - SaberUltSmall | Saber | DPS | DMG: 772570.949 | ELADMG: 0.000 | Enemies Hit: [1] | Enemies Broken: [] | WB DMG: 0.000 | Energy: 5.000 | Amount HP Healed: 438.089 | Amount HP Lost: 0.000 | Saber Energy: 52/360 | SP: 2 | MaxSP: 5)
    TURN   - HuoHuoAllyERR | HuoHuo | SUS | NA attack | ['WIN'] | ['SPECIAL'] | Scaling: HP | TargetID: 1 | DMG/BREAK Splits: [0, 0]/[0, 0] | Energy Gained: 1 | SP Change: 0

        ----------Char Buffs----------
        KeelCD(SUP1) | CD% | Stacks: 1 | Value: 0.100 | Remaining Turns: 1 | TickDown: SUS, PERM | Target: SUS | Affects: ['ALL']
        PostOpERR | ERR% | Stacks: 1 | Value: 0.160 | Remaining Turns: 1 | TickDown: SUS, PERM | Target: SUS | Affects: ['ALL']
        WarriorGoddessSPD | SPD% | Stacks: 1 | Value: 0.060 | Remaining Turns: 1 | TickDown: SUS, PERM | Target: SUS | Affects: ['ALL']
        KeelEFFRES | ERS% | Stacks: 1 | Value: 0.100 | Remaining Turns: 1 | TickDown: SUS, PERM | Target: SUS | Affects: ['ALL']
        KeelCD(SUS) | CD% | Stacks: 1 | Value: 0.100 | Remaining Turns: 1 | TickDown: SUS, PERM | Target: SUS | Affects: ['ALL']
        HHTraceHP | HP% | Stacks: 1 | Value: 0.280 | Remaining Turns: 1 | TickDown: SUS, PERM | Target: SUS | Affects: ['ALL']
        HHTraceERS | ERS% | Stacks: 1 | Value: 0.180 | Remaining Turns: 1 | TickDown: SUS, PERM | Target: SUS | Affects: ['ALL']
        HHTraceSPD | SPD | Stacks: 1 | Value: 5.000 | Remaining Turns: 1 | TickDown: SUS, PERM | Target: SUS | Affects: ['ALL']
        MasterSmithComburent | DMG% | Stacks: 1 | Value: 0.150 | Remaining Turns: 1 | TickDown: SUS, END | Target: SUS | Affects: ['ALL']
        MortenaxBladeDMGBoost | DMG% | Stacks: 1 | Value: 0.500 | Remaining Turns: 1 | TickDown: SUS, PERM | Target: SUS | Affects: ['ALL']
        WarriorGoddessHealSPD | SPD% | Stacks: 1 | Value: 0.060 | Remaining Turns: 2 | TickDown: SUS, START | Target: SUS | Affects: ['ALL']
        WarriorGoddessHealCD | CD% | Stacks: 1 | Value: 0.150 | Remaining Turns: 2 | TickDown: SUS, START | Target: SUS | Affects: ['ALL']
        ----------End of Buff List----------

        ----------Enemy Debuffs----------
        MortenaxBladeUltVul | From: SUP2 | VULN | Stacks: 1 | Value: 0.500 | Remaining Turns: 2 | Target: 1 | Targeting: ST | Affects: ['ALL'] | DOT: False | Blast: False
        MortenaxBladeUltShred | From: SUP2 | SHRED | Stacks: 1 | Value: 0.300 | Remaining Turns: 2 | Target: 1 | Targeting: ST | Affects: ['ALL'] | DOT: False | Blast: False
        ResoShred(SUP2) | From: SUP2 | SHRED | Stacks: 1 | Value: 0.160 | Remaining Turns: 1 | Target: 1 | Targeting: ST | Affects: ['ALL'] | DOT: False | Blast: False
        Enemy 1 WIN-break | From: DPS | WINDSHEAR | Stacks: 1 | Value: 12621.002 | Remaining Turns: 2 | Target: 1 | Targeting: ST | Affects: ['ALL'] | DOT: True | Blast: False
        ----------End of Debuff List----------
        ----------Healing List----------
        ----------End of Healing List----------
    GAUGE  - Enemy 1 toughness reduced by 0.000
    RESULT - HuoHuoAllyERR | HuoHuo | SUS | DMG: 0.000 | ELADMG: 0.000 | Enemies Hit: [1] | Enemies Broken: [] | WB DMG: 0.000 | Energy: 1.354 | Amount HP Healed: 0.000 | Amount HP Lost: 0.000 | HuoHuo Energy: 74/140 | SP: 2 | MaxSP: 5)
ERR    > 36.000 energy added to Saber from ThanklessCoronationERR | Saber Energy: 87.667
        Buff HuoHuoUltATK expired
        Buff HuoHuoUltExtraATK expired
        Buff TalentDMG expired
        Buff MasterSmithComburent expired
        Buff BattleIsntOverDMGRole.SUP1 expired
AV     > Saber AV reset to 71.514 | 139.832 SPD
DELAY  > Enemy 1 delayed by 25.0% from STDBreakDelay | NewAV: 37.663

==========COMBAT SIMULATION ENDED==========

==========SIMULATION RESULTS==========
TOTAL TEAM DMG: 9456794.927 | AV: 550
TEAM DPAV: 17194.173
TOTAL TEAM HPGAIN: 31056.612 | TOTAL TEAM HPLOSS 0.000
TOTAL SHIELD GRANTED: 0.000 | TOTAL SHIELD ABSORBED: 0.000
  Saber Current Shield HP: 0.0
  Sunday Current Shield HP: 0.0
  MortenaxBlade Current Shield HP: 0.0
  HuoHuo Current Shield HP: 0.0
DEBUFF DMG: 105110.135 | CHAR DMG: 9202778.767 | WB DMG: 148906.025 |ELATION DMG: 0.000
SP GAINED: 20 | SP USED: 16 | Enemy Attacks: 19
FINITE HP MODE: ON | Total Overkill DMG: 327066.4
  Enemy 0 (ELITE) | Overkill: 0.0 | HP: 62144/2000000
  Enemy 1 (BOSS) | Overkill: 327066.4 | HP: 5000000/5000000
  Enemy 2 (ELITE) | Overkill: 0.0 | HP: 62144/2000000

Saber DPAV: 15134.847, 88.023%
Sunday DPAV: 0.000, 0.000%
MortenaxBlade DPAV: 1824.245, 10.610%
HuoHuo DPAV: 43.972, 0.256%

Saber > Total DMG: 8324165.648 | Basics: 4 | Skills: 10 | Ults: 5 | FuAs: 0 | MemoAttacks: 0 | ElationSkills: 0 | JointAttacks: 0 | Leftover AV: 71.514 | Excess Energy: 87.667
-BSC: 915635.574 | 11.000%
-SKL: 2131221.998 | 25.603%
-ULT: 5128402.051 | 61.609%
-BRK: 148906.025 | 1.789%
-FUA: 0.000 | 0.000%

Sunday > Total DMG: 0.000 | Basics: 0 | Skills: 7 | Ults: 4 | FuAs: 0 | MemoAttacks: 0 | ElationSkills: 0 | JointAttacks: 0 | Leftover AV: 73.534 | Excess Energy: 6.472
-BSC: 0.000 | 0.000%
-BRK: 0.000 | 0.000%

MortenaxBlade > Total DMG: 1003334.759 | Basics: 3 | Skills: 5 | Ults: 5 | FuAs: 6 | MemoAttacks: 0 | ElationSkills: 0 | JointAttacks: 0 | Leftover AV: 39.988 | Excess Energy: 139.847
-BSC: 8400.996 | 0.837%
-SKL: 279455.182 | 27.853%
-ULT: 372420.597 | 37.118%
-BRK: 0.000 | 0.000%
-FUA: 343057.984 | 34.192%

HuoHuo > Total DMG: 24184.385 | Basics: 5 | Skills: 3 | Ults: 3 | FuAs: 0 | MemoAttacks: 0 | ElationSkills: 0 | JointAttacks: 0 | Leftover AV: 52.197 | Excess Energy: 73.589
-BSC: 24184.385 | 100.000%
-BRK: 0.000 | 0.000%

