Combat context set: 3 enemies, 4 players
Enemy Team:
Enemy 0 | LVL: 95 | SPD: 130 | Weakness: ['WIND'] | Toughness: 100
Enemy 1 | LVL: 95 | SPD: 158.4 | Weakness: ['WIND'] | Toughness: 160
Enemy 2 | LVL: 95 | SPD: 130 | Weakness: ['WIND'] | Toughness: 100

Player Team:
Saber E0 | WIND-DESTRUCTION | DPS | POS:0
A Thankless Coronation S1
Scholar lost in Erudition (4-pc)
Cosmic Life Sciences Institute

Gilgamesh E0 | LIGHTNING-DESTRUCTION | SUP1 | POS:1
On the Fall of an Aeon S5
Scholar lost in Erudition (4-pc)
Cosmic Life Sciences Institute

Welt E0 | IMAGINARY-NIHILITY | SUP2 | POS:2
Resolution Shines as Pearls of Sweat S5
Divine-Querying Master Smith (4-pc)
Lushaka, the Sunken Seas

HuoHuo E0 | WIND-ABUNDANCE | SUS | POS:3
Post-Op Conversation S5
Warrior Goddess of Sun and Thunder (4-pc)
Broken Keel

    PUNCH  > SharedPunchline: 0.0 -> 0.0

Initial AV Adjustments

Initial Enemy Delays
DELAY  > Enemy 0 delayed by 20.0% from WeltTechDelay | NewAV: 90.909
DELAY  > Enemy 1 delayed by 20.0% from WeltTechDelay | NewAV: 74.610
DELAY  > Enemy 2 delayed by 20.0% from WeltTechDelay | NewAV: 90.909

==========COMBAT SIMULATION STARTED==========

<<< NEW TURN >>>
-   Welt AV: 0.000 ENERGY: 60.000 MaxHP: 3270.753 CurrHp 3270.753 ShieldHP: 0.000
-   HuoHuo AV: 0.008 ENERGY: 70.000 MaxHP: 6139.808 CurrHp 6139.808 ShieldHP: 0.000
-   Gilgamesh AV: 7.725 ENERGY: 180.000 MaxHP: 3134.558 CurrHp 3134.558 ShieldHP: 0.000
-   Enemy 1 AV: 9.940 ENERGY: 0.000 MaxHP: 5000000.000 CurrHp 5000000.000 ShieldHP: 0.000
-   Saber AV: 11.881 ENERGY: 216.000 MaxHP: 3366.991 CurrHp 3366.991 ShieldHP: 0.000
-   Enemy 0 AV: 26.239 ENERGY: 0.000 MaxHP: 2000000.000 CurrHp 2000000.000 ShieldHP: 0.000
-   Enemy 2 AV: 26.239 ENERGY: 0.000 MaxHP: 2000000.000 CurrHp 2000000.000 ShieldHP: 0.000

Combat context set: 3 enemies, 4 players
Combat context initialized: 3 enemies, Elation team size: 0
Saber got 2 Core Resonance from Technique, Current Count: 3
Gilgamesh Obtained 3 Interest from Technique, Current count: 3
Gilgamesh JointCounter increased by one, current count: 1
    TURN   - GilgameshTechnique | Gilgamesh | SUP1 | AOE attack | ['LNG'] | ['SPECIAL'] | Scaling: ATK | TargetID: 1 | DMG/BREAK Splits: [2.0, 0]/[0, 0] | Energy Gained: 0 | SP Change: 0

        ----------Char Buffs----------
        ScholarCR | CR% | Stacks: 1 | Value: 0.080 | Remaining Turns: 1 | TickDown: SUP1, PERM | Target: SUP1 | Affects: ['ALL']
        GilgameshTraceATK | ATK | Stacks: 1 | Value: 0.180 | Remaining Turns: 1 | TickDown: SUP1, PERM | Target: SUP1 | Affects: ['ALL']
        GilgameshTraceCR | CR% | Stacks: 1 | Value: 0.187 | Remaining Turns: 1 | TickDown: SUP1, PERM | Target: SUP1 | Affects: ['ALL']
        GilgameshTraceDMG | DMG% | Stacks: 1 | Value: 0.080 | Remaining Turns: 1 | TickDown: SUP1, PERM | Target: SUP1 | Affects: ['ALL']
        GilgameshTrace3ATK | ATK% | Stacks: 1 | Value: 0.200 | Remaining Turns: 1 | TickDown: SUP1, PERM | Target: SUP1 | Affects: ['ALL']
        GilgameshTrace3CD | CD% | Stacks: 1 | Value: 0.200 | Remaining Turns: 1 | TickDown: SUP1, PERM | Target: SUP1 | Affects: ['ALL']
        GilgameshTrace3SelfATK | ATK% | Stacks: 1 | Value: 1.000 | Remaining Turns: 1 | TickDown: SUP1, PERM | Target: SUP1 | Affects: ['ALL']
        GilgameshTrace3SelfCD | CD% | Stacks: 1 | Value: 1.000 | Remaining Turns: 1 | TickDown: SUP1, PERM | Target: SUP1 | Affects: ['ALL']
        KeelCD(SUS) | CD% | Stacks: 1 | Value: 0.100 | Remaining Turns: 1 | TickDown: SUP1, PERM | Target: SUP1 | Affects: ['ALL']
        CosmicLifeDMG | DMG% | Stacks: 1 | Value: 0.320 | Remaining Turns: 1 | TickDown: SUP1, PERM | Target: SUP1 | Affects: ['ALL']
        Trace2CDExtra | CD% | Stacks: 1 | Value: 0.750 | Remaining Turns: 1 | TickDown: SUP1, PERM | Target: SUP1 | Affects: ['ALL']
        GilgameshInterestSPD | SPD% | Stacks: 1 | Value: 0.300 | Remaining Turns: 1 | TickDown: SUP2, PERM | Target: SUP1 | Affects: ['ALL']
        ----------End of Buff List----------
        ----------Enemy Debuffs----------
        WeltTechSPD | From: SUP2 | SPD% | Stacks: 1 | Value: -0.100 | Remaining Turns: 1 | Target: 1 | Targeting: ST | Affects: ['ALL'] | DOT: False | Blast: False
        HuohuoTechniqueDebuff | From: SUS | ATK_REDUCTION | Stacks: 1 | Value: 0.250 | Remaining Turns: 2 | Target: 1 | Targeting: ST | Affects: ['SPECIAL'] | DOT: False | Blast: False
        ----------End of Debuff List----------
        ----------Healing List----------
        ----------End of Healing List----------
        ----------Shields List----------
        ----------End of Shields List----------
    GAUGE  - Enemy 0 toughness reduced by 0.000
    GAUGE  - Enemy 1 toughness reduced by 0.000
    GAUGE  - Enemy 2 toughness reduced by 0.000
    RESULT - GilgameshTechnique | Gilgamesh | SUP1 | DMG: 55084.226 | ELADMG: 0.000 | Enemies Hit: [0, 1, 2] | Enemies Broken: [] | WB DMG: 0.000 | Energy: 0.000 | Amount HP Healed: 0.000 | Amount HP Lost: 0.000 | Gilgamesh Energy: 180/360 | SP: 3 | MaxSP: 5)
[WeltAllyBuff] allyTurn() invoked for attacker=Role.SUP1, move=GilgameshTechnique
[WeltAllyBuff] allyTurn check: attacker=Role.SUP1, turnName=GilgameshTechnique, dmg=55084.22590481464, elationDmg=0, enemiesHit=[0, 1, 2], weightlessTurns={}
[WeltAllyBuff] skipped: none of enemiesHit are in weightlessTurns
ERR    > 37.332 energy added to Welt from WeltTalent1 | Welt Energy: 97.332
ERR    > 40.632 energy added to HuoHuo from HHTraceERR | HuoHuo Energy: 110.632
ACTION > [CHAR] TotalAV: 64.670 | TurnAV: 64.670 | Welt | E-move
    TURN   - WeltSkill | Welt | SUP2 | ST attack | ['IMG'] | ['SKL'] | Scaling: ATK | TargetID: 1 | DMG/BREAK Splits: [0.72, 0]/[10, 0] | Energy Gained: 6 | SP Change: -1

        ----------Char Buffs----------
        GilgameshTrace3ATK | ATK% | Stacks: 1 | Value: 0.200 | Remaining Turns: 1 | TickDown: SUP2, PERM | Target: SUP2 | Affects: ['ALL']
        GilgameshTrace3CD | CD% | Stacks: 1 | Value: 0.200 | Remaining Turns: 1 | TickDown: SUP2, PERM | Target: SUP2 | Affects: ['ALL']
        MasterSmithHP | HP% | Stacks: 1 | Value: 0.120 | Remaining Turns: 1 | TickDown: SUP2, PERM | Target: SUP2 | Affects: ['ALL']
        LushakaERR | ERR% | Stacks: 1 | Value: 0.050 | Remaining Turns: 1 | TickDown: SUP2, PERM | Target: SUP2 | Affects: ['ALL']
        WeltTraceERS | ERS% | Stacks: 1 | Value: 0.100 | Remaining Turns: 1 | TickDown: SUP2, PERM | Target: SUP2 | Affects: ['ALL']
        WeltTraceEHR | EHR% | Stacks: 1 | Value: 0.280 | Remaining Turns: 1 | TickDown: SUP2, PERM | Target: SUP2 | Affects: ['ALL']
        WeltTraceDMG | DMG% | Stacks: 1 | Value: 0.144 | Remaining Turns: 1 | TickDown: SUP2, PERM | Target: SUP2 | Affects: ['ALL']
        KeelCD(SUS) | CD% | Stacks: 1 | Value: 0.100 | Remaining Turns: 1 | TickDown: SUP2, PERM | Target: SUP2 | Affects: ['ALL']
        WeltTalent3ATK | ATK% | Stacks: 1 | Value: 0.800 | Remaining Turns: 1 | TickDown: SUP2, PERM | Target: SUP2 | Affects: ['ALL']
        ----------End of Buff List----------
        ----------Enemy Debuffs----------
        WeltTechSPD | From: SUP2 | SPD% | Stacks: 1 | Value: -0.100 | Remaining Turns: 1 | Target: 1 | Targeting: ST | Affects: ['ALL'] | DOT: False | Blast: False
        HuohuoTechniqueDebuff | From: SUS | ATK_REDUCTION | Stacks: 1 | Value: 0.250 | Remaining Turns: 2 | Target: 1 | Targeting: ST | Affects: ['SPECIAL'] | DOT: False | Blast: False
        ResoShred(SUP2) | From: SUP2 | SHRED | Stacks: 1 | Value: 0.160 | Remaining Turns: 1 | Target: 1 | Targeting: ST | Affects: ['ALL'] | DOT: False | Blast: False
        WeltSpdDebuff | From: SUP2 | SPD% | Stacks: 1 | Value: -0.100 | Remaining Turns: 2 | Target: 1 | Targeting: ST | Affects: ['ALL'] | DOT: False | Blast: False
        ----------End of Debuff List----------
        ----------Healing List----------
        ----------End of Healing List----------
        ----------Shields List----------
        ----------End of Shields List----------
    GAUGE  - Enemy 1 toughness reduced by 0.000
    RESULT - WeltSkill | Welt | SUP2 | DMG: 1417.159 | ELADMG: 0.000 | Enemies Hit: [1] | Enemies Broken: [] | WB DMG: 0.000 | Energy: 7.466 | Amount HP Healed: 0.000 | Amount HP Lost: 0.000 | Welt Energy: 105/120 | SP: 2 | MaxSP: 5)
Gilgamesh Obtained 1 Interest from Teammate, Current count: 4
    TURN   - WeltSkillExtra | Welt | SUP2 | ST attack | ['IMG'] | ['SKL'] | Scaling: ATK | TargetID: 1 | DMG/BREAK Splits: [0.72, 0]/[10, 0] | Energy Gained: 6 | SP Change: 0

        ----------Char Buffs----------
        GilgameshTrace3ATK | ATK% | Stacks: 1 | Value: 0.200 | Remaining Turns: 1 | TickDown: SUP2, PERM | Target: SUP2 | Affects: ['ALL']
        GilgameshTrace3CD | CD% | Stacks: 1 | Value: 0.200 | Remaining Turns: 1 | TickDown: SUP2, PERM | Target: SUP2 | Affects: ['ALL']
        MasterSmithHP | HP% | Stacks: 1 | Value: 0.120 | Remaining Turns: 1 | TickDown: SUP2, PERM | Target: SUP2 | Affects: ['ALL']
        LushakaERR | ERR% | Stacks: 1 | Value: 0.050 | Remaining Turns: 1 | TickDown: SUP2, PERM | Target: SUP2 | Affects: ['ALL']
        WeltTraceERS | ERS% | Stacks: 1 | Value: 0.100 | Remaining Turns: 1 | TickDown: SUP2, PERM | Target: SUP2 | Affects: ['ALL']
        WeltTraceEHR | EHR% | Stacks: 1 | Value: 0.280 | Remaining Turns: 1 | TickDown: SUP2, PERM | Target: SUP2 | Affects: ['ALL']
        WeltTraceDMG | DMG% | Stacks: 1 | Value: 0.144 | Remaining Turns: 1 | TickDown: SUP2, PERM | Target: SUP2 | Affects: ['ALL']
        KeelCD(SUS) | CD% | Stacks: 1 | Value: 0.100 | Remaining Turns: 1 | TickDown: SUP2, PERM | Target: SUP2 | Affects: ['ALL']
        WeltTalent3ATK | ATK% | Stacks: 1 | Value: 0.800 | Remaining Turns: 1 | TickDown: SUP2, PERM | Target: SUP2 | Affects: ['ALL']
        ----------End of Buff List----------
        ----------Enemy Debuffs----------
        WeltTechSPD | From: SUP2 | SPD% | Stacks: 1 | Value: -0.100 | Remaining Turns: 1 | Target: 1 | Targeting: ST | Affects: ['ALL'] | DOT: False | Blast: False
        HuohuoTechniqueDebuff | From: SUS | ATK_REDUCTION | Stacks: 1 | Value: 0.250 | Remaining Turns: 2 | Target: 1 | Targeting: ST | Affects: ['SPECIAL'] | DOT: False | Blast: False
        ResoShred(SUP2) | From: SUP2 | SHRED | Stacks: 1 | Value: 0.160 | Remaining Turns: 1 | Target: 1 | Targeting: ST | Affects: ['ALL'] | DOT: False | Blast: False
        WeltSpdDebuff | From: SUP2 | SPD% | Stacks: 1 | Value: -0.100 | Remaining Turns: 2 | Target: 1 | Targeting: ST | Affects: ['ALL'] | DOT: False | Blast: False
        ----------End of Debuff List----------
        ----------Healing List----------
        HuoHuoTalentHealingScaling | Targeting: Targeting.SINGLE | Healing Value: [0] | Target: ALL
        HuoHuoTalentHealingScaling | Targeting: Targeting.SINGLE | Healing Value: [0.045] | Target: ALL
        HuoHuoTalentHealingScaling | Targeting: Targeting.SINGLE | Healing Value: [0] | Target: ALL
        HuoHuoTalentHealingScaling | Targeting: Targeting.SINGLE | Healing Value: [0] | Target: ALL
        HuoHuoTalentHealingFlat | Targeting: Targeting.SINGLE | Healing Value: [0] | Target: ALL
        HuoHuoTalentHealingFlat | Targeting: Targeting.SINGLE | Healing Value: [120] | Target: ALL
        HuoHuoTalentHealingFlat | Targeting: Targeting.SINGLE | Healing Value: [0] | Target: ALL
        HuoHuoTalentHealingFlat | Targeting: Targeting.SINGLE | Healing Value: [0] | Target: ALL
        ----------End of Healing List----------
        ----------Shields List----------
        ----------End of Shields List----------
    GAUGE  - Enemy 1 toughness reduced by 0.000
    RESULT - WeltSkillExtra | Welt | SUP2 | DMG: 1417.159 | ELADMG: 0.000 | Enemies Hit: [1] | Enemies Broken: [] | WB DMG: 0.000 | Energy: 7.466 | Amount HP Healed: 371.779 | Amount HP Lost: 0.000 | Welt Energy: 112/120 | SP: 2 | MaxSP: 5)
    TURN   - WeltSkillExtra | Welt | SUP2 | ST attack | ['IMG'] | ['SKL'] | Scaling: ATK | TargetID: 1 | DMG/BREAK Splits: [0.72, 0]/[10, 0] | Energy Gained: 6 | SP Change: 0

        ----------Char Buffs----------
        GilgameshTrace3ATK | ATK% | Stacks: 1 | Value: 0.200 | Remaining Turns: 1 | TickDown: SUP2, PERM | Target: SUP2 | Affects: ['ALL']
        GilgameshTrace3CD | CD% | Stacks: 1 | Value: 0.200 | Remaining Turns: 1 | TickDown: SUP2, PERM | Target: SUP2 | Affects: ['ALL']
        MasterSmithHP | HP% | Stacks: 1 | Value: 0.120 | Remaining Turns: 1 | TickDown: SUP2, PERM | Target: SUP2 | Affects: ['ALL']
        LushakaERR | ERR% | Stacks: 1 | Value: 0.050 | Remaining Turns: 1 | TickDown: SUP2, PERM | Target: SUP2 | Affects: ['ALL']
        WeltTraceERS | ERS% | Stacks: 1 | Value: 0.100 | Remaining Turns: 1 | TickDown: SUP2, PERM | Target: SUP2 | Affects: ['ALL']
        WeltTraceEHR | EHR% | Stacks: 1 | Value: 0.280 | Remaining Turns: 1 | TickDown: SUP2, PERM | Target: SUP2 | Affects: ['ALL']
        WeltTraceDMG | DMG% | Stacks: 1 | Value: 0.144 | Remaining Turns: 1 | TickDown: SUP2, PERM | Target: SUP2 | Affects: ['ALL']
        KeelCD(SUS) | CD% | Stacks: 1 | Value: 0.100 | Remaining Turns: 1 | TickDown: SUP2, PERM | Target: SUP2 | Affects: ['ALL']
        WeltTalent3ATK | ATK% | Stacks: 1 | Value: 0.800 | Remaining Turns: 1 | TickDown: SUP2, PERM | Target: SUP2 | Affects: ['ALL']
        ----------End of Buff List----------
        ----------Enemy Debuffs----------
        WeltTechSPD | From: SUP2 | SPD% | Stacks: 1 | Value: -0.100 | Remaining Turns: 1 | Target: 1 | Targeting: ST | Affects: ['ALL'] | DOT: False | Blast: False
        HuohuoTechniqueDebuff | From: SUS | ATK_REDUCTION | Stacks: 1 | Value: 0.250 | Remaining Turns: 2 | Target: 1 | Targeting: ST | Affects: ['SPECIAL'] | DOT: False | Blast: False
        ResoShred(SUP2) | From: SUP2 | SHRED | Stacks: 1 | Value: 0.160 | Remaining Turns: 1 | Target: 1 | Targeting: ST | Affects: ['ALL'] | DOT: False | Blast: False
        WeltSpdDebuff | From: SUP2 | SPD% | Stacks: 1 | Value: -0.100 | Remaining Turns: 2 | Target: 1 | Targeting: ST | Affects: ['ALL'] | DOT: False | Blast: False
        ----------End of Debuff List----------
        ----------Healing List----------
        ----------End of Healing List----------
        ----------Shields List----------
        ----------End of Shields List----------
    GAUGE  - Enemy 1 toughness reduced by 0.000
    RESULT - WeltSkillExtra | Welt | SUP2 | DMG: 1417.159 | ELADMG: 0.000 | Enemies Hit: [1] | Enemies Broken: [] | WB DMG: 0.000 | Energy: 7.466 | Amount HP Healed: 0.000 | Amount HP Lost: 0.000 | Welt Energy: 120/120 | SP: 2 | MaxSP: 5)
    TURN   - WeltSkillExtra | Welt | SUP2 | ST attack | ['IMG'] | ['SKL'] | Scaling: ATK | TargetID: 1 | DMG/BREAK Splits: [0.72, 0]/[10, 0] | Energy Gained: 6 | SP Change: 0

        ----------Char Buffs----------
        GilgameshTrace3ATK | ATK% | Stacks: 1 | Value: 0.200 | Remaining Turns: 1 | TickDown: SUP2, PERM | Target: SUP2 | Affects: ['ALL']
        GilgameshTrace3CD | CD% | Stacks: 1 | Value: 0.200 | Remaining Turns: 1 | TickDown: SUP2, PERM | Target: SUP2 | Affects: ['ALL']
        MasterSmithHP | HP% | Stacks: 1 | Value: 0.120 | Remaining Turns: 1 | TickDown: SUP2, PERM | Target: SUP2 | Affects: ['ALL']
        LushakaERR | ERR% | Stacks: 1 | Value: 0.050 | Remaining Turns: 1 | TickDown: SUP2, PERM | Target: SUP2 | Affects: ['ALL']
        WeltTraceERS | ERS% | Stacks: 1 | Value: 0.100 | Remaining Turns: 1 | TickDown: SUP2, PERM | Target: SUP2 | Affects: ['ALL']
        WeltTraceEHR | EHR% | Stacks: 1 | Value: 0.280 | Remaining Turns: 1 | TickDown: SUP2, PERM | Target: SUP2 | Affects: ['ALL']
        WeltTraceDMG | DMG% | Stacks: 1 | Value: 0.144 | Remaining Turns: 1 | TickDown: SUP2, PERM | Target: SUP2 | Affects: ['ALL']
        KeelCD(SUS) | CD% | Stacks: 1 | Value: 0.100 | Remaining Turns: 1 | TickDown: SUP2, PERM | Target: SUP2 | Affects: ['ALL']
        WeltTalent3ATK | ATK% | Stacks: 1 | Value: 0.800 | Remaining Turns: 1 | TickDown: SUP2, PERM | Target: SUP2 | Affects: ['ALL']
        ----------End of Buff List----------
        ----------Enemy Debuffs----------
        WeltTechSPD | From: SUP2 | SPD% | Stacks: 1 | Value: -0.100 | Remaining Turns: 1 | Target: 1 | Targeting: ST | Affects: ['ALL'] | DOT: False | Blast: False
        HuohuoTechniqueDebuff | From: SUS | ATK_REDUCTION | Stacks: 1 | Value: 0.250 | Remaining Turns: 2 | Target: 1 | Targeting: ST | Affects: ['SPECIAL'] | DOT: False | Blast: False
        ResoShred(SUP2) | From: SUP2 | SHRED | Stacks: 1 | Value: 0.160 | Remaining Turns: 1 | Target: 1 | Targeting: ST | Affects: ['ALL'] | DOT: False | Blast: False
        WeltSpdDebuff | From: SUP2 | SPD% | Stacks: 1 | Value: -0.100 | Remaining Turns: 2 | Target: 1 | Targeting: ST | Affects: ['ALL'] | DOT: False | Blast: False
        ----------End of Debuff List----------
        ----------Healing List----------
        ----------End of Healing List----------
        ----------Shields List----------
        ----------End of Shields List----------
    GAUGE  - Enemy 1 toughness reduced by 0.000
    RESULT - WeltSkillExtra | Welt | SUP2 | DMG: 1417.159 | ELADMG: 0.000 | Enemies Hit: [1] | Enemies Broken: [] | WB DMG: 0.000 | Energy: 7.466 | Amount HP Healed: 0.000 | Amount HP Lost: 0.000 | Welt Energy: 120/120 | SP: 2 | MaxSP: 5)
    TURN   - WeltSkillExtra | Welt | SUP2 | ST attack | ['IMG'] | ['SKL'] | Scaling: ATK | TargetID: 1 | DMG/BREAK Splits: [0.72, 0]/[10, 0] | Energy Gained: 6 | SP Change: 0

        ----------Char Buffs----------
        GilgameshTrace3ATK | ATK% | Stacks: 1 | Value: 0.200 | Remaining Turns: 1 | TickDown: SUP2, PERM | Target: SUP2 | Affects: ['ALL']
        GilgameshTrace3CD | CD% | Stacks: 1 | Value: 0.200 | Remaining Turns: 1 | TickDown: SUP2, PERM | Target: SUP2 | Affects: ['ALL']
        MasterSmithHP | HP% | Stacks: 1 | Value: 0.120 | Remaining Turns: 1 | TickDown: SUP2, PERM | Target: SUP2 | Affects: ['ALL']
        LushakaERR | ERR% | Stacks: 1 | Value: 0.050 | Remaining Turns: 1 | TickDown: SUP2, PERM | Target: SUP2 | Affects: ['ALL']
        WeltTraceERS | ERS% | Stacks: 1 | Value: 0.100 | Remaining Turns: 1 | TickDown: SUP2, PERM | Target: SUP2 | Affects: ['ALL']
        WeltTraceEHR | EHR% | Stacks: 1 | Value: 0.280 | Remaining Turns: 1 | TickDown: SUP2, PERM | Target: SUP2 | Affects: ['ALL']
        WeltTraceDMG | DMG% | Stacks: 1 | Value: 0.144 | Remaining Turns: 1 | TickDown: SUP2, PERM | Target: SUP2 | Affects: ['ALL']
        KeelCD(SUS) | CD% | Stacks: 1 | Value: 0.100 | Remaining Turns: 1 | TickDown: SUP2, PERM | Target: SUP2 | Affects: ['ALL']
        WeltTalent3ATK | ATK% | Stacks: 1 | Value: 0.800 | Remaining Turns: 1 | TickDown: SUP2, PERM | Target: SUP2 | Affects: ['ALL']
        ----------End of Buff List----------
        ----------Enemy Debuffs----------
        WeltTechSPD | From: SUP2 | SPD% | Stacks: 1 | Value: -0.100 | Remaining Turns: 1 | Target: 1 | Targeting: ST | Affects: ['ALL'] | DOT: False | Blast: False
        HuohuoTechniqueDebuff | From: SUS | ATK_REDUCTION | Stacks: 1 | Value: 0.250 | Remaining Turns: 2 | Target: 1 | Targeting: ST | Affects: ['SPECIAL'] | DOT: False | Blast: False
        ResoShred(SUP2) | From: SUP2 | SHRED | Stacks: 1 | Value: 0.160 | Remaining Turns: 1 | Target: 1 | Targeting: ST | Affects: ['ALL'] | DOT: False | Blast: False
        WeltSpdDebuff | From: SUP2 | SPD% | Stacks: 1 | Value: -0.100 | Remaining Turns: 2 | Target: 1 | Targeting: ST | Affects: ['ALL'] | DOT: False | Blast: False
        ----------End of Debuff List----------
        ----------Healing List----------
        ----------End of Healing List----------
        ----------Shields List----------
        ----------End of Shields List----------
    GAUGE  - Enemy 1 toughness reduced by 0.000
    RESULT - WeltSkillExtra | Welt | SUP2 | DMG: 1417.159 | ELADMG: 0.000 | Enemies Hit: [1] | Enemies Broken: [] | WB DMG: 0.000 | Energy: 7.466 | Amount HP Healed: 0.000 | Amount HP Lost: 0.000 | Welt Energy: 120/120 | SP: 2 | MaxSP: 5)
    TURN   - WeltAdditionalDMG | Welt | SUP2 | ST attack | ['IMG'] | ['ADD'] | Scaling: ATK | TargetID: 1 | DMG/BREAK Splits: [0.864, 0]/[0, 0] | Energy Gained: 0 | SP Change: 0

        ----------Char Buffs----------
        GilgameshTrace3ATK | ATK% | Stacks: 1 | Value: 0.200 | Remaining Turns: 1 | TickDown: SUP2, PERM | Target: SUP2 | Affects: ['ALL']
        GilgameshTrace3CD | CD% | Stacks: 1 | Value: 0.200 | Remaining Turns: 1 | TickDown: SUP2, PERM | Target: SUP2 | Affects: ['ALL']
        MasterSmithHP | HP% | Stacks: 1 | Value: 0.120 | Remaining Turns: 1 | TickDown: SUP2, PERM | Target: SUP2 | Affects: ['ALL']
        LushakaERR | ERR% | Stacks: 1 | Value: 0.050 | Remaining Turns: 1 | TickDown: SUP2, PERM | Target: SUP2 | Affects: ['ALL']
        WeltTraceERS | ERS% | Stacks: 1 | Value: 0.100 | Remaining Turns: 1 | TickDown: SUP2, PERM | Target: SUP2 | Affects: ['ALL']
        WeltTraceEHR | EHR% | Stacks: 1 | Value: 0.280 | Remaining Turns: 1 | TickDown: SUP2, PERM | Target: SUP2 | Affects: ['ALL']
        WeltTraceDMG | DMG% | Stacks: 1 | Value: 0.144 | Remaining Turns: 1 | TickDown: SUP2, PERM | Target: SUP2 | Affects: ['ALL']
        KeelCD(SUS) | CD% | Stacks: 1 | Value: 0.100 | Remaining Turns: 1 | TickDown: SUP2, PERM | Target: SUP2 | Affects: ['ALL']
        WeltTalent3ATK | ATK% | Stacks: 1 | Value: 0.800 | Remaining Turns: 1 | TickDown: SUP2, PERM | Target: SUP2 | Affects: ['ALL']
        ----------End of Buff List----------
        ----------Enemy Debuffs----------
        WeltTechSPD | From: SUP2 | SPD% | Stacks: 1 | Value: -0.100 | Remaining Turns: 1 | Target: 1 | Targeting: ST | Affects: ['ALL'] | DOT: False | Blast: False
        HuohuoTechniqueDebuff | From: SUS | ATK_REDUCTION | Stacks: 1 | Value: 0.250 | Remaining Turns: 2 | Target: 1 | Targeting: ST | Affects: ['SPECIAL'] | DOT: False | Blast: False
        ResoShred(SUP2) | From: SUP2 | SHRED | Stacks: 1 | Value: 0.160 | Remaining Turns: 1 | Target: 1 | Targeting: ST | Affects: ['ALL'] | DOT: False | Blast: False
        WeltSpdDebuff | From: SUP2 | SPD% | Stacks: 1 | Value: -0.100 | Remaining Turns: 2 | Target: 1 | Targeting: ST | Affects: ['ALL'] | DOT: False | Blast: False
        ----------End of Debuff List----------
        ----------Healing List----------
        ----------End of Healing List----------
        ----------Shields List----------
        ----------End of Shields List----------
    GAUGE  - Enemy 1 toughness reduced by 0.000
    RESULT - WeltAdditionalDMG | Welt | SUP2 | DMG: 1700.590 | ELADMG: 0.000 | Enemies Hit: [1] | Enemies Broken: [] | WB DMG: 0.000 | Energy: 0.000 | Amount HP Healed: 0.000 | Amount HP Lost: 0.000 | Welt Energy: 120/120 | SP: 2 | MaxSP: 5)
    TURN   - HuoHuoAllyERR | HuoHuo | SUS | NA attack | ['WIN'] | ['SPECIAL'] | Scaling: HP | TargetID: 1 | DMG/BREAK Splits: [0, 0]/[0, 0] | Energy Gained: 1 | SP Change: 0

        ----------Char Buffs----------
        GilgameshTrace3ATK | ATK% | Stacks: 1 | Value: 0.200 | Remaining Turns: 1 | TickDown: SUS, PERM | Target: SUS | Affects: ['ALL']
        GilgameshTrace3CD | CD% | Stacks: 1 | Value: 0.200 | Remaining Turns: 1 | TickDown: SUS, PERM | Target: SUS | Affects: ['ALL']
        PostOpERR | ERR% | Stacks: 1 | Value: 0.160 | Remaining Turns: 1 | TickDown: SUS, PERM | Target: SUS | Affects: ['ALL']
        WarriorGoddessSPD | SPD% | Stacks: 1 | Value: 0.060 | Remaining Turns: 1 | TickDown: SUS, PERM | Target: SUS | Affects: ['ALL']
        KeelEFFRES | ERS% | Stacks: 1 | Value: 0.100 | Remaining Turns: 1 | TickDown: SUS, PERM | Target: SUS | Affects: ['ALL']
        KeelCD(SUS) | CD% | Stacks: 1 | Value: 0.100 | Remaining Turns: 1 | TickDown: SUS, PERM | Target: SUS | Affects: ['ALL']
        HHTraceHP | HP% | Stacks: 1 | Value: 0.280 | Remaining Turns: 1 | TickDown: SUS, PERM | Target: SUS | Affects: ['ALL']
        HHTraceERS | ERS% | Stacks: 1 | Value: 0.180 | Remaining Turns: 1 | TickDown: SUS, PERM | Target: SUS | Affects: ['ALL']
        HHTraceSPD | SPD | Stacks: 1 | Value: 5.000 | Remaining Turns: 1 | TickDown: SUS, PERM | Target: SUS | Affects: ['ALL']
        ----------End of Buff List----------
        ----------Enemy Debuffs----------
        WeltTechSPD | From: SUP2 | SPD% | Stacks: 1 | Value: -0.100 | Remaining Turns: 1 | Target: 1 | Targeting: ST | Affects: ['ALL'] | DOT: False | Blast: False
        HuohuoTechniqueDebuff | From: SUS | ATK_REDUCTION | Stacks: 1 | Value: 0.250 | Remaining Turns: 2 | Target: 1 | Targeting: ST | Affects: ['SPECIAL'] | DOT: False | Blast: False
        ResoShred(SUP2) | From: SUP2 | SHRED | Stacks: 1 | Value: 0.160 | Remaining Turns: 1 | Target: 1 | Targeting: ST | Affects: ['ALL'] | DOT: False | Blast: False
        WeltSpdDebuff | From: SUP2 | SPD% | Stacks: 1 | Value: -0.100 | Remaining Turns: 2 | Target: 1 | Targeting: ST | Affects: ['ALL'] | DOT: False | Blast: False
        ----------End of Debuff List----------
        ----------Healing List----------
        ----------End of Healing List----------
        ----------Shields List----------
        ----------End of Shields List----------
    GAUGE  - Enemy 1 toughness reduced by 0.000
    RESULT - HuoHuoAllyERR | HuoHuo | SUS | DMG: 0.000 | ELADMG: 0.000 | Enemies Hit: [1] | Enemies Broken: [] | WB DMG: 0.000 | Energy: 1.354 | Amount HP Healed: 0.000 | Amount HP Lost: 0.000 | HuoHuo Energy: 112/140 | SP: 2 | MaxSP: 5)
[WeltAllyBuff] allyTurn() invoked for attacker=Role.SUS, move=HuoHuoAllyERR
[WeltAllyBuff] allyTurn check: attacker=Role.SUS, turnName=HuoHuoAllyERR, dmg=0.0, elationDmg=0, enemiesHit=[1], weightlessTurns={}
[WeltAllyBuff] skipped: no damage on this turn
ULT    > Welt used their ultimate
[WeltAllyBuff] Ult seeded weightlessTurns={0: 2, 1: 2, 2: 2}
    TURN   - WeltUlt | Welt | SUP2 | AOE attack | ['IMG'] | ['ULT'] | Scaling: ATK | TargetID: 1 | DMG/BREAK Splits: [1.5, 0]/[20, 0] | Energy Gained: 10 | SP Change: 0

        ----------Char Buffs----------
        GilgameshTrace3ATK | ATK% | Stacks: 1 | Value: 0.200 | Remaining Turns: 1 | TickDown: SUP2, PERM | Target: SUP2 | Affects: ['ALL']
        GilgameshTrace3CD | CD% | Stacks: 1 | Value: 0.200 | Remaining Turns: 1 | TickDown: SUP2, PERM | Target: SUP2 | Affects: ['ALL']
        MasterSmithHP | HP% | Stacks: 1 | Value: 0.120 | Remaining Turns: 1 | TickDown: SUP2, PERM | Target: SUP2 | Affects: ['ALL']
        LushakaERR | ERR% | Stacks: 1 | Value: 0.050 | Remaining Turns: 1 | TickDown: SUP2, PERM | Target: SUP2 | Affects: ['ALL']
        WeltTraceERS | ERS% | Stacks: 1 | Value: 0.100 | Remaining Turns: 1 | TickDown: SUP2, PERM | Target: SUP2 | Affects: ['ALL']
        WeltTraceEHR | EHR% | Stacks: 1 | Value: 0.280 | Remaining Turns: 1 | TickDown: SUP2, PERM | Target: SUP2 | Affects: ['ALL']
        WeltTraceDMG | DMG% | Stacks: 1 | Value: 0.144 | Remaining Turns: 1 | TickDown: SUP2, PERM | Target: SUP2 | Affects: ['ALL']
        KeelCD(SUS) | CD% | Stacks: 1 | Value: 0.100 | Remaining Turns: 1 | TickDown: SUP2, PERM | Target: SUP2 | Affects: ['ALL']
        WeltTalent3ATK | ATK% | Stacks: 1 | Value: 0.800 | Remaining Turns: 1 | TickDown: SUP2, PERM | Target: SUP2 | Affects: ['ALL']
        ----------End of Buff List----------
        ----------Enemy Debuffs----------
        WeltTechSPD | From: SUP2 | SPD% | Stacks: 1 | Value: -0.100 | Remaining Turns: 1 | Target: 1 | Targeting: ST | Affects: ['ALL'] | DOT: False | Blast: False
        HuohuoTechniqueDebuff | From: SUS | ATK_REDUCTION | Stacks: 1 | Value: 0.250 | Remaining Turns: 2 | Target: 1 | Targeting: ST | Affects: ['SPECIAL'] | DOT: False | Blast: False
        ResoShred(SUP2) | From: SUP2 | SHRED | Stacks: 1 | Value: 0.160 | Remaining Turns: 1 | Target: 1 | Targeting: ST | Affects: ['ALL'] | DOT: False | Blast: False
        WeltSpdDebuff | From: SUP2 | SPD% | Stacks: 1 | Value: -0.100 | Remaining Turns: 2 | Target: 1 | Targeting: ST | Affects: ['ALL'] | DOT: False | Blast: False
        WeltImprisonSPD | From: SUP2 | SPD% | Stacks: 1 | Value: -0.100 | Remaining Turns: 1 | Target: 1 | Targeting: ST | Affects: ['ALL'] | DOT: False | Blast: False
        WeltWeightlessSPD | From: SUP2 | SPD% | Stacks: 1 | Value: -0.050 | Remaining Turns: 2 | Target: 1 | Targeting: ST | Affects: ['ALL'] | DOT: False | Blast: False
        WeltWeightlessShred | From: SUP2 | SHRED | Stacks: 1 | Value: 0.400 | Remaining Turns: 2 | Target: 1 | Targeting: ST | Affects: ['ALL'] | DOT: False | Blast: False
        ----------End of Debuff List----------
        ----------Healing List----------
        ----------End of Healing List----------
        ----------Shields List----------
        ----------End of Shields List----------
    GAUGE  - Enemy 0 toughness reduced by 0.000
    GAUGE  - Enemy 1 toughness reduced by 0.000
    GAUGE  - Enemy 2 toughness reduced by 0.000
    RESULT - WeltUlt | Welt | SUP2 | DMG: 11562.641 | ELADMG: 0.000 | Enemies Hit: [0, 1, 2] | Enemies Broken: [] | WB DMG: 0.000 | Energy: 12.444 | Amount HP Healed: 0.000 | Amount HP Lost: 0.000 | Welt Energy: 12/120 | SP: 2 | MaxSP: 5)
Saber got 3 Core Resonance from Talent, Current Count: 6
Gilgamesh Obtained 2 Interest from Teammate Ult, Current count: 6
Gilgamesh Obtained 36.0 Energy from Teammate
Gilgamesh Obtained 1 Interest from Teammate, Current count: 7
    TURN   - WeltSlowedAdditionalDMG | Welt | SUP2 | ST attack | ['IMG'] | ['ADD'] | Scaling: ATK | TargetID: 0 | DMG/BREAK Splits: [1.0, 0]/[0, 0] | Energy Gained: 0 | SP Change: 0

        ----------Char Buffs----------
        GilgameshTrace3ATK | ATK% | Stacks: 1 | Value: 0.200 | Remaining Turns: 1 | TickDown: SUP2, PERM | Target: SUP2 | Affects: ['ALL']
        GilgameshTrace3CD | CD% | Stacks: 1 | Value: 0.200 | Remaining Turns: 1 | TickDown: SUP2, PERM | Target: SUP2 | Affects: ['ALL']
        MasterSmithHP | HP% | Stacks: 1 | Value: 0.120 | Remaining Turns: 1 | TickDown: SUP2, PERM | Target: SUP2 | Affects: ['ALL']
        LushakaERR | ERR% | Stacks: 1 | Value: 0.050 | Remaining Turns: 1 | TickDown: SUP2, PERM | Target: SUP2 | Affects: ['ALL']
        WeltTraceERS | ERS% | Stacks: 1 | Value: 0.100 | Remaining Turns: 1 | TickDown: SUP2, PERM | Target: SUP2 | Affects: ['ALL']
        WeltTraceEHR | EHR% | Stacks: 1 | Value: 0.280 | Remaining Turns: 1 | TickDown: SUP2, PERM | Target: SUP2 | Affects: ['ALL']
        WeltTraceDMG | DMG% | Stacks: 1 | Value: 0.144 | Remaining Turns: 1 | TickDown: SUP2, PERM | Target: SUP2 | Affects: ['ALL']
        KeelCD(SUS) | CD% | Stacks: 1 | Value: 0.100 | Remaining Turns: 1 | TickDown: SUP2, PERM | Target: SUP2 | Affects: ['ALL']
        WeltTalent3ATK | ATK% | Stacks: 1 | Value: 0.800 | Remaining Turns: 1 | TickDown: SUP2, PERM | Target: SUP2 | Affects: ['ALL']
        ----------End of Buff List----------
        ----------Enemy Debuffs----------
        WeltTechSPD | From: SUP2 | SPD% | Stacks: 1 | Value: -0.100 | Remaining Turns: 1 | Target: 0 | Targeting: ST | Affects: ['ALL'] | DOT: False | Blast: False
        HuohuoTechniqueDebuff | From: SUS | ATK_REDUCTION | Stacks: 1 | Value: 0.250 | Remaining Turns: 2 | Target: 0 | Targeting: ST | Affects: ['SPECIAL'] | DOT: False | Blast: False
        WeltSpdDebuff | From: SUP2 | SPD% | Stacks: 1 | Value: -0.100 | Remaining Turns: 2 | Target: 0 | Targeting: ST | Affects: ['ALL'] | DOT: False | Blast: False
        ResoShred(SUP2) | From: SUP2 | SHRED | Stacks: 1 | Value: 0.160 | Remaining Turns: 1 | Target: 0 | Targeting: AOE | Affects: ['ALL'] | DOT: False | Blast: False
        WeltImprisonSPD | From: SUP2 | SPD% | Stacks: 1 | Value: -0.100 | Remaining Turns: 1 | Target: 0 | Targeting: ST | Affects: ['ALL'] | DOT: False | Blast: False
        WeltWeightlessSPD | From: SUP2 | SPD% | Stacks: 1 | Value: -0.050 | Remaining Turns: 2 | Target: 0 | Targeting: ST | Affects: ['ALL'] | DOT: False | Blast: False
        WeltWeightlessShred | From: SUP2 | SHRED | Stacks: 1 | Value: 0.400 | Remaining Turns: 2 | Target: 0 | Targeting: ST | Affects: ['ALL'] | DOT: False | Blast: False
        ----------End of Debuff List----------
        ----------Healing List----------
        HuoHuoTalentHealingScaling | Targeting: Targeting.SINGLE | Healing Value: [0] | Target: ALL
        HuoHuoTalentHealingScaling | Targeting: Targeting.SINGLE | Healing Value: [0.045] | Target: ALL
        HuoHuoTalentHealingScaling | Targeting: Targeting.SINGLE | Healing Value: [0] | Target: ALL
        HuoHuoTalentHealingScaling | Targeting: Targeting.SINGLE | Healing Value: [0] | Target: ALL
        HuoHuoTalentHealingFlat | Targeting: Targeting.SINGLE | Healing Value: [0] | Target: ALL
        HuoHuoTalentHealingFlat | Targeting: Targeting.SINGLE | Healing Value: [120] | Target: ALL
        HuoHuoTalentHealingFlat | Targeting: Targeting.SINGLE | Healing Value: [0] | Target: ALL
        HuoHuoTalentHealingFlat | Targeting: Targeting.SINGLE | Healing Value: [0] | Target: ALL
        ----------End of Healing List----------
        ----------Shields List----------
        ----------End of Shields List----------
    GAUGE  - Enemy 0 toughness reduced by 0.000
    RESULT - WeltSlowedAdditionalDMG | Welt | SUP2 | DMG: 2569.476 | ELADMG: 0.000 | Enemies Hit: [0] | Enemies Broken: [] | WB DMG: 0.000 | Energy: 0.000 | Amount HP Healed: 371.779 | Amount HP Lost: 0.000 | Welt Energy: 12/120 | SP: 2 | MaxSP: 5)
    TURN   - WeltSlowedAdditionalDMG | Welt | SUP2 | ST attack | ['IMG'] | ['ADD'] | Scaling: ATK | TargetID: 1 | DMG/BREAK Splits: [1.0, 0]/[0, 0] | Energy Gained: 0 | SP Change: 0

        ----------Char Buffs----------
        GilgameshTrace3ATK | ATK% | Stacks: 1 | Value: 0.200 | Remaining Turns: 1 | TickDown: SUP2, PERM | Target: SUP2 | Affects: ['ALL']
        GilgameshTrace3CD | CD% | Stacks: 1 | Value: 0.200 | Remaining Turns: 1 | TickDown: SUP2, PERM | Target: SUP2 | Affects: ['ALL']
        MasterSmithHP | HP% | Stacks: 1 | Value: 0.120 | Remaining Turns: 1 | TickDown: SUP2, PERM | Target: SUP2 | Affects: ['ALL']
        LushakaERR | ERR% | Stacks: 1 | Value: 0.050 | Remaining Turns: 1 | TickDown: SUP2, PERM | Target: SUP2 | Affects: ['ALL']
        WeltTraceERS | ERS% | Stacks: 1 | Value: 0.100 | Remaining Turns: 1 | TickDown: SUP2, PERM | Target: SUP2 | Affects: ['ALL']
        WeltTraceEHR | EHR% | Stacks: 1 | Value: 0.280 | Remaining Turns: 1 | TickDown: SUP2, PERM | Target: SUP2 | Affects: ['ALL']
        WeltTraceDMG | DMG% | Stacks: 1 | Value: 0.144 | Remaining Turns: 1 | TickDown: SUP2, PERM | Target: SUP2 | Affects: ['ALL']
        KeelCD(SUS) | CD% | Stacks: 1 | Value: 0.100 | Remaining Turns: 1 | TickDown: SUP2, PERM | Target: SUP2 | Affects: ['ALL']
        WeltTalent3ATK | ATK% | Stacks: 1 | Value: 0.800 | Remaining Turns: 1 | TickDown: SUP2, PERM | Target: SUP2 | Affects: ['ALL']
        ----------End of Buff List----------
        ----------Enemy Debuffs----------
        WeltTechSPD | From: SUP2 | SPD% | Stacks: 1 | Value: -0.100 | Remaining Turns: 1 | Target: 1 | Targeting: ST | Affects: ['ALL'] | DOT: False | Blast: False
        HuohuoTechniqueDebuff | From: SUS | ATK_REDUCTION | Stacks: 1 | Value: 0.250 | Remaining Turns: 2 | Target: 1 | Targeting: ST | Affects: ['SPECIAL'] | DOT: False | Blast: False
        ResoShred(SUP2) | From: SUP2 | SHRED | Stacks: 1 | Value: 0.160 | Remaining Turns: 1 | Target: 1 | Targeting: ST | Affects: ['ALL'] | DOT: False | Blast: False
        WeltSpdDebuff | From: SUP2 | SPD% | Stacks: 1 | Value: -0.100 | Remaining Turns: 2 | Target: 1 | Targeting: ST | Affects: ['ALL'] | DOT: False | Blast: False
        WeltImprisonSPD | From: SUP2 | SPD% | Stacks: 1 | Value: -0.100 | Remaining Turns: 1 | Target: 1 | Targeting: ST | Affects: ['ALL'] | DOT: False | Blast: False
        WeltWeightlessSPD | From: SUP2 | SPD% | Stacks: 1 | Value: -0.050 | Remaining Turns: 2 | Target: 1 | Targeting: ST | Affects: ['ALL'] | DOT: False | Blast: False
        WeltWeightlessShred | From: SUP2 | SHRED | Stacks: 1 | Value: 0.400 | Remaining Turns: 2 | Target: 1 | Targeting: ST | Affects: ['ALL'] | DOT: False | Blast: False
        ----------End of Debuff List----------
        ----------Healing List----------
        ----------End of Healing List----------
        ----------Shields List----------
        ----------End of Shields List----------
    GAUGE  - Enemy 1 toughness reduced by 0.000
    RESULT - WeltSlowedAdditionalDMG | Welt | SUP2 | DMG: 2569.476 | ELADMG: 0.000 | Enemies Hit: [1] | Enemies Broken: [] | WB DMG: 0.000 | Energy: 0.000 | Amount HP Healed: 0.000 | Amount HP Lost: 0.000 | Welt Energy: 12/120 | SP: 2 | MaxSP: 5)
    TURN   - WeltSlowedAdditionalDMG | Welt | SUP2 | ST attack | ['IMG'] | ['ADD'] | Scaling: ATK | TargetID: 2 | DMG/BREAK Splits: [1.0, 0]/[0, 0] | Energy Gained: 0 | SP Change: 0

        ----------Char Buffs----------
        GilgameshTrace3ATK | ATK% | Stacks: 1 | Value: 0.200 | Remaining Turns: 1 | TickDown: SUP2, PERM | Target: SUP2 | Affects: ['ALL']
        GilgameshTrace3CD | CD% | Stacks: 1 | Value: 0.200 | Remaining Turns: 1 | TickDown: SUP2, PERM | Target: SUP2 | Affects: ['ALL']
        MasterSmithHP | HP% | Stacks: 1 | Value: 0.120 | Remaining Turns: 1 | TickDown: SUP2, PERM | Target: SUP2 | Affects: ['ALL']
        LushakaERR | ERR% | Stacks: 1 | Value: 0.050 | Remaining Turns: 1 | TickDown: SUP2, PERM | Target: SUP2 | Affects: ['ALL']
        WeltTraceERS | ERS% | Stacks: 1 | Value: 0.100 | Remaining Turns: 1 | TickDown: SUP2, PERM | Target: SUP2 | Affects: ['ALL']
        WeltTraceEHR | EHR% | Stacks: 1 | Value: 0.280 | Remaining Turns: 1 | TickDown: SUP2, PERM | Target: SUP2 | Affects: ['ALL']
        WeltTraceDMG | DMG% | Stacks: 1 | Value: 0.144 | Remaining Turns: 1 | TickDown: SUP2, PERM | Target: SUP2 | Affects: ['ALL']
        KeelCD(SUS) | CD% | Stacks: 1 | Value: 0.100 | Remaining Turns: 1 | TickDown: SUP2, PERM | Target: SUP2 | Affects: ['ALL']
        WeltTalent3ATK | ATK% | Stacks: 1 | Value: 0.800 | Remaining Turns: 1 | TickDown: SUP2, PERM | Target: SUP2 | Affects: ['ALL']
        ----------End of Buff List----------
        ----------Enemy Debuffs----------
        WeltTechSPD | From: SUP2 | SPD% | Stacks: 1 | Value: -0.100 | Remaining Turns: 1 | Target: 2 | Targeting: ST | Affects: ['ALL'] | DOT: False | Blast: False
        HuohuoTechniqueDebuff | From: SUS | ATK_REDUCTION | Stacks: 1 | Value: 0.250 | Remaining Turns: 2 | Target: 2 | Targeting: ST | Affects: ['SPECIAL'] | DOT: False | Blast: False
        WeltSpdDebuff | From: SUP2 | SPD% | Stacks: 1 | Value: -0.100 | Remaining Turns: 2 | Target: 2 | Targeting: ST | Affects: ['ALL'] | DOT: False | Blast: False
        ResoShred(SUP2) | From: SUP2 | SHRED | Stacks: 1 | Value: 0.160 | Remaining Turns: 1 | Target: 2 | Targeting: AOE | Affects: ['ALL'] | DOT: False | Blast: False
        WeltImprisonSPD | From: SUP2 | SPD% | Stacks: 1 | Value: -0.100 | Remaining Turns: 1 | Target: 2 | Targeting: ST | Affects: ['ALL'] | DOT: False | Blast: False
        WeltWeightlessSPD | From: SUP2 | SPD% | Stacks: 1 | Value: -0.050 | Remaining Turns: 2 | Target: 2 | Targeting: ST | Affects: ['ALL'] | DOT: False | Blast: False
        WeltWeightlessShred | From: SUP2 | SHRED | Stacks: 1 | Value: 0.400 | Remaining Turns: 2 | Target: 2 | Targeting: ST | Affects: ['ALL'] | DOT: False | Blast: False
        ----------End of Debuff List----------
        ----------Healing List----------
        ----------End of Healing List----------
        ----------Shields List----------
        ----------End of Shields List----------
    GAUGE  - Enemy 2 toughness reduced by 0.000
    RESULT - WeltSlowedAdditionalDMG | Welt | SUP2 | DMG: 2569.476 | ELADMG: 0.000 | Enemies Hit: [2] | Enemies Broken: [] | WB DMG: 0.000 | Energy: 0.000 | Amount HP Healed: 0.000 | Amount HP Lost: 0.000 | Welt Energy: 12/120 | SP: 2 | MaxSP: 5)
    TURN   - HuoHuoAllyERR | HuoHuo | SUS | NA attack | ['WIN'] | ['SPECIAL'] | Scaling: HP | TargetID: 1 | DMG/BREAK Splits: [0, 0]/[0, 0] | Energy Gained: 1 | SP Change: 0

        ----------Char Buffs----------
        GilgameshTrace3ATK | ATK% | Stacks: 1 | Value: 0.200 | Remaining Turns: 1 | TickDown: SUS, PERM | Target: SUS | Affects: ['ALL']
        GilgameshTrace3CD | CD% | Stacks: 1 | Value: 0.200 | Remaining Turns: 1 | TickDown: SUS, PERM | Target: SUS | Affects: ['ALL']
        PostOpERR | ERR% | Stacks: 1 | Value: 0.160 | Remaining Turns: 1 | TickDown: SUS, PERM | Target: SUS | Affects: ['ALL']
        WarriorGoddessSPD | SPD% | Stacks: 1 | Value: 0.060 | Remaining Turns: 1 | TickDown: SUS, PERM | Target: SUS | Affects: ['ALL']
        KeelEFFRES | ERS% | Stacks: 1 | Value: 0.100 | Remaining Turns: 1 | TickDown: SUS, PERM | Target: SUS | Affects: ['ALL']
        KeelCD(SUS) | CD% | Stacks: 1 | Value: 0.100 | Remaining Turns: 1 | TickDown: SUS, PERM | Target: SUS | Affects: ['ALL']
        HHTraceHP | HP% | Stacks: 1 | Value: 0.280 | Remaining Turns: 1 | TickDown: SUS, PERM | Target: SUS | Affects: ['ALL']
        HHTraceERS | ERS% | Stacks: 1 | Value: 0.180 | Remaining Turns: 1 | TickDown: SUS, PERM | Target: SUS | Affects: ['ALL']
        HHTraceSPD | SPD | Stacks: 1 | Value: 5.000 | Remaining Turns: 1 | TickDown: SUS, PERM | Target: SUS | Affects: ['ALL']
        ----------End of Buff List----------
        ----------Enemy Debuffs----------
        WeltTechSPD | From: SUP2 | SPD% | Stacks: 1 | Value: -0.100 | Remaining Turns: 1 | Target: 1 | Targeting: ST | Affects: ['ALL'] | DOT: False | Blast: False
        HuohuoTechniqueDebuff | From: SUS | ATK_REDUCTION | Stacks: 1 | Value: 0.250 | Remaining Turns: 2 | Target: 1 | Targeting: ST | Affects: ['SPECIAL'] | DOT: False | Blast: False
        ResoShred(SUP2) | From: SUP2 | SHRED | Stacks: 1 | Value: 0.160 | Remaining Turns: 1 | Target: 1 | Targeting: ST | Affects: ['ALL'] | DOT: False | Blast: False
        WeltSpdDebuff | From: SUP2 | SPD% | Stacks: 1 | Value: -0.100 | Remaining Turns: 2 | Target: 1 | Targeting: ST | Affects: ['ALL'] | DOT: False | Blast: False
        WeltImprisonSPD | From: SUP2 | SPD% | Stacks: 1 | Value: -0.100 | Remaining Turns: 1 | Target: 1 | Targeting: ST | Affects: ['ALL'] | DOT: False | Blast: False
        WeltWeightlessSPD | From: SUP2 | SPD% | Stacks: 1 | Value: -0.050 | Remaining Turns: 2 | Target: 1 | Targeting: ST | Affects: ['ALL'] | DOT: False | Blast: False
        WeltWeightlessShred | From: SUP2 | SHRED | Stacks: 1 | Value: 0.400 | Remaining Turns: 2 | Target: 1 | Targeting: ST | Affects: ['ALL'] | DOT: False | Blast: False
        ----------End of Debuff List----------
        ----------Healing List----------
        ----------End of Healing List----------
        ----------Shields List----------
        ----------End of Shields List----------
    GAUGE  - Enemy 1 toughness reduced by 0.000
    RESULT - HuoHuoAllyERR | HuoHuo | SUS | DMG: 0.000 | ELADMG: 0.000 | Enemies Hit: [1] | Enemies Broken: [] | WB DMG: 0.000 | Energy: 1.354 | Amount HP Healed: 0.000 | Amount HP Lost: 0.000 | HuoHuo Energy: 113/140 | SP: 2 | MaxSP: 5)
[WeltAllyBuff] allyTurn() invoked for attacker=Role.SUS, move=HuoHuoAllyERR
[WeltAllyBuff] allyTurn check: attacker=Role.SUS, turnName=HuoHuoAllyERR, dmg=0.0, elationDmg=0, enemiesHit=[1], weightlessTurns={0: 2, 1: 2, 2: 2}
[WeltAllyBuff] skipped: no damage on this turn
ERR    > 36.000 energy added to Gilgamesh from GilgameshTrace1ERRAlly2 | Gilgamesh Energy: 216.000
SPD    > Gilgamesh speed changed to 206.032 | NewAV: 5.179
AV     > Welt AV reset to 64.670 | 154.632 SPD
DELAY  > Enemy 0 delayed by 12.0% from WeltImprisonDelay | NewAV: 26.274
DELAY  > Enemy 1 delayed by 12.0% from WeltImprisonDelay | NewAV: 12.975
DELAY  > Enemy 2 delayed by 12.0% from WeltImprisonDelay | NewAV: 26.274
DELAY  > Enemy 0 delayed by 4.0% from WeltWeightlessDelay | NewAV: 28.553
DELAY  > Enemy 1 delayed by 4.0% from WeltWeightlessDelay | NewAV: 14.845
DELAY  > Enemy 2 delayed by 4.0% from WeltWeightlessDelay | NewAV: 28.553

<<< NEW TURN >>>
-   HuoHuo AV: 0.000 ENERGY: 113.341 MaxHP: 6139.808 CurrHp 6139.808 ShieldHP: 0.000
-   Gilgamesh AV: 5.171 ENERGY: 216.000 MaxHP: 3134.558 CurrHp 3134.558 ShieldHP: 0.000
-   Saber AV: 11.873 ENERGY: 216.000 MaxHP: 3366.991 CurrHp 3366.991 ShieldHP: 0.000
-   Enemy 1 AV: 14.837 ENERGY: 0.000 MaxHP: 5000000.000 CurrHp 4966428.518 ShieldHP: 0.000
-   Enemy 0 AV: 28.545 ENERGY: 0.000 MaxHP: 2000000.000 CurrHp 1975214.902 ShieldHP: 0.000
-   Enemy 2 AV: 28.545 ENERGY: 0.000 MaxHP: 2000000.000 CurrHp 1975214.902 ShieldHP: 0.000
-   Welt AV: 64.661 ENERGY: 12.444 MaxHP: 3270.753 CurrHp 3270.753 ShieldHP: 0.000

Combat context set: 3 enemies, 4 players
Combat context initialized: 3 enemies, Elation team size: 0
ACTION > [CHAR] TotalAV: 64.678 | TurnAV: 0.008 | HuoHuo | E-move
    TURN   - HuoHuoSkill | HuoHuo | SUS | NA attack | ['WIN'] | ['SKL'] | Scaling: HP | TargetID: -1 | DMG/BREAK Splits: [0, 0]/[0, 0] | Energy Gained: 30 | SP Change: -1

        ----------Char Buffs----------
        GilgameshTrace3ATK | ATK% | Stacks: 1 | Value: 0.200 | Remaining Turns: 1 | TickDown: SUS, PERM | Target: SUS | Affects: ['ALL']
        GilgameshTrace3CD | CD% | Stacks: 1 | Value: 0.200 | Remaining Turns: 1 | TickDown: SUS, PERM | Target: SUS | Affects: ['ALL']
        PostOpERR | ERR% | Stacks: 1 | Value: 0.160 | Remaining Turns: 1 | TickDown: SUS, PERM | Target: SUS | Affects: ['ALL']
        WarriorGoddessSPD | SPD% | Stacks: 1 | Value: 0.060 | Remaining Turns: 1 | TickDown: SUS, PERM | Target: SUS | Affects: ['ALL']
        KeelEFFRES | ERS% | Stacks: 1 | Value: 0.100 | Remaining Turns: 1 | TickDown: SUS, PERM | Target: SUS | Affects: ['ALL']
        KeelCD(SUS) | CD% | Stacks: 1 | Value: 0.100 | Remaining Turns: 1 | TickDown: SUS, PERM | Target: SUS | Affects: ['ALL']
        HHTraceHP | HP% | Stacks: 1 | Value: 0.280 | Remaining Turns: 1 | TickDown: SUS, PERM | Target: SUS | Affects: ['ALL']
        HHTraceERS | ERS% | Stacks: 1 | Value: 0.180 | Remaining Turns: 1 | TickDown: SUS, PERM | Target: SUS | Affects: ['ALL']
        HHTraceSPD | SPD | Stacks: 1 | Value: 5.000 | Remaining Turns: 1 | TickDown: SUS, PERM | Target: SUS | Affects: ['ALL']
        ----------End of Buff List----------
        ----------Enemy Debuffs----------
        ----------End of Debuff List----------
        ----------Healing List----------
        HuoHuoSkillHealingScaling | Targeting: Targeting.BLAST | Healing Value: [0.24] | Target: ALL
        HuoHuoSkillHealingScaling | Targeting: Targeting.BLAST | Healing Value: [0.24] | Target: ALL
        HuoHuoSkillHealingScaling | Targeting: Targeting.BLAST | Healing Value: [0.24] | Target: ALL
        HuoHuoSkillHealingScaling | Targeting: Targeting.BLAST | Healing Value: [0.24] | Target: ALL
        HuoHuoSkillHealingScaling | Targeting: Targeting.BLAST | Healing Value: [0.24] | Target: ALL
        HuoHuoSkillHealingScaling | Targeting: Targeting.BLAST | Healing Value: [0.24] | Target: ALL
        HuoHuoSkillHealingFlat | Targeting: Targeting.BLAST | Healing Value: [640] | Target: ALL
        HuoHuoSkillHealingFlat | Targeting: Targeting.BLAST | Healing Value: [640] | Target: ALL
        HuoHuoSkillHealingFlat | Targeting: Targeting.BLAST | Healing Value: [640] | Target: ALL
        HuoHuoSkillHealingFlat | Targeting: Targeting.BLAST | Healing Value: [640] | Target: ALL
        HuoHuoSkillHealingFlat | Targeting: Targeting.BLAST | Healing Value: [640] | Target: ALL
        HuoHuoSkillHealingFlat | Targeting: Targeting.BLAST | Healing Value: [640] | Target: ALL
        ----------End of Healing List----------
        ----------Shields List----------
        ----------End of Shields List----------
    GAUGE  - Enemy 0 toughness reduced by 0.000
    RESULT - HuoHuoSkill | HuoHuo | SUS | DMG: 0.000 | ELADMG: 0.000 | Enemies Hit: [0] | Enemies Broken: [] | WB DMG: 0.000 | Energy: 40.632 | Amount HP Healed: 7931.292 | Amount HP Lost: 0.000 | HuoHuo Energy: 140/140 | SP: 1 | MaxSP: 5)
[WeltAllyBuff] allyTurn() invoked for attacker=Role.SUS, move=HuoHuoSkill
[WeltAllyBuff] allyTurn check: attacker=Role.SUS, turnName=HuoHuoSkill, dmg=0.0, elationDmg=0, enemiesHit=[0], weightlessTurns={0: 2, 1: 2, 2: 2}
[WeltAllyBuff] skipped: no damage on this turn
ULT    > HuoHuo used their ultimate
    TURN   - HuoHuoUlt | HuoHuo | SUS | NA attack | ['WIN'] | ['ULT'] | Scaling: HP | TargetID: -1 | DMG/BREAK Splits: [0, 0]/[0, 0] | Energy Gained: 5 | SP Change: 0

        ----------Char Buffs----------
        GilgameshTrace3ATK | ATK% | Stacks: 1 | Value: 0.200 | Remaining Turns: 1 | TickDown: SUS, PERM | Target: SUS | Affects: ['ALL']
        GilgameshTrace3CD | CD% | Stacks: 1 | Value: 0.200 | Remaining Turns: 1 | TickDown: SUS, PERM | Target: SUS | Affects: ['ALL']
        PostOpERR | ERR% | Stacks: 1 | Value: 0.160 | Remaining Turns: 1 | TickDown: SUS, PERM | Target: SUS | Affects: ['ALL']
        PostOpOGH | OGH% | Stacks: 1 | Value: 0.240 | Remaining Turns: 1 | TickDown: SUS, PERM | Target: SUS | Affects: ['ULT']
        WarriorGoddessSPD | SPD% | Stacks: 1 | Value: 0.060 | Remaining Turns: 1 | TickDown: SUS, PERM | Target: SUS | Affects: ['ALL']
        KeelEFFRES | ERS% | Stacks: 1 | Value: 0.100 | Remaining Turns: 1 | TickDown: SUS, PERM | Target: SUS | Affects: ['ALL']
        KeelCD(SUS) | CD% | Stacks: 1 | Value: 0.100 | Remaining Turns: 1 | TickDown: SUS, PERM | Target: SUS | Affects: ['ALL']
        HHTraceHP | HP% | Stacks: 1 | Value: 0.280 | Remaining Turns: 1 | TickDown: SUS, PERM | Target: SUS | Affects: ['ALL']
        HHTraceERS | ERS% | Stacks: 1 | Value: 0.180 | Remaining Turns: 1 | TickDown: SUS, PERM | Target: SUS | Affects: ['ALL']
        HHTraceSPD | SPD | Stacks: 1 | Value: 5.000 | Remaining Turns: 1 | TickDown: SUS, PERM | Target: SUS | Affects: ['ALL']
        WarriorGoddessHealSPD | SPD% | Stacks: 1 | Value: 0.060 | Remaining Turns: 2 | TickDown: SUS, START | Target: SUS | Affects: ['ALL']
        WarriorGoddessHealCD | CD% | Stacks: 1 | Value: 0.150 | Remaining Turns: 2 | TickDown: SUS, START | Target: SUS | Affects: ['ALL']
        ----------End of Buff List----------
        ----------Enemy Debuffs----------
        ----------End of Debuff List----------
        ----------Healing List----------
        ----------End of Healing List----------
        ----------Shields List----------
        ----------End of Shields List----------
    GAUGE  - Enemy 0 toughness reduced by 0.000
    RESULT - HuoHuoUlt | HuoHuo | SUS | DMG: 0.000 | ELADMG: 0.000 | Enemies Hit: [0] | Enemies Broken: [] | WB DMG: 0.000 | Energy: 6.772 | Amount HP Healed: 0.000 | Amount HP Lost: 0.000 | HuoHuo Energy: 7/140 | SP: 1 | MaxSP: 5)
Saber got 3 Core Resonance from Talent, Current Count: 9
Gilgamesh Obtained 2 Interest from Teammate Ult, Current count: 9
Gilgamesh Obtained 42.0 Energy from Teammate
[WeltAllyBuff] allyTurn() invoked for attacker=Role.SUS, move=HuoHuoUlt
[WeltAllyBuff] allyTurn check: attacker=Role.SUS, turnName=HuoHuoUlt, dmg=0.0, elationDmg=0, enemiesHit=[0], weightlessTurns={0: 2, 1: 2, 2: 2}
[WeltAllyBuff] skipped: no damage on this turn
ERR    > 72.000 energy added to Saber from HuoHuoERR | Saber Energy: 288.000
ERR    > 72.000 energy added to Gilgamesh from HuoHuoERR | Gilgamesh Energy: 288.000
ERR    > 24.000 energy added to Welt from HuoHuoERR | Welt Energy: 36.444
ERR    > 42.000 energy added to Gilgamesh from GilgameshTrace1ERRAlly3 | Gilgamesh Energy: 330.000
SPD    > Gilgamesh speed changed to 225.432 | NewAV: 4.726
SPD    > HuoHuo speed changed to 160.492 | NewAV: 0.000
AV     > HuoHuo AV reset to 62.308 | 160.492 SPD

<<< NEW TURN >>>
-   Gilgamesh AV: 0.000 ENERGY: 330.000 MaxHP: 3134.558 CurrHp 3134.558 ShieldHP: 0.000
-   Saber AV: 7.147 ENERGY: 288.000 MaxHP: 3366.991 CurrHp 3366.991 ShieldHP: 0.000
-   Enemy 1 AV: 10.111 ENERGY: 0.000 MaxHP: 5000000.000 CurrHp 4966428.518 ShieldHP: 0.000
-   Enemy 0 AV: 23.819 ENERGY: 0.000 MaxHP: 2000000.000 CurrHp 1975214.902 ShieldHP: 0.000
-   Enemy 2 AV: 23.819 ENERGY: 0.000 MaxHP: 2000000.000 CurrHp 1975214.902 ShieldHP: 0.000
-   HuoHuo AV: 57.583 ENERGY: 6.772 MaxHP: 6139.808 CurrHp 6139.808 ShieldHP: 0.000
-   Welt AV: 59.936 ENERGY: 36.444 MaxHP: 3270.753 CurrHp 3270.753 ShieldHP: 0.000

Combat context set: 3 enemies, 4 players
Combat context initialized: 3 enemies, Elation team size: 0
ACTION > [CHAR] TotalAV: 69.404 | TurnAV: 4.726 | Gilgamesh | A-move
Gilgamesh JointCounter increased by one, current count: 2
    TURN   - GilgameshBasic | Gilgamesh | SUP1 | ST attack | ['LNG'] | ['BSC'] | Scaling: ATK | TargetID: 1 | DMG/BREAK Splits: [1.0, 0]/[10, 0] | Energy Gained: 20 | SP Change: 1

        ----------Char Buffs----------
        ScholarCR | CR% | Stacks: 1 | Value: 0.080 | Remaining Turns: 1 | TickDown: SUP1, PERM | Target: SUP1 | Affects: ['ALL']
        GilgameshTraceATK | ATK | Stacks: 1 | Value: 0.180 | Remaining Turns: 1 | TickDown: SUP1, PERM | Target: SUP1 | Affects: ['ALL']
        GilgameshTraceCR | CR% | Stacks: 1 | Value: 0.187 | Remaining Turns: 1 | TickDown: SUP1, PERM | Target: SUP1 | Affects: ['ALL']
        GilgameshTraceDMG | DMG% | Stacks: 1 | Value: 0.080 | Remaining Turns: 1 | TickDown: SUP1, PERM | Target: SUP1 | Affects: ['ALL']
        GilgameshTrace3ATK | ATK% | Stacks: 1 | Value: 0.200 | Remaining Turns: 1 | TickDown: SUP1, PERM | Target: SUP1 | Affects: ['ALL']
        GilgameshTrace3CD | CD% | Stacks: 1 | Value: 0.200 | Remaining Turns: 1 | TickDown: SUP1, PERM | Target: SUP1 | Affects: ['ALL']
        GilgameshTrace3SelfATK | ATK% | Stacks: 1 | Value: 1.000 | Remaining Turns: 1 | TickDown: SUP1, PERM | Target: SUP1 | Affects: ['ALL']
        GilgameshTrace3SelfCD | CD% | Stacks: 1 | Value: 1.000 | Remaining Turns: 1 | TickDown: SUP1, PERM | Target: SUP1 | Affects: ['ALL']
        KeelCD(SUS) | CD% | Stacks: 1 | Value: 0.100 | Remaining Turns: 1 | TickDown: SUP1, PERM | Target: SUP1 | Affects: ['ALL']
        CosmicLifeDMG | DMG% | Stacks: 1 | Value: 0.320 | Remaining Turns: 1 | TickDown: SUP1, PERM | Target: SUP1 | Affects: ['ALL']
        Trace2CDExtra | CD% | Stacks: 1 | Value: 1.500 | Remaining Turns: 1 | TickDown: SUP1, PERM | Target: SUP1 | Affects: ['ALL']
        GilgameshInterestSPD | SPD% | Stacks: 1 | Value: 0.900 | Remaining Turns: 1 | TickDown: SUP2, PERM | Target: SUP1 | Affects: ['ALL']
        WarriorGoddessHealCD | CD% | Stacks: 1 | Value: 0.150 | Remaining Turns: 1 | TickDown: SUP1, START | Target: SUP1 | Affects: ['ALL']
        HuoHuoUltATK | ATK% | Stacks: 1 | Value: 0.400 | Remaining Turns: 2 | TickDown: SUP1, END | Target: SUP1 | Affects: ['ALL']
        HuoHuoUltExtraATK | ATK% | Stacks: 1 | Value: 0.240 | Remaining Turns: 2 | TickDown: SUP1, END | Target: SUP1 | Affects: ['ALL']
        ----------End of Buff List----------
        ----------Enemy Debuffs----------
        WeltTechSPD | From: SUP2 | SPD% | Stacks: 1 | Value: -0.100 | Remaining Turns: 1 | Target: 1 | Targeting: ST | Affects: ['ALL'] | DOT: False | Blast: False
        HuohuoTechniqueDebuff | From: SUS | ATK_REDUCTION | Stacks: 1 | Value: 0.250 | Remaining Turns: 2 | Target: 1 | Targeting: ST | Affects: ['SPECIAL'] | DOT: False | Blast: False
        ResoShred(SUP2) | From: SUP2 | SHRED | Stacks: 1 | Value: 0.160 | Remaining Turns: 1 | Target: 1 | Targeting: ST | Affects: ['ALL'] | DOT: False | Blast: False
        WeltSpdDebuff | From: SUP2 | SPD% | Stacks: 1 | Value: -0.100 | Remaining Turns: 2 | Target: 1 | Targeting: ST | Affects: ['ALL'] | DOT: False | Blast: False
        WeltImprisonSPD | From: SUP2 | SPD% | Stacks: 1 | Value: -0.100 | Remaining Turns: 1 | Target: 1 | Targeting: ST | Affects: ['ALL'] | DOT: False | Blast: False
        WeltWeightlessSPD | From: SUP2 | SPD% | Stacks: 1 | Value: -0.050 | Remaining Turns: 2 | Target: 1 | Targeting: ST | Affects: ['ALL'] | DOT: False | Blast: False
        WeltWeightlessShred | From: SUP2 | SHRED | Stacks: 1 | Value: 0.400 | Remaining Turns: 2 | Target: 1 | Targeting: ST | Affects: ['ALL'] | DOT: False | Blast: False
        ----------End of Debuff List----------
        ----------Healing List----------
        ----------End of Healing List----------
        ----------Shields List----------
        ----------End of Shields List----------
    GAUGE  - Enemy 1 toughness reduced by 0.000
    RESULT - GilgameshBasic | Gilgamesh | SUP1 | DMG: 19263.339 | ELADMG: 0.000 | Enemies Hit: [1] | Enemies Broken: [] | WB DMG: 0.000 | Energy: 20.000 | Amount HP Healed: 0.000 | Amount HP Lost: 0.000 | Gilgamesh Energy: 350/360 | SP: 2 | MaxSP: 5)
[WeltAllyBuff] allyTurn() invoked for attacker=Role.SUP1, move=GilgameshBasic
[WeltAllyBuff] allyTurn check: attacker=Role.SUP1, turnName=GilgameshBasic, dmg=19263.338548028023, elationDmg=0, enemiesHit=[1], weightlessTurns={0: 2, 1: 2, 2: 2}
[WeltAllyBuff] TRIGGERED - granting WeltAllyWeightlessDMG
ADV    > Saber advanced by 100.000% from Trace1Advance | NewAV: 0.000 | Priority: 21
    TURN   - HuoHuoAllyERR | HuoHuo | SUS | NA attack | ['WIN'] | ['SPECIAL'] | Scaling: HP | TargetID: 1 | DMG/BREAK Splits: [0, 0]/[0, 0] | Energy Gained: 1 | SP Change: 0

        ----------Char Buffs----------
        GilgameshTrace3ATK | ATK% | Stacks: 1 | Value: 0.200 | Remaining Turns: 1 | TickDown: SUS, PERM | Target: SUS | Affects: ['ALL']
        GilgameshTrace3CD | CD% | Stacks: 1 | Value: 0.200 | Remaining Turns: 1 | TickDown: SUS, PERM | Target: SUS | Affects: ['ALL']
        PostOpERR | ERR% | Stacks: 1 | Value: 0.160 | Remaining Turns: 1 | TickDown: SUS, PERM | Target: SUS | Affects: ['ALL']
        WarriorGoddessSPD | SPD% | Stacks: 1 | Value: 0.060 | Remaining Turns: 1 | TickDown: SUS, PERM | Target: SUS | Affects: ['ALL']
        KeelEFFRES | ERS% | Stacks: 1 | Value: 0.100 | Remaining Turns: 1 | TickDown: SUS, PERM | Target: SUS | Affects: ['ALL']
        KeelCD(SUS) | CD% | Stacks: 1 | Value: 0.100 | Remaining Turns: 1 | TickDown: SUS, PERM | Target: SUS | Affects: ['ALL']
        HHTraceHP | HP% | Stacks: 1 | Value: 0.280 | Remaining Turns: 1 | TickDown: SUS, PERM | Target: SUS | Affects: ['ALL']
        HHTraceERS | ERS% | Stacks: 1 | Value: 0.180 | Remaining Turns: 1 | TickDown: SUS, PERM | Target: SUS | Affects: ['ALL']
        HHTraceSPD | SPD | Stacks: 1 | Value: 5.000 | Remaining Turns: 1 | TickDown: SUS, PERM | Target: SUS | Affects: ['ALL']
        WarriorGoddessHealSPD | SPD% | Stacks: 1 | Value: 0.060 | Remaining Turns: 2 | TickDown: SUS, START | Target: SUS | Affects: ['ALL']
        WarriorGoddessHealCD | CD% | Stacks: 1 | Value: 0.150 | Remaining Turns: 2 | TickDown: SUS, START | Target: SUS | Affects: ['ALL']
        ----------End of Buff List----------
        ----------Enemy Debuffs----------
        WeltTechSPD | From: SUP2 | SPD% | Stacks: 1 | Value: -0.100 | Remaining Turns: 1 | Target: 1 | Targeting: ST | Affects: ['ALL'] | DOT: False | Blast: False
        HuohuoTechniqueDebuff | From: SUS | ATK_REDUCTION | Stacks: 1 | Value: 0.250 | Remaining Turns: 2 | Target: 1 | Targeting: ST | Affects: ['SPECIAL'] | DOT: False | Blast: False
        ResoShred(SUP2) | From: SUP2 | SHRED | Stacks: 1 | Value: 0.160 | Remaining Turns: 1 | Target: 1 | Targeting: ST | Affects: ['ALL'] | DOT: False | Blast: False
        WeltSpdDebuff | From: SUP2 | SPD% | Stacks: 1 | Value: -0.100 | Remaining Turns: 2 | Target: 1 | Targeting: ST | Affects: ['ALL'] | DOT: False | Blast: False
        WeltImprisonSPD | From: SUP2 | SPD% | Stacks: 1 | Value: -0.100 | Remaining Turns: 1 | Target: 1 | Targeting: ST | Affects: ['ALL'] | DOT: False | Blast: False
        WeltWeightlessSPD | From: SUP2 | SPD% | Stacks: 1 | Value: -0.050 | Remaining Turns: 2 | Target: 1 | Targeting: ST | Affects: ['ALL'] | DOT: False | Blast: False
        WeltWeightlessShred | From: SUP2 | SHRED | Stacks: 1 | Value: 0.400 | Remaining Turns: 2 | Target: 1 | Targeting: ST | Affects: ['ALL'] | DOT: False | Blast: False
        ----------End of Debuff List----------
        ----------Healing List----------
        HuoHuoTalentHealingScaling | Targeting: Targeting.SINGLE | Healing Value: [0] | Target: ALL
        HuoHuoTalentHealingScaling | Targeting: Targeting.SINGLE | Healing Value: [0.045] | Target: ALL
        HuoHuoTalentHealingScaling | Targeting: Targeting.SINGLE | Healing Value: [0] | Target: ALL
        HuoHuoTalentHealingScaling | Targeting: Targeting.SINGLE | Healing Value: [0] | Target: ALL
        HuoHuoTalentHealingFlat | Targeting: Targeting.SINGLE | Healing Value: [0] | Target: ALL
        HuoHuoTalentHealingFlat | Targeting: Targeting.SINGLE | Healing Value: [120] | Target: ALL
        HuoHuoTalentHealingFlat | Targeting: Targeting.SINGLE | Healing Value: [0] | Target: ALL
        HuoHuoTalentHealingFlat | Targeting: Targeting.SINGLE | Healing Value: [0] | Target: ALL
        ----------End of Healing List----------
        ----------Shields List----------
        ----------End of Shields List----------
    GAUGE  - Enemy 1 toughness reduced by 0.000
    RESULT - HuoHuoAllyERR | HuoHuo | SUS | DMG: 0.000 | ELADMG: 0.000 | Enemies Hit: [1] | Enemies Broken: [] | WB DMG: 0.000 | Energy: 1.354 | Amount HP Healed: 371.779 | Amount HP Lost: 0.000 | HuoHuo Energy: 8/140 | SP: 2 | MaxSP: 5)
[WeltAllyBuff] allyTurn() invoked for attacker=Role.SUS, move=HuoHuoAllyERR
[WeltAllyBuff] allyTurn check: attacker=Role.SUS, turnName=HuoHuoAllyERR, dmg=0.0, elationDmg=0, enemiesHit=[1], weightlessTurns={0: 2, 1: 2, 2: 2}
[WeltAllyBuff] skipped: no damage on this turn
AV     > Gilgamesh AV reset to 44.359 | 225.432 SPD
DELAY  > Enemy 1 delayed by 4.0% from WeltWeightlessDelay | NewAV: 11.982

<<< NEW TURN >>>
-   Saber AV: 0.000 ENERGY: 288.000 MaxHP: 3366.991 CurrHp 3366.991 ShieldHP: 0.000
-   Enemy 1 AV: 11.982 ENERGY: 0.000 MaxHP: 5000000.000 CurrHp 4947165.180 ShieldHP: 0.000
-   Enemy 0 AV: 23.819 ENERGY: 0.000 MaxHP: 2000000.000 CurrHp 1975214.902 ShieldHP: 0.000
-   Enemy 2 AV: 23.819 ENERGY: 0.000 MaxHP: 2000000.000 CurrHp 1975214.902 ShieldHP: 0.000
-   Gilgamesh AV: 44.359 ENERGY: 350.000 MaxHP: 3134.558 CurrHp 3134.558 ShieldHP: 0.000
-   HuoHuo AV: 57.583 ENERGY: 8.126 MaxHP: 6139.808 CurrHp 6139.808 ShieldHP: 0.000
-   Welt AV: 59.936 ENERGY: 36.444 MaxHP: 3270.753 CurrHp 3270.753 ShieldHP: 0.000

Combat context set: 3 enemies, 4 players
Combat context initialized: 3 enemies, Elation team size: 0
ACTION > [CHAR] TotalAV: 69.404 | TurnAV: 0.000 | Saber | E-move
Saber used 9 Core Resonance for Skill
    TURN   - SaberSkill | Saber | DPS | BLAST attack | ['WIN'] | ['SKL'] | Scaling: ATK | TargetID: 1 | DMG/BREAK Splits: [2.7600000000000002, 2.0100000000000002]/[20, 10] | Energy Gained: 30 | SP Change: -1

        ----------Char Buffs----------
        ThanklessCoronationCD | CR% | Stacks: 1 | Value: 0.360 | Remaining Turns: 1 | TickDown: DPS, PERM | Target: DPS | Affects: ['ALL']
        ScholarCR | CR% | Stacks: 1 | Value: 0.080 | Remaining Turns: 1 | TickDown: DPS, PERM | Target: DPS | Affects: ['ALL']
        ScholarDMG | DMG% | Stacks: 1 | Value: 0.200 | Remaining Turns: 1 | TickDown: DPS, PERM | Target: DPS | Affects: ['SKL', 'ULT']
        SaberTraceHP | HP% | Stacks: 1 | Value: 0.100 | Remaining Turns: 1 | TickDown: DPS, PERM | Target: DPS | Affects: ['ALL']
        SaberTraceCR | CR% | Stacks: 1 | Value: 0.120 | Remaining Turns: 1 | TickDown: DPS, PERM | Target: DPS | Affects: ['ALL']
        SaberTraceDMG | DMG% | Stacks: 1 | Value: 0.224 | Remaining Turns: 1 | TickDown: DPS, PERM | Target: DPS | Affects: ['ALL']
        SaberTrace1CR | CR% | Stacks: 1 | Value: 0.200 | Remaining Turns: 1 | TickDown: DPS, PERM | Target: DPS | Affects: ['ALL']
        GilgameshTrace3ATK | ATK% | Stacks: 1 | Value: 0.200 | Remaining Turns: 1 | TickDown: DPS, PERM | Target: DPS | Affects: ['ALL']
        GilgameshTrace3CD | CD% | Stacks: 1 | Value: 0.200 | Remaining Turns: 1 | TickDown: DPS, PERM | Target: DPS | Affects: ['ALL']
        LushakaATK(SUP2) | ATK% | Stacks: 1 | Value: 0.120 | Remaining Turns: 1 | TickDown: DPS, PERM | Target: DPS | Affects: ['ALL']
        KeelCD(SUS) | CD% | Stacks: 1 | Value: 0.100 | Remaining Turns: 1 | TickDown: DPS, PERM | Target: DPS | Affects: ['ALL']
        CosmicLifeDMG | DMG% | Stacks: 1 | Value: 0.320 | Remaining Turns: 1 | TickDown: DPS, PERM | Target: DPS | Affects: ['ALL']
        TalentATK | ATK_REDUCTION | Stacks: 1 | Value: 0.350 | Remaining Turns: 2 | TickDown: DPS, END | Target: DPS | Affects: ['ALL']
        Trace3CDExtra | CD% | Stacks: 1 | Value: 0.320 | Remaining Turns: 1 | TickDown: DPS, PERM | Target: DPS | Affects: ['ALL']
        TalentDMG | DMG% | Stacks: 1 | Value: 0.600 | Remaining Turns: 2 | TickDown: DPS, END | Target: DPS | Affects: ['ALL']
        WarriorGoddessHealCD | CD% | Stacks: 1 | Value: 0.150 | Remaining Turns: 1 | TickDown: DPS, START | Target: DPS | Affects: ['ALL']
        HuoHuoUltATK | ATK% | Stacks: 1 | Value: 0.400 | Remaining Turns: 2 | TickDown: DPS, END | Target: DPS | Affects: ['ALL']
        HuoHuoUltExtraATK | ATK% | Stacks: 1 | Value: 0.240 | Remaining Turns: 2 | TickDown: DPS, END | Target: DPS | Affects: ['ALL']
        Trace3CD | CD% | Stacks: 1 | Value: 0.500 | Remaining Turns: 2 | TickDown: DPS, END | Target: DPS | Affects: ['ALL']
        SkillEnergy | ERR_F | Stacks: 1 | Value: 72.000 | Remaining Turns: 1 | TickDown: DPS, START | Target: DPS | Affects: ['ALL']
        ----------End of Buff List----------
        ----------Enemy Debuffs----------
        WeltTechSPD | From: SUP2 | SPD% | Stacks: 1 | Value: -0.100 | Remaining Turns: 1 | Target: 1 | Targeting: ST | Affects: ['ALL'] | DOT: False | Blast: False
        HuohuoTechniqueDebuff | From: SUS | ATK_REDUCTION | Stacks: 1 | Value: 0.250 | Remaining Turns: 2 | Target: 1 | Targeting: ST | Affects: ['SPECIAL'] | DOT: False | Blast: False
        ResoShred(SUP2) | From: SUP2 | SHRED | Stacks: 1 | Value: 0.160 | Remaining Turns: 1 | Target: 1 | Targeting: ST | Affects: ['ALL'] | DOT: False | Blast: False
        WeltSpdDebuff | From: SUP2 | SPD% | Stacks: 1 | Value: -0.100 | Remaining Turns: 2 | Target: 1 | Targeting: ST | Affects: ['ALL'] | DOT: False | Blast: False
        WeltImprisonSPD | From: SUP2 | SPD% | Stacks: 1 | Value: -0.100 | Remaining Turns: 1 | Target: 1 | Targeting: ST | Affects: ['ALL'] | DOT: False | Blast: False
        WeltWeightlessSPD | From: SUP2 | SPD% | Stacks: 1 | Value: -0.050 | Remaining Turns: 2 | Target: 1 | Targeting: ST | Affects: ['ALL'] | DOT: False | Blast: False
        WeltWeightlessShred | From: SUP2 | SHRED | Stacks: 1 | Value: 0.400 | Remaining Turns: 2 | Target: 1 | Targeting: ST | Affects: ['ALL'] | DOT: False | Blast: False
        ----------End of Debuff List----------
        ----------Healing List----------
        ----------End of Healing List----------
        ----------Shields List----------
        ----------End of Shields List----------
    GAUGE  - Enemy 1 toughness reduced by 20.000
    GAUGE  - Enemy 0 toughness reduced by 10.000
    GAUGE  - Enemy 2 toughness reduced by 10.000
    RESULT - SaberSkill | Saber | DPS | DMG: 138501.044 | ELADMG: 0.000 | Enemies Hit: [1, 0, 2] | Enemies Broken: [] | WB DMG: 0.000 | Energy: 30.000 | Amount HP Healed: 0.000 | Amount HP Lost: 0.000 | Saber Energy: 318/360 | SP: 2 | MaxSP: 5)
Gilgamesh Obtained 1 Interest from Teammate, Current count: 10
Gilgamesh JointCounter increased by one, current count: 3
[WeltAllyBuff] allyTurn() invoked for attacker=Role.DPS, move=SaberSkill
[WeltAllyBuff] allyTurn check: attacker=Role.DPS, turnName=SaberSkill, dmg=138501.0436866802, elationDmg=0, enemiesHit=[1, 0, 2], weightlessTurns={0: 2, 1: 2, 2: 2}
[WeltAllyBuff] TRIGGERED - granting WeltAllyWeightlessDMG
    TURN   - HuoHuoAllyERR | HuoHuo | SUS | NA attack | ['WIN'] | ['SPECIAL'] | Scaling: HP | TargetID: 1 | DMG/BREAK Splits: [0, 0]/[0, 0] | Energy Gained: 1 | SP Change: 0

        ----------Char Buffs----------
        GilgameshTrace3ATK | ATK% | Stacks: 1 | Value: 0.200 | Remaining Turns: 1 | TickDown: SUS, PERM | Target: SUS | Affects: ['ALL']
        GilgameshTrace3CD | CD% | Stacks: 1 | Value: 0.200 | Remaining Turns: 1 | TickDown: SUS, PERM | Target: SUS | Affects: ['ALL']
        PostOpERR | ERR% | Stacks: 1 | Value: 0.160 | Remaining Turns: 1 | TickDown: SUS, PERM | Target: SUS | Affects: ['ALL']
        WarriorGoddessSPD | SPD% | Stacks: 1 | Value: 0.060 | Remaining Turns: 1 | TickDown: SUS, PERM | Target: SUS | Affects: ['ALL']
        KeelEFFRES | ERS% | Stacks: 1 | Value: 0.100 | Remaining Turns: 1 | TickDown: SUS, PERM | Target: SUS | Affects: ['ALL']
        KeelCD(SUS) | CD% | Stacks: 1 | Value: 0.100 | Remaining Turns: 1 | TickDown: SUS, PERM | Target: SUS | Affects: ['ALL']
        HHTraceHP | HP% | Stacks: 1 | Value: 0.280 | Remaining Turns: 1 | TickDown: SUS, PERM | Target: SUS | Affects: ['ALL']
        HHTraceERS | ERS% | Stacks: 1 | Value: 0.180 | Remaining Turns: 1 | TickDown: SUS, PERM | Target: SUS | Affects: ['ALL']
        HHTraceSPD | SPD | Stacks: 1 | Value: 5.000 | Remaining Turns: 1 | TickDown: SUS, PERM | Target: SUS | Affects: ['ALL']
        WarriorGoddessHealSPD | SPD% | Stacks: 1 | Value: 0.060 | Remaining Turns: 2 | TickDown: SUS, START | Target: SUS | Affects: ['ALL']
        WarriorGoddessHealCD | CD% | Stacks: 1 | Value: 0.150 | Remaining Turns: 2 | TickDown: SUS, START | Target: SUS | Affects: ['ALL']
        ----------End of Buff List----------
        ----------Enemy Debuffs----------
        WeltTechSPD | From: SUP2 | SPD% | Stacks: 1 | Value: -0.100 | Remaining Turns: 1 | Target: 1 | Targeting: ST | Affects: ['ALL'] | DOT: False | Blast: False
        HuohuoTechniqueDebuff | From: SUS | ATK_REDUCTION | Stacks: 1 | Value: 0.250 | Remaining Turns: 2 | Target: 1 | Targeting: ST | Affects: ['SPECIAL'] | DOT: False | Blast: False
        ResoShred(SUP2) | From: SUP2 | SHRED | Stacks: 1 | Value: 0.160 | Remaining Turns: 1 | Target: 1 | Targeting: ST | Affects: ['ALL'] | DOT: False | Blast: False
        WeltSpdDebuff | From: SUP2 | SPD% | Stacks: 1 | Value: -0.100 | Remaining Turns: 2 | Target: 1 | Targeting: ST | Affects: ['ALL'] | DOT: False | Blast: False
        WeltImprisonSPD | From: SUP2 | SPD% | Stacks: 1 | Value: -0.100 | Remaining Turns: 1 | Target: 1 | Targeting: ST | Affects: ['ALL'] | DOT: False | Blast: False
        WeltWeightlessSPD | From: SUP2 | SPD% | Stacks: 1 | Value: -0.050 | Remaining Turns: 2 | Target: 1 | Targeting: ST | Affects: ['ALL'] | DOT: False | Blast: False
        WeltWeightlessShred | From: SUP2 | SHRED | Stacks: 1 | Value: 0.400 | Remaining Turns: 2 | Target: 1 | Targeting: ST | Affects: ['ALL'] | DOT: False | Blast: False
        ----------End of Debuff List----------
        ----------Healing List----------
        HuoHuoTalentHealingScaling | Targeting: Targeting.SINGLE | Healing Value: [0] | Target: ALL
        HuoHuoTalentHealingScaling | Targeting: Targeting.SINGLE | Healing Value: [0.045] | Target: ALL
        HuoHuoTalentHealingScaling | Targeting: Targeting.SINGLE | Healing Value: [0] | Target: ALL
        HuoHuoTalentHealingScaling | Targeting: Targeting.SINGLE | Healing Value: [0] | Target: ALL
        HuoHuoTalentHealingFlat | Targeting: Targeting.SINGLE | Healing Value: [0] | Target: ALL
        HuoHuoTalentHealingFlat | Targeting: Targeting.SINGLE | Healing Value: [120] | Target: ALL
        HuoHuoTalentHealingFlat | Targeting: Targeting.SINGLE | Healing Value: [0] | Target: ALL
        HuoHuoTalentHealingFlat | Targeting: Targeting.SINGLE | Healing Value: [0] | Target: ALL
        ----------End of Healing List----------
        ----------Shields List----------
        ----------End of Shields List----------
    GAUGE  - Enemy 1 toughness reduced by 0.000
    RESULT - HuoHuoAllyERR | HuoHuo | SUS | DMG: 0.000 | ELADMG: 0.000 | Enemies Hit: [1] | Enemies Broken: [] | WB DMG: 0.000 | Energy: 1.354 | Amount HP Healed: 371.779 | Amount HP Lost: 0.000 | HuoHuo Energy: 9/140 | SP: 2 | MaxSP: 5)
[WeltAllyBuff] allyTurn() invoked for attacker=Role.SUS, move=HuoHuoAllyERR
[WeltAllyBuff] allyTurn check: attacker=Role.SUS, turnName=HuoHuoAllyERR, dmg=0.0, elationDmg=0, enemiesHit=[1], weightlessTurns={0: 2, 1: 2, 2: 2}
[WeltAllyBuff] skipped: no damage on this turn
ERR    > 72.000 energy added to Saber from SkillEnergy | Saber Energy: 360.000
ULT    > Saber used their ultimate
Saber got 3 Core Resonance from Talent, Current Count: 3
Saber transferred 30.0 overflow energy on Ult entry
    TURN   - SaberUltBig | Saber | DPS | AOE attack | ['WIN'] | ['ULT'] | Scaling: ATK | TargetID: 1 | DMG/BREAK Splits: [2.8, 0]/[40, 0] | Energy Gained: 0 | SP Change: 0

        ----------Char Buffs----------
        ThanklessCoronationCD | CR% | Stacks: 1 | Value: 0.360 | Remaining Turns: 1 | TickDown: DPS, PERM | Target: DPS | Affects: ['ALL']
        ScholarCR | CR% | Stacks: 1 | Value: 0.080 | Remaining Turns: 1 | TickDown: DPS, PERM | Target: DPS | Affects: ['ALL']
        ScholarDMG | DMG% | Stacks: 1 | Value: 0.200 | Remaining Turns: 1 | TickDown: DPS, PERM | Target: DPS | Affects: ['SKL', 'ULT']
        SaberTraceHP | HP% | Stacks: 1 | Value: 0.100 | Remaining Turns: 1 | TickDown: DPS, PERM | Target: DPS | Affects: ['ALL']
        SaberTraceCR | CR% | Stacks: 1 | Value: 0.120 | Remaining Turns: 1 | TickDown: DPS, PERM | Target: DPS | Affects: ['ALL']
        SaberTraceDMG | DMG% | Stacks: 1 | Value: 0.224 | Remaining Turns: 1 | TickDown: DPS, PERM | Target: DPS | Affects: ['ALL']
        SaberTrace1CR | CR% | Stacks: 1 | Value: 0.200 | Remaining Turns: 1 | TickDown: DPS, PERM | Target: DPS | Affects: ['ALL']
        GilgameshTrace3ATK | ATK% | Stacks: 1 | Value: 0.200 | Remaining Turns: 1 | TickDown: DPS, PERM | Target: DPS | Affects: ['ALL']
        GilgameshTrace3CD | CD% | Stacks: 1 | Value: 0.200 | Remaining Turns: 1 | TickDown: DPS, PERM | Target: DPS | Affects: ['ALL']
        LushakaATK(SUP2) | ATK% | Stacks: 1 | Value: 0.120 | Remaining Turns: 1 | TickDown: DPS, PERM | Target: DPS | Affects: ['ALL']
        KeelCD(SUS) | CD% | Stacks: 1 | Value: 0.100 | Remaining Turns: 1 | TickDown: DPS, PERM | Target: DPS | Affects: ['ALL']
        CosmicLifeDMG | DMG% | Stacks: 1 | Value: 0.320 | Remaining Turns: 1 | TickDown: DPS, PERM | Target: DPS | Affects: ['ALL']
        TalentATK | ATK_REDUCTION | Stacks: 1 | Value: 0.350 | Remaining Turns: 2 | TickDown: DPS, END | Target: DPS | Affects: ['ALL']
        Trace3CDExtra | CD% | Stacks: 1 | Value: 0.320 | Remaining Turns: 1 | TickDown: DPS, PERM | Target: DPS | Affects: ['ALL']
        TalentDMG | DMG% | Stacks: 1 | Value: 0.600 | Remaining Turns: 2 | TickDown: DPS, END | Target: DPS | Affects: ['ALL']
        WarriorGoddessHealCD | CD% | Stacks: 1 | Value: 0.150 | Remaining Turns: 2 | TickDown: DPS, START | Target: DPS | Affects: ['ALL']
        HuoHuoUltATK | ATK% | Stacks: 1 | Value: 0.400 | Remaining Turns: 2 | TickDown: DPS, END | Target: DPS | Affects: ['ALL']
        HuoHuoUltExtraATK | ATK% | Stacks: 1 | Value: 0.240 | Remaining Turns: 2 | TickDown: DPS, END | Target: DPS | Affects: ['ALL']
        Trace3CD | CD% | Stacks: 1 | Value: 0.500 | Remaining Turns: 2 | TickDown: DPS, END | Target: DPS | Affects: ['ALL']
        GilgameshTrace3AllyATK | ATK% | Stacks: 1 | Value: 1.000 | Remaining Turns: 1 | TickDown: DPS, PERM | Target: DPS | Affects: ['ALL']
        GilgameshTrace3AllyCD | CD% | Stacks: 1 | Value: 1.000 | Remaining Turns: 1 | TickDown: DPS, PERM | Target: DPS | Affects: ['ALL']
        WeltAllyWeightlessDMG | DMG% | Stacks: 1 | Value: 0.100 | Remaining Turns: 2 | TickDown: DPS, END | Target: DPS | Affects: ['ALL']
        ThanklessCoronationATK | ATK% | Stacks: 1 | Value: 0.400 | Remaining Turns: 2 | TickDown: DPS, END | Target: DPS | Affects: ['ALL']
        ThanklessCoronationERR | ERR_F | Stacks: 1 | Value: 36.000 | Remaining Turns: 1 | TickDown: DPS, START | Target: DPS | Affects: ['ALL']
        ThanklessCoronationATKExtra | ATK% | Stacks: 1 | Value: 0.400 | Remaining Turns: 2 | TickDown: DPS, END | Target: DPS | Affects: ['ALL']
        ----------End of Buff List----------
        ----------Enemy Debuffs----------
        WeltTechSPD | From: SUP2 | SPD% | Stacks: 1 | Value: -0.100 | Remaining Turns: 1 | Target: 1 | Targeting: ST | Affects: ['ALL'] | DOT: False | Blast: False
        HuohuoTechniqueDebuff | From: SUS | ATK_REDUCTION | Stacks: 1 | Value: 0.250 | Remaining Turns: 2 | Target: 1 | Targeting: ST | Affects: ['SPECIAL'] | DOT: False | Blast: False
        ResoShred(SUP2) | From: SUP2 | SHRED | Stacks: 1 | Value: 0.160 | Remaining Turns: 1 | Target: 1 | Targeting: ST | Affects: ['ALL'] | DOT: False | Blast: False
        WeltSpdDebuff | From: SUP2 | SPD% | Stacks: 1 | Value: -0.100 | Remaining Turns: 2 | Target: 1 | Targeting: ST | Affects: ['ALL'] | DOT: False | Blast: False
        WeltImprisonSPD | From: SUP2 | SPD% | Stacks: 1 | Value: -0.100 | Remaining Turns: 1 | Target: 1 | Targeting: ST | Affects: ['ALL'] | DOT: False | Blast: False
        WeltWeightlessSPD | From: SUP2 | SPD% | Stacks: 1 | Value: -0.050 | Remaining Turns: 2 | Target: 1 | Targeting: ST | Affects: ['ALL'] | DOT: False | Blast: False
        WeltWeightlessShred | From: SUP2 | SHRED | Stacks: 1 | Value: 0.400 | Remaining Turns: 2 | Target: 1 | Targeting: ST | Affects: ['ALL'] | DOT: False | Blast: False
        ----------End of Debuff List----------
        ----------Healing List----------
        ----------End of Healing List----------
        ----------Shields List----------
        ----------End of Shields List----------
    GAUGE  - Enemy 0 toughness reduced by 40.000
    GAUGE  - Enemy 1 toughness reduced by 40.000
    GAUGE  - Enemy 2 toughness reduced by 40.000
    RESULT - SaberUltBig | Saber | DPS | DMG: 365521.769 | ELADMG: 0.000 | Enemies Hit: [0, 1, 2] | Enemies Broken: [] | WB DMG: 0.000 | Energy: 0.000 | Amount HP Healed: 0.000 | Amount HP Lost: 0.000 | Saber Energy: 30/360 | SP: 2 | MaxSP: 5)
Gilgamesh Obtained 2 Interest from Teammate Ult, Current count: 12
Gilgamesh Obtained 108.0 Energy from Teammate
Gilgamesh Obtained 1 Interest from Teammate, Current count: 13
Gilgamesh JointCounter increased by one, current count: 4
[WeltAllyBuff] allyTurn() invoked for attacker=Role.DPS, move=SaberUltBig
[WeltAllyBuff] allyTurn check: attacker=Role.DPS, turnName=SaberUltBig, dmg=365521.7687681136, elationDmg=0, enemiesHit=[0, 1, 2], weightlessTurns={0: 2, 1: 2, 2: 2}
[WeltAllyBuff] TRIGGERED - granting WeltAllyWeightlessDMG
    TURN   - SaberUltSmall | Saber | DPS | ST attack | ['WIN'] | ['ULT'] | Scaling: ATK | TargetID: 1 | DMG/BREAK Splits: [11.0, 0]/[20, 0] | Energy Gained: 5 | SP Change: 0

        ----------Char Buffs----------
        ThanklessCoronationCD | CR% | Stacks: 1 | Value: 0.360 | Remaining Turns: 1 | TickDown: DPS, PERM | Target: DPS | Affects: ['ALL']
        ScholarCR | CR% | Stacks: 1 | Value: 0.080 | Remaining Turns: 1 | TickDown: DPS, PERM | Target: DPS | Affects: ['ALL']
        ScholarDMG | DMG% | Stacks: 1 | Value: 0.200 | Remaining Turns: 1 | TickDown: DPS, PERM | Target: DPS | Affects: ['SKL', 'ULT']
        SaberTraceHP | HP% | Stacks: 1 | Value: 0.100 | Remaining Turns: 1 | TickDown: DPS, PERM | Target: DPS | Affects: ['ALL']
        SaberTraceCR | CR% | Stacks: 1 | Value: 0.120 | Remaining Turns: 1 | TickDown: DPS, PERM | Target: DPS | Affects: ['ALL']
        SaberTraceDMG | DMG% | Stacks: 1 | Value: 0.224 | Remaining Turns: 1 | TickDown: DPS, PERM | Target: DPS | Affects: ['ALL']
        SaberTrace1CR | CR% | Stacks: 1 | Value: 0.200 | Remaining Turns: 1 | TickDown: DPS, PERM | Target: DPS | Affects: ['ALL']
        GilgameshTrace3ATK | ATK% | Stacks: 1 | Value: 0.200 | Remaining Turns: 1 | TickDown: DPS, PERM | Target: DPS | Affects: ['ALL']
        GilgameshTrace3CD | CD% | Stacks: 1 | Value: 0.200 | Remaining Turns: 1 | TickDown: DPS, PERM | Target: DPS | Affects: ['ALL']
        LushakaATK(SUP2) | ATK% | Stacks: 1 | Value: 0.120 | Remaining Turns: 1 | TickDown: DPS, PERM | Target: DPS | Affects: ['ALL']
        KeelCD(SUS) | CD% | Stacks: 1 | Value: 0.100 | Remaining Turns: 1 | TickDown: DPS, PERM | Target: DPS | Affects: ['ALL']
        CosmicLifeDMG | DMG% | Stacks: 1 | Value: 0.320 | Remaining Turns: 1 | TickDown: DPS, PERM | Target: DPS | Affects: ['ALL']
        TalentATK | ATK_REDUCTION | Stacks: 1 | Value: 0.350 | Remaining Turns: 2 | TickDown: DPS, END | Target: DPS | Affects: ['ALL']
        Trace3CDExtra | CD% | Stacks: 1 | Value: 0.320 | Remaining Turns: 1 | TickDown: DPS, PERM | Target: DPS | Affects: ['ALL']
        TalentDMG | DMG% | Stacks: 1 | Value: 0.600 | Remaining Turns: 2 | TickDown: DPS, END | Target: DPS | Affects: ['ALL']
        WarriorGoddessHealCD | CD% | Stacks: 1 | Value: 0.150 | Remaining Turns: 2 | TickDown: DPS, START | Target: DPS | Affects: ['ALL']
        HuoHuoUltATK | ATK% | Stacks: 1 | Value: 0.400 | Remaining Turns: 2 | TickDown: DPS, END | Target: DPS | Affects: ['ALL']
        HuoHuoUltExtraATK | ATK% | Stacks: 1 | Value: 0.240 | Remaining Turns: 2 | TickDown: DPS, END | Target: DPS | Affects: ['ALL']
        Trace3CD | CD% | Stacks: 1 | Value: 0.500 | Remaining Turns: 2 | TickDown: DPS, END | Target: DPS | Affects: ['ALL']
        GilgameshTrace3AllyATK | ATK% | Stacks: 1 | Value: 1.000 | Remaining Turns: 1 | TickDown: DPS, PERM | Target: DPS | Affects: ['ALL']
        GilgameshTrace3AllyCD | CD% | Stacks: 1 | Value: 1.000 | Remaining Turns: 1 | TickDown: DPS, PERM | Target: DPS | Affects: ['ALL']
        WeltAllyWeightlessDMG | DMG% | Stacks: 2 | Value: 0.200 | Remaining Turns: 2 | TickDown: DPS, END | Target: DPS | Affects: ['ALL']
        ThanklessCoronationATK | ATK% | Stacks: 1 | Value: 0.400 | Remaining Turns: 2 | TickDown: DPS, END | Target: DPS | Affects: ['ALL']
        ThanklessCoronationERR | ERR_F | Stacks: 1 | Value: 36.000 | Remaining Turns: 1 | TickDown: DPS, START | Target: DPS | Affects: ['ALL']
        ThanklessCoronationATKExtra | ATK% | Stacks: 1 | Value: 0.400 | Remaining Turns: 2 | TickDown: DPS, END | Target: DPS | Affects: ['ALL']
        ----------End of Buff List----------
        ----------Enemy Debuffs----------
        WeltTechSPD | From: SUP2 | SPD% | Stacks: 1 | Value: -0.100 | Remaining Turns: 1 | Target: 1 | Targeting: ST | Affects: ['ALL'] | DOT: False | Blast: False
        HuohuoTechniqueDebuff | From: SUS | ATK_REDUCTION | Stacks: 1 | Value: 0.250 | Remaining Turns: 2 | Target: 1 | Targeting: ST | Affects: ['SPECIAL'] | DOT: False | Blast: False
        ResoShred(SUP2) | From: SUP2 | SHRED | Stacks: 1 | Value: 0.160 | Remaining Turns: 1 | Target: 1 | Targeting: ST | Affects: ['ALL'] | DOT: False | Blast: False
        WeltSpdDebuff | From: SUP2 | SPD% | Stacks: 1 | Value: -0.100 | Remaining Turns: 2 | Target: 1 | Targeting: ST | Affects: ['ALL'] | DOT: False | Blast: False
        WeltImprisonSPD | From: SUP2 | SPD% | Stacks: 1 | Value: -0.100 | Remaining Turns: 1 | Target: 1 | Targeting: ST | Affects: ['ALL'] | DOT: False | Blast: False
        WeltWeightlessSPD | From: SUP2 | SPD% | Stacks: 1 | Value: -0.050 | Remaining Turns: 2 | Target: 1 | Targeting: ST | Affects: ['ALL'] | DOT: False | Blast: False
        WeltWeightlessShred | From: SUP2 | SHRED | Stacks: 1 | Value: 0.400 | Remaining Turns: 2 | Target: 1 | Targeting: ST | Affects: ['ALL'] | DOT: False | Blast: False
        ----------End of Debuff List----------
        ----------Healing List----------
        HuoHuoTalentHealingScaling | Targeting: Targeting.SINGLE | Healing Value: [0] | Target: ALL
        HuoHuoTalentHealingScaling | Targeting: Targeting.SINGLE | Healing Value: [0.045] | Target: ALL
        HuoHuoTalentHealingScaling | Targeting: Targeting.SINGLE | Healing Value: [0] | Target: ALL
        HuoHuoTalentHealingScaling | Targeting: Targeting.SINGLE | Healing Value: [0] | Target: ALL
        HuoHuoTalentHealingFlat | Targeting: Targeting.SINGLE | Healing Value: [0] | Target: ALL
        HuoHuoTalentHealingFlat | Targeting: Targeting.SINGLE | Healing Value: [120] | Target: ALL
        HuoHuoTalentHealingFlat | Targeting: Targeting.SINGLE | Healing Value: [0] | Target: ALL
        HuoHuoTalentHealingFlat | Targeting: Targeting.SINGLE | Healing Value: [0] | Target: ALL
        ----------End of Healing List----------
        ----------Shields List----------
        ----------End of Shields List----------
    GAUGE  - Enemy 1 toughness reduced by 20.000
    RESULT - SaberUltSmall | Saber | DPS | DMG: 495556.485 | ELADMG: 0.000 | Enemies Hit: [1] | Enemies Broken: [] | WB DMG: 0.000 | Energy: 5.000 | Amount HP Healed: 438.089 | Amount HP Lost: 0.000 | Saber Energy: 35/360 | SP: 2 | MaxSP: 5)
[WeltAllyBuff] allyTurn() invoked for attacker=Role.DPS, move=SaberUltSmall
[WeltAllyBuff] allyTurn check: attacker=Role.DPS, turnName=SaberUltSmall, dmg=495556.4850891808, elationDmg=0, enemiesHit=[1], weightlessTurns={0: 2, 1: 2, 2: 2}
[WeltAllyBuff] TRIGGERED - granting WeltAllyWeightlessDMG
    TURN   - HuoHuoAllyERR | HuoHuo | SUS | NA attack | ['WIN'] | ['SPECIAL'] | Scaling: HP | TargetID: 1 | DMG/BREAK Splits: [0, 0]/[0, 0] | Energy Gained: 1 | SP Change: 0

        ----------Char Buffs----------
        GilgameshTrace3ATK | ATK% | Stacks: 1 | Value: 0.200 | Remaining Turns: 1 | TickDown: SUS, PERM | Target: SUS | Affects: ['ALL']
        GilgameshTrace3CD | CD% | Stacks: 1 | Value: 0.200 | Remaining Turns: 1 | TickDown: SUS, PERM | Target: SUS | Affects: ['ALL']
        PostOpERR | ERR% | Stacks: 1 | Value: 0.160 | Remaining Turns: 1 | TickDown: SUS, PERM | Target: SUS | Affects: ['ALL']
        WarriorGoddessSPD | SPD% | Stacks: 1 | Value: 0.060 | Remaining Turns: 1 | TickDown: SUS, PERM | Target: SUS | Affects: ['ALL']
        KeelEFFRES | ERS% | Stacks: 1 | Value: 0.100 | Remaining Turns: 1 | TickDown: SUS, PERM | Target: SUS | Affects: ['ALL']
        KeelCD(SUS) | CD% | Stacks: 1 | Value: 0.100 | Remaining Turns: 1 | TickDown: SUS, PERM | Target: SUS | Affects: ['ALL']
        HHTraceHP | HP% | Stacks: 1 | Value: 0.280 | Remaining Turns: 1 | TickDown: SUS, PERM | Target: SUS | Affects: ['ALL']
        HHTraceERS | ERS% | Stacks: 1 | Value: 0.180 | Remaining Turns: 1 | TickDown: SUS, PERM | Target: SUS | Affects: ['ALL']
        HHTraceSPD | SPD | Stacks: 1 | Value: 5.000 | Remaining Turns: 1 | TickDown: SUS, PERM | Target: SUS | Affects: ['ALL']
        WarriorGoddessHealSPD | SPD% | Stacks: 1 | Value: 0.060 | Remaining Turns: 2 | TickDown: SUS, START | Target: SUS | Affects: ['ALL']
        WarriorGoddessHealCD | CD% | Stacks: 1 | Value: 0.150 | Remaining Turns: 2 | TickDown: SUS, START | Target: SUS | Affects: ['ALL']
        ----------End of Buff List----------
        ----------Enemy Debuffs----------
        WeltTechSPD | From: SUP2 | SPD% | Stacks: 1 | Value: -0.100 | Remaining Turns: 1 | Target: 1 | Targeting: ST | Affects: ['ALL'] | DOT: False | Blast: False
        HuohuoTechniqueDebuff | From: SUS | ATK_REDUCTION | Stacks: 1 | Value: 0.250 | Remaining Turns: 2 | Target: 1 | Targeting: ST | Affects: ['SPECIAL'] | DOT: False | Blast: False
        ResoShred(SUP2) | From: SUP2 | SHRED | Stacks: 1 | Value: 0.160 | Remaining Turns: 1 | Target: 1 | Targeting: ST | Affects: ['ALL'] | DOT: False | Blast: False
        WeltSpdDebuff | From: SUP2 | SPD% | Stacks: 1 | Value: -0.100 | Remaining Turns: 2 | Target: 1 | Targeting: ST | Affects: ['ALL'] | DOT: False | Blast: False
        WeltImprisonSPD | From: SUP2 | SPD% | Stacks: 1 | Value: -0.100 | Remaining Turns: 1 | Target: 1 | Targeting: ST | Affects: ['ALL'] | DOT: False | Blast: False
        WeltWeightlessSPD | From: SUP2 | SPD% | Stacks: 1 | Value: -0.050 | Remaining Turns: 2 | Target: 1 | Targeting: ST | Affects: ['ALL'] | DOT: False | Blast: False
        WeltWeightlessShred | From: SUP2 | SHRED | Stacks: 1 | Value: 0.400 | Remaining Turns: 2 | Target: 1 | Targeting: ST | Affects: ['ALL'] | DOT: False | Blast: False
        ----------End of Debuff List----------
        ----------Healing List----------
        ----------End of Healing List----------
        ----------Shields List----------
        ----------End of Shields List----------
    GAUGE  - Enemy 1 toughness reduced by 0.000
    RESULT - HuoHuoAllyERR | HuoHuo | SUS | DMG: 0.000 | ELADMG: 0.000 | Enemies Hit: [1] | Enemies Broken: [] | WB DMG: 0.000 | Energy: 1.354 | Amount HP Healed: 0.000 | Amount HP Lost: 0.000 | HuoHuo Energy: 11/140 | SP: 2 | MaxSP: 5)
[WeltAllyBuff] allyTurn() invoked for attacker=Role.SUS, move=HuoHuoAllyERR
[WeltAllyBuff] allyTurn check: attacker=Role.SUS, turnName=HuoHuoAllyERR, dmg=0.0, elationDmg=0, enemiesHit=[1], weightlessTurns={0: 2, 1: 2, 2: 2}
[WeltAllyBuff] skipped: no damage on this turn
ERR    > 36.000 energy added to Saber from ThanklessCoronationERR | Saber Energy: 71.000
ERR    > 108.000 energy added to Gilgamesh from GilgameshTrace1ERRAlly1 | Gilgamesh Energy: 360.000
ULT    > Gilgamesh used their ultimate
Gilgamesh Obtained 2 Interest from Ult, Current count: 15
Gilgamesh JointCounter increased by one, current count: 5
    TURN   - GilgameshUltAll | Gilgamesh | SUP1 | AOE attack | ['LNG'] | ['ULT'] | Scaling: ATK | TargetID: 1 | DMG/BREAK Splits: [4.0, 0]/[40, 0] | Energy Gained: 0 | SP Change: 0

        ----------Char Buffs----------
        ScholarCR | CR% | Stacks: 1 | Value: 0.080 | Remaining Turns: 1 | TickDown: SUP1, PERM | Target: SUP1 | Affects: ['ALL']
        ScholarDMG | DMG% | Stacks: 1 | Value: 0.200 | Remaining Turns: 1 | TickDown: SUP1, PERM | Target: SUP1 | Affects: ['SKL', 'ULT']
        GilgameshTraceATK | ATK | Stacks: 1 | Value: 0.180 | Remaining Turns: 1 | TickDown: SUP1, PERM | Target: SUP1 | Affects: ['ALL']
        GilgameshTraceCR | CR% | Stacks: 1 | Value: 0.187 | Remaining Turns: 1 | TickDown: SUP1, PERM | Target: SUP1 | Affects: ['ALL']
        GilgameshTraceDMG | DMG% | Stacks: 1 | Value: 0.080 | Remaining Turns: 1 | TickDown: SUP1, PERM | Target: SUP1 | Affects: ['ALL']
        GilgameshTrace3ATK | ATK% | Stacks: 1 | Value: 0.200 | Remaining Turns: 1 | TickDown: SUP1, PERM | Target: SUP1 | Affects: ['ALL']
        GilgameshTrace3CD | CD% | Stacks: 1 | Value: 0.200 | Remaining Turns: 1 | TickDown: SUP1, PERM | Target: SUP1 | Affects: ['ALL']
        GilgameshTrace3SelfATK | ATK% | Stacks: 1 | Value: 1.000 | Remaining Turns: 1 | TickDown: SUP1, PERM | Target: SUP1 | Affects: ['ALL']
        GilgameshTrace3SelfCD | CD% | Stacks: 1 | Value: 1.000 | Remaining Turns: 1 | TickDown: SUP1, PERM | Target: SUP1 | Affects: ['ALL']
        KeelCD(SUS) | CD% | Stacks: 1 | Value: 0.100 | Remaining Turns: 1 | TickDown: SUP1, PERM | Target: SUP1 | Affects: ['ALL']
        CosmicLifeDMG | DMG% | Stacks: 1 | Value: 0.320 | Remaining Turns: 1 | TickDown: SUP1, PERM | Target: SUP1 | Affects: ['ALL']
        Trace2CDExtra | CD% | Stacks: 1 | Value: 1.500 | Remaining Turns: 1 | TickDown: SUP1, PERM | Target: SUP1 | Affects: ['ALL']
        GilgameshInterestSPD | SPD% | Stacks: 1 | Value: 1.300 | Remaining Turns: 1 | TickDown: SUP2, PERM | Target: SUP1 | Affects: ['ALL']
        GilgameshUltDmg | DMG% | Stacks: 1 | Value: 0.400 | Remaining Turns: 3 | TickDown: SUP1, END | Target: SUP1 | Affects: ['ULT']
        WarriorGoddessHealCD | CD% | Stacks: 1 | Value: 0.150 | Remaining Turns: 2 | TickDown: SUP1, START | Target: SUP1 | Affects: ['ALL']
        HuoHuoUltATK | ATK% | Stacks: 1 | Value: 0.400 | Remaining Turns: 1 | TickDown: SUP1, END | Target: SUP1 | Affects: ['ALL']
        HuoHuoUltExtraATK | ATK% | Stacks: 1 | Value: 0.240 | Remaining Turns: 1 | TickDown: SUP1, END | Target: SUP1 | Affects: ['ALL']
        AeonATK | ATK% | Stacks: 1 | Value: 0.160 | Remaining Turns: 1 | TickDown: SUP1, PERM | Target: SUP1 | Affects: ['ALL']
        WeltAllyWeightlessDMG | DMG% | Stacks: 1 | Value: 0.100 | Remaining Turns: 1 | TickDown: SUP1, END | Target: SUP1 | Affects: ['ALL']
        ----------End of Buff List----------
        ----------Enemy Debuffs----------
        WeltTechSPD | From: SUP2 | SPD% | Stacks: 1 | Value: -0.100 | Remaining Turns: 1 | Target: 1 | Targeting: ST | Affects: ['ALL'] | DOT: False | Blast: False
        HuohuoTechniqueDebuff | From: SUS | ATK_REDUCTION | Stacks: 1 | Value: 0.250 | Remaining Turns: 2 | Target: 1 | Targeting: ST | Affects: ['SPECIAL'] | DOT: False | Blast: False
        ResoShred(SUP2) | From: SUP2 | SHRED | Stacks: 1 | Value: 0.160 | Remaining Turns: 1 | Target: 1 | Targeting: ST | Affects: ['ALL'] | DOT: False | Blast: False
        WeltSpdDebuff | From: SUP2 | SPD% | Stacks: 1 | Value: -0.100 | Remaining Turns: 2 | Target: 1 | Targeting: ST | Affects: ['ALL'] | DOT: False | Blast: False
        WeltImprisonSPD | From: SUP2 | SPD% | Stacks: 1 | Value: -0.100 | Remaining Turns: 1 | Target: 1 | Targeting: ST | Affects: ['ALL'] | DOT: False | Blast: False
        WeltWeightlessSPD | From: SUP2 | SPD% | Stacks: 1 | Value: -0.050 | Remaining Turns: 2 | Target: 1 | Targeting: ST | Affects: ['ALL'] | DOT: False | Blast: False
        WeltWeightlessShred | From: SUP2 | SHRED | Stacks: 1 | Value: 0.400 | Remaining Turns: 2 | Target: 1 | Targeting: ST | Affects: ['ALL'] | DOT: False | Blast: False
        ----------End of Debuff List----------
        ----------Healing List----------
        ----------End of Healing List----------
        ----------Shields List----------
        ----------End of Shields List----------
    GAUGE  - Enemy 0 toughness reduced by 0.000
    GAUGE  - Enemy 1 toughness reduced by 0.000
    GAUGE  - Enemy 2 toughness reduced by 0.000
    RESULT - GilgameshUltAll | Gilgamesh | SUP1 | DMG: 335517.675 | ELADMG: 0.000 | Enemies Hit: [0, 1, 2] | Enemies Broken: [] | WB DMG: 0.000 | Energy: 0.000 | Amount HP Healed: 0.000 | Amount HP Lost: 0.000 | Gilgamesh Energy: 0/360 | SP: 2 | MaxSP: 5)
Saber got 3 Core Resonance from Talent, Current Count: 6
[WeltAllyBuff] allyTurn() invoked for attacker=Role.SUP1, move=GilgameshUltAll
[WeltAllyBuff] allyTurn check: attacker=Role.SUP1, turnName=GilgameshUltAll, dmg=335517.67477590276, elationDmg=0, enemiesHit=[0, 1, 2], weightlessTurns={0: 2, 1: 2, 2: 2}
[WeltAllyBuff] TRIGGERED - granting WeltAllyWeightlessDMG
    TURN   - GilgameshUltSingle | Gilgamesh | SUP1 | ST attack | ['LNG'] | ['ULT'] | Scaling: ATK | TargetID: 1 | DMG/BREAK Splits: [10.0, 0]/[20, 0] | Energy Gained: 5 | SP Change: 0

        ----------Char Buffs----------
        ScholarCR | CR% | Stacks: 1 | Value: 0.080 | Remaining Turns: 1 | TickDown: SUP1, PERM | Target: SUP1 | Affects: ['ALL']
        ScholarDMG | DMG% | Stacks: 1 | Value: 0.200 | Remaining Turns: 1 | TickDown: SUP1, PERM | Target: SUP1 | Affects: ['SKL', 'ULT']
        GilgameshTraceATK | ATK | Stacks: 1 | Value: 0.180 | Remaining Turns: 1 | TickDown: SUP1, PERM | Target: SUP1 | Affects: ['ALL']
        GilgameshTraceCR | CR% | Stacks: 1 | Value: 0.187 | Remaining Turns: 1 | TickDown: SUP1, PERM | Target: SUP1 | Affects: ['ALL']
        GilgameshTraceDMG | DMG% | Stacks: 1 | Value: 0.080 | Remaining Turns: 1 | TickDown: SUP1, PERM | Target: SUP1 | Affects: ['ALL']
        GilgameshTrace3ATK | ATK% | Stacks: 1 | Value: 0.200 | Remaining Turns: 1 | TickDown: SUP1, PERM | Target: SUP1 | Affects: ['ALL']
        GilgameshTrace3CD | CD% | Stacks: 1 | Value: 0.200 | Remaining Turns: 1 | TickDown: SUP1, PERM | Target: SUP1 | Affects: ['ALL']
        GilgameshTrace3SelfATK | ATK% | Stacks: 1 | Value: 1.000 | Remaining Turns: 1 | TickDown: SUP1, PERM | Target: SUP1 | Affects: ['ALL']
        GilgameshTrace3SelfCD | CD% | Stacks: 1 | Value: 1.000 | Remaining Turns: 1 | TickDown: SUP1, PERM | Target: SUP1 | Affects: ['ALL']
        KeelCD(SUS) | CD% | Stacks: 1 | Value: 0.100 | Remaining Turns: 1 | TickDown: SUP1, PERM | Target: SUP1 | Affects: ['ALL']
        CosmicLifeDMG | DMG% | Stacks: 1 | Value: 0.320 | Remaining Turns: 1 | TickDown: SUP1, PERM | Target: SUP1 | Affects: ['ALL']
        Trace2CDExtra | CD% | Stacks: 1 | Value: 1.500 | Remaining Turns: 1 | TickDown: SUP1, PERM | Target: SUP1 | Affects: ['ALL']
        GilgameshInterestSPD | SPD% | Stacks: 1 | Value: 1.500 | Remaining Turns: 1 | TickDown: SUP2, PERM | Target: SUP1 | Affects: ['ALL']
        GilgameshUltDmg | DMG% | Stacks: 1 | Value: 0.400 | Remaining Turns: 3 | TickDown: SUP1, END | Target: SUP1 | Affects: ['ULT']
        WarriorGoddessHealCD | CD% | Stacks: 1 | Value: 0.150 | Remaining Turns: 2 | TickDown: SUP1, START | Target: SUP1 | Affects: ['ALL']
        HuoHuoUltATK | ATK% | Stacks: 1 | Value: 0.400 | Remaining Turns: 1 | TickDown: SUP1, END | Target: SUP1 | Affects: ['ALL']
        HuoHuoUltExtraATK | ATK% | Stacks: 1 | Value: 0.240 | Remaining Turns: 1 | TickDown: SUP1, END | Target: SUP1 | Affects: ['ALL']
        AeonATK | ATK% | Stacks: 1 | Value: 0.320 | Remaining Turns: 1 | TickDown: SUP1, PERM | Target: SUP1 | Affects: ['ALL']
        WeltAllyWeightlessDMG | DMG% | Stacks: 2 | Value: 0.200 | Remaining Turns: 2 | TickDown: SUP1, END | Target: SUP1 | Affects: ['ALL']
        ----------End of Buff List----------
        ----------Enemy Debuffs----------
        WeltTechSPD | From: SUP2 | SPD% | Stacks: 1 | Value: -0.100 | Remaining Turns: 1 | Target: 1 | Targeting: ST | Affects: ['ALL'] | DOT: False | Blast: False
        HuohuoTechniqueDebuff | From: SUS | ATK_REDUCTION | Stacks: 1 | Value: 0.250 | Remaining Turns: 2 | Target: 1 | Targeting: ST | Affects: ['SPECIAL'] | DOT: False | Blast: False
        ResoShred(SUP2) | From: SUP2 | SHRED | Stacks: 1 | Value: 0.160 | Remaining Turns: 1 | Target: 1 | Targeting: ST | Affects: ['ALL'] | DOT: False | Blast: False
        WeltSpdDebuff | From: SUP2 | SPD% | Stacks: 1 | Value: -0.100 | Remaining Turns: 2 | Target: 1 | Targeting: ST | Affects: ['ALL'] | DOT: False | Blast: False
        WeltImprisonSPD | From: SUP2 | SPD% | Stacks: 1 | Value: -0.100 | Remaining Turns: 1 | Target: 1 | Targeting: ST | Affects: ['ALL'] | DOT: False | Blast: False
        WeltWeightlessSPD | From: SUP2 | SPD% | Stacks: 1 | Value: -0.050 | Remaining Turns: 2 | Target: 1 | Targeting: ST | Affects: ['ALL'] | DOT: False | Blast: False
        WeltWeightlessShred | From: SUP2 | SHRED | Stacks: 1 | Value: 0.400 | Remaining Turns: 2 | Target: 1 | Targeting: ST | Affects: ['ALL'] | DOT: False | Blast: False
        ----------End of Debuff List----------
        ----------Healing List----------
        HuoHuoTalentHealingScaling | Targeting: Targeting.SINGLE | Healing Value: [0] | Target: ALL
        HuoHuoTalentHealingScaling | Targeting: Targeting.SINGLE | Healing Value: [0.045] | Target: ALL
        HuoHuoTalentHealingScaling | Targeting: Targeting.SINGLE | Healing Value: [0] | Target: ALL
        HuoHuoTalentHealingScaling | Targeting: Targeting.SINGLE | Healing Value: [0] | Target: ALL
        HuoHuoTalentHealingFlat | Targeting: Targeting.SINGLE | Healing Value: [0] | Target: ALL
        HuoHuoTalentHealingFlat | Targeting: Targeting.SINGLE | Healing Value: [120] | Target: ALL
        HuoHuoTalentHealingFlat | Targeting: Targeting.SINGLE | Healing Value: [0] | Target: ALL
        HuoHuoTalentHealingFlat | Targeting: Targeting.SINGLE | Healing Value: [0] | Target: ALL
        ----------End of Healing List----------
        ----------Shields List----------
        ----------End of Shields List----------
    GAUGE  - Enemy 1 toughness reduced by 0.000
    RESULT - GilgameshUltSingle | Gilgamesh | SUP1 | DMG: 302880.472 | ELADMG: 0.000 | Enemies Hit: [1] | Enemies Broken: [] | WB DMG: 0.000 | Energy: 5.000 | Amount HP Healed: 438.089 | Amount HP Lost: 0.000 | Gilgamesh Energy: 5/360 | SP: 2 | MaxSP: 5)
[WeltAllyBuff] allyTurn() invoked for attacker=Role.SUP1, move=GilgameshUltSingle
[WeltAllyBuff] allyTurn check: attacker=Role.SUP1, turnName=GilgameshUltSingle, dmg=302880.47246798384, elationDmg=0, enemiesHit=[1], weightlessTurns={0: 2, 1: 2, 2: 2}
[WeltAllyBuff] TRIGGERED - granting WeltAllyWeightlessDMG
    TURN   - HuoHuoAllyERR | HuoHuo | SUS | NA attack | ['WIN'] | ['SPECIAL'] | Scaling: HP | TargetID: 1 | DMG/BREAK Splits: [0, 0]/[0, 0] | Energy Gained: 1 | SP Change: 0

        ----------Char Buffs----------
        GilgameshTrace3ATK | ATK% | Stacks: 1 | Value: 0.200 | Remaining Turns: 1 | TickDown: SUS, PERM | Target: SUS | Affects: ['ALL']
        GilgameshTrace3CD | CD% | Stacks: 1 | Value: 0.200 | Remaining Turns: 1 | TickDown: SUS, PERM | Target: SUS | Affects: ['ALL']
        PostOpERR | ERR% | Stacks: 1 | Value: 0.160 | Remaining Turns: 1 | TickDown: SUS, PERM | Target: SUS | Affects: ['ALL']
        WarriorGoddessSPD | SPD% | Stacks: 1 | Value: 0.060 | Remaining Turns: 1 | TickDown: SUS, PERM | Target: SUS | Affects: ['ALL']
        KeelEFFRES | ERS% | Stacks: 1 | Value: 0.100 | Remaining Turns: 1 | TickDown: SUS, PERM | Target: SUS | Affects: ['ALL']
        KeelCD(SUS) | CD% | Stacks: 1 | Value: 0.100 | Remaining Turns: 1 | TickDown: SUS, PERM | Target: SUS | Affects: ['ALL']
        HHTraceHP | HP% | Stacks: 1 | Value: 0.280 | Remaining Turns: 1 | TickDown: SUS, PERM | Target: SUS | Affects: ['ALL']
        HHTraceERS | ERS% | Stacks: 1 | Value: 0.180 | Remaining Turns: 1 | TickDown: SUS, PERM | Target: SUS | Affects: ['ALL']
        HHTraceSPD | SPD | Stacks: 1 | Value: 5.000 | Remaining Turns: 1 | TickDown: SUS, PERM | Target: SUS | Affects: ['ALL']
        WarriorGoddessHealSPD | SPD% | Stacks: 1 | Value: 0.060 | Remaining Turns: 2 | TickDown: SUS, START | Target: SUS | Affects: ['ALL']
        WarriorGoddessHealCD | CD% | Stacks: 1 | Value: 0.150 | Remaining Turns: 2 | TickDown: SUS, START | Target: SUS | Affects: ['ALL']
        ----------End of Buff List----------
        ----------Enemy Debuffs----------
        WeltTechSPD | From: SUP2 | SPD% | Stacks: 1 | Value: -0.100 | Remaining Turns: 1 | Target: 1 | Targeting: ST | Affects: ['ALL'] | DOT: False | Blast: False
        HuohuoTechniqueDebuff | From: SUS | ATK_REDUCTION | Stacks: 1 | Value: 0.250 | Remaining Turns: 2 | Target: 1 | Targeting: ST | Affects: ['SPECIAL'] | DOT: False | Blast: False
        ResoShred(SUP2) | From: SUP2 | SHRED | Stacks: 1 | Value: 0.160 | Remaining Turns: 1 | Target: 1 | Targeting: ST | Affects: ['ALL'] | DOT: False | Blast: False
        WeltSpdDebuff | From: SUP2 | SPD% | Stacks: 1 | Value: -0.100 | Remaining Turns: 2 | Target: 1 | Targeting: ST | Affects: ['ALL'] | DOT: False | Blast: False
        WeltImprisonSPD | From: SUP2 | SPD% | Stacks: 1 | Value: -0.100 | Remaining Turns: 1 | Target: 1 | Targeting: ST | Affects: ['ALL'] | DOT: False | Blast: False
        WeltWeightlessSPD | From: SUP2 | SPD% | Stacks: 1 | Value: -0.050 | Remaining Turns: 2 | Target: 1 | Targeting: ST | Affects: ['ALL'] | DOT: False | Blast: False
        WeltWeightlessShred | From: SUP2 | SHRED | Stacks: 1 | Value: 0.400 | Remaining Turns: 2 | Target: 1 | Targeting: ST | Affects: ['ALL'] | DOT: False | Blast: False
        ----------End of Debuff List----------
        ----------Healing List----------
        ----------End of Healing List----------
        ----------Shields List----------
        ----------End of Shields List----------
    GAUGE  - Enemy 1 toughness reduced by 0.000
    RESULT - HuoHuoAllyERR | HuoHuo | SUS | DMG: 0.000 | ELADMG: 0.000 | Enemies Hit: [1] | Enemies Broken: [] | WB DMG: 0.000 | Energy: 1.354 | Amount HP Healed: 0.000 | Amount HP Lost: 0.000 | HuoHuo Energy: 12/140 | SP: 2 | MaxSP: 5)
[WeltAllyBuff] allyTurn() invoked for attacker=Role.SUS, move=HuoHuoAllyERR
[WeltAllyBuff] allyTurn check: attacker=Role.SUS, turnName=HuoHuoAllyERR, dmg=0.0, elationDmg=0, enemiesHit=[1], weightlessTurns={0: 2, 1: 2, 2: 2}
[WeltAllyBuff] skipped: no damage on this turn
SPD    > Gilgamesh speed changed to 283.632 | NewAV: 35.257
AV     > Saber AV reset to 76.551 | 130.632 SPD
DELAY  > Enemy 1 delayed by 4.0% from WeltWeightlessDelay | NewAV: 13.852
DELAY  > Enemy 0 delayed by 4.0% from WeltWeightlessDelay | NewAV: 26.099
DELAY  > Enemy 2 delayed by 4.0% from WeltWeightlessDelay | NewAV: 26.099
DELAY  > Enemy 0 delayed by 4.0% from WeltWeightlessDelay | NewAV: 28.378
DELAY  > Enemy 1 delayed by 4.0% from WeltWeightlessDelay | NewAV: 15.723
DELAY  > Enemy 2 delayed by 4.0% from WeltWeightlessDelay | NewAV: 28.378
DELAY  > Enemy 0 delayed by 4.0% from WeltWeightlessDelay | NewAV: 30.657
DELAY  > Enemy 1 delayed by 4.0% from WeltWeightlessDelay | NewAV: 17.593
DELAY  > Enemy 2 delayed by 4.0% from WeltWeightlessDelay | NewAV: 30.657

<<< NEW TURN >>>
-   Enemy 1 AV: 0.000 ENERGY: 0.000 MaxHP: 5000000.000 CurrHp 3858667.452 ShieldHP: 0.000
-   Enemy 0 AV: 13.064 ENERGY: 0.000 MaxHP: 2000000.000 CurrHp 1700475.044 ShieldHP: 0.000
-   Enemy 2 AV: 13.064 ENERGY: 0.000 MaxHP: 2000000.000 CurrHp 1700475.044 ShieldHP: 0.000
-   Gilgamesh AV: 17.664 ENERGY: 5.000 MaxHP: 3134.558 CurrHp 3134.558 ShieldHP: 0.000
-   HuoHuo AV: 39.989 ENERGY: 12.190 MaxHP: 6139.808 CurrHp 6139.808 ShieldHP: 0.000
-   Welt AV: 42.342 ENERGY: 36.444 MaxHP: 3270.753 CurrHp 3270.753 ShieldHP: 0.000
-   Saber AV: 58.958 ENERGY: 71.000 MaxHP: 3366.991 CurrHp 3366.991 ShieldHP: 0.000

Combat context set: 3 enemies, 4 players
Combat context initialized: 3 enemies, Elation team size: 0
ACTION > [ENEMY] TotalAV: 86.997 | TurnAV: 17.593 | Enemy 1 | 1 attacks
    CharEnergy - Saber: Hit 6.667 Total: 77.667 | Gilgamesh: Hit 10.000 Total: 15.000 | Welt: Hit 10.000 Total: 48.888 | HuoHuo: Hit 3.333 Total: 16.704 |
    ENEMY  - Enemy 1 [aoe] dealt 210.4 to Gilgamesh (energy: 3.3, DEF: 1794, atkMul: 0.75, dmgMul: 1.00) | Shield Absorbed: 0.0 | HP Lost: 210.4 | HP: 2924/3135 | Shield HP: 0
    ENEMY  - Enemy 1 [aoe] dealt 174.0 to Saber (energy: 3.3, DEF: 2409, atkMul: 0.75, dmgMul: 1.00) | Shield Absorbed: 0.0 | HP Lost: 174.0 | HP: 3193/3367 | Shield HP: 0
    ENEMY  - Enemy 1 [aoe] dealt 253.2 to Welt (energy: 3.3, DEF: 1296, atkMul: 0.75, dmgMul: 1.00) | Shield Absorbed: 0.0 | HP Lost: 253.2 | HP: 3018/3271 | Shield HP: 0
    ENEMY  - Enemy 1 [aoe] dealt 253.2 to Welt (energy: 3.3, DEF: 1296, atkMul: 0.75, dmgMul: 1.00) | Shield Absorbed: 0.0 | HP Lost: 253.2 | HP: 2764/3271 | Shield HP: 0
    ENEMY  - Enemy 1 [aoe] dealt 210.4 to Gilgamesh (energy: 3.3, DEF: 1794, atkMul: 0.75, dmgMul: 1.00) | Shield Absorbed: 0.0 | HP Lost: 210.4 | HP: 2714/3135 | Shield HP: 0
    ENEMY  - Enemy 1 [aoe] dealt 174.0 to HuoHuo (energy: 3.3, DEF: 2410, atkMul: 0.75, dmgMul: 1.00) | Shield Absorbed: 0.0 | HP Lost: 174.0 | HP: 5966/6140 | Shield HP: 0
    ENEMY  - Enemy 1 [aoe] dealt 210.4 to Gilgamesh (energy: 3.3, DEF: 1794, atkMul: 0.75, dmgMul: 1.00) | Shield Absorbed: 0.0 | HP Lost: 210.4 | HP: 2503/3135 | Shield HP: 0
    ENEMY  - Enemy 1 [aoe] dealt 174.0 to Saber (energy: 3.3, DEF: 2409, atkMul: 0.75, dmgMul: 1.00) | Shield Absorbed: 0.0 | HP Lost: 174.0 | HP: 3019/3367 | Shield HP: 0
    ENEMY  - Enemy 1 [aoe] dealt 253.2 to Welt (energy: 3.3, DEF: 1296, atkMul: 0.75, dmgMul: 1.00) | Shield Absorbed: 0.0 | HP Lost: 253.2 | HP: 2511/3271 | Shield HP: 0
        Debuff WeltTechSPD expired
        Debuff ResoShred(SUP2) expired
        Debuff WeltImprisonSPD expired
AV     > Enemy 1 AV reset to 54.897 | 182.160 SPD

<<< NEW TURN >>>
-   Enemy 0 AV: 0.000 ENERGY: 0.000 MaxHP: 2000000.000 CurrHp 1700475.044 ShieldHP: 0.000
-   Enemy 2 AV: 0.000 ENERGY: 0.000 MaxHP: 2000000.000 CurrHp 1700475.044 ShieldHP: 0.000
-   Gilgamesh AV: 4.600 ENERGY: 15.000 MaxHP: 3134.558 CurrHp 2503.497 ShieldHP: 0.000
-   HuoHuo AV: 26.926 ENERGY: 16.704 MaxHP: 6139.808 CurrHp 5965.852 ShieldHP: 0.000
-   Welt AV: 29.279 ENERGY: 48.888 MaxHP: 3270.753 CurrHp 2511.286 ShieldHP: 0.000
-   Enemy 1 AV: 41.833 ENERGY: 0.000 MaxHP: 5000000.000 CurrHp 3858667.452 ShieldHP: 0.000
-   Saber AV: 45.894 ENERGY: 77.667 MaxHP: 3366.991 CurrHp 3018.949 ShieldHP: 0.000

Combat context set: 3 enemies, 4 players
Combat context initialized: 3 enemies, Elation team size: 0
[WeltAllyBuff] enemy turn-boundary detected for eid=1 (prevAV=0.0, currAV=41.833239549532905); weightlessTurns before={0: 2, 1: 2, 2: 2}
[WeltAllyBuff] weightlessTurns after={0: 2, 1: 1, 2: 2}
ACTION > [ENEMY] TotalAV: 100.061 | TurnAV: 13.064 | Enemy 0 | 1 attacks
    CharEnergy - Saber: Hit 6.667 Total: 84.333 | Gilgamesh: Hit 10.000 Total: 25.000 | Welt: Hit 6.667 Total: 57.184 | HuoHuo: Hit 3.333 Total: 21.219 |
    ENEMY  - Enemy 0 [aoe] dealt 210.4 to Gilgamesh (energy: 3.3, DEF: 1794, atkMul: 0.75, dmgMul: 1.00) | Shield Absorbed: 0.0 | HP Lost: 210.4 | HP: 2293/3135 | Shield HP: 0
    ENEMY  - Enemy 0 [aoe] dealt 174.0 to Saber (energy: 3.3, DEF: 2409, atkMul: 0.75, dmgMul: 1.00) | Shield Absorbed: 0.0 | HP Lost: 174.0 | HP: 2845/3367 | Shield HP: 0
    ENEMY  - Enemy 0 [aoe] dealt 253.2 to Welt (energy: 3.3, DEF: 1296, atkMul: 0.75, dmgMul: 1.00) | Shield Absorbed: 0.0 | HP Lost: 253.2 | HP: 2258/3271 | Shield HP: 0
    ENEMY  - Enemy 0 [aoe] dealt 174.0 to Saber (energy: 3.3, DEF: 2409, atkMul: 0.75, dmgMul: 1.00) | Shield Absorbed: 0.0 | HP Lost: 174.0 | HP: 2671/3367 | Shield HP: 0
    ENEMY  - Enemy 0 [aoe] dealt 210.4 to Gilgamesh (energy: 3.3, DEF: 1794, atkMul: 0.75, dmgMul: 1.00) | Shield Absorbed: 0.0 | HP Lost: 210.4 | HP: 2083/3135 | Shield HP: 0
    ENEMY  - Enemy 0 [aoe] dealt 253.2 to Welt (energy: 3.3, DEF: 1296, atkMul: 0.75, dmgMul: 1.00) | Shield Absorbed: 0.0 | HP Lost: 253.2 | HP: 2005/3271 | Shield HP: 0
    ENEMY  - Enemy 0 [aoe] dealt 210.4 to Gilgamesh (energy: 3.3, DEF: 1794, atkMul: 0.75, dmgMul: 1.00) | Shield Absorbed: 0.0 | HP Lost: 210.4 | HP: 1872/3135 | Shield HP: 0
    ENEMY  - Enemy 0 [aoe] dealt 174.0 to HuoHuo (energy: 3.3, DEF: 2410, atkMul: 0.75, dmgMul: 1.00) | Shield Absorbed: 0.0 | HP Lost: 174.0 | HP: 5792/6140 | Shield HP: 0
        Debuff WeltTechSPD expired
        Debuff ResoShred(SUP2) expired
        Debuff WeltImprisonSPD expired
AV     > Enemy 0 AV reset to 66.890 | 149.500 SPD

<<< NEW TURN >>>
-   Enemy 2 AV: 0.000 ENERGY: 0.000 MaxHP: 2000000.000 CurrHp 1700475.044 ShieldHP: 0.000
-   Gilgamesh AV: 4.600 ENERGY: 25.000 MaxHP: 3134.558 CurrHp 1872.436 ShieldHP: 0.000
-   HuoHuo AV: 26.926 ENERGY: 21.219 MaxHP: 6139.808 CurrHp 5791.896 ShieldHP: 0.000
-   Welt AV: 29.279 ENERGY: 57.184 MaxHP: 3270.753 CurrHp 2004.974 ShieldHP: 0.000
-   Enemy 1 AV: 41.833 ENERGY: 0.000 MaxHP: 5000000.000 CurrHp 3858667.452 ShieldHP: 0.000
-   Saber AV: 45.894 ENERGY: 84.333 MaxHP: 3366.991 CurrHp 2670.908 ShieldHP: 0.000
-   Enemy 0 AV: 66.890 ENERGY: 0.000 MaxHP: 2000000.000 CurrHp 1700475.044 ShieldHP: 0.000

Combat context set: 3 enemies, 4 players
Combat context initialized: 3 enemies, Elation team size: 0
[WeltAllyBuff] enemy turn-boundary detected for eid=0 (prevAV=0.0, currAV=66.88963210702342); weightlessTurns before={0: 2, 1: 1, 2: 2}
[WeltAllyBuff] weightlessTurns after={0: 1, 1: 1, 2: 2}
ACTION > [ENEMY] TotalAV: 100.061 | TurnAV: 0.000 | Enemy 2 | 1 attacks
    CharEnergy - Saber: Hit 6.667 Total: 91.000 | Gilgamesh: Hit 10.000 Total: 35.000 | Welt: Hit 6.667 Total: 65.480 | HuoHuo: Hit 3.333 Total: 25.733 |
    ENEMY  - Enemy 2 [aoe] dealt 210.4 to Gilgamesh (energy: 3.3, DEF: 1794, atkMul: 0.75, dmgMul: 1.00) | Shield Absorbed: 0.0 | HP Lost: 210.4 | HP: 1662/3135 | Shield HP: 0
    ENEMY  - Enemy 2 [aoe] dealt 174.0 to Saber (energy: 3.3, DEF: 2409, atkMul: 0.75, dmgMul: 1.00) | Shield Absorbed: 0.0 | HP Lost: 174.0 | HP: 2497/3367 | Shield HP: 0
    ENEMY  - Enemy 2 [aoe] dealt 253.2 to Welt (energy: 3.3, DEF: 1296, atkMul: 0.75, dmgMul: 1.00) | Shield Absorbed: 0.0 | HP Lost: 253.2 | HP: 1752/3271 | Shield HP: 0
    ENEMY  - Enemy 2 [aoe] dealt 174.0 to Saber (energy: 3.3, DEF: 2409, atkMul: 0.75, dmgMul: 1.00) | Shield Absorbed: 0.0 | HP Lost: 174.0 | HP: 2323/3367 | Shield HP: 0
    ENEMY  - Enemy 2 [aoe] dealt 210.4 to Gilgamesh (energy: 3.3, DEF: 1794, atkMul: 0.75, dmgMul: 1.00) | Shield Absorbed: 0.0 | HP Lost: 210.4 | HP: 1452/3135 | Shield HP: 0
    ENEMY  - Enemy 2 [aoe] dealt 253.2 to Welt (energy: 3.3, DEF: 1296, atkMul: 0.75, dmgMul: 1.00) | Shield Absorbed: 0.0 | HP Lost: 253.2 | HP: 1499/3271 | Shield HP: 0
    ENEMY  - Enemy 2 [aoe] dealt 210.4 to Gilgamesh (energy: 3.3, DEF: 1794, atkMul: 0.75, dmgMul: 1.00) | Shield Absorbed: 0.0 | HP Lost: 210.4 | HP: 1241/3135 | Shield HP: 0
    ENEMY  - Enemy 2 [aoe] dealt 174.0 to HuoHuo (energy: 3.3, DEF: 2410, atkMul: 0.75, dmgMul: 1.00) | Shield Absorbed: 0.0 | HP Lost: 174.0 | HP: 5618/6140 | Shield HP: 0
        Debuff WeltTechSPD expired
        Debuff ResoShred(SUP2) expired
        Debuff WeltImprisonSPD expired
AV     > Enemy 2 AV reset to 66.890 | 149.500 SPD

<<< NEW TURN >>>
-   Gilgamesh AV: 0.000 ENERGY: 35.000 MaxHP: 3134.558 CurrHp 1241.375 ShieldHP: 0.000
-   HuoHuo AV: 22.326 ENERGY: 25.733 MaxHP: 6139.808 CurrHp 5617.940 ShieldHP: 0.000
-   Welt AV: 24.679 ENERGY: 65.480 MaxHP: 3270.753 CurrHp 1498.663 ShieldHP: 0.000
-   Enemy 1 AV: 37.233 ENERGY: 0.000 MaxHP: 5000000.000 CurrHp 3858667.452 ShieldHP: 0.000
-   Saber AV: 41.294 ENERGY: 91.000 MaxHP: 3366.991 CurrHp 2322.867 ShieldHP: 0.000
-   Enemy 2 AV: 62.290 ENERGY: 0.000 MaxHP: 2000000.000 CurrHp 1700475.044 ShieldHP: 0.000
-   Enemy 0 AV: 62.290 ENERGY: 0.000 MaxHP: 2000000.000 CurrHp 1700475.044 ShieldHP: 0.000

Combat context set: 3 enemies, 4 players
Combat context initialized: 3 enemies, Elation team size: 0
[WeltAllyBuff] enemy turn-boundary detected for eid=2 (prevAV=0.0, currAV=62.28963130835264); weightlessTurns before={0: 1, 1: 1, 2: 2}
[WeltAllyBuff] weightlessTurns after={0: 1, 1: 1, 2: 1}
ACTION > [CHAR] TotalAV: 104.661 | TurnAV: 4.600 | Gilgamesh | E-move
Gilgamesh JointCounter increased by one, current count: 6
    TURN   - GilgameshSkill | Gilgamesh | SUP1 | BLAST attack | ['LNG'] | ['SKL'] | Scaling: ATK | TargetID: 1 | DMG/BREAK Splits: [2.8, 1.4]/[20, 10] | Energy Gained: 30 | SP Change: 0

        ----------Char Buffs----------
        ScholarCR | CR% | Stacks: 1 | Value: 0.080 | Remaining Turns: 1 | TickDown: SUP1, PERM | Target: SUP1 | Affects: ['ALL']
        ScholarDMG | DMG% | Stacks: 1 | Value: 0.200 | Remaining Turns: 1 | TickDown: SUP1, PERM | Target: SUP1 | Affects: ['SKL', 'ULT']
        GilgameshTraceATK | ATK | Stacks: 1 | Value: 0.180 | Remaining Turns: 1 | TickDown: SUP1, PERM | Target: SUP1 | Affects: ['ALL']
        GilgameshTraceCR | CR% | Stacks: 1 | Value: 0.187 | Remaining Turns: 1 | TickDown: SUP1, PERM | Target: SUP1 | Affects: ['ALL']
        GilgameshTraceDMG | DMG% | Stacks: 1 | Value: 0.080 | Remaining Turns: 1 | TickDown: SUP1, PERM | Target: SUP1 | Affects: ['ALL']
        GilgameshTrace3ATK | ATK% | Stacks: 1 | Value: 0.200 | Remaining Turns: 1 | TickDown: SUP1, PERM | Target: SUP1 | Affects: ['ALL']
        GilgameshTrace3CD | CD% | Stacks: 1 | Value: 0.200 | Remaining Turns: 1 | TickDown: SUP1, PERM | Target: SUP1 | Affects: ['ALL']
        GilgameshTrace3SelfATK | ATK% | Stacks: 1 | Value: 1.000 | Remaining Turns: 1 | TickDown: SUP1, PERM | Target: SUP1 | Affects: ['ALL']
        GilgameshTrace3SelfCD | CD% | Stacks: 1 | Value: 1.000 | Remaining Turns: 1 | TickDown: SUP1, PERM | Target: SUP1 | Affects: ['ALL']
        KeelCD(SUS) | CD% | Stacks: 1 | Value: 0.100 | Remaining Turns: 1 | TickDown: SUP1, PERM | Target: SUP1 | Affects: ['ALL']
        CosmicLifeDMG | DMG% | Stacks: 1 | Value: 0.320 | Remaining Turns: 1 | TickDown: SUP1, PERM | Target: SUP1 | Affects: ['ALL']
        Trace2CDExtra | CD% | Stacks: 1 | Value: 1.500 | Remaining Turns: 1 | TickDown: SUP1, PERM | Target: SUP1 | Affects: ['ALL']
        GilgameshInterestSPD | SPD% | Stacks: 1 | Value: 1.500 | Remaining Turns: 1 | TickDown: SUP2, PERM | Target: SUP1 | Affects: ['ALL']
        WarriorGoddessHealCD | CD% | Stacks: 1 | Value: 0.150 | Remaining Turns: 1 | TickDown: SUP1, START | Target: SUP1 | Affects: ['ALL']
        HuoHuoUltATK | ATK% | Stacks: 1 | Value: 0.400 | Remaining Turns: 1 | TickDown: SUP1, END | Target: SUP1 | Affects: ['ALL']
        HuoHuoUltExtraATK | ATK% | Stacks: 1 | Value: 0.240 | Remaining Turns: 1 | TickDown: SUP1, END | Target: SUP1 | Affects: ['ALL']
        AeonATK | ATK% | Stacks: 1 | Value: 0.320 | Remaining Turns: 1 | TickDown: SUP1, PERM | Target: SUP1 | Affects: ['ALL']
        WeltAllyWeightlessDMG | DMG% | Stacks: 3 | Value: 0.300 | Remaining Turns: 2 | TickDown: SUP1, END | Target: SUP1 | Affects: ['ALL']
        ScholarBonusDMG | DMG% | Stacks: 1 | Value: 0.250 | Remaining Turns: 1 | TickDown: SUP1, START | Target: SUP1 | Affects: ['SKL']
        GilgameshSKLShred | SHRED | Stacks: 1 | Value: 0.300 | Remaining Turns: 3 | TickDown: SUP1, END | Target: SUP1 | Affects: ['ALL']
        ----------End of Buff List----------
        ----------Enemy Debuffs----------
        HuohuoTechniqueDebuff | From: SUS | ATK_REDUCTION | Stacks: 1 | Value: 0.250 | Remaining Turns: 1 | Target: 1 | Targeting: ST | Affects: ['SPECIAL'] | DOT: False | Blast: False
        WeltSpdDebuff | From: SUP2 | SPD% | Stacks: 1 | Value: -0.100 | Remaining Turns: 1 | Target: 1 | Targeting: ST | Affects: ['ALL'] | DOT: False | Blast: False
        WeltWeightlessSPD | From: SUP2 | SPD% | Stacks: 1 | Value: -0.050 | Remaining Turns: 1 | Target: 1 | Targeting: ST | Affects: ['ALL'] | DOT: False | Blast: False
        WeltWeightlessShred | From: SUP2 | SHRED | Stacks: 1 | Value: 0.400 | Remaining Turns: 1 | Target: 1 | Targeting: ST | Affects: ['ALL'] | DOT: False | Blast: False
        ----------End of Debuff List----------
        ----------Healing List----------
        ----------End of Healing List----------
        ----------Shields List----------
        ----------End of Shields List----------
    GAUGE  - Enemy 1 toughness reduced by 0.000
    GAUGE  - Enemy 0 toughness reduced by 0.000
    GAUGE  - Enemy 2 toughness reduced by 0.000
    RESULT - GilgameshSkill | Gilgamesh | SUP1 | DMG: 186248.159 | ELADMG: 0.000 | Enemies Hit: [1, 0, 2] | Enemies Broken: [] | WB DMG: 0.000 | Energy: 30.000 | Amount HP Healed: 0.000 | Amount HP Lost: 0.000 | Gilgamesh Energy: 65/360 | SP: 2 | MaxSP: 5)
[WeltAllyBuff] allyTurn() invoked for attacker=Role.SUP1, move=GilgameshSkill
[WeltAllyBuff] allyTurn check: attacker=Role.SUP1, turnName=GilgameshSkill, dmg=186248.15884959206, elationDmg=0, enemiesHit=[1, 0, 2], weightlessTurns={0: 1, 1: 1, 2: 1}
[WeltAllyBuff] TRIGGERED - granting WeltAllyWeightlessDMG
    TURN   - HuoHuoAllyERR | HuoHuo | SUS | NA attack | ['WIN'] | ['SPECIAL'] | Scaling: HP | TargetID: 1 | DMG/BREAK Splits: [0, 0]/[0, 0] | Energy Gained: 1 | SP Change: 0

        ----------Char Buffs----------
        GilgameshTrace3ATK | ATK% | Stacks: 1 | Value: 0.200 | Remaining Turns: 1 | TickDown: SUS, PERM | Target: SUS | Affects: ['ALL']
        GilgameshTrace3CD | CD% | Stacks: 1 | Value: 0.200 | Remaining Turns: 1 | TickDown: SUS, PERM | Target: SUS | Affects: ['ALL']
        PostOpERR | ERR% | Stacks: 1 | Value: 0.160 | Remaining Turns: 1 | TickDown: SUS, PERM | Target: SUS | Affects: ['ALL']
        WarriorGoddessSPD | SPD% | Stacks: 1 | Value: 0.060 | Remaining Turns: 1 | TickDown: SUS, PERM | Target: SUS | Affects: ['ALL']
        KeelEFFRES | ERS% | Stacks: 1 | Value: 0.100 | Remaining Turns: 1 | TickDown: SUS, PERM | Target: SUS | Affects: ['ALL']
        KeelCD(SUS) | CD% | Stacks: 1 | Value: 0.100 | Remaining Turns: 1 | TickDown: SUS, PERM | Target: SUS | Affects: ['ALL']
        HHTraceHP | HP% | Stacks: 1 | Value: 0.280 | Remaining Turns: 1 | TickDown: SUS, PERM | Target: SUS | Affects: ['ALL']
        HHTraceERS | ERS% | Stacks: 1 | Value: 0.180 | Remaining Turns: 1 | TickDown: SUS, PERM | Target: SUS | Affects: ['ALL']
        HHTraceSPD | SPD | Stacks: 1 | Value: 5.000 | Remaining Turns: 1 | TickDown: SUS, PERM | Target: SUS | Affects: ['ALL']
        WarriorGoddessHealSPD | SPD% | Stacks: 1 | Value: 0.060 | Remaining Turns: 2 | TickDown: SUS, START | Target: SUS | Affects: ['ALL']
        WarriorGoddessHealCD | CD% | Stacks: 1 | Value: 0.150 | Remaining Turns: 2 | TickDown: SUS, START | Target: SUS | Affects: ['ALL']
        ----------End of Buff List----------
        ----------Enemy Debuffs----------
        HuohuoTechniqueDebuff | From: SUS | ATK_REDUCTION | Stacks: 1 | Value: 0.250 | Remaining Turns: 1 | Target: 1 | Targeting: ST | Affects: ['SPECIAL'] | DOT: False | Blast: False
        WeltSpdDebuff | From: SUP2 | SPD% | Stacks: 1 | Value: -0.100 | Remaining Turns: 1 | Target: 1 | Targeting: ST | Affects: ['ALL'] | DOT: False | Blast: False
        WeltWeightlessSPD | From: SUP2 | SPD% | Stacks: 1 | Value: -0.050 | Remaining Turns: 1 | Target: 1 | Targeting: ST | Affects: ['ALL'] | DOT: False | Blast: False
        WeltWeightlessShred | From: SUP2 | SHRED | Stacks: 1 | Value: 0.400 | Remaining Turns: 1 | Target: 1 | Targeting: ST | Affects: ['ALL'] | DOT: False | Blast: False
        ----------End of Debuff List----------
        ----------Healing List----------
        HuoHuoTalentHealingScaling | Targeting: Targeting.SINGLE | Healing Value: [0] | Target: ALL
        HuoHuoTalentHealingScaling | Targeting: Targeting.SINGLE | Healing Value: [0.045] | Target: ALL
        HuoHuoTalentHealingScaling | Targeting: Targeting.SINGLE | Healing Value: [0] | Target: ALL
        HuoHuoTalentHealingScaling | Targeting: Targeting.SINGLE | Healing Value: [0] | Target: ALL
        HuoHuoTalentHealingFlat | Targeting: Targeting.SINGLE | Healing Value: [0] | Target: ALL
        HuoHuoTalentHealingFlat | Targeting: Targeting.SINGLE | Healing Value: [120] | Target: ALL
        HuoHuoTalentHealingFlat | Targeting: Targeting.SINGLE | Healing Value: [0] | Target: ALL
        HuoHuoTalentHealingFlat | Targeting: Targeting.SINGLE | Healing Value: [0] | Target: ALL
        ----------End of Healing List----------
        ----------Shields List----------
        ----------End of Shields List----------
    GAUGE  - Enemy 1 toughness reduced by 0.000
    RESULT - HuoHuoAllyERR | HuoHuo | SUS | DMG: 0.000 | ELADMG: 0.000 | Enemies Hit: [1] | Enemies Broken: [] | WB DMG: 0.000 | Energy: 1.354 | Amount HP Healed: 371.779 | Amount HP Lost: 0.000 | HuoHuo Energy: 27/140 | SP: 2 | MaxSP: 5)
[WeltAllyBuff] allyTurn() invoked for attacker=Role.SUS, move=HuoHuoAllyERR
[WeltAllyBuff] allyTurn check: attacker=Role.SUS, turnName=HuoHuoAllyERR, dmg=0.0, elationDmg=0, enemiesHit=[1], weightlessTurns={0: 1, 1: 1, 2: 1}
[WeltAllyBuff] skipped: no damage on this turn
        Buff HuoHuoUltATK expired
        Buff HuoHuoUltExtraATK expired
SPD    > Gilgamesh speed changed to 138.132 | NewAV: 0.000
AV     > Gilgamesh AV reset to 72.395 | 138.132 SPD
DELAY  > Enemy 1 delayed by 4.0% from WeltWeightlessDelay | NewAV: 39.429
DELAY  > Enemy 0 delayed by 4.0% from WeltWeightlessDelay | NewAV: 64.965
DELAY  > Enemy 2 delayed by 4.0% from WeltWeightlessDelay | NewAV: 64.965

<<< NEW TURN >>>
-   HuoHuo AV: 0.000 ENERGY: 27.088 MaxHP: 6139.808 CurrHp 5617.940 ShieldHP: 0.000
-   Welt AV: 2.353 ENERGY: 65.480 MaxHP: 3270.753 CurrHp 1498.663 ShieldHP: 0.000
-   Enemy 1 AV: 17.103 ENERGY: 0.000 MaxHP: 5000000.000 CurrHp 3765543.372 ShieldHP: 0.000
-   Saber AV: 18.968 ENERGY: 91.000 MaxHP: 3366.991 CurrHp 2322.867 ShieldHP: 0.000
-   Enemy 2 AV: 42.639 ENERGY: 0.000 MaxHP: 2000000.000 CurrHp 1653913.004 ShieldHP: 0.000
-   Enemy 0 AV: 42.639 ENERGY: 0.000 MaxHP: 2000000.000 CurrHp 1653913.004 ShieldHP: 0.000
-   Gilgamesh AV: 50.069 ENERGY: 65.000 MaxHP: 3134.558 CurrHp 1613.155 ShieldHP: 0.000

Combat context set: 3 enemies, 4 players
Combat context initialized: 3 enemies, Elation team size: 0
ACTION > [CHAR] TotalAV: 126.986 | TurnAV: 22.326 | HuoHuo | A-move
    TURN   - HuoHuoBasic | HuoHuo | SUS | ST attack | ['WIN'] | ['BSC'] | Scaling: HP | TargetID: 1 | DMG/BREAK Splits: [0.5, 0]/[10, 0] | Energy Gained: 20 | SP Change: 1

        ----------Char Buffs----------
        GilgameshTrace3ATK | ATK% | Stacks: 1 | Value: 0.200 | Remaining Turns: 1 | TickDown: SUS, PERM | Target: SUS | Affects: ['ALL']
        GilgameshTrace3CD | CD% | Stacks: 1 | Value: 0.200 | Remaining Turns: 1 | TickDown: SUS, PERM | Target: SUS | Affects: ['ALL']
        PostOpERR | ERR% | Stacks: 1 | Value: 0.160 | Remaining Turns: 1 | TickDown: SUS, PERM | Target: SUS | Affects: ['ALL']
        WarriorGoddessSPD | SPD% | Stacks: 1 | Value: 0.060 | Remaining Turns: 1 | TickDown: SUS, PERM | Target: SUS | Affects: ['ALL']
        KeelEFFRES | ERS% | Stacks: 1 | Value: 0.100 | Remaining Turns: 1 | TickDown: SUS, PERM | Target: SUS | Affects: ['ALL']
        KeelCD(SUS) | CD% | Stacks: 1 | Value: 0.100 | Remaining Turns: 1 | TickDown: SUS, PERM | Target: SUS | Affects: ['ALL']
        HHTraceHP | HP% | Stacks: 1 | Value: 0.280 | Remaining Turns: 1 | TickDown: SUS, PERM | Target: SUS | Affects: ['ALL']
        HHTraceERS | ERS% | Stacks: 1 | Value: 0.180 | Remaining Turns: 1 | TickDown: SUS, PERM | Target: SUS | Affects: ['ALL']
        HHTraceSPD | SPD | Stacks: 1 | Value: 5.000 | Remaining Turns: 1 | TickDown: SUS, PERM | Target: SUS | Affects: ['ALL']
        WarriorGoddessHealSPD | SPD% | Stacks: 1 | Value: 0.060 | Remaining Turns: 1 | TickDown: SUS, START | Target: SUS | Affects: ['ALL']
        WarriorGoddessHealCD | CD% | Stacks: 1 | Value: 0.150 | Remaining Turns: 1 | TickDown: SUS, START | Target: SUS | Affects: ['ALL']
        ----------End of Buff List----------
        ----------Enemy Debuffs----------
        HuohuoTechniqueDebuff | From: SUS | ATK_REDUCTION | Stacks: 1 | Value: 0.250 | Remaining Turns: 1 | Target: 1 | Targeting: ST | Affects: ['SPECIAL'] | DOT: False | Blast: False
        WeltSpdDebuff | From: SUP2 | SPD% | Stacks: 1 | Value: -0.100 | Remaining Turns: 1 | Target: 1 | Targeting: ST | Affects: ['ALL'] | DOT: False | Blast: False
        WeltWeightlessSPD | From: SUP2 | SPD% | Stacks: 1 | Value: -0.050 | Remaining Turns: 1 | Target: 1 | Targeting: ST | Affects: ['ALL'] | DOT: False | Blast: False
        WeltWeightlessShred | From: SUP2 | SHRED | Stacks: 1 | Value: 0.400 | Remaining Turns: 1 | Target: 1 | Targeting: ST | Affects: ['ALL'] | DOT: False | Blast: False
        ----------End of Debuff List----------
        ----------Healing List----------
        ----------End of Healing List----------
        ----------Shields List----------
        ----------End of Shields List----------
    GAUGE  - Enemy 1 toughness reduced by 10.000
    RESULT - HuoHuoBasic | HuoHuo | SUS | DMG: 1823.749 | ELADMG: 0.000 | Enemies Hit: [1] | Enemies Broken: [] | WB DMG: 0.000 | Energy: 27.088 | Amount HP Healed: 0.000 | Amount HP Lost: 0.000 | HuoHuo Energy: 54/140 | SP: 3 | MaxSP: 5)
Gilgamesh Obtained 1 Interest from Teammate, Current count: 1
[WeltAllyBuff] allyTurn() invoked for attacker=Role.SUS, move=HuoHuoBasic
[WeltAllyBuff] allyTurn check: attacker=Role.SUS, turnName=HuoHuoBasic, dmg=1823.749249128076, elationDmg=0, enemiesHit=[1], weightlessTurns={0: 1, 1: 1, 2: 1}
[WeltAllyBuff] TRIGGERED - granting WeltAllyWeightlessDMG
SPD    > Gilgamesh speed changed to 147.832 | NewAV: 46.784
AV     > HuoHuo AV reset to 62.308 | 160.492 SPD
DELAY  > Enemy 1 delayed by 4.0% from WeltWeightlessDelay | NewAV: 19.299

<<< NEW TURN >>>
-   Welt AV: 0.000 ENERGY: 65.480 MaxHP: 3270.753 CurrHp 1498.663 ShieldHP: 0.000
-   Saber AV: 16.615 ENERGY: 91.000 MaxHP: 3366.991 CurrHp 2322.867 ShieldHP: 0.000
-   Enemy 1 AV: 16.946 ENERGY: 0.000 MaxHP: 5000000.000 CurrHp 3763719.623 ShieldHP: 0.000
-   Enemy 2 AV: 40.287 ENERGY: 0.000 MaxHP: 2000000.000 CurrHp 1653913.004 ShieldHP: 0.000
-   Enemy 0 AV: 40.287 ENERGY: 0.000 MaxHP: 2000000.000 CurrHp 1653913.004 ShieldHP: 0.000
-   Gilgamesh AV: 44.431 ENERGY: 65.000 MaxHP: 3134.558 CurrHp 1613.155 ShieldHP: 0.000
-   HuoHuo AV: 59.956 ENERGY: 54.176 MaxHP: 6139.808 CurrHp 5617.940 ShieldHP: 0.000

Combat context set: 3 enemies, 4 players
Combat context initialized: 3 enemies, Elation team size: 0
ACTION > [CHAR] TotalAV: 129.339 | TurnAV: 2.353 | Welt | E-move
    TURN   - WeltSkill | Welt | SUP2 | ST attack | ['IMG'] | ['SKL'] | Scaling: ATK | TargetID: 1 | DMG/BREAK Splits: [0.72, 0]/[10, 0] | Energy Gained: 6 | SP Change: -1

        ----------Char Buffs----------
        GilgameshTrace3ATK | ATK% | Stacks: 1 | Value: 0.200 | Remaining Turns: 1 | TickDown: SUP2, PERM | Target: SUP2 | Affects: ['ALL']
        GilgameshTrace3CD | CD% | Stacks: 1 | Value: 0.200 | Remaining Turns: 1 | TickDown: SUP2, PERM | Target: SUP2 | Affects: ['ALL']
        MasterSmithHP | HP% | Stacks: 1 | Value: 0.120 | Remaining Turns: 1 | TickDown: SUP2, PERM | Target: SUP2 | Affects: ['ALL']
        LushakaERR | ERR% | Stacks: 1 | Value: 0.050 | Remaining Turns: 1 | TickDown: SUP2, PERM | Target: SUP2 | Affects: ['ALL']
        WeltTraceERS | ERS% | Stacks: 1 | Value: 0.100 | Remaining Turns: 1 | TickDown: SUP2, PERM | Target: SUP2 | Affects: ['ALL']
        WeltTraceEHR | EHR% | Stacks: 1 | Value: 0.280 | Remaining Turns: 1 | TickDown: SUP2, PERM | Target: SUP2 | Affects: ['ALL']
        WeltTraceDMG | DMG% | Stacks: 1 | Value: 0.144 | Remaining Turns: 1 | TickDown: SUP2, PERM | Target: SUP2 | Affects: ['ALL']
        KeelCD(SUS) | CD% | Stacks: 1 | Value: 0.100 | Remaining Turns: 1 | TickDown: SUP2, PERM | Target: SUP2 | Affects: ['ALL']
        WeltTalent3ATK | ATK% | Stacks: 1 | Value: 0.800 | Remaining Turns: 1 | TickDown: SUP2, PERM | Target: SUP2 | Affects: ['ALL']
        WarriorGoddessHealCD | CD% | Stacks: 1 | Value: 0.150 | Remaining Turns: 1 | TickDown: SUP2, START | Target: SUP2 | Affects: ['ALL']
        ----------End of Buff List----------
        ----------Enemy Debuffs----------
        HuohuoTechniqueDebuff | From: SUS | ATK_REDUCTION | Stacks: 1 | Value: 0.250 | Remaining Turns: 1 | Target: 1 | Targeting: ST | Affects: ['SPECIAL'] | DOT: False | Blast: False
        WeltSpdDebuff | From: SUP2 | SPD% | Stacks: 1 | Value: -0.100 | Remaining Turns: 2 | Target: 1 | Targeting: ST | Affects: ['ALL'] | DOT: False | Blast: False
        WeltWeightlessSPD | From: SUP2 | SPD% | Stacks: 1 | Value: -0.050 | Remaining Turns: 1 | Target: 1 | Targeting: ST | Affects: ['ALL'] | DOT: False | Blast: False
        WeltWeightlessShred | From: SUP2 | SHRED | Stacks: 1 | Value: 0.400 | Remaining Turns: 1 | Target: 1 | Targeting: ST | Affects: ['ALL'] | DOT: False | Blast: False
        ResoShred(SUP2) | From: SUP2 | SHRED | Stacks: 1 | Value: 0.160 | Remaining Turns: 1 | Target: 1 | Targeting: ST | Affects: ['ALL'] | DOT: False | Blast: False
        ----------End of Debuff List----------
        ----------Healing List----------
        ----------End of Healing List----------
        ----------Shields List----------
        ----------End of Shields List----------
    GAUGE  - Enemy 1 toughness reduced by 0.000
    RESULT - WeltSkill | Welt | SUP2 | DMG: 1922.213 | ELADMG: 0.000 | Enemies Hit: [1] | Enemies Broken: [] | WB DMG: 0.000 | Energy: 7.466 | Amount HP Healed: 0.000 | Amount HP Lost: 0.000 | Welt Energy: 73/120 | SP: 2 | MaxSP: 5)
Gilgamesh Obtained 1 Interest from Teammate, Current count: 2
    TURN   - WeltSlowedAdditionalDMG | Welt | SUP2 | ST attack | ['IMG'] | ['ADD'] | Scaling: ATK | TargetID: 1 | DMG/BREAK Splits: [1.0, 0]/[0, 0] | Energy Gained: 0 | SP Change: 0

        ----------Char Buffs----------
        GilgameshTrace3ATK | ATK% | Stacks: 1 | Value: 0.200 | Remaining Turns: 1 | TickDown: SUP2, PERM | Target: SUP2 | Affects: ['ALL']
        GilgameshTrace3CD | CD% | Stacks: 1 | Value: 0.200 | Remaining Turns: 1 | TickDown: SUP2, PERM | Target: SUP2 | Affects: ['ALL']
        MasterSmithHP | HP% | Stacks: 1 | Value: 0.120 | Remaining Turns: 1 | TickDown: SUP2, PERM | Target: SUP2 | Affects: ['ALL']
        LushakaERR | ERR% | Stacks: 1 | Value: 0.050 | Remaining Turns: 1 | TickDown: SUP2, PERM | Target: SUP2 | Affects: ['ALL']
        WeltTraceERS | ERS% | Stacks: 1 | Value: 0.100 | Remaining Turns: 1 | TickDown: SUP2, PERM | Target: SUP2 | Affects: ['ALL']
        WeltTraceEHR | EHR% | Stacks: 1 | Value: 0.280 | Remaining Turns: 1 | TickDown: SUP2, PERM | Target: SUP2 | Affects: ['ALL']
        WeltTraceDMG | DMG% | Stacks: 1 | Value: 0.144 | Remaining Turns: 1 | TickDown: SUP2, PERM | Target: SUP2 | Affects: ['ALL']
        KeelCD(SUS) | CD% | Stacks: 1 | Value: 0.100 | Remaining Turns: 1 | TickDown: SUP2, PERM | Target: SUP2 | Affects: ['ALL']
        WeltTalent3ATK | ATK% | Stacks: 1 | Value: 0.800 | Remaining Turns: 1 | TickDown: SUP2, PERM | Target: SUP2 | Affects: ['ALL']
        WarriorGoddessHealCD | CD% | Stacks: 1 | Value: 0.150 | Remaining Turns: 1 | TickDown: SUP2, START | Target: SUP2 | Affects: ['ALL']
        ----------End of Buff List----------
        ----------Enemy Debuffs----------
        HuohuoTechniqueDebuff | From: SUS | ATK_REDUCTION | Stacks: 1 | Value: 0.250 | Remaining Turns: 1 | Target: 1 | Targeting: ST | Affects: ['SPECIAL'] | DOT: False | Blast: False
        WeltSpdDebuff | From: SUP2 | SPD% | Stacks: 1 | Value: -0.100 | Remaining Turns: 2 | Target: 1 | Targeting: ST | Affects: ['ALL'] | DOT: False | Blast: False
        WeltWeightlessSPD | From: SUP2 | SPD% | Stacks: 1 | Value: -0.050 | Remaining Turns: 1 | Target: 1 | Targeting: ST | Affects: ['ALL'] | DOT: False | Blast: False
        WeltWeightlessShred | From: SUP2 | SHRED | Stacks: 1 | Value: 0.400 | Remaining Turns: 1 | Target: 1 | Targeting: ST | Affects: ['ALL'] | DOT: False | Blast: False
        ResoShred(SUP2) | From: SUP2 | SHRED | Stacks: 1 | Value: 0.160 | Remaining Turns: 1 | Target: 1 | Targeting: ST | Affects: ['ALL'] | DOT: False | Blast: False
        ----------End of Debuff List----------
        ----------Healing List----------
        HuoHuoTalentHealingScaling | Targeting: Targeting.SINGLE | Healing Value: [0] | Target: ALL
        HuoHuoTalentHealingScaling | Targeting: Targeting.SINGLE | Healing Value: [0] | Target: ALL
        HuoHuoTalentHealingScaling | Targeting: Targeting.SINGLE | Healing Value: [0.045] | Target: ALL
        HuoHuoTalentHealingScaling | Targeting: Targeting.SINGLE | Healing Value: [0] | Target: ALL
        HuoHuoTalentHealingFlat | Targeting: Targeting.SINGLE | Healing Value: [0] | Target: ALL
        HuoHuoTalentHealingFlat | Targeting: Targeting.SINGLE | Healing Value: [0] | Target: ALL
        HuoHuoTalentHealingFlat | Targeting: Targeting.SINGLE | Healing Value: [120] | Target: ALL
        HuoHuoTalentHealingFlat | Targeting: Targeting.SINGLE | Healing Value: [0] | Target: ALL
        ----------End of Healing List----------
        ----------Shields List----------
        ----------End of Shields List----------
    GAUGE  - Enemy 1 toughness reduced by 0.000
    RESULT - WeltSlowedAdditionalDMG | Welt | SUP2 | DMG: 2669.740 | ELADMG: 0.000 | Enemies Hit: [1] | Enemies Broken: [] | WB DMG: 0.000 | Energy: 0.000 | Amount HP Healed: 371.779 | Amount HP Lost: 0.000 | Welt Energy: 73/120 | SP: 2 | MaxSP: 5)
    TURN   - WeltSkillExtra | Welt | SUP2 | ST attack | ['IMG'] | ['SKL'] | Scaling: ATK | TargetID: 1 | DMG/BREAK Splits: [0.72, 0]/[10, 0] | Energy Gained: 6 | SP Change: 0

        ----------Char Buffs----------
        GilgameshTrace3ATK | ATK% | Stacks: 1 | Value: 0.200 | Remaining Turns: 1 | TickDown: SUP2, PERM | Target: SUP2 | Affects: ['ALL']
        GilgameshTrace3CD | CD% | Stacks: 1 | Value: 0.200 | Remaining Turns: 1 | TickDown: SUP2, PERM | Target: SUP2 | Affects: ['ALL']
        MasterSmithHP | HP% | Stacks: 1 | Value: 0.120 | Remaining Turns: 1 | TickDown: SUP2, PERM | Target: SUP2 | Affects: ['ALL']
        LushakaERR | ERR% | Stacks: 1 | Value: 0.050 | Remaining Turns: 1 | TickDown: SUP2, PERM | Target: SUP2 | Affects: ['ALL']
        WeltTraceERS | ERS% | Stacks: 1 | Value: 0.100 | Remaining Turns: 1 | TickDown: SUP2, PERM | Target: SUP2 | Affects: ['ALL']
        WeltTraceEHR | EHR% | Stacks: 1 | Value: 0.280 | Remaining Turns: 1 | TickDown: SUP2, PERM | Target: SUP2 | Affects: ['ALL']
        WeltTraceDMG | DMG% | Stacks: 1 | Value: 0.144 | Remaining Turns: 1 | TickDown: SUP2, PERM | Target: SUP2 | Affects: ['ALL']
        KeelCD(SUS) | CD% | Stacks: 1 | Value: 0.100 | Remaining Turns: 1 | TickDown: SUP2, PERM | Target: SUP2 | Affects: ['ALL']
        WeltTalent3ATK | ATK% | Stacks: 1 | Value: 0.800 | Remaining Turns: 1 | TickDown: SUP2, PERM | Target: SUP2 | Affects: ['ALL']
        WarriorGoddessHealCD | CD% | Stacks: 1 | Value: 0.150 | Remaining Turns: 1 | TickDown: SUP2, START | Target: SUP2 | Affects: ['ALL']
        ----------End of Buff List----------
        ----------Enemy Debuffs----------
        HuohuoTechniqueDebuff | From: SUS | ATK_REDUCTION | Stacks: 1 | Value: 0.250 | Remaining Turns: 1 | Target: 1 | Targeting: ST | Affects: ['SPECIAL'] | DOT: False | Blast: False
        WeltSpdDebuff | From: SUP2 | SPD% | Stacks: 1 | Value: -0.100 | Remaining Turns: 2 | Target: 1 | Targeting: ST | Affects: ['ALL'] | DOT: False | Blast: False
        WeltWeightlessSPD | From: SUP2 | SPD% | Stacks: 1 | Value: -0.050 | Remaining Turns: 1 | Target: 1 | Targeting: ST | Affects: ['ALL'] | DOT: False | Blast: False
        WeltWeightlessShred | From: SUP2 | SHRED | Stacks: 1 | Value: 0.400 | Remaining Turns: 1 | Target: 1 | Targeting: ST | Affects: ['ALL'] | DOT: False | Blast: False
        ResoShred(SUP2) | From: SUP2 | SHRED | Stacks: 1 | Value: 0.160 | Remaining Turns: 1 | Target: 1 | Targeting: ST | Affects: ['ALL'] | DOT: False | Blast: False
        ----------End of Debuff List----------
        ----------Healing List----------
        ----------End of Healing List----------
        ----------Shields List----------
        ----------End of Shields List----------
    GAUGE  - Enemy 1 toughness reduced by 0.000
    RESULT - WeltSkillExtra | Welt | SUP2 | DMG: 1922.213 | ELADMG: 0.000 | Enemies Hit: [1] | Enemies Broken: [] | WB DMG: 0.000 | Energy: 7.466 | Amount HP Healed: 0.000 | Amount HP Lost: 0.000 | Welt Energy: 80/120 | SP: 2 | MaxSP: 5)
    TURN   - WeltSlowedAdditionalDMG | Welt | SUP2 | ST attack | ['IMG'] | ['ADD'] | Scaling: ATK | TargetID: 1 | DMG/BREAK Splits: [1.0, 0]/[0, 0] | Energy Gained: 0 | SP Change: 0

        ----------Char Buffs----------
        GilgameshTrace3ATK | ATK% | Stacks: 1 | Value: 0.200 | Remaining Turns: 1 | TickDown: SUP2, PERM | Target: SUP2 | Affects: ['ALL']
        GilgameshTrace3CD | CD% | Stacks: 1 | Value: 0.200 | Remaining Turns: 1 | TickDown: SUP2, PERM | Target: SUP2 | Affects: ['ALL']
        MasterSmithHP | HP% | Stacks: 1 | Value: 0.120 | Remaining Turns: 1 | TickDown: SUP2, PERM | Target: SUP2 | Affects: ['ALL']
        LushakaERR | ERR% | Stacks: 1 | Value: 0.050 | Remaining Turns: 1 | TickDown: SUP2, PERM | Target: SUP2 | Affects: ['ALL']
        WeltTraceERS | ERS% | Stacks: 1 | Value: 0.100 | Remaining Turns: 1 | TickDown: SUP2, PERM | Target: SUP2 | Affects: ['ALL']
        WeltTraceEHR | EHR% | Stacks: 1 | Value: 0.280 | Remaining Turns: 1 | TickDown: SUP2, PERM | Target: SUP2 | Affects: ['ALL']
        WeltTraceDMG | DMG% | Stacks: 1 | Value: 0.144 | Remaining Turns: 1 | TickDown: SUP2, PERM | Target: SUP2 | Affects: ['ALL']
        KeelCD(SUS) | CD% | Stacks: 1 | Value: 0.100 | Remaining Turns: 1 | TickDown: SUP2, PERM | Target: SUP2 | Affects: ['ALL']
        WeltTalent3ATK | ATK% | Stacks: 1 | Value: 0.800 | Remaining Turns: 1 | TickDown: SUP2, PERM | Target: SUP2 | Affects: ['ALL']
        WarriorGoddessHealCD | CD% | Stacks: 1 | Value: 0.150 | Remaining Turns: 1 | TickDown: SUP2, START | Target: SUP2 | Affects: ['ALL']
        ----------End of Buff List----------
        ----------Enemy Debuffs----------
        HuohuoTechniqueDebuff | From: SUS | ATK_REDUCTION | Stacks: 1 | Value: 0.250 | Remaining Turns: 1 | Target: 1 | Targeting: ST | Affects: ['SPECIAL'] | DOT: False | Blast: False
        WeltSpdDebuff | From: SUP2 | SPD% | Stacks: 1 | Value: -0.100 | Remaining Turns: 2 | Target: 1 | Targeting: ST | Affects: ['ALL'] | DOT: False | Blast: False
        WeltWeightlessSPD | From: SUP2 | SPD% | Stacks: 1 | Value: -0.050 | Remaining Turns: 1 | Target: 1 | Targeting: ST | Affects: ['ALL'] | DOT: False | Blast: False
        WeltWeightlessShred | From: SUP2 | SHRED | Stacks: 1 | Value: 0.400 | Remaining Turns: 1 | Target: 1 | Targeting: ST | Affects: ['ALL'] | DOT: False | Blast: False
        ResoShred(SUP2) | From: SUP2 | SHRED | Stacks: 1 | Value: 0.160 | Remaining Turns: 1 | Target: 1 | Targeting: ST | Affects: ['ALL'] | DOT: False | Blast: False
        ----------End of Debuff List----------
        ----------Healing List----------
        ----------End of Healing List----------
        ----------Shields List----------
        ----------End of Shields List----------
    GAUGE  - Enemy 1 toughness reduced by 0.000
    RESULT - WeltSlowedAdditionalDMG | Welt | SUP2 | DMG: 2669.740 | ELADMG: 0.000 | Enemies Hit: [1] | Enemies Broken: [] | WB DMG: 0.000 | Energy: 0.000 | Amount HP Healed: 0.000 | Amount HP Lost: 0.000 | Welt Energy: 80/120 | SP: 2 | MaxSP: 5)
    TURN   - WeltSkillExtra | Welt | SUP2 | ST attack | ['IMG'] | ['SKL'] | Scaling: ATK | TargetID: 1 | DMG/BREAK Splits: [0.72, 0]/[10, 0] | Energy Gained: 6 | SP Change: 0

        ----------Char Buffs----------
        GilgameshTrace3ATK | ATK% | Stacks: 1 | Value: 0.200 | Remaining Turns: 1 | TickDown: SUP2, PERM | Target: SUP2 | Affects: ['ALL']
        GilgameshTrace3CD | CD% | Stacks: 1 | Value: 0.200 | Remaining Turns: 1 | TickDown: SUP2, PERM | Target: SUP2 | Affects: ['ALL']
        MasterSmithHP | HP% | Stacks: 1 | Value: 0.120 | Remaining Turns: 1 | TickDown: SUP2, PERM | Target: SUP2 | Affects: ['ALL']
        LushakaERR | ERR% | Stacks: 1 | Value: 0.050 | Remaining Turns: 1 | TickDown: SUP2, PERM | Target: SUP2 | Affects: ['ALL']
        WeltTraceERS | ERS% | Stacks: 1 | Value: 0.100 | Remaining Turns: 1 | TickDown: SUP2, PERM | Target: SUP2 | Affects: ['ALL']
        WeltTraceEHR | EHR% | Stacks: 1 | Value: 0.280 | Remaining Turns: 1 | TickDown: SUP2, PERM | Target: SUP2 | Affects: ['ALL']
        WeltTraceDMG | DMG% | Stacks: 1 | Value: 0.144 | Remaining Turns: 1 | TickDown: SUP2, PERM | Target: SUP2 | Affects: ['ALL']
        KeelCD(SUS) | CD% | Stacks: 1 | Value: 0.100 | Remaining Turns: 1 | TickDown: SUP2, PERM | Target: SUP2 | Affects: ['ALL']
        WeltTalent3ATK | ATK% | Stacks: 1 | Value: 0.800 | Remaining Turns: 1 | TickDown: SUP2, PERM | Target: SUP2 | Affects: ['ALL']
        WarriorGoddessHealCD | CD% | Stacks: 1 | Value: 0.150 | Remaining Turns: 1 | TickDown: SUP2, START | Target: SUP2 | Affects: ['ALL']
        ----------End of Buff List----------
        ----------Enemy Debuffs----------
        HuohuoTechniqueDebuff | From: SUS | ATK_REDUCTION | Stacks: 1 | Value: 0.250 | Remaining Turns: 1 | Target: 1 | Targeting: ST | Affects: ['SPECIAL'] | DOT: False | Blast: False
        WeltSpdDebuff | From: SUP2 | SPD% | Stacks: 1 | Value: -0.100 | Remaining Turns: 2 | Target: 1 | Targeting: ST | Affects: ['ALL'] | DOT: False | Blast: False
        WeltWeightlessSPD | From: SUP2 | SPD% | Stacks: 1 | Value: -0.050 | Remaining Turns: 1 | Target: 1 | Targeting: ST | Affects: ['ALL'] | DOT: False | Blast: False
        WeltWeightlessShred | From: SUP2 | SHRED | Stacks: 1 | Value: 0.400 | Remaining Turns: 1 | Target: 1 | Targeting: ST | Affects: ['ALL'] | DOT: False | Blast: False
        ResoShred(SUP2) | From: SUP2 | SHRED | Stacks: 1 | Value: 0.160 | Remaining Turns: 1 | Target: 1 | Targeting: ST | Affects: ['ALL'] | DOT: False | Blast: False
        ----------End of Debuff List----------
        ----------Healing List----------
        ----------End of Healing List----------
        ----------Shields List----------
        ----------End of Shields List----------
    GAUGE  - Enemy 1 toughness reduced by 0.000
    RESULT - WeltSkillExtra | Welt | SUP2 | DMG: 1922.213 | ELADMG: 0.000 | Enemies Hit: [1] | Enemies Broken: [] | WB DMG: 0.000 | Energy: 7.466 | Amount HP Healed: 0.000 | Amount HP Lost: 0.000 | Welt Energy: 88/120 | SP: 2 | MaxSP: 5)
    TURN   - WeltSlowedAdditionalDMG | Welt | SUP2 | ST attack | ['IMG'] | ['ADD'] | Scaling: ATK | TargetID: 1 | DMG/BREAK Splits: [1.0, 0]/[0, 0] | Energy Gained: 0 | SP Change: 0

        ----------Char Buffs----------
        GilgameshTrace3ATK | ATK% | Stacks: 1 | Value: 0.200 | Remaining Turns: 1 | TickDown: SUP2, PERM | Target: SUP2 | Affects: ['ALL']
        GilgameshTrace3CD | CD% | Stacks: 1 | Value: 0.200 | Remaining Turns: 1 | TickDown: SUP2, PERM | Target: SUP2 | Affects: ['ALL']
        MasterSmithHP | HP% | Stacks: 1 | Value: 0.120 | Remaining Turns: 1 | TickDown: SUP2, PERM | Target: SUP2 | Affects: ['ALL']
        LushakaERR | ERR% | Stacks: 1 | Value: 0.050 | Remaining Turns: 1 | TickDown: SUP2, PERM | Target: SUP2 | Affects: ['ALL']
        WeltTraceERS | ERS% | Stacks: 1 | Value: 0.100 | Remaining Turns: 1 | TickDown: SUP2, PERM | Target: SUP2 | Affects: ['ALL']
        WeltTraceEHR | EHR% | Stacks: 1 | Value: 0.280 | Remaining Turns: 1 | TickDown: SUP2, PERM | Target: SUP2 | Affects: ['ALL']
        WeltTraceDMG | DMG% | Stacks: 1 | Value: 0.144 | Remaining Turns: 1 | TickDown: SUP2, PERM | Target: SUP2 | Affects: ['ALL']
        KeelCD(SUS) | CD% | Stacks: 1 | Value: 0.100 | Remaining Turns: 1 | TickDown: SUP2, PERM | Target: SUP2 | Affects: ['ALL']
        WeltTalent3ATK | ATK% | Stacks: 1 | Value: 0.800 | Remaining Turns: 1 | TickDown: SUP2, PERM | Target: SUP2 | Affects: ['ALL']
        WarriorGoddessHealCD | CD% | Stacks: 1 | Value: 0.150 | Remaining Turns: 1 | TickDown: SUP2, START | Target: SUP2 | Affects: ['ALL']
        ----------End of Buff List----------
        ----------Enemy Debuffs----------
        HuohuoTechniqueDebuff | From: SUS | ATK_REDUCTION | Stacks: 1 | Value: 0.250 | Remaining Turns: 1 | Target: 1 | Targeting: ST | Affects: ['SPECIAL'] | DOT: False | Blast: False
        WeltSpdDebuff | From: SUP2 | SPD% | Stacks: 1 | Value: -0.100 | Remaining Turns: 2 | Target: 1 | Targeting: ST | Affects: ['ALL'] | DOT: False | Blast: False
        WeltWeightlessSPD | From: SUP2 | SPD% | Stacks: 1 | Value: -0.050 | Remaining Turns: 1 | Target: 1 | Targeting: ST | Affects: ['ALL'] | DOT: False | Blast: False
        WeltWeightlessShred | From: SUP2 | SHRED | Stacks: 1 | Value: 0.400 | Remaining Turns: 1 | Target: 1 | Targeting: ST | Affects: ['ALL'] | DOT: False | Blast: False
        ResoShred(SUP2) | From: SUP2 | SHRED | Stacks: 1 | Value: 0.160 | Remaining Turns: 1 | Target: 1 | Targeting: ST | Affects: ['ALL'] | DOT: False | Blast: False
        ----------End of Debuff List----------
        ----------Healing List----------
        ----------End of Healing List----------
        ----------Shields List----------
        ----------End of Shields List----------
    GAUGE  - Enemy 1 toughness reduced by 0.000
    RESULT - WeltSlowedAdditionalDMG | Welt | SUP2 | DMG: 2669.740 | ELADMG: 0.000 | Enemies Hit: [1] | Enemies Broken: [] | WB DMG: 0.000 | Energy: 0.000 | Amount HP Healed: 0.000 | Amount HP Lost: 0.000 | Welt Energy: 88/120 | SP: 2 | MaxSP: 5)
    TURN   - WeltSkillExtra | Welt | SUP2 | ST attack | ['IMG'] | ['SKL'] | Scaling: ATK | TargetID: 1 | DMG/BREAK Splits: [0.72, 0]/[10, 0] | Energy Gained: 6 | SP Change: 0

        ----------Char Buffs----------
        GilgameshTrace3ATK | ATK% | Stacks: 1 | Value: 0.200 | Remaining Turns: 1 | TickDown: SUP2, PERM | Target: SUP2 | Affects: ['ALL']
        GilgameshTrace3CD | CD% | Stacks: 1 | Value: 0.200 | Remaining Turns: 1 | TickDown: SUP2, PERM | Target: SUP2 | Affects: ['ALL']
        MasterSmithHP | HP% | Stacks: 1 | Value: 0.120 | Remaining Turns: 1 | TickDown: SUP2, PERM | Target: SUP2 | Affects: ['ALL']
        LushakaERR | ERR% | Stacks: 1 | Value: 0.050 | Remaining Turns: 1 | TickDown: SUP2, PERM | Target: SUP2 | Affects: ['ALL']
        WeltTraceERS | ERS% | Stacks: 1 | Value: 0.100 | Remaining Turns: 1 | TickDown: SUP2, PERM | Target: SUP2 | Affects: ['ALL']
        WeltTraceEHR | EHR% | Stacks: 1 | Value: 0.280 | Remaining Turns: 1 | TickDown: SUP2, PERM | Target: SUP2 | Affects: ['ALL']
        WeltTraceDMG | DMG% | Stacks: 1 | Value: 0.144 | Remaining Turns: 1 | TickDown: SUP2, PERM | Target: SUP2 | Affects: ['ALL']
        KeelCD(SUS) | CD% | Stacks: 1 | Value: 0.100 | Remaining Turns: 1 | TickDown: SUP2, PERM | Target: SUP2 | Affects: ['ALL']
        WeltTalent3ATK | ATK% | Stacks: 1 | Value: 0.800 | Remaining Turns: 1 | TickDown: SUP2, PERM | Target: SUP2 | Affects: ['ALL']
        WarriorGoddessHealCD | CD% | Stacks: 1 | Value: 0.150 | Remaining Turns: 1 | TickDown: SUP2, START | Target: SUP2 | Affects: ['ALL']
        ----------End of Buff List----------
        ----------Enemy Debuffs----------
        HuohuoTechniqueDebuff | From: SUS | ATK_REDUCTION | Stacks: 1 | Value: 0.250 | Remaining Turns: 1 | Target: 1 | Targeting: ST | Affects: ['SPECIAL'] | DOT: False | Blast: False
        WeltSpdDebuff | From: SUP2 | SPD% | Stacks: 1 | Value: -0.100 | Remaining Turns: 2 | Target: 1 | Targeting: ST | Affects: ['ALL'] | DOT: False | Blast: False
        WeltWeightlessSPD | From: SUP2 | SPD% | Stacks: 1 | Value: -0.050 | Remaining Turns: 1 | Target: 1 | Targeting: ST | Affects: ['ALL'] | DOT: False | Blast: False
        WeltWeightlessShred | From: SUP2 | SHRED | Stacks: 1 | Value: 0.400 | Remaining Turns: 1 | Target: 1 | Targeting: ST | Affects: ['ALL'] | DOT: False | Blast: False
        ResoShred(SUP2) | From: SUP2 | SHRED | Stacks: 1 | Value: 0.160 | Remaining Turns: 1 | Target: 1 | Targeting: ST | Affects: ['ALL'] | DOT: False | Blast: False
        ----------End of Debuff List----------
        ----------Healing List----------
        ----------End of Healing List----------
        ----------Shields List----------
        ----------End of Shields List----------
    GAUGE  - Enemy 1 toughness reduced by 0.000
    RESULT - WeltSkillExtra | Welt | SUP2 | DMG: 1922.213 | ELADMG: 0.000 | Enemies Hit: [1] | Enemies Broken: [] | WB DMG: 0.000 | Energy: 7.466 | Amount HP Healed: 0.000 | Amount HP Lost: 0.000 | Welt Energy: 95/120 | SP: 2 | MaxSP: 5)
    TURN   - WeltSlowedAdditionalDMG | Welt | SUP2 | ST attack | ['IMG'] | ['ADD'] | Scaling: ATK | TargetID: 1 | DMG/BREAK Splits: [1.0, 0]/[0, 0] | Energy Gained: 0 | SP Change: 0

        ----------Char Buffs----------
        GilgameshTrace3ATK | ATK% | Stacks: 1 | Value: 0.200 | Remaining Turns: 1 | TickDown: SUP2, PERM | Target: SUP2 | Affects: ['ALL']
        GilgameshTrace3CD | CD% | Stacks: 1 | Value: 0.200 | Remaining Turns: 1 | TickDown: SUP2, PERM | Target: SUP2 | Affects: ['ALL']
        MasterSmithHP | HP% | Stacks: 1 | Value: 0.120 | Remaining Turns: 1 | TickDown: SUP2, PERM | Target: SUP2 | Affects: ['ALL']
        LushakaERR | ERR% | Stacks: 1 | Value: 0.050 | Remaining Turns: 1 | TickDown: SUP2, PERM | Target: SUP2 | Affects: ['ALL']
        WeltTraceERS | ERS% | Stacks: 1 | Value: 0.100 | Remaining Turns: 1 | TickDown: SUP2, PERM | Target: SUP2 | Affects: ['ALL']
        WeltTraceEHR | EHR% | Stacks: 1 | Value: 0.280 | Remaining Turns: 1 | TickDown: SUP2, PERM | Target: SUP2 | Affects: ['ALL']
        WeltTraceDMG | DMG% | Stacks: 1 | Value: 0.144 | Remaining Turns: 1 | TickDown: SUP2, PERM | Target: SUP2 | Affects: ['ALL']
        KeelCD(SUS) | CD% | Stacks: 1 | Value: 0.100 | Remaining Turns: 1 | TickDown: SUP2, PERM | Target: SUP2 | Affects: ['ALL']
        WeltTalent3ATK | ATK% | Stacks: 1 | Value: 0.800 | Remaining Turns: 1 | TickDown: SUP2, PERM | Target: SUP2 | Affects: ['ALL']
        WarriorGoddessHealCD | CD% | Stacks: 1 | Value: 0.150 | Remaining Turns: 1 | TickDown: SUP2, START | Target: SUP2 | Affects: ['ALL']
        ----------End of Buff List----------
        ----------Enemy Debuffs----------
        HuohuoTechniqueDebuff | From: SUS | ATK_REDUCTION | Stacks: 1 | Value: 0.250 | Remaining Turns: 1 | Target: 1 | Targeting: ST | Affects: ['SPECIAL'] | DOT: False | Blast: False
        WeltSpdDebuff | From: SUP2 | SPD% | Stacks: 1 | Value: -0.100 | Remaining Turns: 2 | Target: 1 | Targeting: ST | Affects: ['ALL'] | DOT: False | Blast: False
        WeltWeightlessSPD | From: SUP2 | SPD% | Stacks: 1 | Value: -0.050 | Remaining Turns: 1 | Target: 1 | Targeting: ST | Affects: ['ALL'] | DOT: False | Blast: False
        WeltWeightlessShred | From: SUP2 | SHRED | Stacks: 1 | Value: 0.400 | Remaining Turns: 1 | Target: 1 | Targeting: ST | Affects: ['ALL'] | DOT: False | Blast: False
        ResoShred(SUP2) | From: SUP2 | SHRED | Stacks: 1 | Value: 0.160 | Remaining Turns: 1 | Target: 1 | Targeting: ST | Affects: ['ALL'] | DOT: False | Blast: False
        ----------End of Debuff List----------
        ----------Healing List----------
        ----------End of Healing List----------
        ----------Shields List----------
        ----------End of Shields List----------
    GAUGE  - Enemy 1 toughness reduced by 0.000
    RESULT - WeltSlowedAdditionalDMG | Welt | SUP2 | DMG: 2669.740 | ELADMG: 0.000 | Enemies Hit: [1] | Enemies Broken: [] | WB DMG: 0.000 | Energy: 0.000 | Amount HP Healed: 0.000 | Amount HP Lost: 0.000 | Welt Energy: 95/120 | SP: 2 | MaxSP: 5)
    TURN   - WeltSkillExtra | Welt | SUP2 | ST attack | ['IMG'] | ['SKL'] | Scaling: ATK | TargetID: 1 | DMG/BREAK Splits: [0.72, 0]/[10, 0] | Energy Gained: 6 | SP Change: 0

        ----------Char Buffs----------
        GilgameshTrace3ATK | ATK% | Stacks: 1 | Value: 0.200 | Remaining Turns: 1 | TickDown: SUP2, PERM | Target: SUP2 | Affects: ['ALL']
        GilgameshTrace3CD | CD% | Stacks: 1 | Value: 0.200 | Remaining Turns: 1 | TickDown: SUP2, PERM | Target: SUP2 | Affects: ['ALL']
        MasterSmithHP | HP% | Stacks: 1 | Value: 0.120 | Remaining Turns: 1 | TickDown: SUP2, PERM | Target: SUP2 | Affects: ['ALL']
        LushakaERR | ERR% | Stacks: 1 | Value: 0.050 | Remaining Turns: 1 | TickDown: SUP2, PERM | Target: SUP2 | Affects: ['ALL']
        WeltTraceERS | ERS% | Stacks: 1 | Value: 0.100 | Remaining Turns: 1 | TickDown: SUP2, PERM | Target: SUP2 | Affects: ['ALL']
        WeltTraceEHR | EHR% | Stacks: 1 | Value: 0.280 | Remaining Turns: 1 | TickDown: SUP2, PERM | Target: SUP2 | Affects: ['ALL']
        WeltTraceDMG | DMG% | Stacks: 1 | Value: 0.144 | Remaining Turns: 1 | TickDown: SUP2, PERM | Target: SUP2 | Affects: ['ALL']
        KeelCD(SUS) | CD% | Stacks: 1 | Value: 0.100 | Remaining Turns: 1 | TickDown: SUP2, PERM | Target: SUP2 | Affects: ['ALL']
        WeltTalent3ATK | ATK% | Stacks: 1 | Value: 0.800 | Remaining Turns: 1 | TickDown: SUP2, PERM | Target: SUP2 | Affects: ['ALL']
        WarriorGoddessHealCD | CD% | Stacks: 1 | Value: 0.150 | Remaining Turns: 1 | TickDown: SUP2, START | Target: SUP2 | Affects: ['ALL']
        ----------End of Buff List----------
        ----------Enemy Debuffs----------
        HuohuoTechniqueDebuff | From: SUS | ATK_REDUCTION | Stacks: 1 | Value: 0.250 | Remaining Turns: 1 | Target: 1 | Targeting: ST | Affects: ['SPECIAL'] | DOT: False | Blast: False
        WeltSpdDebuff | From: SUP2 | SPD% | Stacks: 1 | Value: -0.100 | Remaining Turns: 2 | Target: 1 | Targeting: ST | Affects: ['ALL'] | DOT: False | Blast: False
        WeltWeightlessSPD | From: SUP2 | SPD% | Stacks: 1 | Value: -0.050 | Remaining Turns: 1 | Target: 1 | Targeting: ST | Affects: ['ALL'] | DOT: False | Blast: False
        WeltWeightlessShred | From: SUP2 | SHRED | Stacks: 1 | Value: 0.400 | Remaining Turns: 1 | Target: 1 | Targeting: ST | Affects: ['ALL'] | DOT: False | Blast: False
        ResoShred(SUP2) | From: SUP2 | SHRED | Stacks: 1 | Value: 0.160 | Remaining Turns: 1 | Target: 1 | Targeting: ST | Affects: ['ALL'] | DOT: False | Blast: False
        ----------End of Debuff List----------
        ----------Healing List----------
        ----------End of Healing List----------
        ----------Shields List----------
        ----------End of Shields List----------
    GAUGE  - Enemy 1 toughness reduced by 0.000
    RESULT - WeltSkillExtra | Welt | SUP2 | DMG: 1922.213 | ELADMG: 0.000 | Enemies Hit: [1] | Enemies Broken: [] | WB DMG: 0.000 | Energy: 7.466 | Amount HP Healed: 0.000 | Amount HP Lost: 0.000 | Welt Energy: 103/120 | SP: 2 | MaxSP: 5)
    TURN   - WeltSlowedAdditionalDMG | Welt | SUP2 | ST attack | ['IMG'] | ['ADD'] | Scaling: ATK | TargetID: 1 | DMG/BREAK Splits: [1.0, 0]/[0, 0] | Energy Gained: 0 | SP Change: 0

        ----------Char Buffs----------
        GilgameshTrace3ATK | ATK% | Stacks: 1 | Value: 0.200 | Remaining Turns: 1 | TickDown: SUP2, PERM | Target: SUP2 | Affects: ['ALL']
        GilgameshTrace3CD | CD% | Stacks: 1 | Value: 0.200 | Remaining Turns: 1 | TickDown: SUP2, PERM | Target: SUP2 | Affects: ['ALL']
        MasterSmithHP | HP% | Stacks: 1 | Value: 0.120 | Remaining Turns: 1 | TickDown: SUP2, PERM | Target: SUP2 | Affects: ['ALL']
        LushakaERR | ERR% | Stacks: 1 | Value: 0.050 | Remaining Turns: 1 | TickDown: SUP2, PERM | Target: SUP2 | Affects: ['ALL']
        WeltTraceERS | ERS% | Stacks: 1 | Value: 0.100 | Remaining Turns: 1 | TickDown: SUP2, PERM | Target: SUP2 | Affects: ['ALL']
        WeltTraceEHR | EHR% | Stacks: 1 | Value: 0.280 | Remaining Turns: 1 | TickDown: SUP2, PERM | Target: SUP2 | Affects: ['ALL']
        WeltTraceDMG | DMG% | Stacks: 1 | Value: 0.144 | Remaining Turns: 1 | TickDown: SUP2, PERM | Target: SUP2 | Affects: ['ALL']
        KeelCD(SUS) | CD% | Stacks: 1 | Value: 0.100 | Remaining Turns: 1 | TickDown: SUP2, PERM | Target: SUP2 | Affects: ['ALL']
        WeltTalent3ATK | ATK% | Stacks: 1 | Value: 0.800 | Remaining Turns: 1 | TickDown: SUP2, PERM | Target: SUP2 | Affects: ['ALL']
        WarriorGoddessHealCD | CD% | Stacks: 1 | Value: 0.150 | Remaining Turns: 1 | TickDown: SUP2, START | Target: SUP2 | Affects: ['ALL']
        ----------End of Buff List----------
        ----------Enemy Debuffs----------
        HuohuoTechniqueDebuff | From: SUS | ATK_REDUCTION | Stacks: 1 | Value: 0.250 | Remaining Turns: 1 | Target: 1 | Targeting: ST | Affects: ['SPECIAL'] | DOT: False | Blast: False
        WeltSpdDebuff | From: SUP2 | SPD% | Stacks: 1 | Value: -0.100 | Remaining Turns: 2 | Target: 1 | Targeting: ST | Affects: ['ALL'] | DOT: False | Blast: False
        WeltWeightlessSPD | From: SUP2 | SPD% | Stacks: 1 | Value: -0.050 | Remaining Turns: 1 | Target: 1 | Targeting: ST | Affects: ['ALL'] | DOT: False | Blast: False
        WeltWeightlessShred | From: SUP2 | SHRED | Stacks: 1 | Value: 0.400 | Remaining Turns: 1 | Target: 1 | Targeting: ST | Affects: ['ALL'] | DOT: False | Blast: False
        ResoShred(SUP2) | From: SUP2 | SHRED | Stacks: 1 | Value: 0.160 | Remaining Turns: 1 | Target: 1 | Targeting: ST | Affects: ['ALL'] | DOT: False | Blast: False
        ----------End of Debuff List----------
        ----------Healing List----------
        ----------End of Healing List----------
        ----------Shields List----------
        ----------End of Shields List----------
    GAUGE  - Enemy 1 toughness reduced by 0.000
    RESULT - WeltSlowedAdditionalDMG | Welt | SUP2 | DMG: 2669.740 | ELADMG: 0.000 | Enemies Hit: [1] | Enemies Broken: [] | WB DMG: 0.000 | Energy: 0.000 | Amount HP Healed: 0.000 | Amount HP Lost: 0.000 | Welt Energy: 103/120 | SP: 2 | MaxSP: 5)
    TURN   - WeltAdditionalDMG | Welt | SUP2 | ST attack | ['IMG'] | ['ADD'] | Scaling: ATK | TargetID: 1 | DMG/BREAK Splits: [0.864, 0]/[0, 0] | Energy Gained: 0 | SP Change: 0

        ----------Char Buffs----------
        GilgameshTrace3ATK | ATK% | Stacks: 1 | Value: 0.200 | Remaining Turns: 1 | TickDown: SUP2, PERM | Target: SUP2 | Affects: ['ALL']
        GilgameshTrace3CD | CD% | Stacks: 1 | Value: 0.200 | Remaining Turns: 1 | TickDown: SUP2, PERM | Target: SUP2 | Affects: ['ALL']
        MasterSmithHP | HP% | Stacks: 1 | Value: 0.120 | Remaining Turns: 1 | TickDown: SUP2, PERM | Target: SUP2 | Affects: ['ALL']
        LushakaERR | ERR% | Stacks: 1 | Value: 0.050 | Remaining Turns: 1 | TickDown: SUP2, PERM | Target: SUP2 | Affects: ['ALL']
        WeltTraceERS | ERS% | Stacks: 1 | Value: 0.100 | Remaining Turns: 1 | TickDown: SUP2, PERM | Target: SUP2 | Affects: ['ALL']
        WeltTraceEHR | EHR% | Stacks: 1 | Value: 0.280 | Remaining Turns: 1 | TickDown: SUP2, PERM | Target: SUP2 | Affects: ['ALL']
        WeltTraceDMG | DMG% | Stacks: 1 | Value: 0.144 | Remaining Turns: 1 | TickDown: SUP2, PERM | Target: SUP2 | Affects: ['ALL']
        KeelCD(SUS) | CD% | Stacks: 1 | Value: 0.100 | Remaining Turns: 1 | TickDown: SUP2, PERM | Target: SUP2 | Affects: ['ALL']
        WeltTalent3ATK | ATK% | Stacks: 1 | Value: 0.800 | Remaining Turns: 1 | TickDown: SUP2, PERM | Target: SUP2 | Affects: ['ALL']
        WarriorGoddessHealCD | CD% | Stacks: 1 | Value: 0.150 | Remaining Turns: 1 | TickDown: SUP2, START | Target: SUP2 | Affects: ['ALL']
        ----------End of Buff List----------
        ----------Enemy Debuffs----------
        HuohuoTechniqueDebuff | From: SUS | ATK_REDUCTION | Stacks: 1 | Value: 0.250 | Remaining Turns: 1 | Target: 1 | Targeting: ST | Affects: ['SPECIAL'] | DOT: False | Blast: False
        WeltSpdDebuff | From: SUP2 | SPD% | Stacks: 1 | Value: -0.100 | Remaining Turns: 2 | Target: 1 | Targeting: ST | Affects: ['ALL'] | DOT: False | Blast: False
        WeltWeightlessSPD | From: SUP2 | SPD% | Stacks: 1 | Value: -0.050 | Remaining Turns: 1 | Target: 1 | Targeting: ST | Affects: ['ALL'] | DOT: False | Blast: False
        WeltWeightlessShred | From: SUP2 | SHRED | Stacks: 1 | Value: 0.400 | Remaining Turns: 1 | Target: 1 | Targeting: ST | Affects: ['ALL'] | DOT: False | Blast: False
        ResoShred(SUP2) | From: SUP2 | SHRED | Stacks: 1 | Value: 0.160 | Remaining Turns: 1 | Target: 1 | Targeting: ST | Affects: ['ALL'] | DOT: False | Blast: False
        ----------End of Debuff List----------
        ----------Healing List----------
        ----------End of Healing List----------
        ----------Shields List----------
        ----------End of Shields List----------
    GAUGE  - Enemy 1 toughness reduced by 0.000
    RESULT - WeltAdditionalDMG | Welt | SUP2 | DMG: 2306.656 | ELADMG: 0.000 | Enemies Hit: [1] | Enemies Broken: [] | WB DMG: 0.000 | Energy: 0.000 | Amount HP Healed: 0.000 | Amount HP Lost: 0.000 | Welt Energy: 103/120 | SP: 2 | MaxSP: 5)
    TURN   - HuoHuoAllyERR | HuoHuo | SUS | NA attack | ['WIN'] | ['SPECIAL'] | Scaling: HP | TargetID: 1 | DMG/BREAK Splits: [0, 0]/[0, 0] | Energy Gained: 1 | SP Change: 0

        ----------Char Buffs----------
        GilgameshTrace3ATK | ATK% | Stacks: 1 | Value: 0.200 | Remaining Turns: 1 | TickDown: SUS, PERM | Target: SUS | Affects: ['ALL']
        GilgameshTrace3CD | CD% | Stacks: 1 | Value: 0.200 | Remaining Turns: 1 | TickDown: SUS, PERM | Target: SUS | Affects: ['ALL']
        PostOpERR | ERR% | Stacks: 1 | Value: 0.160 | Remaining Turns: 1 | TickDown: SUS, PERM | Target: SUS | Affects: ['ALL']
        WarriorGoddessSPD | SPD% | Stacks: 1 | Value: 0.060 | Remaining Turns: 1 | TickDown: SUS, PERM | Target: SUS | Affects: ['ALL']
        KeelEFFRES | ERS% | Stacks: 1 | Value: 0.100 | Remaining Turns: 1 | TickDown: SUS, PERM | Target: SUS | Affects: ['ALL']
        KeelCD(SUS) | CD% | Stacks: 1 | Value: 0.100 | Remaining Turns: 1 | TickDown: SUS, PERM | Target: SUS | Affects: ['ALL']
        HHTraceHP | HP% | Stacks: 1 | Value: 0.280 | Remaining Turns: 1 | TickDown: SUS, PERM | Target: SUS | Affects: ['ALL']
        HHTraceERS | ERS% | Stacks: 1 | Value: 0.180 | Remaining Turns: 1 | TickDown: SUS, PERM | Target: SUS | Affects: ['ALL']
        HHTraceSPD | SPD | Stacks: 1 | Value: 5.000 | Remaining Turns: 1 | TickDown: SUS, PERM | Target: SUS | Affects: ['ALL']
        WarriorGoddessHealSPD | SPD% | Stacks: 1 | Value: 0.060 | Remaining Turns: 1 | TickDown: SUS, START | Target: SUS | Affects: ['ALL']
        WarriorGoddessHealCD | CD% | Stacks: 1 | Value: 0.150 | Remaining Turns: 1 | TickDown: SUS, START | Target: SUS | Affects: ['ALL']
        WeltAllyWeightlessDMG | DMG% | Stacks: 1 | Value: 0.100 | Remaining Turns: 1 | TickDown: SUS, END | Target: SUS | Affects: ['ALL']
        ----------End of Buff List----------
        ----------Enemy Debuffs----------
        HuohuoTechniqueDebuff | From: SUS | ATK_REDUCTION | Stacks: 1 | Value: 0.250 | Remaining Turns: 1 | Target: 1 | Targeting: ST | Affects: ['SPECIAL'] | DOT: False | Blast: False
        WeltSpdDebuff | From: SUP2 | SPD% | Stacks: 1 | Value: -0.100 | Remaining Turns: 2 | Target: 1 | Targeting: ST | Affects: ['ALL'] | DOT: False | Blast: False
        WeltWeightlessSPD | From: SUP2 | SPD% | Stacks: 1 | Value: -0.050 | Remaining Turns: 1 | Target: 1 | Targeting: ST | Affects: ['ALL'] | DOT: False | Blast: False
        WeltWeightlessShred | From: SUP2 | SHRED | Stacks: 1 | Value: 0.400 | Remaining Turns: 1 | Target: 1 | Targeting: ST | Affects: ['ALL'] | DOT: False | Blast: False
        ResoShred(SUP2) | From: SUP2 | SHRED | Stacks: 1 | Value: 0.160 | Remaining Turns: 1 | Target: 1 | Targeting: ST | Affects: ['ALL'] | DOT: False | Blast: False
        ----------End of Debuff List----------
        ----------Healing List----------
        ----------End of Healing List----------
        ----------Shields List----------
        ----------End of Shields List----------
    GAUGE  - Enemy 1 toughness reduced by 0.000
    RESULT - HuoHuoAllyERR | HuoHuo | SUS | DMG: 0.000 | ELADMG: 0.000 | Enemies Hit: [1] | Enemies Broken: [] | WB DMG: 0.000 | Energy: 1.354 | Amount HP Healed: 0.000 | Amount HP Lost: 0.000 | HuoHuo Energy: 56/140 | SP: 2 | MaxSP: 5)
[WeltAllyBuff] allyTurn() invoked for attacker=Role.SUS, move=HuoHuoAllyERR
[WeltAllyBuff] allyTurn check: attacker=Role.SUS, turnName=HuoHuoAllyERR, dmg=0.0, elationDmg=0, enemiesHit=[1], weightlessTurns={0: 1, 1: 1, 2: 1}
[WeltAllyBuff] skipped: no damage on this turn
SPD    > Gilgamesh speed changed to 157.532 | NewAV: 41.695
AV     > Welt AV reset to 64.670 | 154.632 SPD
DELAY  > Enemy 1 delayed by 4.0% from WeltWeightlessDelay | NewAV: 19.142

<<< NEW TURN >>>
-   Saber AV: 0.000 ENERGY: 91.000 MaxHP: 3366.991 CurrHp 2322.867 ShieldHP: 0.000
-   Enemy 1 AV: 2.527 ENERGY: 0.000 MaxHP: 5000000.000 CurrHp 3738453.200 ShieldHP: 0.000
-   Enemy 2 AV: 23.671 ENERGY: 0.000 MaxHP: 2000000.000 CurrHp 1653913.004 ShieldHP: 0.000
-   Enemy 0 AV: 23.671 ENERGY: 0.000 MaxHP: 2000000.000 CurrHp 1653913.004 ShieldHP: 0.000
-   Gilgamesh AV: 25.079 ENERGY: 65.000 MaxHP: 3134.558 CurrHp 1613.155 ShieldHP: 0.000
-   HuoHuo AV: 43.340 ENERGY: 55.530 MaxHP: 6139.808 CurrHp 5617.940 ShieldHP: 0.000
-   Welt AV: 48.054 ENERGY: 102.812 MaxHP: 3270.753 CurrHp 1870.442 ShieldHP: 0.000

Combat context set: 3 enemies, 4 players
Combat context initialized: 3 enemies, Elation team size: 0
ACTION > [CHAR] TotalAV: 145.955 | TurnAV: 16.615 | Saber | A-move
Saber got 2 Core Resonance from Enhanced basic, Current Count: 8
    TURN   - SaberEnhancedBasic | Saber | DPS | AOE attack | ['WIN'] | ['BSC'] | Scaling: ATK | TargetID: 1 | DMG/BREAK Splits: [1.5, 0]/[20, 0] | Energy Gained: 30 | SP Change: 1

        ----------Char Buffs----------
        ThanklessCoronationCD | CR% | Stacks: 1 | Value: 0.360 | Remaining Turns: 1 | TickDown: DPS, PERM | Target: DPS | Affects: ['ALL']
        ScholarCR | CR% | Stacks: 1 | Value: 0.080 | Remaining Turns: 1 | TickDown: DPS, PERM | Target: DPS | Affects: ['ALL']
        SaberTraceHP | HP% | Stacks: 1 | Value: 0.100 | Remaining Turns: 1 | TickDown: DPS, PERM | Target: DPS | Affects: ['ALL']
        SaberTraceCR | CR% | Stacks: 1 | Value: 0.120 | Remaining Turns: 1 | TickDown: DPS, PERM | Target: DPS | Affects: ['ALL']
        SaberTraceDMG | DMG% | Stacks: 1 | Value: 0.224 | Remaining Turns: 1 | TickDown: DPS, PERM | Target: DPS | Affects: ['ALL']
        SaberTrace1CR | CR% | Stacks: 1 | Value: 0.200 | Remaining Turns: 1 | TickDown: DPS, PERM | Target: DPS | Affects: ['ALL']
        GilgameshTrace3ATK | ATK% | Stacks: 1 | Value: 0.200 | Remaining Turns: 1 | TickDown: DPS, PERM | Target: DPS | Affects: ['ALL']
        GilgameshTrace3CD | CD% | Stacks: 1 | Value: 0.200 | Remaining Turns: 1 | TickDown: DPS, PERM | Target: DPS | Affects: ['ALL']
        LushakaATK(SUP2) | ATK% | Stacks: 1 | Value: 0.120 | Remaining Turns: 1 | TickDown: DPS, PERM | Target: DPS | Affects: ['ALL']
        KeelCD(SUS) | CD% | Stacks: 1 | Value: 0.100 | Remaining Turns: 1 | TickDown: DPS, PERM | Target: DPS | Affects: ['ALL']
        CosmicLifeDMG | DMG% | Stacks: 1 | Value: 0.320 | Remaining Turns: 1 | TickDown: DPS, PERM | Target: DPS | Affects: ['ALL']
        TalentATK | ATK_REDUCTION | Stacks: 1 | Value: 0.350 | Remaining Turns: 1 | TickDown: DPS, END | Target: DPS | Affects: ['ALL']
        Trace3CDExtra | CD% | Stacks: 1 | Value: 0.320 | Remaining Turns: 1 | TickDown: DPS, PERM | Target: DPS | Affects: ['ALL']
        TalentDMG | DMG% | Stacks: 1 | Value: 0.600 | Remaining Turns: 1 | TickDown: DPS, END | Target: DPS | Affects: ['ALL']
        WarriorGoddessHealCD | CD% | Stacks: 1 | Value: 0.150 | Remaining Turns: 1 | TickDown: DPS, START | Target: DPS | Affects: ['ALL']
        HuoHuoUltATK | ATK% | Stacks: 1 | Value: 0.400 | Remaining Turns: 1 | TickDown: DPS, END | Target: DPS | Affects: ['ALL']
        HuoHuoUltExtraATK | ATK% | Stacks: 1 | Value: 0.240 | Remaining Turns: 1 | TickDown: DPS, END | Target: DPS | Affects: ['ALL']
        Trace3CD | CD% | Stacks: 1 | Value: 0.500 | Remaining Turns: 1 | TickDown: DPS, END | Target: DPS | Affects: ['ALL']
        GilgameshTrace3AllyATK | ATK% | Stacks: 1 | Value: 1.000 | Remaining Turns: 1 | TickDown: DPS, PERM | Target: DPS | Affects: ['ALL']
        GilgameshTrace3AllyCD | CD% | Stacks: 1 | Value: 1.000 | Remaining Turns: 1 | TickDown: DPS, PERM | Target: DPS | Affects: ['ALL']
        WeltAllyWeightlessDMG | DMG% | Stacks: 3 | Value: 0.300 | Remaining Turns: 1 | TickDown: DPS, END | Target: DPS | Affects: ['ALL']
        ThanklessCoronationATK | ATK% | Stacks: 1 | Value: 0.400 | Remaining Turns: 1 | TickDown: DPS, END | Target: DPS | Affects: ['ALL']
        ThanklessCoronationATKExtra | ATK% | Stacks: 1 | Value: 0.400 | Remaining Turns: 1 | TickDown: DPS, END | Target: DPS | Affects: ['ALL']
        ----------End of Buff List----------
        ----------Enemy Debuffs----------
        HuohuoTechniqueDebuff | From: SUS | ATK_REDUCTION | Stacks: 1 | Value: 0.250 | Remaining Turns: 1 | Target: 1 | Targeting: ST | Affects: ['SPECIAL'] | DOT: False | Blast: False
        WeltSpdDebuff | From: SUP2 | SPD% | Stacks: 1 | Value: -0.100 | Remaining Turns: 2 | Target: 1 | Targeting: ST | Affects: ['ALL'] | DOT: False | Blast: False
        WeltWeightlessSPD | From: SUP2 | SPD% | Stacks: 1 | Value: -0.050 | Remaining Turns: 1 | Target: 1 | Targeting: ST | Affects: ['ALL'] | DOT: False | Blast: False
        WeltWeightlessShred | From: SUP2 | SHRED | Stacks: 1 | Value: 0.400 | Remaining Turns: 1 | Target: 1 | Targeting: ST | Affects: ['ALL'] | DOT: False | Blast: False
        ResoShred(SUP2) | From: SUP2 | SHRED | Stacks: 1 | Value: 0.160 | Remaining Turns: 1 | Target: 1 | Targeting: ST | Affects: ['ALL'] | DOT: False | Blast: False
        ----------End of Debuff List----------
        ----------Healing List----------
        ----------End of Healing List----------
        ----------Shields List----------
        ----------End of Shields List----------
    GAUGE  - Enemy 0 toughness reduced by 20.000
    GAUGE  - Enemy 1 toughness reduced by 20.000
    GAUGE  - Enemy 2 toughness reduced by 20.000
    RESULT - SaberEnhancedBasic | Saber | DPS | DMG: 181602.214 | ELADMG: 0.000 | Enemies Hit: [0, 1, 2] | Enemies Broken: [] | WB DMG: 0.000 | Energy: 30.000 | Amount HP Healed: 0.000 | Amount HP Lost: 0.000 | Saber Energy: 121/360 | SP: 3 | MaxSP: 5)
Gilgamesh Obtained 1 Interest from Teammate, Current count: 3
Gilgamesh JointCounter increased by one, current count: 7
[WeltAllyBuff] allyTurn() invoked for attacker=Role.DPS, move=SaberEnhancedBasic
[WeltAllyBuff] allyTurn check: attacker=Role.DPS, turnName=SaberEnhancedBasic, dmg=181602.21436471574, elationDmg=0, enemiesHit=[0, 1, 2], weightlessTurns={0: 1, 1: 1, 2: 1}
[WeltAllyBuff] TRIGGERED - granting WeltAllyWeightlessDMG
        Buff TalentATK expired
        Buff TalentDMG expired
        Buff HuoHuoUltATK expired
        Buff HuoHuoUltExtraATK expired
        Buff Trace3CD expired
        Buff ThanklessCoronationATK expired
        Buff ThanklessCoronationATKExtra expired
SPD    > Gilgamesh speed changed to 167.232 | NewAV: 23.625
AV     > Saber AV reset to 76.551 | 130.632 SPD
DELAY  > Enemy 0 delayed by 4.0% from WeltWeightlessDelay | NewAV: 26.347
DELAY  > Enemy 1 delayed by 4.0% from WeltWeightlessDelay | NewAV: 4.723
DELAY  > Enemy 2 delayed by 4.0% from WeltWeightlessDelay | NewAV: 26.347

<<< NEW TURN >>>
-   Enemy 1 AV: 0.000 ENERGY: 0.000 MaxHP: 5000000.000 CurrHp 3673181.456 ShieldHP: 0.000
-   Gilgamesh AV: 18.902 ENERGY: 65.000 MaxHP: 3134.558 CurrHp 1613.155 ShieldHP: 0.000
-   Enemy 2 AV: 21.624 ENERGY: 0.000 MaxHP: 2000000.000 CurrHp 1595747.769 ShieldHP: 0.000
-   Enemy 0 AV: 21.624 ENERGY: 0.000 MaxHP: 2000000.000 CurrHp 1595747.769 ShieldHP: 0.000
-   HuoHuo AV: 38.617 ENERGY: 55.530 MaxHP: 6139.808 CurrHp 5617.940 ShieldHP: 0.000
-   Welt AV: 43.332 ENERGY: 102.812 MaxHP: 3270.753 CurrHp 1870.442 ShieldHP: 0.000
-   Saber AV: 71.828 ENERGY: 121.000 MaxHP: 3366.991 CurrHp 2322.867 ShieldHP: 0.000

Combat context set: 3 enemies, 4 players
Combat context initialized: 3 enemies, Elation team size: 0
ACTION > [ENEMY] TotalAV: 150.677 | TurnAV: 4.723 | Enemy 1 | 1 attacks
    CharEnergy - Saber: Hit 10.000 Total: 131.000 | Gilgamesh: Hit 3.333 Total: 68.333 | Welt: Hit 0.000 Total: 102.812 | HuoHuo: Hit 0.000 Total: 55.530 |
    ENEMY  - Enemy 1 [aoe] dealt 174.0 to Saber (energy: 3.3, DEF: 2409, atkMul: 0.75, dmgMul: 1.00) | Shield Absorbed: 0.0 | HP Lost: 174.0 | HP: 2149/3367 | Shield HP: 0
    ENEMY  - Enemy 1 [aoe] dealt 174.0 to Saber (energy: 3.3, DEF: 2409, atkMul: 0.75, dmgMul: 1.00) | Shield Absorbed: 0.0 | HP Lost: 174.0 | HP: 1975/3367 | Shield HP: 0
    ENEMY  - Enemy 1 [aoe] dealt 210.4 to Gilgamesh (energy: 3.3, DEF: 1794, atkMul: 0.75, dmgMul: 1.00) | Shield Absorbed: 0.0 | HP Lost: 210.4 | HP: 1403/3135 | Shield HP: 0
    ENEMY  - Enemy 1 [aoe] dealt 174.0 to Saber (energy: 3.3, DEF: 2409, atkMul: 0.75, dmgMul: 1.00) | Shield Absorbed: 0.0 | HP Lost: 174.0 | HP: 1801/3367 | Shield HP: 0
        Debuff HuohuoTechniqueDebuff expired
        Debuff WeltWeightlessSPD expired
        Debuff WeltWeightlessShred expired
        Debuff ResoShred(SUP2) expired
AV     > Enemy 1 AV reset to 57.392 | 174.240 SPD

<<< NEW TURN >>>
-   Gilgamesh AV: 0.000 ENERGY: 68.333 MaxHP: 3134.558 CurrHp 1402.801 ShieldHP: 0.000
-   Enemy 2 AV: 2.722 ENERGY: 0.000 MaxHP: 2000000.000 CurrHp 1595747.769 ShieldHP: 0.000
-   Enemy 0 AV: 2.722 ENERGY: 0.000 MaxHP: 2000000.000 CurrHp 1595747.769 ShieldHP: 0.000
-   HuoHuo AV: 19.715 ENERGY: 55.530 MaxHP: 6139.808 CurrHp 5617.940 ShieldHP: 0.000
-   Welt AV: 24.430 ENERGY: 102.812 MaxHP: 3270.753 CurrHp 1870.442 ShieldHP: 0.000
-   Enemy 1 AV: 38.490 ENERGY: 0.000 MaxHP: 5000000.000 CurrHp 3673181.456 ShieldHP: 0.000
-   Saber AV: 52.926 ENERGY: 131.000 MaxHP: 3366.991 CurrHp 1800.805 ShieldHP: 0.000

Combat context set: 3 enemies, 4 players
Combat context initialized: 3 enemies, Elation team size: 0
[WeltAllyBuff] enemy turn-boundary detected for eid=1 (prevAV=0.0, currAV=38.49006911522792); weightlessTurns before={0: 1, 1: 1, 2: 1}
[WeltAllyBuff] weightlessTurns after={0: 1, 2: 1}
ACTION > [CHAR] TotalAV: 169.579 | TurnAV: 18.902 | Gilgamesh | E-move
        Buff ScholarBonusDMG expired
Gilgamesh JointCounter increased by one, current count: 8
    TURN   - GilgameshSkill | Gilgamesh | SUP1 | BLAST attack | ['LNG'] | ['SKL'] | Scaling: ATK | TargetID: 1 | DMG/BREAK Splits: [2.8, 1.4]/[20, 10] | Energy Gained: 30 | SP Change: 0

        ----------Char Buffs----------
        ScholarCR | CR% | Stacks: 1 | Value: 0.080 | Remaining Turns: 1 | TickDown: SUP1, PERM | Target: SUP1 | Affects: ['ALL']
        ScholarDMG | DMG% | Stacks: 1 | Value: 0.200 | Remaining Turns: 1 | TickDown: SUP1, PERM | Target: SUP1 | Affects: ['SKL', 'ULT']
        GilgameshTraceATK | ATK | Stacks: 1 | Value: 0.180 | Remaining Turns: 1 | TickDown: SUP1, PERM | Target: SUP1 | Affects: ['ALL']
        GilgameshTraceCR | CR% | Stacks: 1 | Value: 0.187 | Remaining Turns: 1 | TickDown: SUP1, PERM | Target: SUP1 | Affects: ['ALL']
        GilgameshTraceDMG | DMG% | Stacks: 1 | Value: 0.080 | Remaining Turns: 1 | TickDown: SUP1, PERM | Target: SUP1 | Affects: ['ALL']
        GilgameshTrace3ATK | ATK% | Stacks: 1 | Value: 0.200 | Remaining Turns: 1 | TickDown: SUP1, PERM | Target: SUP1 | Affects: ['ALL']
        GilgameshTrace3CD | CD% | Stacks: 1 | Value: 0.200 | Remaining Turns: 1 | TickDown: SUP1, PERM | Target: SUP1 | Affects: ['ALL']
        GilgameshTrace3SelfATK | ATK% | Stacks: 1 | Value: 1.000 | Remaining Turns: 1 | TickDown: SUP1, PERM | Target: SUP1 | Affects: ['ALL']
        GilgameshTrace3SelfCD | CD% | Stacks: 1 | Value: 1.000 | Remaining Turns: 1 | TickDown: SUP1, PERM | Target: SUP1 | Affects: ['ALL']
        KeelCD(SUS) | CD% | Stacks: 1 | Value: 0.100 | Remaining Turns: 1 | TickDown: SUP1, PERM | Target: SUP1 | Affects: ['ALL']
        CosmicLifeDMG | DMG% | Stacks: 1 | Value: 0.320 | Remaining Turns: 1 | TickDown: SUP1, PERM | Target: SUP1 | Affects: ['ALL']
        Trace2CDExtra | CD% | Stacks: 1 | Value: 1.500 | Remaining Turns: 1 | TickDown: SUP1, PERM | Target: SUP1 | Affects: ['ALL']
        GilgameshInterestSPD | SPD% | Stacks: 1 | Value: 0.300 | Remaining Turns: 1 | TickDown: SUP2, PERM | Target: SUP1 | Affects: ['ALL']
        WarriorGoddessHealCD | CD% | Stacks: 1 | Value: 0.150 | Remaining Turns: 1 | TickDown: SUP1, START | Target: SUP1 | Affects: ['ALL']
        AeonATK | ATK% | Stacks: 1 | Value: 0.480 | Remaining Turns: 1 | TickDown: SUP1, PERM | Target: SUP1 | Affects: ['ALL']
        WeltAllyWeightlessDMG | DMG% | Stacks: 4 | Value: 0.400 | Remaining Turns: 1 | TickDown: SUP1, END | Target: SUP1 | Affects: ['ALL']
        GilgameshSKLShred | SHRED | Stacks: 1 | Value: 0.300 | Remaining Turns: 3 | TickDown: SUP1, END | Target: SUP1 | Affects: ['ALL']
        ----------End of Buff List----------
        ----------Enemy Debuffs----------
        WeltSpdDebuff | From: SUP2 | SPD% | Stacks: 1 | Value: -0.100 | Remaining Turns: 1 | Target: 1 | Targeting: ST | Affects: ['ALL'] | DOT: False | Blast: False
        ----------End of Debuff List----------
        ----------Healing List----------
        ----------End of Healing List----------
        ----------Shields List----------
        ----------End of Shields List----------
    GAUGE  - Enemy 1 toughness reduced by 0.000
    GAUGE  - Enemy 0 toughness reduced by 0.000
    GAUGE  - Enemy 2 toughness reduced by 0.000
    RESULT - GilgameshSkill | Gilgamesh | SUP1 | DMG: 134665.691 | ELADMG: 0.000 | Enemies Hit: [1, 0, 2] | Enemies Broken: [] | WB DMG: 0.000 | Energy: 30.000 | Amount HP Healed: 0.000 | Amount HP Lost: 0.000 | Gilgamesh Energy: 98/360 | SP: 3 | MaxSP: 5)
Gilgamesh Obtained 3 Interest from Joint Attack, Current count: 3
[WeltAllyBuff] allyTurn() invoked for attacker=Role.SUP1, move=GilgameshSkill
[WeltAllyBuff] allyTurn check: attacker=Role.SUP1, turnName=GilgameshSkill, dmg=134665.69087143935, elationDmg=0, enemiesHit=[1, 0, 2], weightlessTurns={0: 1, 2: 1}
[WeltAllyBuff] TRIGGERED - granting WeltAllyWeightlessDMG
    TURN   - GilgameshJointAttack | Gilgamesh | SUP1 | AOE attack | ['LNG'] | ['FUA'] | Scaling: ATK | TargetID: 1 | DMG/BREAK Splits: [4.0, 0]/[20, 0] | Energy Gained: 10 | SP Change: 0

        ----------Char Buffs----------
        ScholarCR | CR% | Stacks: 1 | Value: 0.080 | Remaining Turns: 1 | TickDown: SUP1, PERM | Target: SUP1 | Affects: ['ALL']
        GilgameshTraceATK | ATK | Stacks: 1 | Value: 0.180 | Remaining Turns: 1 | TickDown: SUP1, PERM | Target: SUP1 | Affects: ['ALL']
        GilgameshTraceCR | CR% | Stacks: 1 | Value: 0.187 | Remaining Turns: 1 | TickDown: SUP1, PERM | Target: SUP1 | Affects: ['ALL']
        GilgameshTraceDMG | DMG% | Stacks: 1 | Value: 0.080 | Remaining Turns: 1 | TickDown: SUP1, PERM | Target: SUP1 | Affects: ['ALL']
        GilgameshTrace3ATK | ATK% | Stacks: 1 | Value: 0.200 | Remaining Turns: 1 | TickDown: SUP1, PERM | Target: SUP1 | Affects: ['ALL']
        GilgameshTrace3CD | CD% | Stacks: 1 | Value: 0.200 | Remaining Turns: 1 | TickDown: SUP1, PERM | Target: SUP1 | Affects: ['ALL']
        GilgameshTrace3SelfATK | ATK% | Stacks: 1 | Value: 1.000 | Remaining Turns: 1 | TickDown: SUP1, PERM | Target: SUP1 | Affects: ['ALL']
        GilgameshTrace3SelfCD | CD% | Stacks: 1 | Value: 1.000 | Remaining Turns: 1 | TickDown: SUP1, PERM | Target: SUP1 | Affects: ['ALL']
        KeelCD(SUS) | CD% | Stacks: 1 | Value: 0.100 | Remaining Turns: 1 | TickDown: SUP1, PERM | Target: SUP1 | Affects: ['ALL']
        CosmicLifeDMG | DMG% | Stacks: 1 | Value: 0.320 | Remaining Turns: 1 | TickDown: SUP1, PERM | Target: SUP1 | Affects: ['ALL']
        Trace2CDExtra | CD% | Stacks: 1 | Value: 1.500 | Remaining Turns: 1 | TickDown: SUP1, PERM | Target: SUP1 | Affects: ['ALL']
        GilgameshInterestSPD | SPD% | Stacks: 1 | Value: 0.000 | Remaining Turns: 1 | TickDown: SUP2, PERM | Target: SUP1 | Affects: ['ALL']
        WarriorGoddessHealCD | CD% | Stacks: 1 | Value: 0.150 | Remaining Turns: 1 | TickDown: SUP1, START | Target: SUP1 | Affects: ['ALL']
        AeonATK | ATK% | Stacks: 1 | Value: 0.640 | Remaining Turns: 1 | TickDown: SUP1, PERM | Target: SUP1 | Affects: ['ALL']
        WeltAllyWeightlessDMG | DMG% | Stacks: 5 | Value: 0.500 | Remaining Turns: 2 | TickDown: SUP1, END | Target: SUP1 | Affects: ['ALL']
        GilgameshSKLShred | SHRED | Stacks: 1 | Value: 0.300 | Remaining Turns: 3 | TickDown: SUP1, END | Target: SUP1 | Affects: ['ALL']
        ----------End of Buff List----------
        ----------Enemy Debuffs----------
        WeltSpdDebuff | From: SUP2 | SPD% | Stacks: 1 | Value: -0.100 | Remaining Turns: 1 | Target: 1 | Targeting: ST | Affects: ['ALL'] | DOT: False | Blast: False
        ----------End of Debuff List----------
        ----------Healing List----------
        ----------End of Healing List----------
        ----------Shields List----------
        ----------End of Shields List----------
    GAUGE  - Enemy 0 toughness reduced by 0.000
    GAUGE  - Enemy 1 toughness reduced by 0.000
    GAUGE  - Enemy 2 toughness reduced by 0.000
    RESULT - GilgameshJointAttack | Gilgamesh | SUP1 | DMG: 303044.627 | ELADMG: 0.000 | Enemies Hit: [0, 1, 2] | Enemies Broken: [] | WB DMG: 0.000 | Energy: 10.000 | Amount HP Healed: 0.000 | Amount HP Lost: 0.000 | Gilgamesh Energy: 108/360 | SP: 3 | MaxSP: 5)
[WeltAllyBuff] allyTurn() invoked for attacker=Role.SUP1, move=GilgameshJointAttack
[WeltAllyBuff] allyTurn check: attacker=Role.SUP1, turnName=GilgameshJointAttack, dmg=303044.6269150948, elationDmg=0, enemiesHit=[0, 1, 2], weightlessTurns={0: 1, 2: 1}
[WeltAllyBuff] TRIGGERED - granting WeltAllyWeightlessDMG
    TURN   - SaberJointAttack | Saber | DPS | AOE attack | ['WIN'] | ['FUA'] | Scaling: ATK | TargetID: 1 | DMG/BREAK Splits: [6.0, 0]/[0, 0] | Energy Gained: 120 | SP Change: 0

        ----------Char Buffs----------
        ThanklessCoronationCD | CR% | Stacks: 1 | Value: 0.360 | Remaining Turns: 1 | TickDown: DPS, PERM | Target: DPS | Affects: ['ALL']
        ScholarCR | CR% | Stacks: 1 | Value: 0.080 | Remaining Turns: 1 | TickDown: DPS, PERM | Target: DPS | Affects: ['ALL']
        SaberTraceHP | HP% | Stacks: 1 | Value: 0.100 | Remaining Turns: 1 | TickDown: DPS, PERM | Target: DPS | Affects: ['ALL']
        SaberTraceCR | CR% | Stacks: 1 | Value: 0.120 | Remaining Turns: 1 | TickDown: DPS, PERM | Target: DPS | Affects: ['ALL']
        SaberTraceDMG | DMG% | Stacks: 1 | Value: 0.224 | Remaining Turns: 1 | TickDown: DPS, PERM | Target: DPS | Affects: ['ALL']
        SaberTrace1CR | CR% | Stacks: 1 | Value: 0.200 | Remaining Turns: 1 | TickDown: DPS, PERM | Target: DPS | Affects: ['ALL']
        GilgameshTrace3ATK | ATK% | Stacks: 1 | Value: 0.200 | Remaining Turns: 1 | TickDown: DPS, PERM | Target: DPS | Affects: ['ALL']
        GilgameshTrace3CD | CD% | Stacks: 1 | Value: 0.200 | Remaining Turns: 1 | TickDown: DPS, PERM | Target: DPS | Affects: ['ALL']
        LushakaATK(SUP2) | ATK% | Stacks: 1 | Value: 0.120 | Remaining Turns: 1 | TickDown: DPS, PERM | Target: DPS | Affects: ['ALL']
        KeelCD(SUS) | CD% | Stacks: 1 | Value: 0.100 | Remaining Turns: 1 | TickDown: DPS, PERM | Target: DPS | Affects: ['ALL']
        CosmicLifeDMG | DMG% | Stacks: 1 | Value: 0.320 | Remaining Turns: 1 | TickDown: DPS, PERM | Target: DPS | Affects: ['ALL']
        Trace3CDExtra | CD% | Stacks: 1 | Value: 0.320 | Remaining Turns: 1 | TickDown: DPS, PERM | Target: DPS | Affects: ['ALL']
        WarriorGoddessHealCD | CD% | Stacks: 1 | Value: 0.150 | Remaining Turns: 1 | TickDown: DPS, START | Target: DPS | Affects: ['ALL']
        GilgameshTrace3AllyATK | ATK% | Stacks: 1 | Value: 1.000 | Remaining Turns: 1 | TickDown: DPS, PERM | Target: DPS | Affects: ['ALL']
        GilgameshTrace3AllyCD | CD% | Stacks: 1 | Value: 1.000 | Remaining Turns: 1 | TickDown: DPS, PERM | Target: DPS | Affects: ['ALL']
        WeltAllyWeightlessDMG | DMG% | Stacks: 4 | Value: 0.400 | Remaining Turns: 1 | TickDown: DPS, END | Target: DPS | Affects: ['ALL']
        ----------End of Buff List----------
        ----------Enemy Debuffs----------
        WeltSpdDebuff | From: SUP2 | SPD% | Stacks: 1 | Value: -0.100 | Remaining Turns: 1 | Target: 1 | Targeting: ST | Affects: ['ALL'] | DOT: False | Blast: False
        ----------End of Debuff List----------
        ----------Healing List----------
        ----------End of Healing List----------
        ----------Shields List----------
        ----------End of Shields List----------
    GAUGE  - Enemy 0 toughness reduced by 0.000
    GAUGE  - Enemy 1 toughness reduced by 0.000
    GAUGE  - Enemy 2 toughness reduced by 0.000
    RESULT - SaberJointAttack | Saber | DPS | DMG: 332227.645 | ELADMG: 0.000 | Enemies Hit: [0, 1, 2] | Enemies Broken: [] | WB DMG: 0.000 | Energy: 120.000 | Amount HP Healed: 0.000 | Amount HP Lost: 0.000 | Saber Energy: 251/360 | SP: 3 | MaxSP: 5)
Gilgamesh Obtained 1 Interest from Teammate, Current count: 4
[WeltAllyBuff] allyTurn() invoked for attacker=Role.DPS, move=SaberJointAttack
[WeltAllyBuff] allyTurn check: attacker=Role.DPS, turnName=SaberJointAttack, dmg=332227.644967231, elationDmg=0, enemiesHit=[0, 1, 2], weightlessTurns={0: 1, 2: 1}
[WeltAllyBuff] TRIGGERED - granting WeltAllyWeightlessDMG
SPD    > Gilgamesh speed changed to 176.932 | NewAV: 0.000
AV     > Gilgamesh AV reset to 56.519 | 176.932 SPD
DELAY  > Enemy 0 delayed by 4.0% from WeltWeightlessDelay | NewAV: 5.398
DELAY  > Enemy 2 delayed by 4.0% from WeltWeightlessDelay | NewAV: 5.398
DELAY  > Enemy 0 delayed by 4.0% from WeltWeightlessDelay | NewAV: 8.073
DELAY  > Enemy 2 delayed by 4.0% from WeltWeightlessDelay | NewAV: 8.073
DELAY  > Enemy 0 delayed by 4.0% from WeltWeightlessDelay | NewAV: 10.749
DELAY  > Enemy 2 delayed by 4.0% from WeltWeightlessDelay | NewAV: 10.749

<<< NEW TURN >>>
-   Enemy 2 AV: 0.000 ENERGY: 0.000 MaxHP: 2000000.000 CurrHp 1327525.351 ShieldHP: 0.000
-   Enemy 0 AV: 0.000 ENERGY: 0.000 MaxHP: 2000000.000 CurrHp 1327525.351 ShieldHP: 0.000
-   HuoHuo AV: 8.967 ENERGY: 55.530 MaxHP: 6139.808 CurrHp 5617.940 ShieldHP: 0.000
-   Welt AV: 13.681 ENERGY: 102.812 MaxHP: 3270.753 CurrHp 1870.442 ShieldHP: 0.000
-   Enemy 1 AV: 27.741 ENERGY: 0.000 MaxHP: 5000000.000 CurrHp 3439688.328 ShieldHP: 0.000
-   Saber AV: 42.177 ENERGY: 251.000 MaxHP: 3366.991 CurrHp 1800.805 ShieldHP: 0.000
-   Gilgamesh AV: 45.770 ENERGY: 108.333 MaxHP: 3134.558 CurrHp 1402.801 ShieldHP: 0.000

Combat context set: 3 enemies, 4 players
Combat context initialized: 3 enemies, Elation team size: 0
ACTION > [ENEMY] TotalAV: 180.328 | TurnAV: 10.749 | Enemy 2 | 1 attacks
    CharEnergy - Saber: Hit 3.333 Total: 254.333 | Gilgamesh: Hit 10.000 Total: 118.333 | Welt: Hit 3.333 Total: 106.960 | HuoHuo: Hit 0.000 Total: 55.530 |
    ENEMY  - Enemy 2 [aoe] dealt 210.4 to Gilgamesh (energy: 3.3, DEF: 1794, atkMul: 0.75, dmgMul: 1.00) | Shield Absorbed: 0.0 | HP Lost: 210.4 | HP: 1192/3135 | Shield HP: 0
    ENEMY  - Enemy 2 [aoe] dealt 210.4 to Gilgamesh (energy: 3.3, DEF: 1794, atkMul: 0.75, dmgMul: 1.00) | Shield Absorbed: 0.0 | HP Lost: 210.4 | HP: 982/3135 | Shield HP: 0
    ENEMY  - Enemy 2 [aoe] dealt 174.0 to Saber (energy: 3.3, DEF: 2409, atkMul: 0.75, dmgMul: 1.00) | Shield Absorbed: 0.0 | HP Lost: 174.0 | HP: 1627/3367 | Shield HP: 0
    ENEMY  - Enemy 2 [aoe] dealt 253.2 to Welt (energy: 3.3, DEF: 1296, atkMul: 0.75, dmgMul: 1.00) | Shield Absorbed: 0.0 | HP Lost: 253.2 | HP: 1617/3271 | Shield HP: 0
    ENEMY  - Enemy 2 [aoe] dealt 210.4 to Gilgamesh (energy: 3.3, DEF: 1794, atkMul: 0.75, dmgMul: 1.00) | Shield Absorbed: 0.0 | HP Lost: 210.4 | HP: 772/3135 | Shield HP: 0
        Debuff HuohuoTechniqueDebuff expired
        Debuff WeltWeightlessSPD expired
        Debuff WeltWeightlessShred expired
AV     > Enemy 2 AV reset to 69.930 | 143.000 SPD

<<< NEW TURN >>>
-   Enemy 0 AV: 0.000 ENERGY: 0.000 MaxHP: 2000000.000 CurrHp 1327525.351 ShieldHP: 0.000
-   HuoHuo AV: 8.967 ENERGY: 55.530 MaxHP: 6139.808 CurrHp 5617.940 ShieldHP: 0.000
-   Welt AV: 13.681 ENERGY: 106.960 MaxHP: 3270.753 CurrHp 1617.287 ShieldHP: 0.000
-   Enemy 1 AV: 27.741 ENERGY: 0.000 MaxHP: 5000000.000 CurrHp 3439688.328 ShieldHP: 0.000
-   Saber AV: 42.177 ENERGY: 254.333 MaxHP: 3366.991 CurrHp 1626.784 ShieldHP: 0.000
-   Gilgamesh AV: 45.770 ENERGY: 118.333 MaxHP: 3134.558 CurrHp 771.740 ShieldHP: 0.000
-   Enemy 2 AV: 69.930 ENERGY: 0.000 MaxHP: 2000000.000 CurrHp 1327525.351 ShieldHP: 0.000

Combat context set: 3 enemies, 4 players
Combat context initialized: 3 enemies, Elation team size: 0
[WeltAllyBuff] enemy turn-boundary detected for eid=2 (prevAV=0.0, currAV=69.93006993006993); weightlessTurns before={0: 1, 2: 1}
[WeltAllyBuff] weightlessTurns after={0: 1}
ACTION > [ENEMY] TotalAV: 180.328 | TurnAV: 0.000 | Enemy 0 | 1 attacks
    CharEnergy - Saber: Hit 5.000 Total: 259.333 | Gilgamesh: Hit 8.333 Total: 126.667 | Welt: Hit 8.333 Total: 117.330 | HuoHuo: Hit 5.000 Total: 62.302 |
    ENEMY  - Enemy 0 [aoe] dealt 210.4 to Gilgamesh (energy: 3.3, DEF: 1794, atkMul: 0.75, dmgMul: 1.00) | Shield Absorbed: 0.0 | HP Lost: 210.4 | HP: 561/3135 | Shield HP: 0
    ENEMY  - Enemy 0 [aoe] dealt 174.0 to Saber (energy: 3.3, DEF: 2409, atkMul: 0.75, dmgMul: 1.00) | Shield Absorbed: 0.0 | HP Lost: 174.0 | HP: 1453/3367 | Shield HP: 0
    ENEMY  - Enemy 0 [aoe] dealt 253.2 to Welt (energy: 3.3, DEF: 1296, atkMul: 0.75, dmgMul: 1.00) | Shield Absorbed: 0.0 | HP Lost: 253.2 | HP: 1364/3271 | Shield HP: 0
    ENEMY  - Enemy 0 [aoe] dealt 87.0 to Saber (energy: 1.7, DEF: 2409, atkMul: 0.75, dmgMul: 1.00) | Shield Absorbed: 0.0 | HP Lost: 87.0 | HP: 1366/3367 | Shield HP: 0
    ENEMY  - Enemy 0 [aoe] dealt 105.2 to Gilgamesh (energy: 1.7, DEF: 1794, atkMul: 0.75, dmgMul: 1.00) | Shield Absorbed: 0.0 | HP Lost: 105.2 | HP: 456/3135 | Shield HP: 0
    ENEMY  - Enemy 0 [aoe] dealt 126.6 to Welt (energy: 1.7, DEF: 1296, atkMul: 0.75, dmgMul: 1.00) | Shield Absorbed: 0.0 | HP Lost: 126.6 | HP: 1238/3271 | Shield HP: 0
    ENEMY  - Enemy 0 [aoe] dealt 87.0 to HuoHuo (energy: 1.7, DEF: 2410, atkMul: 0.75, dmgMul: 1.00) | Shield Absorbed: 0.0 | HP Lost: 87.0 | HP: 5531/6140 | Shield HP: 0
    ENEMY  - Enemy 0 [aoe] dealt 253.2 to Welt (energy: 3.3, DEF: 1296, atkMul: 0.75, dmgMul: 1.00) | Shield Absorbed: 0.0 | HP Lost: 253.2 | HP: 984/3271 | Shield HP: 0
    ENEMY  - Enemy 0 [aoe] dealt 210.4 to Gilgamesh (energy: 3.3, DEF: 1794, atkMul: 0.75, dmgMul: 1.00) | Shield Absorbed: 0.0 | HP Lost: 210.4 | HP: 246/3135 | Shield HP: 0
    ENEMY  - Enemy 0 [aoe] dealt 174.0 to HuoHuo (energy: 3.3, DEF: 2410, atkMul: 0.75, dmgMul: 1.00) | Shield Absorbed: 0.0 | HP Lost: 174.0 | HP: 5357/6140 | Shield HP: 0
        Debuff HuohuoTechniqueDebuff expired
        Debuff WeltWeightlessSPD expired
        Debuff WeltWeightlessShred expired
AV     > Enemy 0 AV reset to 69.930 | 143.000 SPD

<<< NEW TURN >>>
-   HuoHuo AV: 0.000 ENERGY: 62.302 MaxHP: 6139.808 CurrHp 5357.006 ShieldHP: 0.000
-   Welt AV: 4.714 ENERGY: 117.330 MaxHP: 3270.753 CurrHp 984.398 ShieldHP: 0.000
-   Enemy 1 AV: 18.775 ENERGY: 0.000 MaxHP: 5000000.000 CurrHp 3439688.328 ShieldHP: 0.000
-   Saber AV: 33.211 ENERGY: 259.333 MaxHP: 3366.991 CurrHp 1365.753 ShieldHP: 0.000
-   Gilgamesh AV: 36.804 ENERGY: 126.667 MaxHP: 3134.558 CurrHp 245.856 ShieldHP: 0.000
-   Enemy 0 AV: 60.963 ENERGY: 0.000 MaxHP: 2000000.000 CurrHp 1327525.351 ShieldHP: 0.000
-   Enemy 2 AV: 60.963 ENERGY: 0.000 MaxHP: 2000000.000 CurrHp 1327525.351 ShieldHP: 0.000

Combat context set: 3 enemies, 4 players
Combat context initialized: 3 enemies, Elation team size: 0
[WeltAllyBuff] enemy turn-boundary detected for eid=0 (prevAV=0.0, currAV=60.96348572117639); weightlessTurns before={0: 1}
[WeltAllyBuff] weightlessTurns after={}
ACTION > [CHAR] TotalAV: 189.295 | TurnAV: 8.967 | HuoHuo | A-move
        Buff WarriorGoddessHealSPD expired
        Buff WarriorGoddessHealCD expired
    TURN   - HuoHuoBasic | HuoHuo | SUS | ST attack | ['WIN'] | ['BSC'] | Scaling: HP | TargetID: 1 | DMG/BREAK Splits: [0.5, 0]/[10, 0] | Energy Gained: 20 | SP Change: 1

        ----------Char Buffs----------
        GilgameshTrace3ATK | ATK% | Stacks: 1 | Value: 0.200 | Remaining Turns: 1 | TickDown: SUS, PERM | Target: SUS | Affects: ['ALL']
        GilgameshTrace3CD | CD% | Stacks: 1 | Value: 0.200 | Remaining Turns: 1 | TickDown: SUS, PERM | Target: SUS | Affects: ['ALL']
        PostOpERR | ERR% | Stacks: 1 | Value: 0.160 | Remaining Turns: 1 | TickDown: SUS, PERM | Target: SUS | Affects: ['ALL']
        WarriorGoddessSPD | SPD% | Stacks: 1 | Value: 0.060 | Remaining Turns: 1 | TickDown: SUS, PERM | Target: SUS | Affects: ['ALL']
        KeelEFFRES | ERS% | Stacks: 1 | Value: 0.100 | Remaining Turns: 1 | TickDown: SUS, PERM | Target: SUS | Affects: ['ALL']
        KeelCD(SUS) | CD% | Stacks: 1 | Value: 0.100 | Remaining Turns: 1 | TickDown: SUS, PERM | Target: SUS | Affects: ['ALL']
        HHTraceHP | HP% | Stacks: 1 | Value: 0.280 | Remaining Turns: 1 | TickDown: SUS, PERM | Target: SUS | Affects: ['ALL']
        HHTraceERS | ERS% | Stacks: 1 | Value: 0.180 | Remaining Turns: 1 | TickDown: SUS, PERM | Target: SUS | Affects: ['ALL']
        HHTraceSPD | SPD | Stacks: 1 | Value: 5.000 | Remaining Turns: 1 | TickDown: SUS, PERM | Target: SUS | Affects: ['ALL']
        WeltAllyWeightlessDMG | DMG% | Stacks: 1 | Value: 0.100 | Remaining Turns: 1 | TickDown: SUS, END | Target: SUS | Affects: ['ALL']
        ----------End of Buff List----------
        ----------Enemy Debuffs----------
        WeltSpdDebuff | From: SUP2 | SPD% | Stacks: 1 | Value: -0.100 | Remaining Turns: 1 | Target: 1 | Targeting: ST | Affects: ['ALL'] | DOT: False | Blast: False
        ----------End of Debuff List----------
        ----------Healing List----------
        ----------End of Healing List----------
        ----------Shields List----------
        ----------End of Shields List----------
    GAUGE  - Enemy 1 toughness reduced by 10.000
    RESULT - HuoHuoBasic | HuoHuo | SUS | DMG: 1553.939 | ELADMG: 0.000 | Enemies Hit: [1] | Enemies Broken: [] | WB DMG: 0.000 | Energy: 27.088 | Amount HP Healed: 0.000 | Amount HP Lost: 0.000 | HuoHuo Energy: 89/140 | SP: 4 | MaxSP: 5)
Gilgamesh Obtained 1 Interest from Teammate, Current count: 5
[WeltAllyBuff] allyTurn() invoked for attacker=Role.SUS, move=HuoHuoBasic
[WeltAllyBuff] allyTurn check: attacker=Role.SUS, turnName=HuoHuoBasic, dmg=1553.9390017173653, elationDmg=0, enemiesHit=[1], weightlessTurns={}
[WeltAllyBuff] skipped: none of enemiesHit are in weightlessTurns
        Buff WeltAllyWeightlessDMG expired
SPD    > Gilgamesh speed changed to 186.632 | NewAV: 34.891
SPD    > HuoHuo speed changed to 154.612 | NewAV: 0.000
AV     > HuoHuo AV reset to 64.678 | 154.612 SPD

<<< NEW TURN >>>
-   Welt AV: 0.000 ENERGY: 117.330 MaxHP: 3270.753 CurrHp 984.398 ShieldHP: 0.000
-   Enemy 1 AV: 14.061 ENERGY: 0.000 MaxHP: 5000000.000 CurrHp 3438134.389 ShieldHP: 0.000
-   Saber AV: 28.497 ENERGY: 259.333 MaxHP: 3366.991 CurrHp 1365.753 ShieldHP: 0.000
-   Gilgamesh AV: 30.177 ENERGY: 126.667 MaxHP: 3134.558 CurrHp 245.856 ShieldHP: 0.000
-   Enemy 0 AV: 56.249 ENERGY: 0.000 MaxHP: 2000000.000 CurrHp 1327525.351 ShieldHP: 0.000
-   Enemy 2 AV: 56.249 ENERGY: 0.000 MaxHP: 2000000.000 CurrHp 1327525.351 ShieldHP: 0.000
-   HuoHuo AV: 59.964 ENERGY: 89.390 MaxHP: 6139.808 CurrHp 5357.006 ShieldHP: 0.000

Combat context set: 3 enemies, 4 players
Combat context initialized: 3 enemies, Elation team size: 0
ACTION > [CHAR] TotalAV: 194.009 | TurnAV: 4.714 | Welt | E-move
        Buff WarriorGoddessHealCD expired
    TURN   - WeltSkill | Welt | SUP2 | ST attack | ['IMG'] | ['SKL'] | Scaling: ATK | TargetID: 1 | DMG/BREAK Splits: [0.72, 0]/[10, 0] | Energy Gained: 6 | SP Change: -1

        ----------Char Buffs----------
        GilgameshTrace3ATK | ATK% | Stacks: 1 | Value: 0.200 | Remaining Turns: 1 | TickDown: SUP2, PERM | Target: SUP2 | Affects: ['ALL']
        GilgameshTrace3CD | CD% | Stacks: 1 | Value: 0.200 | Remaining Turns: 1 | TickDown: SUP2, PERM | Target: SUP2 | Affects: ['ALL']
        MasterSmithHP | HP% | Stacks: 1 | Value: 0.120 | Remaining Turns: 1 | TickDown: SUP2, PERM | Target: SUP2 | Affects: ['ALL']
        LushakaERR | ERR% | Stacks: 1 | Value: 0.050 | Remaining Turns: 1 | TickDown: SUP2, PERM | Target: SUP2 | Affects: ['ALL']
        WeltTraceERS | ERS% | Stacks: 1 | Value: 0.100 | Remaining Turns: 1 | TickDown: SUP2, PERM | Target: SUP2 | Affects: ['ALL']
        WeltTraceEHR | EHR% | Stacks: 1 | Value: 0.280 | Remaining Turns: 1 | TickDown: SUP2, PERM | Target: SUP2 | Affects: ['ALL']
        WeltTraceDMG | DMG% | Stacks: 1 | Value: 0.144 | Remaining Turns: 1 | TickDown: SUP2, PERM | Target: SUP2 | Affects: ['ALL']
        KeelCD(SUS) | CD% | Stacks: 1 | Value: 0.100 | Remaining Turns: 1 | TickDown: SUP2, PERM | Target: SUP2 | Affects: ['ALL']
        WeltTalent3ATK | ATK% | Stacks: 1 | Value: 0.800 | Remaining Turns: 1 | TickDown: SUP2, PERM | Target: SUP2 | Affects: ['ALL']
        ----------End of Buff List----------
        ----------Enemy Debuffs----------
        WeltSpdDebuff | From: SUP2 | SPD% | Stacks: 1 | Value: -0.100 | Remaining Turns: 2 | Target: 1 | Targeting: ST | Affects: ['ALL'] | DOT: False | Blast: False
        ResoShred(SUP2) | From: SUP2 | SHRED | Stacks: 1 | Value: 0.160 | Remaining Turns: 1 | Target: 1 | Targeting: ST | Affects: ['ALL'] | DOT: False | Blast: False
        ----------End of Debuff List----------
        ----------Healing List----------
        ----------End of Healing List----------
        ----------Shields List----------
        ----------End of Shields List----------
    GAUGE  - Enemy 1 toughness reduced by 0.000
    RESULT - WeltSkill | Welt | SUP2 | DMG: 1417.159 | ELADMG: 0.000 | Enemies Hit: [1] | Enemies Broken: [] | WB DMG: 0.000 | Energy: 7.466 | Amount HP Healed: 0.000 | Amount HP Lost: 0.000 | Welt Energy: 120/120 | SP: 3 | MaxSP: 5)
Gilgamesh Obtained 1 Interest from Teammate, Current count: 6
    TURN   - WeltSlowedAdditionalDMG | Welt | SUP2 | ST attack | ['IMG'] | ['ADD'] | Scaling: ATK | TargetID: 1 | DMG/BREAK Splits: [1.0, 0]/[0, 0] | Energy Gained: 0 | SP Change: 0

        ----------Char Buffs----------
        GilgameshTrace3ATK | ATK% | Stacks: 1 | Value: 0.200 | Remaining Turns: 1 | TickDown: SUP2, PERM | Target: SUP2 | Affects: ['ALL']
        GilgameshTrace3CD | CD% | Stacks: 1 | Value: 0.200 | Remaining Turns: 1 | TickDown: SUP2, PERM | Target: SUP2 | Affects: ['ALL']
        MasterSmithHP | HP% | Stacks: 1 | Value: 0.120 | Remaining Turns: 1 | TickDown: SUP2, PERM | Target: SUP2 | Affects: ['ALL']
        LushakaERR | ERR% | Stacks: 1 | Value: 0.050 | Remaining Turns: 1 | TickDown: SUP2, PERM | Target: SUP2 | Affects: ['ALL']
        WeltTraceERS | ERS% | Stacks: 1 | Value: 0.100 | Remaining Turns: 1 | TickDown: SUP2, PERM | Target: SUP2 | Affects: ['ALL']
        WeltTraceEHR | EHR% | Stacks: 1 | Value: 0.280 | Remaining Turns: 1 | TickDown: SUP2, PERM | Target: SUP2 | Affects: ['ALL']
        WeltTraceDMG | DMG% | Stacks: 1 | Value: 0.144 | Remaining Turns: 1 | TickDown: SUP2, PERM | Target: SUP2 | Affects: ['ALL']
        KeelCD(SUS) | CD% | Stacks: 1 | Value: 0.100 | Remaining Turns: 1 | TickDown: SUP2, PERM | Target: SUP2 | Affects: ['ALL']
        WeltTalent3ATK | ATK% | Stacks: 1 | Value: 0.800 | Remaining Turns: 1 | TickDown: SUP2, PERM | Target: SUP2 | Affects: ['ALL']
        ----------End of Buff List----------
        ----------Enemy Debuffs----------
        WeltSpdDebuff | From: SUP2 | SPD% | Stacks: 1 | Value: -0.100 | Remaining Turns: 2 | Target: 1 | Targeting: ST | Affects: ['ALL'] | DOT: False | Blast: False
        ResoShred(SUP2) | From: SUP2 | SHRED | Stacks: 1 | Value: 0.160 | Remaining Turns: 1 | Target: 1 | Targeting: ST | Affects: ['ALL'] | DOT: False | Blast: False
        ----------End of Debuff List----------
        ----------Healing List----------
        ----------End of Healing List----------
        ----------Shields List----------
        ----------End of Shields List----------
    GAUGE  - Enemy 1 toughness reduced by 0.000
    RESULT - WeltSlowedAdditionalDMG | Welt | SUP2 | DMG: 1968.276 | ELADMG: 0.000 | Enemies Hit: [1] | Enemies Broken: [] | WB DMG: 0.000 | Energy: 0.000 | Amount HP Healed: 0.000 | Amount HP Lost: 0.000 | Welt Energy: 120/120 | SP: 3 | MaxSP: 5)
    TURN   - WeltSkillExtra | Welt | SUP2 | ST attack | ['IMG'] | ['SKL'] | Scaling: ATK | TargetID: 1 | DMG/BREAK Splits: [0.72, 0]/[10, 0] | Energy Gained: 6 | SP Change: 0

        ----------Char Buffs----------
        GilgameshTrace3ATK | ATK% | Stacks: 1 | Value: 0.200 | Remaining Turns: 1 | TickDown: SUP2, PERM | Target: SUP2 | Affects: ['ALL']
        GilgameshTrace3CD | CD% | Stacks: 1 | Value: 0.200 | Remaining Turns: 1 | TickDown: SUP2, PERM | Target: SUP2 | Affects: ['ALL']
        MasterSmithHP | HP% | Stacks: 1 | Value: 0.120 | Remaining Turns: 1 | TickDown: SUP2, PERM | Target: SUP2 | Affects: ['ALL']
        LushakaERR | ERR% | Stacks: 1 | Value: 0.050 | Remaining Turns: 1 | TickDown: SUP2, PERM | Target: SUP2 | Affects: ['ALL']
        WeltTraceERS | ERS% | Stacks: 1 | Value: 0.100 | Remaining Turns: 1 | TickDown: SUP2, PERM | Target: SUP2 | Affects: ['ALL']
        WeltTraceEHR | EHR% | Stacks: 1 | Value: 0.280 | Remaining Turns: 1 | TickDown: SUP2, PERM | Target: SUP2 | Affects: ['ALL']
        WeltTraceDMG | DMG% | Stacks: 1 | Value: 0.144 | Remaining Turns: 1 | TickDown: SUP2, PERM | Target: SUP2 | Affects: ['ALL']
        KeelCD(SUS) | CD% | Stacks: 1 | Value: 0.100 | Remaining Turns: 1 | TickDown: SUP2, PERM | Target: SUP2 | Affects: ['ALL']
        WeltTalent3ATK | ATK% | Stacks: 1 | Value: 0.800 | Remaining Turns: 1 | TickDown: SUP2, PERM | Target: SUP2 | Affects: ['ALL']
        ----------End of Buff List----------
        ----------Enemy Debuffs----------
        WeltSpdDebuff | From: SUP2 | SPD% | Stacks: 1 | Value: -0.100 | Remaining Turns: 2 | Target: 1 | Targeting: ST | Affects: ['ALL'] | DOT: False | Blast: False
        ResoShred(SUP2) | From: SUP2 | SHRED | Stacks: 1 | Value: 0.160 | Remaining Turns: 1 | Target: 1 | Targeting: ST | Affects: ['ALL'] | DOT: False | Blast: False
        ----------End of Debuff List----------
        ----------Healing List----------
        ----------End of Healing List----------
        ----------Shields List----------
        ----------End of Shields List----------
    GAUGE  - Enemy 1 toughness reduced by 0.000
    RESULT - WeltSkillExtra | Welt | SUP2 | DMG: 1417.159 | ELADMG: 0.000 | Enemies Hit: [1] | Enemies Broken: [] | WB DMG: 0.000 | Energy: 7.466 | Amount HP Healed: 0.000 | Amount HP Lost: 0.000 | Welt Energy: 120/120 | SP: 3 | MaxSP: 5)
    TURN   - WeltSlowedAdditionalDMG | Welt | SUP2 | ST attack | ['IMG'] | ['ADD'] | Scaling: ATK | TargetID: 1 | DMG/BREAK Splits: [1.0, 0]/[0, 0] | Energy Gained: 0 | SP Change: 0

        ----------Char Buffs----------
        GilgameshTrace3ATK | ATK% | Stacks: 1 | Value: 0.200 | Remaining Turns: 1 | TickDown: SUP2, PERM | Target: SUP2 | Affects: ['ALL']
        GilgameshTrace3CD | CD% | Stacks: 1 | Value: 0.200 | Remaining Turns: 1 | TickDown: SUP2, PERM | Target: SUP2 | Affects: ['ALL']
        MasterSmithHP | HP% | Stacks: 1 | Value: 0.120 | Remaining Turns: 1 | TickDown: SUP2, PERM | Target: SUP2 | Affects: ['ALL']
        LushakaERR | ERR% | Stacks: 1 | Value: 0.050 | Remaining Turns: 1 | TickDown: SUP2, PERM | Target: SUP2 | Affects: ['ALL']
        WeltTraceERS | ERS% | Stacks: 1 | Value: 0.100 | Remaining Turns: 1 | TickDown: SUP2, PERM | Target: SUP2 | Affects: ['ALL']
        WeltTraceEHR | EHR% | Stacks: 1 | Value: 0.280 | Remaining Turns: 1 | TickDown: SUP2, PERM | Target: SUP2 | Affects: ['ALL']
        WeltTraceDMG | DMG% | Stacks: 1 | Value: 0.144 | Remaining Turns: 1 | TickDown: SUP2, PERM | Target: SUP2 | Affects: ['ALL']
        KeelCD(SUS) | CD% | Stacks: 1 | Value: 0.100 | Remaining Turns: 1 | TickDown: SUP2, PERM | Target: SUP2 | Affects: ['ALL']
        WeltTalent3ATK | ATK% | Stacks: 1 | Value: 0.800 | Remaining Turns: 1 | TickDown: SUP2, PERM | Target: SUP2 | Affects: ['ALL']
        ----------End of Buff List----------
        ----------Enemy Debuffs----------
        WeltSpdDebuff | From: SUP2 | SPD% | Stacks: 1 | Value: -0.100 | Remaining Turns: 2 | Target: 1 | Targeting: ST | Affects: ['ALL'] | DOT: False | Blast: False
        ResoShred(SUP2) | From: SUP2 | SHRED | Stacks: 1 | Value: 0.160 | Remaining Turns: 1 | Target: 1 | Targeting: ST | Affects: ['ALL'] | DOT: False | Blast: False
        ----------End of Debuff List----------
        ----------Healing List----------
        ----------End of Healing List----------
        ----------Shields List----------
        ----------End of Shields List----------
    GAUGE  - Enemy 1 toughness reduced by 0.000
    RESULT - WeltSlowedAdditionalDMG | Welt | SUP2 | DMG: 1968.276 | ELADMG: 0.000 | Enemies Hit: [1] | Enemies Broken: [] | WB DMG: 0.000 | Energy: 0.000 | Amount HP Healed: 0.000 | Amount HP Lost: 0.000 | Welt Energy: 120/120 | SP: 3 | MaxSP: 5)
    TURN   - WeltSkillExtra | Welt | SUP2 | ST attack | ['IMG'] | ['SKL'] | Scaling: ATK | TargetID: 1 | DMG/BREAK Splits: [0.72, 0]/[10, 0] | Energy Gained: 6 | SP Change: 0

        ----------Char Buffs----------
        GilgameshTrace3ATK | ATK% | Stacks: 1 | Value: 0.200 | Remaining Turns: 1 | TickDown: SUP2, PERM | Target: SUP2 | Affects: ['ALL']
        GilgameshTrace3CD | CD% | Stacks: 1 | Value: 0.200 | Remaining Turns: 1 | TickDown: SUP2, PERM | Target: SUP2 | Affects: ['ALL']
        MasterSmithHP | HP% | Stacks: 1 | Value: 0.120 | Remaining Turns: 1 | TickDown: SUP2, PERM | Target: SUP2 | Affects: ['ALL']
        LushakaERR | ERR% | Stacks: 1 | Value: 0.050 | Remaining Turns: 1 | TickDown: SUP2, PERM | Target: SUP2 | Affects: ['ALL']
        WeltTraceERS | ERS% | Stacks: 1 | Value: 0.100 | Remaining Turns: 1 | TickDown: SUP2, PERM | Target: SUP2 | Affects: ['ALL']
        WeltTraceEHR | EHR% | Stacks: 1 | Value: 0.280 | Remaining Turns: 1 | TickDown: SUP2, PERM | Target: SUP2 | Affects: ['ALL']
        WeltTraceDMG | DMG% | Stacks: 1 | Value: 0.144 | Remaining Turns: 1 | TickDown: SUP2, PERM | Target: SUP2 | Affects: ['ALL']
        KeelCD(SUS) | CD% | Stacks: 1 | Value: 0.100 | Remaining Turns: 1 | TickDown: SUP2, PERM | Target: SUP2 | Affects: ['ALL']
        WeltTalent3ATK | ATK% | Stacks: 1 | Value: 0.800 | Remaining Turns: 1 | TickDown: SUP2, PERM | Target: SUP2 | Affects: ['ALL']
        ----------End of Buff List----------
        ----------Enemy Debuffs----------
        WeltSpdDebuff | From: SUP2 | SPD% | Stacks: 1 | Value: -0.100 | Remaining Turns: 2 | Target: 1 | Targeting: ST | Affects: ['ALL'] | DOT: False | Blast: False
        ResoShred(SUP2) | From: SUP2 | SHRED | Stacks: 1 | Value: 0.160 | Remaining Turns: 1 | Target: 1 | Targeting: ST | Affects: ['ALL'] | DOT: False | Blast: False
        ----------End of Debuff List----------
        ----------Healing List----------
        ----------End of Healing List----------
        ----------Shields List----------
        ----------End of Shields List----------
    GAUGE  - Enemy 1 toughness reduced by 0.000
    RESULT - WeltSkillExtra | Welt | SUP2 | DMG: 1417.159 | ELADMG: 0.000 | Enemies Hit: [1] | Enemies Broken: [] | WB DMG: 0.000 | Energy: 7.466 | Amount HP Healed: 0.000 | Amount HP Lost: 0.000 | Welt Energy: 120/120 | SP: 3 | MaxSP: 5)
    TURN   - WeltSlowedAdditionalDMG | Welt | SUP2 | ST attack | ['IMG'] | ['ADD'] | Scaling: ATK | TargetID: 1 | DMG/BREAK Splits: [1.0, 0]/[0, 0] | Energy Gained: 0 | SP Change: 0

        ----------Char Buffs----------
        GilgameshTrace3ATK | ATK% | Stacks: 1 | Value: 0.200 | Remaining Turns: 1 | TickDown: SUP2, PERM | Target: SUP2 | Affects: ['ALL']
        GilgameshTrace3CD | CD% | Stacks: 1 | Value: 0.200 | Remaining Turns: 1 | TickDown: SUP2, PERM | Target: SUP2 | Affects: ['ALL']
        MasterSmithHP | HP% | Stacks: 1 | Value: 0.120 | Remaining Turns: 1 | TickDown: SUP2, PERM | Target: SUP2 | Affects: ['ALL']
        LushakaERR | ERR% | Stacks: 1 | Value: 0.050 | Remaining Turns: 1 | TickDown: SUP2, PERM | Target: SUP2 | Affects: ['ALL']
        WeltTraceERS | ERS% | Stacks: 1 | Value: 0.100 | Remaining Turns: 1 | TickDown: SUP2, PERM | Target: SUP2 | Affects: ['ALL']
        WeltTraceEHR | EHR% | Stacks: 1 | Value: 0.280 | Remaining Turns: 1 | TickDown: SUP2, PERM | Target: SUP2 | Affects: ['ALL']
        WeltTraceDMG | DMG% | Stacks: 1 | Value: 0.144 | Remaining Turns: 1 | TickDown: SUP2, PERM | Target: SUP2 | Affects: ['ALL']
        KeelCD(SUS) | CD% | Stacks: 1 | Value: 0.100 | Remaining Turns: 1 | TickDown: SUP2, PERM | Target: SUP2 | Affects: ['ALL']
        WeltTalent3ATK | ATK% | Stacks: 1 | Value: 0.800 | Remaining Turns: 1 | TickDown: SUP2, PERM | Target: SUP2 | Affects: ['ALL']
        ----------End of Buff List----------
        ----------Enemy Debuffs----------
        WeltSpdDebuff | From: SUP2 | SPD% | Stacks: 1 | Value: -0.100 | Remaining Turns: 2 | Target: 1 | Targeting: ST | Affects: ['ALL'] | DOT: False | Blast: False
        ResoShred(SUP2) | From: SUP2 | SHRED | Stacks: 1 | Value: 0.160 | Remaining Turns: 1 | Target: 1 | Targeting: ST | Affects: ['ALL'] | DOT: False | Blast: False
        ----------End of Debuff List----------
        ----------Healing List----------
        ----------End of Healing List----------
        ----------Shields List----------
        ----------End of Shields List----------
    GAUGE  - Enemy 1 toughness reduced by 0.000
    RESULT - WeltSlowedAdditionalDMG | Welt | SUP2 | DMG: 1968.276 | ELADMG: 0.000 | Enemies Hit: [1] | Enemies Broken: [] | WB DMG: 0.000 | Energy: 0.000 | Amount HP Healed: 0.000 | Amount HP Lost: 0.000 | Welt Energy: 120/120 | SP: 3 | MaxSP: 5)
    TURN   - WeltSkillExtra | Welt | SUP2 | ST attack | ['IMG'] | ['SKL'] | Scaling: ATK | TargetID: 1 | DMG/BREAK Splits: [0.72, 0]/[10, 0] | Energy Gained: 6 | SP Change: 0

        ----------Char Buffs----------
        GilgameshTrace3ATK | ATK% | Stacks: 1 | Value: 0.200 | Remaining Turns: 1 | TickDown: SUP2, PERM | Target: SUP2 | Affects: ['ALL']
        GilgameshTrace3CD | CD% | Stacks: 1 | Value: 0.200 | Remaining Turns: 1 | TickDown: SUP2, PERM | Target: SUP2 | Affects: ['ALL']
        MasterSmithHP | HP% | Stacks: 1 | Value: 0.120 | Remaining Turns: 1 | TickDown: SUP2, PERM | Target: SUP2 | Affects: ['ALL']
        LushakaERR | ERR% | Stacks: 1 | Value: 0.050 | Remaining Turns: 1 | TickDown: SUP2, PERM | Target: SUP2 | Affects: ['ALL']
        WeltTraceERS | ERS% | Stacks: 1 | Value: 0.100 | Remaining Turns: 1 | TickDown: SUP2, PERM | Target: SUP2 | Affects: ['ALL']
        WeltTraceEHR | EHR% | Stacks: 1 | Value: 0.280 | Remaining Turns: 1 | TickDown: SUP2, PERM | Target: SUP2 | Affects: ['ALL']
        WeltTraceDMG | DMG% | Stacks: 1 | Value: 0.144 | Remaining Turns: 1 | TickDown: SUP2, PERM | Target: SUP2 | Affects: ['ALL']
        KeelCD(SUS) | CD% | Stacks: 1 | Value: 0.100 | Remaining Turns: 1 | TickDown: SUP2, PERM | Target: SUP2 | Affects: ['ALL']
        WeltTalent3ATK | ATK% | Stacks: 1 | Value: 0.800 | Remaining Turns: 1 | TickDown: SUP2, PERM | Target: SUP2 | Affects: ['ALL']
        ----------End of Buff List----------
        ----------Enemy Debuffs----------
        WeltSpdDebuff | From: SUP2 | SPD% | Stacks: 1 | Value: -0.100 | Remaining Turns: 2 | Target: 1 | Targeting: ST | Affects: ['ALL'] | DOT: False | Blast: False
        ResoShred(SUP2) | From: SUP2 | SHRED | Stacks: 1 | Value: 0.160 | Remaining Turns: 1 | Target: 1 | Targeting: ST | Affects: ['ALL'] | DOT: False | Blast: False
        ----------End of Debuff List----------
        ----------Healing List----------
        ----------End of Healing List----------
        ----------Shields List----------
        ----------End of Shields List----------
    GAUGE  - Enemy 1 toughness reduced by 0.000
    RESULT - WeltSkillExtra | Welt | SUP2 | DMG: 1417.159 | ELADMG: 0.000 | Enemies Hit: [1] | Enemies Broken: [] | WB DMG: 0.000 | Energy: 7.466 | Amount HP Healed: 0.000 | Amount HP Lost: 0.000 | Welt Energy: 120/120 | SP: 3 | MaxSP: 5)
    TURN   - WeltSlowedAdditionalDMG | Welt | SUP2 | ST attack | ['IMG'] | ['ADD'] | Scaling: ATK | TargetID: 1 | DMG/BREAK Splits: [1.0, 0]/[0, 0] | Energy Gained: 0 | SP Change: 0

        ----------Char Buffs----------
        GilgameshTrace3ATK | ATK% | Stacks: 1 | Value: 0.200 | Remaining Turns: 1 | TickDown: SUP2, PERM | Target: SUP2 | Affects: ['ALL']
        GilgameshTrace3CD | CD% | Stacks: 1 | Value: 0.200 | Remaining Turns: 1 | TickDown: SUP2, PERM | Target: SUP2 | Affects: ['ALL']
        MasterSmithHP | HP% | Stacks: 1 | Value: 0.120 | Remaining Turns: 1 | TickDown: SUP2, PERM | Target: SUP2 | Affects: ['ALL']
        LushakaERR | ERR% | Stacks: 1 | Value: 0.050 | Remaining Turns: 1 | TickDown: SUP2, PERM | Target: SUP2 | Affects: ['ALL']
        WeltTraceERS | ERS% | Stacks: 1 | Value: 0.100 | Remaining Turns: 1 | TickDown: SUP2, PERM | Target: SUP2 | Affects: ['ALL']
        WeltTraceEHR | EHR% | Stacks: 1 | Value: 0.280 | Remaining Turns: 1 | TickDown: SUP2, PERM | Target: SUP2 | Affects: ['ALL']
        WeltTraceDMG | DMG% | Stacks: 1 | Value: 0.144 | Remaining Turns: 1 | TickDown: SUP2, PERM | Target: SUP2 | Affects: ['ALL']
        KeelCD(SUS) | CD% | Stacks: 1 | Value: 0.100 | Remaining Turns: 1 | TickDown: SUP2, PERM | Target: SUP2 | Affects: ['ALL']
        WeltTalent3ATK | ATK% | Stacks: 1 | Value: 0.800 | Remaining Turns: 1 | TickDown: SUP2, PERM | Target: SUP2 | Affects: ['ALL']
        ----------End of Buff List----------
        ----------Enemy Debuffs----------
        WeltSpdDebuff | From: SUP2 | SPD% | Stacks: 1 | Value: -0.100 | Remaining Turns: 2 | Target: 1 | Targeting: ST | Affects: ['ALL'] | DOT: False | Blast: False
        ResoShred(SUP2) | From: SUP2 | SHRED | Stacks: 1 | Value: 0.160 | Remaining Turns: 1 | Target: 1 | Targeting: ST | Affects: ['ALL'] | DOT: False | Blast: False
        ----------End of Debuff List----------
        ----------Healing List----------
        ----------End of Healing List----------
        ----------Shields List----------
        ----------End of Shields List----------
    GAUGE  - Enemy 1 toughness reduced by 0.000
    RESULT - WeltSlowedAdditionalDMG | Welt | SUP2 | DMG: 1968.276 | ELADMG: 0.000 | Enemies Hit: [1] | Enemies Broken: [] | WB DMG: 0.000 | Energy: 0.000 | Amount HP Healed: 0.000 | Amount HP Lost: 0.000 | Welt Energy: 120/120 | SP: 3 | MaxSP: 5)
    TURN   - WeltSkillExtra | Welt | SUP2 | ST attack | ['IMG'] | ['SKL'] | Scaling: ATK | TargetID: 1 | DMG/BREAK Splits: [0.72, 0]/[10, 0] | Energy Gained: 6 | SP Change: 0

        ----------Char Buffs----------
        GilgameshTrace3ATK | ATK% | Stacks: 1 | Value: 0.200 | Remaining Turns: 1 | TickDown: SUP2, PERM | Target: SUP2 | Affects: ['ALL']
        GilgameshTrace3CD | CD% | Stacks: 1 | Value: 0.200 | Remaining Turns: 1 | TickDown: SUP2, PERM | Target: SUP2 | Affects: ['ALL']
        MasterSmithHP | HP% | Stacks: 1 | Value: 0.120 | Remaining Turns: 1 | TickDown: SUP2, PERM | Target: SUP2 | Affects: ['ALL']
        LushakaERR | ERR% | Stacks: 1 | Value: 0.050 | Remaining Turns: 1 | TickDown: SUP2, PERM | Target: SUP2 | Affects: ['ALL']
        WeltTraceERS | ERS% | Stacks: 1 | Value: 0.100 | Remaining Turns: 1 | TickDown: SUP2, PERM | Target: SUP2 | Affects: ['ALL']
        WeltTraceEHR | EHR% | Stacks: 1 | Value: 0.280 | Remaining Turns: 1 | TickDown: SUP2, PERM | Target: SUP2 | Affects: ['ALL']
        WeltTraceDMG | DMG% | Stacks: 1 | Value: 0.144 | Remaining Turns: 1 | TickDown: SUP2, PERM | Target: SUP2 | Affects: ['ALL']
        KeelCD(SUS) | CD% | Stacks: 1 | Value: 0.100 | Remaining Turns: 1 | TickDown: SUP2, PERM | Target: SUP2 | Affects: ['ALL']
        WeltTalent3ATK | ATK% | Stacks: 1 | Value: 0.800 | Remaining Turns: 1 | TickDown: SUP2, PERM | Target: SUP2 | Affects: ['ALL']
        ----------End of Buff List----------
        ----------Enemy Debuffs----------
        WeltSpdDebuff | From: SUP2 | SPD% | Stacks: 1 | Value: -0.100 | Remaining Turns: 2 | Target: 1 | Targeting: ST | Affects: ['ALL'] | DOT: False | Blast: False
        ResoShred(SUP2) | From: SUP2 | SHRED | Stacks: 1 | Value: 0.160 | Remaining Turns: 1 | Target: 1 | Targeting: ST | Affects: ['ALL'] | DOT: False | Blast: False
        ----------End of Debuff List----------
        ----------Healing List----------
        ----------End of Healing List----------
        ----------Shields List----------
        ----------End of Shields List----------
    GAUGE  - Enemy 1 toughness reduced by 0.000
    RESULT - WeltSkillExtra | Welt | SUP2 | DMG: 1417.159 | ELADMG: 0.000 | Enemies Hit: [1] | Enemies Broken: [] | WB DMG: 0.000 | Energy: 7.466 | Amount HP Healed: 0.000 | Amount HP Lost: 0.000 | Welt Energy: 120/120 | SP: 3 | MaxSP: 5)
    TURN   - WeltSlowedAdditionalDMG | Welt | SUP2 | ST attack | ['IMG'] | ['ADD'] | Scaling: ATK | TargetID: 1 | DMG/BREAK Splits: [1.0, 0]/[0, 0] | Energy Gained: 0 | SP Change: 0

        ----------Char Buffs----------
        GilgameshTrace3ATK | ATK% | Stacks: 1 | Value: 0.200 | Remaining Turns: 1 | TickDown: SUP2, PERM | Target: SUP2 | Affects: ['ALL']
        GilgameshTrace3CD | CD% | Stacks: 1 | Value: 0.200 | Remaining Turns: 1 | TickDown: SUP2, PERM | Target: SUP2 | Affects: ['ALL']
        MasterSmithHP | HP% | Stacks: 1 | Value: 0.120 | Remaining Turns: 1 | TickDown: SUP2, PERM | Target: SUP2 | Affects: ['ALL']
        LushakaERR | ERR% | Stacks: 1 | Value: 0.050 | Remaining Turns: 1 | TickDown: SUP2, PERM | Target: SUP2 | Affects: ['ALL']
        WeltTraceERS | ERS% | Stacks: 1 | Value: 0.100 | Remaining Turns: 1 | TickDown: SUP2, PERM | Target: SUP2 | Affects: ['ALL']
        WeltTraceEHR | EHR% | Stacks: 1 | Value: 0.280 | Remaining Turns: 1 | TickDown: SUP2, PERM | Target: SUP2 | Affects: ['ALL']
        WeltTraceDMG | DMG% | Stacks: 1 | Value: 0.144 | Remaining Turns: 1 | TickDown: SUP2, PERM | Target: SUP2 | Affects: ['ALL']
        KeelCD(SUS) | CD% | Stacks: 1 | Value: 0.100 | Remaining Turns: 1 | TickDown: SUP2, PERM | Target: SUP2 | Affects: ['ALL']
        WeltTalent3ATK | ATK% | Stacks: 1 | Value: 0.800 | Remaining Turns: 1 | TickDown: SUP2, PERM | Target: SUP2 | Affects: ['ALL']
        ----------End of Buff List----------
        ----------Enemy Debuffs----------
        WeltSpdDebuff | From: SUP2 | SPD% | Stacks: 1 | Value: -0.100 | Remaining Turns: 2 | Target: 1 | Targeting: ST | Affects: ['ALL'] | DOT: False | Blast: False
        ResoShred(SUP2) | From: SUP2 | SHRED | Stacks: 1 | Value: 0.160 | Remaining Turns: 1 | Target: 1 | Targeting: ST | Affects: ['ALL'] | DOT: False | Blast: False
        ----------End of Debuff List----------
        ----------Healing List----------
        ----------End of Healing List----------
        ----------Shields List----------
        ----------End of Shields List----------
    GAUGE  - Enemy 1 toughness reduced by 0.000
    RESULT - WeltSlowedAdditionalDMG | Welt | SUP2 | DMG: 1968.276 | ELADMG: 0.000 | Enemies Hit: [1] | Enemies Broken: [] | WB DMG: 0.000 | Energy: 0.000 | Amount HP Healed: 0.000 | Amount HP Lost: 0.000 | Welt Energy: 120/120 | SP: 3 | MaxSP: 5)
    TURN   - WeltAdditionalDMG | Welt | SUP2 | ST attack | ['IMG'] | ['ADD'] | Scaling: ATK | TargetID: 1 | DMG/BREAK Splits: [0.864, 0]/[0, 0] | Energy Gained: 0 | SP Change: 0

        ----------Char Buffs----------
        GilgameshTrace3ATK | ATK% | Stacks: 1 | Value: 0.200 | Remaining Turns: 1 | TickDown: SUP2, PERM | Target: SUP2 | Affects: ['ALL']
        GilgameshTrace3CD | CD% | Stacks: 1 | Value: 0.200 | Remaining Turns: 1 | TickDown: SUP2, PERM | Target: SUP2 | Affects: ['ALL']
        MasterSmithHP | HP% | Stacks: 1 | Value: 0.120 | Remaining Turns: 1 | TickDown: SUP2, PERM | Target: SUP2 | Affects: ['ALL']
        LushakaERR | ERR% | Stacks: 1 | Value: 0.050 | Remaining Turns: 1 | TickDown: SUP2, PERM | Target: SUP2 | Affects: ['ALL']
        WeltTraceERS | ERS% | Stacks: 1 | Value: 0.100 | Remaining Turns: 1 | TickDown: SUP2, PERM | Target: SUP2 | Affects: ['ALL']
        WeltTraceEHR | EHR% | Stacks: 1 | Value: 0.280 | Remaining Turns: 1 | TickDown: SUP2, PERM | Target: SUP2 | Affects: ['ALL']
        WeltTraceDMG | DMG% | Stacks: 1 | Value: 0.144 | Remaining Turns: 1 | TickDown: SUP2, PERM | Target: SUP2 | Affects: ['ALL']
        KeelCD(SUS) | CD% | Stacks: 1 | Value: 0.100 | Remaining Turns: 1 | TickDown: SUP2, PERM | Target: SUP2 | Affects: ['ALL']
        WeltTalent3ATK | ATK% | Stacks: 1 | Value: 0.800 | Remaining Turns: 1 | TickDown: SUP2, PERM | Target: SUP2 | Affects: ['ALL']
        ----------End of Buff List----------
        ----------Enemy Debuffs----------
        WeltSpdDebuff | From: SUP2 | SPD% | Stacks: 1 | Value: -0.100 | Remaining Turns: 2 | Target: 1 | Targeting: ST | Affects: ['ALL'] | DOT: False | Blast: False
        ResoShred(SUP2) | From: SUP2 | SHRED | Stacks: 1 | Value: 0.160 | Remaining Turns: 1 | Target: 1 | Targeting: ST | Affects: ['ALL'] | DOT: False | Blast: False
        ----------End of Debuff List----------
        ----------Healing List----------
        ----------End of Healing List----------
        ----------Shields List----------
        ----------End of Shields List----------
    GAUGE  - Enemy 1 toughness reduced by 0.000
    RESULT - WeltAdditionalDMG | Welt | SUP2 | DMG: 1700.590 | ELADMG: 0.000 | Enemies Hit: [1] | Enemies Broken: [] | WB DMG: 0.000 | Energy: 0.000 | Amount HP Healed: 0.000 | Amount HP Lost: 0.000 | Welt Energy: 120/120 | SP: 3 | MaxSP: 5)
ULT    > Welt used their ultimate
[WeltAllyBuff] Ult seeded weightlessTurns={0: 2, 1: 2, 2: 2}
    TURN   - WeltUlt | Welt | SUP2 | AOE attack | ['IMG'] | ['ULT'] | Scaling: ATK | TargetID: 1 | DMG/BREAK Splits: [1.5, 0]/[20, 0] | Energy Gained: 10 | SP Change: 0

        ----------Char Buffs----------
        GilgameshTrace3ATK | ATK% | Stacks: 1 | Value: 0.200 | Remaining Turns: 1 | TickDown: SUP2, PERM | Target: SUP2 | Affects: ['ALL']
        GilgameshTrace3CD | CD% | Stacks: 1 | Value: 0.200 | Remaining Turns: 1 | TickDown: SUP2, PERM | Target: SUP2 | Affects: ['ALL']
        MasterSmithHP | HP% | Stacks: 1 | Value: 0.120 | Remaining Turns: 1 | TickDown: SUP2, PERM | Target: SUP2 | Affects: ['ALL']
        LushakaERR | ERR% | Stacks: 1 | Value: 0.050 | Remaining Turns: 1 | TickDown: SUP2, PERM | Target: SUP2 | Affects: ['ALL']
        WeltTraceERS | ERS% | Stacks: 1 | Value: 0.100 | Remaining Turns: 1 | TickDown: SUP2, PERM | Target: SUP2 | Affects: ['ALL']
        WeltTraceEHR | EHR% | Stacks: 1 | Value: 0.280 | Remaining Turns: 1 | TickDown: SUP2, PERM | Target: SUP2 | Affects: ['ALL']
        WeltTraceDMG | DMG% | Stacks: 1 | Value: 0.144 | Remaining Turns: 1 | TickDown: SUP2, PERM | Target: SUP2 | Affects: ['ALL']
        KeelCD(SUS) | CD% | Stacks: 1 | Value: 0.100 | Remaining Turns: 1 | TickDown: SUP2, PERM | Target: SUP2 | Affects: ['ALL']
        WeltTalent3ATK | ATK% | Stacks: 1 | Value: 0.800 | Remaining Turns: 1 | TickDown: SUP2, PERM | Target: SUP2 | Affects: ['ALL']
        ----------End of Buff List----------
        ----------Enemy Debuffs----------
        WeltSpdDebuff | From: SUP2 | SPD% | Stacks: 1 | Value: -0.100 | Remaining Turns: 2 | Target: 1 | Targeting: ST | Affects: ['ALL'] | DOT: False | Blast: False
        ResoShred(SUP2) | From: SUP2 | SHRED | Stacks: 1 | Value: 0.160 | Remaining Turns: 1 | Target: 1 | Targeting: ST | Affects: ['ALL'] | DOT: False | Blast: False
        WeltImprisonSPD | From: SUP2 | SPD% | Stacks: 1 | Value: -0.100 | Remaining Turns: 1 | Target: 1 | Targeting: ST | Affects: ['ALL'] | DOT: False | Blast: False
        WeltWeightlessSPD | From: SUP2 | SPD% | Stacks: 1 | Value: -0.050 | Remaining Turns: 2 | Target: 1 | Targeting: ST | Affects: ['ALL'] | DOT: False | Blast: False
        WeltWeightlessShred | From: SUP2 | SHRED | Stacks: 1 | Value: 0.400 | Remaining Turns: 2 | Target: 1 | Targeting: ST | Affects: ['ALL'] | DOT: False | Blast: False
        ----------End of Debuff List----------
        ----------Healing List----------
        ----------End of Healing List----------
        ----------Shields List----------
        ----------End of Shields List----------
    GAUGE  - Enemy 0 toughness reduced by 0.000
    GAUGE  - Enemy 1 toughness reduced by 0.000
    GAUGE  - Enemy 2 toughness reduced by 0.000
    RESULT - WeltUlt | Welt | SUP2 | DMG: 11562.641 | ELADMG: 0.000 | Enemies Hit: [0, 1, 2] | Enemies Broken: [] | WB DMG: 0.000 | Energy: 12.444 | Amount HP Healed: 0.000 | Amount HP Lost: 0.000 | Welt Energy: 12/120 | SP: 3 | MaxSP: 5)
Saber got 3 Core Resonance from Talent, Current Count: 11
Gilgamesh Obtained 2 Interest from Teammate Ult, Current count: 8
Gilgamesh Obtained 36.0 Energy from Teammate
Gilgamesh Obtained 1 Interest from Teammate, Current count: 9
    TURN   - WeltSlowedAdditionalDMG | Welt | SUP2 | ST attack | ['IMG'] | ['ADD'] | Scaling: ATK | TargetID: 0 | DMG/BREAK Splits: [1.0, 0]/[0, 0] | Energy Gained: 0 | SP Change: 0

        ----------Char Buffs----------
        GilgameshTrace3ATK | ATK% | Stacks: 1 | Value: 0.200 | Remaining Turns: 1 | TickDown: SUP2, PERM | Target: SUP2 | Affects: ['ALL']
        GilgameshTrace3CD | CD% | Stacks: 1 | Value: 0.200 | Remaining Turns: 1 | TickDown: SUP2, PERM | Target: SUP2 | Affects: ['ALL']
        MasterSmithHP | HP% | Stacks: 1 | Value: 0.120 | Remaining Turns: 1 | TickDown: SUP2, PERM | Target: SUP2 | Affects: ['ALL']
        LushakaERR | ERR% | Stacks: 1 | Value: 0.050 | Remaining Turns: 1 | TickDown: SUP2, PERM | Target: SUP2 | Affects: ['ALL']
        WeltTraceERS | ERS% | Stacks: 1 | Value: 0.100 | Remaining Turns: 1 | TickDown: SUP2, PERM | Target: SUP2 | Affects: ['ALL']
        WeltTraceEHR | EHR% | Stacks: 1 | Value: 0.280 | Remaining Turns: 1 | TickDown: SUP2, PERM | Target: SUP2 | Affects: ['ALL']
        WeltTraceDMG | DMG% | Stacks: 1 | Value: 0.144 | Remaining Turns: 1 | TickDown: SUP2, PERM | Target: SUP2 | Affects: ['ALL']
        KeelCD(SUS) | CD% | Stacks: 1 | Value: 0.100 | Remaining Turns: 1 | TickDown: SUP2, PERM | Target: SUP2 | Affects: ['ALL']
        WeltTalent3ATK | ATK% | Stacks: 1 | Value: 0.800 | Remaining Turns: 1 | TickDown: SUP2, PERM | Target: SUP2 | Affects: ['ALL']
        ----------End of Buff List----------
        ----------Enemy Debuffs----------
        WeltSpdDebuff | From: SUP2 | SPD% | Stacks: 1 | Value: -0.100 | Remaining Turns: 2 | Target: 0 | Targeting: ST | Affects: ['ALL'] | DOT: False | Blast: False
        ResoShred(SUP2) | From: SUP2 | SHRED | Stacks: 1 | Value: 0.160 | Remaining Turns: 1 | Target: 0 | Targeting: AOE | Affects: ['ALL'] | DOT: False | Blast: False
        WeltImprisonSPD | From: SUP2 | SPD% | Stacks: 1 | Value: -0.100 | Remaining Turns: 1 | Target: 0 | Targeting: ST | Affects: ['ALL'] | DOT: False | Blast: False
        WeltWeightlessSPD | From: SUP2 | SPD% | Stacks: 1 | Value: -0.050 | Remaining Turns: 2 | Target: 0 | Targeting: ST | Affects: ['ALL'] | DOT: False | Blast: False
        WeltWeightlessShred | From: SUP2 | SHRED | Stacks: 1 | Value: 0.400 | Remaining Turns: 2 | Target: 0 | Targeting: ST | Affects: ['ALL'] | DOT: False | Blast: False
        ----------End of Debuff List----------
        ----------Healing List----------
        ----------End of Healing List----------
        ----------Shields List----------
        ----------End of Shields List----------
    GAUGE  - Enemy 0 toughness reduced by 0.000
    RESULT - WeltSlowedAdditionalDMG | Welt | SUP2 | DMG: 2569.476 | ELADMG: 0.000 | Enemies Hit: [0] | Enemies Broken: [] | WB DMG: 0.000 | Energy: 0.000 | Amount HP Healed: 0.000 | Amount HP Lost: 0.000 | Welt Energy: 12/120 | SP: 3 | MaxSP: 5)
    TURN   - WeltSlowedAdditionalDMG | Welt | SUP2 | ST attack | ['IMG'] | ['ADD'] | Scaling: ATK | TargetID: 1 | DMG/BREAK Splits: [1.0, 0]/[0, 0] | Energy Gained: 0 | SP Change: 0

        ----------Char Buffs----------
        GilgameshTrace3ATK | ATK% | Stacks: 1 | Value: 0.200 | Remaining Turns: 1 | TickDown: SUP2, PERM | Target: SUP2 | Affects: ['ALL']
        GilgameshTrace3CD | CD% | Stacks: 1 | Value: 0.200 | Remaining Turns: 1 | TickDown: SUP2, PERM | Target: SUP2 | Affects: ['ALL']
        MasterSmithHP | HP% | Stacks: 1 | Value: 0.120 | Remaining Turns: 1 | TickDown: SUP2, PERM | Target: SUP2 | Affects: ['ALL']
        LushakaERR | ERR% | Stacks: 1 | Value: 0.050 | Remaining Turns: 1 | TickDown: SUP2, PERM | Target: SUP2 | Affects: ['ALL']
        WeltTraceERS | ERS% | Stacks: 1 | Value: 0.100 | Remaining Turns: 1 | TickDown: SUP2, PERM | Target: SUP2 | Affects: ['ALL']
        WeltTraceEHR | EHR% | Stacks: 1 | Value: 0.280 | Remaining Turns: 1 | TickDown: SUP2, PERM | Target: SUP2 | Affects: ['ALL']
        WeltTraceDMG | DMG% | Stacks: 1 | Value: 0.144 | Remaining Turns: 1 | TickDown: SUP2, PERM | Target: SUP2 | Affects: ['ALL']
        KeelCD(SUS) | CD% | Stacks: 1 | Value: 0.100 | Remaining Turns: 1 | TickDown: SUP2, PERM | Target: SUP2 | Affects: ['ALL']
        WeltTalent3ATK | ATK% | Stacks: 1 | Value: 0.800 | Remaining Turns: 1 | TickDown: SUP2, PERM | Target: SUP2 | Affects: ['ALL']
        ----------End of Buff List----------
        ----------Enemy Debuffs----------
        WeltSpdDebuff | From: SUP2 | SPD% | Stacks: 1 | Value: -0.100 | Remaining Turns: 2 | Target: 1 | Targeting: ST | Affects: ['ALL'] | DOT: False | Blast: False
        ResoShred(SUP2) | From: SUP2 | SHRED | Stacks: 1 | Value: 0.160 | Remaining Turns: 1 | Target: 1 | Targeting: ST | Affects: ['ALL'] | DOT: False | Blast: False
        WeltImprisonSPD | From: SUP2 | SPD% | Stacks: 1 | Value: -0.100 | Remaining Turns: 1 | Target: 1 | Targeting: ST | Affects: ['ALL'] | DOT: False | Blast: False
        WeltWeightlessSPD | From: SUP2 | SPD% | Stacks: 1 | Value: -0.050 | Remaining Turns: 2 | Target: 1 | Targeting: ST | Affects: ['ALL'] | DOT: False | Blast: False
        WeltWeightlessShred | From: SUP2 | SHRED | Stacks: 1 | Value: 0.400 | Remaining Turns: 2 | Target: 1 | Targeting: ST | Affects: ['ALL'] | DOT: False | Blast: False
        ----------End of Debuff List----------
        ----------Healing List----------
        ----------End of Healing List----------
        ----------Shields List----------
        ----------End of Shields List----------
    GAUGE  - Enemy 1 toughness reduced by 0.000
    RESULT - WeltSlowedAdditionalDMG | Welt | SUP2 | DMG: 2569.476 | ELADMG: 0.000 | Enemies Hit: [1] | Enemies Broken: [] | WB DMG: 0.000 | Energy: 0.000 | Amount HP Healed: 0.000 | Amount HP Lost: 0.000 | Welt Energy: 12/120 | SP: 3 | MaxSP: 5)
    TURN   - WeltSlowedAdditionalDMG | Welt | SUP2 | ST attack | ['IMG'] | ['ADD'] | Scaling: ATK | TargetID: 2 | DMG/BREAK Splits: [1.0, 0]/[0, 0] | Energy Gained: 0 | SP Change: 0

        ----------Char Buffs----------
        GilgameshTrace3ATK | ATK% | Stacks: 1 | Value: 0.200 | Remaining Turns: 1 | TickDown: SUP2, PERM | Target: SUP2 | Affects: ['ALL']
        GilgameshTrace3CD | CD% | Stacks: 1 | Value: 0.200 | Remaining Turns: 1 | TickDown: SUP2, PERM | Target: SUP2 | Affects: ['ALL']
        MasterSmithHP | HP% | Stacks: 1 | Value: 0.120 | Remaining Turns: 1 | TickDown: SUP2, PERM | Target: SUP2 | Affects: ['ALL']
        LushakaERR | ERR% | Stacks: 1 | Value: 0.050 | Remaining Turns: 1 | TickDown: SUP2, PERM | Target: SUP2 | Affects: ['ALL']
        WeltTraceERS | ERS% | Stacks: 1 | Value: 0.100 | Remaining Turns: 1 | TickDown: SUP2, PERM | Target: SUP2 | Affects: ['ALL']
        WeltTraceEHR | EHR% | Stacks: 1 | Value: 0.280 | Remaining Turns: 1 | TickDown: SUP2, PERM | Target: SUP2 | Affects: ['ALL']
        WeltTraceDMG | DMG% | Stacks: 1 | Value: 0.144 | Remaining Turns: 1 | TickDown: SUP2, PERM | Target: SUP2 | Affects: ['ALL']
        KeelCD(SUS) | CD% | Stacks: 1 | Value: 0.100 | Remaining Turns: 1 | TickDown: SUP2, PERM | Target: SUP2 | Affects: ['ALL']
        WeltTalent3ATK | ATK% | Stacks: 1 | Value: 0.800 | Remaining Turns: 1 | TickDown: SUP2, PERM | Target: SUP2 | Affects: ['ALL']
        ----------End of Buff List----------
        ----------Enemy Debuffs----------
        WeltSpdDebuff | From: SUP2 | SPD% | Stacks: 1 | Value: -0.100 | Remaining Turns: 2 | Target: 2 | Targeting: ST | Affects: ['ALL'] | DOT: False | Blast: False
        ResoShred(SUP2) | From: SUP2 | SHRED | Stacks: 1 | Value: 0.160 | Remaining Turns: 1 | Target: 2 | Targeting: AOE | Affects: ['ALL'] | DOT: False | Blast: False
        WeltImprisonSPD | From: SUP2 | SPD% | Stacks: 1 | Value: -0.100 | Remaining Turns: 1 | Target: 2 | Targeting: ST | Affects: ['ALL'] | DOT: False | Blast: False
        WeltWeightlessSPD | From: SUP2 | SPD% | Stacks: 1 | Value: -0.050 | Remaining Turns: 2 | Target: 2 | Targeting: ST | Affects: ['ALL'] | DOT: False | Blast: False
        WeltWeightlessShred | From: SUP2 | SHRED | Stacks: 1 | Value: 0.400 | Remaining Turns: 2 | Target: 2 | Targeting: ST | Affects: ['ALL'] | DOT: False | Blast: False
        ----------End of Debuff List----------
        ----------Healing List----------
        ----------End of Healing List----------
        ----------Shields List----------
        ----------End of Shields List----------
    GAUGE  - Enemy 2 toughness reduced by 0.000
    RESULT - WeltSlowedAdditionalDMG | Welt | SUP2 | DMG: 2569.476 | ELADMG: 0.000 | Enemies Hit: [2] | Enemies Broken: [] | WB DMG: 0.000 | Energy: 0.000 | Amount HP Healed: 0.000 | Amount HP Lost: 0.000 | Welt Energy: 12/120 | SP: 3 | MaxSP: 5)
ERR    > 36.000 energy added to Gilgamesh from GilgameshTrace1ERRAlly2 | Gilgamesh Energy: 162.667
SPD    > Gilgamesh speed changed to 225.432 | NewAV: 24.983
AV     > Welt AV reset to 64.670 | 154.632 SPD
DELAY  > Enemy 0 delayed by 12.0% from WeltImprisonDelay | NewAV: 56.884
DELAY  > Enemy 1 delayed by 12.0% from WeltImprisonDelay | NewAV: 18.434
DELAY  > Enemy 2 delayed by 12.0% from WeltImprisonDelay | NewAV: 56.884
DELAY  > Enemy 0 delayed by 4.0% from WeltWeightlessDelay | NewAV: 59.346
DELAY  > Enemy 1 delayed by 4.0% from WeltWeightlessDelay | NewAV: 20.454
DELAY  > Enemy 2 delayed by 4.0% from WeltWeightlessDelay | NewAV: 59.346

<<< NEW TURN >>>
-   Enemy 1 AV: 0.000 ENERGY: 0.000 MaxHP: 5000000.000 CurrHp 3413082.936 ShieldHP: 0.000
-   Gilgamesh AV: 4.529 ENERGY: 162.667 MaxHP: 3134.558 CurrHp 245.856 ShieldHP: 0.000
-   Saber AV: 8.043 ENERGY: 259.333 MaxHP: 3366.991 CurrHp 1365.753 ShieldHP: 0.000
-   Enemy 0 AV: 38.891 ENERGY: 0.000 MaxHP: 2000000.000 CurrHp 1321101.662 ShieldHP: 0.000
-   Enemy 2 AV: 38.891 ENERGY: 0.000 MaxHP: 2000000.000 CurrHp 1321101.662 ShieldHP: 0.000
-   HuoHuo AV: 39.510 ENERGY: 89.390 MaxHP: 6139.808 CurrHp 5357.006 ShieldHP: 0.000
-   Welt AV: 44.216 ENERGY: 12.444 MaxHP: 3270.753 CurrHp 984.398 ShieldHP: 0.000

Combat context set: 3 enemies, 4 players
Combat context initialized: 3 enemies, Elation team size: 0
ACTION > [ENEMY] TotalAV: 214.463 | TurnAV: 20.454 | Enemy 1 | 1 attacks
    CharEnergy - Saber: Hit 10.000 Total: 269.333 | Gilgamesh: Hit 10.000 Total: 172.667 | Welt: Hit 0.000 Total: 12.444 | HuoHuo: Hit 0.000 Total: 89.390 |
    ENEMY  - Enemy 1 [aoe] dealt 232.0 to Saber (energy: 3.3, DEF: 2409, atkMul: 1.00, dmgMul: 1.00) | Shield Absorbed: 0.0 | HP Lost: 232.0 | HP: 1134/3367 | Shield HP: 0
    ENEMY  - Enemy 1 [aoe] dealt 280.5 to Gilgamesh (energy: 3.3, DEF: 1794, atkMul: 1.00, dmgMul: 1.00) | Shield Absorbed: 0.0 | HP Lost: 280.5 | HP: 1/3135 | Shield HP: 0
    ENEMY  - Enemy 1 [aoe] dealt 232.0 to Saber (energy: 3.3, DEF: 2409, atkMul: 1.00, dmgMul: 1.00) | Shield Absorbed: 0.0 | HP Lost: 232.0 | HP: 902/3367 | Shield HP: 0
    ENEMY  - Enemy 1 [aoe] dealt 280.5 to Gilgamesh (energy: 3.3, DEF: 1794, atkMul: 1.00, dmgMul: 1.00) | Shield Absorbed: 0.0 | HP Lost: 280.5 | HP: 1/3135 | Shield HP: 0
    ENEMY  - Enemy 1 [aoe] dealt 232.0 to Saber (energy: 3.3, DEF: 2409, atkMul: 1.00, dmgMul: 1.00) | Shield Absorbed: 0.0 | HP Lost: 232.0 | HP: 670/3367 | Shield HP: 0
    ENEMY  - Enemy 1 [aoe] dealt 280.5 to Gilgamesh (energy: 3.3, DEF: 1794, atkMul: 1.00, dmgMul: 1.00) | Shield Absorbed: 0.0 | HP Lost: 280.5 | HP: 1/3135 | Shield HP: 0
        Debuff ResoShred(SUP2) expired
        Debuff WeltImprisonSPD expired
AV     > Enemy 1 AV reset to 54.897 | 182.160 SPD

<<< NEW TURN >>>
-   Gilgamesh AV: 0.000 ENERGY: 172.667 MaxHP: 3134.558 CurrHp 1.000 ShieldHP: 0.000
-   Saber AV: 3.514 ENERGY: 269.333 MaxHP: 3366.991 CurrHp 669.670 ShieldHP: 0.000
-   Enemy 0 AV: 34.363 ENERGY: 0.000 MaxHP: 2000000.000 CurrHp 1321101.662 ShieldHP: 0.000
-   Enemy 2 AV: 34.363 ENERGY: 0.000 MaxHP: 2000000.000 CurrHp 1321101.662 ShieldHP: 0.000
-   HuoHuo AV: 34.981 ENERGY: 89.390 MaxHP: 6139.808 CurrHp 5357.006 ShieldHP: 0.000
-   Welt AV: 39.687 ENERGY: 12.444 MaxHP: 3270.753 CurrHp 984.398 ShieldHP: 0.000
-   Enemy 1 AV: 50.368 ENERGY: 0.000 MaxHP: 5000000.000 CurrHp 3413082.936 ShieldHP: 0.000

Combat context set: 3 enemies, 4 players
Combat context initialized: 3 enemies, Elation team size: 0
[WeltAllyBuff] enemy turn-boundary detected for eid=1 (prevAV=0.0, currAV=50.36814390061868); weightlessTurns before={0: 2, 1: 2, 2: 2}
[WeltAllyBuff] weightlessTurns after={0: 2, 1: 1, 2: 2}
ACTION > [CHAR] TotalAV: 218.992 | TurnAV: 4.529 | Gilgamesh | E-move
        Buff WarriorGoddessHealCD expired
Gilgamesh JointCounter increased by one, current count: 1
    TURN   - GilgameshSkill | Gilgamesh | SUP1 | BLAST attack | ['LNG'] | ['SKL'] | Scaling: ATK | TargetID: 1 | DMG/BREAK Splits: [2.8, 1.4]/[20, 10] | Energy Gained: 30 | SP Change: 0

        ----------Char Buffs----------
        ScholarCR | CR% | Stacks: 1 | Value: 0.080 | Remaining Turns: 1 | TickDown: SUP1, PERM | Target: SUP1 | Affects: ['ALL']
        ScholarDMG | DMG% | Stacks: 1 | Value: 0.200 | Remaining Turns: 1 | TickDown: SUP1, PERM | Target: SUP1 | Affects: ['SKL', 'ULT']
        GilgameshTraceATK | ATK | Stacks: 1 | Value: 0.180 | Remaining Turns: 1 | TickDown: SUP1, PERM | Target: SUP1 | Affects: ['ALL']
        GilgameshTraceCR | CR% | Stacks: 1 | Value: 0.187 | Remaining Turns: 1 | TickDown: SUP1, PERM | Target: SUP1 | Affects: ['ALL']
        GilgameshTraceDMG | DMG% | Stacks: 1 | Value: 0.080 | Remaining Turns: 1 | TickDown: SUP1, PERM | Target: SUP1 | Affects: ['ALL']
        GilgameshTrace3ATK | ATK% | Stacks: 1 | Value: 0.200 | Remaining Turns: 1 | TickDown: SUP1, PERM | Target: SUP1 | Affects: ['ALL']
        GilgameshTrace3CD | CD% | Stacks: 1 | Value: 0.200 | Remaining Turns: 1 | TickDown: SUP1, PERM | Target: SUP1 | Affects: ['ALL']
        GilgameshTrace3SelfATK | ATK% | Stacks: 1 | Value: 1.000 | Remaining Turns: 1 | TickDown: SUP1, PERM | Target: SUP1 | Affects: ['ALL']
        GilgameshTrace3SelfCD | CD% | Stacks: 1 | Value: 1.000 | Remaining Turns: 1 | TickDown: SUP1, PERM | Target: SUP1 | Affects: ['ALL']
        KeelCD(SUS) | CD% | Stacks: 1 | Value: 0.100 | Remaining Turns: 1 | TickDown: SUP1, PERM | Target: SUP1 | Affects: ['ALL']
        CosmicLifeDMG | DMG% | Stacks: 1 | Value: 0.320 | Remaining Turns: 1 | TickDown: SUP1, PERM | Target: SUP1 | Affects: ['ALL']
        Trace2CDExtra | CD% | Stacks: 1 | Value: 1.500 | Remaining Turns: 1 | TickDown: SUP1, PERM | Target: SUP1 | Affects: ['ALL']
        GilgameshInterestSPD | SPD% | Stacks: 1 | Value: 0.900 | Remaining Turns: 1 | TickDown: SUP2, PERM | Target: SUP1 | Affects: ['ALL']
        AeonATK | ATK% | Stacks: 1 | Value: 0.640 | Remaining Turns: 1 | TickDown: SUP1, PERM | Target: SUP1 | Affects: ['ALL']
        WeltAllyWeightlessDMG | DMG% | Stacks: 6 | Value: 0.600 | Remaining Turns: 1 | TickDown: SUP1, END | Target: SUP1 | Affects: ['ALL']
        GilgameshSKLShred | SHRED | Stacks: 1 | Value: 0.300 | Remaining Turns: 3 | TickDown: SUP1, END | Target: SUP1 | Affects: ['ALL']
        ----------End of Buff List----------
        ----------Enemy Debuffs----------
        WeltSpdDebuff | From: SUP2 | SPD% | Stacks: 1 | Value: -0.100 | Remaining Turns: 1 | Target: 1 | Targeting: ST | Affects: ['ALL'] | DOT: False | Blast: False
        WeltWeightlessSPD | From: SUP2 | SPD% | Stacks: 1 | Value: -0.050 | Remaining Turns: 1 | Target: 1 | Targeting: ST | Affects: ['ALL'] | DOT: False | Blast: False
        WeltWeightlessShred | From: SUP2 | SHRED | Stacks: 1 | Value: 0.400 | Remaining Turns: 1 | Target: 1 | Targeting: ST | Affects: ['ALL'] | DOT: False | Blast: False
        ----------End of Debuff List----------
        ----------Healing List----------
        ----------End of Healing List----------
        ----------Shields List----------
        ----------End of Shields List----------
    GAUGE  - Enemy 1 toughness reduced by 0.000
    GAUGE  - Enemy 0 toughness reduced by 0.000
    GAUGE  - Enemy 2 toughness reduced by 0.000
    RESULT - GilgameshSkill | Gilgamesh | SUP1 | DMG: 183080.665 | ELADMG: 0.000 | Enemies Hit: [1, 0, 2] | Enemies Broken: [] | WB DMG: 0.000 | Energy: 30.000 | Amount HP Healed: 0.000 | Amount HP Lost: 0.000 | Gilgamesh Energy: 203/360 | SP: 3 | MaxSP: 5)
[WeltAllyBuff] allyTurn() invoked for attacker=Role.SUP1, move=GilgameshSkill
[WeltAllyBuff] allyTurn check: attacker=Role.SUP1, turnName=GilgameshSkill, dmg=183080.66532610863, elationDmg=0, enemiesHit=[1, 0, 2], weightlessTurns={0: 2, 1: 1, 2: 2}
[WeltAllyBuff] TRIGGERED - granting WeltAllyWeightlessDMG
SPD    > Gilgamesh speed changed to 138.132 | NewAV: 0.000
AV     > Gilgamesh AV reset to 72.395 | 138.132 SPD
DELAY  > Enemy 1 delayed by 4.0% from WeltWeightlessDelay | NewAV: 52.564
DELAY  > Enemy 0 delayed by 4.0% from WeltWeightlessDelay | NewAV: 36.824
DELAY  > Enemy 2 delayed by 4.0% from WeltWeightlessDelay | NewAV: 36.824

<<< NEW TURN >>>
-   Saber AV: 0.000 ENERGY: 269.333 MaxHP: 3366.991 CurrHp 669.670 ShieldHP: 0.000
-   HuoHuo AV: 31.467 ENERGY: 89.390 MaxHP: 6139.808 CurrHp 5357.006 ShieldHP: 0.000
-   Enemy 0 AV: 33.311 ENERGY: 0.000 MaxHP: 2000000.000 CurrHp 1271970.877 ShieldHP: 0.000
-   Enemy 2 AV: 33.311 ENERGY: 0.000 MaxHP: 2000000.000 CurrHp 1271970.877 ShieldHP: 0.000
-   Welt AV: 36.173 ENERGY: 12.444 MaxHP: 3270.753 CurrHp 984.398 ShieldHP: 0.000
-   Enemy 1 AV: 49.050 ENERGY: 0.000 MaxHP: 5000000.000 CurrHp 3328263.841 ShieldHP: 0.000
-   Gilgamesh AV: 68.881 ENERGY: 202.667 MaxHP: 3134.558 CurrHp 1.000 ShieldHP: 0.000

Combat context set: 3 enemies, 4 players
Combat context initialized: 3 enemies, Elation team size: 0
ACTION > [CHAR] TotalAV: 222.506 | TurnAV: 3.514 | Saber | E-move
        Buff WarriorGoddessHealCD expired
        Buff ScholarBonusDMG expired
Saber got 3 Core Resonance from Skill, Current Count: 14
    TURN   - SaberSkill | Saber | DPS | BLAST attack | ['WIN'] | ['SKL'] | Scaling: ATK | TargetID: 1 | DMG/BREAK Splits: [1.5, 0.75]/[20, 10] | Energy Gained: 30 | SP Change: -1

        ----------Char Buffs----------
        ThanklessCoronationCD | CR% | Stacks: 1 | Value: 0.360 | Remaining Turns: 1 | TickDown: DPS, PERM | Target: DPS | Affects: ['ALL']
        ScholarCR | CR% | Stacks: 1 | Value: 0.080 | Remaining Turns: 1 | TickDown: DPS, PERM | Target: DPS | Affects: ['ALL']
        ScholarDMG | DMG% | Stacks: 1 | Value: 0.200 | Remaining Turns: 1 | TickDown: DPS, PERM | Target: DPS | Affects: ['SKL', 'ULT']
        SaberTraceHP | HP% | Stacks: 1 | Value: 0.100 | Remaining Turns: 1 | TickDown: DPS, PERM | Target: DPS | Affects: ['ALL']
        SaberTraceCR | CR% | Stacks: 1 | Value: 0.120 | Remaining Turns: 1 | TickDown: DPS, PERM | Target: DPS | Affects: ['ALL']
        SaberTraceDMG | DMG% | Stacks: 1 | Value: 0.224 | Remaining Turns: 1 | TickDown: DPS, PERM | Target: DPS | Affects: ['ALL']
        SaberTrace1CR | CR% | Stacks: 1 | Value: 0.200 | Remaining Turns: 1 | TickDown: DPS, PERM | Target: DPS | Affects: ['ALL']
        GilgameshTrace3ATK | ATK% | Stacks: 1 | Value: 0.200 | Remaining Turns: 1 | TickDown: DPS, PERM | Target: DPS | Affects: ['ALL']
        GilgameshTrace3CD | CD% | Stacks: 1 | Value: 0.200 | Remaining Turns: 1 | TickDown: DPS, PERM | Target: DPS | Affects: ['ALL']
        LushakaATK(SUP2) | ATK% | Stacks: 1 | Value: 0.120 | Remaining Turns: 1 | TickDown: DPS, PERM | Target: DPS | Affects: ['ALL']
        KeelCD(SUS) | CD% | Stacks: 1 | Value: 0.100 | Remaining Turns: 1 | TickDown: DPS, PERM | Target: DPS | Affects: ['ALL']
        CosmicLifeDMG | DMG% | Stacks: 1 | Value: 0.320 | Remaining Turns: 1 | TickDown: DPS, PERM | Target: DPS | Affects: ['ALL']
        Trace3CDExtra | CD% | Stacks: 1 | Value: 0.320 | Remaining Turns: 1 | TickDown: DPS, PERM | Target: DPS | Affects: ['ALL']
        GilgameshTrace3AllyATK | ATK% | Stacks: 1 | Value: 1.000 | Remaining Turns: 1 | TickDown: DPS, PERM | Target: DPS | Affects: ['ALL']
        GilgameshTrace3AllyCD | CD% | Stacks: 1 | Value: 1.000 | Remaining Turns: 1 | TickDown: DPS, PERM | Target: DPS | Affects: ['ALL']
        WeltAllyWeightlessDMG | DMG% | Stacks: 5 | Value: 0.500 | Remaining Turns: 2 | TickDown: DPS, END | Target: DPS | Affects: ['ALL']
        TalentDMG | DMG% | Stacks: 1 | Value: 0.600 | Remaining Turns: 2 | TickDown: DPS, END | Target: DPS | Affects: ['ALL']
        Trace3CD | CD% | Stacks: 1 | Value: 0.500 | Remaining Turns: 2 | TickDown: DPS, END | Target: DPS | Affects: ['ALL']
        ----------End of Buff List----------
        ----------Enemy Debuffs----------
        WeltSpdDebuff | From: SUP2 | SPD% | Stacks: 1 | Value: -0.100 | Remaining Turns: 1 | Target: 1 | Targeting: ST | Affects: ['ALL'] | DOT: False | Blast: False
        WeltWeightlessSPD | From: SUP2 | SPD% | Stacks: 1 | Value: -0.050 | Remaining Turns: 1 | Target: 1 | Targeting: ST | Affects: ['ALL'] | DOT: False | Blast: False
        WeltWeightlessShred | From: SUP2 | SHRED | Stacks: 1 | Value: 0.400 | Remaining Turns: 1 | Target: 1 | Targeting: ST | Affects: ['ALL'] | DOT: False | Blast: False
        ----------End of Debuff List----------
        ----------Healing List----------
        ----------End of Healing List----------
        ----------Shields List----------
        ----------End of Shields List----------
    GAUGE  - Enemy 1 toughness reduced by 20.000
    GAUGE  - Enemy 0 toughness reduced by 10.000
    GAUGE  - Enemy 2 toughness reduced by 10.000
    RESULT - SaberSkill | Saber | DPS | DMG: 95291.750 | ELADMG: 0.000 | Enemies Hit: [1, 0, 2] | Enemies Broken: [] | WB DMG: 0.000 | Energy: 30.000 | Amount HP Healed: 0.000 | Amount HP Lost: 0.000 | Saber Energy: 299/360 | SP: 2 | MaxSP: 5)
Gilgamesh Obtained 1 Interest from Teammate, Current count: 1
Gilgamesh JointCounter increased by one, current count: 2
[WeltAllyBuff] allyTurn() invoked for attacker=Role.DPS, move=SaberSkill
[WeltAllyBuff] allyTurn check: attacker=Role.DPS, turnName=SaberSkill, dmg=95291.75033473482, elationDmg=0, enemiesHit=[1, 0, 2], weightlessTurns={0: 2, 1: 1, 2: 2}
[WeltAllyBuff] TRIGGERED - granting WeltAllyWeightlessDMG
SPD    > Gilgamesh speed changed to 147.832 | NewAV: 64.361
AV     > Saber AV reset to 76.551 | 130.632 SPD
DELAY  > Enemy 1 delayed by 4.0% from WeltWeightlessDelay | NewAV: 51.246
DELAY  > Enemy 0 delayed by 4.0% from WeltWeightlessDelay | NewAV: 35.772
DELAY  > Enemy 2 delayed by 4.0% from WeltWeightlessDelay | NewAV: 35.772

<<< NEW TURN >>>
-   HuoHuo AV: 0.000 ENERGY: 89.390 MaxHP: 6139.808 CurrHp 5357.006 ShieldHP: 0.000
-   Enemy 0 AV: 4.305 ENERGY: 0.000 MaxHP: 2000000.000 CurrHp 1246776.406 ShieldHP: 0.000
-   Enemy 2 AV: 4.305 ENERGY: 0.000 MaxHP: 2000000.000 CurrHp 1246776.406 ShieldHP: 0.000
-   Welt AV: 4.706 ENERGY: 12.444 MaxHP: 3270.753 CurrHp 984.398 ShieldHP: 0.000
-   Enemy 1 AV: 19.779 ENERGY: 0.000 MaxHP: 5000000.000 CurrHp 3283361.033 ShieldHP: 0.000
-   Gilgamesh AV: 32.894 ENERGY: 202.667 MaxHP: 3134.558 CurrHp 1.000 ShieldHP: 0.000
-   Saber AV: 45.084 ENERGY: 299.333 MaxHP: 3366.991 CurrHp 669.670 ShieldHP: 0.000

Combat context set: 3 enemies, 4 players
Combat context initialized: 3 enemies, Elation team size: 0
ACTION > [CHAR] TotalAV: 253.973 | TurnAV: 31.467 | HuoHuo | E-move
    TURN   - HuoHuoSkill | HuoHuo | SUS | NA attack | ['WIN'] | ['SKL'] | Scaling: HP | TargetID: -1 | DMG/BREAK Splits: [0, 0]/[0, 0] | Energy Gained: 30 | SP Change: -1

        ----------Char Buffs----------
        GilgameshTrace3ATK | ATK% | Stacks: 1 | Value: 0.200 | Remaining Turns: 1 | TickDown: SUS, PERM | Target: SUS | Affects: ['ALL']
        GilgameshTrace3CD | CD% | Stacks: 1 | Value: 0.200 | Remaining Turns: 1 | TickDown: SUS, PERM | Target: SUS | Affects: ['ALL']
        PostOpERR | ERR% | Stacks: 1 | Value: 0.160 | Remaining Turns: 1 | TickDown: SUS, PERM | Target: SUS | Affects: ['ALL']
        WarriorGoddessSPD | SPD% | Stacks: 1 | Value: 0.060 | Remaining Turns: 1 | TickDown: SUS, PERM | Target: SUS | Affects: ['ALL']
        KeelEFFRES | ERS% | Stacks: 1 | Value: 0.100 | Remaining Turns: 1 | TickDown: SUS, PERM | Target: SUS | Affects: ['ALL']
        KeelCD(SUS) | CD% | Stacks: 1 | Value: 0.100 | Remaining Turns: 1 | TickDown: SUS, PERM | Target: SUS | Affects: ['ALL']
        HHTraceHP | HP% | Stacks: 1 | Value: 0.280 | Remaining Turns: 1 | TickDown: SUS, PERM | Target: SUS | Affects: ['ALL']
        HHTraceERS | ERS% | Stacks: 1 | Value: 0.180 | Remaining Turns: 1 | TickDown: SUS, PERM | Target: SUS | Affects: ['ALL']
        HHTraceSPD | SPD | Stacks: 1 | Value: 5.000 | Remaining Turns: 1 | TickDown: SUS, PERM | Target: SUS | Affects: ['ALL']
        ----------End of Buff List----------
        ----------Enemy Debuffs----------
        ----------End of Debuff List----------
        ----------Healing List----------
        HuoHuoSkillHealingScaling | Targeting: Targeting.BLAST | Healing Value: [0.24] | Target: ALL
        HuoHuoSkillHealingScaling | Targeting: Targeting.BLAST | Healing Value: [0.24] | Target: ALL
        HuoHuoSkillHealingScaling | Targeting: Targeting.BLAST | Healing Value: [0.24] | Target: ALL
        HuoHuoSkillHealingScaling | Targeting: Targeting.BLAST | Healing Value: [0.24] | Target: ALL
        HuoHuoSkillHealingScaling | Targeting: Targeting.BLAST | Healing Value: [0.24] | Target: ALL
        HuoHuoSkillHealingScaling | Targeting: Targeting.BLAST | Healing Value: [0.24] | Target: ALL
        HuoHuoSkillHealingFlat | Targeting: Targeting.BLAST | Healing Value: [640] | Target: ALL
        HuoHuoSkillHealingFlat | Targeting: Targeting.BLAST | Healing Value: [640] | Target: ALL
        HuoHuoSkillHealingFlat | Targeting: Targeting.BLAST | Healing Value: [640] | Target: ALL
        HuoHuoSkillHealingFlat | Targeting: Targeting.BLAST | Healing Value: [640] | Target: ALL
        HuoHuoSkillHealingFlat | Targeting: Targeting.BLAST | Healing Value: [640] | Target: ALL
        HuoHuoSkillHealingFlat | Targeting: Targeting.BLAST | Healing Value: [640] | Target: ALL
        ----------End of Healing List----------
        ----------Shields List----------
        ----------End of Shields List----------
    GAUGE  - Enemy 0 toughness reduced by 0.000
    RESULT - HuoHuoSkill | HuoHuo | SUS | DMG: 0.000 | ELADMG: 0.000 | Enemies Hit: [0] | Enemies Broken: [] | WB DMG: 0.000 | Energy: 40.632 | Amount HP Healed: 7931.292 | Amount HP Lost: 0.000 | HuoHuo Energy: 130/140 | SP: 1 | MaxSP: 5)
[WeltAllyBuff] allyTurn() invoked for attacker=Role.SUS, move=HuoHuoSkill
[WeltAllyBuff] allyTurn check: attacker=Role.SUS, turnName=HuoHuoSkill, dmg=0.0, elationDmg=0, enemiesHit=[0], weightlessTurns={0: 2, 1: 1, 2: 2}
[WeltAllyBuff] skipped: no damage on this turn
ADV    > Saber advanced by 100.000% from Trace1Advance | NewAV: 0.000 | Priority: 16
SPD    > HuoHuo speed changed to 160.492 | NewAV: 0.000
AV     > HuoHuo AV reset to 62.308 | 160.492 SPD

<<< NEW TURN >>>
-   Saber AV: 0.000 ENERGY: 299.333 MaxHP: 3366.991 CurrHp 2652.493 ShieldHP: 0.000
-   Enemy 0 AV: 4.305 ENERGY: 0.000 MaxHP: 2000000.000 CurrHp 1246776.406 ShieldHP: 0.000
-   Enemy 2 AV: 4.305 ENERGY: 0.000 MaxHP: 2000000.000 CurrHp 1246776.406 ShieldHP: 0.000
-   Welt AV: 4.706 ENERGY: 12.444 MaxHP: 3270.753 CurrHp 2967.221 ShieldHP: 0.000
-   Enemy 1 AV: 19.779 ENERGY: 0.000 MaxHP: 5000000.000 CurrHp 3283361.033 ShieldHP: 0.000
-   Gilgamesh AV: 32.894 ENERGY: 202.667 MaxHP: 3134.558 CurrHp 1983.823 ShieldHP: 0.000
-   HuoHuo AV: 62.308 ENERGY: 130.022 MaxHP: 6139.808 CurrHp 6139.808 ShieldHP: 0.000

Combat context set: 3 enemies, 4 players
Combat context initialized: 3 enemies, Elation team size: 0
ACTION > [CHAR] TotalAV: 253.973 | TurnAV: 0.000 | Saber | E-move
Saber used 14 Core Resonance for Skill
    TURN   - SaberSkill | Saber | DPS | BLAST attack | ['WIN'] | ['SKL'] | Scaling: ATK | TargetID: 1 | DMG/BREAK Splits: [3.46, 2.71]/[20, 10] | Energy Gained: 30 | SP Change: -1

        ----------Char Buffs----------
        ThanklessCoronationCD | CR% | Stacks: 1 | Value: 0.360 | Remaining Turns: 1 | TickDown: DPS, PERM | Target: DPS | Affects: ['ALL']
        ScholarCR | CR% | Stacks: 1 | Value: 0.080 | Remaining Turns: 1 | TickDown: DPS, PERM | Target: DPS | Affects: ['ALL']
        ScholarDMG | DMG% | Stacks: 1 | Value: 0.200 | Remaining Turns: 1 | TickDown: DPS, PERM | Target: DPS | Affects: ['SKL', 'ULT']
        SaberTraceHP | HP% | Stacks: 1 | Value: 0.100 | Remaining Turns: 1 | TickDown: DPS, PERM | Target: DPS | Affects: ['ALL']
        SaberTraceCR | CR% | Stacks: 1 | Value: 0.120 | Remaining Turns: 1 | TickDown: DPS, PERM | Target: DPS | Affects: ['ALL']
        SaberTraceDMG | DMG% | Stacks: 1 | Value: 0.224 | Remaining Turns: 1 | TickDown: DPS, PERM | Target: DPS | Affects: ['ALL']
        SaberTrace1CR | CR% | Stacks: 1 | Value: 0.200 | Remaining Turns: 1 | TickDown: DPS, PERM | Target: DPS | Affects: ['ALL']
        GilgameshTrace3ATK | ATK% | Stacks: 1 | Value: 0.200 | Remaining Turns: 1 | TickDown: DPS, PERM | Target: DPS | Affects: ['ALL']
        GilgameshTrace3CD | CD% | Stacks: 1 | Value: 0.200 | Remaining Turns: 1 | TickDown: DPS, PERM | Target: DPS | Affects: ['ALL']
        LushakaATK(SUP2) | ATK% | Stacks: 1 | Value: 0.120 | Remaining Turns: 1 | TickDown: DPS, PERM | Target: DPS | Affects: ['ALL']
        KeelCD(SUS) | CD% | Stacks: 1 | Value: 0.100 | Remaining Turns: 1 | TickDown: DPS, PERM | Target: DPS | Affects: ['ALL']
        CosmicLifeDMG | DMG% | Stacks: 1 | Value: 0.320 | Remaining Turns: 1 | TickDown: DPS, PERM | Target: DPS | Affects: ['ALL']
        Trace3CDExtra | CD% | Stacks: 1 | Value: 0.320 | Remaining Turns: 1 | TickDown: DPS, PERM | Target: DPS | Affects: ['ALL']
        GilgameshTrace3AllyATK | ATK% | Stacks: 1 | Value: 1.000 | Remaining Turns: 1 | TickDown: DPS, PERM | Target: DPS | Affects: ['ALL']
        GilgameshTrace3AllyCD | CD% | Stacks: 1 | Value: 1.000 | Remaining Turns: 1 | TickDown: DPS, PERM | Target: DPS | Affects: ['ALL']
        WeltAllyWeightlessDMG | DMG% | Stacks: 6 | Value: 0.600 | Remaining Turns: 1 | TickDown: DPS, END | Target: DPS | Affects: ['ALL']
        TalentDMG | DMG% | Stacks: 1 | Value: 0.600 | Remaining Turns: 1 | TickDown: DPS, END | Target: DPS | Affects: ['ALL']
        Trace3CD | CD% | Stacks: 1 | Value: 0.500 | Remaining Turns: 2 | TickDown: DPS, END | Target: DPS | Affects: ['ALL']
        WarriorGoddessHealCD | CD% | Stacks: 1 | Value: 0.150 | Remaining Turns: 1 | TickDown: DPS, START | Target: DPS | Affects: ['ALL']
        SkillEnergy | ERR_F | Stacks: 1 | Value: 112.000 | Remaining Turns: 1 | TickDown: DPS, START | Target: DPS | Affects: ['ALL']
        ----------End of Buff List----------
        ----------Enemy Debuffs----------
        WeltSpdDebuff | From: SUP2 | SPD% | Stacks: 1 | Value: -0.100 | Remaining Turns: 1 | Target: 1 | Targeting: ST | Affects: ['ALL'] | DOT: False | Blast: False
        WeltWeightlessSPD | From: SUP2 | SPD% | Stacks: 1 | Value: -0.050 | Remaining Turns: 1 | Target: 1 | Targeting: ST | Affects: ['ALL'] | DOT: False | Blast: False
        WeltWeightlessShred | From: SUP2 | SHRED | Stacks: 1 | Value: 0.400 | Remaining Turns: 1 | Target: 1 | Targeting: ST | Affects: ['ALL'] | DOT: False | Blast: False
        ----------End of Debuff List----------
        ----------Healing List----------
        ----------End of Healing List----------
        ----------Shields List----------
        ----------End of Shields List----------
    GAUGE  - Enemy 1 toughness reduced by 20.000
    GAUGE  - Enemy 0 toughness reduced by 10.000
    GAUGE  - Enemy 2 toughness reduced by 10.000
    RESULT - SaberSkill | Saber | DPS | DMG: 304573.073 | ELADMG: 0.000 | Enemies Hit: [1, 0, 2] | Enemies Broken: [1] | WB DMG: 16803.109 | Energy: 30.000 | Amount HP Healed: 0.000 | Amount HP Lost: 0.000 | Saber Energy: 329/360 | SP: 1 | MaxSP: 5)
Gilgamesh Obtained 1 Interest from Teammate, Current count: 2
Gilgamesh JointCounter increased by one, current count: 3
[WeltAllyBuff] allyTurn() invoked for attacker=Role.DPS, move=SaberSkill
[WeltAllyBuff] allyTurn check: attacker=Role.DPS, turnName=SaberSkill, dmg=304573.0729337918, elationDmg=0, enemiesHit=[1, 0, 2], weightlessTurns={0: 2, 1: 1, 2: 2}
[WeltAllyBuff] TRIGGERED - granting WeltAllyWeightlessDMG
    TURN   - HuoHuoAllyERR | HuoHuo | SUS | NA attack | ['WIN'] | ['SPECIAL'] | Scaling: HP | TargetID: 1 | DMG/BREAK Splits: [0, 0]/[0, 0] | Energy Gained: 1 | SP Change: 0

        ----------Char Buffs----------
        GilgameshTrace3ATK | ATK% | Stacks: 1 | Value: 0.200 | Remaining Turns: 1 | TickDown: SUS, PERM | Target: SUS | Affects: ['ALL']
        GilgameshTrace3CD | CD% | Stacks: 1 | Value: 0.200 | Remaining Turns: 1 | TickDown: SUS, PERM | Target: SUS | Affects: ['ALL']
        PostOpERR | ERR% | Stacks: 1 | Value: 0.160 | Remaining Turns: 1 | TickDown: SUS, PERM | Target: SUS | Affects: ['ALL']
        WarriorGoddessSPD | SPD% | Stacks: 1 | Value: 0.060 | Remaining Turns: 1 | TickDown: SUS, PERM | Target: SUS | Affects: ['ALL']
        KeelEFFRES | ERS% | Stacks: 1 | Value: 0.100 | Remaining Turns: 1 | TickDown: SUS, PERM | Target: SUS | Affects: ['ALL']
        KeelCD(SUS) | CD% | Stacks: 1 | Value: 0.100 | Remaining Turns: 1 | TickDown: SUS, PERM | Target: SUS | Affects: ['ALL']
        HHTraceHP | HP% | Stacks: 1 | Value: 0.280 | Remaining Turns: 1 | TickDown: SUS, PERM | Target: SUS | Affects: ['ALL']
        HHTraceERS | ERS% | Stacks: 1 | Value: 0.180 | Remaining Turns: 1 | TickDown: SUS, PERM | Target: SUS | Affects: ['ALL']
        HHTraceSPD | SPD | Stacks: 1 | Value: 5.000 | Remaining Turns: 1 | TickDown: SUS, PERM | Target: SUS | Affects: ['ALL']
        WarriorGoddessHealSPD | SPD% | Stacks: 1 | Value: 0.060 | Remaining Turns: 2 | TickDown: SUS, START | Target: SUS | Affects: ['ALL']
        WarriorGoddessHealCD | CD% | Stacks: 1 | Value: 0.150 | Remaining Turns: 2 | TickDown: SUS, START | Target: SUS | Affects: ['ALL']
        ----------End of Buff List----------
        ----------Enemy Debuffs----------
        WeltSpdDebuff | From: SUP2 | SPD% | Stacks: 1 | Value: -0.100 | Remaining Turns: 1 | Target: 1 | Targeting: ST | Affects: ['ALL'] | DOT: False | Blast: False
        WeltWeightlessSPD | From: SUP2 | SPD% | Stacks: 1 | Value: -0.050 | Remaining Turns: 1 | Target: 1 | Targeting: ST | Affects: ['ALL'] | DOT: False | Blast: False
        WeltWeightlessShred | From: SUP2 | SHRED | Stacks: 1 | Value: 0.400 | Remaining Turns: 1 | Target: 1 | Targeting: ST | Affects: ['ALL'] | DOT: False | Blast: False
        Enemy 1 WIN-break | From: DPS | WINDSHEAR | Stacks: 1 | Value: 12621.002 | Remaining Turns: 2 | Target: 1 | Targeting: ST | Affects: ['ALL'] | DOT: True | Blast: False
        ----------End of Debuff List----------
        ----------Healing List----------
        HuoHuoTalentHealingScaling | Targeting: Targeting.SINGLE | Healing Value: [0] | Target: ALL
        HuoHuoTalentHealingScaling | Targeting: Targeting.SINGLE | Healing Value: [0.045] | Target: ALL
        HuoHuoTalentHealingScaling | Targeting: Targeting.SINGLE | Healing Value: [0] | Target: ALL
        HuoHuoTalentHealingScaling | Targeting: Targeting.SINGLE | Healing Value: [0] | Target: ALL
        HuoHuoTalentHealingFlat | Targeting: Targeting.SINGLE | Healing Value: [0] | Target: ALL
        HuoHuoTalentHealingFlat | Targeting: Targeting.SINGLE | Healing Value: [120] | Target: ALL
        HuoHuoTalentHealingFlat | Targeting: Targeting.SINGLE | Healing Value: [0] | Target: ALL
        HuoHuoTalentHealingFlat | Targeting: Targeting.SINGLE | Healing Value: [0] | Target: ALL
        ----------End of Healing List----------
        ----------Shields List----------
        ----------End of Shields List----------
    GAUGE  - Enemy 1 toughness reduced by 0.000
    RESULT - HuoHuoAllyERR | HuoHuo | SUS | DMG: 0.000 | ELADMG: 0.000 | Enemies Hit: [1] | Enemies Broken: [] | WB DMG: 0.000 | Energy: 1.354 | Amount HP Healed: 371.779 | Amount HP Lost: 0.000 | HuoHuo Energy: 131/140 | SP: 1 | MaxSP: 5)
[WeltAllyBuff] allyTurn() invoked for attacker=Role.SUS, move=HuoHuoAllyERR
[WeltAllyBuff] allyTurn check: attacker=Role.SUS, turnName=HuoHuoAllyERR, dmg=0.0, elationDmg=0, enemiesHit=[1], weightlessTurns={0: 2, 1: 1, 2: 2}
[WeltAllyBuff] skipped: no damage on this turn
ERR    > 112.000 energy added to Saber from SkillEnergy | Saber Energy: 360.000
ULT    > Saber used their ultimate
Saber got 3 Core Resonance from Talent, Current Count: 3
Saber transferred 81.3 overflow energy on Ult entry
    TURN   - SaberUltBig | Saber | DPS | AOE attack | ['WIN'] | ['ULT'] | Scaling: ATK | TargetID: 1 | DMG/BREAK Splits: [5.6, 0]/[40, 0] | Energy Gained: 0 | SP Change: 0

        ----------Char Buffs----------
        ThanklessCoronationCD | CR% | Stacks: 1 | Value: 0.360 | Remaining Turns: 1 | TickDown: DPS, PERM | Target: DPS | Affects: ['ALL']
        ScholarCR | CR% | Stacks: 1 | Value: 0.080 | Remaining Turns: 1 | TickDown: DPS, PERM | Target: DPS | Affects: ['ALL']
        ScholarDMG | DMG% | Stacks: 1 | Value: 0.200 | Remaining Turns: 1 | TickDown: DPS, PERM | Target: DPS | Affects: ['SKL', 'ULT']
        SaberTraceHP | HP% | Stacks: 1 | Value: 0.100 | Remaining Turns: 1 | TickDown: DPS, PERM | Target: DPS | Affects: ['ALL']
        SaberTraceCR | CR% | Stacks: 1 | Value: 0.120 | Remaining Turns: 1 | TickDown: DPS, PERM | Target: DPS | Affects: ['ALL']
        SaberTraceDMG | DMG% | Stacks: 1 | Value: 0.224 | Remaining Turns: 1 | TickDown: DPS, PERM | Target: DPS | Affects: ['ALL']
        SaberTrace1CR | CR% | Stacks: 1 | Value: 0.200 | Remaining Turns: 1 | TickDown: DPS, PERM | Target: DPS | Affects: ['ALL']
        GilgameshTrace3ATK | ATK% | Stacks: 1 | Value: 0.200 | Remaining Turns: 1 | TickDown: DPS, PERM | Target: DPS | Affects: ['ALL']
        GilgameshTrace3CD | CD% | Stacks: 1 | Value: 0.200 | Remaining Turns: 1 | TickDown: DPS, PERM | Target: DPS | Affects: ['ALL']
        LushakaATK(SUP2) | ATK% | Stacks: 1 | Value: 0.120 | Remaining Turns: 1 | TickDown: DPS, PERM | Target: DPS | Affects: ['ALL']
        KeelCD(SUS) | CD% | Stacks: 1 | Value: 0.100 | Remaining Turns: 1 | TickDown: DPS, PERM | Target: DPS | Affects: ['ALL']
        CosmicLifeDMG | DMG% | Stacks: 1 | Value: 0.320 | Remaining Turns: 1 | TickDown: DPS, PERM | Target: DPS | Affects: ['ALL']
        Trace3CDExtra | CD% | Stacks: 1 | Value: 0.320 | Remaining Turns: 1 | TickDown: DPS, PERM | Target: DPS | Affects: ['ALL']
        GilgameshTrace3AllyATK | ATK% | Stacks: 1 | Value: 1.000 | Remaining Turns: 1 | TickDown: DPS, PERM | Target: DPS | Affects: ['ALL']
        GilgameshTrace3AllyCD | CD% | Stacks: 1 | Value: 1.000 | Remaining Turns: 1 | TickDown: DPS, PERM | Target: DPS | Affects: ['ALL']
        WeltAllyWeightlessDMG | DMG% | Stacks: 7 | Value: 0.700 | Remaining Turns: 2 | TickDown: DPS, END | Target: DPS | Affects: ['ALL']
        TalentDMG | DMG% | Stacks: 1 | Value: 0.600 | Remaining Turns: 1 | TickDown: DPS, END | Target: DPS | Affects: ['ALL']
        Trace3CD | CD% | Stacks: 1 | Value: 0.500 | Remaining Turns: 2 | TickDown: DPS, END | Target: DPS | Affects: ['ALL']
        WarriorGoddessHealCD | CD% | Stacks: 1 | Value: 0.150 | Remaining Turns: 2 | TickDown: DPS, START | Target: DPS | Affects: ['ALL']
        ThanklessCoronationATK | ATK% | Stacks: 1 | Value: 0.400 | Remaining Turns: 2 | TickDown: DPS, END | Target: DPS | Affects: ['ALL']
        ThanklessCoronationERR | ERR_F | Stacks: 1 | Value: 36.000 | Remaining Turns: 1 | TickDown: DPS, START | Target: DPS | Affects: ['ALL']
        ThanklessCoronationATKExtra | ATK% | Stacks: 1 | Value: 0.400 | Remaining Turns: 2 | TickDown: DPS, END | Target: DPS | Affects: ['ALL']
        ----------End of Buff List----------
        ----------Enemy Debuffs----------
        WeltSpdDebuff | From: SUP2 | SPD% | Stacks: 1 | Value: -0.100 | Remaining Turns: 1 | Target: 1 | Targeting: ST | Affects: ['ALL'] | DOT: False | Blast: False
        WeltWeightlessSPD | From: SUP2 | SPD% | Stacks: 1 | Value: -0.050 | Remaining Turns: 1 | Target: 1 | Targeting: ST | Affects: ['ALL'] | DOT: False | Blast: False
        WeltWeightlessShred | From: SUP2 | SHRED | Stacks: 1 | Value: 0.400 | Remaining Turns: 1 | Target: 1 | Targeting: ST | Affects: ['ALL'] | DOT: False | Blast: False
        Enemy 1 WIN-break | From: DPS | WINDSHEAR | Stacks: 1 | Value: 12621.002 | Remaining Turns: 2 | Target: 1 | Targeting: ST | Affects: ['ALL'] | DOT: True | Blast: False
        ----------End of Debuff List----------
        ----------Healing List----------
        ----------End of Healing List----------
        ----------Shields List----------
        ----------End of Shields List----------
    GAUGE  - Enemy 0 toughness reduced by 40.000
    GAUGE  - Enemy 1 toughness reduced by 40.000
    GAUGE  - Enemy 2 toughness reduced by 40.000
    RESULT - SaberUltBig | Saber | DPS | DMG: 765100.698 | ELADMG: 0.000 | Enemies Hit: [0, 1, 2] | Enemies Broken: [0, 2] | WB DMG: 25141.439 | Energy: 0.000 | Amount HP Healed: 0.000 | Amount HP Lost: 0.000 | Saber Energy: 81/360 | SP: 1 | MaxSP: 5)
Gilgamesh Obtained 2 Interest from Teammate Ult, Current count: 4
Gilgamesh Obtained 108.0 Energy from Teammate
Gilgamesh Obtained 1 Interest from Teammate, Current count: 5
Gilgamesh JointCounter increased by one, current count: 4
[WeltAllyBuff] allyTurn() invoked for attacker=Role.DPS, move=SaberUltBig
[WeltAllyBuff] allyTurn check: attacker=Role.DPS, turnName=SaberUltBig, dmg=765100.6983839795, elationDmg=0, enemiesHit=[0, 1, 2], weightlessTurns={0: 2, 1: 1, 2: 2}
[WeltAllyBuff] TRIGGERED - granting WeltAllyWeightlessDMG
    TURN   - SaberUltSmall | Saber | DPS | ST attack | ['WIN'] | ['ULT'] | Scaling: ATK | TargetID: 1 | DMG/BREAK Splits: [22.0, 0]/[20, 0] | Energy Gained: 5 | SP Change: 0

        ----------Char Buffs----------
        ThanklessCoronationCD | CR% | Stacks: 1 | Value: 0.360 | Remaining Turns: 1 | TickDown: DPS, PERM | Target: DPS | Affects: ['ALL']
        ScholarCR | CR% | Stacks: 1 | Value: 0.080 | Remaining Turns: 1 | TickDown: DPS, PERM | Target: DPS | Affects: ['ALL']
        ScholarDMG | DMG% | Stacks: 1 | Value: 0.200 | Remaining Turns: 1 | TickDown: DPS, PERM | Target: DPS | Affects: ['SKL', 'ULT']
        SaberTraceHP | HP% | Stacks: 1 | Value: 0.100 | Remaining Turns: 1 | TickDown: DPS, PERM | Target: DPS | Affects: ['ALL']
        SaberTraceCR | CR% | Stacks: 1 | Value: 0.120 | Remaining Turns: 1 | TickDown: DPS, PERM | Target: DPS | Affects: ['ALL']
        SaberTraceDMG | DMG% | Stacks: 1 | Value: 0.224 | Remaining Turns: 1 | TickDown: DPS, PERM | Target: DPS | Affects: ['ALL']
        SaberTrace1CR | CR% | Stacks: 1 | Value: 0.200 | Remaining Turns: 1 | TickDown: DPS, PERM | Target: DPS | Affects: ['ALL']
        GilgameshTrace3ATK | ATK% | Stacks: 1 | Value: 0.200 | Remaining Turns: 1 | TickDown: DPS, PERM | Target: DPS | Affects: ['ALL']
        GilgameshTrace3CD | CD% | Stacks: 1 | Value: 0.200 | Remaining Turns: 1 | TickDown: DPS, PERM | Target: DPS | Affects: ['ALL']
        LushakaATK(SUP2) | ATK% | Stacks: 1 | Value: 0.120 | Remaining Turns: 1 | TickDown: DPS, PERM | Target: DPS | Affects: ['ALL']
        KeelCD(SUS) | CD% | Stacks: 1 | Value: 0.100 | Remaining Turns: 1 | TickDown: DPS, PERM | Target: DPS | Affects: ['ALL']
        CosmicLifeDMG | DMG% | Stacks: 1 | Value: 0.320 | Remaining Turns: 1 | TickDown: DPS, PERM | Target: DPS | Affects: ['ALL']
        Trace3CDExtra | CD% | Stacks: 1 | Value: 0.320 | Remaining Turns: 1 | TickDown: DPS, PERM | Target: DPS | Affects: ['ALL']
        GilgameshTrace3AllyATK | ATK% | Stacks: 1 | Value: 1.000 | Remaining Turns: 1 | TickDown: DPS, PERM | Target: DPS | Affects: ['ALL']
        GilgameshTrace3AllyCD | CD% | Stacks: 1 | Value: 1.000 | Remaining Turns: 1 | TickDown: DPS, PERM | Target: DPS | Affects: ['ALL']
        WeltAllyWeightlessDMG | DMG% | Stacks: 8 | Value: 0.800 | Remaining Turns: 2 | TickDown: DPS, END | Target: DPS | Affects: ['ALL']
        TalentDMG | DMG% | Stacks: 1 | Value: 0.600 | Remaining Turns: 1 | TickDown: DPS, END | Target: DPS | Affects: ['ALL']
        Trace3CD | CD% | Stacks: 1 | Value: 0.500 | Remaining Turns: 2 | TickDown: DPS, END | Target: DPS | Affects: ['ALL']
        WarriorGoddessHealCD | CD% | Stacks: 1 | Value: 0.150 | Remaining Turns: 2 | TickDown: DPS, START | Target: DPS | Affects: ['ALL']
        ThanklessCoronationATK | ATK% | Stacks: 1 | Value: 0.400 | Remaining Turns: 2 | TickDown: DPS, END | Target: DPS | Affects: ['ALL']
        ThanklessCoronationERR | ERR_F | Stacks: 1 | Value: 36.000 | Remaining Turns: 1 | TickDown: DPS, START | Target: DPS | Affects: ['ALL']
        ThanklessCoronationATKExtra | ATK% | Stacks: 1 | Value: 0.400 | Remaining Turns: 2 | TickDown: DPS, END | Target: DPS | Affects: ['ALL']
        ----------End of Buff List----------
        ----------Enemy Debuffs----------
        WeltSpdDebuff | From: SUP2 | SPD% | Stacks: 1 | Value: -0.100 | Remaining Turns: 1 | Target: 1 | Targeting: ST | Affects: ['ALL'] | DOT: False | Blast: False
        WeltWeightlessSPD | From: SUP2 | SPD% | Stacks: 1 | Value: -0.050 | Remaining Turns: 1 | Target: 1 | Targeting: ST | Affects: ['ALL'] | DOT: False | Blast: False
        WeltWeightlessShred | From: SUP2 | SHRED | Stacks: 1 | Value: 0.400 | Remaining Turns: 1 | Target: 1 | Targeting: ST | Affects: ['ALL'] | DOT: False | Blast: False
        Enemy 1 WIN-break | From: DPS | WINDSHEAR | Stacks: 1 | Value: 12621.002 | Remaining Turns: 2 | Target: 1 | Targeting: ST | Affects: ['ALL'] | DOT: True | Blast: False
        ----------End of Debuff List----------
        ----------Healing List----------
        HuoHuoTalentHealingScaling | Targeting: Targeting.SINGLE | Healing Value: [0] | Target: ALL
        HuoHuoTalentHealingScaling | Targeting: Targeting.SINGLE | Healing Value: [0.045] | Target: ALL
        HuoHuoTalentHealingScaling | Targeting: Targeting.SINGLE | Healing Value: [0] | Target: ALL
        HuoHuoTalentHealingScaling | Targeting: Targeting.SINGLE | Healing Value: [0] | Target: ALL
        HuoHuoTalentHealingFlat | Targeting: Targeting.SINGLE | Healing Value: [0] | Target: ALL
        HuoHuoTalentHealingFlat | Targeting: Targeting.SINGLE | Healing Value: [120] | Target: ALL
        HuoHuoTalentHealingFlat | Targeting: Targeting.SINGLE | Healing Value: [0] | Target: ALL
        HuoHuoTalentHealingFlat | Targeting: Targeting.SINGLE | Healing Value: [0] | Target: ALL
        ----------End of Healing List----------
        ----------Shields List----------
        ----------End of Shields List----------
    GAUGE  - Enemy 1 toughness reduced by 20.000
    RESULT - SaberUltSmall | Saber | DPS | DMG: 1024302.676 | ELADMG: 0.000 | Enemies Hit: [1] | Enemies Broken: [] | WB DMG: 0.000 | Energy: 5.000 | Amount HP Healed: 438.089 | Amount HP Lost: 0.000 | Saber Energy: 86/360 | SP: 1 | MaxSP: 5)
[WeltAllyBuff] allyTurn() invoked for attacker=Role.DPS, move=SaberUltSmall
[WeltAllyBuff] allyTurn check: attacker=Role.DPS, turnName=SaberUltSmall, dmg=1024302.6764281947, elationDmg=0, enemiesHit=[1], weightlessTurns={0: 2, 1: 1, 2: 2}
[WeltAllyBuff] TRIGGERED - granting WeltAllyWeightlessDMG
    TURN   - HuoHuoAllyERR | HuoHuo | SUS | NA attack | ['WIN'] | ['SPECIAL'] | Scaling: HP | TargetID: 1 | DMG/BREAK Splits: [0, 0]/[0, 0] | Energy Gained: 1 | SP Change: 0

        ----------Char Buffs----------
        GilgameshTrace3ATK | ATK% | Stacks: 1 | Value: 0.200 | Remaining Turns: 1 | TickDown: SUS, PERM | Target: SUS | Affects: ['ALL']
        GilgameshTrace3CD | CD% | Stacks: 1 | Value: 0.200 | Remaining Turns: 1 | TickDown: SUS, PERM | Target: SUS | Affects: ['ALL']
        PostOpERR | ERR% | Stacks: 1 | Value: 0.160 | Remaining Turns: 1 | TickDown: SUS, PERM | Target: SUS | Affects: ['ALL']
        WarriorGoddessSPD | SPD% | Stacks: 1 | Value: 0.060 | Remaining Turns: 1 | TickDown: SUS, PERM | Target: SUS | Affects: ['ALL']
        KeelEFFRES | ERS% | Stacks: 1 | Value: 0.100 | Remaining Turns: 1 | TickDown: SUS, PERM | Target: SUS | Affects: ['ALL']
        KeelCD(SUS) | CD% | Stacks: 1 | Value: 0.100 | Remaining Turns: 1 | TickDown: SUS, PERM | Target: SUS | Affects: ['ALL']
        HHTraceHP | HP% | Stacks: 1 | Value: 0.280 | Remaining Turns: 1 | TickDown: SUS, PERM | Target: SUS | Affects: ['ALL']
        HHTraceERS | ERS% | Stacks: 1 | Value: 0.180 | Remaining Turns: 1 | TickDown: SUS, PERM | Target: SUS | Affects: ['ALL']
        HHTraceSPD | SPD | Stacks: 1 | Value: 5.000 | Remaining Turns: 1 | TickDown: SUS, PERM | Target: SUS | Affects: ['ALL']
        WarriorGoddessHealSPD | SPD% | Stacks: 1 | Value: 0.060 | Remaining Turns: 2 | TickDown: SUS, START | Target: SUS | Affects: ['ALL']
        WarriorGoddessHealCD | CD% | Stacks: 1 | Value: 0.150 | Remaining Turns: 2 | TickDown: SUS, START | Target: SUS | Affects: ['ALL']
        ----------End of Buff List----------
        ----------Enemy Debuffs----------
        WeltSpdDebuff | From: SUP2 | SPD% | Stacks: 1 | Value: -0.100 | Remaining Turns: 1 | Target: 1 | Targeting: ST | Affects: ['ALL'] | DOT: False | Blast: False
        WeltWeightlessSPD | From: SUP2 | SPD% | Stacks: 1 | Value: -0.050 | Remaining Turns: 1 | Target: 1 | Targeting: ST | Affects: ['ALL'] | DOT: False | Blast: False
        WeltWeightlessShred | From: SUP2 | SHRED | Stacks: 1 | Value: 0.400 | Remaining Turns: 1 | Target: 1 | Targeting: ST | Affects: ['ALL'] | DOT: False | Blast: False
        Enemy 1 WIN-break | From: DPS | WINDSHEAR | Stacks: 1 | Value: 12621.002 | Remaining Turns: 2 | Target: 1 | Targeting: ST | Affects: ['ALL'] | DOT: True | Blast: False
        ----------End of Debuff List----------
        ----------Healing List----------
        ----------End of Healing List----------
        ----------Shields List----------
        ----------End of Shields List----------
    GAUGE  - Enemy 1 toughness reduced by 0.000
    RESULT - HuoHuoAllyERR | HuoHuo | SUS | DMG: 0.000 | ELADMG: 0.000 | Enemies Hit: [1] | Enemies Broken: [] | WB DMG: 0.000 | Energy: 1.354 | Amount HP Healed: 0.000 | Amount HP Lost: 0.000 | HuoHuo Energy: 133/140 | SP: 1 | MaxSP: 5)
[WeltAllyBuff] allyTurn() invoked for attacker=Role.SUS, move=HuoHuoAllyERR
[WeltAllyBuff] allyTurn check: attacker=Role.SUS, turnName=HuoHuoAllyERR, dmg=0.0, elationDmg=0, enemiesHit=[1], weightlessTurns={0: 2, 1: 1, 2: 2}
[WeltAllyBuff] skipped: no damage on this turn
ERR    > 36.000 energy added to Saber from ThanklessCoronationERR | Saber Energy: 122.333
ERR    > 108.000 energy added to Gilgamesh from GilgameshTrace1ERRAlly1 | Gilgamesh Energy: 310.667
        Buff TalentDMG expired
SPD    > Gilgamesh speed changed to 186.632 | NewAV: 26.055
AV     > Saber AV reset to 76.551 | 130.632 SPD
DELAY  > Enemy 1 delayed by 25.0% from STDBreakDelay | NewAV: 33.503
DELAY  > Enemy 1 delayed by 4.0% from WeltWeightlessDelay | NewAV: 35.699
DELAY  > Enemy 0 delayed by 4.0% from WeltWeightlessDelay | NewAV: 6.766
DELAY  > Enemy 2 delayed by 4.0% from WeltWeightlessDelay | NewAV: 6.766
DELAY  > Enemy 0 delayed by 25.0% from STDBreakDelay | NewAV: 22.151
DELAY  > Enemy 2 delayed by 25.0% from STDBreakDelay | NewAV: 22.151
DELAY  > Enemy 0 delayed by 4.0% from WeltWeightlessDelay | NewAV: 24.612
DELAY  > Enemy 1 delayed by 4.0% from WeltWeightlessDelay | NewAV: 37.895
DELAY  > Enemy 2 delayed by 4.0% from WeltWeightlessDelay | NewAV: 24.612

<<< NEW TURN >>>
-   Welt AV: 0.000 ENERGY: 12.444 MaxHP: 3270.753 CurrHp 2967.221 ShieldHP: 0.000
-   Enemy 0 AV: 19.907 ENERGY: 0.000 MaxHP: 2000000.000 CurrHp 893834.208 ShieldHP: 0.000
-   Enemy 2 AV: 19.907 ENERGY: 0.000 MaxHP: 2000000.000 CurrHp 893834.208 ShieldHP: 0.000
-   Gilgamesh AV: 21.349 ENERGY: 310.667 MaxHP: 3134.558 CurrHp 2793.691 ShieldHP: 0.000
-   Enemy 1 AV: 33.189 ENERGY: 0.000 MaxHP: 5000000.000 CurrHp 1895268.981 ShieldHP: 0.000
-   HuoHuo AV: 57.603 ENERGY: 132.731 MaxHP: 6139.808 CurrHp 6139.808 ShieldHP: 0.000
-   Saber AV: 71.845 ENERGY: 122.333 MaxHP: 3366.991 CurrHp 2652.493 ShieldHP: 0.000

Combat context set: 3 enemies, 4 players
Combat context initialized: 3 enemies, Elation team size: 0
ACTION > [CHAR] TotalAV: 258.679 | TurnAV: 4.706 | Welt | E-move
    TURN   - WeltSkill | Welt | SUP2 | ST attack | ['IMG'] | ['SKL'] | Scaling: ATK | TargetID: 1 | DMG/BREAK Splits: [0.72, 0]/[10, 0] | Energy Gained: 6 | SP Change: -1

        ----------Char Buffs----------
        GilgameshTrace3ATK | ATK% | Stacks: 1 | Value: 0.200 | Remaining Turns: 1 | TickDown: SUP2, PERM | Target: SUP2 | Affects: ['ALL']
        GilgameshTrace3CD | CD% | Stacks: 1 | Value: 0.200 | Remaining Turns: 1 | TickDown: SUP2, PERM | Target: SUP2 | Affects: ['ALL']
        MasterSmithHP | HP% | Stacks: 1 | Value: 0.120 | Remaining Turns: 1 | TickDown: SUP2, PERM | Target: SUP2 | Affects: ['ALL']
        LushakaERR | ERR% | Stacks: 1 | Value: 0.050 | Remaining Turns: 1 | TickDown: SUP2, PERM | Target: SUP2 | Affects: ['ALL']
        WeltTraceERS | ERS% | Stacks: 1 | Value: 0.100 | Remaining Turns: 1 | TickDown: SUP2, PERM | Target: SUP2 | Affects: ['ALL']
        WeltTraceEHR | EHR% | Stacks: 1 | Value: 0.280 | Remaining Turns: 1 | TickDown: SUP2, PERM | Target: SUP2 | Affects: ['ALL']
        WeltTraceDMG | DMG% | Stacks: 1 | Value: 0.144 | Remaining Turns: 1 | TickDown: SUP2, PERM | Target: SUP2 | Affects: ['ALL']
        KeelCD(SUS) | CD% | Stacks: 1 | Value: 0.100 | Remaining Turns: 1 | TickDown: SUP2, PERM | Target: SUP2 | Affects: ['ALL']
        WeltTalent3ATK | ATK% | Stacks: 1 | Value: 0.800 | Remaining Turns: 1 | TickDown: SUP2, PERM | Target: SUP2 | Affects: ['ALL']
        WarriorGoddessHealCD | CD% | Stacks: 1 | Value: 0.150 | Remaining Turns: 1 | TickDown: SUP2, START | Target: SUP2 | Affects: ['ALL']
        ----------End of Buff List----------
        ----------Enemy Debuffs----------
        WeltSpdDebuff | From: SUP2 | SPD% | Stacks: 1 | Value: -0.100 | Remaining Turns: 2 | Target: 1 | Targeting: ST | Affects: ['ALL'] | DOT: False | Blast: False
        WeltWeightlessSPD | From: SUP2 | SPD% | Stacks: 1 | Value: -0.050 | Remaining Turns: 1 | Target: 1 | Targeting: ST | Affects: ['ALL'] | DOT: False | Blast: False
        WeltWeightlessShred | From: SUP2 | SHRED | Stacks: 1 | Value: 0.400 | Remaining Turns: 1 | Target: 1 | Targeting: ST | Affects: ['ALL'] | DOT: False | Blast: False
        Enemy 1 WIN-break | From: DPS | WINDSHEAR | Stacks: 1 | Value: 12621.002 | Remaining Turns: 2 | Target: 1 | Targeting: ST | Affects: ['ALL'] | DOT: True | Blast: False
        ResoShred(SUP2) | From: SUP2 | SHRED | Stacks: 1 | Value: 0.160 | Remaining Turns: 1 | Target: 1 | Targeting: ST | Affects: ['ALL'] | DOT: False | Blast: False
        ----------End of Debuff List----------
        ----------Healing List----------
        ----------End of Healing List----------
        ----------Shields List----------
        ----------End of Shields List----------
    GAUGE  - Enemy 1 toughness reduced by 0.000
    RESULT - WeltSkill | Welt | SUP2 | DMG: 2135.792 | ELADMG: 0.000 | Enemies Hit: [1] | Enemies Broken: [] | WB DMG: 0.000 | Energy: 7.466 | Amount HP Healed: 0.000 | Amount HP Lost: 0.000 | Welt Energy: 20/120 | SP: 0 | MaxSP: 5)
Gilgamesh Obtained 1 Interest from Teammate, Current count: 6
    TURN   - WeltSlowedAdditionalDMG | Welt | SUP2 | ST attack | ['IMG'] | ['ADD'] | Scaling: ATK | TargetID: 1 | DMG/BREAK Splits: [1.0, 0]/[0, 0] | Energy Gained: 0 | SP Change: 0

        ----------Char Buffs----------
        GilgameshTrace3ATK | ATK% | Stacks: 1 | Value: 0.200 | Remaining Turns: 1 | TickDown: SUP2, PERM | Target: SUP2 | Affects: ['ALL']
        GilgameshTrace3CD | CD% | Stacks: 1 | Value: 0.200 | Remaining Turns: 1 | TickDown: SUP2, PERM | Target: SUP2 | Affects: ['ALL']
        MasterSmithHP | HP% | Stacks: 1 | Value: 0.120 | Remaining Turns: 1 | TickDown: SUP2, PERM | Target: SUP2 | Affects: ['ALL']
        LushakaERR | ERR% | Stacks: 1 | Value: 0.050 | Remaining Turns: 1 | TickDown: SUP2, PERM | Target: SUP2 | Affects: ['ALL']
        WeltTraceERS | ERS% | Stacks: 1 | Value: 0.100 | Remaining Turns: 1 | TickDown: SUP2, PERM | Target: SUP2 | Affects: ['ALL']
        WeltTraceEHR | EHR% | Stacks: 1 | Value: 0.280 | Remaining Turns: 1 | TickDown: SUP2, PERM | Target: SUP2 | Affects: ['ALL']
        WeltTraceDMG | DMG% | Stacks: 1 | Value: 0.144 | Remaining Turns: 1 | TickDown: SUP2, PERM | Target: SUP2 | Affects: ['ALL']
        KeelCD(SUS) | CD% | Stacks: 1 | Value: 0.100 | Remaining Turns: 1 | TickDown: SUP2, PERM | Target: SUP2 | Affects: ['ALL']
        WeltTalent3ATK | ATK% | Stacks: 1 | Value: 0.800 | Remaining Turns: 1 | TickDown: SUP2, PERM | Target: SUP2 | Affects: ['ALL']
        WarriorGoddessHealCD | CD% | Stacks: 1 | Value: 0.150 | Remaining Turns: 1 | TickDown: SUP2, START | Target: SUP2 | Affects: ['ALL']
        ----------End of Buff List----------
        ----------Enemy Debuffs----------
        WeltSpdDebuff | From: SUP2 | SPD% | Stacks: 1 | Value: -0.100 | Remaining Turns: 2 | Target: 1 | Targeting: ST | Affects: ['ALL'] | DOT: False | Blast: False
        WeltWeightlessSPD | From: SUP2 | SPD% | Stacks: 1 | Value: -0.050 | Remaining Turns: 1 | Target: 1 | Targeting: ST | Affects: ['ALL'] | DOT: False | Blast: False
        WeltWeightlessShred | From: SUP2 | SHRED | Stacks: 1 | Value: 0.400 | Remaining Turns: 1 | Target: 1 | Targeting: ST | Affects: ['ALL'] | DOT: False | Blast: False
        Enemy 1 WIN-break | From: DPS | WINDSHEAR | Stacks: 1 | Value: 12621.002 | Remaining Turns: 2 | Target: 1 | Targeting: ST | Affects: ['ALL'] | DOT: True | Blast: False
        ResoShred(SUP2) | From: SUP2 | SHRED | Stacks: 1 | Value: 0.160 | Remaining Turns: 1 | Target: 1 | Targeting: ST | Affects: ['ALL'] | DOT: False | Blast: False
        ----------End of Debuff List----------
        ----------Healing List----------
        HuoHuoTalentHealingScaling | Targeting: Targeting.SINGLE | Healing Value: [0.045] | Target: ALL
        HuoHuoTalentHealingScaling | Targeting: Targeting.SINGLE | Healing Value: [0] | Target: ALL
        HuoHuoTalentHealingScaling | Targeting: Targeting.SINGLE | Healing Value: [0] | Target: ALL
        HuoHuoTalentHealingScaling | Targeting: Targeting.SINGLE | Healing Value: [0] | Target: ALL
        HuoHuoTalentHealingFlat | Targeting: Targeting.SINGLE | Healing Value: [120] | Target: ALL
        HuoHuoTalentHealingFlat | Targeting: Targeting.SINGLE | Healing Value: [0] | Target: ALL
        HuoHuoTalentHealingFlat | Targeting: Targeting.SINGLE | Healing Value: [0] | Target: ALL
        HuoHuoTalentHealingFlat | Targeting: Targeting.SINGLE | Healing Value: [0] | Target: ALL
        ----------End of Healing List----------
        ----------Shields List----------
        ----------End of Shields List----------
    GAUGE  - Enemy 1 toughness reduced by 0.000
    RESULT - WeltSlowedAdditionalDMG | Welt | SUP2 | DMG: 2966.378 | ELADMG: 0.000 | Enemies Hit: [1] | Enemies Broken: [] | WB DMG: 0.000 | Energy: 0.000 | Amount HP Healed: 371.779 | Amount HP Lost: 0.000 | Welt Energy: 20/120 | SP: 0 | MaxSP: 5)
    TURN   - WeltSkillExtra | Welt | SUP2 | ST attack | ['IMG'] | ['SKL'] | Scaling: ATK | TargetID: 1 | DMG/BREAK Splits: [0.72, 0]/[10, 0] | Energy Gained: 6 | SP Change: 0

        ----------Char Buffs----------
        GilgameshTrace3ATK | ATK% | Stacks: 1 | Value: 0.200 | Remaining Turns: 1 | TickDown: SUP2, PERM | Target: SUP2 | Affects: ['ALL']
        GilgameshTrace3CD | CD% | Stacks: 1 | Value: 0.200 | Remaining Turns: 1 | TickDown: SUP2, PERM | Target: SUP2 | Affects: ['ALL']
        MasterSmithHP | HP% | Stacks: 1 | Value: 0.120 | Remaining Turns: 1 | TickDown: SUP2, PERM | Target: SUP2 | Affects: ['ALL']
        LushakaERR | ERR% | Stacks: 1 | Value: 0.050 | Remaining Turns: 1 | TickDown: SUP2, PERM | Target: SUP2 | Affects: ['ALL']
        WeltTraceERS | ERS% | Stacks: 1 | Value: 0.100 | Remaining Turns: 1 | TickDown: SUP2, PERM | Target: SUP2 | Affects: ['ALL']
        WeltTraceEHR | EHR% | Stacks: 1 | Value: 0.280 | Remaining Turns: 1 | TickDown: SUP2, PERM | Target: SUP2 | Affects: ['ALL']
        WeltTraceDMG | DMG% | Stacks: 1 | Value: 0.144 | Remaining Turns: 1 | TickDown: SUP2, PERM | Target: SUP2 | Affects: ['ALL']
        KeelCD(SUS) | CD% | Stacks: 1 | Value: 0.100 | Remaining Turns: 1 | TickDown: SUP2, PERM | Target: SUP2 | Affects: ['ALL']
        WeltTalent3ATK | ATK% | Stacks: 1 | Value: 0.800 | Remaining Turns: 1 | TickDown: SUP2, PERM | Target: SUP2 | Affects: ['ALL']
        WarriorGoddessHealCD | CD% | Stacks: 1 | Value: 0.150 | Remaining Turns: 1 | TickDown: SUP2, START | Target: SUP2 | Affects: ['ALL']
        ----------End of Buff List----------
        ----------Enemy Debuffs----------
        WeltSpdDebuff | From: SUP2 | SPD% | Stacks: 1 | Value: -0.100 | Remaining Turns: 2 | Target: 1 | Targeting: ST | Affects: ['ALL'] | DOT: False | Blast: False
        WeltWeightlessSPD | From: SUP2 | SPD% | Stacks: 1 | Value: -0.050 | Remaining Turns: 1 | Target: 1 | Targeting: ST | Affects: ['ALL'] | DOT: False | Blast: False
        WeltWeightlessShred | From: SUP2 | SHRED | Stacks: 1 | Value: 0.400 | Remaining Turns: 1 | Target: 1 | Targeting: ST | Affects: ['ALL'] | DOT: False | Blast: False
        Enemy 1 WIN-break | From: DPS | WINDSHEAR | Stacks: 1 | Value: 12621.002 | Remaining Turns: 2 | Target: 1 | Targeting: ST | Affects: ['ALL'] | DOT: True | Blast: False
        ResoShred(SUP2) | From: SUP2 | SHRED | Stacks: 1 | Value: 0.160 | Remaining Turns: 1 | Target: 1 | Targeting: ST | Affects: ['ALL'] | DOT: False | Blast: False
        ----------End of Debuff List----------
        ----------Healing List----------
        ----------End of Healing List----------
        ----------Shields List----------
        ----------End of Shields List----------
    GAUGE  - Enemy 1 toughness reduced by 0.000
    RESULT - WeltSkillExtra | Welt | SUP2 | DMG: 2135.792 | ELADMG: 0.000 | Enemies Hit: [1] | Enemies Broken: [] | WB DMG: 0.000 | Energy: 7.466 | Amount HP Healed: 0.000 | Amount HP Lost: 0.000 | Welt Energy: 27/120 | SP: 0 | MaxSP: 5)
    TURN   - WeltSlowedAdditionalDMG | Welt | SUP2 | ST attack | ['IMG'] | ['ADD'] | Scaling: ATK | TargetID: 1 | DMG/BREAK Splits: [1.0, 0]/[0, 0] | Energy Gained: 0 | SP Change: 0

        ----------Char Buffs----------
        GilgameshTrace3ATK | ATK% | Stacks: 1 | Value: 0.200 | Remaining Turns: 1 | TickDown: SUP2, PERM | Target: SUP2 | Affects: ['ALL']
        GilgameshTrace3CD | CD% | Stacks: 1 | Value: 0.200 | Remaining Turns: 1 | TickDown: SUP2, PERM | Target: SUP2 | Affects: ['ALL']
        MasterSmithHP | HP% | Stacks: 1 | Value: 0.120 | Remaining Turns: 1 | TickDown: SUP2, PERM | Target: SUP2 | Affects: ['ALL']
        LushakaERR | ERR% | Stacks: 1 | Value: 0.050 | Remaining Turns: 1 | TickDown: SUP2, PERM | Target: SUP2 | Affects: ['ALL']
        WeltTraceERS | ERS% | Stacks: 1 | Value: 0.100 | Remaining Turns: 1 | TickDown: SUP2, PERM | Target: SUP2 | Affects: ['ALL']
        WeltTraceEHR | EHR% | Stacks: 1 | Value: 0.280 | Remaining Turns: 1 | TickDown: SUP2, PERM | Target: SUP2 | Affects: ['ALL']
        WeltTraceDMG | DMG% | Stacks: 1 | Value: 0.144 | Remaining Turns: 1 | TickDown: SUP2, PERM | Target: SUP2 | Affects: ['ALL']
        KeelCD(SUS) | CD% | Stacks: 1 | Value: 0.100 | Remaining Turns: 1 | TickDown: SUP2, PERM | Target: SUP2 | Affects: ['ALL']
        WeltTalent3ATK | ATK% | Stacks: 1 | Value: 0.800 | Remaining Turns: 1 | TickDown: SUP2, PERM | Target: SUP2 | Affects: ['ALL']
        WarriorGoddessHealCD | CD% | Stacks: 1 | Value: 0.150 | Remaining Turns: 1 | TickDown: SUP2, START | Target: SUP2 | Affects: ['ALL']
        ----------End of Buff List----------
        ----------Enemy Debuffs----------
        WeltSpdDebuff | From: SUP2 | SPD% | Stacks: 1 | Value: -0.100 | Remaining Turns: 2 | Target: 1 | Targeting: ST | Affects: ['ALL'] | DOT: False | Blast: False
        WeltWeightlessSPD | From: SUP2 | SPD% | Stacks: 1 | Value: -0.050 | Remaining Turns: 1 | Target: 1 | Targeting: ST | Affects: ['ALL'] | DOT: False | Blast: False
        WeltWeightlessShred | From: SUP2 | SHRED | Stacks: 1 | Value: 0.400 | Remaining Turns: 1 | Target: 1 | Targeting: ST | Affects: ['ALL'] | DOT: False | Blast: False
        Enemy 1 WIN-break | From: DPS | WINDSHEAR | Stacks: 1 | Value: 12621.002 | Remaining Turns: 2 | Target: 1 | Targeting: ST | Affects: ['ALL'] | DOT: True | Blast: False
        ResoShred(SUP2) | From: SUP2 | SHRED | Stacks: 1 | Value: 0.160 | Remaining Turns: 1 | Target: 1 | Targeting: ST | Affects: ['ALL'] | DOT: False | Blast: False
        ----------End of Debuff List----------
        ----------Healing List----------
        ----------End of Healing List----------
        ----------Shields List----------
        ----------End of Shields List----------
    GAUGE  - Enemy 1 toughness reduced by 0.000
    RESULT - WeltSlowedAdditionalDMG | Welt | SUP2 | DMG: 2966.378 | ELADMG: 0.000 | Enemies Hit: [1] | Enemies Broken: [] | WB DMG: 0.000 | Energy: 0.000 | Amount HP Healed: 0.000 | Amount HP Lost: 0.000 | Welt Energy: 27/120 | SP: 0 | MaxSP: 5)
    TURN   - WeltSkillExtra | Welt | SUP2 | ST attack | ['IMG'] | ['SKL'] | Scaling: ATK | TargetID: 1 | DMG/BREAK Splits: [0.72, 0]/[10, 0] | Energy Gained: 6 | SP Change: 0

        ----------Char Buffs----------
        GilgameshTrace3ATK | ATK% | Stacks: 1 | Value: 0.200 | Remaining Turns: 1 | TickDown: SUP2, PERM | Target: SUP2 | Affects: ['ALL']
        GilgameshTrace3CD | CD% | Stacks: 1 | Value: 0.200 | Remaining Turns: 1 | TickDown: SUP2, PERM | Target: SUP2 | Affects: ['ALL']
        MasterSmithHP | HP% | Stacks: 1 | Value: 0.120 | Remaining Turns: 1 | TickDown: SUP2, PERM | Target: SUP2 | Affects: ['ALL']
        LushakaERR | ERR% | Stacks: 1 | Value: 0.050 | Remaining Turns: 1 | TickDown: SUP2, PERM | Target: SUP2 | Affects: ['ALL']
        WeltTraceERS | ERS% | Stacks: 1 | Value: 0.100 | Remaining Turns: 1 | TickDown: SUP2, PERM | Target: SUP2 | Affects: ['ALL']
        WeltTraceEHR | EHR% | Stacks: 1 | Value: 0.280 | Remaining Turns: 1 | TickDown: SUP2, PERM | Target: SUP2 | Affects: ['ALL']
        WeltTraceDMG | DMG% | Stacks: 1 | Value: 0.144 | Remaining Turns: 1 | TickDown: SUP2, PERM | Target: SUP2 | Affects: ['ALL']
        KeelCD(SUS) | CD% | Stacks: 1 | Value: 0.100 | Remaining Turns: 1 | TickDown: SUP2, PERM | Target: SUP2 | Affects: ['ALL']
        WeltTalent3ATK | ATK% | Stacks: 1 | Value: 0.800 | Remaining Turns: 1 | TickDown: SUP2, PERM | Target: SUP2 | Affects: ['ALL']
        WarriorGoddessHealCD | CD% | Stacks: 1 | Value: 0.150 | Remaining Turns: 1 | TickDown: SUP2, START | Target: SUP2 | Affects: ['ALL']
        ----------End of Buff List----------
        ----------Enemy Debuffs----------
        WeltSpdDebuff | From: SUP2 | SPD% | Stacks: 1 | Value: -0.100 | Remaining Turns: 2 | Target: 1 | Targeting: ST | Affects: ['ALL'] | DOT: False | Blast: False
        WeltWeightlessSPD | From: SUP2 | SPD% | Stacks: 1 | Value: -0.050 | Remaining Turns: 1 | Target: 1 | Targeting: ST | Affects: ['ALL'] | DOT: False | Blast: False
        WeltWeightlessShred | From: SUP2 | SHRED | Stacks: 1 | Value: 0.400 | Remaining Turns: 1 | Target: 1 | Targeting: ST | Affects: ['ALL'] | DOT: False | Blast: False
        Enemy 1 WIN-break | From: DPS | WINDSHEAR | Stacks: 1 | Value: 12621.002 | Remaining Turns: 2 | Target: 1 | Targeting: ST | Affects: ['ALL'] | DOT: True | Blast: False
        ResoShred(SUP2) | From: SUP2 | SHRED | Stacks: 1 | Value: 0.160 | Remaining Turns: 1 | Target: 1 | Targeting: ST | Affects: ['ALL'] | DOT: False | Blast: False
        ----------End of Debuff List----------
        ----------Healing List----------
        ----------End of Healing List----------
        ----------Shields List----------
        ----------End of Shields List----------
    GAUGE  - Enemy 1 toughness reduced by 0.000
    RESULT - WeltSkillExtra | Welt | SUP2 | DMG: 2135.792 | ELADMG: 0.000 | Enemies Hit: [1] | Enemies Broken: [] | WB DMG: 0.000 | Energy: 7.466 | Amount HP Healed: 0.000 | Amount HP Lost: 0.000 | Welt Energy: 35/120 | SP: 0 | MaxSP: 5)
    TURN   - WeltSlowedAdditionalDMG | Welt | SUP2 | ST attack | ['IMG'] | ['ADD'] | Scaling: ATK | TargetID: 1 | DMG/BREAK Splits: [1.0, 0]/[0, 0] | Energy Gained: 0 | SP Change: 0

        ----------Char Buffs----------
        GilgameshTrace3ATK | ATK% | Stacks: 1 | Value: 0.200 | Remaining Turns: 1 | TickDown: SUP2, PERM | Target: SUP2 | Affects: ['ALL']
        GilgameshTrace3CD | CD% | Stacks: 1 | Value: 0.200 | Remaining Turns: 1 | TickDown: SUP2, PERM | Target: SUP2 | Affects: ['ALL']
        MasterSmithHP | HP% | Stacks: 1 | Value: 0.120 | Remaining Turns: 1 | TickDown: SUP2, PERM | Target: SUP2 | Affects: ['ALL']
        LushakaERR | ERR% | Stacks: 1 | Value: 0.050 | Remaining Turns: 1 | TickDown: SUP2, PERM | Target: SUP2 | Affects: ['ALL']
        WeltTraceERS | ERS% | Stacks: 1 | Value: 0.100 | Remaining Turns: 1 | TickDown: SUP2, PERM | Target: SUP2 | Affects: ['ALL']
        WeltTraceEHR | EHR% | Stacks: 1 | Value: 0.280 | Remaining Turns: 1 | TickDown: SUP2, PERM | Target: SUP2 | Affects: ['ALL']
        WeltTraceDMG | DMG% | Stacks: 1 | Value: 0.144 | Remaining Turns: 1 | TickDown: SUP2, PERM | Target: SUP2 | Affects: ['ALL']
        KeelCD(SUS) | CD% | Stacks: 1 | Value: 0.100 | Remaining Turns: 1 | TickDown: SUP2, PERM | Target: SUP2 | Affects: ['ALL']
        WeltTalent3ATK | ATK% | Stacks: 1 | Value: 0.800 | Remaining Turns: 1 | TickDown: SUP2, PERM | Target: SUP2 | Affects: ['ALL']
        WarriorGoddessHealCD | CD% | Stacks: 1 | Value: 0.150 | Remaining Turns: 1 | TickDown: SUP2, START | Target: SUP2 | Affects: ['ALL']
        ----------End of Buff List----------
        ----------Enemy Debuffs----------
        WeltSpdDebuff | From: SUP2 | SPD% | Stacks: 1 | Value: -0.100 | Remaining Turns: 2 | Target: 1 | Targeting: ST | Affects: ['ALL'] | DOT: False | Blast: False
        WeltWeightlessSPD | From: SUP2 | SPD% | Stacks: 1 | Value: -0.050 | Remaining Turns: 1 | Target: 1 | Targeting: ST | Affects: ['ALL'] | DOT: False | Blast: False
        WeltWeightlessShred | From: SUP2 | SHRED | Stacks: 1 | Value: 0.400 | Remaining Turns: 1 | Target: 1 | Targeting: ST | Affects: ['ALL'] | DOT: False | Blast: False
        Enemy 1 WIN-break | From: DPS | WINDSHEAR | Stacks: 1 | Value: 12621.002 | Remaining Turns: 2 | Target: 1 | Targeting: ST | Affects: ['ALL'] | DOT: True | Blast: False
        ResoShred(SUP2) | From: SUP2 | SHRED | Stacks: 1 | Value: 0.160 | Remaining Turns: 1 | Target: 1 | Targeting: ST | Affects: ['ALL'] | DOT: False | Blast: False
        ----------End of Debuff List----------
        ----------Healing List----------
        ----------End of Healing List----------
        ----------Shields List----------
        ----------End of Shields List----------
    GAUGE  - Enemy 1 toughness reduced by 0.000
    RESULT - WeltSlowedAdditionalDMG | Welt | SUP2 | DMG: 2966.378 | ELADMG: 0.000 | Enemies Hit: [1] | Enemies Broken: [] | WB DMG: 0.000 | Energy: 0.000 | Amount HP Healed: 0.000 | Amount HP Lost: 0.000 | Welt Energy: 35/120 | SP: 0 | MaxSP: 5)
    TURN   - WeltSkillExtra | Welt | SUP2 | ST attack | ['IMG'] | ['SKL'] | Scaling: ATK | TargetID: 1 | DMG/BREAK Splits: [0.72, 0]/[10, 0] | Energy Gained: 6 | SP Change: 0

        ----------Char Buffs----------
        GilgameshTrace3ATK | ATK% | Stacks: 1 | Value: 0.200 | Remaining Turns: 1 | TickDown: SUP2, PERM | Target: SUP2 | Affects: ['ALL']
        GilgameshTrace3CD | CD% | Stacks: 1 | Value: 0.200 | Remaining Turns: 1 | TickDown: SUP2, PERM | Target: SUP2 | Affects: ['ALL']
        MasterSmithHP | HP% | Stacks: 1 | Value: 0.120 | Remaining Turns: 1 | TickDown: SUP2, PERM | Target: SUP2 | Affects: ['ALL']
        LushakaERR | ERR% | Stacks: 1 | Value: 0.050 | Remaining Turns: 1 | TickDown: SUP2, PERM | Target: SUP2 | Affects: ['ALL']
        WeltTraceERS | ERS% | Stacks: 1 | Value: 0.100 | Remaining Turns: 1 | TickDown: SUP2, PERM | Target: SUP2 | Affects: ['ALL']
        WeltTraceEHR | EHR% | Stacks: 1 | Value: 0.280 | Remaining Turns: 1 | TickDown: SUP2, PERM | Target: SUP2 | Affects: ['ALL']
        WeltTraceDMG | DMG% | Stacks: 1 | Value: 0.144 | Remaining Turns: 1 | TickDown: SUP2, PERM | Target: SUP2 | Affects: ['ALL']
        KeelCD(SUS) | CD% | Stacks: 1 | Value: 0.100 | Remaining Turns: 1 | TickDown: SUP2, PERM | Target: SUP2 | Affects: ['ALL']
        WeltTalent3ATK | ATK% | Stacks: 1 | Value: 0.800 | Remaining Turns: 1 | TickDown: SUP2, PERM | Target: SUP2 | Affects: ['ALL']
        WarriorGoddessHealCD | CD% | Stacks: 1 | Value: 0.150 | Remaining Turns: 1 | TickDown: SUP2, START | Target: SUP2 | Affects: ['ALL']
        ----------End of Buff List----------
        ----------Enemy Debuffs----------
        WeltSpdDebuff | From: SUP2 | SPD% | Stacks: 1 | Value: -0.100 | Remaining Turns: 2 | Target: 1 | Targeting: ST | Affects: ['ALL'] | DOT: False | Blast: False
        WeltWeightlessSPD | From: SUP2 | SPD% | Stacks: 1 | Value: -0.050 | Remaining Turns: 1 | Target: 1 | Targeting: ST | Affects: ['ALL'] | DOT: False | Blast: False
        WeltWeightlessShred | From: SUP2 | SHRED | Stacks: 1 | Value: 0.400 | Remaining Turns: 1 | Target: 1 | Targeting: ST | Affects: ['ALL'] | DOT: False | Blast: False
        Enemy 1 WIN-break | From: DPS | WINDSHEAR | Stacks: 1 | Value: 12621.002 | Remaining Turns: 2 | Target: 1 | Targeting: ST | Affects: ['ALL'] | DOT: True | Blast: False
        ResoShred(SUP2) | From: SUP2 | SHRED | Stacks: 1 | Value: 0.160 | Remaining Turns: 1 | Target: 1 | Targeting: ST | Affects: ['ALL'] | DOT: False | Blast: False
        ----------End of Debuff List----------
        ----------Healing List----------
        ----------End of Healing List----------
        ----------Shields List----------
        ----------End of Shields List----------
    GAUGE  - Enemy 1 toughness reduced by 0.000
    RESULT - WeltSkillExtra | Welt | SUP2 | DMG: 2135.792 | ELADMG: 0.000 | Enemies Hit: [1] | Enemies Broken: [] | WB DMG: 0.000 | Energy: 7.466 | Amount HP Healed: 0.000 | Amount HP Lost: 0.000 | Welt Energy: 42/120 | SP: 0 | MaxSP: 5)
    TURN   - WeltSlowedAdditionalDMG | Welt | SUP2 | ST attack | ['IMG'] | ['ADD'] | Scaling: ATK | TargetID: 1 | DMG/BREAK Splits: [1.0, 0]/[0, 0] | Energy Gained: 0 | SP Change: 0

        ----------Char Buffs----------
        GilgameshTrace3ATK | ATK% | Stacks: 1 | Value: 0.200 | Remaining Turns: 1 | TickDown: SUP2, PERM | Target: SUP2 | Affects: ['ALL']
        GilgameshTrace3CD | CD% | Stacks: 1 | Value: 0.200 | Remaining Turns: 1 | TickDown: SUP2, PERM | Target: SUP2 | Affects: ['ALL']
        MasterSmithHP | HP% | Stacks: 1 | Value: 0.120 | Remaining Turns: 1 | TickDown: SUP2, PERM | Target: SUP2 | Affects: ['ALL']
        LushakaERR | ERR% | Stacks: 1 | Value: 0.050 | Remaining Turns: 1 | TickDown: SUP2, PERM | Target: SUP2 | Affects: ['ALL']
        WeltTraceERS | ERS% | Stacks: 1 | Value: 0.100 | Remaining Turns: 1 | TickDown: SUP2, PERM | Target: SUP2 | Affects: ['ALL']
        WeltTraceEHR | EHR% | Stacks: 1 | Value: 0.280 | Remaining Turns: 1 | TickDown: SUP2, PERM | Target: SUP2 | Affects: ['ALL']
        WeltTraceDMG | DMG% | Stacks: 1 | Value: 0.144 | Remaining Turns: 1 | TickDown: SUP2, PERM | Target: SUP2 | Affects: ['ALL']
        KeelCD(SUS) | CD% | Stacks: 1 | Value: 0.100 | Remaining Turns: 1 | TickDown: SUP2, PERM | Target: SUP2 | Affects: ['ALL']
        WeltTalent3ATK | ATK% | Stacks: 1 | Value: 0.800 | Remaining Turns: 1 | TickDown: SUP2, PERM | Target: SUP2 | Affects: ['ALL']
        WarriorGoddessHealCD | CD% | Stacks: 1 | Value: 0.150 | Remaining Turns: 1 | TickDown: SUP2, START | Target: SUP2 | Affects: ['ALL']
        ----------End of Buff List----------
        ----------Enemy Debuffs----------
        WeltSpdDebuff | From: SUP2 | SPD% | Stacks: 1 | Value: -0.100 | Remaining Turns: 2 | Target: 1 | Targeting: ST | Affects: ['ALL'] | DOT: False | Blast: False
        WeltWeightlessSPD | From: SUP2 | SPD% | Stacks: 1 | Value: -0.050 | Remaining Turns: 1 | Target: 1 | Targeting: ST | Affects: ['ALL'] | DOT: False | Blast: False
        WeltWeightlessShred | From: SUP2 | SHRED | Stacks: 1 | Value: 0.400 | Remaining Turns: 1 | Target: 1 | Targeting: ST | Affects: ['ALL'] | DOT: False | Blast: False
        Enemy 1 WIN-break | From: DPS | WINDSHEAR | Stacks: 1 | Value: 12621.002 | Remaining Turns: 2 | Target: 1 | Targeting: ST | Affects: ['ALL'] | DOT: True | Blast: False
        ResoShred(SUP2) | From: SUP2 | SHRED | Stacks: 1 | Value: 0.160 | Remaining Turns: 1 | Target: 1 | Targeting: ST | Affects: ['ALL'] | DOT: False | Blast: False
        ----------End of Debuff List----------
        ----------Healing List----------
        ----------End of Healing List----------
        ----------Shields List----------
        ----------End of Shields List----------
    GAUGE  - Enemy 1 toughness reduced by 0.000
    RESULT - WeltSlowedAdditionalDMG | Welt | SUP2 | DMG: 2966.378 | ELADMG: 0.000 | Enemies Hit: [1] | Enemies Broken: [] | WB DMG: 0.000 | Energy: 0.000 | Amount HP Healed: 0.000 | Amount HP Lost: 0.000 | Welt Energy: 42/120 | SP: 0 | MaxSP: 5)
    TURN   - WeltSkillExtra | Welt | SUP2 | ST attack | ['IMG'] | ['SKL'] | Scaling: ATK | TargetID: 1 | DMG/BREAK Splits: [0.72, 0]/[10, 0] | Energy Gained: 6 | SP Change: 0

        ----------Char Buffs----------
        GilgameshTrace3ATK | ATK% | Stacks: 1 | Value: 0.200 | Remaining Turns: 1 | TickDown: SUP2, PERM | Target: SUP2 | Affects: ['ALL']
        GilgameshTrace3CD | CD% | Stacks: 1 | Value: 0.200 | Remaining Turns: 1 | TickDown: SUP2, PERM | Target: SUP2 | Affects: ['ALL']
        MasterSmithHP | HP% | Stacks: 1 | Value: 0.120 | Remaining Turns: 1 | TickDown: SUP2, PERM | Target: SUP2 | Affects: ['ALL']
        LushakaERR | ERR% | Stacks: 1 | Value: 0.050 | Remaining Turns: 1 | TickDown: SUP2, PERM | Target: SUP2 | Affects: ['ALL']
        WeltTraceERS | ERS% | Stacks: 1 | Value: 0.100 | Remaining Turns: 1 | TickDown: SUP2, PERM | Target: SUP2 | Affects: ['ALL']
        WeltTraceEHR | EHR% | Stacks: 1 | Value: 0.280 | Remaining Turns: 1 | TickDown: SUP2, PERM | Target: SUP2 | Affects: ['ALL']
        WeltTraceDMG | DMG% | Stacks: 1 | Value: 0.144 | Remaining Turns: 1 | TickDown: SUP2, PERM | Target: SUP2 | Affects: ['ALL']
        KeelCD(SUS) | CD% | Stacks: 1 | Value: 0.100 | Remaining Turns: 1 | TickDown: SUP2, PERM | Target: SUP2 | Affects: ['ALL']
        WeltTalent3ATK | ATK% | Stacks: 1 | Value: 0.800 | Remaining Turns: 1 | TickDown: SUP2, PERM | Target: SUP2 | Affects: ['ALL']
        WarriorGoddessHealCD | CD% | Stacks: 1 | Value: 0.150 | Remaining Turns: 1 | TickDown: SUP2, START | Target: SUP2 | Affects: ['ALL']
        ----------End of Buff List----------
        ----------Enemy Debuffs----------
        WeltSpdDebuff | From: SUP2 | SPD% | Stacks: 1 | Value: -0.100 | Remaining Turns: 2 | Target: 1 | Targeting: ST | Affects: ['ALL'] | DOT: False | Blast: False
        WeltWeightlessSPD | From: SUP2 | SPD% | Stacks: 1 | Value: -0.050 | Remaining Turns: 1 | Target: 1 | Targeting: ST | Affects: ['ALL'] | DOT: False | Blast: False
        WeltWeightlessShred | From: SUP2 | SHRED | Stacks: 1 | Value: 0.400 | Remaining Turns: 1 | Target: 1 | Targeting: ST | Affects: ['ALL'] | DOT: False | Blast: False
        Enemy 1 WIN-break | From: DPS | WINDSHEAR | Stacks: 1 | Value: 12621.002 | Remaining Turns: 2 | Target: 1 | Targeting: ST | Affects: ['ALL'] | DOT: True | Blast: False
        ResoShred(SUP2) | From: SUP2 | SHRED | Stacks: 1 | Value: 0.160 | Remaining Turns: 1 | Target: 1 | Targeting: ST | Affects: ['ALL'] | DOT: False | Blast: False
        ----------End of Debuff List----------
        ----------Healing List----------
        ----------End of Healing List----------
        ----------Shields List----------
        ----------End of Shields List----------
    GAUGE  - Enemy 1 toughness reduced by 0.000
    RESULT - WeltSkillExtra | Welt | SUP2 | DMG: 2135.792 | ELADMG: 0.000 | Enemies Hit: [1] | Enemies Broken: [] | WB DMG: 0.000 | Energy: 7.466 | Amount HP Healed: 0.000 | Amount HP Lost: 0.000 | Welt Energy: 50/120 | SP: 0 | MaxSP: 5)
    TURN   - WeltSlowedAdditionalDMG | Welt | SUP2 | ST attack | ['IMG'] | ['ADD'] | Scaling: ATK | TargetID: 1 | DMG/BREAK Splits: [1.0, 0]/[0, 0] | Energy Gained: 0 | SP Change: 0

        ----------Char Buffs----------
        GilgameshTrace3ATK | ATK% | Stacks: 1 | Value: 0.200 | Remaining Turns: 1 | TickDown: SUP2, PERM | Target: SUP2 | Affects: ['ALL']
        GilgameshTrace3CD | CD% | Stacks: 1 | Value: 0.200 | Remaining Turns: 1 | TickDown: SUP2, PERM | Target: SUP2 | Affects: ['ALL']
        MasterSmithHP | HP% | Stacks: 1 | Value: 0.120 | Remaining Turns: 1 | TickDown: SUP2, PERM | Target: SUP2 | Affects: ['ALL']
        LushakaERR | ERR% | Stacks: 1 | Value: 0.050 | Remaining Turns: 1 | TickDown: SUP2, PERM | Target: SUP2 | Affects: ['ALL']
        WeltTraceERS | ERS% | Stacks: 1 | Value: 0.100 | Remaining Turns: 1 | TickDown: SUP2, PERM | Target: SUP2 | Affects: ['ALL']
        WeltTraceEHR | EHR% | Stacks: 1 | Value: 0.280 | Remaining Turns: 1 | TickDown: SUP2, PERM | Target: SUP2 | Affects: ['ALL']
        WeltTraceDMG | DMG% | Stacks: 1 | Value: 0.144 | Remaining Turns: 1 | TickDown: SUP2, PERM | Target: SUP2 | Affects: ['ALL']
        KeelCD(SUS) | CD% | Stacks: 1 | Value: 0.100 | Remaining Turns: 1 | TickDown: SUP2, PERM | Target: SUP2 | Affects: ['ALL']
        WeltTalent3ATK | ATK% | Stacks: 1 | Value: 0.800 | Remaining Turns: 1 | TickDown: SUP2, PERM | Target: SUP2 | Affects: ['ALL']
        WarriorGoddessHealCD | CD% | Stacks: 1 | Value: 0.150 | Remaining Turns: 1 | TickDown: SUP2, START | Target: SUP2 | Affects: ['ALL']
        ----------End of Buff List----------
        ----------Enemy Debuffs----------
        WeltSpdDebuff | From: SUP2 | SPD% | Stacks: 1 | Value: -0.100 | Remaining Turns: 2 | Target: 1 | Targeting: ST | Affects: ['ALL'] | DOT: False | Blast: False
        WeltWeightlessSPD | From: SUP2 | SPD% | Stacks: 1 | Value: -0.050 | Remaining Turns: 1 | Target: 1 | Targeting: ST | Affects: ['ALL'] | DOT: False | Blast: False
        WeltWeightlessShred | From: SUP2 | SHRED | Stacks: 1 | Value: 0.400 | Remaining Turns: 1 | Target: 1 | Targeting: ST | Affects: ['ALL'] | DOT: False | Blast: False
        Enemy 1 WIN-break | From: DPS | WINDSHEAR | Stacks: 1 | Value: 12621.002 | Remaining Turns: 2 | Target: 1 | Targeting: ST | Affects: ['ALL'] | DOT: True | Blast: False
        ResoShred(SUP2) | From: SUP2 | SHRED | Stacks: 1 | Value: 0.160 | Remaining Turns: 1 | Target: 1 | Targeting: ST | Affects: ['ALL'] | DOT: False | Blast: False
        ----------End of Debuff List----------
        ----------Healing List----------
        ----------End of Healing List----------
        ----------Shields List----------
        ----------End of Shields List----------
    GAUGE  - Enemy 1 toughness reduced by 0.000
    RESULT - WeltSlowedAdditionalDMG | Welt | SUP2 | DMG: 2966.378 | ELADMG: 0.000 | Enemies Hit: [1] | Enemies Broken: [] | WB DMG: 0.000 | Energy: 0.000 | Amount HP Healed: 0.000 | Amount HP Lost: 0.000 | Welt Energy: 50/120 | SP: 0 | MaxSP: 5)
    TURN   - WeltAdditionalDMG | Welt | SUP2 | ST attack | ['IMG'] | ['ADD'] | Scaling: ATK | TargetID: 1 | DMG/BREAK Splits: [0.864, 0]/[0, 0] | Energy Gained: 0 | SP Change: 0

        ----------Char Buffs----------
        GilgameshTrace3ATK | ATK% | Stacks: 1 | Value: 0.200 | Remaining Turns: 1 | TickDown: SUP2, PERM | Target: SUP2 | Affects: ['ALL']
        GilgameshTrace3CD | CD% | Stacks: 1 | Value: 0.200 | Remaining Turns: 1 | TickDown: SUP2, PERM | Target: SUP2 | Affects: ['ALL']
        MasterSmithHP | HP% | Stacks: 1 | Value: 0.120 | Remaining Turns: 1 | TickDown: SUP2, PERM | Target: SUP2 | Affects: ['ALL']
        LushakaERR | ERR% | Stacks: 1 | Value: 0.050 | Remaining Turns: 1 | TickDown: SUP2, PERM | Target: SUP2 | Affects: ['ALL']
        WeltTraceERS | ERS% | Stacks: 1 | Value: 0.100 | Remaining Turns: 1 | TickDown: SUP2, PERM | Target: SUP2 | Affects: ['ALL']
        WeltTraceEHR | EHR% | Stacks: 1 | Value: 0.280 | Remaining Turns: 1 | TickDown: SUP2, PERM | Target: SUP2 | Affects: ['ALL']
        WeltTraceDMG | DMG% | Stacks: 1 | Value: 0.144 | Remaining Turns: 1 | TickDown: SUP2, PERM | Target: SUP2 | Affects: ['ALL']
        KeelCD(SUS) | CD% | Stacks: 1 | Value: 0.100 | Remaining Turns: 1 | TickDown: SUP2, PERM | Target: SUP2 | Affects: ['ALL']
        WeltTalent3ATK | ATK% | Stacks: 1 | Value: 0.800 | Remaining Turns: 1 | TickDown: SUP2, PERM | Target: SUP2 | Affects: ['ALL']
        WarriorGoddessHealCD | CD% | Stacks: 1 | Value: 0.150 | Remaining Turns: 1 | TickDown: SUP2, START | Target: SUP2 | Affects: ['ALL']
        ----------End of Buff List----------
        ----------Enemy Debuffs----------
        WeltSpdDebuff | From: SUP2 | SPD% | Stacks: 1 | Value: -0.100 | Remaining Turns: 2 | Target: 1 | Targeting: ST | Affects: ['ALL'] | DOT: False | Blast: False
        WeltWeightlessSPD | From: SUP2 | SPD% | Stacks: 1 | Value: -0.050 | Remaining Turns: 1 | Target: 1 | Targeting: ST | Affects: ['ALL'] | DOT: False | Blast: False
        WeltWeightlessShred | From: SUP2 | SHRED | Stacks: 1 | Value: 0.400 | Remaining Turns: 1 | Target: 1 | Targeting: ST | Affects: ['ALL'] | DOT: False | Blast: False
        Enemy 1 WIN-break | From: DPS | WINDSHEAR | Stacks: 1 | Value: 12621.002 | Remaining Turns: 2 | Target: 1 | Targeting: ST | Affects: ['ALL'] | DOT: True | Blast: False
        ResoShred(SUP2) | From: SUP2 | SHRED | Stacks: 1 | Value: 0.160 | Remaining Turns: 1 | Target: 1 | Targeting: ST | Affects: ['ALL'] | DOT: False | Blast: False
        ----------End of Debuff List----------
        ----------Healing List----------
        ----------End of Healing List----------
        ----------Shields List----------
        ----------End of Shields List----------
    GAUGE  - Enemy 1 toughness reduced by 0.000
    RESULT - WeltAdditionalDMG | Welt | SUP2 | DMG: 2562.951 | ELADMG: 0.000 | Enemies Hit: [1] | Enemies Broken: [] | WB DMG: 0.000 | Energy: 0.000 | Amount HP Healed: 0.000 | Amount HP Lost: 0.000 | Welt Energy: 50/120 | SP: 0 | MaxSP: 5)
    TURN   - HuoHuoAllyERR | HuoHuo | SUS | NA attack | ['WIN'] | ['SPECIAL'] | Scaling: HP | TargetID: 1 | DMG/BREAK Splits: [0, 0]/[0, 0] | Energy Gained: 1 | SP Change: 0

        ----------Char Buffs----------
        GilgameshTrace3ATK | ATK% | Stacks: 1 | Value: 0.200 | Remaining Turns: 1 | TickDown: SUS, PERM | Target: SUS | Affects: ['ALL']
        GilgameshTrace3CD | CD% | Stacks: 1 | Value: 0.200 | Remaining Turns: 1 | TickDown: SUS, PERM | Target: SUS | Affects: ['ALL']
        PostOpERR | ERR% | Stacks: 1 | Value: 0.160 | Remaining Turns: 1 | TickDown: SUS, PERM | Target: SUS | Affects: ['ALL']
        WarriorGoddessSPD | SPD% | Stacks: 1 | Value: 0.060 | Remaining Turns: 1 | TickDown: SUS, PERM | Target: SUS | Affects: ['ALL']
        KeelEFFRES | ERS% | Stacks: 1 | Value: 0.100 | Remaining Turns: 1 | TickDown: SUS, PERM | Target: SUS | Affects: ['ALL']
        KeelCD(SUS) | CD% | Stacks: 1 | Value: 0.100 | Remaining Turns: 1 | TickDown: SUS, PERM | Target: SUS | Affects: ['ALL']
        HHTraceHP | HP% | Stacks: 1 | Value: 0.280 | Remaining Turns: 1 | TickDown: SUS, PERM | Target: SUS | Affects: ['ALL']
        HHTraceERS | ERS% | Stacks: 1 | Value: 0.180 | Remaining Turns: 1 | TickDown: SUS, PERM | Target: SUS | Affects: ['ALL']
        HHTraceSPD | SPD | Stacks: 1 | Value: 5.000 | Remaining Turns: 1 | TickDown: SUS, PERM | Target: SUS | Affects: ['ALL']
        WarriorGoddessHealSPD | SPD% | Stacks: 1 | Value: 0.060 | Remaining Turns: 2 | TickDown: SUS, START | Target: SUS | Affects: ['ALL']
        WarriorGoddessHealCD | CD% | Stacks: 1 | Value: 0.150 | Remaining Turns: 2 | TickDown: SUS, START | Target: SUS | Affects: ['ALL']
        ----------End of Buff List----------
        ----------Enemy Debuffs----------
        WeltSpdDebuff | From: SUP2 | SPD% | Stacks: 1 | Value: -0.100 | Remaining Turns: 2 | Target: 1 | Targeting: ST | Affects: ['ALL'] | DOT: False | Blast: False
        WeltWeightlessSPD | From: SUP2 | SPD% | Stacks: 1 | Value: -0.050 | Remaining Turns: 1 | Target: 1 | Targeting: ST | Affects: ['ALL'] | DOT: False | Blast: False
        WeltWeightlessShred | From: SUP2 | SHRED | Stacks: 1 | Value: 0.400 | Remaining Turns: 1 | Target: 1 | Targeting: ST | Affects: ['ALL'] | DOT: False | Blast: False
        Enemy 1 WIN-break | From: DPS | WINDSHEAR | Stacks: 1 | Value: 12621.002 | Remaining Turns: 2 | Target: 1 | Targeting: ST | Affects: ['ALL'] | DOT: True | Blast: False
        ResoShred(SUP2) | From: SUP2 | SHRED | Stacks: 1 | Value: 0.160 | Remaining Turns: 1 | Target: 1 | Targeting: ST | Affects: ['ALL'] | DOT: False | Blast: False
        ----------End of Debuff List----------
        ----------Healing List----------
        ----------End of Healing List----------
        ----------Shields List----------
        ----------End of Shields List----------
    GAUGE  - Enemy 1 toughness reduced by 0.000
    RESULT - HuoHuoAllyERR | HuoHuo | SUS | DMG: 0.000 | ELADMG: 0.000 | Enemies Hit: [1] | Enemies Broken: [] | WB DMG: 0.000 | Energy: 1.354 | Amount HP Healed: 0.000 | Amount HP Lost: 0.000 | HuoHuo Energy: 134/140 | SP: 0 | MaxSP: 5)
[WeltAllyBuff] allyTurn() invoked for attacker=Role.SUS, move=HuoHuoAllyERR
[WeltAllyBuff] allyTurn check: attacker=Role.SUS, turnName=HuoHuoAllyERR, dmg=0.0, elationDmg=0, enemiesHit=[1], weightlessTurns={0: 2, 1: 1, 2: 2}
[WeltAllyBuff] skipped: no damage on this turn
SPD    > Gilgamesh speed changed to 196.332 | NewAV: 20.295
AV     > Welt AV reset to 64.670 | 154.632 SPD
DELAY  > Enemy 1 delayed by 4.0% from WeltWeightlessDelay | NewAV: 35.385

<<< NEW TURN >>>
-   Enemy 0 AV: 0.000 ENERGY: 0.000 MaxHP: 2000000.000 CurrHp 893834.208 ShieldHP: 0.000
-   Enemy 2 AV: 0.000 ENERGY: 0.000 MaxHP: 2000000.000 CurrHp 893834.208 ShieldHP: 0.000
-   Gilgamesh AV: 0.388 ENERGY: 310.667 MaxHP: 3134.558 CurrHp 2793.691 ShieldHP: 0.000
-   Enemy 1 AV: 15.478 ENERGY: 0.000 MaxHP: 5000000.000 CurrHp 1867195.177 ShieldHP: 0.000
-   HuoHuo AV: 37.696 ENERGY: 134.085 MaxHP: 6139.808 CurrHp 6139.808 ShieldHP: 0.000
-   Welt AV: 44.763 ENERGY: 49.776 MaxHP: 3270.753 CurrHp 2967.221 ShieldHP: 0.000
-   Saber AV: 51.938 ENERGY: 122.333 MaxHP: 3366.991 CurrHp 3024.273 ShieldHP: 0.000

Combat context set: 3 enemies, 4 players
Combat context initialized: 3 enemies, Elation team size: 0
ACTION > [ENEMY] TotalAV: 278.585 | TurnAV: 19.907 | Enemy 0 | 1 attacks
    CharEnergy - Saber: Hit 0.000 Total: 122.333 | Gilgamesh: Hit 6.667 Total: 317.333 | Welt: Hit 10.000 Total: 62.220 | HuoHuo: Hit 6.667 Total: 140.000 |
    ENEMY  - Enemy 0 [aoe] dealt 337.5 to Welt (energy: 3.3, DEF: 1296, atkMul: 1.00, dmgMul: 1.00) | Shield Absorbed: 0.0 | HP Lost: 337.5 | HP: 2630/3271 | Shield HP: 0
    ENEMY  - Enemy 0 [aoe] dealt 280.5 to Gilgamesh (energy: 3.3, DEF: 1794, atkMul: 1.00, dmgMul: 1.00) | Shield Absorbed: 0.0 | HP Lost: 280.5 | HP: 2513/3135 | Shield HP: 0
    ENEMY  - Enemy 0 [aoe] dealt 231.9 to HuoHuo (energy: 3.3, DEF: 2410, atkMul: 1.00, dmgMul: 1.00) | Shield Absorbed: 0.0 | HP Lost: 231.9 | HP: 5908/6140 | Shield HP: 0
    ENEMY  - Enemy 0 [aoe] dealt 337.5 to Welt (energy: 3.3, DEF: 1296, atkMul: 1.00, dmgMul: 1.00) | Shield Absorbed: 0.0 | HP Lost: 337.5 | HP: 2292/3271 | Shield HP: 0
    ENEMY  - Enemy 0 [aoe] dealt 280.5 to Gilgamesh (energy: 3.3, DEF: 1794, atkMul: 1.00, dmgMul: 1.00) | Shield Absorbed: 0.0 | HP Lost: 280.5 | HP: 2233/3135 | Shield HP: 0
    ENEMY  - Enemy 0 [aoe] dealt 231.9 to HuoHuo (energy: 3.3, DEF: 2410, atkMul: 1.00, dmgMul: 1.00) | Shield Absorbed: 0.0 | HP Lost: 231.9 | HP: 5676/6140 | Shield HP: 0
    ENEMY  - Enemy 0 [aoe] dealt 337.5 to Welt (energy: 3.3, DEF: 1296, atkMul: 1.00, dmgMul: 1.00) | Shield Absorbed: 0.0 | HP Lost: 337.5 | HP: 1955/3271 | Shield HP: 0
    DEBUFF - Enemy 0 took 7542.432 Debuff damage from Enemy 0 WIN-break
ULT    > HuoHuo used their ultimate
    TURN   - HuoHuoUlt | HuoHuo | SUS | NA attack | ['WIN'] | ['ULT'] | Scaling: HP | TargetID: -1 | DMG/BREAK Splits: [0, 0]/[0, 0] | Energy Gained: 5 | SP Change: 0

        ----------Char Buffs----------
        GilgameshTrace3ATK | ATK% | Stacks: 1 | Value: 0.200 | Remaining Turns: 1 | TickDown: SUS, PERM | Target: SUS | Affects: ['ALL']
        GilgameshTrace3CD | CD% | Stacks: 1 | Value: 0.200 | Remaining Turns: 1 | TickDown: SUS, PERM | Target: SUS | Affects: ['ALL']
        PostOpERR | ERR% | Stacks: 1 | Value: 0.160 | Remaining Turns: 1 | TickDown: SUS, PERM | Target: SUS | Affects: ['ALL']
        PostOpOGH | OGH% | Stacks: 1 | Value: 0.240 | Remaining Turns: 1 | TickDown: SUS, PERM | Target: SUS | Affects: ['ULT']
        WarriorGoddessSPD | SPD% | Stacks: 1 | Value: 0.060 | Remaining Turns: 1 | TickDown: SUS, PERM | Target: SUS | Affects: ['ALL']
        KeelEFFRES | ERS% | Stacks: 1 | Value: 0.100 | Remaining Turns: 1 | TickDown: SUS, PERM | Target: SUS | Affects: ['ALL']
        KeelCD(SUS) | CD% | Stacks: 1 | Value: 0.100 | Remaining Turns: 1 | TickDown: SUS, PERM | Target: SUS | Affects: ['ALL']
        HHTraceHP | HP% | Stacks: 1 | Value: 0.280 | Remaining Turns: 1 | TickDown: SUS, PERM | Target: SUS | Affects: ['ALL']
        HHTraceERS | ERS% | Stacks: 1 | Value: 0.180 | Remaining Turns: 1 | TickDown: SUS, PERM | Target: SUS | Affects: ['ALL']
        HHTraceSPD | SPD | Stacks: 1 | Value: 5.000 | Remaining Turns: 1 | TickDown: SUS, PERM | Target: SUS | Affects: ['ALL']
        WarriorGoddessHealSPD | SPD% | Stacks: 1 | Value: 0.060 | Remaining Turns: 2 | TickDown: SUS, START | Target: SUS | Affects: ['ALL']
        WarriorGoddessHealCD | CD% | Stacks: 1 | Value: 0.150 | Remaining Turns: 2 | TickDown: SUS, START | Target: SUS | Affects: ['ALL']
        ----------End of Buff List----------
        ----------Enemy Debuffs----------
        ----------End of Debuff List----------
        ----------Healing List----------
        ----------End of Healing List----------
        ----------Shields List----------
        ----------End of Shields List----------
    GAUGE  - Enemy 1 toughness reduced by 0.000
    RESULT - HuoHuoUlt | HuoHuo | SUS | DMG: 0.000 | ELADMG: 0.000 | Enemies Hit: [1] | Enemies Broken: [] | WB DMG: 0.000 | Energy: 6.772 | Amount HP Healed: 0.000 | Amount HP Lost: 0.000 | HuoHuo Energy: 7/140 | SP: 0 | MaxSP: 5)
Saber got 3 Core Resonance from Talent, Current Count: 6
Gilgamesh Obtained 2 Interest from Teammate Ult, Current count: 8
Gilgamesh Obtained 42.0 Energy from Teammate
[WeltAllyBuff] allyTurn() invoked for attacker=Role.SUS, move=HuoHuoUlt
[WeltAllyBuff] allyTurn check: attacker=Role.SUS, turnName=HuoHuoUlt, dmg=0.0, elationDmg=0, enemiesHit=[1], weightlessTurns={0: 2, 1: 1, 2: 2}
[WeltAllyBuff] skipped: no damage on this turn
ERR    > 72.000 energy added to Saber from HuoHuoERR | Saber Energy: 194.333
ERR    > 72.000 energy added to Gilgamesh from HuoHuoERR | Gilgamesh Energy: 360.000
ERR    > 24.000 energy added to Welt from HuoHuoERR | Welt Energy: 86.220
ERR    > 42.000 energy added to Gilgamesh from GilgameshTrace1ERRAlly3 | Gilgamesh Energy: 360.000
        Debuff ResoShred(SUP2) expired
        Debuff WeltImprisonSPD expired
ULT    > Gilgamesh used their ultimate
Gilgamesh Obtained 2 Interest from Ult, Current count: 10
Gilgamesh JointCounter increased by one, current count: 5
    TURN   - GilgameshUltAll | Gilgamesh | SUP1 | AOE attack | ['LNG'] | ['ULT'] | Scaling: ATK | TargetID: 1 | DMG/BREAK Splits: [4.0, 0]/[40, 0] | Energy Gained: 0 | SP Change: 0

        ----------Char Buffs----------
        ScholarCR | CR% | Stacks: 1 | Value: 0.080 | Remaining Turns: 1 | TickDown: SUP1, PERM | Target: SUP1 | Affects: ['ALL']
        ScholarDMG | DMG% | Stacks: 1 | Value: 0.200 | Remaining Turns: 1 | TickDown: SUP1, PERM | Target: SUP1 | Affects: ['SKL', 'ULT']
        GilgameshTraceATK | ATK | Stacks: 1 | Value: 0.180 | Remaining Turns: 1 | TickDown: SUP1, PERM | Target: SUP1 | Affects: ['ALL']
        GilgameshTraceCR | CR% | Stacks: 1 | Value: 0.187 | Remaining Turns: 1 | TickDown: SUP1, PERM | Target: SUP1 | Affects: ['ALL']
        GilgameshTraceDMG | DMG% | Stacks: 1 | Value: 0.080 | Remaining Turns: 1 | TickDown: SUP1, PERM | Target: SUP1 | Affects: ['ALL']
        GilgameshTrace3ATK | ATK% | Stacks: 1 | Value: 0.200 | Remaining Turns: 1 | TickDown: SUP1, PERM | Target: SUP1 | Affects: ['ALL']
        GilgameshTrace3CD | CD% | Stacks: 1 | Value: 0.200 | Remaining Turns: 1 | TickDown: SUP1, PERM | Target: SUP1 | Affects: ['ALL']
        GilgameshTrace3SelfATK | ATK% | Stacks: 1 | Value: 1.000 | Remaining Turns: 1 | TickDown: SUP1, PERM | Target: SUP1 | Affects: ['ALL']
        GilgameshTrace3SelfCD | CD% | Stacks: 1 | Value: 1.000 | Remaining Turns: 1 | TickDown: SUP1, PERM | Target: SUP1 | Affects: ['ALL']
        KeelCD(SUS) | CD% | Stacks: 1 | Value: 0.100 | Remaining Turns: 1 | TickDown: SUP1, PERM | Target: SUP1 | Affects: ['ALL']
        CosmicLifeDMG | DMG% | Stacks: 1 | Value: 0.320 | Remaining Turns: 1 | TickDown: SUP1, PERM | Target: SUP1 | Affects: ['ALL']
        Trace2CDExtra | CD% | Stacks: 1 | Value: 1.500 | Remaining Turns: 1 | TickDown: SUP1, PERM | Target: SUP1 | Affects: ['ALL']
        GilgameshInterestSPD | SPD% | Stacks: 1 | Value: 0.800 | Remaining Turns: 1 | TickDown: SUP2, PERM | Target: SUP1 | Affects: ['ALL']
        GilgameshUltDmg | DMG% | Stacks: 1 | Value: 0.400 | Remaining Turns: 3 | TickDown: SUP1, END | Target: SUP1 | Affects: ['ULT']
        AeonATK | ATK% | Stacks: 1 | Value: 0.640 | Remaining Turns: 1 | TickDown: SUP1, PERM | Target: SUP1 | Affects: ['ALL']
        WeltAllyWeightlessDMG | DMG% | Stacks: 7 | Value: 0.700 | Remaining Turns: 1 | TickDown: SUP1, END | Target: SUP1 | Affects: ['ALL']
        GilgameshSKLShred | SHRED | Stacks: 1 | Value: 0.300 | Remaining Turns: 2 | TickDown: SUP1, END | Target: SUP1 | Affects: ['ALL']
        WarriorGoddessHealCD | CD% | Stacks: 1 | Value: 0.150 | Remaining Turns: 2 | TickDown: SUP1, START | Target: SUP1 | Affects: ['ALL']
        HuoHuoUltATK | ATK% | Stacks: 1 | Value: 0.400 | Remaining Turns: 2 | TickDown: SUP1, END | Target: SUP1 | Affects: ['ALL']
        HuoHuoUltExtraATK | ATK% | Stacks: 1 | Value: 0.240 | Remaining Turns: 2 | TickDown: SUP1, END | Target: SUP1 | Affects: ['ALL']
        ----------End of Buff List----------
        ----------Enemy Debuffs----------
        WeltSpdDebuff | From: SUP2 | SPD% | Stacks: 1 | Value: -0.100 | Remaining Turns: 2 | Target: 1 | Targeting: ST | Affects: ['ALL'] | DOT: False | Blast: False
        WeltWeightlessSPD | From: SUP2 | SPD% | Stacks: 1 | Value: -0.050 | Remaining Turns: 1 | Target: 1 | Targeting: ST | Affects: ['ALL'] | DOT: False | Blast: False
        WeltWeightlessShred | From: SUP2 | SHRED | Stacks: 1 | Value: 0.400 | Remaining Turns: 1 | Target: 1 | Targeting: ST | Affects: ['ALL'] | DOT: False | Blast: False
        Enemy 1 WIN-break | From: DPS | WINDSHEAR | Stacks: 1 | Value: 12621.002 | Remaining Turns: 2 | Target: 1 | Targeting: ST | Affects: ['ALL'] | DOT: True | Blast: False
        ResoShred(SUP2) | From: SUP2 | SHRED | Stacks: 1 | Value: 0.160 | Remaining Turns: 1 | Target: 1 | Targeting: ST | Affects: ['ALL'] | DOT: False | Blast: False
        ----------End of Debuff List----------
        ----------Healing List----------
        ----------End of Healing List----------
        ----------Shields List----------
        ----------End of Shields List----------
    GAUGE  - Enemy 0 toughness reduced by 0.000
    GAUGE  - Enemy 1 toughness reduced by 0.000
    GAUGE  - Enemy 2 toughness reduced by 0.000
    RESULT - GilgameshUltAll | Gilgamesh | SUP1 | DMG: 624561.336 | ELADMG: 0.000 | Enemies Hit: [0, 1, 2] | Enemies Broken: [] | WB DMG: 0.000 | Energy: 0.000 | Amount HP Healed: 0.000 | Amount HP Lost: 0.000 | Gilgamesh Energy: 0/360 | SP: 0 | MaxSP: 5)
Saber got 3 Core Resonance from Talent, Current Count: 9
[WeltAllyBuff] allyTurn() invoked for attacker=Role.SUP1, move=GilgameshUltAll
[WeltAllyBuff] allyTurn check: attacker=Role.SUP1, turnName=GilgameshUltAll, dmg=624561.3364217074, elationDmg=0, enemiesHit=[0, 1, 2], weightlessTurns={0: 2, 1: 1, 2: 2}
[WeltAllyBuff] TRIGGERED - granting WeltAllyWeightlessDMG
    TURN   - GilgameshUltSingle | Gilgamesh | SUP1 | ST attack | ['LNG'] | ['ULT'] | Scaling: ATK | TargetID: 1 | DMG/BREAK Splits: [10.0, 0]/[20, 0] | Energy Gained: 5 | SP Change: 0

        ----------Char Buffs----------
        ScholarCR | CR% | Stacks: 1 | Value: 0.080 | Remaining Turns: 1 | TickDown: SUP1, PERM | Target: SUP1 | Affects: ['ALL']
        ScholarDMG | DMG% | Stacks: 1 | Value: 0.200 | Remaining Turns: 1 | TickDown: SUP1, PERM | Target: SUP1 | Affects: ['SKL', 'ULT']
        GilgameshTraceATK | ATK | Stacks: 1 | Value: 0.180 | Remaining Turns: 1 | TickDown: SUP1, PERM | Target: SUP1 | Affects: ['ALL']
        GilgameshTraceCR | CR% | Stacks: 1 | Value: 0.187 | Remaining Turns: 1 | TickDown: SUP1, PERM | Target: SUP1 | Affects: ['ALL']
        GilgameshTraceDMG | DMG% | Stacks: 1 | Value: 0.080 | Remaining Turns: 1 | TickDown: SUP1, PERM | Target: SUP1 | Affects: ['ALL']
        GilgameshTrace3ATK | ATK% | Stacks: 1 | Value: 0.200 | Remaining Turns: 1 | TickDown: SUP1, PERM | Target: SUP1 | Affects: ['ALL']
        GilgameshTrace3CD | CD% | Stacks: 1 | Value: 0.200 | Remaining Turns: 1 | TickDown: SUP1, PERM | Target: SUP1 | Affects: ['ALL']
        GilgameshTrace3SelfATK | ATK% | Stacks: 1 | Value: 1.000 | Remaining Turns: 1 | TickDown: SUP1, PERM | Target: SUP1 | Affects: ['ALL']
        GilgameshTrace3SelfCD | CD% | Stacks: 1 | Value: 1.000 | Remaining Turns: 1 | TickDown: SUP1, PERM | Target: SUP1 | Affects: ['ALL']
        KeelCD(SUS) | CD% | Stacks: 1 | Value: 0.100 | Remaining Turns: 1 | TickDown: SUP1, PERM | Target: SUP1 | Affects: ['ALL']
        CosmicLifeDMG | DMG% | Stacks: 1 | Value: 0.320 | Remaining Turns: 1 | TickDown: SUP1, PERM | Target: SUP1 | Affects: ['ALL']
        Trace2CDExtra | CD% | Stacks: 1 | Value: 1.500 | Remaining Turns: 1 | TickDown: SUP1, PERM | Target: SUP1 | Affects: ['ALL']
        GilgameshInterestSPD | SPD% | Stacks: 1 | Value: 1.000 | Remaining Turns: 1 | TickDown: SUP2, PERM | Target: SUP1 | Affects: ['ALL']
        GilgameshUltDmg | DMG% | Stacks: 1 | Value: 0.400 | Remaining Turns: 3 | TickDown: SUP1, END | Target: SUP1 | Affects: ['ULT']
        AeonATK | ATK% | Stacks: 1 | Value: 0.640 | Remaining Turns: 1 | TickDown: SUP1, PERM | Target: SUP1 | Affects: ['ALL']
        WeltAllyWeightlessDMG | DMG% | Stacks: 8 | Value: 0.800 | Remaining Turns: 2 | TickDown: SUP1, END | Target: SUP1 | Affects: ['ALL']
        GilgameshSKLShred | SHRED | Stacks: 1 | Value: 0.300 | Remaining Turns: 2 | TickDown: SUP1, END | Target: SUP1 | Affects: ['ALL']
        WarriorGoddessHealCD | CD% | Stacks: 1 | Value: 0.150 | Remaining Turns: 2 | TickDown: SUP1, START | Target: SUP1 | Affects: ['ALL']
        HuoHuoUltATK | ATK% | Stacks: 1 | Value: 0.400 | Remaining Turns: 2 | TickDown: SUP1, END | Target: SUP1 | Affects: ['ALL']
        HuoHuoUltExtraATK | ATK% | Stacks: 1 | Value: 0.240 | Remaining Turns: 2 | TickDown: SUP1, END | Target: SUP1 | Affects: ['ALL']
        ----------End of Buff List----------
        ----------Enemy Debuffs----------
        WeltSpdDebuff | From: SUP2 | SPD% | Stacks: 1 | Value: -0.100 | Remaining Turns: 2 | Target: 1 | Targeting: ST | Affects: ['ALL'] | DOT: False | Blast: False
        WeltWeightlessSPD | From: SUP2 | SPD% | Stacks: 1 | Value: -0.050 | Remaining Turns: 1 | Target: 1 | Targeting: ST | Affects: ['ALL'] | DOT: False | Blast: False
        WeltWeightlessShred | From: SUP2 | SHRED | Stacks: 1 | Value: 0.400 | Remaining Turns: 1 | Target: 1 | Targeting: ST | Affects: ['ALL'] | DOT: False | Blast: False
        Enemy 1 WIN-break | From: DPS | WINDSHEAR | Stacks: 1 | Value: 12621.002 | Remaining Turns: 2 | Target: 1 | Targeting: ST | Affects: ['ALL'] | DOT: True | Blast: False
        ResoShred(SUP2) | From: SUP2 | SHRED | Stacks: 1 | Value: 0.160 | Remaining Turns: 1 | Target: 1 | Targeting: ST | Affects: ['ALL'] | DOT: False | Blast: False
        ----------End of Debuff List----------
        ----------Healing List----------
        HuoHuoTalentHealingScaling | Targeting: Targeting.SINGLE | Healing Value: [0] | Target: ALL
        HuoHuoTalentHealingScaling | Targeting: Targeting.SINGLE | Healing Value: [0] | Target: ALL
        HuoHuoTalentHealingScaling | Targeting: Targeting.SINGLE | Healing Value: [0.045] | Target: ALL
        HuoHuoTalentHealingScaling | Targeting: Targeting.SINGLE | Healing Value: [0] | Target: ALL
        HuoHuoTalentHealingFlat | Targeting: Targeting.SINGLE | Healing Value: [0] | Target: ALL
        HuoHuoTalentHealingFlat | Targeting: Targeting.SINGLE | Healing Value: [0] | Target: ALL
        HuoHuoTalentHealingFlat | Targeting: Targeting.SINGLE | Healing Value: [120] | Target: ALL
        HuoHuoTalentHealingFlat | Targeting: Targeting.SINGLE | Healing Value: [0] | Target: ALL
        ----------End of Healing List----------
        ----------Shields List----------
        ----------End of Shields List----------
    GAUGE  - Enemy 1 toughness reduced by 0.000
    RESULT - GilgameshUltSingle | Gilgamesh | SUP1 | DMG: 580491.533 | ELADMG: 0.000 | Enemies Hit: [1] | Enemies Broken: [] | WB DMG: 0.000 | Energy: 5.000 | Amount HP Healed: 438.089 | Amount HP Lost: 0.000 | Gilgamesh Energy: 5/360 | SP: 0 | MaxSP: 5)
[WeltAllyBuff] allyTurn() invoked for attacker=Role.SUP1, move=GilgameshUltSingle
[WeltAllyBuff] allyTurn check: attacker=Role.SUP1, turnName=GilgameshUltSingle, dmg=580491.5334498468, elationDmg=0, enemiesHit=[1], weightlessTurns={0: 2, 1: 1, 2: 2}
[WeltAllyBuff] TRIGGERED - granting WeltAllyWeightlessDMG
    TURN   - HuoHuoAllyERR | HuoHuo | SUS | NA attack | ['WIN'] | ['SPECIAL'] | Scaling: HP | TargetID: 1 | DMG/BREAK Splits: [0, 0]/[0, 0] | Energy Gained: 1 | SP Change: 0

        ----------Char Buffs----------
        GilgameshTrace3ATK | ATK% | Stacks: 1 | Value: 0.200 | Remaining Turns: 1 | TickDown: SUS, PERM | Target: SUS | Affects: ['ALL']
        GilgameshTrace3CD | CD% | Stacks: 1 | Value: 0.200 | Remaining Turns: 1 | TickDown: SUS, PERM | Target: SUS | Affects: ['ALL']
        PostOpERR | ERR% | Stacks: 1 | Value: 0.160 | Remaining Turns: 1 | TickDown: SUS, PERM | Target: SUS | Affects: ['ALL']
        WarriorGoddessSPD | SPD% | Stacks: 1 | Value: 0.060 | Remaining Turns: 1 | TickDown: SUS, PERM | Target: SUS | Affects: ['ALL']
        KeelEFFRES | ERS% | Stacks: 1 | Value: 0.100 | Remaining Turns: 1 | TickDown: SUS, PERM | Target: SUS | Affects: ['ALL']
        KeelCD(SUS) | CD% | Stacks: 1 | Value: 0.100 | Remaining Turns: 1 | TickDown: SUS, PERM | Target: SUS | Affects: ['ALL']
        HHTraceHP | HP% | Stacks: 1 | Value: 0.280 | Remaining Turns: 1 | TickDown: SUS, PERM | Target: SUS | Affects: ['ALL']
        HHTraceERS | ERS% | Stacks: 1 | Value: 0.180 | Remaining Turns: 1 | TickDown: SUS, PERM | Target: SUS | Affects: ['ALL']
        HHTraceSPD | SPD | Stacks: 1 | Value: 5.000 | Remaining Turns: 1 | TickDown: SUS, PERM | Target: SUS | Affects: ['ALL']
        WarriorGoddessHealSPD | SPD% | Stacks: 1 | Value: 0.060 | Remaining Turns: 2 | TickDown: SUS, START | Target: SUS | Affects: ['ALL']
        WarriorGoddessHealCD | CD% | Stacks: 1 | Value: 0.150 | Remaining Turns: 2 | TickDown: SUS, START | Target: SUS | Affects: ['ALL']
        ----------End of Buff List----------
        ----------Enemy Debuffs----------
        WeltSpdDebuff | From: SUP2 | SPD% | Stacks: 1 | Value: -0.100 | Remaining Turns: 2 | Target: 1 | Targeting: ST | Affects: ['ALL'] | DOT: False | Blast: False
        WeltWeightlessSPD | From: SUP2 | SPD% | Stacks: 1 | Value: -0.050 | Remaining Turns: 1 | Target: 1 | Targeting: ST | Affects: ['ALL'] | DOT: False | Blast: False
        WeltWeightlessShred | From: SUP2 | SHRED | Stacks: 1 | Value: 0.400 | Remaining Turns: 1 | Target: 1 | Targeting: ST | Affects: ['ALL'] | DOT: False | Blast: False
        Enemy 1 WIN-break | From: DPS | WINDSHEAR | Stacks: 1 | Value: 12621.002 | Remaining Turns: 2 | Target: 1 | Targeting: ST | Affects: ['ALL'] | DOT: True | Blast: False
        ResoShred(SUP2) | From: SUP2 | SHRED | Stacks: 1 | Value: 0.160 | Remaining Turns: 1 | Target: 1 | Targeting: ST | Affects: ['ALL'] | DOT: False | Blast: False
        ----------End of Debuff List----------
        ----------Healing List----------
        ----------End of Healing List----------
        ----------Shields List----------
        ----------End of Shields List----------
    GAUGE  - Enemy 1 toughness reduced by 0.000
    RESULT - HuoHuoAllyERR | HuoHuo | SUS | DMG: 0.000 | ELADMG: 0.000 | Enemies Hit: [1] | Enemies Broken: [] | WB DMG: 0.000 | Energy: 1.354 | Amount HP Healed: 0.000 | Amount HP Lost: 0.000 | HuoHuo Energy: 8/140 | SP: 0 | MaxSP: 5)
[WeltAllyBuff] allyTurn() invoked for attacker=Role.SUS, move=HuoHuoAllyERR
[WeltAllyBuff] allyTurn check: attacker=Role.SUS, turnName=HuoHuoAllyERR, dmg=0.0, elationDmg=0, enemiesHit=[1], weightlessTurns={0: 2, 1: 1, 2: 2}
[WeltAllyBuff] skipped: no damage on this turn
SPD    > Gilgamesh speed changed to 235.132 | NewAV: 0.324
AV     > Enemy 0 AV reset to 66.890 | 149.500 SPD
DELAY  > Enemy 0 delayed by 4.0% from WeltWeightlessDelay | NewAV: 69.565
DELAY  > Enemy 1 delayed by 4.0% from WeltWeightlessDelay | NewAV: 17.674
DELAY  > Enemy 2 delayed by 4.0% from WeltWeightlessDelay | NewAV: 2.462

<<< NEW TURN >>>
-   Gilgamesh AV: 0.000 ENERGY: 5.000 MaxHP: 3134.558 CurrHp 2232.749 ShieldHP: 0.000
-   Enemy 2 AV: 2.138 ENERGY: 0.000 MaxHP: 2000000.000 CurrHp 668919.218 ShieldHP: 0.000
-   Enemy 1 AV: 17.350 ENERGY: 0.000 MaxHP: 5000000.000 CurrHp 1061788.653 ShieldHP: 0.000
-   HuoHuo AV: 37.372 ENERGY: 8.126 MaxHP: 6139.808 CurrHp 5675.925 ShieldHP: 0.000
-   Welt AV: 44.439 ENERGY: 86.220 MaxHP: 3270.753 CurrHp 2392.687 ShieldHP: 0.000
-   Saber AV: 51.614 ENERGY: 194.333 MaxHP: 3366.991 CurrHp 3024.273 ShieldHP: 0.000
-   Enemy 0 AV: 69.241 ENERGY: 0.000 MaxHP: 2000000.000 CurrHp 719102.852 ShieldHP: 0.000

Combat context set: 3 enemies, 4 players
Combat context initialized: 3 enemies, Elation team size: 0
[WeltAllyBuff] enemy turn-boundary detected for eid=0 (prevAV=0.0, currAV=69.24121082194635); weightlessTurns before={0: 2, 1: 1, 2: 2}
[WeltAllyBuff] weightlessTurns after={0: 1, 1: 1, 2: 2}
[WeltAllyBuff] enemy turn-boundary detected for eid=2 (prevAV=0.0, currAV=2.1375318921804585); weightlessTurns before={0: 1, 1: 1, 2: 2}
[WeltAllyBuff] weightlessTurns after={0: 1, 1: 1, 2: 1}
ACTION > [CHAR] TotalAV: 278.909 | TurnAV: 0.324 | Gilgamesh | E-move
Gilgamesh JointCounter increased by one, current count: 6
    TURN   - GilgameshSkill | Gilgamesh | SUP1 | BLAST attack | ['LNG'] | ['SKL'] | Scaling: ATK | TargetID: 1 | DMG/BREAK Splits: [2.8, 1.4]/[20, 10] | Energy Gained: 30 | SP Change: 0

        ----------Char Buffs----------
        ScholarCR | CR% | Stacks: 1 | Value: 0.080 | Remaining Turns: 1 | TickDown: SUP1, PERM | Target: SUP1 | Affects: ['ALL']
        ScholarDMG | DMG% | Stacks: 1 | Value: 0.200 | Remaining Turns: 1 | TickDown: SUP1, PERM | Target: SUP1 | Affects: ['SKL', 'ULT']
        GilgameshTraceATK | ATK | Stacks: 1 | Value: 0.180 | Remaining Turns: 1 | TickDown: SUP1, PERM | Target: SUP1 | Affects: ['ALL']
        GilgameshTraceCR | CR% | Stacks: 1 | Value: 0.187 | Remaining Turns: 1 | TickDown: SUP1, PERM | Target: SUP1 | Affects: ['ALL']
        GilgameshTraceDMG | DMG% | Stacks: 1 | Value: 0.080 | Remaining Turns: 1 | TickDown: SUP1, PERM | Target: SUP1 | Affects: ['ALL']
        GilgameshTrace3ATK | ATK% | Stacks: 1 | Value: 0.200 | Remaining Turns: 1 | TickDown: SUP1, PERM | Target: SUP1 | Affects: ['ALL']
        GilgameshTrace3CD | CD% | Stacks: 1 | Value: 0.200 | Remaining Turns: 1 | TickDown: SUP1, PERM | Target: SUP1 | Affects: ['ALL']
        GilgameshTrace3SelfATK | ATK% | Stacks: 1 | Value: 1.000 | Remaining Turns: 1 | TickDown: SUP1, PERM | Target: SUP1 | Affects: ['ALL']
        GilgameshTrace3SelfCD | CD% | Stacks: 1 | Value: 1.000 | Remaining Turns: 1 | TickDown: SUP1, PERM | Target: SUP1 | Affects: ['ALL']
        KeelCD(SUS) | CD% | Stacks: 1 | Value: 0.100 | Remaining Turns: 1 | TickDown: SUP1, PERM | Target: SUP1 | Affects: ['ALL']
        CosmicLifeDMG | DMG% | Stacks: 1 | Value: 0.320 | Remaining Turns: 1 | TickDown: SUP1, PERM | Target: SUP1 | Affects: ['ALL']
        Trace2CDExtra | CD% | Stacks: 1 | Value: 1.500 | Remaining Turns: 1 | TickDown: SUP1, PERM | Target: SUP1 | Affects: ['ALL']
        GilgameshInterestSPD | SPD% | Stacks: 1 | Value: 1.000 | Remaining Turns: 1 | TickDown: SUP2, PERM | Target: SUP1 | Affects: ['ALL']
        AeonATK | ATK% | Stacks: 1 | Value: 0.640 | Remaining Turns: 1 | TickDown: SUP1, PERM | Target: SUP1 | Affects: ['ALL']
        WeltAllyWeightlessDMG | DMG% | Stacks: 9 | Value: 0.900 | Remaining Turns: 2 | TickDown: SUP1, END | Target: SUP1 | Affects: ['ALL']
        GilgameshSKLShred | SHRED | Stacks: 1 | Value: 0.300 | Remaining Turns: 3 | TickDown: SUP1, END | Target: SUP1 | Affects: ['ALL']
        WarriorGoddessHealCD | CD% | Stacks: 1 | Value: 0.150 | Remaining Turns: 1 | TickDown: SUP1, START | Target: SUP1 | Affects: ['ALL']
        HuoHuoUltATK | ATK% | Stacks: 1 | Value: 0.400 | Remaining Turns: 2 | TickDown: SUP1, END | Target: SUP1 | Affects: ['ALL']
        HuoHuoUltExtraATK | ATK% | Stacks: 1 | Value: 0.240 | Remaining Turns: 2 | TickDown: SUP1, END | Target: SUP1 | Affects: ['ALL']
        ScholarBonusDMG | DMG% | Stacks: 1 | Value: 0.250 | Remaining Turns: 1 | TickDown: SUP1, START | Target: SUP1 | Affects: ['SKL']
        ----------End of Buff List----------
        ----------Enemy Debuffs----------
        WeltSpdDebuff | From: SUP2 | SPD% | Stacks: 1 | Value: -0.100 | Remaining Turns: 2 | Target: 1 | Targeting: ST | Affects: ['ALL'] | DOT: False | Blast: False
        WeltWeightlessSPD | From: SUP2 | SPD% | Stacks: 1 | Value: -0.050 | Remaining Turns: 1 | Target: 1 | Targeting: ST | Affects: ['ALL'] | DOT: False | Blast: False
        WeltWeightlessShred | From: SUP2 | SHRED | Stacks: 1 | Value: 0.400 | Remaining Turns: 1 | Target: 1 | Targeting: ST | Affects: ['ALL'] | DOT: False | Blast: False
        Enemy 1 WIN-break | From: DPS | WINDSHEAR | Stacks: 1 | Value: 12621.002 | Remaining Turns: 2 | Target: 1 | Targeting: ST | Affects: ['ALL'] | DOT: True | Blast: False
        ResoShred(SUP2) | From: SUP2 | SHRED | Stacks: 1 | Value: 0.160 | Remaining Turns: 1 | Target: 1 | Targeting: ST | Affects: ['ALL'] | DOT: False | Blast: False
        ----------End of Debuff List----------
        ----------Healing List----------
        ----------End of Healing List----------
        ----------Shields List----------
        ----------End of Shields List----------
    GAUGE  - Enemy 1 toughness reduced by 0.000
    GAUGE  - Enemy 0 toughness reduced by 0.000
    GAUGE  - Enemy 2 toughness reduced by 0.000
    RESULT - GilgameshSkill | Gilgamesh | SUP1 | DMG: 302129.529 | ELADMG: 0.000 | Enemies Hit: [1, 0, 2] | Enemies Broken: [] | WB DMG: 0.000 | Energy: 30.000 | Amount HP Healed: 0.000 | Amount HP Lost: 0.000 | Gilgamesh Energy: 35/360 | SP: 0 | MaxSP: 5)
[WeltAllyBuff] allyTurn() invoked for attacker=Role.SUP1, move=GilgameshSkill
[WeltAllyBuff] allyTurn check: attacker=Role.SUP1, turnName=GilgameshSkill, dmg=302129.5288250917, elationDmg=0, enemiesHit=[1, 0, 2], weightlessTurns={0: 1, 1: 1, 2: 1}
[WeltAllyBuff] TRIGGERED - granting WeltAllyWeightlessDMG
    TURN   - HuoHuoAllyERR | HuoHuo | SUS | NA attack | ['WIN'] | ['SPECIAL'] | Scaling: HP | TargetID: 1 | DMG/BREAK Splits: [0, 0]/[0, 0] | Energy Gained: 1 | SP Change: 0

        ----------Char Buffs----------
        GilgameshTrace3ATK | ATK% | Stacks: 1 | Value: 0.200 | Remaining Turns: 1 | TickDown: SUS, PERM | Target: SUS | Affects: ['ALL']
        GilgameshTrace3CD | CD% | Stacks: 1 | Value: 0.200 | Remaining Turns: 1 | TickDown: SUS, PERM | Target: SUS | Affects: ['ALL']
        PostOpERR | ERR% | Stacks: 1 | Value: 0.160 | Remaining Turns: 1 | TickDown: SUS, PERM | Target: SUS | Affects: ['ALL']
        WarriorGoddessSPD | SPD% | Stacks: 1 | Value: 0.060 | Remaining Turns: 1 | TickDown: SUS, PERM | Target: SUS | Affects: ['ALL']
        KeelEFFRES | ERS% | Stacks: 1 | Value: 0.100 | Remaining Turns: 1 | TickDown: SUS, PERM | Target: SUS | Affects: ['ALL']
        KeelCD(SUS) | CD% | Stacks: 1 | Value: 0.100 | Remaining Turns: 1 | TickDown: SUS, PERM | Target: SUS | Affects: ['ALL']
        HHTraceHP | HP% | Stacks: 1 | Value: 0.280 | Remaining Turns: 1 | TickDown: SUS, PERM | Target: SUS | Affects: ['ALL']
        HHTraceERS | ERS% | Stacks: 1 | Value: 0.180 | Remaining Turns: 1 | TickDown: SUS, PERM | Target: SUS | Affects: ['ALL']
        HHTraceSPD | SPD | Stacks: 1 | Value: 5.000 | Remaining Turns: 1 | TickDown: SUS, PERM | Target: SUS | Affects: ['ALL']
        WarriorGoddessHealSPD | SPD% | Stacks: 1 | Value: 0.060 | Remaining Turns: 2 | TickDown: SUS, START | Target: SUS | Affects: ['ALL']
        WarriorGoddessHealCD | CD% | Stacks: 1 | Value: 0.150 | Remaining Turns: 2 | TickDown: SUS, START | Target: SUS | Affects: ['ALL']
        ----------End of Buff List----------
        ----------Enemy Debuffs----------
        WeltSpdDebuff | From: SUP2 | SPD% | Stacks: 1 | Value: -0.100 | Remaining Turns: 2 | Target: 1 | Targeting: ST | Affects: ['ALL'] | DOT: False | Blast: False
        WeltWeightlessSPD | From: SUP2 | SPD% | Stacks: 1 | Value: -0.050 | Remaining Turns: 1 | Target: 1 | Targeting: ST | Affects: ['ALL'] | DOT: False | Blast: False
        WeltWeightlessShred | From: SUP2 | SHRED | Stacks: 1 | Value: 0.400 | Remaining Turns: 1 | Target: 1 | Targeting: ST | Affects: ['ALL'] | DOT: False | Blast: False
        Enemy 1 WIN-break | From: DPS | WINDSHEAR | Stacks: 1 | Value: 12621.002 | Remaining Turns: 2 | Target: 1 | Targeting: ST | Affects: ['ALL'] | DOT: True | Blast: False
        ResoShred(SUP2) | From: SUP2 | SHRED | Stacks: 1 | Value: 0.160 | Remaining Turns: 1 | Target: 1 | Targeting: ST | Affects: ['ALL'] | DOT: False | Blast: False
        ----------End of Debuff List----------
        ----------Healing List----------
        HuoHuoTalentHealingScaling | Targeting: Targeting.SINGLE | Healing Value: [0] | Target: ALL
        HuoHuoTalentHealingScaling | Targeting: Targeting.SINGLE | Healing Value: [0.045] | Target: ALL
        HuoHuoTalentHealingScaling | Targeting: Targeting.SINGLE | Healing Value: [0] | Target: ALL
        HuoHuoTalentHealingScaling | Targeting: Targeting.SINGLE | Healing Value: [0] | Target: ALL
        HuoHuoTalentHealingFlat | Targeting: Targeting.SINGLE | Healing Value: [0] | Target: ALL
        HuoHuoTalentHealingFlat | Targeting: Targeting.SINGLE | Healing Value: [120] | Target: ALL
        HuoHuoTalentHealingFlat | Targeting: Targeting.SINGLE | Healing Value: [0] | Target: ALL
        HuoHuoTalentHealingFlat | Targeting: Targeting.SINGLE | Healing Value: [0] | Target: ALL
        ----------End of Healing List----------
        ----------Shields List----------
        ----------End of Shields List----------
    GAUGE  - Enemy 1 toughness reduced by 0.000
    RESULT - HuoHuoAllyERR | HuoHuo | SUS | DMG: 0.000 | ELADMG: 0.000 | Enemies Hit: [1] | Enemies Broken: [] | WB DMG: 0.000 | Energy: 1.354 | Amount HP Healed: 371.779 | Amount HP Lost: 0.000 | HuoHuo Energy: 9/140 | SP: 0 | MaxSP: 5)
[WeltAllyBuff] allyTurn() invoked for attacker=Role.SUS, move=HuoHuoAllyERR
[WeltAllyBuff] allyTurn check: attacker=Role.SUS, turnName=HuoHuoAllyERR, dmg=0.0, elationDmg=0, enemiesHit=[1], weightlessTurns={0: 1, 1: 1, 2: 1}
[WeltAllyBuff] skipped: no damage on this turn
SPD    > Gilgamesh speed changed to 138.132 | NewAV: 0.000
AV     > Gilgamesh AV reset to 72.395 | 138.132 SPD
DELAY  > Enemy 1 delayed by 4.0% from WeltWeightlessDelay | NewAV: 19.546
DELAY  > Enemy 0 delayed by 4.0% from WeltWeightlessDelay | NewAV: 71.917
DELAY  > Enemy 2 delayed by 4.0% from WeltWeightlessDelay | NewAV: 4.599

<<< NEW TURN >>>
-   Enemy 2 AV: 0.000 ENERGY: 0.000 MaxHP: 2000000.000 CurrHp 588924.687 ShieldHP: 0.000
-   Enemy 1 AV: 14.947 ENERGY: 0.000 MaxHP: 5000000.000 CurrHp 901799.592 ShieldHP: 0.000
-   HuoHuo AV: 32.773 ENERGY: 9.481 MaxHP: 6139.808 CurrHp 5675.925 ShieldHP: 0.000
-   Welt AV: 39.840 ENERGY: 86.220 MaxHP: 3270.753 CurrHp 2392.687 ShieldHP: 0.000
-   Saber AV: 47.015 ENERGY: 194.333 MaxHP: 3366.991 CurrHp 3024.273 ShieldHP: 0.000
-   Enemy 0 AV: 67.318 ENERGY: 0.000 MaxHP: 2000000.000 CurrHp 656956.915 ShieldHP: 0.000
-   Gilgamesh AV: 67.795 ENERGY: 35.000 MaxHP: 3134.558 CurrHp 2604.528 ShieldHP: 0.000

Combat context set: 3 enemies, 4 players
Combat context initialized: 3 enemies, Elation team size: 0
ACTION > [ENEMY] TotalAV: 283.508 | TurnAV: 4.599 | Enemy 2 | 1 attacks
    CharEnergy - Saber: Hit 5.000 Total: 199.333 | Gilgamesh: Hit 5.000 Total: 40.000 | Welt: Hit 1.667 Total: 88.294 | HuoHuo: Hit 1.667 Total: 11.738 |
    ENEMY  - Enemy 2 [aoe] dealt 280.5 to Gilgamesh (energy: 3.3, DEF: 1794, atkMul: 1.00, dmgMul: 1.00) | Shield Absorbed: 0.0 | HP Lost: 280.5 | HP: 2324/3135 | Shield HP: 0
    ENEMY  - Enemy 2 [aoe] dealt 116.0 to Saber (energy: 1.7, DEF: 2409, atkMul: 1.00, dmgMul: 1.00) | Shield Absorbed: 0.0 | HP Lost: 116.0 | HP: 2908/3367 | Shield HP: 0
    ENEMY  - Enemy 2 [aoe] dealt 140.2 to Gilgamesh (energy: 1.7, DEF: 1794, atkMul: 1.00, dmgMul: 1.00) | Shield Absorbed: 0.0 | HP Lost: 140.2 | HP: 2184/3135 | Shield HP: 0
    ENEMY  - Enemy 2 [aoe] dealt 168.8 to Welt (energy: 1.7, DEF: 1296, atkMul: 1.00, dmgMul: 1.00) | Shield Absorbed: 0.0 | HP Lost: 168.8 | HP: 2224/3271 | Shield HP: 0
    ENEMY  - Enemy 2 [aoe] dealt 116.0 to HuoHuo (energy: 1.7, DEF: 2410, atkMul: 1.00, dmgMul: 1.00) | Shield Absorbed: 0.0 | HP Lost: 116.0 | HP: 5560/6140 | Shield HP: 0
    ENEMY  - Enemy 2 [aoe] dealt 232.0 to Saber (energy: 3.3, DEF: 2409, atkMul: 1.00, dmgMul: 1.00) | Shield Absorbed: 0.0 | HP Lost: 232.0 | HP: 2676/3367 | Shield HP: 0
    DEBUFF - Enemy 2 took 7542.432 Debuff damage from Enemy 2 WIN-break
        Debuff ResoShred(SUP2) expired
        Debuff WeltImprisonSPD expired
AV     > Enemy 2 AV reset to 66.890 | 149.500 SPD

<<< NEW TURN >>>
-   Enemy 1 AV: 0.000 ENERGY: 0.000 MaxHP: 5000000.000 CurrHp 901799.592 ShieldHP: 0.000
-   HuoHuo AV: 17.826 ENERGY: 11.738 MaxHP: 6139.808 CurrHp 5559.955 ShieldHP: 0.000
-   Welt AV: 24.893 ENERGY: 88.294 MaxHP: 3270.753 CurrHp 2223.917 ShieldHP: 0.000
-   Saber AV: 32.069 ENERGY: 199.333 MaxHP: 3366.991 CurrHp 2676.231 ShieldHP: 0.000
-   Enemy 2 AV: 51.943 ENERGY: 0.000 MaxHP: 2000000.000 CurrHp 588924.687 ShieldHP: 0.000
-   Enemy 0 AV: 52.371 ENERGY: 0.000 MaxHP: 2000000.000 CurrHp 656956.915 ShieldHP: 0.000
-   Gilgamesh AV: 52.849 ENERGY: 40.000 MaxHP: 3134.558 CurrHp 2183.821 ShieldHP: 0.000

Combat context set: 3 enemies, 4 players
Combat context initialized: 3 enemies, Elation team size: 0
[WeltAllyBuff] enemy turn-boundary detected for eid=2 (prevAV=0.0, currAV=51.94287230036027); weightlessTurns before={0: 1, 1: 1, 2: 1}
[WeltAllyBuff] weightlessTurns after={0: 1, 1: 1}
ACTION > [ENEMY] TotalAV: 298.455 | TurnAV: 14.947 | Enemy 1 | 1 attacks
    CharEnergy - Saber: Hit 10.000 Total: 209.333 | Gilgamesh: Hit 6.667 Total: 46.667 | Welt: Hit 3.333 Total: 92.442 | HuoHuo: Hit 0.000 Total: 11.738 |
    ENEMY  - Enemy 1 [aoe] dealt 232.0 to Saber (energy: 3.3, DEF: 2409, atkMul: 1.00, dmgMul: 1.00) | Shield Absorbed: 0.0 | HP Lost: 232.0 | HP: 2444/3367 | Shield HP: 0
    ENEMY  - Enemy 1 [aoe] dealt 232.0 to Saber (energy: 3.3, DEF: 2409, atkMul: 1.00, dmgMul: 1.00) | Shield Absorbed: 0.0 | HP Lost: 232.0 | HP: 2212/3367 | Shield HP: 0
    ENEMY  - Enemy 1 [aoe] dealt 280.5 to Gilgamesh (energy: 3.3, DEF: 1794, atkMul: 1.00, dmgMul: 1.00) | Shield Absorbed: 0.0 | HP Lost: 280.5 | HP: 1903/3135 | Shield HP: 0
    ENEMY  - Enemy 1 [aoe] dealt 280.5 to Gilgamesh (energy: 3.3, DEF: 1794, atkMul: 1.00, dmgMul: 1.00) | Shield Absorbed: 0.0 | HP Lost: 280.5 | HP: 1623/3135 | Shield HP: 0
    ENEMY  - Enemy 1 [aoe] dealt 232.0 to Saber (energy: 3.3, DEF: 2409, atkMul: 1.00, dmgMul: 1.00) | Shield Absorbed: 0.0 | HP Lost: 232.0 | HP: 1980/3367 | Shield HP: 0
    ENEMY  - Enemy 1 [aoe] dealt 337.5 to Welt (energy: 3.3, DEF: 1296, atkMul: 1.00, dmgMul: 1.00) | Shield Absorbed: 0.0 | HP Lost: 337.5 | HP: 1886/3271 | Shield HP: 0
    DEBUFF - Enemy 1 took 7542.432 Debuff damage from Enemy 1 WIN-break
        Debuff WeltWeightlessSPD expired
        Debuff WeltWeightlessShred expired
        Debuff ResoShred(SUP2) expired
AV     > Enemy 1 AV reset to 57.392 | 174.240 SPD

<<< NEW TURN >>>
-   HuoHuo AV: 0.000 ENERGY: 11.738 MaxHP: 6139.808 CurrHp 5559.955 ShieldHP: 0.000
-   Welt AV: 7.067 ENERGY: 92.442 MaxHP: 3270.753 CurrHp 1886.376 ShieldHP: 0.000
-   Saber AV: 14.243 ENERGY: 209.333 MaxHP: 3366.991 CurrHp 1980.149 ShieldHP: 0.000
-   Enemy 2 AV: 34.117 ENERGY: 0.000 MaxHP: 2000000.000 CurrHp 588924.687 ShieldHP: 0.000
-   Enemy 0 AV: 34.545 ENERGY: 0.000 MaxHP: 2000000.000 CurrHp 656956.915 ShieldHP: 0.000
-   Gilgamesh AV: 35.023 ENERGY: 46.667 MaxHP: 3134.558 CurrHp 1622.878 ShieldHP: 0.000
-   Enemy 1 AV: 39.566 ENERGY: 0.000 MaxHP: 5000000.000 CurrHp 901799.592 ShieldHP: 0.000

Combat context set: 3 enemies, 4 players
Combat context initialized: 3 enemies, Elation team size: 0
[WeltAllyBuff] enemy turn-boundary detected for eid=1 (prevAV=0.0, currAV=39.56599558230764); weightlessTurns before={0: 1, 1: 1}
[WeltAllyBuff] weightlessTurns after={0: 1}
ACTION > [CHAR] TotalAV: 316.281 | TurnAV: 17.826 | HuoHuo | A-move
    TURN   - HuoHuoBasic | HuoHuo | SUS | ST attack | ['WIN'] | ['BSC'] | Scaling: HP | TargetID: 1 | DMG/BREAK Splits: [0.5, 0]/[10, 0] | Energy Gained: 20 | SP Change: 1

        ----------Char Buffs----------
        GilgameshTrace3ATK | ATK% | Stacks: 1 | Value: 0.200 | Remaining Turns: 1 | TickDown: SUS, PERM | Target: SUS | Affects: ['ALL']
        GilgameshTrace3CD | CD% | Stacks: 1 | Value: 0.200 | Remaining Turns: 1 | TickDown: SUS, PERM | Target: SUS | Affects: ['ALL']
        PostOpERR | ERR% | Stacks: 1 | Value: 0.160 | Remaining Turns: 1 | TickDown: SUS, PERM | Target: SUS | Affects: ['ALL']
        WarriorGoddessSPD | SPD% | Stacks: 1 | Value: 0.060 | Remaining Turns: 1 | TickDown: SUS, PERM | Target: SUS | Affects: ['ALL']
        KeelEFFRES | ERS% | Stacks: 1 | Value: 0.100 | Remaining Turns: 1 | TickDown: SUS, PERM | Target: SUS | Affects: ['ALL']
        KeelCD(SUS) | CD% | Stacks: 1 | Value: 0.100 | Remaining Turns: 1 | TickDown: SUS, PERM | Target: SUS | Affects: ['ALL']
        HHTraceHP | HP% | Stacks: 1 | Value: 0.280 | Remaining Turns: 1 | TickDown: SUS, PERM | Target: SUS | Affects: ['ALL']
        HHTraceERS | ERS% | Stacks: 1 | Value: 0.180 | Remaining Turns: 1 | TickDown: SUS, PERM | Target: SUS | Affects: ['ALL']
        HHTraceSPD | SPD | Stacks: 1 | Value: 5.000 | Remaining Turns: 1 | TickDown: SUS, PERM | Target: SUS | Affects: ['ALL']
        WarriorGoddessHealSPD | SPD% | Stacks: 1 | Value: 0.060 | Remaining Turns: 1 | TickDown: SUS, START | Target: SUS | Affects: ['ALL']
        WarriorGoddessHealCD | CD% | Stacks: 1 | Value: 0.150 | Remaining Turns: 1 | TickDown: SUS, START | Target: SUS | Affects: ['ALL']
        ----------End of Buff List----------
        ----------Enemy Debuffs----------
        WeltSpdDebuff | From: SUP2 | SPD% | Stacks: 1 | Value: -0.100 | Remaining Turns: 1 | Target: 1 | Targeting: ST | Affects: ['ALL'] | DOT: False | Blast: False
        Enemy 1 WIN-break | From: DPS | WINDSHEAR | Stacks: 1 | Value: 12621.002 | Remaining Turns: 1 | Target: 1 | Targeting: ST | Affects: ['ALL'] | DOT: True | Blast: False
        ----------End of Debuff List----------
        ----------Healing List----------
        ----------End of Healing List----------
        ----------Shields List----------
        ----------End of Shields List----------
    GAUGE  - Enemy 1 toughness reduced by 10.000
    RESULT - HuoHuoBasic | HuoHuo | SUS | DMG: 1433.552 | ELADMG: 0.000 | Enemies Hit: [1] | Enemies Broken: [] | WB DMG: 0.000 | Energy: 27.088 | Amount HP Healed: 0.000 | Amount HP Lost: 0.000 | HuoHuo Energy: 39/140 | SP: 1 | MaxSP: 5)
Gilgamesh Obtained 1 Interest from Teammate, Current count: 1
[WeltAllyBuff] allyTurn() invoked for attacker=Role.SUS, move=HuoHuoBasic
[WeltAllyBuff] allyTurn check: attacker=Role.SUS, turnName=HuoHuoBasic, dmg=1433.5517353611385, elationDmg=0, enemiesHit=[1], weightlessTurns={0: 1}
[WeltAllyBuff] skipped: none of enemiesHit are in weightlessTurns
SPD    > Gilgamesh speed changed to 147.832 | NewAV: 32.725
AV     > HuoHuo AV reset to 62.308 | 160.492 SPD

<<< NEW TURN >>>
-   Welt AV: 0.000 ENERGY: 92.442 MaxHP: 3270.753 CurrHp 1886.376 ShieldHP: 0.000
-   Saber AV: 7.175 ENERGY: 209.333 MaxHP: 3366.991 CurrHp 1980.149 ShieldHP: 0.000
-   Gilgamesh AV: 25.658 ENERGY: 46.667 MaxHP: 3134.558 CurrHp 1622.878 ShieldHP: 0.000
-   Enemy 2 AV: 27.050 ENERGY: 0.000 MaxHP: 2000000.000 CurrHp 588924.687 ShieldHP: 0.000
-   Enemy 0 AV: 27.478 ENERGY: 0.000 MaxHP: 2000000.000 CurrHp 656956.915 ShieldHP: 0.000
-   Enemy 1 AV: 32.499 ENERGY: 0.000 MaxHP: 5000000.000 CurrHp 900366.040 ShieldHP: 0.000
-   HuoHuo AV: 55.241 ENERGY: 38.826 MaxHP: 6139.808 CurrHp 5559.955 ShieldHP: 0.000

Combat context set: 3 enemies, 4 players
Combat context initialized: 3 enemies, Elation team size: 0
ACTION > [CHAR] TotalAV: 323.348 | TurnAV: 7.067 | Welt | E-move
    TURN   - WeltSkill | Welt | SUP2 | ST attack | ['IMG'] | ['SKL'] | Scaling: ATK | TargetID: 1 | DMG/BREAK Splits: [0.72, 0]/[10, 0] | Energy Gained: 6 | SP Change: -1

        ----------Char Buffs----------
        GilgameshTrace3ATK | ATK% | Stacks: 1 | Value: 0.200 | Remaining Turns: 1 | TickDown: SUP2, PERM | Target: SUP2 | Affects: ['ALL']
        GilgameshTrace3CD | CD% | Stacks: 1 | Value: 0.200 | Remaining Turns: 1 | TickDown: SUP2, PERM | Target: SUP2 | Affects: ['ALL']
        MasterSmithHP | HP% | Stacks: 1 | Value: 0.120 | Remaining Turns: 1 | TickDown: SUP2, PERM | Target: SUP2 | Affects: ['ALL']
        LushakaERR | ERR% | Stacks: 1 | Value: 0.050 | Remaining Turns: 1 | TickDown: SUP2, PERM | Target: SUP2 | Affects: ['ALL']
        WeltTraceERS | ERS% | Stacks: 1 | Value: 0.100 | Remaining Turns: 1 | TickDown: SUP2, PERM | Target: SUP2 | Affects: ['ALL']
        WeltTraceEHR | EHR% | Stacks: 1 | Value: 0.280 | Remaining Turns: 1 | TickDown: SUP2, PERM | Target: SUP2 | Affects: ['ALL']
        WeltTraceDMG | DMG% | Stacks: 1 | Value: 0.144 | Remaining Turns: 1 | TickDown: SUP2, PERM | Target: SUP2 | Affects: ['ALL']
        KeelCD(SUS) | CD% | Stacks: 1 | Value: 0.100 | Remaining Turns: 1 | TickDown: SUP2, PERM | Target: SUP2 | Affects: ['ALL']
        WeltTalent3ATK | ATK% | Stacks: 1 | Value: 0.800 | Remaining Turns: 1 | TickDown: SUP2, PERM | Target: SUP2 | Affects: ['ALL']
        WarriorGoddessHealCD | CD% | Stacks: 1 | Value: 0.150 | Remaining Turns: 1 | TickDown: SUP2, START | Target: SUP2 | Affects: ['ALL']
        ----------End of Buff List----------
        ----------Enemy Debuffs----------
        WeltSpdDebuff | From: SUP2 | SPD% | Stacks: 1 | Value: -0.100 | Remaining Turns: 2 | Target: 1 | Targeting: ST | Affects: ['ALL'] | DOT: False | Blast: False
        Enemy 1 WIN-break | From: DPS | WINDSHEAR | Stacks: 1 | Value: 12621.002 | Remaining Turns: 1 | Target: 1 | Targeting: ST | Affects: ['ALL'] | DOT: True | Blast: False
        ResoShred(SUP2) | From: SUP2 | SHRED | Stacks: 1 | Value: 0.160 | Remaining Turns: 1 | Target: 1 | Targeting: ST | Affects: ['ALL'] | DOT: False | Blast: False
        ----------End of Debuff List----------
        ----------Healing List----------
        ----------End of Healing List----------
        ----------Shields List----------
        ----------End of Shields List----------
    GAUGE  - Enemy 1 toughness reduced by 0.000
    RESULT - WeltSkill | Welt | SUP2 | DMG: 1472.458 | ELADMG: 0.000 | Enemies Hit: [1] | Enemies Broken: [] | WB DMG: 0.000 | Energy: 7.466 | Amount HP Healed: 0.000 | Amount HP Lost: 0.000 | Welt Energy: 100/120 | SP: 0 | MaxSP: 5)
Gilgamesh Obtained 1 Interest from Teammate, Current count: 2
    TURN   - WeltSlowedAdditionalDMG | Welt | SUP2 | ST attack | ['IMG'] | ['ADD'] | Scaling: ATK | TargetID: 1 | DMG/BREAK Splits: [1.0, 0]/[0, 0] | Energy Gained: 0 | SP Change: 0

        ----------Char Buffs----------
        GilgameshTrace3ATK | ATK% | Stacks: 1 | Value: 0.200 | Remaining Turns: 1 | TickDown: SUP2, PERM | Target: SUP2 | Affects: ['ALL']
        GilgameshTrace3CD | CD% | Stacks: 1 | Value: 0.200 | Remaining Turns: 1 | TickDown: SUP2, PERM | Target: SUP2 | Affects: ['ALL']
        MasterSmithHP | HP% | Stacks: 1 | Value: 0.120 | Remaining Turns: 1 | TickDown: SUP2, PERM | Target: SUP2 | Affects: ['ALL']
        LushakaERR | ERR% | Stacks: 1 | Value: 0.050 | Remaining Turns: 1 | TickDown: SUP2, PERM | Target: SUP2 | Affects: ['ALL']
        WeltTraceERS | ERS% | Stacks: 1 | Value: 0.100 | Remaining Turns: 1 | TickDown: SUP2, PERM | Target: SUP2 | Affects: ['ALL']
        WeltTraceEHR | EHR% | Stacks: 1 | Value: 0.280 | Remaining Turns: 1 | TickDown: SUP2, PERM | Target: SUP2 | Affects: ['ALL']
        WeltTraceDMG | DMG% | Stacks: 1 | Value: 0.144 | Remaining Turns: 1 | TickDown: SUP2, PERM | Target: SUP2 | Affects: ['ALL']
        KeelCD(SUS) | CD% | Stacks: 1 | Value: 0.100 | Remaining Turns: 1 | TickDown: SUP2, PERM | Target: SUP2 | Affects: ['ALL']
        WeltTalent3ATK | ATK% | Stacks: 1 | Value: 0.800 | Remaining Turns: 1 | TickDown: SUP2, PERM | Target: SUP2 | Affects: ['ALL']
        WarriorGoddessHealCD | CD% | Stacks: 1 | Value: 0.150 | Remaining Turns: 1 | TickDown: SUP2, START | Target: SUP2 | Affects: ['ALL']
        ----------End of Buff List----------
        ----------Enemy Debuffs----------
        WeltSpdDebuff | From: SUP2 | SPD% | Stacks: 1 | Value: -0.100 | Remaining Turns: 2 | Target: 1 | Targeting: ST | Affects: ['ALL'] | DOT: False | Blast: False
        Enemy 1 WIN-break | From: DPS | WINDSHEAR | Stacks: 1 | Value: 12621.002 | Remaining Turns: 1 | Target: 1 | Targeting: ST | Affects: ['ALL'] | DOT: True | Blast: False
        ResoShred(SUP2) | From: SUP2 | SHRED | Stacks: 1 | Value: 0.160 | Remaining Turns: 1 | Target: 1 | Targeting: ST | Affects: ['ALL'] | DOT: False | Blast: False
        ----------End of Debuff List----------
        ----------Healing List----------
        HuoHuoTalentHealingScaling | Targeting: Targeting.SINGLE | Healing Value: [0] | Target: ALL
        HuoHuoTalentHealingScaling | Targeting: Targeting.SINGLE | Healing Value: [0.045] | Target: ALL
        HuoHuoTalentHealingScaling | Targeting: Targeting.SINGLE | Healing Value: [0] | Target: ALL
        HuoHuoTalentHealingScaling | Targeting: Targeting.SINGLE | Healing Value: [0] | Target: ALL
        HuoHuoTalentHealingFlat | Targeting: Targeting.SINGLE | Healing Value: [0] | Target: ALL
        HuoHuoTalentHealingFlat | Targeting: Targeting.SINGLE | Healing Value: [120] | Target: ALL
        HuoHuoTalentHealingFlat | Targeting: Targeting.SINGLE | Healing Value: [0] | Target: ALL
        HuoHuoTalentHealingFlat | Targeting: Targeting.SINGLE | Healing Value: [0] | Target: ALL
        ----------End of Healing List----------
        ----------Shields List----------
        ----------End of Shields List----------
    GAUGE  - Enemy 1 toughness reduced by 0.000
    RESULT - WeltSlowedAdditionalDMG | Welt | SUP2 | DMG: 2045.081 | ELADMG: 0.000 | Enemies Hit: [1] | Enemies Broken: [] | WB DMG: 0.000 | Energy: 0.000 | Amount HP Healed: 371.779 | Amount HP Lost: 0.000 | Welt Energy: 100/120 | SP: 0 | MaxSP: 5)
    TURN   - WeltSkillExtra | Welt | SUP2 | ST attack | ['IMG'] | ['SKL'] | Scaling: ATK | TargetID: 1 | DMG/BREAK Splits: [0.72, 0]/[10, 0] | Energy Gained: 6 | SP Change: 0

        ----------Char Buffs----------
        GilgameshTrace3ATK | ATK% | Stacks: 1 | Value: 0.200 | Remaining Turns: 1 | TickDown: SUP2, PERM | Target: SUP2 | Affects: ['ALL']
        GilgameshTrace3CD | CD% | Stacks: 1 | Value: 0.200 | Remaining Turns: 1 | TickDown: SUP2, PERM | Target: SUP2 | Affects: ['ALL']
        MasterSmithHP | HP% | Stacks: 1 | Value: 0.120 | Remaining Turns: 1 | TickDown: SUP2, PERM | Target: SUP2 | Affects: ['ALL']
        LushakaERR | ERR% | Stacks: 1 | Value: 0.050 | Remaining Turns: 1 | TickDown: SUP2, PERM | Target: SUP2 | Affects: ['ALL']
        WeltTraceERS | ERS% | Stacks: 1 | Value: 0.100 | Remaining Turns: 1 | TickDown: SUP2, PERM | Target: SUP2 | Affects: ['ALL']
        WeltTraceEHR | EHR% | Stacks: 1 | Value: 0.280 | Remaining Turns: 1 | TickDown: SUP2, PERM | Target: SUP2 | Affects: ['ALL']
        WeltTraceDMG | DMG% | Stacks: 1 | Value: 0.144 | Remaining Turns: 1 | TickDown: SUP2, PERM | Target: SUP2 | Affects: ['ALL']
        KeelCD(SUS) | CD% | Stacks: 1 | Value: 0.100 | Remaining Turns: 1 | TickDown: SUP2, PERM | Target: SUP2 | Affects: ['ALL']
        WeltTalent3ATK | ATK% | Stacks: 1 | Value: 0.800 | Remaining Turns: 1 | TickDown: SUP2, PERM | Target: SUP2 | Affects: ['ALL']
        WarriorGoddessHealCD | CD% | Stacks: 1 | Value: 0.150 | Remaining Turns: 1 | TickDown: SUP2, START | Target: SUP2 | Affects: ['ALL']
        ----------End of Buff List----------
        ----------Enemy Debuffs----------
        WeltSpdDebuff | From: SUP2 | SPD% | Stacks: 1 | Value: -0.100 | Remaining Turns: 2 | Target: 1 | Targeting: ST | Affects: ['ALL'] | DOT: False | Blast: False
        Enemy 1 WIN-break | From: DPS | WINDSHEAR | Stacks: 1 | Value: 12621.002 | Remaining Turns: 1 | Target: 1 | Targeting: ST | Affects: ['ALL'] | DOT: True | Blast: False
        ResoShred(SUP2) | From: SUP2 | SHRED | Stacks: 1 | Value: 0.160 | Remaining Turns: 1 | Target: 1 | Targeting: ST | Affects: ['ALL'] | DOT: False | Blast: False
        ----------End of Debuff List----------
        ----------Healing List----------
        ----------End of Healing List----------
        ----------Shields List----------
        ----------End of Shields List----------
    GAUGE  - Enemy 1 toughness reduced by 0.000
    RESULT - WeltSkillExtra | Welt | SUP2 | DMG: 1472.458 | ELADMG: 0.000 | Enemies Hit: [1] | Enemies Broken: [] | WB DMG: 0.000 | Energy: 7.466 | Amount HP Healed: 0.000 | Amount HP Lost: 0.000 | Welt Energy: 107/120 | SP: 0 | MaxSP: 5)
    TURN   - WeltSlowedAdditionalDMG | Welt | SUP2 | ST attack | ['IMG'] | ['ADD'] | Scaling: ATK | TargetID: 1 | DMG/BREAK Splits: [1.0, 0]/[0, 0] | Energy Gained: 0 | SP Change: 0

        ----------Char Buffs----------
        GilgameshTrace3ATK | ATK% | Stacks: 1 | Value: 0.200 | Remaining Turns: 1 | TickDown: SUP2, PERM | Target: SUP2 | Affects: ['ALL']
        GilgameshTrace3CD | CD% | Stacks: 1 | Value: 0.200 | Remaining Turns: 1 | TickDown: SUP2, PERM | Target: SUP2 | Affects: ['ALL']
        MasterSmithHP | HP% | Stacks: 1 | Value: 0.120 | Remaining Turns: 1 | TickDown: SUP2, PERM | Target: SUP2 | Affects: ['ALL']
        LushakaERR | ERR% | Stacks: 1 | Value: 0.050 | Remaining Turns: 1 | TickDown: SUP2, PERM | Target: SUP2 | Affects: ['ALL']
        WeltTraceERS | ERS% | Stacks: 1 | Value: 0.100 | Remaining Turns: 1 | TickDown: SUP2, PERM | Target: SUP2 | Affects: ['ALL']
        WeltTraceEHR | EHR% | Stacks: 1 | Value: 0.280 | Remaining Turns: 1 | TickDown: SUP2, PERM | Target: SUP2 | Affects: ['ALL']
        WeltTraceDMG | DMG% | Stacks: 1 | Value: 0.144 | Remaining Turns: 1 | TickDown: SUP2, PERM | Target: SUP2 | Affects: ['ALL']
        KeelCD(SUS) | CD% | Stacks: 1 | Value: 0.100 | Remaining Turns: 1 | TickDown: SUP2, PERM | Target: SUP2 | Affects: ['ALL']
        WeltTalent3ATK | ATK% | Stacks: 1 | Value: 0.800 | Remaining Turns: 1 | TickDown: SUP2, PERM | Target: SUP2 | Affects: ['ALL']
        WarriorGoddessHealCD | CD% | Stacks: 1 | Value: 0.150 | Remaining Turns: 1 | TickDown: SUP2, START | Target: SUP2 | Affects: ['ALL']
        ----------End of Buff List----------
        ----------Enemy Debuffs----------
        WeltSpdDebuff | From: SUP2 | SPD% | Stacks: 1 | Value: -0.100 | Remaining Turns: 2 | Target: 1 | Targeting: ST | Affects: ['ALL'] | DOT: False | Blast: False
        Enemy 1 WIN-break | From: DPS | WINDSHEAR | Stacks: 1 | Value: 12621.002 | Remaining Turns: 1 | Target: 1 | Targeting: ST | Affects: ['ALL'] | DOT: True | Blast: False
        ResoShred(SUP2) | From: SUP2 | SHRED | Stacks: 1 | Value: 0.160 | Remaining Turns: 1 | Target: 1 | Targeting: ST | Affects: ['ALL'] | DOT: False | Blast: False
        ----------End of Debuff List----------
        ----------Healing List----------
        ----------End of Healing List----------
        ----------Shields List----------
        ----------End of Shields List----------
    GAUGE  - Enemy 1 toughness reduced by 0.000
    RESULT - WeltSlowedAdditionalDMG | Welt | SUP2 | DMG: 2045.081 | ELADMG: 0.000 | Enemies Hit: [1] | Enemies Broken: [] | WB DMG: 0.000 | Energy: 0.000 | Amount HP Healed: 0.000 | Amount HP Lost: 0.000 | Welt Energy: 107/120 | SP: 0 | MaxSP: 5)
    TURN   - WeltSkillExtra | Welt | SUP2 | ST attack | ['IMG'] | ['SKL'] | Scaling: ATK | TargetID: 1 | DMG/BREAK Splits: [0.72, 0]/[10, 0] | Energy Gained: 6 | SP Change: 0

        ----------Char Buffs----------
        GilgameshTrace3ATK | ATK% | Stacks: 1 | Value: 0.200 | Remaining Turns: 1 | TickDown: SUP2, PERM | Target: SUP2 | Affects: ['ALL']
        GilgameshTrace3CD | CD% | Stacks: 1 | Value: 0.200 | Remaining Turns: 1 | TickDown: SUP2, PERM | Target: SUP2 | Affects: ['ALL']
        MasterSmithHP | HP% | Stacks: 1 | Value: 0.120 | Remaining Turns: 1 | TickDown: SUP2, PERM | Target: SUP2 | Affects: ['ALL']
        LushakaERR | ERR% | Stacks: 1 | Value: 0.050 | Remaining Turns: 1 | TickDown: SUP2, PERM | Target: SUP2 | Affects: ['ALL']
        WeltTraceERS | ERS% | Stacks: 1 | Value: 0.100 | Remaining Turns: 1 | TickDown: SUP2, PERM | Target: SUP2 | Affects: ['ALL']
        WeltTraceEHR | EHR% | Stacks: 1 | Value: 0.280 | Remaining Turns: 1 | TickDown: SUP2, PERM | Target: SUP2 | Affects: ['ALL']
        WeltTraceDMG | DMG% | Stacks: 1 | Value: 0.144 | Remaining Turns: 1 | TickDown: SUP2, PERM | Target: SUP2 | Affects: ['ALL']
        KeelCD(SUS) | CD% | Stacks: 1 | Value: 0.100 | Remaining Turns: 1 | TickDown: SUP2, PERM | Target: SUP2 | Affects: ['ALL']
        WeltTalent3ATK | ATK% | Stacks: 1 | Value: 0.800 | Remaining Turns: 1 | TickDown: SUP2, PERM | Target: SUP2 | Affects: ['ALL']
        WarriorGoddessHealCD | CD% | Stacks: 1 | Value: 0.150 | Remaining Turns: 1 | TickDown: SUP2, START | Target: SUP2 | Affects: ['ALL']
        ----------End of Buff List----------
        ----------Enemy Debuffs----------
        WeltSpdDebuff | From: SUP2 | SPD% | Stacks: 1 | Value: -0.100 | Remaining Turns: 2 | Target: 1 | Targeting: ST | Affects: ['ALL'] | DOT: False | Blast: False
        Enemy 1 WIN-break | From: DPS | WINDSHEAR | Stacks: 1 | Value: 12621.002 | Remaining Turns: 1 | Target: 1 | Targeting: ST | Affects: ['ALL'] | DOT: True | Blast: False
        ResoShred(SUP2) | From: SUP2 | SHRED | Stacks: 1 | Value: 0.160 | Remaining Turns: 1 | Target: 1 | Targeting: ST | Affects: ['ALL'] | DOT: False | Blast: False
        ----------End of Debuff List----------
        ----------Healing List----------
        ----------End of Healing List----------
        ----------Shields List----------
        ----------End of Shields List----------
    GAUGE  - Enemy 1 toughness reduced by 0.000
    RESULT - WeltSkillExtra | Welt | SUP2 | DMG: 1472.458 | ELADMG: 0.000 | Enemies Hit: [1] | Enemies Broken: [] | WB DMG: 0.000 | Energy: 7.466 | Amount HP Healed: 0.000 | Amount HP Lost: 0.000 | Welt Energy: 115/120 | SP: 0 | MaxSP: 5)
    TURN   - WeltSlowedAdditionalDMG | Welt | SUP2 | ST attack | ['IMG'] | ['ADD'] | Scaling: ATK | TargetID: 1 | DMG/BREAK Splits: [1.0, 0]/[0, 0] | Energy Gained: 0 | SP Change: 0

        ----------Char Buffs----------
        GilgameshTrace3ATK | ATK% | Stacks: 1 | Value: 0.200 | Remaining Turns: 1 | TickDown: SUP2, PERM | Target: SUP2 | Affects: ['ALL']
        GilgameshTrace3CD | CD% | Stacks: 1 | Value: 0.200 | Remaining Turns: 1 | TickDown: SUP2, PERM | Target: SUP2 | Affects: ['ALL']
        MasterSmithHP | HP% | Stacks: 1 | Value: 0.120 | Remaining Turns: 1 | TickDown: SUP2, PERM | Target: SUP2 | Affects: ['ALL']
        LushakaERR | ERR% | Stacks: 1 | Value: 0.050 | Remaining Turns: 1 | TickDown: SUP2, PERM | Target: SUP2 | Affects: ['ALL']
        WeltTraceERS | ERS% | Stacks: 1 | Value: 0.100 | Remaining Turns: 1 | TickDown: SUP2, PERM | Target: SUP2 | Affects: ['ALL']
        WeltTraceEHR | EHR% | Stacks: 1 | Value: 0.280 | Remaining Turns: 1 | TickDown: SUP2, PERM | Target: SUP2 | Affects: ['ALL']
        WeltTraceDMG | DMG% | Stacks: 1 | Value: 0.144 | Remaining Turns: 1 | TickDown: SUP2, PERM | Target: SUP2 | Affects: ['ALL']
        KeelCD(SUS) | CD% | Stacks: 1 | Value: 0.100 | Remaining Turns: 1 | TickDown: SUP2, PERM | Target: SUP2 | Affects: ['ALL']
        WeltTalent3ATK | ATK% | Stacks: 1 | Value: 0.800 | Remaining Turns: 1 | TickDown: SUP2, PERM | Target: SUP2 | Affects: ['ALL']
        WarriorGoddessHealCD | CD% | Stacks: 1 | Value: 0.150 | Remaining Turns: 1 | TickDown: SUP2, START | Target: SUP2 | Affects: ['ALL']
        ----------End of Buff List----------
        ----------Enemy Debuffs----------
        WeltSpdDebuff | From: SUP2 | SPD% | Stacks: 1 | Value: -0.100 | Remaining Turns: 2 | Target: 1 | Targeting: ST | Affects: ['ALL'] | DOT: False | Blast: False
        Enemy 1 WIN-break | From: DPS | WINDSHEAR | Stacks: 1 | Value: 12621.002 | Remaining Turns: 1 | Target: 1 | Targeting: ST | Affects: ['ALL'] | DOT: True | Blast: False
        ResoShred(SUP2) | From: SUP2 | SHRED | Stacks: 1 | Value: 0.160 | Remaining Turns: 1 | Target: 1 | Targeting: ST | Affects: ['ALL'] | DOT: False | Blast: False
        ----------End of Debuff List----------
        ----------Healing List----------
        ----------End of Healing List----------
        ----------Shields List----------
        ----------End of Shields List----------
    GAUGE  - Enemy 1 toughness reduced by 0.000
    RESULT - WeltSlowedAdditionalDMG | Welt | SUP2 | DMG: 2045.081 | ELADMG: 0.000 | Enemies Hit: [1] | Enemies Broken: [] | WB DMG: 0.000 | Energy: 0.000 | Amount HP Healed: 0.000 | Amount HP Lost: 0.000 | Welt Energy: 115/120 | SP: 0 | MaxSP: 5)
    TURN   - WeltSkillExtra | Welt | SUP2 | ST attack | ['IMG'] | ['SKL'] | Scaling: ATK | TargetID: 1 | DMG/BREAK Splits: [0.72, 0]/[10, 0] | Energy Gained: 6 | SP Change: 0

        ----------Char Buffs----------
        GilgameshTrace3ATK | ATK% | Stacks: 1 | Value: 0.200 | Remaining Turns: 1 | TickDown: SUP2, PERM | Target: SUP2 | Affects: ['ALL']
        GilgameshTrace3CD | CD% | Stacks: 1 | Value: 0.200 | Remaining Turns: 1 | TickDown: SUP2, PERM | Target: SUP2 | Affects: ['ALL']
        MasterSmithHP | HP% | Stacks: 1 | Value: 0.120 | Remaining Turns: 1 | TickDown: SUP2, PERM | Target: SUP2 | Affects: ['ALL']
        LushakaERR | ERR% | Stacks: 1 | Value: 0.050 | Remaining Turns: 1 | TickDown: SUP2, PERM | Target: SUP2 | Affects: ['ALL']
        WeltTraceERS | ERS% | Stacks: 1 | Value: 0.100 | Remaining Turns: 1 | TickDown: SUP2, PERM | Target: SUP2 | Affects: ['ALL']
        WeltTraceEHR | EHR% | Stacks: 1 | Value: 0.280 | Remaining Turns: 1 | TickDown: SUP2, PERM | Target: SUP2 | Affects: ['ALL']
        WeltTraceDMG | DMG% | Stacks: 1 | Value: 0.144 | Remaining Turns: 1 | TickDown: SUP2, PERM | Target: SUP2 | Affects: ['ALL']
        KeelCD(SUS) | CD% | Stacks: 1 | Value: 0.100 | Remaining Turns: 1 | TickDown: SUP2, PERM | Target: SUP2 | Affects: ['ALL']
        WeltTalent3ATK | ATK% | Stacks: 1 | Value: 0.800 | Remaining Turns: 1 | TickDown: SUP2, PERM | Target: SUP2 | Affects: ['ALL']
        WarriorGoddessHealCD | CD% | Stacks: 1 | Value: 0.150 | Remaining Turns: 1 | TickDown: SUP2, START | Target: SUP2 | Affects: ['ALL']
        ----------End of Buff List----------
        ----------Enemy Debuffs----------
        WeltSpdDebuff | From: SUP2 | SPD% | Stacks: 1 | Value: -0.100 | Remaining Turns: 2 | Target: 1 | Targeting: ST | Affects: ['ALL'] | DOT: False | Blast: False
        Enemy 1 WIN-break | From: DPS | WINDSHEAR | Stacks: 1 | Value: 12621.002 | Remaining Turns: 1 | Target: 1 | Targeting: ST | Affects: ['ALL'] | DOT: True | Blast: False
        ResoShred(SUP2) | From: SUP2 | SHRED | Stacks: 1 | Value: 0.160 | Remaining Turns: 1 | Target: 1 | Targeting: ST | Affects: ['ALL'] | DOT: False | Blast: False
        ----------End of Debuff List----------
        ----------Healing List----------
        ----------End of Healing List----------
        ----------Shields List----------
        ----------End of Shields List----------
    GAUGE  - Enemy 1 toughness reduced by 0.000
    RESULT - WeltSkillExtra | Welt | SUP2 | DMG: 1472.458 | ELADMG: 0.000 | Enemies Hit: [1] | Enemies Broken: [] | WB DMG: 0.000 | Energy: 7.466 | Amount HP Healed: 0.000 | Amount HP Lost: 0.000 | Welt Energy: 120/120 | SP: 0 | MaxSP: 5)
    TURN   - WeltSlowedAdditionalDMG | Welt | SUP2 | ST attack | ['IMG'] | ['ADD'] | Scaling: ATK | TargetID: 1 | DMG/BREAK Splits: [1.0, 0]/[0, 0] | Energy Gained: 0 | SP Change: 0

        ----------Char Buffs----------
        GilgameshTrace3ATK | ATK% | Stacks: 1 | Value: 0.200 | Remaining Turns: 1 | TickDown: SUP2, PERM | Target: SUP2 | Affects: ['ALL']
        GilgameshTrace3CD | CD% | Stacks: 1 | Value: 0.200 | Remaining Turns: 1 | TickDown: SUP2, PERM | Target: SUP2 | Affects: ['ALL']
        MasterSmithHP | HP% | Stacks: 1 | Value: 0.120 | Remaining Turns: 1 | TickDown: SUP2, PERM | Target: SUP2 | Affects: ['ALL']
        LushakaERR | ERR% | Stacks: 1 | Value: 0.050 | Remaining Turns: 1 | TickDown: SUP2, PERM | Target: SUP2 | Affects: ['ALL']
        WeltTraceERS | ERS% | Stacks: 1 | Value: 0.100 | Remaining Turns: 1 | TickDown: SUP2, PERM | Target: SUP2 | Affects: ['ALL']
        WeltTraceEHR | EHR% | Stacks: 1 | Value: 0.280 | Remaining Turns: 1 | TickDown: SUP2, PERM | Target: SUP2 | Affects: ['ALL']
        WeltTraceDMG | DMG% | Stacks: 1 | Value: 0.144 | Remaining Turns: 1 | TickDown: SUP2, PERM | Target: SUP2 | Affects: ['ALL']
        KeelCD(SUS) | CD% | Stacks: 1 | Value: 0.100 | Remaining Turns: 1 | TickDown: SUP2, PERM | Target: SUP2 | Affects: ['ALL']
        WeltTalent3ATK | ATK% | Stacks: 1 | Value: 0.800 | Remaining Turns: 1 | TickDown: SUP2, PERM | Target: SUP2 | Affects: ['ALL']
        WarriorGoddessHealCD | CD% | Stacks: 1 | Value: 0.150 | Remaining Turns: 1 | TickDown: SUP2, START | Target: SUP2 | Affects: ['ALL']
        ----------End of Buff List----------
        ----------Enemy Debuffs----------
        WeltSpdDebuff | From: SUP2 | SPD% | Stacks: 1 | Value: -0.100 | Remaining Turns: 2 | Target: 1 | Targeting: ST | Affects: ['ALL'] | DOT: False | Blast: False
        Enemy 1 WIN-break | From: DPS | WINDSHEAR | Stacks: 1 | Value: 12621.002 | Remaining Turns: 1 | Target: 1 | Targeting: ST | Affects: ['ALL'] | DOT: True | Blast: False
        ResoShred(SUP2) | From: SUP2 | SHRED | Stacks: 1 | Value: 0.160 | Remaining Turns: 1 | Target: 1 | Targeting: ST | Affects: ['ALL'] | DOT: False | Blast: False
        ----------End of Debuff List----------
        ----------Healing List----------
        ----------End of Healing List----------
        ----------Shields List----------
        ----------End of Shields List----------
    GAUGE  - Enemy 1 toughness reduced by 0.000
    RESULT - WeltSlowedAdditionalDMG | Welt | SUP2 | DMG: 2045.081 | ELADMG: 0.000 | Enemies Hit: [1] | Enemies Broken: [] | WB DMG: 0.000 | Energy: 0.000 | Amount HP Healed: 0.000 | Amount HP Lost: 0.000 | Welt Energy: 120/120 | SP: 0 | MaxSP: 5)
    TURN   - WeltSkillExtra | Welt | SUP2 | ST attack | ['IMG'] | ['SKL'] | Scaling: ATK | TargetID: 1 | DMG/BREAK Splits: [0.72, 0]/[10, 0] | Energy Gained: 6 | SP Change: 0

        ----------Char Buffs----------
        GilgameshTrace3ATK | ATK% | Stacks: 1 | Value: 0.200 | Remaining Turns: 1 | TickDown: SUP2, PERM | Target: SUP2 | Affects: ['ALL']
        GilgameshTrace3CD | CD% | Stacks: 1 | Value: 0.200 | Remaining Turns: 1 | TickDown: SUP2, PERM | Target: SUP2 | Affects: ['ALL']
        MasterSmithHP | HP% | Stacks: 1 | Value: 0.120 | Remaining Turns: 1 | TickDown: SUP2, PERM | Target: SUP2 | Affects: ['ALL']
        LushakaERR | ERR% | Stacks: 1 | Value: 0.050 | Remaining Turns: 1 | TickDown: SUP2, PERM | Target: SUP2 | Affects: ['ALL']
        WeltTraceERS | ERS% | Stacks: 1 | Value: 0.100 | Remaining Turns: 1 | TickDown: SUP2, PERM | Target: SUP2 | Affects: ['ALL']
        WeltTraceEHR | EHR% | Stacks: 1 | Value: 0.280 | Remaining Turns: 1 | TickDown: SUP2, PERM | Target: SUP2 | Affects: ['ALL']
        WeltTraceDMG | DMG% | Stacks: 1 | Value: 0.144 | Remaining Turns: 1 | TickDown: SUP2, PERM | Target: SUP2 | Affects: ['ALL']
        KeelCD(SUS) | CD% | Stacks: 1 | Value: 0.100 | Remaining Turns: 1 | TickDown: SUP2, PERM | Target: SUP2 | Affects: ['ALL']
        WeltTalent3ATK | ATK% | Stacks: 1 | Value: 0.800 | Remaining Turns: 1 | TickDown: SUP2, PERM | Target: SUP2 | Affects: ['ALL']
        WarriorGoddessHealCD | CD% | Stacks: 1 | Value: 0.150 | Remaining Turns: 1 | TickDown: SUP2, START | Target: SUP2 | Affects: ['ALL']
        ----------End of Buff List----------
        ----------Enemy Debuffs----------
        WeltSpdDebuff | From: SUP2 | SPD% | Stacks: 1 | Value: -0.100 | Remaining Turns: 2 | Target: 1 | Targeting: ST | Affects: ['ALL'] | DOT: False | Blast: False
        Enemy 1 WIN-break | From: DPS | WINDSHEAR | Stacks: 1 | Value: 12621.002 | Remaining Turns: 1 | Target: 1 | Targeting: ST | Affects: ['ALL'] | DOT: True | Blast: False
        ResoShred(SUP2) | From: SUP2 | SHRED | Stacks: 1 | Value: 0.160 | Remaining Turns: 1 | Target: 1 | Targeting: ST | Affects: ['ALL'] | DOT: False | Blast: False
        ----------End of Debuff List----------
        ----------Healing List----------
        ----------End of Healing List----------
        ----------Shields List----------
        ----------End of Shields List----------
    GAUGE  - Enemy 1 toughness reduced by 0.000
    RESULT - WeltSkillExtra | Welt | SUP2 | DMG: 1472.458 | ELADMG: 0.000 | Enemies Hit: [1] | Enemies Broken: [] | WB DMG: 0.000 | Energy: 7.466 | Amount HP Healed: 0.000 | Amount HP Lost: 0.000 | Welt Energy: 120/120 | SP: 0 | MaxSP: 5)
    TURN   - WeltSlowedAdditionalDMG | Welt | SUP2 | ST attack | ['IMG'] | ['ADD'] | Scaling: ATK | TargetID: 1 | DMG/BREAK Splits: [1.0, 0]/[0, 0] | Energy Gained: 0 | SP Change: 0

        ----------Char Buffs----------
        GilgameshTrace3ATK | ATK% | Stacks: 1 | Value: 0.200 | Remaining Turns: 1 | TickDown: SUP2, PERM | Target: SUP2 | Affects: ['ALL']
        GilgameshTrace3CD | CD% | Stacks: 1 | Value: 0.200 | Remaining Turns: 1 | TickDown: SUP2, PERM | Target: SUP2 | Affects: ['ALL']
        MasterSmithHP | HP% | Stacks: 1 | Value: 0.120 | Remaining Turns: 1 | TickDown: SUP2, PERM | Target: SUP2 | Affects: ['ALL']
        LushakaERR | ERR% | Stacks: 1 | Value: 0.050 | Remaining Turns: 1 | TickDown: SUP2, PERM | Target: SUP2 | Affects: ['ALL']
        WeltTraceERS | ERS% | Stacks: 1 | Value: 0.100 | Remaining Turns: 1 | TickDown: SUP2, PERM | Target: SUP2 | Affects: ['ALL']
        WeltTraceEHR | EHR% | Stacks: 1 | Value: 0.280 | Remaining Turns: 1 | TickDown: SUP2, PERM | Target: SUP2 | Affects: ['ALL']
        WeltTraceDMG | DMG% | Stacks: 1 | Value: 0.144 | Remaining Turns: 1 | TickDown: SUP2, PERM | Target: SUP2 | Affects: ['ALL']
        KeelCD(SUS) | CD% | Stacks: 1 | Value: 0.100 | Remaining Turns: 1 | TickDown: SUP2, PERM | Target: SUP2 | Affects: ['ALL']
        WeltTalent3ATK | ATK% | Stacks: 1 | Value: 0.800 | Remaining Turns: 1 | TickDown: SUP2, PERM | Target: SUP2 | Affects: ['ALL']
        WarriorGoddessHealCD | CD% | Stacks: 1 | Value: 0.150 | Remaining Turns: 1 | TickDown: SUP2, START | Target: SUP2 | Affects: ['ALL']
        ----------End of Buff List----------
        ----------Enemy Debuffs----------
        WeltSpdDebuff | From: SUP2 | SPD% | Stacks: 1 | Value: -0.100 | Remaining Turns: 2 | Target: 1 | Targeting: ST | Affects: ['ALL'] | DOT: False | Blast: False
        Enemy 1 WIN-break | From: DPS | WINDSHEAR | Stacks: 1 | Value: 12621.002 | Remaining Turns: 1 | Target: 1 | Targeting: ST | Affects: ['ALL'] | DOT: True | Blast: False
        ResoShred(SUP2) | From: SUP2 | SHRED | Stacks: 1 | Value: 0.160 | Remaining Turns: 1 | Target: 1 | Targeting: ST | Affects: ['ALL'] | DOT: False | Blast: False
        ----------End of Debuff List----------
        ----------Healing List----------
        ----------End of Healing List----------
        ----------Shields List----------
        ----------End of Shields List----------
    GAUGE  - Enemy 1 toughness reduced by 0.000
    RESULT - WeltSlowedAdditionalDMG | Welt | SUP2 | DMG: 2045.081 | ELADMG: 0.000 | Enemies Hit: [1] | Enemies Broken: [] | WB DMG: 0.000 | Energy: 0.000 | Amount HP Healed: 0.000 | Amount HP Lost: 0.000 | Welt Energy: 120/120 | SP: 0 | MaxSP: 5)
    TURN   - WeltAdditionalDMG | Welt | SUP2 | ST attack | ['IMG'] | ['ADD'] | Scaling: ATK | TargetID: 1 | DMG/BREAK Splits: [0.864, 0]/[0, 0] | Energy Gained: 0 | SP Change: 0

        ----------Char Buffs----------
        GilgameshTrace3ATK | ATK% | Stacks: 1 | Value: 0.200 | Remaining Turns: 1 | TickDown: SUP2, PERM | Target: SUP2 | Affects: ['ALL']
        GilgameshTrace3CD | CD% | Stacks: 1 | Value: 0.200 | Remaining Turns: 1 | TickDown: SUP2, PERM | Target: SUP2 | Affects: ['ALL']
        MasterSmithHP | HP% | Stacks: 1 | Value: 0.120 | Remaining Turns: 1 | TickDown: SUP2, PERM | Target: SUP2 | Affects: ['ALL']
        LushakaERR | ERR% | Stacks: 1 | Value: 0.050 | Remaining Turns: 1 | TickDown: SUP2, PERM | Target: SUP2 | Affects: ['ALL']
        WeltTraceERS | ERS% | Stacks: 1 | Value: 0.100 | Remaining Turns: 1 | TickDown: SUP2, PERM | Target: SUP2 | Affects: ['ALL']
        WeltTraceEHR | EHR% | Stacks: 1 | Value: 0.280 | Remaining Turns: 1 | TickDown: SUP2, PERM | Target: SUP2 | Affects: ['ALL']
        WeltTraceDMG | DMG% | Stacks: 1 | Value: 0.144 | Remaining Turns: 1 | TickDown: SUP2, PERM | Target: SUP2 | Affects: ['ALL']
        KeelCD(SUS) | CD% | Stacks: 1 | Value: 0.100 | Remaining Turns: 1 | TickDown: SUP2, PERM | Target: SUP2 | Affects: ['ALL']
        WeltTalent3ATK | ATK% | Stacks: 1 | Value: 0.800 | Remaining Turns: 1 | TickDown: SUP2, PERM | Target: SUP2 | Affects: ['ALL']
        WarriorGoddessHealCD | CD% | Stacks: 1 | Value: 0.150 | Remaining Turns: 1 | TickDown: SUP2, START | Target: SUP2 | Affects: ['ALL']
        ----------End of Buff List----------
        ----------Enemy Debuffs----------
        WeltSpdDebuff | From: SUP2 | SPD% | Stacks: 1 | Value: -0.100 | Remaining Turns: 2 | Target: 1 | Targeting: ST | Affects: ['ALL'] | DOT: False | Blast: False
        Enemy 1 WIN-break | From: DPS | WINDSHEAR | Stacks: 1 | Value: 12621.002 | Remaining Turns: 1 | Target: 1 | Targeting: ST | Affects: ['ALL'] | DOT: True | Blast: False
        ResoShred(SUP2) | From: SUP2 | SHRED | Stacks: 1 | Value: 0.160 | Remaining Turns: 1 | Target: 1 | Targeting: ST | Affects: ['ALL'] | DOT: False | Blast: False
        ----------End of Debuff List----------
        ----------Healing List----------
        ----------End of Healing List----------
        ----------Shields List----------
        ----------End of Shields List----------
    GAUGE  - Enemy 1 toughness reduced by 0.000
    RESULT - WeltAdditionalDMG | Welt | SUP2 | DMG: 1766.950 | ELADMG: 0.000 | Enemies Hit: [1] | Enemies Broken: [] | WB DMG: 0.000 | Energy: 0.000 | Amount HP Healed: 0.000 | Amount HP Lost: 0.000 | Welt Energy: 120/120 | SP: 0 | MaxSP: 5)
    TURN   - HuoHuoAllyERR | HuoHuo | SUS | NA attack | ['WIN'] | ['SPECIAL'] | Scaling: HP | TargetID: 1 | DMG/BREAK Splits: [0, 0]/[0, 0] | Energy Gained: 1 | SP Change: 0

        ----------Char Buffs----------
        GilgameshTrace3ATK | ATK% | Stacks: 1 | Value: 0.200 | Remaining Turns: 1 | TickDown: SUS, PERM | Target: SUS | Affects: ['ALL']
        GilgameshTrace3CD | CD% | Stacks: 1 | Value: 0.200 | Remaining Turns: 1 | TickDown: SUS, PERM | Target: SUS | Affects: ['ALL']
        PostOpERR | ERR% | Stacks: 1 | Value: 0.160 | Remaining Turns: 1 | TickDown: SUS, PERM | Target: SUS | Affects: ['ALL']
        WarriorGoddessSPD | SPD% | Stacks: 1 | Value: 0.060 | Remaining Turns: 1 | TickDown: SUS, PERM | Target: SUS | Affects: ['ALL']
        KeelEFFRES | ERS% | Stacks: 1 | Value: 0.100 | Remaining Turns: 1 | TickDown: SUS, PERM | Target: SUS | Affects: ['ALL']
        KeelCD(SUS) | CD% | Stacks: 1 | Value: 0.100 | Remaining Turns: 1 | TickDown: SUS, PERM | Target: SUS | Affects: ['ALL']
        HHTraceHP | HP% | Stacks: 1 | Value: 0.280 | Remaining Turns: 1 | TickDown: SUS, PERM | Target: SUS | Affects: ['ALL']
        HHTraceERS | ERS% | Stacks: 1 | Value: 0.180 | Remaining Turns: 1 | TickDown: SUS, PERM | Target: SUS | Affects: ['ALL']
        HHTraceSPD | SPD | Stacks: 1 | Value: 5.000 | Remaining Turns: 1 | TickDown: SUS, PERM | Target: SUS | Affects: ['ALL']
        WarriorGoddessHealSPD | SPD% | Stacks: 1 | Value: 0.060 | Remaining Turns: 1 | TickDown: SUS, START | Target: SUS | Affects: ['ALL']
        WarriorGoddessHealCD | CD% | Stacks: 1 | Value: 0.150 | Remaining Turns: 1 | TickDown: SUS, START | Target: SUS | Affects: ['ALL']
        ----------End of Buff List----------
        ----------Enemy Debuffs----------
        WeltSpdDebuff | From: SUP2 | SPD% | Stacks: 1 | Value: -0.100 | Remaining Turns: 2 | Target: 1 | Targeting: ST | Affects: ['ALL'] | DOT: False | Blast: False
        Enemy 1 WIN-break | From: DPS | WINDSHEAR | Stacks: 1 | Value: 12621.002 | Remaining Turns: 1 | Target: 1 | Targeting: ST | Affects: ['ALL'] | DOT: True | Blast: False
        ResoShred(SUP2) | From: SUP2 | SHRED | Stacks: 1 | Value: 0.160 | Remaining Turns: 1 | Target: 1 | Targeting: ST | Affects: ['ALL'] | DOT: False | Blast: False
        ----------End of Debuff List----------
        ----------Healing List----------
        ----------End of Healing List----------
        ----------Shields List----------
        ----------End of Shields List----------
    GAUGE  - Enemy 1 toughness reduced by 0.000
    RESULT - HuoHuoAllyERR | HuoHuo | SUS | DMG: 0.000 | ELADMG: 0.000 | Enemies Hit: [1] | Enemies Broken: [] | WB DMG: 0.000 | Energy: 1.354 | Amount HP Healed: 0.000 | Amount HP Lost: 0.000 | HuoHuo Energy: 40/140 | SP: 0 | MaxSP: 5)
[WeltAllyBuff] allyTurn() invoked for attacker=Role.SUS, move=HuoHuoAllyERR
[WeltAllyBuff] allyTurn check: attacker=Role.SUS, turnName=HuoHuoAllyERR, dmg=0.0, elationDmg=0, enemiesHit=[1], weightlessTurns={0: 1}
[WeltAllyBuff] skipped: no damage on this turn
ULT    > Welt used their ultimate
[WeltAllyBuff] Ult seeded weightlessTurns={0: 2, 1: 2, 2: 2}
    TURN   - WeltUlt | Welt | SUP2 | AOE attack | ['IMG'] | ['ULT'] | Scaling: ATK | TargetID: 1 | DMG/BREAK Splits: [1.5, 0]/[20, 0] | Energy Gained: 10 | SP Change: 0

        ----------Char Buffs----------
        GilgameshTrace3ATK | ATK% | Stacks: 1 | Value: 0.200 | Remaining Turns: 1 | TickDown: SUP2, PERM | Target: SUP2 | Affects: ['ALL']
        GilgameshTrace3CD | CD% | Stacks: 1 | Value: 0.200 | Remaining Turns: 1 | TickDown: SUP2, PERM | Target: SUP2 | Affects: ['ALL']
        MasterSmithHP | HP% | Stacks: 1 | Value: 0.120 | Remaining Turns: 1 | TickDown: SUP2, PERM | Target: SUP2 | Affects: ['ALL']
        LushakaERR | ERR% | Stacks: 1 | Value: 0.050 | Remaining Turns: 1 | TickDown: SUP2, PERM | Target: SUP2 | Affects: ['ALL']
        WeltTraceERS | ERS% | Stacks: 1 | Value: 0.100 | Remaining Turns: 1 | TickDown: SUP2, PERM | Target: SUP2 | Affects: ['ALL']
        WeltTraceEHR | EHR% | Stacks: 1 | Value: 0.280 | Remaining Turns: 1 | TickDown: SUP2, PERM | Target: SUP2 | Affects: ['ALL']
        WeltTraceDMG | DMG% | Stacks: 1 | Value: 0.144 | Remaining Turns: 1 | TickDown: SUP2, PERM | Target: SUP2 | Affects: ['ALL']
        KeelCD(SUS) | CD% | Stacks: 1 | Value: 0.100 | Remaining Turns: 1 | TickDown: SUP2, PERM | Target: SUP2 | Affects: ['ALL']
        WeltTalent3ATK | ATK% | Stacks: 1 | Value: 0.800 | Remaining Turns: 1 | TickDown: SUP2, PERM | Target: SUP2 | Affects: ['ALL']
        WarriorGoddessHealCD | CD% | Stacks: 1 | Value: 0.150 | Remaining Turns: 1 | TickDown: SUP2, START | Target: SUP2 | Affects: ['ALL']
        ----------End of Buff List----------
        ----------Enemy Debuffs----------
        WeltSpdDebuff | From: SUP2 | SPD% | Stacks: 1 | Value: -0.100 | Remaining Turns: 2 | Target: 1 | Targeting: ST | Affects: ['ALL'] | DOT: False | Blast: False
        Enemy 1 WIN-break | From: DPS | WINDSHEAR | Stacks: 1 | Value: 12621.002 | Remaining Turns: 1 | Target: 1 | Targeting: ST | Affects: ['ALL'] | DOT: True | Blast: False
        ResoShred(SUP2) | From: SUP2 | SHRED | Stacks: 1 | Value: 0.160 | Remaining Turns: 1 | Target: 1 | Targeting: ST | Affects: ['ALL'] | DOT: False | Blast: False
        WeltImprisonSPD | From: SUP2 | SPD% | Stacks: 1 | Value: -0.100 | Remaining Turns: 1 | Target: 1 | Targeting: ST | Affects: ['ALL'] | DOT: False | Blast: False
        WeltWeightlessSPD | From: SUP2 | SPD% | Stacks: 1 | Value: -0.050 | Remaining Turns: 2 | Target: 1 | Targeting: ST | Affects: ['ALL'] | DOT: False | Blast: False
        WeltWeightlessShred | From: SUP2 | SHRED | Stacks: 1 | Value: 0.400 | Remaining Turns: 2 | Target: 1 | Targeting: ST | Affects: ['ALL'] | DOT: False | Blast: False
        ----------End of Debuff List----------
        ----------Healing List----------
        ----------End of Healing List----------
        ----------Shields List----------
        ----------End of Shields List----------
    GAUGE  - Enemy 0 toughness reduced by 0.000
    GAUGE  - Enemy 1 toughness reduced by 0.000
    GAUGE  - Enemy 2 toughness reduced by 0.000
    RESULT - WeltUlt | Welt | SUP2 | DMG: 12013.832 | ELADMG: 0.000 | Enemies Hit: [0, 1, 2] | Enemies Broken: [] | WB DMG: 0.000 | Energy: 12.444 | Amount HP Healed: 0.000 | Amount HP Lost: 0.000 | Welt Energy: 12/120 | SP: 0 | MaxSP: 5)
Saber got 3 Core Resonance from Talent, Current Count: 12
Gilgamesh Obtained 2 Interest from Teammate Ult, Current count: 4
Gilgamesh Obtained 36.0 Energy from Teammate
Gilgamesh Obtained 1 Interest from Teammate, Current count: 5
    TURN   - WeltSlowedAdditionalDMG | Welt | SUP2 | ST attack | ['IMG'] | ['ADD'] | Scaling: ATK | TargetID: 0 | DMG/BREAK Splits: [1.0, 0]/[0, 0] | Energy Gained: 0 | SP Change: 0

        ----------Char Buffs----------
        GilgameshTrace3ATK | ATK% | Stacks: 1 | Value: 0.200 | Remaining Turns: 1 | TickDown: SUP2, PERM | Target: SUP2 | Affects: ['ALL']
        GilgameshTrace3CD | CD% | Stacks: 1 | Value: 0.200 | Remaining Turns: 1 | TickDown: SUP2, PERM | Target: SUP2 | Affects: ['ALL']
        MasterSmithHP | HP% | Stacks: 1 | Value: 0.120 | Remaining Turns: 1 | TickDown: SUP2, PERM | Target: SUP2 | Affects: ['ALL']
        LushakaERR | ERR% | Stacks: 1 | Value: 0.050 | Remaining Turns: 1 | TickDown: SUP2, PERM | Target: SUP2 | Affects: ['ALL']
        WeltTraceERS | ERS% | Stacks: 1 | Value: 0.100 | Remaining Turns: 1 | TickDown: SUP2, PERM | Target: SUP2 | Affects: ['ALL']
        WeltTraceEHR | EHR% | Stacks: 1 | Value: 0.280 | Remaining Turns: 1 | TickDown: SUP2, PERM | Target: SUP2 | Affects: ['ALL']
        WeltTraceDMG | DMG% | Stacks: 1 | Value: 0.144 | Remaining Turns: 1 | TickDown: SUP2, PERM | Target: SUP2 | Affects: ['ALL']
        KeelCD(SUS) | CD% | Stacks: 1 | Value: 0.100 | Remaining Turns: 1 | TickDown: SUP2, PERM | Target: SUP2 | Affects: ['ALL']
        WeltTalent3ATK | ATK% | Stacks: 1 | Value: 0.800 | Remaining Turns: 1 | TickDown: SUP2, PERM | Target: SUP2 | Affects: ['ALL']
        WarriorGoddessHealCD | CD% | Stacks: 1 | Value: 0.150 | Remaining Turns: 1 | TickDown: SUP2, START | Target: SUP2 | Affects: ['ALL']
        ----------End of Buff List----------
        ----------Enemy Debuffs----------
        WeltSpdDebuff | From: SUP2 | SPD% | Stacks: 1 | Value: -0.100 | Remaining Turns: 2 | Target: 0 | Targeting: ST | Affects: ['ALL'] | DOT: False | Blast: False
        WeltWeightlessSPD | From: SUP2 | SPD% | Stacks: 1 | Value: -0.050 | Remaining Turns: 2 | Target: 0 | Targeting: ST | Affects: ['ALL'] | DOT: False | Blast: False
        WeltWeightlessShred | From: SUP2 | SHRED | Stacks: 1 | Value: 0.400 | Remaining Turns: 2 | Target: 0 | Targeting: ST | Affects: ['ALL'] | DOT: False | Blast: False
        Enemy 0 WIN-break | From: DPS | WINDSHEAR | Stacks: 1 | Value: 12621.002 | Remaining Turns: 1 | Target: 0 | Targeting: ST | Affects: ['ALL'] | DOT: True | Blast: False
        ResoShred(SUP2) | From: SUP2 | SHRED | Stacks: 1 | Value: 0.160 | Remaining Turns: 1 | Target: 0 | Targeting: AOE | Affects: ['ALL'] | DOT: False | Blast: False
        WeltImprisonSPD | From: SUP2 | SPD% | Stacks: 1 | Value: -0.100 | Remaining Turns: 1 | Target: 0 | Targeting: ST | Affects: ['ALL'] | DOT: False | Blast: False
        ----------End of Debuff List----------
        ----------Healing List----------
        HuoHuoTalentHealingScaling | Targeting: Targeting.SINGLE | Healing Value: [0] | Target: ALL
        HuoHuoTalentHealingScaling | Targeting: Targeting.SINGLE | Healing Value: [0] | Target: ALL
        HuoHuoTalentHealingScaling | Targeting: Targeting.SINGLE | Healing Value: [0.045] | Target: ALL
        HuoHuoTalentHealingScaling | Targeting: Targeting.SINGLE | Healing Value: [0] | Target: ALL
        HuoHuoTalentHealingFlat | Targeting: Targeting.SINGLE | Healing Value: [0] | Target: ALL
        HuoHuoTalentHealingFlat | Targeting: Targeting.SINGLE | Healing Value: [0] | Target: ALL
        HuoHuoTalentHealingFlat | Targeting: Targeting.SINGLE | Healing Value: [120] | Target: ALL
        HuoHuoTalentHealingFlat | Targeting: Targeting.SINGLE | Healing Value: [0] | Target: ALL
        ----------End of Healing List----------
        ----------Shields List----------
        ----------End of Shields List----------
    GAUGE  - Enemy 0 toughness reduced by 0.000
    RESULT - WeltSlowedAdditionalDMG | Welt | SUP2 | DMG: 2669.740 | ELADMG: 0.000 | Enemies Hit: [0] | Enemies Broken: [] | WB DMG: 0.000 | Energy: 0.000 | Amount HP Healed: 371.779 | Amount HP Lost: 0.000 | Welt Energy: 12/120 | SP: 0 | MaxSP: 5)
    TURN   - WeltSlowedAdditionalDMG | Welt | SUP2 | ST attack | ['IMG'] | ['ADD'] | Scaling: ATK | TargetID: 1 | DMG/BREAK Splits: [1.0, 0]/[0, 0] | Energy Gained: 0 | SP Change: 0

        ----------Char Buffs----------
        GilgameshTrace3ATK | ATK% | Stacks: 1 | Value: 0.200 | Remaining Turns: 1 | TickDown: SUP2, PERM | Target: SUP2 | Affects: ['ALL']
        GilgameshTrace3CD | CD% | Stacks: 1 | Value: 0.200 | Remaining Turns: 1 | TickDown: SUP2, PERM | Target: SUP2 | Affects: ['ALL']
        MasterSmithHP | HP% | Stacks: 1 | Value: 0.120 | Remaining Turns: 1 | TickDown: SUP2, PERM | Target: SUP2 | Affects: ['ALL']
        LushakaERR | ERR% | Stacks: 1 | Value: 0.050 | Remaining Turns: 1 | TickDown: SUP2, PERM | Target: SUP2 | Affects: ['ALL']
        WeltTraceERS | ERS% | Stacks: 1 | Value: 0.100 | Remaining Turns: 1 | TickDown: SUP2, PERM | Target: SUP2 | Affects: ['ALL']
        WeltTraceEHR | EHR% | Stacks: 1 | Value: 0.280 | Remaining Turns: 1 | TickDown: SUP2, PERM | Target: SUP2 | Affects: ['ALL']
        WeltTraceDMG | DMG% | Stacks: 1 | Value: 0.144 | Remaining Turns: 1 | TickDown: SUP2, PERM | Target: SUP2 | Affects: ['ALL']
        KeelCD(SUS) | CD% | Stacks: 1 | Value: 0.100 | Remaining Turns: 1 | TickDown: SUP2, PERM | Target: SUP2 | Affects: ['ALL']
        WeltTalent3ATK | ATK% | Stacks: 1 | Value: 0.800 | Remaining Turns: 1 | TickDown: SUP2, PERM | Target: SUP2 | Affects: ['ALL']
        WarriorGoddessHealCD | CD% | Stacks: 1 | Value: 0.150 | Remaining Turns: 1 | TickDown: SUP2, START | Target: SUP2 | Affects: ['ALL']
        ----------End of Buff List----------
        ----------Enemy Debuffs----------
        WeltSpdDebuff | From: SUP2 | SPD% | Stacks: 1 | Value: -0.100 | Remaining Turns: 2 | Target: 1 | Targeting: ST | Affects: ['ALL'] | DOT: False | Blast: False
        Enemy 1 WIN-break | From: DPS | WINDSHEAR | Stacks: 1 | Value: 12621.002 | Remaining Turns: 1 | Target: 1 | Targeting: ST | Affects: ['ALL'] | DOT: True | Blast: False
        ResoShred(SUP2) | From: SUP2 | SHRED | Stacks: 1 | Value: 0.160 | Remaining Turns: 1 | Target: 1 | Targeting: ST | Affects: ['ALL'] | DOT: False | Blast: False
        WeltImprisonSPD | From: SUP2 | SPD% | Stacks: 1 | Value: -0.100 | Remaining Turns: 1 | Target: 1 | Targeting: ST | Affects: ['ALL'] | DOT: False | Blast: False
        WeltWeightlessSPD | From: SUP2 | SPD% | Stacks: 1 | Value: -0.050 | Remaining Turns: 2 | Target: 1 | Targeting: ST | Affects: ['ALL'] | DOT: False | Blast: False
        WeltWeightlessShred | From: SUP2 | SHRED | Stacks: 1 | Value: 0.400 | Remaining Turns: 2 | Target: 1 | Targeting: ST | Affects: ['ALL'] | DOT: False | Blast: False
        ----------End of Debuff List----------
        ----------Healing List----------
        ----------End of Healing List----------
        ----------Shields List----------
        ----------End of Shields List----------
    GAUGE  - Enemy 1 toughness reduced by 0.000
    RESULT - WeltSlowedAdditionalDMG | Welt | SUP2 | DMG: 2669.740 | ELADMG: 0.000 | Enemies Hit: [1] | Enemies Broken: [] | WB DMG: 0.000 | Energy: 0.000 | Amount HP Healed: 0.000 | Amount HP Lost: 0.000 | Welt Energy: 12/120 | SP: 0 | MaxSP: 5)
    TURN   - WeltSlowedAdditionalDMG | Welt | SUP2 | ST attack | ['IMG'] | ['ADD'] | Scaling: ATK | TargetID: 2 | DMG/BREAK Splits: [1.0, 0]/[0, 0] | Energy Gained: 0 | SP Change: 0

        ----------Char Buffs----------
        GilgameshTrace3ATK | ATK% | Stacks: 1 | Value: 0.200 | Remaining Turns: 1 | TickDown: SUP2, PERM | Target: SUP2 | Affects: ['ALL']
        GilgameshTrace3CD | CD% | Stacks: 1 | Value: 0.200 | Remaining Turns: 1 | TickDown: SUP2, PERM | Target: SUP2 | Affects: ['ALL']
        MasterSmithHP | HP% | Stacks: 1 | Value: 0.120 | Remaining Turns: 1 | TickDown: SUP2, PERM | Target: SUP2 | Affects: ['ALL']
        LushakaERR | ERR% | Stacks: 1 | Value: 0.050 | Remaining Turns: 1 | TickDown: SUP2, PERM | Target: SUP2 | Affects: ['ALL']
        WeltTraceERS | ERS% | Stacks: 1 | Value: 0.100 | Remaining Turns: 1 | TickDown: SUP2, PERM | Target: SUP2 | Affects: ['ALL']
        WeltTraceEHR | EHR% | Stacks: 1 | Value: 0.280 | Remaining Turns: 1 | TickDown: SUP2, PERM | Target: SUP2 | Affects: ['ALL']
        WeltTraceDMG | DMG% | Stacks: 1 | Value: 0.144 | Remaining Turns: 1 | TickDown: SUP2, PERM | Target: SUP2 | Affects: ['ALL']
        KeelCD(SUS) | CD% | Stacks: 1 | Value: 0.100 | Remaining Turns: 1 | TickDown: SUP2, PERM | Target: SUP2 | Affects: ['ALL']
        WeltTalent3ATK | ATK% | Stacks: 1 | Value: 0.800 | Remaining Turns: 1 | TickDown: SUP2, PERM | Target: SUP2 | Affects: ['ALL']
        WarriorGoddessHealCD | CD% | Stacks: 1 | Value: 0.150 | Remaining Turns: 1 | TickDown: SUP2, START | Target: SUP2 | Affects: ['ALL']
        ----------End of Buff List----------
        ----------Enemy Debuffs----------
        WeltSpdDebuff | From: SUP2 | SPD% | Stacks: 1 | Value: -0.100 | Remaining Turns: 2 | Target: 2 | Targeting: ST | Affects: ['ALL'] | DOT: False | Blast: False
        WeltWeightlessSPD | From: SUP2 | SPD% | Stacks: 1 | Value: -0.050 | Remaining Turns: 2 | Target: 2 | Targeting: ST | Affects: ['ALL'] | DOT: False | Blast: False
        WeltWeightlessShred | From: SUP2 | SHRED | Stacks: 1 | Value: 0.400 | Remaining Turns: 2 | Target: 2 | Targeting: ST | Affects: ['ALL'] | DOT: False | Blast: False
        Enemy 2 WIN-break | From: DPS | WINDSHEAR | Stacks: 1 | Value: 12621.002 | Remaining Turns: 1 | Target: 2 | Targeting: ST | Affects: ['ALL'] | DOT: True | Blast: False
        ResoShred(SUP2) | From: SUP2 | SHRED | Stacks: 1 | Value: 0.160 | Remaining Turns: 1 | Target: 2 | Targeting: AOE | Affects: ['ALL'] | DOT: False | Blast: False
        WeltImprisonSPD | From: SUP2 | SPD% | Stacks: 1 | Value: -0.100 | Remaining Turns: 1 | Target: 2 | Targeting: ST | Affects: ['ALL'] | DOT: False | Blast: False
        ----------End of Debuff List----------
        ----------Healing List----------
        ----------End of Healing List----------
        ----------Shields List----------
        ----------End of Shields List----------
    GAUGE  - Enemy 2 toughness reduced by 0.000
    RESULT - WeltSlowedAdditionalDMG | Welt | SUP2 | DMG: 2669.740 | ELADMG: 0.000 | Enemies Hit: [2] | Enemies Broken: [] | WB DMG: 0.000 | Energy: 0.000 | Amount HP Healed: 0.000 | Amount HP Lost: 0.000 | Welt Energy: 12/120 | SP: 0 | MaxSP: 5)
    TURN   - HuoHuoAllyERR | HuoHuo | SUS | NA attack | ['WIN'] | ['SPECIAL'] | Scaling: HP | TargetID: 1 | DMG/BREAK Splits: [0, 0]/[0, 0] | Energy Gained: 1 | SP Change: 0

        ----------Char Buffs----------
        GilgameshTrace3ATK | ATK% | Stacks: 1 | Value: 0.200 | Remaining Turns: 1 | TickDown: SUS, PERM | Target: SUS | Affects: ['ALL']
        GilgameshTrace3CD | CD% | Stacks: 1 | Value: 0.200 | Remaining Turns: 1 | TickDown: SUS, PERM | Target: SUS | Affects: ['ALL']
        PostOpERR | ERR% | Stacks: 1 | Value: 0.160 | Remaining Turns: 1 | TickDown: SUS, PERM | Target: SUS | Affects: ['ALL']
        WarriorGoddessSPD | SPD% | Stacks: 1 | Value: 0.060 | Remaining Turns: 1 | TickDown: SUS, PERM | Target: SUS | Affects: ['ALL']
        KeelEFFRES | ERS% | Stacks: 1 | Value: 0.100 | Remaining Turns: 1 | TickDown: SUS, PERM | Target: SUS | Affects: ['ALL']
        KeelCD(SUS) | CD% | Stacks: 1 | Value: 0.100 | Remaining Turns: 1 | TickDown: SUS, PERM | Target: SUS | Affects: ['ALL']
        HHTraceHP | HP% | Stacks: 1 | Value: 0.280 | Remaining Turns: 1 | TickDown: SUS, PERM | Target: SUS | Affects: ['ALL']
        HHTraceERS | ERS% | Stacks: 1 | Value: 0.180 | Remaining Turns: 1 | TickDown: SUS, PERM | Target: SUS | Affects: ['ALL']
        HHTraceSPD | SPD | Stacks: 1 | Value: 5.000 | Remaining Turns: 1 | TickDown: SUS, PERM | Target: SUS | Affects: ['ALL']
        WarriorGoddessHealSPD | SPD% | Stacks: 1 | Value: 0.060 | Remaining Turns: 1 | TickDown: SUS, START | Target: SUS | Affects: ['ALL']
        WarriorGoddessHealCD | CD% | Stacks: 1 | Value: 0.150 | Remaining Turns: 1 | TickDown: SUS, START | Target: SUS | Affects: ['ALL']
        ----------End of Buff List----------
        ----------Enemy Debuffs----------
        WeltSpdDebuff | From: SUP2 | SPD% | Stacks: 1 | Value: -0.100 | Remaining Turns: 2 | Target: 1 | Targeting: ST | Affects: ['ALL'] | DOT: False | Blast: False
        Enemy 1 WIN-break | From: DPS | WINDSHEAR | Stacks: 1 | Value: 12621.002 | Remaining Turns: 1 | Target: 1 | Targeting: ST | Affects: ['ALL'] | DOT: True | Blast: False
        ResoShred(SUP2) | From: SUP2 | SHRED | Stacks: 1 | Value: 0.160 | Remaining Turns: 1 | Target: 1 | Targeting: ST | Affects: ['ALL'] | DOT: False | Blast: False
        WeltImprisonSPD | From: SUP2 | SPD% | Stacks: 1 | Value: -0.100 | Remaining Turns: 1 | Target: 1 | Targeting: ST | Affects: ['ALL'] | DOT: False | Blast: False
        WeltWeightlessSPD | From: SUP2 | SPD% | Stacks: 1 | Value: -0.050 | Remaining Turns: 2 | Target: 1 | Targeting: ST | Affects: ['ALL'] | DOT: False | Blast: False
        WeltWeightlessShred | From: SUP2 | SHRED | Stacks: 1 | Value: 0.400 | Remaining Turns: 2 | Target: 1 | Targeting: ST | Affects: ['ALL'] | DOT: False | Blast: False
        ----------End of Debuff List----------
        ----------Healing List----------
        ----------End of Healing List----------
        ----------Shields List----------
        ----------End of Shields List----------
    GAUGE  - Enemy 1 toughness reduced by 0.000
    RESULT - HuoHuoAllyERR | HuoHuo | SUS | DMG: 0.000 | ELADMG: 0.000 | Enemies Hit: [1] | Enemies Broken: [] | WB DMG: 0.000 | Energy: 1.354 | Amount HP Healed: 0.000 | Amount HP Lost: 0.000 | HuoHuo Energy: 42/140 | SP: 0 | MaxSP: 5)
[WeltAllyBuff] allyTurn() invoked for attacker=Role.SUS, move=HuoHuoAllyERR
[WeltAllyBuff] allyTurn check: attacker=Role.SUS, turnName=HuoHuoAllyERR, dmg=0.0, elationDmg=0, enemiesHit=[1], weightlessTurns={0: 2, 1: 2, 2: 2}
[WeltAllyBuff] skipped: no damage on this turn
ERR    > 36.000 energy added to Gilgamesh from GilgameshTrace1ERRAlly2 | Gilgamesh Energy: 82.667
SPD    > Gilgamesh speed changed to 186.632 | NewAV: 20.323
AV     > Welt AV reset to 64.670 | 154.632 SPD
DELAY  > Enemy 0 delayed by 12.0% from WeltImprisonDelay | NewAV: 32.664
DELAY  > Enemy 1 delayed by 12.0% from WeltImprisonDelay | NewAV: 34.660
DELAY  > Enemy 2 delayed by 12.0% from WeltImprisonDelay | NewAV: 32.270
DELAY  > Enemy 0 delayed by 4.0% from WeltWeightlessDelay | NewAV: 35.126
DELAY  > Enemy 1 delayed by 4.0% from WeltWeightlessDelay | NewAV: 36.680
DELAY  > Enemy 2 delayed by 4.0% from WeltWeightlessDelay | NewAV: 34.732

<<< NEW TURN >>>
-   Saber AV: 0.000 ENERGY: 209.333 MaxHP: 3366.991 CurrHp 1980.149 ShieldHP: 0.000
-   Gilgamesh AV: 13.148 ENERGY: 82.667 MaxHP: 3134.558 CurrHp 1994.657 ShieldHP: 0.000
-   Enemy 2 AV: 27.556 ENERGY: 0.000 MaxHP: 2000000.000 CurrHp 582250.336 ShieldHP: 0.000
-   Enemy 0 AV: 27.950 ENERGY: 0.000 MaxHP: 2000000.000 CurrHp 650282.564 ShieldHP: 0.000
-   Enemy 1 AV: 29.504 ENERGY: 0.000 MaxHP: 5000000.000 CurrHp 874337.044 ShieldHP: 0.000
-   HuoHuo AV: 48.066 ENERGY: 41.535 MaxHP: 6139.808 CurrHp 5559.955 ShieldHP: 0.000
-   Welt AV: 57.494 ENERGY: 12.444 MaxHP: 3270.753 CurrHp 2258.155 ShieldHP: 0.000

Combat context set: 3 enemies, 4 players
Combat context initialized: 3 enemies, Elation team size: 0
ACTION > [CHAR] TotalAV: 330.524 | TurnAV: 7.175 | Saber | A-move
Saber got 2 Core Resonance from Enhanced basic, Current Count: 14
    TURN   - SaberEnhancedBasic | Saber | DPS | AOE attack | ['WIN'] | ['BSC'] | Scaling: ATK | TargetID: 1 | DMG/BREAK Splits: [1.5, 0]/[20, 0] | Energy Gained: 30 | SP Change: 1

        ----------Char Buffs----------
        ThanklessCoronationCD | CR% | Stacks: 1 | Value: 0.360 | Remaining Turns: 1 | TickDown: DPS, PERM | Target: DPS | Affects: ['ALL']
        ScholarCR | CR% | Stacks: 1 | Value: 0.080 | Remaining Turns: 1 | TickDown: DPS, PERM | Target: DPS | Affects: ['ALL']
        SaberTraceHP | HP% | Stacks: 1 | Value: 0.100 | Remaining Turns: 1 | TickDown: DPS, PERM | Target: DPS | Affects: ['ALL']
        SaberTraceCR | CR% | Stacks: 1 | Value: 0.120 | Remaining Turns: 1 | TickDown: DPS, PERM | Target: DPS | Affects: ['ALL']
        SaberTraceDMG | DMG% | Stacks: 1 | Value: 0.224 | Remaining Turns: 1 | TickDown: DPS, PERM | Target: DPS | Affects: ['ALL']
        SaberTrace1CR | CR% | Stacks: 1 | Value: 0.200 | Remaining Turns: 1 | TickDown: DPS, PERM | Target: DPS | Affects: ['ALL']
        GilgameshTrace3ATK | ATK% | Stacks: 1 | Value: 0.200 | Remaining Turns: 1 | TickDown: DPS, PERM | Target: DPS | Affects: ['ALL']
        GilgameshTrace3CD | CD% | Stacks: 1 | Value: 0.200 | Remaining Turns: 1 | TickDown: DPS, PERM | Target: DPS | Affects: ['ALL']
        LushakaATK(SUP2) | ATK% | Stacks: 1 | Value: 0.120 | Remaining Turns: 1 | TickDown: DPS, PERM | Target: DPS | Affects: ['ALL']
        KeelCD(SUS) | CD% | Stacks: 1 | Value: 0.100 | Remaining Turns: 1 | TickDown: DPS, PERM | Target: DPS | Affects: ['ALL']
        CosmicLifeDMG | DMG% | Stacks: 1 | Value: 0.320 | Remaining Turns: 1 | TickDown: DPS, PERM | Target: DPS | Affects: ['ALL']
        Trace3CDExtra | CD% | Stacks: 1 | Value: 0.320 | Remaining Turns: 1 | TickDown: DPS, PERM | Target: DPS | Affects: ['ALL']
        GilgameshTrace3AllyATK | ATK% | Stacks: 1 | Value: 1.000 | Remaining Turns: 1 | TickDown: DPS, PERM | Target: DPS | Affects: ['ALL']
        GilgameshTrace3AllyCD | CD% | Stacks: 1 | Value: 1.000 | Remaining Turns: 1 | TickDown: DPS, PERM | Target: DPS | Affects: ['ALL']
        WeltAllyWeightlessDMG | DMG% | Stacks: 9 | Value: 0.900 | Remaining Turns: 1 | TickDown: DPS, END | Target: DPS | Affects: ['ALL']
        Trace3CD | CD% | Stacks: 1 | Value: 0.500 | Remaining Turns: 1 | TickDown: DPS, END | Target: DPS | Affects: ['ALL']
        WarriorGoddessHealCD | CD% | Stacks: 1 | Value: 0.150 | Remaining Turns: 1 | TickDown: DPS, START | Target: DPS | Affects: ['ALL']
        ThanklessCoronationATK | ATK% | Stacks: 1 | Value: 0.400 | Remaining Turns: 1 | TickDown: DPS, END | Target: DPS | Affects: ['ALL']
        ThanklessCoronationATKExtra | ATK% | Stacks: 1 | Value: 0.400 | Remaining Turns: 1 | TickDown: DPS, END | Target: DPS | Affects: ['ALL']
        HuoHuoUltATK | ATK% | Stacks: 1 | Value: 0.400 | Remaining Turns: 2 | TickDown: DPS, END | Target: DPS | Affects: ['ALL']
        HuoHuoUltExtraATK | ATK% | Stacks: 1 | Value: 0.240 | Remaining Turns: 2 | TickDown: DPS, END | Target: DPS | Affects: ['ALL']
        TalentDMG | DMG% | Stacks: 1 | Value: 0.600 | Remaining Turns: 2 | TickDown: DPS, END | Target: DPS | Affects: ['ALL']
        ----------End of Buff List----------
        ----------Enemy Debuffs----------
        WeltSpdDebuff | From: SUP2 | SPD% | Stacks: 1 | Value: -0.100 | Remaining Turns: 2 | Target: 1 | Targeting: ST | Affects: ['ALL'] | DOT: False | Blast: False
        Enemy 1 WIN-break | From: DPS | WINDSHEAR | Stacks: 1 | Value: 12621.002 | Remaining Turns: 1 | Target: 1 | Targeting: ST | Affects: ['ALL'] | DOT: True | Blast: False
        ResoShred(SUP2) | From: SUP2 | SHRED | Stacks: 1 | Value: 0.160 | Remaining Turns: 1 | Target: 1 | Targeting: ST | Affects: ['ALL'] | DOT: False | Blast: False
        WeltImprisonSPD | From: SUP2 | SPD% | Stacks: 1 | Value: -0.100 | Remaining Turns: 1 | Target: 1 | Targeting: ST | Affects: ['ALL'] | DOT: False | Blast: False
        WeltWeightlessSPD | From: SUP2 | SPD% | Stacks: 1 | Value: -0.050 | Remaining Turns: 2 | Target: 1 | Targeting: ST | Affects: ['ALL'] | DOT: False | Blast: False
        WeltWeightlessShred | From: SUP2 | SHRED | Stacks: 1 | Value: 0.400 | Remaining Turns: 2 | Target: 1 | Targeting: ST | Affects: ['ALL'] | DOT: False | Blast: False
        ----------End of Debuff List----------
        ----------Healing List----------
        ----------End of Healing List----------
        ----------Shields List----------
        ----------End of Shields List----------
    GAUGE  - Enemy 0 toughness reduced by 20.000
    GAUGE  - Enemy 1 toughness reduced by 20.000
    GAUGE  - Enemy 2 toughness reduced by 20.000
    RESULT - SaberEnhancedBasic | Saber | DPS | DMG: 237289.752 | ELADMG: 0.000 | Enemies Hit: [0, 1, 2] | Enemies Broken: [] | WB DMG: 0.000 | Energy: 30.000 | Amount HP Healed: 0.000 | Amount HP Lost: 0.000 | Saber Energy: 239/360 | SP: 1 | MaxSP: 5)
Gilgamesh Obtained 1 Interest from Teammate, Current count: 6
Gilgamesh JointCounter increased by one, current count: 7
[WeltAllyBuff] allyTurn() invoked for attacker=Role.DPS, move=SaberEnhancedBasic
[WeltAllyBuff] allyTurn check: attacker=Role.DPS, turnName=SaberEnhancedBasic, dmg=237289.75160300964, elationDmg=0, enemiesHit=[0, 1, 2], weightlessTurns={0: 2, 1: 2, 2: 2}
[WeltAllyBuff] TRIGGERED - granting WeltAllyWeightlessDMG
    TURN   - HuoHuoAllyERR | HuoHuo | SUS | NA attack | ['WIN'] | ['SPECIAL'] | Scaling: HP | TargetID: 1 | DMG/BREAK Splits: [0, 0]/[0, 0] | Energy Gained: 1 | SP Change: 0

        ----------Char Buffs----------
        GilgameshTrace3ATK | ATK% | Stacks: 1 | Value: 0.200 | Remaining Turns: 1 | TickDown: SUS, PERM | Target: SUS | Affects: ['ALL']
        GilgameshTrace3CD | CD% | Stacks: 1 | Value: 0.200 | Remaining Turns: 1 | TickDown: SUS, PERM | Target: SUS | Affects: ['ALL']
        PostOpERR | ERR% | Stacks: 1 | Value: 0.160 | Remaining Turns: 1 | TickDown: SUS, PERM | Target: SUS | Affects: ['ALL']
        WarriorGoddessSPD | SPD% | Stacks: 1 | Value: 0.060 | Remaining Turns: 1 | TickDown: SUS, PERM | Target: SUS | Affects: ['ALL']
        KeelEFFRES | ERS% | Stacks: 1 | Value: 0.100 | Remaining Turns: 1 | TickDown: SUS, PERM | Target: SUS | Affects: ['ALL']
        KeelCD(SUS) | CD% | Stacks: 1 | Value: 0.100 | Remaining Turns: 1 | TickDown: SUS, PERM | Target: SUS | Affects: ['ALL']
        HHTraceHP | HP% | Stacks: 1 | Value: 0.280 | Remaining Turns: 1 | TickDown: SUS, PERM | Target: SUS | Affects: ['ALL']
        HHTraceERS | ERS% | Stacks: 1 | Value: 0.180 | Remaining Turns: 1 | TickDown: SUS, PERM | Target: SUS | Affects: ['ALL']
        HHTraceSPD | SPD | Stacks: 1 | Value: 5.000 | Remaining Turns: 1 | TickDown: SUS, PERM | Target: SUS | Affects: ['ALL']
        WarriorGoddessHealSPD | SPD% | Stacks: 1 | Value: 0.060 | Remaining Turns: 1 | TickDown: SUS, START | Target: SUS | Affects: ['ALL']
        WarriorGoddessHealCD | CD% | Stacks: 1 | Value: 0.150 | Remaining Turns: 1 | TickDown: SUS, START | Target: SUS | Affects: ['ALL']
        ----------End of Buff List----------
        ----------Enemy Debuffs----------
        WeltSpdDebuff | From: SUP2 | SPD% | Stacks: 1 | Value: -0.100 | Remaining Turns: 2 | Target: 1 | Targeting: ST | Affects: ['ALL'] | DOT: False | Blast: False
        Enemy 1 WIN-break | From: DPS | WINDSHEAR | Stacks: 1 | Value: 12621.002 | Remaining Turns: 1 | Target: 1 | Targeting: ST | Affects: ['ALL'] | DOT: True | Blast: False
        ResoShred(SUP2) | From: SUP2 | SHRED | Stacks: 1 | Value: 0.160 | Remaining Turns: 1 | Target: 1 | Targeting: ST | Affects: ['ALL'] | DOT: False | Blast: False
        WeltImprisonSPD | From: SUP2 | SPD% | Stacks: 1 | Value: -0.100 | Remaining Turns: 1 | Target: 1 | Targeting: ST | Affects: ['ALL'] | DOT: False | Blast: False
        WeltWeightlessSPD | From: SUP2 | SPD% | Stacks: 1 | Value: -0.050 | Remaining Turns: 2 | Target: 1 | Targeting: ST | Affects: ['ALL'] | DOT: False | Blast: False
        WeltWeightlessShred | From: SUP2 | SHRED | Stacks: 1 | Value: 0.400 | Remaining Turns: 2 | Target: 1 | Targeting: ST | Affects: ['ALL'] | DOT: False | Blast: False
        ----------End of Debuff List----------
        ----------Healing List----------
        HuoHuoTalentHealingScaling | Targeting: Targeting.SINGLE | Healing Value: [0.045] | Target: ALL
        HuoHuoTalentHealingScaling | Targeting: Targeting.SINGLE | Healing Value: [0] | Target: ALL
        HuoHuoTalentHealingScaling | Targeting: Targeting.SINGLE | Healing Value: [0] | Target: ALL
        HuoHuoTalentHealingScaling | Targeting: Targeting.SINGLE | Healing Value: [0] | Target: ALL
        HuoHuoTalentHealingFlat | Targeting: Targeting.SINGLE | Healing Value: [120] | Target: ALL
        HuoHuoTalentHealingFlat | Targeting: Targeting.SINGLE | Healing Value: [0] | Target: ALL
        HuoHuoTalentHealingFlat | Targeting: Targeting.SINGLE | Healing Value: [0] | Target: ALL
        HuoHuoTalentHealingFlat | Targeting: Targeting.SINGLE | Healing Value: [0] | Target: ALL
        ----------End of Healing List----------
        ----------Shields List----------
        ----------End of Shields List----------
    GAUGE  - Enemy 1 toughness reduced by 0.000
    RESULT - HuoHuoAllyERR | HuoHuo | SUS | DMG: 0.000 | ELADMG: 0.000 | Enemies Hit: [1] | Enemies Broken: [] | WB DMG: 0.000 | Energy: 1.354 | Amount HP Healed: 371.779 | Amount HP Lost: 0.000 | HuoHuo Energy: 43/140 | SP: 1 | MaxSP: 5)
[WeltAllyBuff] allyTurn() invoked for attacker=Role.SUS, move=HuoHuoAllyERR
[WeltAllyBuff] allyTurn check: attacker=Role.SUS, turnName=HuoHuoAllyERR, dmg=0.0, elationDmg=0, enemiesHit=[1], weightlessTurns={0: 2, 1: 2, 2: 2}
[WeltAllyBuff] skipped: no damage on this turn
        Buff Trace3CD expired
        Buff ThanklessCoronationATK expired
        Buff ThanklessCoronationATKExtra expired
SPD    > Gilgamesh speed changed to 196.332 | NewAV: 12.498
AV     > Saber AV reset to 76.551 | 130.632 SPD
DELAY  > Enemy 0 delayed by 4.0% from WeltWeightlessDelay | NewAV: 30.412
DELAY  > Enemy 1 delayed by 4.0% from WeltWeightlessDelay | NewAV: 31.525
DELAY  > Enemy 2 delayed by 4.0% from WeltWeightlessDelay | NewAV: 30.018

<<< NEW TURN >>>
-   Gilgamesh AV: 0.000 ENERGY: 82.667 MaxHP: 3134.558 CurrHp 1994.657 ShieldHP: 0.000
-   Enemy 2 AV: 17.520 ENERGY: 0.000 MaxHP: 2000000.000 CurrHp 503153.752 ShieldHP: 0.000
-   Enemy 0 AV: 17.913 ENERGY: 0.000 MaxHP: 2000000.000 CurrHp 571185.981 ShieldHP: 0.000
-   Enemy 1 AV: 19.026 ENERGY: 0.000 MaxHP: 5000000.000 CurrHp 795240.460 ShieldHP: 0.000
-   HuoHuo AV: 35.568 ENERGY: 42.889 MaxHP: 6139.808 CurrHp 5559.955 ShieldHP: 0.000
-   Welt AV: 44.996 ENERGY: 12.444 MaxHP: 3270.753 CurrHp 2258.155 ShieldHP: 0.000
-   Saber AV: 64.053 ENERGY: 239.333 MaxHP: 3366.991 CurrHp 2351.928 ShieldHP: 0.000

Combat context set: 3 enemies, 4 players
Combat context initialized: 3 enemies, Elation team size: 0
ACTION > [CHAR] TotalAV: 343.022 | TurnAV: 12.498 | Gilgamesh | E-move
        Buff ScholarBonusDMG expired
Gilgamesh JointCounter increased by one, current count: 8
    TURN   - GilgameshSkill | Gilgamesh | SUP1 | BLAST attack | ['LNG'] | ['SKL'] | Scaling: ATK | TargetID: 1 | DMG/BREAK Splits: [2.8, 1.4]/[20, 10] | Energy Gained: 30 | SP Change: 0

        ----------Char Buffs----------
        ScholarCR | CR% | Stacks: 1 | Value: 0.080 | Remaining Turns: 1 | TickDown: SUP1, PERM | Target: SUP1 | Affects: ['ALL']
        ScholarDMG | DMG% | Stacks: 1 | Value: 0.200 | Remaining Turns: 1 | TickDown: SUP1, PERM | Target: SUP1 | Affects: ['SKL', 'ULT']
        GilgameshTraceATK | ATK | Stacks: 1 | Value: 0.180 | Remaining Turns: 1 | TickDown: SUP1, PERM | Target: SUP1 | Affects: ['ALL']
        GilgameshTraceCR | CR% | Stacks: 1 | Value: 0.187 | Remaining Turns: 1 | TickDown: SUP1, PERM | Target: SUP1 | Affects: ['ALL']
        GilgameshTraceDMG | DMG% | Stacks: 1 | Value: 0.080 | Remaining Turns: 1 | TickDown: SUP1, PERM | Target: SUP1 | Affects: ['ALL']
        GilgameshTrace3ATK | ATK% | Stacks: 1 | Value: 0.200 | Remaining Turns: 1 | TickDown: SUP1, PERM | Target: SUP1 | Affects: ['ALL']
        GilgameshTrace3CD | CD% | Stacks: 1 | Value: 0.200 | Remaining Turns: 1 | TickDown: SUP1, PERM | Target: SUP1 | Affects: ['ALL']
        GilgameshTrace3SelfATK | ATK% | Stacks: 1 | Value: 1.000 | Remaining Turns: 1 | TickDown: SUP1, PERM | Target: SUP1 | Affects: ['ALL']
        GilgameshTrace3SelfCD | CD% | Stacks: 1 | Value: 1.000 | Remaining Turns: 1 | TickDown: SUP1, PERM | Target: SUP1 | Affects: ['ALL']
        KeelCD(SUS) | CD% | Stacks: 1 | Value: 0.100 | Remaining Turns: 1 | TickDown: SUP1, PERM | Target: SUP1 | Affects: ['ALL']
        CosmicLifeDMG | DMG% | Stacks: 1 | Value: 0.320 | Remaining Turns: 1 | TickDown: SUP1, PERM | Target: SUP1 | Affects: ['ALL']
        Trace2CDExtra | CD% | Stacks: 1 | Value: 1.500 | Remaining Turns: 1 | TickDown: SUP1, PERM | Target: SUP1 | Affects: ['ALL']
        GilgameshInterestSPD | SPD% | Stacks: 1 | Value: 0.600 | Remaining Turns: 1 | TickDown: SUP2, PERM | Target: SUP1 | Affects: ['ALL']
        AeonATK | ATK% | Stacks: 1 | Value: 0.640 | Remaining Turns: 1 | TickDown: SUP1, PERM | Target: SUP1 | Affects: ['ALL']
        WeltAllyWeightlessDMG | DMG% | Stacks: 10 | Value: 1.000 | Remaining Turns: 1 | TickDown: SUP1, END | Target: SUP1 | Affects: ['ALL']
        GilgameshSKLShred | SHRED | Stacks: 1 | Value: 0.300 | Remaining Turns: 3 | TickDown: SUP1, END | Target: SUP1 | Affects: ['ALL']
        WarriorGoddessHealCD | CD% | Stacks: 1 | Value: 0.150 | Remaining Turns: 1 | TickDown: SUP1, START | Target: SUP1 | Affects: ['ALL']
        HuoHuoUltATK | ATK% | Stacks: 1 | Value: 0.400 | Remaining Turns: 1 | TickDown: SUP1, END | Target: SUP1 | Affects: ['ALL']
        HuoHuoUltExtraATK | ATK% | Stacks: 1 | Value: 0.240 | Remaining Turns: 1 | TickDown: SUP1, END | Target: SUP1 | Affects: ['ALL']
        ----------End of Buff List----------
        ----------Enemy Debuffs----------
        WeltSpdDebuff | From: SUP2 | SPD% | Stacks: 1 | Value: -0.100 | Remaining Turns: 2 | Target: 1 | Targeting: ST | Affects: ['ALL'] | DOT: False | Blast: False
        Enemy 1 WIN-break | From: DPS | WINDSHEAR | Stacks: 1 | Value: 12621.002 | Remaining Turns: 1 | Target: 1 | Targeting: ST | Affects: ['ALL'] | DOT: True | Blast: False
        ResoShred(SUP2) | From: SUP2 | SHRED | Stacks: 1 | Value: 0.160 | Remaining Turns: 1 | Target: 1 | Targeting: ST | Affects: ['ALL'] | DOT: False | Blast: False
        WeltImprisonSPD | From: SUP2 | SPD% | Stacks: 1 | Value: -0.100 | Remaining Turns: 1 | Target: 1 | Targeting: ST | Affects: ['ALL'] | DOT: False | Blast: False
        WeltWeightlessSPD | From: SUP2 | SPD% | Stacks: 1 | Value: -0.050 | Remaining Turns: 2 | Target: 1 | Targeting: ST | Affects: ['ALL'] | DOT: False | Blast: False
        WeltWeightlessShred | From: SUP2 | SHRED | Stacks: 1 | Value: 0.400 | Remaining Turns: 2 | Target: 1 | Targeting: ST | Affects: ['ALL'] | DOT: False | Blast: False
        ----------End of Debuff List----------
        ----------Healing List----------
        ----------End of Healing List----------
        ----------Shields List----------
        ----------End of Shields List----------
    GAUGE  - Enemy 1 toughness reduced by 0.000
    GAUGE  - Enemy 0 toughness reduced by 0.000
    GAUGE  - Enemy 2 toughness reduced by 0.000
    RESULT - GilgameshSkill | Gilgamesh | SUP1 | DMG: 274218.043 | ELADMG: 0.000 | Enemies Hit: [1, 0, 2] | Enemies Broken: [] | WB DMG: 0.000 | Energy: 30.000 | Amount HP Healed: 0.000 | Amount HP Lost: 0.000 | Gilgamesh Energy: 113/360 | SP: 1 | MaxSP: 5)
Gilgamesh Obtained 3 Interest from Joint Attack, Current count: 3
[WeltAllyBuff] allyTurn() invoked for attacker=Role.SUP1, move=GilgameshSkill
[WeltAllyBuff] allyTurn check: attacker=Role.SUP1, turnName=GilgameshSkill, dmg=274218.04284283135, elationDmg=0, enemiesHit=[1, 0, 2], weightlessTurns={0: 2, 1: 2, 2: 2}
[WeltAllyBuff] TRIGGERED - granting WeltAllyWeightlessDMG
    TURN   - GilgameshJointAttack | Gilgamesh | SUP1 | AOE attack | ['LNG'] | ['FUA'] | Scaling: ATK | TargetID: 1 | DMG/BREAK Splits: [4.0, 0]/[20, 0] | Energy Gained: 10 | SP Change: 0

        ----------Char Buffs----------
        ScholarCR | CR% | Stacks: 1 | Value: 0.080 | Remaining Turns: 1 | TickDown: SUP1, PERM | Target: SUP1 | Affects: ['ALL']
        GilgameshTraceATK | ATK | Stacks: 1 | Value: 0.180 | Remaining Turns: 1 | TickDown: SUP1, PERM | Target: SUP1 | Affects: ['ALL']
        GilgameshTraceCR | CR% | Stacks: 1 | Value: 0.187 | Remaining Turns: 1 | TickDown: SUP1, PERM | Target: SUP1 | Affects: ['ALL']
        GilgameshTraceDMG | DMG% | Stacks: 1 | Value: 0.080 | Remaining Turns: 1 | TickDown: SUP1, PERM | Target: SUP1 | Affects: ['ALL']
        GilgameshTrace3ATK | ATK% | Stacks: 1 | Value: 0.200 | Remaining Turns: 1 | TickDown: SUP1, PERM | Target: SUP1 | Affects: ['ALL']
        GilgameshTrace3CD | CD% | Stacks: 1 | Value: 0.200 | Remaining Turns: 1 | TickDown: SUP1, PERM | Target: SUP1 | Affects: ['ALL']
        GilgameshTrace3SelfATK | ATK% | Stacks: 1 | Value: 1.000 | Remaining Turns: 1 | TickDown: SUP1, PERM | Target: SUP1 | Affects: ['ALL']
        GilgameshTrace3SelfCD | CD% | Stacks: 1 | Value: 1.000 | Remaining Turns: 1 | TickDown: SUP1, PERM | Target: SUP1 | Affects: ['ALL']
        KeelCD(SUS) | CD% | Stacks: 1 | Value: 0.100 | Remaining Turns: 1 | TickDown: SUP1, PERM | Target: SUP1 | Affects: ['ALL']
        CosmicLifeDMG | DMG% | Stacks: 1 | Value: 0.320 | Remaining Turns: 1 | TickDown: SUP1, PERM | Target: SUP1 | Affects: ['ALL']
        Trace2CDExtra | CD% | Stacks: 1 | Value: 1.500 | Remaining Turns: 1 | TickDown: SUP1, PERM | Target: SUP1 | Affects: ['ALL']
        GilgameshInterestSPD | SPD% | Stacks: 1 | Value: 0.000 | Remaining Turns: 1 | TickDown: SUP2, PERM | Target: SUP1 | Affects: ['ALL']
        AeonATK | ATK% | Stacks: 1 | Value: 0.640 | Remaining Turns: 1 | TickDown: SUP1, PERM | Target: SUP1 | Affects: ['ALL']
        WeltAllyWeightlessDMG | DMG% | Stacks: 10 | Value: 1.000 | Remaining Turns: 2 | TickDown: SUP1, END | Target: SUP1 | Affects: ['ALL']
        GilgameshSKLShred | SHRED | Stacks: 1 | Value: 0.300 | Remaining Turns: 3 | TickDown: SUP1, END | Target: SUP1 | Affects: ['ALL']
        WarriorGoddessHealCD | CD% | Stacks: 1 | Value: 0.150 | Remaining Turns: 1 | TickDown: SUP1, START | Target: SUP1 | Affects: ['ALL']
        HuoHuoUltATK | ATK% | Stacks: 1 | Value: 0.400 | Remaining Turns: 1 | TickDown: SUP1, END | Target: SUP1 | Affects: ['ALL']
        HuoHuoUltExtraATK | ATK% | Stacks: 1 | Value: 0.240 | Remaining Turns: 1 | TickDown: SUP1, END | Target: SUP1 | Affects: ['ALL']
        ----------End of Buff List----------
        ----------Enemy Debuffs----------
        WeltSpdDebuff | From: SUP2 | SPD% | Stacks: 1 | Value: -0.100 | Remaining Turns: 2 | Target: 1 | Targeting: ST | Affects: ['ALL'] | DOT: False | Blast: False
        Enemy 1 WIN-break | From: DPS | WINDSHEAR | Stacks: 1 | Value: 12621.002 | Remaining Turns: 1 | Target: 1 | Targeting: ST | Affects: ['ALL'] | DOT: True | Blast: False
        ResoShred(SUP2) | From: SUP2 | SHRED | Stacks: 1 | Value: 0.160 | Remaining Turns: 1 | Target: 1 | Targeting: ST | Affects: ['ALL'] | DOT: False | Blast: False
        WeltImprisonSPD | From: SUP2 | SPD% | Stacks: 1 | Value: -0.100 | Remaining Turns: 1 | Target: 1 | Targeting: ST | Affects: ['ALL'] | DOT: False | Blast: False
        WeltWeightlessSPD | From: SUP2 | SPD% | Stacks: 1 | Value: -0.050 | Remaining Turns: 2 | Target: 1 | Targeting: ST | Affects: ['ALL'] | DOT: False | Blast: False
        WeltWeightlessShred | From: SUP2 | SHRED | Stacks: 1 | Value: 0.400 | Remaining Turns: 2 | Target: 1 | Targeting: ST | Affects: ['ALL'] | DOT: False | Blast: False
        ----------End of Debuff List----------
        ----------Healing List----------
        HuoHuoTalentHealingScaling | Targeting: Targeting.SINGLE | Healing Value: [0] | Target: ALL
        HuoHuoTalentHealingScaling | Targeting: Targeting.SINGLE | Healing Value: [0.045] | Target: ALL
        HuoHuoTalentHealingScaling | Targeting: Targeting.SINGLE | Healing Value: [0] | Target: ALL
        HuoHuoTalentHealingScaling | Targeting: Targeting.SINGLE | Healing Value: [0] | Target: ALL
        HuoHuoTalentHealingFlat | Targeting: Targeting.SINGLE | Healing Value: [0] | Target: ALL
        HuoHuoTalentHealingFlat | Targeting: Targeting.SINGLE | Healing Value: [120] | Target: ALL
        HuoHuoTalentHealingFlat | Targeting: Targeting.SINGLE | Healing Value: [0] | Target: ALL
        HuoHuoTalentHealingFlat | Targeting: Targeting.SINGLE | Healing Value: [0] | Target: ALL
        ----------End of Healing List----------
        ----------Shields List----------
        ----------End of Shields List----------
    GAUGE  - Enemy 0 toughness reduced by 0.000
    GAUGE  - Enemy 1 toughness reduced by 0.000
    GAUGE  - Enemy 2 toughness reduced by 0.000
    RESULT - GilgameshJointAttack | Gilgamesh | SUP1 | DMG: 548289.327 | ELADMG: 0.000 | Enemies Hit: [0, 1, 2] | Enemies Broken: [] | WB DMG: 0.000 | Energy: 10.000 | Amount HP Healed: 371.779 | Amount HP Lost: 0.000 | Gilgamesh Energy: 123/360 | SP: 1 | MaxSP: 5)
[WeltAllyBuff] allyTurn() invoked for attacker=Role.SUP1, move=GilgameshJointAttack
[WeltAllyBuff] allyTurn check: attacker=Role.SUP1, turnName=GilgameshJointAttack, dmg=548289.3274862999, elationDmg=0, enemiesHit=[0, 1, 2], weightlessTurns={0: 2, 1: 2, 2: 2}
[WeltAllyBuff] TRIGGERED - granting WeltAllyWeightlessDMG
    TURN   - HuoHuoAllyERR | HuoHuo | SUS | NA attack | ['WIN'] | ['SPECIAL'] | Scaling: HP | TargetID: 1 | DMG/BREAK Splits: [0, 0]/[0, 0] | Energy Gained: 1 | SP Change: 0

        ----------Char Buffs----------
        GilgameshTrace3ATK | ATK% | Stacks: 1 | Value: 0.200 | Remaining Turns: 1 | TickDown: SUS, PERM | Target: SUS | Affects: ['ALL']
        GilgameshTrace3CD | CD% | Stacks: 1 | Value: 0.200 | Remaining Turns: 1 | TickDown: SUS, PERM | Target: SUS | Affects: ['ALL']
        PostOpERR | ERR% | Stacks: 1 | Value: 0.160 | Remaining Turns: 1 | TickDown: SUS, PERM | Target: SUS | Affects: ['ALL']
        WarriorGoddessSPD | SPD% | Stacks: 1 | Value: 0.060 | Remaining Turns: 1 | TickDown: SUS, PERM | Target: SUS | Affects: ['ALL']
        KeelEFFRES | ERS% | Stacks: 1 | Value: 0.100 | Remaining Turns: 1 | TickDown: SUS, PERM | Target: SUS | Affects: ['ALL']
        KeelCD(SUS) | CD% | Stacks: 1 | Value: 0.100 | Remaining Turns: 1 | TickDown: SUS, PERM | Target: SUS | Affects: ['ALL']
        HHTraceHP | HP% | Stacks: 1 | Value: 0.280 | Remaining Turns: 1 | TickDown: SUS, PERM | Target: SUS | Affects: ['ALL']
        HHTraceERS | ERS% | Stacks: 1 | Value: 0.180 | Remaining Turns: 1 | TickDown: SUS, PERM | Target: SUS | Affects: ['ALL']
        HHTraceSPD | SPD | Stacks: 1 | Value: 5.000 | Remaining Turns: 1 | TickDown: SUS, PERM | Target: SUS | Affects: ['ALL']
        WarriorGoddessHealSPD | SPD% | Stacks: 1 | Value: 0.060 | Remaining Turns: 2 | TickDown: SUS, START | Target: SUS | Affects: ['ALL']
        WarriorGoddessHealCD | CD% | Stacks: 1 | Value: 0.150 | Remaining Turns: 2 | TickDown: SUS, START | Target: SUS | Affects: ['ALL']
        ----------End of Buff List----------
        ----------Enemy Debuffs----------
        WeltSpdDebuff | From: SUP2 | SPD% | Stacks: 1 | Value: -0.100 | Remaining Turns: 2 | Target: 1 | Targeting: ST | Affects: ['ALL'] | DOT: False | Blast: False
        Enemy 1 WIN-break | From: DPS | WINDSHEAR | Stacks: 1 | Value: 12621.002 | Remaining Turns: 1 | Target: 1 | Targeting: ST | Affects: ['ALL'] | DOT: True | Blast: False
        ResoShred(SUP2) | From: SUP2 | SHRED | Stacks: 1 | Value: 0.160 | Remaining Turns: 1 | Target: 1 | Targeting: ST | Affects: ['ALL'] | DOT: False | Blast: False
        WeltImprisonSPD | From: SUP2 | SPD% | Stacks: 1 | Value: -0.100 | Remaining Turns: 1 | Target: 1 | Targeting: ST | Affects: ['ALL'] | DOT: False | Blast: False
        WeltWeightlessSPD | From: SUP2 | SPD% | Stacks: 1 | Value: -0.050 | Remaining Turns: 2 | Target: 1 | Targeting: ST | Affects: ['ALL'] | DOT: False | Blast: False
        WeltWeightlessShred | From: SUP2 | SHRED | Stacks: 1 | Value: 0.400 | Remaining Turns: 2 | Target: 1 | Targeting: ST | Affects: ['ALL'] | DOT: False | Blast: False
        ----------End of Debuff List----------
        ----------Healing List----------
        ----------End of Healing List----------
        ----------Shields List----------
        ----------End of Shields List----------
    GAUGE  - Enemy 1 toughness reduced by 0.000
    RESULT - HuoHuoAllyERR | HuoHuo | SUS | DMG: 0.000 | ELADMG: 0.000 | Enemies Hit: [1] | Enemies Broken: [] | WB DMG: 0.000 | Energy: 1.354 | Amount HP Healed: 0.000 | Amount HP Lost: 0.000 | HuoHuo Energy: 44/140 | SP: 1 | MaxSP: 5)
[WeltAllyBuff] allyTurn() invoked for attacker=Role.SUS, move=HuoHuoAllyERR
[WeltAllyBuff] allyTurn check: attacker=Role.SUS, turnName=HuoHuoAllyERR, dmg=0.0, elationDmg=0, enemiesHit=[1], weightlessTurns={0: 2, 1: 2, 2: 2}
[WeltAllyBuff] skipped: no damage on this turn
    TURN   - SaberJointAttack | Saber | DPS | AOE attack | ['WIN'] | ['FUA'] | Scaling: ATK | TargetID: 1 | DMG/BREAK Splits: [6.0, 0]/[0, 0] | Energy Gained: 120 | SP Change: 0

        ----------Char Buffs----------
        ThanklessCoronationCD | CR% | Stacks: 1 | Value: 0.360 | Remaining Turns: 1 | TickDown: DPS, PERM | Target: DPS | Affects: ['ALL']
        ScholarCR | CR% | Stacks: 1 | Value: 0.080 | Remaining Turns: 1 | TickDown: DPS, PERM | Target: DPS | Affects: ['ALL']
        SaberTraceHP | HP% | Stacks: 1 | Value: 0.100 | Remaining Turns: 1 | TickDown: DPS, PERM | Target: DPS | Affects: ['ALL']
        SaberTraceCR | CR% | Stacks: 1 | Value: 0.120 | Remaining Turns: 1 | TickDown: DPS, PERM | Target: DPS | Affects: ['ALL']
        SaberTraceDMG | DMG% | Stacks: 1 | Value: 0.224 | Remaining Turns: 1 | TickDown: DPS, PERM | Target: DPS | Affects: ['ALL']
        SaberTrace1CR | CR% | Stacks: 1 | Value: 0.200 | Remaining Turns: 1 | TickDown: DPS, PERM | Target: DPS | Affects: ['ALL']
        GilgameshTrace3ATK | ATK% | Stacks: 1 | Value: 0.200 | Remaining Turns: 1 | TickDown: DPS, PERM | Target: DPS | Affects: ['ALL']
        GilgameshTrace3CD | CD% | Stacks: 1 | Value: 0.200 | Remaining Turns: 1 | TickDown: DPS, PERM | Target: DPS | Affects: ['ALL']
        LushakaATK(SUP2) | ATK% | Stacks: 1 | Value: 0.120 | Remaining Turns: 1 | TickDown: DPS, PERM | Target: DPS | Affects: ['ALL']
        KeelCD(SUS) | CD% | Stacks: 1 | Value: 0.100 | Remaining Turns: 1 | TickDown: DPS, PERM | Target: DPS | Affects: ['ALL']
        CosmicLifeDMG | DMG% | Stacks: 1 | Value: 0.320 | Remaining Turns: 1 | TickDown: DPS, PERM | Target: DPS | Affects: ['ALL']
        Trace3CDExtra | CD% | Stacks: 1 | Value: 0.320 | Remaining Turns: 1 | TickDown: DPS, PERM | Target: DPS | Affects: ['ALL']
        GilgameshTrace3AllyATK | ATK% | Stacks: 1 | Value: 1.000 | Remaining Turns: 1 | TickDown: DPS, PERM | Target: DPS | Affects: ['ALL']
        GilgameshTrace3AllyCD | CD% | Stacks: 1 | Value: 1.000 | Remaining Turns: 1 | TickDown: DPS, PERM | Target: DPS | Affects: ['ALL']
        WeltAllyWeightlessDMG | DMG% | Stacks: 10 | Value: 1.000 | Remaining Turns: 1 | TickDown: DPS, END | Target: DPS | Affects: ['ALL']
        WarriorGoddessHealCD | CD% | Stacks: 1 | Value: 0.150 | Remaining Turns: 2 | TickDown: DPS, START | Target: DPS | Affects: ['ALL']
        HuoHuoUltATK | ATK% | Stacks: 1 | Value: 0.400 | Remaining Turns: 1 | TickDown: DPS, END | Target: DPS | Affects: ['ALL']
        HuoHuoUltExtraATK | ATK% | Stacks: 1 | Value: 0.240 | Remaining Turns: 1 | TickDown: DPS, END | Target: DPS | Affects: ['ALL']
        TalentDMG | DMG% | Stacks: 1 | Value: 0.600 | Remaining Turns: 1 | TickDown: DPS, END | Target: DPS | Affects: ['ALL']
        ----------End of Buff List----------
        ----------Enemy Debuffs----------
        WeltSpdDebuff | From: SUP2 | SPD% | Stacks: 1 | Value: -0.100 | Remaining Turns: 2 | Target: 1 | Targeting: ST | Affects: ['ALL'] | DOT: False | Blast: False
        Enemy 1 WIN-break | From: DPS | WINDSHEAR | Stacks: 1 | Value: 12621.002 | Remaining Turns: 1 | Target: 1 | Targeting: ST | Affects: ['ALL'] | DOT: True | Blast: False
        ResoShred(SUP2) | From: SUP2 | SHRED | Stacks: 1 | Value: 0.160 | Remaining Turns: 1 | Target: 1 | Targeting: ST | Affects: ['ALL'] | DOT: False | Blast: False
        WeltImprisonSPD | From: SUP2 | SPD% | Stacks: 1 | Value: -0.100 | Remaining Turns: 1 | Target: 1 | Targeting: ST | Affects: ['ALL'] | DOT: False | Blast: False
        WeltWeightlessSPD | From: SUP2 | SPD% | Stacks: 1 | Value: -0.050 | Remaining Turns: 2 | Target: 1 | Targeting: ST | Affects: ['ALL'] | DOT: False | Blast: False
        WeltWeightlessShred | From: SUP2 | SHRED | Stacks: 1 | Value: 0.400 | Remaining Turns: 2 | Target: 1 | Targeting: ST | Affects: ['ALL'] | DOT: False | Blast: False
        ----------End of Debuff List----------
        ----------Healing List----------
        ----------End of Healing List----------
        ----------Shields List----------
        ----------End of Shields List----------
    GAUGE  - Enemy 0 toughness reduced by 0.000
    GAUGE  - Enemy 1 toughness reduced by 0.000
    GAUGE  - Enemy 2 toughness reduced by 0.000
    RESULT - SaberJointAttack | Saber | DPS | DMG: 723952.731 | ELADMG: 0.000 | Enemies Hit: [0, 1, 2] | Enemies Broken: [] | WB DMG: 0.000 | Energy: 120.000 | Amount HP Healed: 0.000 | Amount HP Lost: 0.000 | Saber Energy: 359/360 | SP: 1 | MaxSP: 5)
Gilgamesh Obtained 1 Interest from Teammate, Current count: 4
[WeltAllyBuff] allyTurn() invoked for attacker=Role.DPS, move=SaberJointAttack
[WeltAllyBuff] allyTurn check: attacker=Role.DPS, turnName=SaberJointAttack, dmg=723952.7311927226, elationDmg=0, enemiesHit=[0, 1, 2], weightlessTurns={0: 2, 1: 2, 2: 2}
[WeltAllyBuff] TRIGGERED - granting WeltAllyWeightlessDMG
        Buff HuoHuoUltATK expired
        Buff HuoHuoUltExtraATK expired
SPD    > Gilgamesh speed changed to 176.932 | NewAV: 0.000
AV     > Gilgamesh AV reset to 56.519 | 176.932 SPD
DELAY  > Enemy 1 delayed by 4.0% from WeltWeightlessDelay | NewAV: 21.046
DELAY  > Enemy 0 delayed by 4.0% from WeltWeightlessDelay | NewAV: 20.375
DELAY  > Enemy 2 delayed by 4.0% from WeltWeightlessDelay | NewAV: 19.981
DELAY  > Enemy 0 delayed by 4.0% from WeltWeightlessDelay | NewAV: 22.837
DELAY  > Enemy 1 delayed by 4.0% from WeltWeightlessDelay | NewAV: 23.067
DELAY  > Enemy 2 delayed by 4.0% from WeltWeightlessDelay | NewAV: 22.443
DELAY  > Enemy 0 delayed by 4.0% from WeltWeightlessDelay | NewAV: 25.298
DELAY  > Enemy 1 delayed by 4.0% from WeltWeightlessDelay | NewAV: 25.087
DELAY  > Enemy 2 delayed by 4.0% from WeltWeightlessDelay | NewAV: 24.904

<<< NEW TURN >>>
-   Enemy 2 AV: 0.000 ENERGY: 0.000 MaxHP: 2000000.000 CurrHp 10518.555 ShieldHP: 0.000
-   Enemy 1 AV: 0.183 ENERGY: 0.000 MaxHP: 5000000.000 CurrHp 234050.752 ShieldHP: 0.000
-   Enemy 0 AV: 0.394 ENERGY: 0.000 MaxHP: 2000000.000 CurrHp 78550.784 ShieldHP: 0.000
-   HuoHuo AV: 10.663 ENERGY: 44.244 MaxHP: 6139.808 CurrHp 5559.955 ShieldHP: 0.000
-   Welt AV: 20.092 ENERGY: 12.444 MaxHP: 3270.753 CurrHp 2258.155 ShieldHP: 0.000
-   Gilgamesh AV: 31.615 ENERGY: 122.667 MaxHP: 3134.558 CurrHp 2366.436 ShieldHP: 0.000
-   Saber AV: 39.148 ENERGY: 359.333 MaxHP: 3366.991 CurrHp 2351.928 ShieldHP: 0.000

Combat context set: 3 enemies, 4 players
Combat context initialized: 3 enemies, Elation team size: 0
ACTION > [ENEMY] TotalAV: 367.926 | TurnAV: 24.904 | Enemy 2 | 1 attacks
    CharEnergy - Saber: Hit 0.000 Total: 359.333 | Gilgamesh: Hit 10.000 Total: 132.667 | Welt: Hit 6.667 Total: 20.740 | HuoHuo: Hit 6.667 Total: 53.273 |
    ENEMY  - Enemy 2 [aoe] dealt 337.5 to Welt (energy: 3.3, DEF: 1296, atkMul: 1.00, dmgMul: 1.00) | Shield Absorbed: 0.0 | HP Lost: 337.5 | HP: 1921/3271 | Shield HP: 0
    ENEMY  - Enemy 2 [aoe] dealt 280.5 to Gilgamesh (energy: 3.3, DEF: 1794, atkMul: 1.00, dmgMul: 1.00) | Shield Absorbed: 0.0 | HP Lost: 280.5 | HP: 2086/3135 | Shield HP: 0
    ENEMY  - Enemy 2 [aoe] dealt 231.9 to HuoHuo (energy: 3.3, DEF: 2410, atkMul: 1.00, dmgMul: 1.00) | Shield Absorbed: 0.0 | HP Lost: 231.9 | HP: 5328/6140 | Shield HP: 0
    ENEMY  - Enemy 2 [aoe] dealt 337.5 to Welt (energy: 3.3, DEF: 1296, atkMul: 1.00, dmgMul: 1.00) | Shield Absorbed: 0.0 | HP Lost: 337.5 | HP: 1583/3271 | Shield HP: 0
    ENEMY  - Enemy 2 [aoe] dealt 280.5 to Gilgamesh (energy: 3.3, DEF: 1794, atkMul: 1.00, dmgMul: 1.00) | Shield Absorbed: 0.0 | HP Lost: 280.5 | HP: 1805/3135 | Shield HP: 0
    ENEMY  - Enemy 2 [aoe] dealt 231.9 to HuoHuo (energy: 3.3, DEF: 2410, atkMul: 1.00, dmgMul: 1.00) | Shield Absorbed: 0.0 | HP Lost: 231.9 | HP: 5096/6140 | Shield HP: 0
    ENEMY  - Enemy 2 [aoe] dealt 280.5 to Gilgamesh (energy: 3.3, DEF: 1794, atkMul: 1.00, dmgMul: 1.00) | Shield Absorbed: 0.0 | HP Lost: 280.5 | HP: 1525/3135 | Shield HP: 0
    DEBUFF - Enemy 2 took 7542.432 Debuff damage from Enemy 2 WIN-break
        Debuff Enemy 2 WIN-break expired
        Debuff ResoShred(SUP2) expired
        Debuff WeltImprisonSPD expired
AV     > Enemy 2 AV reset to 66.890 | 149.500 SPD

<<< NEW TURN >>>
-   Enemy 1 AV: 0.000 ENERGY: 0.000 MaxHP: 5000000.000 CurrHp 234050.752 ShieldHP: 0.000
-   Enemy 0 AV: 0.211 ENERGY: 0.000 MaxHP: 2000000.000 CurrHp 78550.784 ShieldHP: 0.000
-   HuoHuo AV: 10.481 ENERGY: 53.273 MaxHP: 6139.808 CurrHp 5096.073 ShieldHP: 0.000
-   Welt AV: 19.909 ENERGY: 20.740 MaxHP: 3270.753 CurrHp 1583.073 ShieldHP: 0.000
-   Gilgamesh AV: 31.432 ENERGY: 132.667 MaxHP: 3134.558 CurrHp 1525.022 ShieldHP: 0.000
-   Saber AV: 38.966 ENERGY: 359.333 MaxHP: 3366.991 CurrHp 2351.928 ShieldHP: 0.000
-   Enemy 2 AV: 66.707 ENERGY: 0.000 MaxHP: 2000000.000 CurrHp 10518.555 ShieldHP: 0.000

Combat context set: 3 enemies, 4 players
Combat context initialized: 3 enemies, Elation team size: 0
[WeltAllyBuff] enemy turn-boundary detected for eid=2 (prevAV=0.0, currAV=66.70698871059813); weightlessTurns before={0: 2, 1: 2, 2: 2}
[WeltAllyBuff] weightlessTurns after={0: 2, 1: 2, 2: 1}
ACTION > [ENEMY] TotalAV: 368.109 | TurnAV: 0.183 | Enemy 1 | 1 attacks
    CharEnergy - Saber: Hit 10.000 Total: 360.000 | Gilgamesh: Hit 6.667 Total: 139.333 | Welt: Hit 3.333 Total: 24.888 | HuoHuo: Hit 0.000 Total: 53.273 |
    ENEMY  - Enemy 1 [aoe] dealt 232.0 to Saber (energy: 3.3, DEF: 2409, atkMul: 1.00, dmgMul: 1.00) | Shield Absorbed: 0.0 | HP Lost: 232.0 | HP: 2120/3367 | Shield HP: 0
    ENEMY  - Enemy 1 [aoe] dealt 232.0 to Saber (energy: 3.3, DEF: 2409, atkMul: 1.00, dmgMul: 1.00) | Shield Absorbed: 0.0 | HP Lost: 232.0 | HP: 1888/3367 | Shield HP: 0
    ENEMY  - Enemy 1 [aoe] dealt 280.5 to Gilgamesh (energy: 3.3, DEF: 1794, atkMul: 1.00, dmgMul: 1.00) | Shield Absorbed: 0.0 | HP Lost: 280.5 | HP: 1245/3135 | Shield HP: 0
    ENEMY  - Enemy 1 [aoe] dealt 280.5 to Gilgamesh (energy: 3.3, DEF: 1794, atkMul: 1.00, dmgMul: 1.00) | Shield Absorbed: 0.0 | HP Lost: 280.5 | HP: 964/3135 | Shield HP: 0
    ENEMY  - Enemy 1 [aoe] dealt 232.0 to Saber (energy: 3.3, DEF: 2409, atkMul: 1.00, dmgMul: 1.00) | Shield Absorbed: 0.0 | HP Lost: 232.0 | HP: 1656/3367 | Shield HP: 0
    ENEMY  - Enemy 1 [aoe] dealt 337.5 to Welt (energy: 3.3, DEF: 1296, atkMul: 1.00, dmgMul: 1.00) | Shield Absorbed: 0.0 | HP Lost: 337.5 | HP: 1246/3271 | Shield HP: 0
    DEBUFF - Enemy 1 took 7542.432 Debuff damage from Enemy 1 WIN-break
ULT    > Saber used their ultimate
Saber got 3 Core Resonance from Talent, Current Count: 17
Saber transferred 9.3 overflow energy on Ult entry
    TURN   - SaberUltBig | Saber | DPS | AOE attack | ['WIN'] | ['ULT'] | Scaling: ATK | TargetID: 1 | DMG/BREAK Splits: [5.6, 0]/[40, 0] | Energy Gained: 0 | SP Change: 0

        ----------Char Buffs----------
        ThanklessCoronationCD | CR% | Stacks: 1 | Value: 0.360 | Remaining Turns: 1 | TickDown: DPS, PERM | Target: DPS | Affects: ['ALL']
        ScholarCR | CR% | Stacks: 1 | Value: 0.080 | Remaining Turns: 1 | TickDown: DPS, PERM | Target: DPS | Affects: ['ALL']
        ScholarDMG | DMG% | Stacks: 1 | Value: 0.200 | Remaining Turns: 1 | TickDown: DPS, PERM | Target: DPS | Affects: ['SKL', 'ULT']
        SaberTraceHP | HP% | Stacks: 1 | Value: 0.100 | Remaining Turns: 1 | TickDown: DPS, PERM | Target: DPS | Affects: ['ALL']
        SaberTraceCR | CR% | Stacks: 1 | Value: 0.120 | Remaining Turns: 1 | TickDown: DPS, PERM | Target: DPS | Affects: ['ALL']
        SaberTraceDMG | DMG% | Stacks: 1 | Value: 0.224 | Remaining Turns: 1 | TickDown: DPS, PERM | Target: DPS | Affects: ['ALL']
        SaberTrace1CR | CR% | Stacks: 1 | Value: 0.200 | Remaining Turns: 1 | TickDown: DPS, PERM | Target: DPS | Affects: ['ALL']
        GilgameshTrace3ATK | ATK% | Stacks: 1 | Value: 0.200 | Remaining Turns: 1 | TickDown: DPS, PERM | Target: DPS | Affects: ['ALL']
        GilgameshTrace3CD | CD% | Stacks: 1 | Value: 0.200 | Remaining Turns: 1 | TickDown: DPS, PERM | Target: DPS | Affects: ['ALL']
        LushakaATK(SUP2) | ATK% | Stacks: 1 | Value: 0.120 | Remaining Turns: 1 | TickDown: DPS, PERM | Target: DPS | Affects: ['ALL']
        KeelCD(SUS) | CD% | Stacks: 1 | Value: 0.100 | Remaining Turns: 1 | TickDown: DPS, PERM | Target: DPS | Affects: ['ALL']
        CosmicLifeDMG | DMG% | Stacks: 1 | Value: 0.320 | Remaining Turns: 1 | TickDown: DPS, PERM | Target: DPS | Affects: ['ALL']
        Trace3CDExtra | CD% | Stacks: 1 | Value: 0.320 | Remaining Turns: 1 | TickDown: DPS, PERM | Target: DPS | Affects: ['ALL']
        GilgameshTrace3AllyATK | ATK% | Stacks: 1 | Value: 1.000 | Remaining Turns: 1 | TickDown: DPS, PERM | Target: DPS | Affects: ['ALL']
        GilgameshTrace3AllyCD | CD% | Stacks: 1 | Value: 1.000 | Remaining Turns: 1 | TickDown: DPS, PERM | Target: DPS | Affects: ['ALL']
        WeltAllyWeightlessDMG | DMG% | Stacks: 10 | Value: 1.000 | Remaining Turns: 2 | TickDown: DPS, END | Target: DPS | Affects: ['ALL']
        WarriorGoddessHealCD | CD% | Stacks: 1 | Value: 0.150 | Remaining Turns: 2 | TickDown: DPS, START | Target: DPS | Affects: ['ALL']
        HuoHuoUltATK | ATK% | Stacks: 1 | Value: 0.400 | Remaining Turns: 1 | TickDown: DPS, END | Target: DPS | Affects: ['ALL']
        HuoHuoUltExtraATK | ATK% | Stacks: 1 | Value: 0.240 | Remaining Turns: 1 | TickDown: DPS, END | Target: DPS | Affects: ['ALL']
        TalentDMG | DMG% | Stacks: 1 | Value: 0.600 | Remaining Turns: 1 | TickDown: DPS, END | Target: DPS | Affects: ['ALL']
        ThanklessCoronationATK | ATK% | Stacks: 1 | Value: 0.400 | Remaining Turns: 2 | TickDown: DPS, END | Target: DPS | Affects: ['ALL']
        ThanklessCoronationERR | ERR_F | Stacks: 1 | Value: 36.000 | Remaining Turns: 1 | TickDown: DPS, START | Target: DPS | Affects: ['ALL']
        ThanklessCoronationATKExtra | ATK% | Stacks: 1 | Value: 0.400 | Remaining Turns: 2 | TickDown: DPS, END | Target: DPS | Affects: ['ALL']
        ----------End of Buff List----------
        ----------Enemy Debuffs----------
        WeltSpdDebuff | From: SUP2 | SPD% | Stacks: 1 | Value: -0.100 | Remaining Turns: 2 | Target: 1 | Targeting: ST | Affects: ['ALL'] | DOT: False | Blast: False
        Enemy 1 WIN-break | From: DPS | WINDSHEAR | Stacks: 1 | Value: 12621.002 | Remaining Turns: 1 | Target: 1 | Targeting: ST | Affects: ['ALL'] | DOT: True | Blast: False
        ResoShred(SUP2) | From: SUP2 | SHRED | Stacks: 1 | Value: 0.160 | Remaining Turns: 1 | Target: 1 | Targeting: ST | Affects: ['ALL'] | DOT: False | Blast: False
        WeltImprisonSPD | From: SUP2 | SPD% | Stacks: 1 | Value: -0.100 | Remaining Turns: 1 | Target: 1 | Targeting: ST | Affects: ['ALL'] | DOT: False | Blast: False
        WeltWeightlessSPD | From: SUP2 | SPD% | Stacks: 1 | Value: -0.050 | Remaining Turns: 2 | Target: 1 | Targeting: ST | Affects: ['ALL'] | DOT: False | Blast: False
        WeltWeightlessShred | From: SUP2 | SHRED | Stacks: 1 | Value: 0.400 | Remaining Turns: 2 | Target: 1 | Targeting: ST | Affects: ['ALL'] | DOT: False | Blast: False
        ----------End of Debuff List----------
        ----------Healing List----------
        ----------End of Healing List----------
        ----------Shields List----------
        ----------End of Shields List----------
    KILL   - Saber killed Enemy 0 (overkill: 207093.6)
    SPAWN  - Enemy 0 respawned at full HP, AV set to 0
    GAUGE  - Enemy 0 toughness reduced by 40.000
    KILL   - Saber killed Enemy 1 (overkill: 51593.6)
    SPAWN  - Enemy 1 respawned at full HP, AV set to 0
    GAUGE  - Enemy 1 toughness reduced by 40.000
    KILL   - Saber killed Enemy 2 (overkill: 244026.1)
    SPAWN  - Enemy 2 respawned at full HP, AV set to 0
    GAUGE  - Enemy 2 toughness reduced by 40.000
    RESULT - SaberUltBig | Saber | DPS | DMG: 825833.300 | ELADMG: 0.000 | Enemies Hit: [0, 1, 2] | Enemies Broken: [] | WB DMG: 0.000 | Energy: 0.000 | Amount HP Healed: 0.000 | Amount HP Lost: 0.000 | Saber Energy: 9/360 | SP: 1 | MaxSP: 5)
Gilgamesh Obtained 2 Interest from Teammate Ult, Current count: 6
Gilgamesh Obtained 108.0 Energy from Teammate
Gilgamesh Obtained 1 Interest from Teammate, Current count: 7
Gilgamesh JointCounter increased by one, current count: 1
[WeltAllyBuff] allyTurn() invoked for attacker=Role.DPS, move=SaberUltBig
[WeltAllyBuff] allyTurn check: attacker=Role.DPS, turnName=SaberUltBig, dmg=825833.3000745188, elationDmg=0, enemiesHit=[0, 1, 2], weightlessTurns={0: 2, 1: 2, 2: 1}
[WeltAllyBuff] TRIGGERED - granting WeltAllyWeightlessDMG
    TURN   - SaberUltSmall | Saber | DPS | ST attack | ['WIN'] | ['ULT'] | Scaling: ATK | TargetID: 1 | DMG/BREAK Splits: [22.0, 0]/[20, 0] | Energy Gained: 5 | SP Change: 0

        ----------Char Buffs----------
        ThanklessCoronationCD | CR% | Stacks: 1 | Value: 0.360 | Remaining Turns: 1 | TickDown: DPS, PERM | Target: DPS | Affects: ['ALL']
        ScholarCR | CR% | Stacks: 1 | Value: 0.080 | Remaining Turns: 1 | TickDown: DPS, PERM | Target: DPS | Affects: ['ALL']
        ScholarDMG | DMG% | Stacks: 1 | Value: 0.200 | Remaining Turns: 1 | TickDown: DPS, PERM | Target: DPS | Affects: ['SKL', 'ULT']
        SaberTraceHP | HP% | Stacks: 1 | Value: 0.100 | Remaining Turns: 1 | TickDown: DPS, PERM | Target: DPS | Affects: ['ALL']
        SaberTraceCR | CR% | Stacks: 1 | Value: 0.120 | Remaining Turns: 1 | TickDown: DPS, PERM | Target: DPS | Affects: ['ALL']
        SaberTraceDMG | DMG% | Stacks: 1 | Value: 0.224 | Remaining Turns: 1 | TickDown: DPS, PERM | Target: DPS | Affects: ['ALL']
        SaberTrace1CR | CR% | Stacks: 1 | Value: 0.200 | Remaining Turns: 1 | TickDown: DPS, PERM | Target: DPS | Affects: ['ALL']
        GilgameshTrace3ATK | ATK% | Stacks: 1 | Value: 0.200 | Remaining Turns: 1 | TickDown: DPS, PERM | Target: DPS | Affects: ['ALL']
        GilgameshTrace3CD | CD% | Stacks: 1 | Value: 0.200 | Remaining Turns: 1 | TickDown: DPS, PERM | Target: DPS | Affects: ['ALL']
        LushakaATK(SUP2) | ATK% | Stacks: 1 | Value: 0.120 | Remaining Turns: 1 | TickDown: DPS, PERM | Target: DPS | Affects: ['ALL']
        KeelCD(SUS) | CD% | Stacks: 1 | Value: 0.100 | Remaining Turns: 1 | TickDown: DPS, PERM | Target: DPS | Affects: ['ALL']
        CosmicLifeDMG | DMG% | Stacks: 1 | Value: 0.320 | Remaining Turns: 1 | TickDown: DPS, PERM | Target: DPS | Affects: ['ALL']
        Trace3CDExtra | CD% | Stacks: 1 | Value: 0.320 | Remaining Turns: 1 | TickDown: DPS, PERM | Target: DPS | Affects: ['ALL']
        GilgameshTrace3AllyATK | ATK% | Stacks: 1 | Value: 1.000 | Remaining Turns: 1 | TickDown: DPS, PERM | Target: DPS | Affects: ['ALL']
        GilgameshTrace3AllyCD | CD% | Stacks: 1 | Value: 1.000 | Remaining Turns: 1 | TickDown: DPS, PERM | Target: DPS | Affects: ['ALL']
        WeltAllyWeightlessDMG | DMG% | Stacks: 10 | Value: 1.000 | Remaining Turns: 2 | TickDown: DPS, END | Target: DPS | Affects: ['ALL']
        WarriorGoddessHealCD | CD% | Stacks: 1 | Value: 0.150 | Remaining Turns: 2 | TickDown: DPS, START | Target: DPS | Affects: ['ALL']
        HuoHuoUltATK | ATK% | Stacks: 1 | Value: 0.400 | Remaining Turns: 1 | TickDown: DPS, END | Target: DPS | Affects: ['ALL']
        HuoHuoUltExtraATK | ATK% | Stacks: 1 | Value: 0.240 | Remaining Turns: 1 | TickDown: DPS, END | Target: DPS | Affects: ['ALL']
        TalentDMG | DMG% | Stacks: 1 | Value: 0.600 | Remaining Turns: 1 | TickDown: DPS, END | Target: DPS | Affects: ['ALL']
        ThanklessCoronationATK | ATK% | Stacks: 1 | Value: 0.400 | Remaining Turns: 2 | TickDown: DPS, END | Target: DPS | Affects: ['ALL']
        ThanklessCoronationERR | ERR_F | Stacks: 1 | Value: 36.000 | Remaining Turns: 1 | TickDown: DPS, START | Target: DPS | Affects: ['ALL']
        ThanklessCoronationATKExtra | ATK% | Stacks: 1 | Value: 0.400 | Remaining Turns: 2 | TickDown: DPS, END | Target: DPS | Affects: ['ALL']
        ----------End of Buff List----------
        ----------Enemy Debuffs----------
        WeltSpdDebuff | From: SUP2 | SPD% | Stacks: 1 | Value: -0.100 | Remaining Turns: 2 | Target: 1 | Targeting: ST | Affects: ['ALL'] | DOT: False | Blast: False
        Enemy 1 WIN-break | From: DPS | WINDSHEAR | Stacks: 1 | Value: 12621.002 | Remaining Turns: 1 | Target: 1 | Targeting: ST | Affects: ['ALL'] | DOT: True | Blast: False
        ResoShred(SUP2) | From: SUP2 | SHRED | Stacks: 1 | Value: 0.160 | Remaining Turns: 1 | Target: 1 | Targeting: ST | Affects: ['ALL'] | DOT: False | Blast: False
        WeltImprisonSPD | From: SUP2 | SPD% | Stacks: 1 | Value: -0.100 | Remaining Turns: 1 | Target: 1 | Targeting: ST | Affects: ['ALL'] | DOT: False | Blast: False
        WeltWeightlessSPD | From: SUP2 | SPD% | Stacks: 1 | Value: -0.050 | Remaining Turns: 2 | Target: 1 | Targeting: ST | Affects: ['ALL'] | DOT: False | Blast: False
        WeltWeightlessShred | From: SUP2 | SHRED | Stacks: 1 | Value: 0.400 | Remaining Turns: 2 | Target: 1 | Targeting: ST | Affects: ['ALL'] | DOT: False | Blast: False
        ----------End of Debuff List----------
        ----------Healing List----------
        ----------End of Healing List----------
        ----------Shields List----------
        ----------End of Shields List----------
    GAUGE  - Enemy 1 toughness reduced by 20.000
    RESULT - SaberUltSmall | Saber | DPS | DMG: 1122174.218 | ELADMG: 0.000 | Enemies Hit: [1] | Enemies Broken: [] | WB DMG: 0.000 | Energy: 5.000 | Amount HP Healed: 0.000 | Amount HP Lost: 0.000 | Saber Energy: 14/360 | SP: 1 | MaxSP: 5)
[WeltAllyBuff] allyTurn() invoked for attacker=Role.DPS, move=SaberUltSmall
[WeltAllyBuff] allyTurn check: attacker=Role.DPS, turnName=SaberUltSmall, dmg=1122174.2184949203, elationDmg=0, enemiesHit=[1], weightlessTurns={0: 2, 1: 2, 2: 1}
[WeltAllyBuff] TRIGGERED - granting WeltAllyWeightlessDMG
ERR    > 36.000 energy added to Saber from ThanklessCoronationERR | Saber Energy: 50.333
ERR    > 108.000 energy added to Gilgamesh from GilgameshTrace1ERRAlly1 | Gilgamesh Energy: 247.333
        Debuff Enemy 1 WIN-break expired
        Debuff ResoShred(SUP2) expired
        Debuff WeltImprisonSPD expired
SPD    > Gilgamesh speed changed to 206.032 | NewAV: 26.993
AV     > Enemy 1 AV reset to 54.897 | 182.160 SPD
DELAY  > Enemy 0 delayed by 4.0% from WeltWeightlessDelay | NewAV: 2.673
DELAY  > Enemy 1 delayed by 4.0% from WeltWeightlessDelay | NewAV: 57.093
DELAY  > Enemy 2 delayed by 4.0% from WeltWeightlessDelay | NewAV: 69.383

<<< NEW TURN >>>
-   Enemy 0 AV: 0.000 ENERGY: 0.000 MaxHP: 2000000.000 CurrHp 2000000.000 ShieldHP: 0.000
-   HuoHuo AV: 7.808 ENERGY: 53.273 MaxHP: 6139.808 CurrHp 5096.073 ShieldHP: 0.000
-   Welt AV: 17.236 ENERGY: 24.888 MaxHP: 3270.753 CurrHp 1245.532 ShieldHP: 0.000
-   Gilgamesh AV: 24.320 ENERGY: 247.333 MaxHP: 3134.558 CurrHp 964.079 ShieldHP: 0.000
-   Saber AV: 36.293 ENERGY: 50.333 MaxHP: 3366.991 CurrHp 1655.845 ShieldHP: 0.000
-   Enemy 1 AV: 54.420 ENERGY: 0.000 MaxHP: 5000000.000 CurrHp 3877825.782 ShieldHP: 0.000
-   Enemy 2 AV: 66.710 ENERGY: 0.000 MaxHP: 2000000.000 CurrHp 2000000.000 ShieldHP: 0.000

Combat context set: 3 enemies, 4 players
Combat context initialized: 3 enemies, Elation team size: 0
[WeltAllyBuff] enemy turn-boundary detected for eid=1 (prevAV=0.0, currAV=54.419924569358614); weightlessTurns before={0: 2, 1: 2, 2: 1}
[WeltAllyBuff] weightlessTurns after={0: 2, 1: 1, 2: 1}
ACTION > [ENEMY] TotalAV: 370.782 | TurnAV: 2.673 | Enemy 0 | 1 attacks
    CharEnergy - Saber: Hit 5.000 Total: 55.333 | Gilgamesh: Hit 1.667 Total: 249.000 | Welt: Hit 5.000 Total: 31.110 | HuoHuo: Hit 1.667 Total: 55.530 |
    ENEMY  - Enemy 0 [aoe] dealt 232.0 to Saber (energy: 3.3, DEF: 2409, atkMul: 1.00, dmgMul: 1.00) | Shield Absorbed: 0.0 | HP Lost: 232.0 | HP: 1424/3367 | Shield HP: 0
    ENEMY  - Enemy 0 [aoe] dealt 116.0 to Saber (energy: 1.7, DEF: 2409, atkMul: 1.00, dmgMul: 1.00) | Shield Absorbed: 0.0 | HP Lost: 116.0 | HP: 1308/3367 | Shield HP: 0
    ENEMY  - Enemy 0 [aoe] dealt 140.2 to Gilgamesh (energy: 1.7, DEF: 1794, atkMul: 1.00, dmgMul: 1.00) | Shield Absorbed: 0.0 | HP Lost: 140.2 | HP: 824/3135 | Shield HP: 0
    ENEMY  - Enemy 0 [aoe] dealt 168.8 to Welt (energy: 1.7, DEF: 1296, atkMul: 1.00, dmgMul: 1.00) | Shield Absorbed: 0.0 | HP Lost: 168.8 | HP: 1077/3271 | Shield HP: 0
    ENEMY  - Enemy 0 [aoe] dealt 116.0 to HuoHuo (energy: 1.7, DEF: 2410, atkMul: 1.00, dmgMul: 1.00) | Shield Absorbed: 0.0 | HP Lost: 116.0 | HP: 4980/6140 | Shield HP: 0
    ENEMY  - Enemy 0 [aoe] dealt 337.5 to Welt (energy: 3.3, DEF: 1296, atkMul: 1.00, dmgMul: 1.00) | Shield Absorbed: 0.0 | HP Lost: 337.5 | HP: 739/3271 | Shield HP: 0
    DEBUFF - Enemy 0 took 7542.432 Debuff damage from Enemy 0 WIN-break
        Debuff Enemy 0 WIN-break expired
        Debuff ResoShred(SUP2) expired
        Debuff WeltImprisonSPD expired
AV     > Enemy 0 AV reset to 66.890 | 149.500 SPD

<<< NEW TURN >>>
-   HuoHuo AV: 0.000 ENERGY: 55.530 MaxHP: 6139.808 CurrHp 4980.102 ShieldHP: 0.000
-   Welt AV: 9.428 ENERGY: 31.110 MaxHP: 3270.753 CurrHp 739.221 ShieldHP: 0.000
-   Gilgamesh AV: 16.512 ENERGY: 249.000 MaxHP: 3134.558 CurrHp 823.843 ShieldHP: 0.000
-   Saber AV: 28.485 ENERGY: 55.333 MaxHP: 3366.991 CurrHp 1307.804 ShieldHP: 0.000
-   Enemy 1 AV: 46.612 ENERGY: 0.000 MaxHP: 5000000.000 CurrHp 3877825.782 ShieldHP: 0.000
-   Enemy 2 AV: 58.902 ENERGY: 0.000 MaxHP: 2000000.000 CurrHp 2000000.000 ShieldHP: 0.000
-   Enemy 0 AV: 59.082 ENERGY: 0.000 MaxHP: 2000000.000 CurrHp 2000000.000 ShieldHP: 0.000

Combat context set: 3 enemies, 4 players
Combat context initialized: 3 enemies, Elation team size: 0
[WeltAllyBuff] enemy turn-boundary detected for eid=0 (prevAV=0.0, currAV=59.08171187862153); weightlessTurns before={0: 2, 1: 1, 2: 1}
[WeltAllyBuff] weightlessTurns after={0: 1, 1: 1, 2: 1}
ACTION > [CHAR] TotalAV: 378.590 | TurnAV: 7.808 | HuoHuo | A-move
    TURN   - HuoHuoBasic | HuoHuo | SUS | ST attack | ['WIN'] | ['BSC'] | Scaling: HP | TargetID: 1 | DMG/BREAK Splits: [0.5, 0]/[10, 0] | Energy Gained: 20 | SP Change: 1

        ----------Char Buffs----------
        GilgameshTrace3ATK | ATK% | Stacks: 1 | Value: 0.200 | Remaining Turns: 1 | TickDown: SUS, PERM | Target: SUS | Affects: ['ALL']
        GilgameshTrace3CD | CD% | Stacks: 1 | Value: 0.200 | Remaining Turns: 1 | TickDown: SUS, PERM | Target: SUS | Affects: ['ALL']
        PostOpERR | ERR% | Stacks: 1 | Value: 0.160 | Remaining Turns: 1 | TickDown: SUS, PERM | Target: SUS | Affects: ['ALL']
        WarriorGoddessSPD | SPD% | Stacks: 1 | Value: 0.060 | Remaining Turns: 1 | TickDown: SUS, PERM | Target: SUS | Affects: ['ALL']
        KeelEFFRES | ERS% | Stacks: 1 | Value: 0.100 | Remaining Turns: 1 | TickDown: SUS, PERM | Target: SUS | Affects: ['ALL']
        KeelCD(SUS) | CD% | Stacks: 1 | Value: 0.100 | Remaining Turns: 1 | TickDown: SUS, PERM | Target: SUS | Affects: ['ALL']
        HHTraceHP | HP% | Stacks: 1 | Value: 0.280 | Remaining Turns: 1 | TickDown: SUS, PERM | Target: SUS | Affects: ['ALL']
        HHTraceERS | ERS% | Stacks: 1 | Value: 0.180 | Remaining Turns: 1 | TickDown: SUS, PERM | Target: SUS | Affects: ['ALL']
        HHTraceSPD | SPD | Stacks: 1 | Value: 5.000 | Remaining Turns: 1 | TickDown: SUS, PERM | Target: SUS | Affects: ['ALL']
        WarriorGoddessHealSPD | SPD% | Stacks: 1 | Value: 0.060 | Remaining Turns: 1 | TickDown: SUS, START | Target: SUS | Affects: ['ALL']
        WarriorGoddessHealCD | CD% | Stacks: 1 | Value: 0.150 | Remaining Turns: 1 | TickDown: SUS, START | Target: SUS | Affects: ['ALL']
        ----------End of Buff List----------
        ----------Enemy Debuffs----------
        WeltSpdDebuff | From: SUP2 | SPD% | Stacks: 1 | Value: -0.100 | Remaining Turns: 1 | Target: 1 | Targeting: ST | Affects: ['ALL'] | DOT: False | Blast: False
        WeltWeightlessSPD | From: SUP2 | SPD% | Stacks: 1 | Value: -0.050 | Remaining Turns: 1 | Target: 1 | Targeting: ST | Affects: ['ALL'] | DOT: False | Blast: False
        WeltWeightlessShred | From: SUP2 | SHRED | Stacks: 1 | Value: 0.400 | Remaining Turns: 1 | Target: 1 | Targeting: ST | Affects: ['ALL'] | DOT: False | Blast: False
        ----------End of Debuff List----------
        ----------Healing List----------
        ----------End of Healing List----------
        ----------Shields List----------
        ----------End of Shields List----------
    GAUGE  - Enemy 1 toughness reduced by 10.000
    RESULT - HuoHuoBasic | HuoHuo | SUS | DMG: 1823.749 | ELADMG: 0.000 | Enemies Hit: [1] | Enemies Broken: [] | WB DMG: 0.000 | Energy: 27.088 | Amount HP Healed: 0.000 | Amount HP Lost: 0.000 | HuoHuo Energy: 83/140 | SP: 2 | MaxSP: 5)
Gilgamesh Obtained 1 Interest from Teammate, Current count: 8
[WeltAllyBuff] allyTurn() invoked for attacker=Role.SUS, move=HuoHuoBasic
[WeltAllyBuff] allyTurn check: attacker=Role.SUS, turnName=HuoHuoBasic, dmg=1823.749249128076, elationDmg=0, enemiesHit=[1], weightlessTurns={0: 1, 1: 1, 2: 1}
[WeltAllyBuff] TRIGGERED - granting WeltAllyWeightlessDMG
SPD    > Gilgamesh speed changed to 215.732 | NewAV: 15.769
AV     > HuoHuo AV reset to 62.308 | 160.492 SPD
DELAY  > Enemy 1 delayed by 4.0% from WeltWeightlessDelay | NewAV: 48.808

<<< NEW TURN >>>
-   Welt AV: 0.000 ENERGY: 31.110 MaxHP: 3270.753 CurrHp 739.221 ShieldHP: 0.000
-   Gilgamesh AV: 6.341 ENERGY: 249.000 MaxHP: 3134.558 CurrHp 823.843 ShieldHP: 0.000
-   Saber AV: 19.057 ENERGY: 55.333 MaxHP: 3366.991 CurrHp 1307.804 ShieldHP: 0.000
-   Enemy 1 AV: 39.380 ENERGY: 0.000 MaxHP: 5000000.000 CurrHp 3876002.032 ShieldHP: 0.000
-   Enemy 2 AV: 49.474 ENERGY: 0.000 MaxHP: 2000000.000 CurrHp 2000000.000 ShieldHP: 0.000
-   Enemy 0 AV: 49.653 ENERGY: 0.000 MaxHP: 2000000.000 CurrHp 2000000.000 ShieldHP: 0.000
-   HuoHuo AV: 52.880 ENERGY: 82.618 MaxHP: 6139.808 CurrHp 4980.102 ShieldHP: 0.000

Combat context set: 3 enemies, 4 players
Combat context initialized: 3 enemies, Elation team size: 0
ACTION > [CHAR] TotalAV: 388.018 | TurnAV: 9.428 | Welt | E-move
    TURN   - WeltSkill | Welt | SUP2 | ST attack | ['IMG'] | ['SKL'] | Scaling: ATK | TargetID: 1 | DMG/BREAK Splits: [0.72, 0]/[10, 0] | Energy Gained: 6 | SP Change: -1

        ----------Char Buffs----------
        GilgameshTrace3ATK | ATK% | Stacks: 1 | Value: 0.200 | Remaining Turns: 1 | TickDown: SUP2, PERM | Target: SUP2 | Affects: ['ALL']
        GilgameshTrace3CD | CD% | Stacks: 1 | Value: 0.200 | Remaining Turns: 1 | TickDown: SUP2, PERM | Target: SUP2 | Affects: ['ALL']
        MasterSmithHP | HP% | Stacks: 1 | Value: 0.120 | Remaining Turns: 1 | TickDown: SUP2, PERM | Target: SUP2 | Affects: ['ALL']
        LushakaERR | ERR% | Stacks: 1 | Value: 0.050 | Remaining Turns: 1 | TickDown: SUP2, PERM | Target: SUP2 | Affects: ['ALL']
        WeltTraceERS | ERS% | Stacks: 1 | Value: 0.100 | Remaining Turns: 1 | TickDown: SUP2, PERM | Target: SUP2 | Affects: ['ALL']
        WeltTraceEHR | EHR% | Stacks: 1 | Value: 0.280 | Remaining Turns: 1 | TickDown: SUP2, PERM | Target: SUP2 | Affects: ['ALL']
        WeltTraceDMG | DMG% | Stacks: 1 | Value: 0.144 | Remaining Turns: 1 | TickDown: SUP2, PERM | Target: SUP2 | Affects: ['ALL']
        KeelCD(SUS) | CD% | Stacks: 1 | Value: 0.100 | Remaining Turns: 1 | TickDown: SUP2, PERM | Target: SUP2 | Affects: ['ALL']
        WeltTalent3ATK | ATK% | Stacks: 1 | Value: 0.800 | Remaining Turns: 1 | TickDown: SUP2, PERM | Target: SUP2 | Affects: ['ALL']
        WarriorGoddessHealCD | CD% | Stacks: 1 | Value: 0.150 | Remaining Turns: 1 | TickDown: SUP2, START | Target: SUP2 | Affects: ['ALL']
        ----------End of Buff List----------
        ----------Enemy Debuffs----------
        WeltSpdDebuff | From: SUP2 | SPD% | Stacks: 1 | Value: -0.100 | Remaining Turns: 2 | Target: 1 | Targeting: ST | Affects: ['ALL'] | DOT: False | Blast: False
        WeltWeightlessSPD | From: SUP2 | SPD% | Stacks: 1 | Value: -0.050 | Remaining Turns: 1 | Target: 1 | Targeting: ST | Affects: ['ALL'] | DOT: False | Blast: False
        WeltWeightlessShred | From: SUP2 | SHRED | Stacks: 1 | Value: 0.400 | Remaining Turns: 1 | Target: 1 | Targeting: ST | Affects: ['ALL'] | DOT: False | Blast: False
        ResoShred(SUP2) | From: SUP2 | SHRED | Stacks: 1 | Value: 0.160 | Remaining Turns: 1 | Target: 1 | Targeting: ST | Affects: ['ALL'] | DOT: False | Blast: False
        ----------End of Debuff List----------
        ----------Healing List----------
        ----------End of Healing List----------
        ----------Shields List----------
        ----------End of Shields List----------
    GAUGE  - Enemy 1 toughness reduced by 0.000
    RESULT - WeltSkill | Welt | SUP2 | DMG: 1922.213 | ELADMG: 0.000 | Enemies Hit: [1] | Enemies Broken: [] | WB DMG: 0.000 | Energy: 7.466 | Amount HP Healed: 0.000 | Amount HP Lost: 0.000 | Welt Energy: 39/120 | SP: 1 | MaxSP: 5)
Gilgamesh Obtained 1 Interest from Teammate, Current count: 9
    TURN   - WeltSlowedAdditionalDMG | Welt | SUP2 | ST attack | ['IMG'] | ['ADD'] | Scaling: ATK | TargetID: 1 | DMG/BREAK Splits: [1.0, 0]/[0, 0] | Energy Gained: 0 | SP Change: 0

        ----------Char Buffs----------
        GilgameshTrace3ATK | ATK% | Stacks: 1 | Value: 0.200 | Remaining Turns: 1 | TickDown: SUP2, PERM | Target: SUP2 | Affects: ['ALL']
        GilgameshTrace3CD | CD% | Stacks: 1 | Value: 0.200 | Remaining Turns: 1 | TickDown: SUP2, PERM | Target: SUP2 | Affects: ['ALL']
        MasterSmithHP | HP% | Stacks: 1 | Value: 0.120 | Remaining Turns: 1 | TickDown: SUP2, PERM | Target: SUP2 | Affects: ['ALL']
        LushakaERR | ERR% | Stacks: 1 | Value: 0.050 | Remaining Turns: 1 | TickDown: SUP2, PERM | Target: SUP2 | Affects: ['ALL']
        WeltTraceERS | ERS% | Stacks: 1 | Value: 0.100 | Remaining Turns: 1 | TickDown: SUP2, PERM | Target: SUP2 | Affects: ['ALL']
        WeltTraceEHR | EHR% | Stacks: 1 | Value: 0.280 | Remaining Turns: 1 | TickDown: SUP2, PERM | Target: SUP2 | Affects: ['ALL']
        WeltTraceDMG | DMG% | Stacks: 1 | Value: 0.144 | Remaining Turns: 1 | TickDown: SUP2, PERM | Target: SUP2 | Affects: ['ALL']
        KeelCD(SUS) | CD% | Stacks: 1 | Value: 0.100 | Remaining Turns: 1 | TickDown: SUP2, PERM | Target: SUP2 | Affects: ['ALL']
        WeltTalent3ATK | ATK% | Stacks: 1 | Value: 0.800 | Remaining Turns: 1 | TickDown: SUP2, PERM | Target: SUP2 | Affects: ['ALL']
        WarriorGoddessHealCD | CD% | Stacks: 1 | Value: 0.150 | Remaining Turns: 1 | TickDown: SUP2, START | Target: SUP2 | Affects: ['ALL']
        ----------End of Buff List----------
        ----------Enemy Debuffs----------
        WeltSpdDebuff | From: SUP2 | SPD% | Stacks: 1 | Value: -0.100 | Remaining Turns: 2 | Target: 1 | Targeting: ST | Affects: ['ALL'] | DOT: False | Blast: False
        WeltWeightlessSPD | From: SUP2 | SPD% | Stacks: 1 | Value: -0.050 | Remaining Turns: 1 | Target: 1 | Targeting: ST | Affects: ['ALL'] | DOT: False | Blast: False
        WeltWeightlessShred | From: SUP2 | SHRED | Stacks: 1 | Value: 0.400 | Remaining Turns: 1 | Target: 1 | Targeting: ST | Affects: ['ALL'] | DOT: False | Blast: False
        ResoShred(SUP2) | From: SUP2 | SHRED | Stacks: 1 | Value: 0.160 | Remaining Turns: 1 | Target: 1 | Targeting: ST | Affects: ['ALL'] | DOT: False | Blast: False
        ----------End of Debuff List----------
        ----------Healing List----------
        ----------End of Healing List----------
        ----------Shields List----------
        ----------End of Shields List----------
    GAUGE  - Enemy 1 toughness reduced by 0.000
    RESULT - WeltSlowedAdditionalDMG | Welt | SUP2 | DMG: 2669.740 | ELADMG: 0.000 | Enemies Hit: [1] | Enemies Broken: [] | WB DMG: 0.000 | Energy: 0.000 | Amount HP Healed: 0.000 | Amount HP Lost: 0.000 | Welt Energy: 39/120 | SP: 1 | MaxSP: 5)
    TURN   - WeltSkillExtra | Welt | SUP2 | ST attack | ['IMG'] | ['SKL'] | Scaling: ATK | TargetID: 1 | DMG/BREAK Splits: [0.72, 0]/[10, 0] | Energy Gained: 6 | SP Change: 0

        ----------Char Buffs----------
        GilgameshTrace3ATK | ATK% | Stacks: 1 | Value: 0.200 | Remaining Turns: 1 | TickDown: SUP2, PERM | Target: SUP2 | Affects: ['ALL']
        GilgameshTrace3CD | CD% | Stacks: 1 | Value: 0.200 | Remaining Turns: 1 | TickDown: SUP2, PERM | Target: SUP2 | Affects: ['ALL']
        MasterSmithHP | HP% | Stacks: 1 | Value: 0.120 | Remaining Turns: 1 | TickDown: SUP2, PERM | Target: SUP2 | Affects: ['ALL']
        LushakaERR | ERR% | Stacks: 1 | Value: 0.050 | Remaining Turns: 1 | TickDown: SUP2, PERM | Target: SUP2 | Affects: ['ALL']
        WeltTraceERS | ERS% | Stacks: 1 | Value: 0.100 | Remaining Turns: 1 | TickDown: SUP2, PERM | Target: SUP2 | Affects: ['ALL']
        WeltTraceEHR | EHR% | Stacks: 1 | Value: 0.280 | Remaining Turns: 1 | TickDown: SUP2, PERM | Target: SUP2 | Affects: ['ALL']
        WeltTraceDMG | DMG% | Stacks: 1 | Value: 0.144 | Remaining Turns: 1 | TickDown: SUP2, PERM | Target: SUP2 | Affects: ['ALL']
        KeelCD(SUS) | CD% | Stacks: 1 | Value: 0.100 | Remaining Turns: 1 | TickDown: SUP2, PERM | Target: SUP2 | Affects: ['ALL']
        WeltTalent3ATK | ATK% | Stacks: 1 | Value: 0.800 | Remaining Turns: 1 | TickDown: SUP2, PERM | Target: SUP2 | Affects: ['ALL']
        WarriorGoddessHealCD | CD% | Stacks: 1 | Value: 0.150 | Remaining Turns: 1 | TickDown: SUP2, START | Target: SUP2 | Affects: ['ALL']
        ----------End of Buff List----------
        ----------Enemy Debuffs----------
        WeltSpdDebuff | From: SUP2 | SPD% | Stacks: 1 | Value: -0.100 | Remaining Turns: 2 | Target: 1 | Targeting: ST | Affects: ['ALL'] | DOT: False | Blast: False
        WeltWeightlessSPD | From: SUP2 | SPD% | Stacks: 1 | Value: -0.050 | Remaining Turns: 1 | Target: 1 | Targeting: ST | Affects: ['ALL'] | DOT: False | Blast: False
        WeltWeightlessShred | From: SUP2 | SHRED | Stacks: 1 | Value: 0.400 | Remaining Turns: 1 | Target: 1 | Targeting: ST | Affects: ['ALL'] | DOT: False | Blast: False
        ResoShred(SUP2) | From: SUP2 | SHRED | Stacks: 1 | Value: 0.160 | Remaining Turns: 1 | Target: 1 | Targeting: ST | Affects: ['ALL'] | DOT: False | Blast: False
        ----------End of Debuff List----------
        ----------Healing List----------
        ----------End of Healing List----------
        ----------Shields List----------
        ----------End of Shields List----------
    GAUGE  - Enemy 1 toughness reduced by 0.000
    RESULT - WeltSkillExtra | Welt | SUP2 | DMG: 1922.213 | ELADMG: 0.000 | Enemies Hit: [1] | Enemies Broken: [] | WB DMG: 0.000 | Energy: 7.466 | Amount HP Healed: 0.000 | Amount HP Lost: 0.000 | Welt Energy: 46/120 | SP: 1 | MaxSP: 5)
    TURN   - WeltSlowedAdditionalDMG | Welt | SUP2 | ST attack | ['IMG'] | ['ADD'] | Scaling: ATK | TargetID: 1 | DMG/BREAK Splits: [1.0, 0]/[0, 0] | Energy Gained: 0 | SP Change: 0

        ----------Char Buffs----------
        GilgameshTrace3ATK | ATK% | Stacks: 1 | Value: 0.200 | Remaining Turns: 1 | TickDown: SUP2, PERM | Target: SUP2 | Affects: ['ALL']
        GilgameshTrace3CD | CD% | Stacks: 1 | Value: 0.200 | Remaining Turns: 1 | TickDown: SUP2, PERM | Target: SUP2 | Affects: ['ALL']
        MasterSmithHP | HP% | Stacks: 1 | Value: 0.120 | Remaining Turns: 1 | TickDown: SUP2, PERM | Target: SUP2 | Affects: ['ALL']
        LushakaERR | ERR% | Stacks: 1 | Value: 0.050 | Remaining Turns: 1 | TickDown: SUP2, PERM | Target: SUP2 | Affects: ['ALL']
        WeltTraceERS | ERS% | Stacks: 1 | Value: 0.100 | Remaining Turns: 1 | TickDown: SUP2, PERM | Target: SUP2 | Affects: ['ALL']
        WeltTraceEHR | EHR% | Stacks: 1 | Value: 0.280 | Remaining Turns: 1 | TickDown: SUP2, PERM | Target: SUP2 | Affects: ['ALL']
        WeltTraceDMG | DMG% | Stacks: 1 | Value: 0.144 | Remaining Turns: 1 | TickDown: SUP2, PERM | Target: SUP2 | Affects: ['ALL']
        KeelCD(SUS) | CD% | Stacks: 1 | Value: 0.100 | Remaining Turns: 1 | TickDown: SUP2, PERM | Target: SUP2 | Affects: ['ALL']
        WeltTalent3ATK | ATK% | Stacks: 1 | Value: 0.800 | Remaining Turns: 1 | TickDown: SUP2, PERM | Target: SUP2 | Affects: ['ALL']
        WarriorGoddessHealCD | CD% | Stacks: 1 | Value: 0.150 | Remaining Turns: 1 | TickDown: SUP2, START | Target: SUP2 | Affects: ['ALL']
        ----------End of Buff List----------
        ----------Enemy Debuffs----------
        WeltSpdDebuff | From: SUP2 | SPD% | Stacks: 1 | Value: -0.100 | Remaining Turns: 2 | Target: 1 | Targeting: ST | Affects: ['ALL'] | DOT: False | Blast: False
        WeltWeightlessSPD | From: SUP2 | SPD% | Stacks: 1 | Value: -0.050 | Remaining Turns: 1 | Target: 1 | Targeting: ST | Affects: ['ALL'] | DOT: False | Blast: False
        WeltWeightlessShred | From: SUP2 | SHRED | Stacks: 1 | Value: 0.400 | Remaining Turns: 1 | Target: 1 | Targeting: ST | Affects: ['ALL'] | DOT: False | Blast: False
        ResoShred(SUP2) | From: SUP2 | SHRED | Stacks: 1 | Value: 0.160 | Remaining Turns: 1 | Target: 1 | Targeting: ST | Affects: ['ALL'] | DOT: False | Blast: False
        ----------End of Debuff List----------
        ----------Healing List----------
        ----------End of Healing List----------
        ----------Shields List----------
        ----------End of Shields List----------
    GAUGE  - Enemy 1 toughness reduced by 0.000
    RESULT - WeltSlowedAdditionalDMG | Welt | SUP2 | DMG: 2669.740 | ELADMG: 0.000 | Enemies Hit: [1] | Enemies Broken: [] | WB DMG: 0.000 | Energy: 0.000 | Amount HP Healed: 0.000 | Amount HP Lost: 0.000 | Welt Energy: 46/120 | SP: 1 | MaxSP: 5)
    TURN   - WeltSkillExtra | Welt | SUP2 | ST attack | ['IMG'] | ['SKL'] | Scaling: ATK | TargetID: 1 | DMG/BREAK Splits: [0.72, 0]/[10, 0] | Energy Gained: 6 | SP Change: 0

        ----------Char Buffs----------
        GilgameshTrace3ATK | ATK% | Stacks: 1 | Value: 0.200 | Remaining Turns: 1 | TickDown: SUP2, PERM | Target: SUP2 | Affects: ['ALL']
        GilgameshTrace3CD | CD% | Stacks: 1 | Value: 0.200 | Remaining Turns: 1 | TickDown: SUP2, PERM | Target: SUP2 | Affects: ['ALL']
        MasterSmithHP | HP% | Stacks: 1 | Value: 0.120 | Remaining Turns: 1 | TickDown: SUP2, PERM | Target: SUP2 | Affects: ['ALL']
        LushakaERR | ERR% | Stacks: 1 | Value: 0.050 | Remaining Turns: 1 | TickDown: SUP2, PERM | Target: SUP2 | Affects: ['ALL']
        WeltTraceERS | ERS% | Stacks: 1 | Value: 0.100 | Remaining Turns: 1 | TickDown: SUP2, PERM | Target: SUP2 | Affects: ['ALL']
        WeltTraceEHR | EHR% | Stacks: 1 | Value: 0.280 | Remaining Turns: 1 | TickDown: SUP2, PERM | Target: SUP2 | Affects: ['ALL']
        WeltTraceDMG | DMG% | Stacks: 1 | Value: 0.144 | Remaining Turns: 1 | TickDown: SUP2, PERM | Target: SUP2 | Affects: ['ALL']
        KeelCD(SUS) | CD% | Stacks: 1 | Value: 0.100 | Remaining Turns: 1 | TickDown: SUP2, PERM | Target: SUP2 | Affects: ['ALL']
        WeltTalent3ATK | ATK% | Stacks: 1 | Value: 0.800 | Remaining Turns: 1 | TickDown: SUP2, PERM | Target: SUP2 | Affects: ['ALL']
        WarriorGoddessHealCD | CD% | Stacks: 1 | Value: 0.150 | Remaining Turns: 1 | TickDown: SUP2, START | Target: SUP2 | Affects: ['ALL']
        ----------End of Buff List----------
        ----------Enemy Debuffs----------
        WeltSpdDebuff | From: SUP2 | SPD% | Stacks: 1 | Value: -0.100 | Remaining Turns: 2 | Target: 1 | Targeting: ST | Affects: ['ALL'] | DOT: False | Blast: False
        WeltWeightlessSPD | From: SUP2 | SPD% | Stacks: 1 | Value: -0.050 | Remaining Turns: 1 | Target: 1 | Targeting: ST | Affects: ['ALL'] | DOT: False | Blast: False
        WeltWeightlessShred | From: SUP2 | SHRED | Stacks: 1 | Value: 0.400 | Remaining Turns: 1 | Target: 1 | Targeting: ST | Affects: ['ALL'] | DOT: False | Blast: False
        ResoShred(SUP2) | From: SUP2 | SHRED | Stacks: 1 | Value: 0.160 | Remaining Turns: 1 | Target: 1 | Targeting: ST | Affects: ['ALL'] | DOT: False | Blast: False
        ----------End of Debuff List----------
        ----------Healing List----------
        ----------End of Healing List----------
        ----------Shields List----------
        ----------End of Shields List----------
    GAUGE  - Enemy 1 toughness reduced by 0.000
    RESULT - WeltSkillExtra | Welt | SUP2 | DMG: 1922.213 | ELADMG: 0.000 | Enemies Hit: [1] | Enemies Broken: [] | WB DMG: 0.000 | Energy: 7.466 | Amount HP Healed: 0.000 | Amount HP Lost: 0.000 | Welt Energy: 54/120 | SP: 1 | MaxSP: 5)
    TURN   - WeltSlowedAdditionalDMG | Welt | SUP2 | ST attack | ['IMG'] | ['ADD'] | Scaling: ATK | TargetID: 1 | DMG/BREAK Splits: [1.0, 0]/[0, 0] | Energy Gained: 0 | SP Change: 0

        ----------Char Buffs----------
        GilgameshTrace3ATK | ATK% | Stacks: 1 | Value: 0.200 | Remaining Turns: 1 | TickDown: SUP2, PERM | Target: SUP2 | Affects: ['ALL']
        GilgameshTrace3CD | CD% | Stacks: 1 | Value: 0.200 | Remaining Turns: 1 | TickDown: SUP2, PERM | Target: SUP2 | Affects: ['ALL']
        MasterSmithHP | HP% | Stacks: 1 | Value: 0.120 | Remaining Turns: 1 | TickDown: SUP2, PERM | Target: SUP2 | Affects: ['ALL']
        LushakaERR | ERR% | Stacks: 1 | Value: 0.050 | Remaining Turns: 1 | TickDown: SUP2, PERM | Target: SUP2 | Affects: ['ALL']
        WeltTraceERS | ERS% | Stacks: 1 | Value: 0.100 | Remaining Turns: 1 | TickDown: SUP2, PERM | Target: SUP2 | Affects: ['ALL']
        WeltTraceEHR | EHR% | Stacks: 1 | Value: 0.280 | Remaining Turns: 1 | TickDown: SUP2, PERM | Target: SUP2 | Affects: ['ALL']
        WeltTraceDMG | DMG% | Stacks: 1 | Value: 0.144 | Remaining Turns: 1 | TickDown: SUP2, PERM | Target: SUP2 | Affects: ['ALL']
        KeelCD(SUS) | CD% | Stacks: 1 | Value: 0.100 | Remaining Turns: 1 | TickDown: SUP2, PERM | Target: SUP2 | Affects: ['ALL']
        WeltTalent3ATK | ATK% | Stacks: 1 | Value: 0.800 | Remaining Turns: 1 | TickDown: SUP2, PERM | Target: SUP2 | Affects: ['ALL']
        WarriorGoddessHealCD | CD% | Stacks: 1 | Value: 0.150 | Remaining Turns: 1 | TickDown: SUP2, START | Target: SUP2 | Affects: ['ALL']
        ----------End of Buff List----------
        ----------Enemy Debuffs----------
        WeltSpdDebuff | From: SUP2 | SPD% | Stacks: 1 | Value: -0.100 | Remaining Turns: 2 | Target: 1 | Targeting: ST | Affects: ['ALL'] | DOT: False | Blast: False
        WeltWeightlessSPD | From: SUP2 | SPD% | Stacks: 1 | Value: -0.050 | Remaining Turns: 1 | Target: 1 | Targeting: ST | Affects: ['ALL'] | DOT: False | Blast: False
        WeltWeightlessShred | From: SUP2 | SHRED | Stacks: 1 | Value: 0.400 | Remaining Turns: 1 | Target: 1 | Targeting: ST | Affects: ['ALL'] | DOT: False | Blast: False
        ResoShred(SUP2) | From: SUP2 | SHRED | Stacks: 1 | Value: 0.160 | Remaining Turns: 1 | Target: 1 | Targeting: ST | Affects: ['ALL'] | DOT: False | Blast: False
        ----------End of Debuff List----------
        ----------Healing List----------
        ----------End of Healing List----------
        ----------Shields List----------
        ----------End of Shields List----------
    GAUGE  - Enemy 1 toughness reduced by 0.000
    RESULT - WeltSlowedAdditionalDMG | Welt | SUP2 | DMG: 2669.740 | ELADMG: 0.000 | Enemies Hit: [1] | Enemies Broken: [] | WB DMG: 0.000 | Energy: 0.000 | Amount HP Healed: 0.000 | Amount HP Lost: 0.000 | Welt Energy: 54/120 | SP: 1 | MaxSP: 5)
    TURN   - WeltSkillExtra | Welt | SUP2 | ST attack | ['IMG'] | ['SKL'] | Scaling: ATK | TargetID: 1 | DMG/BREAK Splits: [0.72, 0]/[10, 0] | Energy Gained: 6 | SP Change: 0

        ----------Char Buffs----------
        GilgameshTrace3ATK | ATK% | Stacks: 1 | Value: 0.200 | Remaining Turns: 1 | TickDown: SUP2, PERM | Target: SUP2 | Affects: ['ALL']
        GilgameshTrace3CD | CD% | Stacks: 1 | Value: 0.200 | Remaining Turns: 1 | TickDown: SUP2, PERM | Target: SUP2 | Affects: ['ALL']
        MasterSmithHP | HP% | Stacks: 1 | Value: 0.120 | Remaining Turns: 1 | TickDown: SUP2, PERM | Target: SUP2 | Affects: ['ALL']
        LushakaERR | ERR% | Stacks: 1 | Value: 0.050 | Remaining Turns: 1 | TickDown: SUP2, PERM | Target: SUP2 | Affects: ['ALL']
        WeltTraceERS | ERS% | Stacks: 1 | Value: 0.100 | Remaining Turns: 1 | TickDown: SUP2, PERM | Target: SUP2 | Affects: ['ALL']
        WeltTraceEHR | EHR% | Stacks: 1 | Value: 0.280 | Remaining Turns: 1 | TickDown: SUP2, PERM | Target: SUP2 | Affects: ['ALL']
        WeltTraceDMG | DMG% | Stacks: 1 | Value: 0.144 | Remaining Turns: 1 | TickDown: SUP2, PERM | Target: SUP2 | Affects: ['ALL']
        KeelCD(SUS) | CD% | Stacks: 1 | Value: 0.100 | Remaining Turns: 1 | TickDown: SUP2, PERM | Target: SUP2 | Affects: ['ALL']
        WeltTalent3ATK | ATK% | Stacks: 1 | Value: 0.800 | Remaining Turns: 1 | TickDown: SUP2, PERM | Target: SUP2 | Affects: ['ALL']
        WarriorGoddessHealCD | CD% | Stacks: 1 | Value: 0.150 | Remaining Turns: 1 | TickDown: SUP2, START | Target: SUP2 | Affects: ['ALL']
        ----------End of Buff List----------
        ----------Enemy Debuffs----------
        WeltSpdDebuff | From: SUP2 | SPD% | Stacks: 1 | Value: -0.100 | Remaining Turns: 2 | Target: 1 | Targeting: ST | Affects: ['ALL'] | DOT: False | Blast: False
        WeltWeightlessSPD | From: SUP2 | SPD% | Stacks: 1 | Value: -0.050 | Remaining Turns: 1 | Target: 1 | Targeting: ST | Affects: ['ALL'] | DOT: False | Blast: False
        WeltWeightlessShred | From: SUP2 | SHRED | Stacks: 1 | Value: 0.400 | Remaining Turns: 1 | Target: 1 | Targeting: ST | Affects: ['ALL'] | DOT: False | Blast: False
        ResoShred(SUP2) | From: SUP2 | SHRED | Stacks: 1 | Value: 0.160 | Remaining Turns: 1 | Target: 1 | Targeting: ST | Affects: ['ALL'] | DOT: False | Blast: False
        ----------End of Debuff List----------
        ----------Healing List----------
        ----------End of Healing List----------
        ----------Shields List----------
        ----------End of Shields List----------
    GAUGE  - Enemy 1 toughness reduced by 0.000
    RESULT - WeltSkillExtra | Welt | SUP2 | DMG: 1922.213 | ELADMG: 0.000 | Enemies Hit: [1] | Enemies Broken: [] | WB DMG: 0.000 | Energy: 7.466 | Amount HP Healed: 0.000 | Amount HP Lost: 0.000 | Welt Energy: 61/120 | SP: 1 | MaxSP: 5)
    TURN   - WeltSlowedAdditionalDMG | Welt | SUP2 | ST attack | ['IMG'] | ['ADD'] | Scaling: ATK | TargetID: 1 | DMG/BREAK Splits: [1.0, 0]/[0, 0] | Energy Gained: 0 | SP Change: 0

        ----------Char Buffs----------
        GilgameshTrace3ATK | ATK% | Stacks: 1 | Value: 0.200 | Remaining Turns: 1 | TickDown: SUP2, PERM | Target: SUP2 | Affects: ['ALL']
        GilgameshTrace3CD | CD% | Stacks: 1 | Value: 0.200 | Remaining Turns: 1 | TickDown: SUP2, PERM | Target: SUP2 | Affects: ['ALL']
        MasterSmithHP | HP% | Stacks: 1 | Value: 0.120 | Remaining Turns: 1 | TickDown: SUP2, PERM | Target: SUP2 | Affects: ['ALL']
        LushakaERR | ERR% | Stacks: 1 | Value: 0.050 | Remaining Turns: 1 | TickDown: SUP2, PERM | Target: SUP2 | Affects: ['ALL']
        WeltTraceERS | ERS% | Stacks: 1 | Value: 0.100 | Remaining Turns: 1 | TickDown: SUP2, PERM | Target: SUP2 | Affects: ['ALL']
        WeltTraceEHR | EHR% | Stacks: 1 | Value: 0.280 | Remaining Turns: 1 | TickDown: SUP2, PERM | Target: SUP2 | Affects: ['ALL']
        WeltTraceDMG | DMG% | Stacks: 1 | Value: 0.144 | Remaining Turns: 1 | TickDown: SUP2, PERM | Target: SUP2 | Affects: ['ALL']
        KeelCD(SUS) | CD% | Stacks: 1 | Value: 0.100 | Remaining Turns: 1 | TickDown: SUP2, PERM | Target: SUP2 | Affects: ['ALL']
        WeltTalent3ATK | ATK% | Stacks: 1 | Value: 0.800 | Remaining Turns: 1 | TickDown: SUP2, PERM | Target: SUP2 | Affects: ['ALL']
        WarriorGoddessHealCD | CD% | Stacks: 1 | Value: 0.150 | Remaining Turns: 1 | TickDown: SUP2, START | Target: SUP2 | Affects: ['ALL']
        ----------End of Buff List----------
        ----------Enemy Debuffs----------
        WeltSpdDebuff | From: SUP2 | SPD% | Stacks: 1 | Value: -0.100 | Remaining Turns: 2 | Target: 1 | Targeting: ST | Affects: ['ALL'] | DOT: False | Blast: False
        WeltWeightlessSPD | From: SUP2 | SPD% | Stacks: 1 | Value: -0.050 | Remaining Turns: 1 | Target: 1 | Targeting: ST | Affects: ['ALL'] | DOT: False | Blast: False
        WeltWeightlessShred | From: SUP2 | SHRED | Stacks: 1 | Value: 0.400 | Remaining Turns: 1 | Target: 1 | Targeting: ST | Affects: ['ALL'] | DOT: False | Blast: False
        ResoShred(SUP2) | From: SUP2 | SHRED | Stacks: 1 | Value: 0.160 | Remaining Turns: 1 | Target: 1 | Targeting: ST | Affects: ['ALL'] | DOT: False | Blast: False
        ----------End of Debuff List----------
        ----------Healing List----------
        ----------End of Healing List----------
        ----------Shields List----------
        ----------End of Shields List----------
    GAUGE  - Enemy 1 toughness reduced by 0.000
    RESULT - WeltSlowedAdditionalDMG | Welt | SUP2 | DMG: 2669.740 | ELADMG: 0.000 | Enemies Hit: [1] | Enemies Broken: [] | WB DMG: 0.000 | Energy: 0.000 | Amount HP Healed: 0.000 | Amount HP Lost: 0.000 | Welt Energy: 61/120 | SP: 1 | MaxSP: 5)
    TURN   - WeltSkillExtra | Welt | SUP2 | ST attack | ['IMG'] | ['SKL'] | Scaling: ATK | TargetID: 1 | DMG/BREAK Splits: [0.72, 0]/[10, 0] | Energy Gained: 6 | SP Change: 0

        ----------Char Buffs----------
        GilgameshTrace3ATK | ATK% | Stacks: 1 | Value: 0.200 | Remaining Turns: 1 | TickDown: SUP2, PERM | Target: SUP2 | Affects: ['ALL']
        GilgameshTrace3CD | CD% | Stacks: 1 | Value: 0.200 | Remaining Turns: 1 | TickDown: SUP2, PERM | Target: SUP2 | Affects: ['ALL']
        MasterSmithHP | HP% | Stacks: 1 | Value: 0.120 | Remaining Turns: 1 | TickDown: SUP2, PERM | Target: SUP2 | Affects: ['ALL']
        LushakaERR | ERR% | Stacks: 1 | Value: 0.050 | Remaining Turns: 1 | TickDown: SUP2, PERM | Target: SUP2 | Affects: ['ALL']
        WeltTraceERS | ERS% | Stacks: 1 | Value: 0.100 | Remaining Turns: 1 | TickDown: SUP2, PERM | Target: SUP2 | Affects: ['ALL']
        WeltTraceEHR | EHR% | Stacks: 1 | Value: 0.280 | Remaining Turns: 1 | TickDown: SUP2, PERM | Target: SUP2 | Affects: ['ALL']
        WeltTraceDMG | DMG% | Stacks: 1 | Value: 0.144 | Remaining Turns: 1 | TickDown: SUP2, PERM | Target: SUP2 | Affects: ['ALL']
        KeelCD(SUS) | CD% | Stacks: 1 | Value: 0.100 | Remaining Turns: 1 | TickDown: SUP2, PERM | Target: SUP2 | Affects: ['ALL']
        WeltTalent3ATK | ATK% | Stacks: 1 | Value: 0.800 | Remaining Turns: 1 | TickDown: SUP2, PERM | Target: SUP2 | Affects: ['ALL']
        WarriorGoddessHealCD | CD% | Stacks: 1 | Value: 0.150 | Remaining Turns: 1 | TickDown: SUP2, START | Target: SUP2 | Affects: ['ALL']
        ----------End of Buff List----------
        ----------Enemy Debuffs----------
        WeltSpdDebuff | From: SUP2 | SPD% | Stacks: 1 | Value: -0.100 | Remaining Turns: 2 | Target: 1 | Targeting: ST | Affects: ['ALL'] | DOT: False | Blast: False
        WeltWeightlessSPD | From: SUP2 | SPD% | Stacks: 1 | Value: -0.050 | Remaining Turns: 1 | Target: 1 | Targeting: ST | Affects: ['ALL'] | DOT: False | Blast: False
        WeltWeightlessShred | From: SUP2 | SHRED | Stacks: 1 | Value: 0.400 | Remaining Turns: 1 | Target: 1 | Targeting: ST | Affects: ['ALL'] | DOT: False | Blast: False
        ResoShred(SUP2) | From: SUP2 | SHRED | Stacks: 1 | Value: 0.160 | Remaining Turns: 1 | Target: 1 | Targeting: ST | Affects: ['ALL'] | DOT: False | Blast: False
        ----------End of Debuff List----------
        ----------Healing List----------
        ----------End of Healing List----------
        ----------Shields List----------
        ----------End of Shields List----------
    GAUGE  - Enemy 1 toughness reduced by 0.000
    RESULT - WeltSkillExtra | Welt | SUP2 | DMG: 1922.213 | ELADMG: 0.000 | Enemies Hit: [1] | Enemies Broken: [] | WB DMG: 0.000 | Energy: 7.466 | Amount HP Healed: 0.000 | Amount HP Lost: 0.000 | Welt Energy: 68/120 | SP: 1 | MaxSP: 5)
    TURN   - WeltSlowedAdditionalDMG | Welt | SUP2 | ST attack | ['IMG'] | ['ADD'] | Scaling: ATK | TargetID: 1 | DMG/BREAK Splits: [1.0, 0]/[0, 0] | Energy Gained: 0 | SP Change: 0

        ----------Char Buffs----------
        GilgameshTrace3ATK | ATK% | Stacks: 1 | Value: 0.200 | Remaining Turns: 1 | TickDown: SUP2, PERM | Target: SUP2 | Affects: ['ALL']
        GilgameshTrace3CD | CD% | Stacks: 1 | Value: 0.200 | Remaining Turns: 1 | TickDown: SUP2, PERM | Target: SUP2 | Affects: ['ALL']
        MasterSmithHP | HP% | Stacks: 1 | Value: 0.120 | Remaining Turns: 1 | TickDown: SUP2, PERM | Target: SUP2 | Affects: ['ALL']
        LushakaERR | ERR% | Stacks: 1 | Value: 0.050 | Remaining Turns: 1 | TickDown: SUP2, PERM | Target: SUP2 | Affects: ['ALL']
        WeltTraceERS | ERS% | Stacks: 1 | Value: 0.100 | Remaining Turns: 1 | TickDown: SUP2, PERM | Target: SUP2 | Affects: ['ALL']
        WeltTraceEHR | EHR% | Stacks: 1 | Value: 0.280 | Remaining Turns: 1 | TickDown: SUP2, PERM | Target: SUP2 | Affects: ['ALL']
        WeltTraceDMG | DMG% | Stacks: 1 | Value: 0.144 | Remaining Turns: 1 | TickDown: SUP2, PERM | Target: SUP2 | Affects: ['ALL']
        KeelCD(SUS) | CD% | Stacks: 1 | Value: 0.100 | Remaining Turns: 1 | TickDown: SUP2, PERM | Target: SUP2 | Affects: ['ALL']
        WeltTalent3ATK | ATK% | Stacks: 1 | Value: 0.800 | Remaining Turns: 1 | TickDown: SUP2, PERM | Target: SUP2 | Affects: ['ALL']
        WarriorGoddessHealCD | CD% | Stacks: 1 | Value: 0.150 | Remaining Turns: 1 | TickDown: SUP2, START | Target: SUP2 | Affects: ['ALL']
        ----------End of Buff List----------
        ----------Enemy Debuffs----------
        WeltSpdDebuff | From: SUP2 | SPD% | Stacks: 1 | Value: -0.100 | Remaining Turns: 2 | Target: 1 | Targeting: ST | Affects: ['ALL'] | DOT: False | Blast: False
        WeltWeightlessSPD | From: SUP2 | SPD% | Stacks: 1 | Value: -0.050 | Remaining Turns: 1 | Target: 1 | Targeting: ST | Affects: ['ALL'] | DOT: False | Blast: False
        WeltWeightlessShred | From: SUP2 | SHRED | Stacks: 1 | Value: 0.400 | Remaining Turns: 1 | Target: 1 | Targeting: ST | Affects: ['ALL'] | DOT: False | Blast: False
        ResoShred(SUP2) | From: SUP2 | SHRED | Stacks: 1 | Value: 0.160 | Remaining Turns: 1 | Target: 1 | Targeting: ST | Affects: ['ALL'] | DOT: False | Blast: False
        ----------End of Debuff List----------
        ----------Healing List----------
        ----------End of Healing List----------
        ----------Shields List----------
        ----------End of Shields List----------
    GAUGE  - Enemy 1 toughness reduced by 0.000
    RESULT - WeltSlowedAdditionalDMG | Welt | SUP2 | DMG: 2669.740 | ELADMG: 0.000 | Enemies Hit: [1] | Enemies Broken: [] | WB DMG: 0.000 | Energy: 0.000 | Amount HP Healed: 0.000 | Amount HP Lost: 0.000 | Welt Energy: 68/120 | SP: 1 | MaxSP: 5)
    TURN   - WeltAdditionalDMG | Welt | SUP2 | ST attack | ['IMG'] | ['ADD'] | Scaling: ATK | TargetID: 1 | DMG/BREAK Splits: [0.864, 0]/[0, 0] | Energy Gained: 0 | SP Change: 0

        ----------Char Buffs----------
        GilgameshTrace3ATK | ATK% | Stacks: 1 | Value: 0.200 | Remaining Turns: 1 | TickDown: SUP2, PERM | Target: SUP2 | Affects: ['ALL']
        GilgameshTrace3CD | CD% | Stacks: 1 | Value: 0.200 | Remaining Turns: 1 | TickDown: SUP2, PERM | Target: SUP2 | Affects: ['ALL']
        MasterSmithHP | HP% | Stacks: 1 | Value: 0.120 | Remaining Turns: 1 | TickDown: SUP2, PERM | Target: SUP2 | Affects: ['ALL']
        LushakaERR | ERR% | Stacks: 1 | Value: 0.050 | Remaining Turns: 1 | TickDown: SUP2, PERM | Target: SUP2 | Affects: ['ALL']
        WeltTraceERS | ERS% | Stacks: 1 | Value: 0.100 | Remaining Turns: 1 | TickDown: SUP2, PERM | Target: SUP2 | Affects: ['ALL']
        WeltTraceEHR | EHR% | Stacks: 1 | Value: 0.280 | Remaining Turns: 1 | TickDown: SUP2, PERM | Target: SUP2 | Affects: ['ALL']
        WeltTraceDMG | DMG% | Stacks: 1 | Value: 0.144 | Remaining Turns: 1 | TickDown: SUP2, PERM | Target: SUP2 | Affects: ['ALL']
        KeelCD(SUS) | CD% | Stacks: 1 | Value: 0.100 | Remaining Turns: 1 | TickDown: SUP2, PERM | Target: SUP2 | Affects: ['ALL']
        WeltTalent3ATK | ATK% | Stacks: 1 | Value: 0.800 | Remaining Turns: 1 | TickDown: SUP2, PERM | Target: SUP2 | Affects: ['ALL']
        WarriorGoddessHealCD | CD% | Stacks: 1 | Value: 0.150 | Remaining Turns: 1 | TickDown: SUP2, START | Target: SUP2 | Affects: ['ALL']
        ----------End of Buff List----------
        ----------Enemy Debuffs----------
        WeltSpdDebuff | From: SUP2 | SPD% | Stacks: 1 | Value: -0.100 | Remaining Turns: 2 | Target: 1 | Targeting: ST | Affects: ['ALL'] | DOT: False | Blast: False
        WeltWeightlessSPD | From: SUP2 | SPD% | Stacks: 1 | Value: -0.050 | Remaining Turns: 1 | Target: 1 | Targeting: ST | Affects: ['ALL'] | DOT: False | Blast: False
        WeltWeightlessShred | From: SUP2 | SHRED | Stacks: 1 | Value: 0.400 | Remaining Turns: 1 | Target: 1 | Targeting: ST | Affects: ['ALL'] | DOT: False | Blast: False
        ResoShred(SUP2) | From: SUP2 | SHRED | Stacks: 1 | Value: 0.160 | Remaining Turns: 1 | Target: 1 | Targeting: ST | Affects: ['ALL'] | DOT: False | Blast: False
        ----------End of Debuff List----------
        ----------Healing List----------
        ----------End of Healing List----------
        ----------Shields List----------
        ----------End of Shields List----------
    GAUGE  - Enemy 1 toughness reduced by 0.000
    RESULT - WeltAdditionalDMG | Welt | SUP2 | DMG: 2306.656 | ELADMG: 0.000 | Enemies Hit: [1] | Enemies Broken: [] | WB DMG: 0.000 | Energy: 0.000 | Amount HP Healed: 0.000 | Amount HP Lost: 0.000 | Welt Energy: 68/120 | SP: 1 | MaxSP: 5)
SPD    > Gilgamesh speed changed to 225.432 | NewAV: 6.068
AV     > Welt AV reset to 64.670 | 154.632 SPD
DELAY  > Enemy 1 delayed by 4.0% from WeltWeightlessDelay | NewAV: 41.575

<<< NEW TURN >>>
-   Gilgamesh AV: 0.000 ENERGY: 249.000 MaxHP: 3134.558 CurrHp 823.843 ShieldHP: 0.000
-   Saber AV: 12.988 ENERGY: 55.333 MaxHP: 3366.991 CurrHp 1307.804 ShieldHP: 0.000
-   Enemy 1 AV: 35.507 ENERGY: 0.000 MaxHP: 5000000.000 CurrHp 3850735.609 ShieldHP: 0.000
-   Enemy 2 AV: 43.405 ENERGY: 0.000 MaxHP: 2000000.000 CurrHp 2000000.000 ShieldHP: 0.000
-   Enemy 0 AV: 43.585 ENERGY: 0.000 MaxHP: 2000000.000 CurrHp 2000000.000 ShieldHP: 0.000
-   HuoHuo AV: 46.812 ENERGY: 82.618 MaxHP: 6139.808 CurrHp 4980.102 ShieldHP: 0.000
-   Welt AV: 58.601 ENERGY: 68.442 MaxHP: 3270.753 CurrHp 739.221 ShieldHP: 0.000

Combat context set: 3 enemies, 4 players
Combat context initialized: 3 enemies, Elation team size: 0
ACTION > [CHAR] TotalAV: 394.086 | TurnAV: 6.068 | Gilgamesh | E-move
        Buff WarriorGoddessHealCD expired
Gilgamesh JointCounter increased by one, current count: 2
    TURN   - GilgameshSkill | Gilgamesh | SUP1 | BLAST attack | ['LNG'] | ['SKL'] | Scaling: ATK | TargetID: 1 | DMG/BREAK Splits: [2.8, 1.4]/[20, 10] | Energy Gained: 30 | SP Change: 0

        ----------Char Buffs----------
        ScholarCR | CR% | Stacks: 1 | Value: 0.080 | Remaining Turns: 1 | TickDown: SUP1, PERM | Target: SUP1 | Affects: ['ALL']
        ScholarDMG | DMG% | Stacks: 1 | Value: 0.200 | Remaining Turns: 1 | TickDown: SUP1, PERM | Target: SUP1 | Affects: ['SKL', 'ULT']
        GilgameshTraceATK | ATK | Stacks: 1 | Value: 0.180 | Remaining Turns: 1 | TickDown: SUP1, PERM | Target: SUP1 | Affects: ['ALL']
        GilgameshTraceCR | CR% | Stacks: 1 | Value: 0.187 | Remaining Turns: 1 | TickDown: SUP1, PERM | Target: SUP1 | Affects: ['ALL']
        GilgameshTraceDMG | DMG% | Stacks: 1 | Value: 0.080 | Remaining Turns: 1 | TickDown: SUP1, PERM | Target: SUP1 | Affects: ['ALL']
        GilgameshTrace3ATK | ATK% | Stacks: 1 | Value: 0.200 | Remaining Turns: 1 | TickDown: SUP1, PERM | Target: SUP1 | Affects: ['ALL']
        GilgameshTrace3CD | CD% | Stacks: 1 | Value: 0.200 | Remaining Turns: 1 | TickDown: SUP1, PERM | Target: SUP1 | Affects: ['ALL']
        GilgameshTrace3SelfATK | ATK% | Stacks: 1 | Value: 1.000 | Remaining Turns: 1 | TickDown: SUP1, PERM | Target: SUP1 | Affects: ['ALL']
        GilgameshTrace3SelfCD | CD% | Stacks: 1 | Value: 1.000 | Remaining Turns: 1 | TickDown: SUP1, PERM | Target: SUP1 | Affects: ['ALL']
        KeelCD(SUS) | CD% | Stacks: 1 | Value: 0.100 | Remaining Turns: 1 | TickDown: SUP1, PERM | Target: SUP1 | Affects: ['ALL']
        CosmicLifeDMG | DMG% | Stacks: 1 | Value: 0.320 | Remaining Turns: 1 | TickDown: SUP1, PERM | Target: SUP1 | Affects: ['ALL']
        Trace2CDExtra | CD% | Stacks: 1 | Value: 1.500 | Remaining Turns: 1 | TickDown: SUP1, PERM | Target: SUP1 | Affects: ['ALL']
        GilgameshInterestSPD | SPD% | Stacks: 1 | Value: 0.900 | Remaining Turns: 1 | TickDown: SUP2, PERM | Target: SUP1 | Affects: ['ALL']
        AeonATK | ATK% | Stacks: 1 | Value: 0.640 | Remaining Turns: 1 | TickDown: SUP1, PERM | Target: SUP1 | Affects: ['ALL']
        WeltAllyWeightlessDMG | DMG% | Stacks: 10 | Value: 1.000 | Remaining Turns: 1 | TickDown: SUP1, END | Target: SUP1 | Affects: ['ALL']
        GilgameshSKLShred | SHRED | Stacks: 1 | Value: 0.300 | Remaining Turns: 3 | TickDown: SUP1, END | Target: SUP1 | Affects: ['ALL']
        ----------End of Buff List----------
        ----------Enemy Debuffs----------
        WeltSpdDebuff | From: SUP2 | SPD% | Stacks: 1 | Value: -0.100 | Remaining Turns: 2 | Target: 1 | Targeting: ST | Affects: ['ALL'] | DOT: False | Blast: False
        WeltWeightlessSPD | From: SUP2 | SPD% | Stacks: 1 | Value: -0.050 | Remaining Turns: 1 | Target: 1 | Targeting: ST | Affects: ['ALL'] | DOT: False | Blast: False
        WeltWeightlessShred | From: SUP2 | SHRED | Stacks: 1 | Value: 0.400 | Remaining Turns: 1 | Target: 1 | Targeting: ST | Affects: ['ALL'] | DOT: False | Blast: False
        ResoShred(SUP2) | From: SUP2 | SHRED | Stacks: 1 | Value: 0.160 | Remaining Turns: 1 | Target: 1 | Targeting: ST | Affects: ['ALL'] | DOT: False | Blast: False
        ----------End of Debuff List----------
        ----------Healing List----------
        ----------End of Healing List----------
        ----------Shields List----------
        ----------End of Shields List----------
    GAUGE  - Enemy 1 toughness reduced by 0.000
    GAUGE  - Enemy 0 toughness reduced by 0.000
    GAUGE  - Enemy 2 toughness reduced by 0.000
    RESULT - GilgameshSkill | Gilgamesh | SUP1 | DMG: 211368.745 | ELADMG: 0.000 | Enemies Hit: [1, 0, 2] | Enemies Broken: [] | WB DMG: 0.000 | Energy: 30.000 | Amount HP Healed: 0.000 | Amount HP Lost: 0.000 | Gilgamesh Energy: 279/360 | SP: 1 | MaxSP: 5)
[WeltAllyBuff] allyTurn() invoked for attacker=Role.SUP1, move=GilgameshSkill
[WeltAllyBuff] allyTurn check: attacker=Role.SUP1, turnName=GilgameshSkill, dmg=211368.74523425277, elationDmg=0, enemiesHit=[1, 0, 2], weightlessTurns={0: 1, 1: 1, 2: 1}
[WeltAllyBuff] TRIGGERED - granting WeltAllyWeightlessDMG
SPD    > Gilgamesh speed changed to 138.132 | NewAV: 0.000
AV     > Gilgamesh AV reset to 72.395 | 138.132 SPD
DELAY  > Enemy 1 delayed by 4.0% from WeltWeightlessDelay | NewAV: 37.703
DELAY  > Enemy 0 delayed by 4.0% from WeltWeightlessDelay | NewAV: 46.261
DELAY  > Enemy 2 delayed by 4.0% from WeltWeightlessDelay | NewAV: 46.081

<<< NEW TURN >>>
-   Saber AV: 0.000 ENERGY: 55.333 MaxHP: 3366.991 CurrHp 1307.804 ShieldHP: 0.000
-   Enemy 1 AV: 24.715 ENERGY: 0.000 MaxHP: 5000000.000 CurrHp 3737291.490 ShieldHP: 0.000
-   Enemy 2 AV: 33.092 ENERGY: 0.000 MaxHP: 2000000.000 CurrHp 1951037.687 ShieldHP: 0.000
-   Enemy 0 AV: 33.272 ENERGY: 0.000 MaxHP: 2000000.000 CurrHp 1951037.687 ShieldHP: 0.000
-   HuoHuo AV: 33.823 ENERGY: 82.618 MaxHP: 6139.808 CurrHp 4980.102 ShieldHP: 0.000
-   Welt AV: 45.613 ENERGY: 68.442 MaxHP: 3270.753 CurrHp 739.221 ShieldHP: 0.000
-   Gilgamesh AV: 59.406 ENERGY: 279.000 MaxHP: 3134.558 CurrHp 823.843 ShieldHP: 0.000

Combat context set: 3 enemies, 4 players
Combat context initialized: 3 enemies, Elation team size: 0
ACTION > [CHAR] TotalAV: 407.075 | TurnAV: 12.988 | Saber | A-move
Saber got 2 Core Resonance from Enhanced basic, Current Count: 19
    TURN   - SaberEnhancedBasic | Saber | DPS | AOE attack | ['WIN'] | ['BSC'] | Scaling: ATK | TargetID: 1 | DMG/BREAK Splits: [1.5, 0]/[20, 0] | Energy Gained: 30 | SP Change: 1

        ----------Char Buffs----------
        ThanklessCoronationCD | CR% | Stacks: 1 | Value: 0.360 | Remaining Turns: 1 | TickDown: DPS, PERM | Target: DPS | Affects: ['ALL']
        ScholarCR | CR% | Stacks: 1 | Value: 0.080 | Remaining Turns: 1 | TickDown: DPS, PERM | Target: DPS | Affects: ['ALL']
        SaberTraceHP | HP% | Stacks: 1 | Value: 0.100 | Remaining Turns: 1 | TickDown: DPS, PERM | Target: DPS | Affects: ['ALL']
        SaberTraceCR | CR% | Stacks: 1 | Value: 0.120 | Remaining Turns: 1 | TickDown: DPS, PERM | Target: DPS | Affects: ['ALL']
        SaberTraceDMG | DMG% | Stacks: 1 | Value: 0.224 | Remaining Turns: 1 | TickDown: DPS, PERM | Target: DPS | Affects: ['ALL']
        SaberTrace1CR | CR% | Stacks: 1 | Value: 0.200 | Remaining Turns: 1 | TickDown: DPS, PERM | Target: DPS | Affects: ['ALL']
        GilgameshTrace3ATK | ATK% | Stacks: 1 | Value: 0.200 | Remaining Turns: 1 | TickDown: DPS, PERM | Target: DPS | Affects: ['ALL']
        GilgameshTrace3CD | CD% | Stacks: 1 | Value: 0.200 | Remaining Turns: 1 | TickDown: DPS, PERM | Target: DPS | Affects: ['ALL']
        LushakaATK(SUP2) | ATK% | Stacks: 1 | Value: 0.120 | Remaining Turns: 1 | TickDown: DPS, PERM | Target: DPS | Affects: ['ALL']
        KeelCD(SUS) | CD% | Stacks: 1 | Value: 0.100 | Remaining Turns: 1 | TickDown: DPS, PERM | Target: DPS | Affects: ['ALL']
        CosmicLifeDMG | DMG% | Stacks: 1 | Value: 0.320 | Remaining Turns: 1 | TickDown: DPS, PERM | Target: DPS | Affects: ['ALL']
        Trace3CDExtra | CD% | Stacks: 1 | Value: 0.320 | Remaining Turns: 1 | TickDown: DPS, PERM | Target: DPS | Affects: ['ALL']
        GilgameshTrace3AllyATK | ATK% | Stacks: 1 | Value: 1.000 | Remaining Turns: 1 | TickDown: DPS, PERM | Target: DPS | Affects: ['ALL']
        GilgameshTrace3AllyCD | CD% | Stacks: 1 | Value: 1.000 | Remaining Turns: 1 | TickDown: DPS, PERM | Target: DPS | Affects: ['ALL']
        WeltAllyWeightlessDMG | DMG% | Stacks: 10 | Value: 1.000 | Remaining Turns: 2 | TickDown: DPS, END | Target: DPS | Affects: ['ALL']
        WarriorGoddessHealCD | CD% | Stacks: 1 | Value: 0.150 | Remaining Turns: 1 | TickDown: DPS, START | Target: DPS | Affects: ['ALL']
        HuoHuoUltATK | ATK% | Stacks: 1 | Value: 0.400 | Remaining Turns: 1 | TickDown: DPS, END | Target: DPS | Affects: ['ALL']
        HuoHuoUltExtraATK | ATK% | Stacks: 1 | Value: 0.240 | Remaining Turns: 1 | TickDown: DPS, END | Target: DPS | Affects: ['ALL']
        TalentDMG | DMG% | Stacks: 1 | Value: 0.600 | Remaining Turns: 1 | TickDown: DPS, END | Target: DPS | Affects: ['ALL']
        ThanklessCoronationATK | ATK% | Stacks: 1 | Value: 0.400 | Remaining Turns: 2 | TickDown: DPS, END | Target: DPS | Affects: ['ALL']
        ThanklessCoronationATKExtra | ATK% | Stacks: 1 | Value: 0.400 | Remaining Turns: 2 | TickDown: DPS, END | Target: DPS | Affects: ['ALL']
        ----------End of Buff List----------
        ----------Enemy Debuffs----------
        WeltSpdDebuff | From: SUP2 | SPD% | Stacks: 1 | Value: -0.100 | Remaining Turns: 2 | Target: 1 | Targeting: ST | Affects: ['ALL'] | DOT: False | Blast: False
        WeltWeightlessSPD | From: SUP2 | SPD% | Stacks: 1 | Value: -0.050 | Remaining Turns: 1 | Target: 1 | Targeting: ST | Affects: ['ALL'] | DOT: False | Blast: False
        WeltWeightlessShred | From: SUP2 | SHRED | Stacks: 1 | Value: 0.400 | Remaining Turns: 1 | Target: 1 | Targeting: ST | Affects: ['ALL'] | DOT: False | Blast: False
        ResoShred(SUP2) | From: SUP2 | SHRED | Stacks: 1 | Value: 0.160 | Remaining Turns: 1 | Target: 1 | Targeting: ST | Affects: ['ALL'] | DOT: False | Blast: False
        ----------End of Debuff List----------
        ----------Healing List----------
        ----------End of Healing List----------
        ----------Shields List----------
        ----------End of Shields List----------
    GAUGE  - Enemy 0 toughness reduced by 20.000
    GAUGE  - Enemy 1 toughness reduced by 20.000
    GAUGE  - Enemy 2 toughness reduced by 20.000
    RESULT - SaberEnhancedBasic | Saber | DPS | DMG: 201469.420 | ELADMG: 0.000 | Enemies Hit: [0, 1, 2] | Enemies Broken: [] | WB DMG: 0.000 | Energy: 30.000 | Amount HP Healed: 0.000 | Amount HP Lost: 0.000 | Saber Energy: 85/360 | SP: 2 | MaxSP: 5)
Gilgamesh Obtained 1 Interest from Teammate, Current count: 1
Gilgamesh JointCounter increased by one, current count: 3
[WeltAllyBuff] allyTurn() invoked for attacker=Role.DPS, move=SaberEnhancedBasic
[WeltAllyBuff] allyTurn check: attacker=Role.DPS, turnName=SaberEnhancedBasic, dmg=201469.41953728435, elationDmg=0, enemiesHit=[0, 1, 2], weightlessTurns={0: 1, 1: 1, 2: 1}
[WeltAllyBuff] TRIGGERED - granting WeltAllyWeightlessDMG
        Buff HuoHuoUltATK expired
        Buff HuoHuoUltExtraATK expired
        Buff TalentDMG expired
SPD    > Gilgamesh speed changed to 147.832 | NewAV: 55.508
AV     > Saber AV reset to 76.551 | 130.632 SPD
DELAY  > Enemy 0 delayed by 4.0% from WeltWeightlessDelay | NewAV: 35.948
DELAY  > Enemy 1 delayed by 4.0% from WeltWeightlessDelay | NewAV: 26.910
DELAY  > Enemy 2 delayed by 4.0% from WeltWeightlessDelay | NewAV: 35.768

<<< NEW TURN >>>
-   Enemy 1 AV: 0.000 ENERGY: 0.000 MaxHP: 5000000.000 CurrHp 3664879.044 ShieldHP: 0.000
-   HuoHuo AV: 6.913 ENERGY: 82.618 MaxHP: 6139.808 CurrHp 4980.102 ShieldHP: 0.000
-   Enemy 2 AV: 8.858 ENERGY: 0.000 MaxHP: 2000000.000 CurrHp 1886509.200 ShieldHP: 0.000
-   Enemy 0 AV: 9.037 ENERGY: 0.000 MaxHP: 2000000.000 CurrHp 1886509.200 ShieldHP: 0.000
-   Welt AV: 18.703 ENERGY: 68.442 MaxHP: 3270.753 CurrHp 739.221 ShieldHP: 0.000
-   Gilgamesh AV: 28.598 ENERGY: 279.000 MaxHP: 3134.558 CurrHp 823.843 ShieldHP: 0.000
-   Saber AV: 49.640 ENERGY: 85.333 MaxHP: 3366.991 CurrHp 1307.804 ShieldHP: 0.000

Combat context set: 3 enemies, 4 players
Combat context initialized: 3 enemies, Elation team size: 0
ACTION > [ENEMY] TotalAV: 433.985 | TurnAV: 26.910 | Enemy 1 | 1 attacks
    CharEnergy - Saber: Hit 5.000 Total: 90.333 | Gilgamesh: Hit 5.000 Total: 284.000 | Welt: Hit 8.333 Total: 78.812 | HuoHuo: Hit 1.667 Total: 84.875 |
    ENEMY  - Enemy 1 [aoe] dealt 337.5 to Welt (energy: 3.3, DEF: 1296, atkMul: 1.00, dmgMul: 1.00) | Shield Absorbed: 0.0 | HP Lost: 337.5 | HP: 402/3271 | Shield HP: 0
    ENEMY  - Enemy 1 [aoe] dealt 116.0 to Saber (energy: 1.7, DEF: 2409, atkMul: 1.00, dmgMul: 1.00) | Shield Absorbed: 0.0 | HP Lost: 116.0 | HP: 1192/3367 | Shield HP: 0
    ENEMY  - Enemy 1 [aoe] dealt 140.2 to Gilgamesh (energy: 1.7, DEF: 1794, atkMul: 1.00, dmgMul: 1.00) | Shield Absorbed: 0.0 | HP Lost: 140.2 | HP: 684/3135 | Shield HP: 0
    ENEMY  - Enemy 1 [aoe] dealt 168.8 to Welt (energy: 1.7, DEF: 1296, atkMul: 1.00, dmgMul: 1.00) | Shield Absorbed: 0.0 | HP Lost: 168.8 | HP: 233/3271 | Shield HP: 0
    ENEMY  - Enemy 1 [aoe] dealt 116.0 to HuoHuo (energy: 1.7, DEF: 2410, atkMul: 1.00, dmgMul: 1.00) | Shield Absorbed: 0.0 | HP Lost: 116.0 | HP: 4864/6140 | Shield HP: 0
    ENEMY  - Enemy 1 [aoe] dealt 280.5 to Gilgamesh (energy: 3.3, DEF: 1794, atkMul: 1.00, dmgMul: 1.00) | Shield Absorbed: 0.0 | HP Lost: 280.5 | HP: 403/3135 | Shield HP: 0
    ENEMY  - Enemy 1 [aoe] dealt 232.0 to Saber (energy: 3.3, DEF: 2409, atkMul: 1.00, dmgMul: 1.00) | Shield Absorbed: 0.0 | HP Lost: 232.0 | HP: 960/3367 | Shield HP: 0
    ENEMY  - Enemy 1 [aoe] dealt 337.5 to Welt (energy: 3.3, DEF: 1296, atkMul: 1.00, dmgMul: 1.00) | Shield Absorbed: 0.0 | HP Lost: 337.5 | HP: 1/3271 | Shield HP: 0
        Debuff WeltWeightlessSPD expired
        Debuff WeltWeightlessShred expired
        Debuff ResoShred(SUP2) expired
AV     > Enemy 1 AV reset to 57.392 | 174.240 SPD

<<< NEW TURN >>>
-   HuoHuo AV: 0.000 ENERGY: 84.875 MaxHP: 6139.808 CurrHp 4864.131 ShieldHP: 0.000
-   Enemy 2 AV: 1.945 ENERGY: 0.000 MaxHP: 2000000.000 CurrHp 1886509.200 ShieldHP: 0.000
-   Enemy 0 AV: 2.124 ENERGY: 0.000 MaxHP: 2000000.000 CurrHp 1886509.200 ShieldHP: 0.000
-   Welt AV: 11.790 ENERGY: 78.812 MaxHP: 3270.753 CurrHp 1.000 ShieldHP: 0.000
-   Gilgamesh AV: 21.685 ENERGY: 284.000 MaxHP: 3134.558 CurrHp 403.136 ShieldHP: 0.000
-   Saber AV: 42.728 ENERGY: 90.333 MaxHP: 3366.991 CurrHp 959.763 ShieldHP: 0.000
-   Enemy 1 AV: 50.479 ENERGY: 0.000 MaxHP: 5000000.000 CurrHp 3664879.044 ShieldHP: 0.000

Combat context set: 3 enemies, 4 players
Combat context initialized: 3 enemies, Elation team size: 0
[WeltAllyBuff] enemy turn-boundary detected for eid=1 (prevAV=0.0, currAV=50.47919256708116); weightlessTurns before={0: 1, 1: 1, 2: 1}
[WeltAllyBuff] weightlessTurns after={0: 1, 2: 1}
ACTION > [CHAR] TotalAV: 440.898 | TurnAV: 6.913 | HuoHuo | E-move
        Buff WarriorGoddessHealSPD expired
        Buff WarriorGoddessHealCD expired
    TURN   - HuoHuoSkill | HuoHuo | SUS | NA attack | ['WIN'] | ['SKL'] | Scaling: HP | TargetID: -1 | DMG/BREAK Splits: [0, 0]/[0, 0] | Energy Gained: 30 | SP Change: -1

        ----------Char Buffs----------
        GilgameshTrace3ATK | ATK% | Stacks: 1 | Value: 0.200 | Remaining Turns: 1 | TickDown: SUS, PERM | Target: SUS | Affects: ['ALL']
        GilgameshTrace3CD | CD% | Stacks: 1 | Value: 0.200 | Remaining Turns: 1 | TickDown: SUS, PERM | Target: SUS | Affects: ['ALL']
        PostOpERR | ERR% | Stacks: 1 | Value: 0.160 | Remaining Turns: 1 | TickDown: SUS, PERM | Target: SUS | Affects: ['ALL']
        WarriorGoddessSPD | SPD% | Stacks: 1 | Value: 0.060 | Remaining Turns: 1 | TickDown: SUS, PERM | Target: SUS | Affects: ['ALL']
        KeelEFFRES | ERS% | Stacks: 1 | Value: 0.100 | Remaining Turns: 1 | TickDown: SUS, PERM | Target: SUS | Affects: ['ALL']
        KeelCD(SUS) | CD% | Stacks: 1 | Value: 0.100 | Remaining Turns: 1 | TickDown: SUS, PERM | Target: SUS | Affects: ['ALL']
        HHTraceHP | HP% | Stacks: 1 | Value: 0.280 | Remaining Turns: 1 | TickDown: SUS, PERM | Target: SUS | Affects: ['ALL']
        HHTraceERS | ERS% | Stacks: 1 | Value: 0.180 | Remaining Turns: 1 | TickDown: SUS, PERM | Target: SUS | Affects: ['ALL']
        HHTraceSPD | SPD | Stacks: 1 | Value: 5.000 | Remaining Turns: 1 | TickDown: SUS, PERM | Target: SUS | Affects: ['ALL']
        WeltAllyWeightlessDMG | DMG% | Stacks: 1 | Value: 0.100 | Remaining Turns: 1 | TickDown: SUS, END | Target: SUS | Affects: ['ALL']
        ----------End of Buff List----------
        ----------Enemy Debuffs----------
        ----------End of Debuff List----------
        ----------Healing List----------
        HuoHuoSkillHealingScaling | Targeting: Targeting.BLAST | Healing Value: [0.24] | Target: ALL
        HuoHuoSkillHealingScaling | Targeting: Targeting.BLAST | Healing Value: [0.24] | Target: ALL
        HuoHuoSkillHealingScaling | Targeting: Targeting.BLAST | Healing Value: [0.24] | Target: ALL
        HuoHuoSkillHealingScaling | Targeting: Targeting.BLAST | Healing Value: [0.24] | Target: ALL
        HuoHuoSkillHealingScaling | Targeting: Targeting.BLAST | Healing Value: [0.24] | Target: ALL
        HuoHuoSkillHealingScaling | Targeting: Targeting.BLAST | Healing Value: [0.24] | Target: ALL
        HuoHuoSkillHealingFlat | Targeting: Targeting.BLAST | Healing Value: [640] | Target: ALL
        HuoHuoSkillHealingFlat | Targeting: Targeting.BLAST | Healing Value: [640] | Target: ALL
        HuoHuoSkillHealingFlat | Targeting: Targeting.BLAST | Healing Value: [640] | Target: ALL
        HuoHuoSkillHealingFlat | Targeting: Targeting.BLAST | Healing Value: [640] | Target: ALL
        HuoHuoSkillHealingFlat | Targeting: Targeting.BLAST | Healing Value: [640] | Target: ALL
        HuoHuoSkillHealingFlat | Targeting: Targeting.BLAST | Healing Value: [640] | Target: ALL
        ----------End of Healing List----------
        ----------Shields List----------
        ----------End of Shields List----------
    GAUGE  - Enemy 0 toughness reduced by 0.000
    RESULT - HuoHuoSkill | HuoHuo | SUS | DMG: 0.000 | ELADMG: 0.000 | Enemies Hit: [0] | Enemies Broken: [] | WB DMG: 0.000 | Energy: 40.632 | Amount HP Healed: 7931.292 | Amount HP Lost: 0.000 | HuoHuo Energy: 126/140 | SP: 1 | MaxSP: 5)
[WeltAllyBuff] allyTurn() invoked for attacker=Role.SUS, move=HuoHuoSkill
[WeltAllyBuff] allyTurn check: attacker=Role.SUS, turnName=HuoHuoSkill, dmg=0.0, elationDmg=0, enemiesHit=[0], weightlessTurns={0: 1, 2: 1}
[WeltAllyBuff] skipped: no damage on this turn
        Buff WeltAllyWeightlessDMG expired
AV     > HuoHuo AV reset to 62.308 | 160.492 SPD

<<< NEW TURN >>>
-   Enemy 2 AV: 0.000 ENERGY: 0.000 MaxHP: 2000000.000 CurrHp 1886509.200 ShieldHP: 0.000
-   Enemy 0 AV: 0.180 ENERGY: 0.000 MaxHP: 2000000.000 CurrHp 1886509.200 ShieldHP: 0.000
-   Welt AV: 9.845 ENERGY: 78.812 MaxHP: 3270.753 CurrHp 1983.823 ShieldHP: 0.000
-   Gilgamesh AV: 19.740 ENERGY: 284.000 MaxHP: 3134.558 CurrHp 2385.959 ShieldHP: 0.000
-   Saber AV: 40.783 ENERGY: 90.333 MaxHP: 3366.991 CurrHp 2942.586 ShieldHP: 0.000
-   Enemy 1 AV: 48.535 ENERGY: 0.000 MaxHP: 5000000.000 CurrHp 3664879.044 ShieldHP: 0.000
-   HuoHuo AV: 60.364 ENERGY: 125.507 MaxHP: 6139.808 CurrHp 6139.808 ShieldHP: 0.000

Combat context set: 3 enemies, 4 players
Combat context initialized: 3 enemies, Elation team size: 0
ACTION > [ENEMY] TotalAV: 442.843 | TurnAV: 1.945 | Enemy 2 | 1 attacks
    CharEnergy - Saber: Hit 6.667 Total: 97.000 | Gilgamesh: Hit 10.000 Total: 294.000 | Welt: Hit 6.667 Total: 87.108 | HuoHuo: Hit 3.333 Total: 130.022 |
    ENEMY  - Enemy 2 [aoe] dealt 280.5 to Gilgamesh (energy: 3.3, DEF: 1794, atkMul: 1.00, dmgMul: 1.00) | Shield Absorbed: 0.0 | HP Lost: 280.5 | HP: 2105/3135 | Shield HP: 0
    ENEMY  - Enemy 2 [aoe] dealt 232.0 to Saber (energy: 3.3, DEF: 2409, atkMul: 1.00, dmgMul: 1.00) | Shield Absorbed: 0.0 | HP Lost: 232.0 | HP: 2711/3367 | Shield HP: 0
    ENEMY  - Enemy 2 [aoe] dealt 337.5 to Welt (energy: 3.3, DEF: 1296, atkMul: 1.00, dmgMul: 1.00) | Shield Absorbed: 0.0 | HP Lost: 337.5 | HP: 1646/3271 | Shield HP: 0
    ENEMY  - Enemy 2 [aoe] dealt 337.5 to Welt (energy: 3.3, DEF: 1296, atkMul: 1.00, dmgMul: 1.00) | Shield Absorbed: 0.0 | HP Lost: 337.5 | HP: 1309/3271 | Shield HP: 0
    ENEMY  - Enemy 2 [aoe] dealt 280.5 to Gilgamesh (energy: 3.3, DEF: 1794, atkMul: 1.00, dmgMul: 1.00) | Shield Absorbed: 0.0 | HP Lost: 280.5 | HP: 1825/3135 | Shield HP: 0
    ENEMY  - Enemy 2 [aoe] dealt 231.9 to HuoHuo (energy: 3.3, DEF: 2410, atkMul: 1.00, dmgMul: 1.00) | Shield Absorbed: 0.0 | HP Lost: 231.9 | HP: 5908/6140 | Shield HP: 0
    ENEMY  - Enemy 2 [aoe] dealt 232.0 to Saber (energy: 3.3, DEF: 2409, atkMul: 1.00, dmgMul: 1.00) | Shield Absorbed: 0.0 | HP Lost: 232.0 | HP: 2479/3367 | Shield HP: 0
    ENEMY  - Enemy 2 [aoe] dealt 280.5 to Gilgamesh (energy: 3.3, DEF: 1794, atkMul: 1.00, dmgMul: 1.00) | Shield Absorbed: 0.0 | HP Lost: 280.5 | HP: 1545/3135 | Shield HP: 0
        Debuff WeltWeightlessSPD expired
        Debuff WeltWeightlessShred expired
AV     > Enemy 2 AV reset to 69.930 | 143.000 SPD

<<< NEW TURN >>>
-   Enemy 0 AV: 0.000 ENERGY: 0.000 MaxHP: 2000000.000 CurrHp 1886509.200 ShieldHP: 0.000
-   Welt AV: 9.665 ENERGY: 87.108 MaxHP: 3270.753 CurrHp 1308.741 ShieldHP: 0.000
-   Gilgamesh AV: 19.560 ENERGY: 294.000 MaxHP: 3134.558 CurrHp 1544.545 ShieldHP: 0.000
-   Saber AV: 40.603 ENERGY: 97.000 MaxHP: 3366.991 CurrHp 2478.531 ShieldHP: 0.000
-   Enemy 1 AV: 48.355 ENERGY: 0.000 MaxHP: 5000000.000 CurrHp 3664879.044 ShieldHP: 0.000
-   HuoHuo AV: 60.184 ENERGY: 130.022 MaxHP: 6139.808 CurrHp 5907.867 ShieldHP: 0.000
-   Enemy 2 AV: 69.750 ENERGY: 0.000 MaxHP: 2000000.000 CurrHp 1886509.200 ShieldHP: 0.000

Combat context set: 3 enemies, 4 players
Combat context initialized: 3 enemies, Elation team size: 0
[WeltAllyBuff] enemy turn-boundary detected for eid=2 (prevAV=0.0, currAV=69.75027059896624); weightlessTurns before={0: 1, 2: 1}
[WeltAllyBuff] weightlessTurns after={0: 1}
ACTION > [ENEMY] TotalAV: 443.023 | TurnAV: 0.180 | Enemy 0 | 1 attacks
    CharEnergy - Saber: Hit 6.667 Total: 103.667 | Gilgamesh: Hit 6.667 Total: 300.667 | Welt: Hit 0.000 Total: 87.108 | HuoHuo: Hit 0.000 Total: 130.022 |
    ENEMY  - Enemy 0 [aoe] dealt 232.0 to Saber (energy: 3.3, DEF: 2409, atkMul: 1.00, dmgMul: 1.00) | Shield Absorbed: 0.0 | HP Lost: 232.0 | HP: 2247/3367 | Shield HP: 0
    ENEMY  - Enemy 0 [aoe] dealt 232.0 to Saber (energy: 3.3, DEF: 2409, atkMul: 1.00, dmgMul: 1.00) | Shield Absorbed: 0.0 | HP Lost: 232.0 | HP: 2014/3367 | Shield HP: 0
    ENEMY  - Enemy 0 [aoe] dealt 280.5 to Gilgamesh (energy: 3.3, DEF: 1794, atkMul: 1.00, dmgMul: 1.00) | Shield Absorbed: 0.0 | HP Lost: 280.5 | HP: 1264/3135 | Shield HP: 0
    ENEMY  - Enemy 0 [aoe] dealt 280.5 to Gilgamesh (energy: 3.3, DEF: 1794, atkMul: 1.00, dmgMul: 1.00) | Shield Absorbed: 0.0 | HP Lost: 280.5 | HP: 984/3135 | Shield HP: 0
        Debuff WeltWeightlessSPD expired
        Debuff WeltWeightlessShred expired
AV     > Enemy 0 AV reset to 69.930 | 143.000 SPD

<<< NEW TURN >>>
-   Welt AV: 0.000 ENERGY: 87.108 MaxHP: 3270.753 CurrHp 1308.741 ShieldHP: 0.000
-   Gilgamesh AV: 9.895 ENERGY: 300.667 MaxHP: 3134.558 CurrHp 983.602 ShieldHP: 0.000
-   Saber AV: 30.938 ENERGY: 103.667 MaxHP: 3366.991 CurrHp 2014.476 ShieldHP: 0.000
-   Enemy 1 AV: 38.690 ENERGY: 0.000 MaxHP: 5000000.000 CurrHp 3664879.044 ShieldHP: 0.000
-   HuoHuo AV: 50.519 ENERGY: 130.022 MaxHP: 6139.808 CurrHp 5907.867 ShieldHP: 0.000
-   Enemy 2 AV: 60.085 ENERGY: 0.000 MaxHP: 2000000.000 CurrHp 1886509.200 ShieldHP: 0.000
-   Enemy 0 AV: 60.265 ENERGY: 0.000 MaxHP: 2000000.000 CurrHp 1886509.200 ShieldHP: 0.000

Combat context set: 3 enemies, 4 players
Combat context initialized: 3 enemies, Elation team size: 0
[WeltAllyBuff] enemy turn-boundary detected for eid=0 (prevAV=0.0, currAV=60.26495316806834); weightlessTurns before={0: 1}
[WeltAllyBuff] weightlessTurns after={}
ACTION > [CHAR] TotalAV: 452.688 | TurnAV: 9.665 | Welt | E-move
    TURN   - WeltSkill | Welt | SUP2 | ST attack | ['IMG'] | ['SKL'] | Scaling: ATK | TargetID: 1 | DMG/BREAK Splits: [0.72, 0]/[10, 0] | Energy Gained: 6 | SP Change: -1

        ----------Char Buffs----------
        GilgameshTrace3ATK | ATK% | Stacks: 1 | Value: 0.200 | Remaining Turns: 1 | TickDown: SUP2, PERM | Target: SUP2 | Affects: ['ALL']
        GilgameshTrace3CD | CD% | Stacks: 1 | Value: 0.200 | Remaining Turns: 1 | TickDown: SUP2, PERM | Target: SUP2 | Affects: ['ALL']
        MasterSmithHP | HP% | Stacks: 1 | Value: 0.120 | Remaining Turns: 1 | TickDown: SUP2, PERM | Target: SUP2 | Affects: ['ALL']
        LushakaERR | ERR% | Stacks: 1 | Value: 0.050 | Remaining Turns: 1 | TickDown: SUP2, PERM | Target: SUP2 | Affects: ['ALL']
        WeltTraceERS | ERS% | Stacks: 1 | Value: 0.100 | Remaining Turns: 1 | TickDown: SUP2, PERM | Target: SUP2 | Affects: ['ALL']
        WeltTraceEHR | EHR% | Stacks: 1 | Value: 0.280 | Remaining Turns: 1 | TickDown: SUP2, PERM | Target: SUP2 | Affects: ['ALL']
        WeltTraceDMG | DMG% | Stacks: 1 | Value: 0.144 | Remaining Turns: 1 | TickDown: SUP2, PERM | Target: SUP2 | Affects: ['ALL']
        KeelCD(SUS) | CD% | Stacks: 1 | Value: 0.100 | Remaining Turns: 1 | TickDown: SUP2, PERM | Target: SUP2 | Affects: ['ALL']
        WeltTalent3ATK | ATK% | Stacks: 1 | Value: 0.800 | Remaining Turns: 1 | TickDown: SUP2, PERM | Target: SUP2 | Affects: ['ALL']
        WarriorGoddessHealCD | CD% | Stacks: 1 | Value: 0.150 | Remaining Turns: 1 | TickDown: SUP2, START | Target: SUP2 | Affects: ['ALL']
        ----------End of Buff List----------
        ----------Enemy Debuffs----------
        WeltSpdDebuff | From: SUP2 | SPD% | Stacks: 1 | Value: -0.100 | Remaining Turns: 2 | Target: 1 | Targeting: ST | Affects: ['ALL'] | DOT: False | Blast: False
        ResoShred(SUP2) | From: SUP2 | SHRED | Stacks: 1 | Value: 0.160 | Remaining Turns: 1 | Target: 1 | Targeting: ST | Affects: ['ALL'] | DOT: False | Blast: False
        ----------End of Debuff List----------
        ----------Healing List----------
        ----------End of Healing List----------
        ----------Shields List----------
        ----------End of Shields List----------
    GAUGE  - Enemy 1 toughness reduced by 0.000
    RESULT - WeltSkill | Welt | SUP2 | DMG: 1472.458 | ELADMG: 0.000 | Enemies Hit: [1] | Enemies Broken: [] | WB DMG: 0.000 | Energy: 7.466 | Amount HP Healed: 0.000 | Amount HP Lost: 0.000 | Welt Energy: 95/120 | SP: 0 | MaxSP: 5)
Gilgamesh Obtained 1 Interest from Teammate, Current count: 2
    TURN   - WeltSlowedAdditionalDMG | Welt | SUP2 | ST attack | ['IMG'] | ['ADD'] | Scaling: ATK | TargetID: 1 | DMG/BREAK Splits: [1.0, 0]/[0, 0] | Energy Gained: 0 | SP Change: 0

        ----------Char Buffs----------
        GilgameshTrace3ATK | ATK% | Stacks: 1 | Value: 0.200 | Remaining Turns: 1 | TickDown: SUP2, PERM | Target: SUP2 | Affects: ['ALL']
        GilgameshTrace3CD | CD% | Stacks: 1 | Value: 0.200 | Remaining Turns: 1 | TickDown: SUP2, PERM | Target: SUP2 | Affects: ['ALL']
        MasterSmithHP | HP% | Stacks: 1 | Value: 0.120 | Remaining Turns: 1 | TickDown: SUP2, PERM | Target: SUP2 | Affects: ['ALL']
        LushakaERR | ERR% | Stacks: 1 | Value: 0.050 | Remaining Turns: 1 | TickDown: SUP2, PERM | Target: SUP2 | Affects: ['ALL']
        WeltTraceERS | ERS% | Stacks: 1 | Value: 0.100 | Remaining Turns: 1 | TickDown: SUP2, PERM | Target: SUP2 | Affects: ['ALL']
        WeltTraceEHR | EHR% | Stacks: 1 | Value: 0.280 | Remaining Turns: 1 | TickDown: SUP2, PERM | Target: SUP2 | Affects: ['ALL']
        WeltTraceDMG | DMG% | Stacks: 1 | Value: 0.144 | Remaining Turns: 1 | TickDown: SUP2, PERM | Target: SUP2 | Affects: ['ALL']
        KeelCD(SUS) | CD% | Stacks: 1 | Value: 0.100 | Remaining Turns: 1 | TickDown: SUP2, PERM | Target: SUP2 | Affects: ['ALL']
        WeltTalent3ATK | ATK% | Stacks: 1 | Value: 0.800 | Remaining Turns: 1 | TickDown: SUP2, PERM | Target: SUP2 | Affects: ['ALL']
        WarriorGoddessHealCD | CD% | Stacks: 1 | Value: 0.150 | Remaining Turns: 1 | TickDown: SUP2, START | Target: SUP2 | Affects: ['ALL']
        ----------End of Buff List----------
        ----------Enemy Debuffs----------
        WeltSpdDebuff | From: SUP2 | SPD% | Stacks: 1 | Value: -0.100 | Remaining Turns: 2 | Target: 1 | Targeting: ST | Affects: ['ALL'] | DOT: False | Blast: False
        ResoShred(SUP2) | From: SUP2 | SHRED | Stacks: 1 | Value: 0.160 | Remaining Turns: 1 | Target: 1 | Targeting: ST | Affects: ['ALL'] | DOT: False | Blast: False
        ----------End of Debuff List----------
        ----------Healing List----------
        HuoHuoTalentHealingScaling | Targeting: Targeting.SINGLE | Healing Value: [0] | Target: ALL
        HuoHuoTalentHealingScaling | Targeting: Targeting.SINGLE | Healing Value: [0.045] | Target: ALL
        HuoHuoTalentHealingScaling | Targeting: Targeting.SINGLE | Healing Value: [0] | Target: ALL
        HuoHuoTalentHealingScaling | Targeting: Targeting.SINGLE | Healing Value: [0] | Target: ALL
        HuoHuoTalentHealingFlat | Targeting: Targeting.SINGLE | Healing Value: [0] | Target: ALL
        HuoHuoTalentHealingFlat | Targeting: Targeting.SINGLE | Healing Value: [120] | Target: ALL
        HuoHuoTalentHealingFlat | Targeting: Targeting.SINGLE | Healing Value: [0] | Target: ALL
        HuoHuoTalentHealingFlat | Targeting: Targeting.SINGLE | Healing Value: [0] | Target: ALL
        ----------End of Healing List----------
        ----------Shields List----------
        ----------End of Shields List----------
    GAUGE  - Enemy 1 toughness reduced by 0.000
    RESULT - WeltSlowedAdditionalDMG | Welt | SUP2 | DMG: 2045.081 | ELADMG: 0.000 | Enemies Hit: [1] | Enemies Broken: [] | WB DMG: 0.000 | Energy: 0.000 | Amount HP Healed: 371.779 | Amount HP Lost: 0.000 | Welt Energy: 95/120 | SP: 0 | MaxSP: 5)
    TURN   - WeltSkillExtra | Welt | SUP2 | ST attack | ['IMG'] | ['SKL'] | Scaling: ATK | TargetID: 1 | DMG/BREAK Splits: [0.72, 0]/[10, 0] | Energy Gained: 6 | SP Change: 0

        ----------Char Buffs----------
        GilgameshTrace3ATK | ATK% | Stacks: 1 | Value: 0.200 | Remaining Turns: 1 | TickDown: SUP2, PERM | Target: SUP2 | Affects: ['ALL']
        GilgameshTrace3CD | CD% | Stacks: 1 | Value: 0.200 | Remaining Turns: 1 | TickDown: SUP2, PERM | Target: SUP2 | Affects: ['ALL']
        MasterSmithHP | HP% | Stacks: 1 | Value: 0.120 | Remaining Turns: 1 | TickDown: SUP2, PERM | Target: SUP2 | Affects: ['ALL']
        LushakaERR | ERR% | Stacks: 1 | Value: 0.050 | Remaining Turns: 1 | TickDown: SUP2, PERM | Target: SUP2 | Affects: ['ALL']
        WeltTraceERS | ERS% | Stacks: 1 | Value: 0.100 | Remaining Turns: 1 | TickDown: SUP2, PERM | Target: SUP2 | Affects: ['ALL']
        WeltTraceEHR | EHR% | Stacks: 1 | Value: 0.280 | Remaining Turns: 1 | TickDown: SUP2, PERM | Target: SUP2 | Affects: ['ALL']
        WeltTraceDMG | DMG% | Stacks: 1 | Value: 0.144 | Remaining Turns: 1 | TickDown: SUP2, PERM | Target: SUP2 | Affects: ['ALL']
        KeelCD(SUS) | CD% | Stacks: 1 | Value: 0.100 | Remaining Turns: 1 | TickDown: SUP2, PERM | Target: SUP2 | Affects: ['ALL']
        WeltTalent3ATK | ATK% | Stacks: 1 | Value: 0.800 | Remaining Turns: 1 | TickDown: SUP2, PERM | Target: SUP2 | Affects: ['ALL']
        WarriorGoddessHealCD | CD% | Stacks: 1 | Value: 0.150 | Remaining Turns: 1 | TickDown: SUP2, START | Target: SUP2 | Affects: ['ALL']
        ----------End of Buff List----------
        ----------Enemy Debuffs----------
        WeltSpdDebuff | From: SUP2 | SPD% | Stacks: 1 | Value: -0.100 | Remaining Turns: 2 | Target: 1 | Targeting: ST | Affects: ['ALL'] | DOT: False | Blast: False
        ResoShred(SUP2) | From: SUP2 | SHRED | Stacks: 1 | Value: 0.160 | Remaining Turns: 1 | Target: 1 | Targeting: ST | Affects: ['ALL'] | DOT: False | Blast: False
        ----------End of Debuff List----------
        ----------Healing List----------
        ----------End of Healing List----------
        ----------Shields List----------
        ----------End of Shields List----------
    GAUGE  - Enemy 1 toughness reduced by 0.000
    RESULT - WeltSkillExtra | Welt | SUP2 | DMG: 1472.458 | ELADMG: 0.000 | Enemies Hit: [1] | Enemies Broken: [] | WB DMG: 0.000 | Energy: 7.466 | Amount HP Healed: 0.000 | Amount HP Lost: 0.000 | Welt Energy: 102/120 | SP: 0 | MaxSP: 5)
    TURN   - WeltSlowedAdditionalDMG | Welt | SUP2 | ST attack | ['IMG'] | ['ADD'] | Scaling: ATK | TargetID: 1 | DMG/BREAK Splits: [1.0, 0]/[0, 0] | Energy Gained: 0 | SP Change: 0

        ----------Char Buffs----------
        GilgameshTrace3ATK | ATK% | Stacks: 1 | Value: 0.200 | Remaining Turns: 1 | TickDown: SUP2, PERM | Target: SUP2 | Affects: ['ALL']
        GilgameshTrace3CD | CD% | Stacks: 1 | Value: 0.200 | Remaining Turns: 1 | TickDown: SUP2, PERM | Target: SUP2 | Affects: ['ALL']
        MasterSmithHP | HP% | Stacks: 1 | Value: 0.120 | Remaining Turns: 1 | TickDown: SUP2, PERM | Target: SUP2 | Affects: ['ALL']
        LushakaERR | ERR% | Stacks: 1 | Value: 0.050 | Remaining Turns: 1 | TickDown: SUP2, PERM | Target: SUP2 | Affects: ['ALL']
        WeltTraceERS | ERS% | Stacks: 1 | Value: 0.100 | Remaining Turns: 1 | TickDown: SUP2, PERM | Target: SUP2 | Affects: ['ALL']
        WeltTraceEHR | EHR% | Stacks: 1 | Value: 0.280 | Remaining Turns: 1 | TickDown: SUP2, PERM | Target: SUP2 | Affects: ['ALL']
        WeltTraceDMG | DMG% | Stacks: 1 | Value: 0.144 | Remaining Turns: 1 | TickDown: SUP2, PERM | Target: SUP2 | Affects: ['ALL']
        KeelCD(SUS) | CD% | Stacks: 1 | Value: 0.100 | Remaining Turns: 1 | TickDown: SUP2, PERM | Target: SUP2 | Affects: ['ALL']
        WeltTalent3ATK | ATK% | Stacks: 1 | Value: 0.800 | Remaining Turns: 1 | TickDown: SUP2, PERM | Target: SUP2 | Affects: ['ALL']
        WarriorGoddessHealCD | CD% | Stacks: 1 | Value: 0.150 | Remaining Turns: 1 | TickDown: SUP2, START | Target: SUP2 | Affects: ['ALL']
        ----------End of Buff List----------
        ----------Enemy Debuffs----------
        WeltSpdDebuff | From: SUP2 | SPD% | Stacks: 1 | Value: -0.100 | Remaining Turns: 2 | Target: 1 | Targeting: ST | Affects: ['ALL'] | DOT: False | Blast: False
        ResoShred(SUP2) | From: SUP2 | SHRED | Stacks: 1 | Value: 0.160 | Remaining Turns: 1 | Target: 1 | Targeting: ST | Affects: ['ALL'] | DOT: False | Blast: False
        ----------End of Debuff List----------
        ----------Healing List----------
        ----------End of Healing List----------
        ----------Shields List----------
        ----------End of Shields List----------
    GAUGE  - Enemy 1 toughness reduced by 0.000
    RESULT - WeltSlowedAdditionalDMG | Welt | SUP2 | DMG: 2045.081 | ELADMG: 0.000 | Enemies Hit: [1] | Enemies Broken: [] | WB DMG: 0.000 | Energy: 0.000 | Amount HP Healed: 0.000 | Amount HP Lost: 0.000 | Welt Energy: 102/120 | SP: 0 | MaxSP: 5)
    TURN   - WeltSkillExtra | Welt | SUP2 | ST attack | ['IMG'] | ['SKL'] | Scaling: ATK | TargetID: 1 | DMG/BREAK Splits: [0.72, 0]/[10, 0] | Energy Gained: 6 | SP Change: 0

        ----------Char Buffs----------
        GilgameshTrace3ATK | ATK% | Stacks: 1 | Value: 0.200 | Remaining Turns: 1 | TickDown: SUP2, PERM | Target: SUP2 | Affects: ['ALL']
        GilgameshTrace3CD | CD% | Stacks: 1 | Value: 0.200 | Remaining Turns: 1 | TickDown: SUP2, PERM | Target: SUP2 | Affects: ['ALL']
        MasterSmithHP | HP% | Stacks: 1 | Value: 0.120 | Remaining Turns: 1 | TickDown: SUP2, PERM | Target: SUP2 | Affects: ['ALL']
        LushakaERR | ERR% | Stacks: 1 | Value: 0.050 | Remaining Turns: 1 | TickDown: SUP2, PERM | Target: SUP2 | Affects: ['ALL']
        WeltTraceERS | ERS% | Stacks: 1 | Value: 0.100 | Remaining Turns: 1 | TickDown: SUP2, PERM | Target: SUP2 | Affects: ['ALL']
        WeltTraceEHR | EHR% | Stacks: 1 | Value: 0.280 | Remaining Turns: 1 | TickDown: SUP2, PERM | Target: SUP2 | Affects: ['ALL']
        WeltTraceDMG | DMG% | Stacks: 1 | Value: 0.144 | Remaining Turns: 1 | TickDown: SUP2, PERM | Target: SUP2 | Affects: ['ALL']
        KeelCD(SUS) | CD% | Stacks: 1 | Value: 0.100 | Remaining Turns: 1 | TickDown: SUP2, PERM | Target: SUP2 | Affects: ['ALL']
        WeltTalent3ATK | ATK% | Stacks: 1 | Value: 0.800 | Remaining Turns: 1 | TickDown: SUP2, PERM | Target: SUP2 | Affects: ['ALL']
        WarriorGoddessHealCD | CD% | Stacks: 1 | Value: 0.150 | Remaining Turns: 1 | TickDown: SUP2, START | Target: SUP2 | Affects: ['ALL']
        ----------End of Buff List----------
        ----------Enemy Debuffs----------
        WeltSpdDebuff | From: SUP2 | SPD% | Stacks: 1 | Value: -0.100 | Remaining Turns: 2 | Target: 1 | Targeting: ST | Affects: ['ALL'] | DOT: False | Blast: False
        ResoShred(SUP2) | From: SUP2 | SHRED | Stacks: 1 | Value: 0.160 | Remaining Turns: 1 | Target: 1 | Targeting: ST | Affects: ['ALL'] | DOT: False | Blast: False
        ----------End of Debuff List----------
        ----------Healing List----------
        ----------End of Healing List----------
        ----------Shields List----------
        ----------End of Shields List----------
    GAUGE  - Enemy 1 toughness reduced by 0.000
    RESULT - WeltSkillExtra | Welt | SUP2 | DMG: 1472.458 | ELADMG: 0.000 | Enemies Hit: [1] | Enemies Broken: [] | WB DMG: 0.000 | Energy: 7.466 | Amount HP Healed: 0.000 | Amount HP Lost: 0.000 | Welt Energy: 110/120 | SP: 0 | MaxSP: 5)
    TURN   - WeltSlowedAdditionalDMG | Welt | SUP2 | ST attack | ['IMG'] | ['ADD'] | Scaling: ATK | TargetID: 1 | DMG/BREAK Splits: [1.0, 0]/[0, 0] | Energy Gained: 0 | SP Change: 0

        ----------Char Buffs----------
        GilgameshTrace3ATK | ATK% | Stacks: 1 | Value: 0.200 | Remaining Turns: 1 | TickDown: SUP2, PERM | Target: SUP2 | Affects: ['ALL']
        GilgameshTrace3CD | CD% | Stacks: 1 | Value: 0.200 | Remaining Turns: 1 | TickDown: SUP2, PERM | Target: SUP2 | Affects: ['ALL']
        MasterSmithHP | HP% | Stacks: 1 | Value: 0.120 | Remaining Turns: 1 | TickDown: SUP2, PERM | Target: SUP2 | Affects: ['ALL']
        LushakaERR | ERR% | Stacks: 1 | Value: 0.050 | Remaining Turns: 1 | TickDown: SUP2, PERM | Target: SUP2 | Affects: ['ALL']
        WeltTraceERS | ERS% | Stacks: 1 | Value: 0.100 | Remaining Turns: 1 | TickDown: SUP2, PERM | Target: SUP2 | Affects: ['ALL']
        WeltTraceEHR | EHR% | Stacks: 1 | Value: 0.280 | Remaining Turns: 1 | TickDown: SUP2, PERM | Target: SUP2 | Affects: ['ALL']
        WeltTraceDMG | DMG% | Stacks: 1 | Value: 0.144 | Remaining Turns: 1 | TickDown: SUP2, PERM | Target: SUP2 | Affects: ['ALL']
        KeelCD(SUS) | CD% | Stacks: 1 | Value: 0.100 | Remaining Turns: 1 | TickDown: SUP2, PERM | Target: SUP2 | Affects: ['ALL']
        WeltTalent3ATK | ATK% | Stacks: 1 | Value: 0.800 | Remaining Turns: 1 | TickDown: SUP2, PERM | Target: SUP2 | Affects: ['ALL']
        WarriorGoddessHealCD | CD% | Stacks: 1 | Value: 0.150 | Remaining Turns: 1 | TickDown: SUP2, START | Target: SUP2 | Affects: ['ALL']
        ----------End of Buff List----------
        ----------Enemy Debuffs----------
        WeltSpdDebuff | From: SUP2 | SPD% | Stacks: 1 | Value: -0.100 | Remaining Turns: 2 | Target: 1 | Targeting: ST | Affects: ['ALL'] | DOT: False | Blast: False
        ResoShred(SUP2) | From: SUP2 | SHRED | Stacks: 1 | Value: 0.160 | Remaining Turns: 1 | Target: 1 | Targeting: ST | Affects: ['ALL'] | DOT: False | Blast: False
        ----------End of Debuff List----------
        ----------Healing List----------
        ----------End of Healing List----------
        ----------Shields List----------
        ----------End of Shields List----------
    GAUGE  - Enemy 1 toughness reduced by 0.000
    RESULT - WeltSlowedAdditionalDMG | Welt | SUP2 | DMG: 2045.081 | ELADMG: 0.000 | Enemies Hit: [1] | Enemies Broken: [] | WB DMG: 0.000 | Energy: 0.000 | Amount HP Healed: 0.000 | Amount HP Lost: 0.000 | Welt Energy: 110/120 | SP: 0 | MaxSP: 5)
    TURN   - WeltSkillExtra | Welt | SUP2 | ST attack | ['IMG'] | ['SKL'] | Scaling: ATK | TargetID: 1 | DMG/BREAK Splits: [0.72, 0]/[10, 0] | Energy Gained: 6 | SP Change: 0

        ----------Char Buffs----------
        GilgameshTrace3ATK | ATK% | Stacks: 1 | Value: 0.200 | Remaining Turns: 1 | TickDown: SUP2, PERM | Target: SUP2 | Affects: ['ALL']
        GilgameshTrace3CD | CD% | Stacks: 1 | Value: 0.200 | Remaining Turns: 1 | TickDown: SUP2, PERM | Target: SUP2 | Affects: ['ALL']
        MasterSmithHP | HP% | Stacks: 1 | Value: 0.120 | Remaining Turns: 1 | TickDown: SUP2, PERM | Target: SUP2 | Affects: ['ALL']
        LushakaERR | ERR% | Stacks: 1 | Value: 0.050 | Remaining Turns: 1 | TickDown: SUP2, PERM | Target: SUP2 | Affects: ['ALL']
        WeltTraceERS | ERS% | Stacks: 1 | Value: 0.100 | Remaining Turns: 1 | TickDown: SUP2, PERM | Target: SUP2 | Affects: ['ALL']
        WeltTraceEHR | EHR% | Stacks: 1 | Value: 0.280 | Remaining Turns: 1 | TickDown: SUP2, PERM | Target: SUP2 | Affects: ['ALL']
        WeltTraceDMG | DMG% | Stacks: 1 | Value: 0.144 | Remaining Turns: 1 | TickDown: SUP2, PERM | Target: SUP2 | Affects: ['ALL']
        KeelCD(SUS) | CD% | Stacks: 1 | Value: 0.100 | Remaining Turns: 1 | TickDown: SUP2, PERM | Target: SUP2 | Affects: ['ALL']
        WeltTalent3ATK | ATK% | Stacks: 1 | Value: 0.800 | Remaining Turns: 1 | TickDown: SUP2, PERM | Target: SUP2 | Affects: ['ALL']
        WarriorGoddessHealCD | CD% | Stacks: 1 | Value: 0.150 | Remaining Turns: 1 | TickDown: SUP2, START | Target: SUP2 | Affects: ['ALL']
        ----------End of Buff List----------
        ----------Enemy Debuffs----------
        WeltSpdDebuff | From: SUP2 | SPD% | Stacks: 1 | Value: -0.100 | Remaining Turns: 2 | Target: 1 | Targeting: ST | Affects: ['ALL'] | DOT: False | Blast: False
        ResoShred(SUP2) | From: SUP2 | SHRED | Stacks: 1 | Value: 0.160 | Remaining Turns: 1 | Target: 1 | Targeting: ST | Affects: ['ALL'] | DOT: False | Blast: False
        ----------End of Debuff List----------
        ----------Healing List----------
        ----------End of Healing List----------
        ----------Shields List----------
        ----------End of Shields List----------
    GAUGE  - Enemy 1 toughness reduced by 0.000
    RESULT - WeltSkillExtra | Welt | SUP2 | DMG: 1472.458 | ELADMG: 0.000 | Enemies Hit: [1] | Enemies Broken: [] | WB DMG: 0.000 | Energy: 7.466 | Amount HP Healed: 0.000 | Amount HP Lost: 0.000 | Welt Energy: 117/120 | SP: 0 | MaxSP: 5)
    TURN   - WeltSlowedAdditionalDMG | Welt | SUP2 | ST attack | ['IMG'] | ['ADD'] | Scaling: ATK | TargetID: 1 | DMG/BREAK Splits: [1.0, 0]/[0, 0] | Energy Gained: 0 | SP Change: 0

        ----------Char Buffs----------
        GilgameshTrace3ATK | ATK% | Stacks: 1 | Value: 0.200 | Remaining Turns: 1 | TickDown: SUP2, PERM | Target: SUP2 | Affects: ['ALL']
        GilgameshTrace3CD | CD% | Stacks: 1 | Value: 0.200 | Remaining Turns: 1 | TickDown: SUP2, PERM | Target: SUP2 | Affects: ['ALL']
        MasterSmithHP | HP% | Stacks: 1 | Value: 0.120 | Remaining Turns: 1 | TickDown: SUP2, PERM | Target: SUP2 | Affects: ['ALL']
        LushakaERR | ERR% | Stacks: 1 | Value: 0.050 | Remaining Turns: 1 | TickDown: SUP2, PERM | Target: SUP2 | Affects: ['ALL']
        WeltTraceERS | ERS% | Stacks: 1 | Value: 0.100 | Remaining Turns: 1 | TickDown: SUP2, PERM | Target: SUP2 | Affects: ['ALL']
        WeltTraceEHR | EHR% | Stacks: 1 | Value: 0.280 | Remaining Turns: 1 | TickDown: SUP2, PERM | Target: SUP2 | Affects: ['ALL']
        WeltTraceDMG | DMG% | Stacks: 1 | Value: 0.144 | Remaining Turns: 1 | TickDown: SUP2, PERM | Target: SUP2 | Affects: ['ALL']
        KeelCD(SUS) | CD% | Stacks: 1 | Value: 0.100 | Remaining Turns: 1 | TickDown: SUP2, PERM | Target: SUP2 | Affects: ['ALL']
        WeltTalent3ATK | ATK% | Stacks: 1 | Value: 0.800 | Remaining Turns: 1 | TickDown: SUP2, PERM | Target: SUP2 | Affects: ['ALL']
        WarriorGoddessHealCD | CD% | Stacks: 1 | Value: 0.150 | Remaining Turns: 1 | TickDown: SUP2, START | Target: SUP2 | Affects: ['ALL']
        ----------End of Buff List----------
        ----------Enemy Debuffs----------
        WeltSpdDebuff | From: SUP2 | SPD% | Stacks: 1 | Value: -0.100 | Remaining Turns: 2 | Target: 1 | Targeting: ST | Affects: ['ALL'] | DOT: False | Blast: False
        ResoShred(SUP2) | From: SUP2 | SHRED | Stacks: 1 | Value: 0.160 | Remaining Turns: 1 | Target: 1 | Targeting: ST | Affects: ['ALL'] | DOT: False | Blast: False
        ----------End of Debuff List----------
        ----------Healing List----------
        ----------End of Healing List----------
        ----------Shields List----------
        ----------End of Shields List----------
    GAUGE  - Enemy 1 toughness reduced by 0.000
    RESULT - WeltSlowedAdditionalDMG | Welt | SUP2 | DMG: 2045.081 | ELADMG: 0.000 | Enemies Hit: [1] | Enemies Broken: [] | WB DMG: 0.000 | Energy: 0.000 | Amount HP Healed: 0.000 | Amount HP Lost: 0.000 | Welt Energy: 117/120 | SP: 0 | MaxSP: 5)
    TURN   - WeltSkillExtra | Welt | SUP2 | ST attack | ['IMG'] | ['SKL'] | Scaling: ATK | TargetID: 1 | DMG/BREAK Splits: [0.72, 0]/[10, 0] | Energy Gained: 6 | SP Change: 0

        ----------Char Buffs----------
        GilgameshTrace3ATK | ATK% | Stacks: 1 | Value: 0.200 | Remaining Turns: 1 | TickDown: SUP2, PERM | Target: SUP2 | Affects: ['ALL']
        GilgameshTrace3CD | CD% | Stacks: 1 | Value: 0.200 | Remaining Turns: 1 | TickDown: SUP2, PERM | Target: SUP2 | Affects: ['ALL']
        MasterSmithHP | HP% | Stacks: 1 | Value: 0.120 | Remaining Turns: 1 | TickDown: SUP2, PERM | Target: SUP2 | Affects: ['ALL']
        LushakaERR | ERR% | Stacks: 1 | Value: 0.050 | Remaining Turns: 1 | TickDown: SUP2, PERM | Target: SUP2 | Affects: ['ALL']
        WeltTraceERS | ERS% | Stacks: 1 | Value: 0.100 | Remaining Turns: 1 | TickDown: SUP2, PERM | Target: SUP2 | Affects: ['ALL']
        WeltTraceEHR | EHR% | Stacks: 1 | Value: 0.280 | Remaining Turns: 1 | TickDown: SUP2, PERM | Target: SUP2 | Affects: ['ALL']
        WeltTraceDMG | DMG% | Stacks: 1 | Value: 0.144 | Remaining Turns: 1 | TickDown: SUP2, PERM | Target: SUP2 | Affects: ['ALL']
        KeelCD(SUS) | CD% | Stacks: 1 | Value: 0.100 | Remaining Turns: 1 | TickDown: SUP2, PERM | Target: SUP2 | Affects: ['ALL']
        WeltTalent3ATK | ATK% | Stacks: 1 | Value: 0.800 | Remaining Turns: 1 | TickDown: SUP2, PERM | Target: SUP2 | Affects: ['ALL']
        WarriorGoddessHealCD | CD% | Stacks: 1 | Value: 0.150 | Remaining Turns: 1 | TickDown: SUP2, START | Target: SUP2 | Affects: ['ALL']
        ----------End of Buff List----------
        ----------Enemy Debuffs----------
        WeltSpdDebuff | From: SUP2 | SPD% | Stacks: 1 | Value: -0.100 | Remaining Turns: 2 | Target: 1 | Targeting: ST | Affects: ['ALL'] | DOT: False | Blast: False
        ResoShred(SUP2) | From: SUP2 | SHRED | Stacks: 1 | Value: 0.160 | Remaining Turns: 1 | Target: 1 | Targeting: ST | Affects: ['ALL'] | DOT: False | Blast: False
        ----------End of Debuff List----------
        ----------Healing List----------
        ----------End of Healing List----------
        ----------Shields List----------
        ----------End of Shields List----------
    GAUGE  - Enemy 1 toughness reduced by 0.000
    RESULT - WeltSkillExtra | Welt | SUP2 | DMG: 1472.458 | ELADMG: 0.000 | Enemies Hit: [1] | Enemies Broken: [] | WB DMG: 0.000 | Energy: 7.466 | Amount HP Healed: 0.000 | Amount HP Lost: 0.000 | Welt Energy: 120/120 | SP: 0 | MaxSP: 5)
    TURN   - WeltSlowedAdditionalDMG | Welt | SUP2 | ST attack | ['IMG'] | ['ADD'] | Scaling: ATK | TargetID: 1 | DMG/BREAK Splits: [1.0, 0]/[0, 0] | Energy Gained: 0 | SP Change: 0

        ----------Char Buffs----------
        GilgameshTrace3ATK | ATK% | Stacks: 1 | Value: 0.200 | Remaining Turns: 1 | TickDown: SUP2, PERM | Target: SUP2 | Affects: ['ALL']
        GilgameshTrace3CD | CD% | Stacks: 1 | Value: 0.200 | Remaining Turns: 1 | TickDown: SUP2, PERM | Target: SUP2 | Affects: ['ALL']
        MasterSmithHP | HP% | Stacks: 1 | Value: 0.120 | Remaining Turns: 1 | TickDown: SUP2, PERM | Target: SUP2 | Affects: ['ALL']
        LushakaERR | ERR% | Stacks: 1 | Value: 0.050 | Remaining Turns: 1 | TickDown: SUP2, PERM | Target: SUP2 | Affects: ['ALL']
        WeltTraceERS | ERS% | Stacks: 1 | Value: 0.100 | Remaining Turns: 1 | TickDown: SUP2, PERM | Target: SUP2 | Affects: ['ALL']
        WeltTraceEHR | EHR% | Stacks: 1 | Value: 0.280 | Remaining Turns: 1 | TickDown: SUP2, PERM | Target: SUP2 | Affects: ['ALL']
        WeltTraceDMG | DMG% | Stacks: 1 | Value: 0.144 | Remaining Turns: 1 | TickDown: SUP2, PERM | Target: SUP2 | Affects: ['ALL']
        KeelCD(SUS) | CD% | Stacks: 1 | Value: 0.100 | Remaining Turns: 1 | TickDown: SUP2, PERM | Target: SUP2 | Affects: ['ALL']
        WeltTalent3ATK | ATK% | Stacks: 1 | Value: 0.800 | Remaining Turns: 1 | TickDown: SUP2, PERM | Target: SUP2 | Affects: ['ALL']
        WarriorGoddessHealCD | CD% | Stacks: 1 | Value: 0.150 | Remaining Turns: 1 | TickDown: SUP2, START | Target: SUP2 | Affects: ['ALL']
        ----------End of Buff List----------
        ----------Enemy Debuffs----------
        WeltSpdDebuff | From: SUP2 | SPD% | Stacks: 1 | Value: -0.100 | Remaining Turns: 2 | Target: 1 | Targeting: ST | Affects: ['ALL'] | DOT: False | Blast: False
        ResoShred(SUP2) | From: SUP2 | SHRED | Stacks: 1 | Value: 0.160 | Remaining Turns: 1 | Target: 1 | Targeting: ST | Affects: ['ALL'] | DOT: False | Blast: False
        ----------End of Debuff List----------
        ----------Healing List----------
        ----------End of Healing List----------
        ----------Shields List----------
        ----------End of Shields List----------
    GAUGE  - Enemy 1 toughness reduced by 0.000
    RESULT - WeltSlowedAdditionalDMG | Welt | SUP2 | DMG: 2045.081 | ELADMG: 0.000 | Enemies Hit: [1] | Enemies Broken: [] | WB DMG: 0.000 | Energy: 0.000 | Amount HP Healed: 0.000 | Amount HP Lost: 0.000 | Welt Energy: 120/120 | SP: 0 | MaxSP: 5)
    TURN   - WeltAdditionalDMG | Welt | SUP2 | ST attack | ['IMG'] | ['ADD'] | Scaling: ATK | TargetID: 1 | DMG/BREAK Splits: [0.864, 0]/[0, 0] | Energy Gained: 0 | SP Change: 0

        ----------Char Buffs----------
        GilgameshTrace3ATK | ATK% | Stacks: 1 | Value: 0.200 | Remaining Turns: 1 | TickDown: SUP2, PERM | Target: SUP2 | Affects: ['ALL']
        GilgameshTrace3CD | CD% | Stacks: 1 | Value: 0.200 | Remaining Turns: 1 | TickDown: SUP2, PERM | Target: SUP2 | Affects: ['ALL']
        MasterSmithHP | HP% | Stacks: 1 | Value: 0.120 | Remaining Turns: 1 | TickDown: SUP2, PERM | Target: SUP2 | Affects: ['ALL']
        LushakaERR | ERR% | Stacks: 1 | Value: 0.050 | Remaining Turns: 1 | TickDown: SUP2, PERM | Target: SUP2 | Affects: ['ALL']
        WeltTraceERS | ERS% | Stacks: 1 | Value: 0.100 | Remaining Turns: 1 | TickDown: SUP2, PERM | Target: SUP2 | Affects: ['ALL']
        WeltTraceEHR | EHR% | Stacks: 1 | Value: 0.280 | Remaining Turns: 1 | TickDown: SUP2, PERM | Target: SUP2 | Affects: ['ALL']
        WeltTraceDMG | DMG% | Stacks: 1 | Value: 0.144 | Remaining Turns: 1 | TickDown: SUP2, PERM | Target: SUP2 | Affects: ['ALL']
        KeelCD(SUS) | CD% | Stacks: 1 | Value: 0.100 | Remaining Turns: 1 | TickDown: SUP2, PERM | Target: SUP2 | Affects: ['ALL']
        WeltTalent3ATK | ATK% | Stacks: 1 | Value: 0.800 | Remaining Turns: 1 | TickDown: SUP2, PERM | Target: SUP2 | Affects: ['ALL']
        WarriorGoddessHealCD | CD% | Stacks: 1 | Value: 0.150 | Remaining Turns: 1 | TickDown: SUP2, START | Target: SUP2 | Affects: ['ALL']
        ----------End of Buff List----------
        ----------Enemy Debuffs----------
        WeltSpdDebuff | From: SUP2 | SPD% | Stacks: 1 | Value: -0.100 | Remaining Turns: 2 | Target: 1 | Targeting: ST | Affects: ['ALL'] | DOT: False | Blast: False
        ResoShred(SUP2) | From: SUP2 | SHRED | Stacks: 1 | Value: 0.160 | Remaining Turns: 1 | Target: 1 | Targeting: ST | Affects: ['ALL'] | DOT: False | Blast: False
        ----------End of Debuff List----------
        ----------Healing List----------
        ----------End of Healing List----------
        ----------Shields List----------
        ----------End of Shields List----------
    GAUGE  - Enemy 1 toughness reduced by 0.000
    RESULT - WeltAdditionalDMG | Welt | SUP2 | DMG: 1766.950 | ELADMG: 0.000 | Enemies Hit: [1] | Enemies Broken: [] | WB DMG: 0.000 | Energy: 0.000 | Amount HP Healed: 0.000 | Amount HP Lost: 0.000 | Welt Energy: 120/120 | SP: 0 | MaxSP: 5)
    TURN   - HuoHuoAllyERR | HuoHuo | SUS | NA attack | ['WIN'] | ['SPECIAL'] | Scaling: HP | TargetID: 1 | DMG/BREAK Splits: [0, 0]/[0, 0] | Energy Gained: 1 | SP Change: 0

        ----------Char Buffs----------
        GilgameshTrace3ATK | ATK% | Stacks: 1 | Value: 0.200 | Remaining Turns: 1 | TickDown: SUS, PERM | Target: SUS | Affects: ['ALL']
        GilgameshTrace3CD | CD% | Stacks: 1 | Value: 0.200 | Remaining Turns: 1 | TickDown: SUS, PERM | Target: SUS | Affects: ['ALL']
        PostOpERR | ERR% | Stacks: 1 | Value: 0.160 | Remaining Turns: 1 | TickDown: SUS, PERM | Target: SUS | Affects: ['ALL']
        WarriorGoddessSPD | SPD% | Stacks: 1 | Value: 0.060 | Remaining Turns: 1 | TickDown: SUS, PERM | Target: SUS | Affects: ['ALL']
        KeelEFFRES | ERS% | Stacks: 1 | Value: 0.100 | Remaining Turns: 1 | TickDown: SUS, PERM | Target: SUS | Affects: ['ALL']
        KeelCD(SUS) | CD% | Stacks: 1 | Value: 0.100 | Remaining Turns: 1 | TickDown: SUS, PERM | Target: SUS | Affects: ['ALL']
        HHTraceHP | HP% | Stacks: 1 | Value: 0.280 | Remaining Turns: 1 | TickDown: SUS, PERM | Target: SUS | Affects: ['ALL']
        HHTraceERS | ERS% | Stacks: 1 | Value: 0.180 | Remaining Turns: 1 | TickDown: SUS, PERM | Target: SUS | Affects: ['ALL']
        HHTraceSPD | SPD | Stacks: 1 | Value: 5.000 | Remaining Turns: 1 | TickDown: SUS, PERM | Target: SUS | Affects: ['ALL']
        WarriorGoddessHealSPD | SPD% | Stacks: 1 | Value: 0.060 | Remaining Turns: 2 | TickDown: SUS, START | Target: SUS | Affects: ['ALL']
        WarriorGoddessHealCD | CD% | Stacks: 1 | Value: 0.150 | Remaining Turns: 2 | TickDown: SUS, START | Target: SUS | Affects: ['ALL']
        ----------End of Buff List----------
        ----------Enemy Debuffs----------
        WeltSpdDebuff | From: SUP2 | SPD% | Stacks: 1 | Value: -0.100 | Remaining Turns: 2 | Target: 1 | Targeting: ST | Affects: ['ALL'] | DOT: False | Blast: False
        ResoShred(SUP2) | From: SUP2 | SHRED | Stacks: 1 | Value: 0.160 | Remaining Turns: 1 | Target: 1 | Targeting: ST | Affects: ['ALL'] | DOT: False | Blast: False
        ----------End of Debuff List----------
        ----------Healing List----------
        ----------End of Healing List----------
        ----------Shields List----------
        ----------End of Shields List----------
    GAUGE  - Enemy 1 toughness reduced by 0.000
    RESULT - HuoHuoAllyERR | HuoHuo | SUS | DMG: 0.000 | ELADMG: 0.000 | Enemies Hit: [1] | Enemies Broken: [] | WB DMG: 0.000 | Energy: 1.354 | Amount HP Healed: 0.000 | Amount HP Lost: 0.000 | HuoHuo Energy: 131/140 | SP: 0 | MaxSP: 5)
[WeltAllyBuff] allyTurn() invoked for attacker=Role.SUS, move=HuoHuoAllyERR
[WeltAllyBuff] allyTurn check: attacker=Role.SUS, turnName=HuoHuoAllyERR, dmg=0.0, elationDmg=0, enemiesHit=[1], weightlessTurns={}
[WeltAllyBuff] skipped: no damage on this turn
ULT    > Welt used their ultimate
[WeltAllyBuff] Ult seeded weightlessTurns={0: 2, 1: 2, 2: 2}
    TURN   - WeltUlt | Welt | SUP2 | AOE attack | ['IMG'] | ['ULT'] | Scaling: ATK | TargetID: 1 | DMG/BREAK Splits: [1.5, 0]/[20, 0] | Energy Gained: 10 | SP Change: 0

        ----------Char Buffs----------
        GilgameshTrace3ATK | ATK% | Stacks: 1 | Value: 0.200 | Remaining Turns: 1 | TickDown: SUP2, PERM | Target: SUP2 | Affects: ['ALL']
        GilgameshTrace3CD | CD% | Stacks: 1 | Value: 0.200 | Remaining Turns: 1 | TickDown: SUP2, PERM | Target: SUP2 | Affects: ['ALL']
        MasterSmithHP | HP% | Stacks: 1 | Value: 0.120 | Remaining Turns: 1 | TickDown: SUP2, PERM | Target: SUP2 | Affects: ['ALL']
        LushakaERR | ERR% | Stacks: 1 | Value: 0.050 | Remaining Turns: 1 | TickDown: SUP2, PERM | Target: SUP2 | Affects: ['ALL']
        WeltTraceERS | ERS% | Stacks: 1 | Value: 0.100 | Remaining Turns: 1 | TickDown: SUP2, PERM | Target: SUP2 | Affects: ['ALL']
        WeltTraceEHR | EHR% | Stacks: 1 | Value: 0.280 | Remaining Turns: 1 | TickDown: SUP2, PERM | Target: SUP2 | Affects: ['ALL']
        WeltTraceDMG | DMG% | Stacks: 1 | Value: 0.144 | Remaining Turns: 1 | TickDown: SUP2, PERM | Target: SUP2 | Affects: ['ALL']
        KeelCD(SUS) | CD% | Stacks: 1 | Value: 0.100 | Remaining Turns: 1 | TickDown: SUP2, PERM | Target: SUP2 | Affects: ['ALL']
        WeltTalent3ATK | ATK% | Stacks: 1 | Value: 0.800 | Remaining Turns: 1 | TickDown: SUP2, PERM | Target: SUP2 | Affects: ['ALL']
        WarriorGoddessHealCD | CD% | Stacks: 1 | Value: 0.150 | Remaining Turns: 1 | TickDown: SUP2, START | Target: SUP2 | Affects: ['ALL']
        ----------End of Buff List----------
        ----------Enemy Debuffs----------
        WeltSpdDebuff | From: SUP2 | SPD% | Stacks: 1 | Value: -0.100 | Remaining Turns: 2 | Target: 1 | Targeting: ST | Affects: ['ALL'] | DOT: False | Blast: False
        ResoShred(SUP2) | From: SUP2 | SHRED | Stacks: 1 | Value: 0.160 | Remaining Turns: 1 | Target: 1 | Targeting: ST | Affects: ['ALL'] | DOT: False | Blast: False
        WeltImprisonSPD | From: SUP2 | SPD% | Stacks: 1 | Value: -0.100 | Remaining Turns: 1 | Target: 1 | Targeting: ST | Affects: ['ALL'] | DOT: False | Blast: False
        WeltWeightlessSPD | From: SUP2 | SPD% | Stacks: 1 | Value: -0.050 | Remaining Turns: 2 | Target: 1 | Targeting: ST | Affects: ['ALL'] | DOT: False | Blast: False
        WeltWeightlessShred | From: SUP2 | SHRED | Stacks: 1 | Value: 0.400 | Remaining Turns: 2 | Target: 1 | Targeting: ST | Affects: ['ALL'] | DOT: False | Blast: False
        ----------End of Debuff List----------
        ----------Healing List----------
        ----------End of Healing List----------
        ----------Shields List----------
        ----------End of Shields List----------
    GAUGE  - Enemy 0 toughness reduced by 0.000
    GAUGE  - Enemy 1 toughness reduced by 0.000
    GAUGE  - Enemy 2 toughness reduced by 0.000
    RESULT - WeltUlt | Welt | SUP2 | DMG: 12013.832 | ELADMG: 0.000 | Enemies Hit: [0, 1, 2] | Enemies Broken: [] | WB DMG: 0.000 | Energy: 12.444 | Amount HP Healed: 0.000 | Amount HP Lost: 0.000 | Welt Energy: 12/120 | SP: 0 | MaxSP: 5)
Saber got 3 Core Resonance from Talent, Current Count: 22
Gilgamesh Obtained 2 Interest from Teammate Ult, Current count: 4
Gilgamesh Obtained 36.0 Energy from Teammate
Gilgamesh Obtained 1 Interest from Teammate, Current count: 5
    TURN   - WeltSlowedAdditionalDMG | Welt | SUP2 | ST attack | ['IMG'] | ['ADD'] | Scaling: ATK | TargetID: 0 | DMG/BREAK Splits: [1.0, 0]/[0, 0] | Energy Gained: 0 | SP Change: 0

        ----------Char Buffs----------
        GilgameshTrace3ATK | ATK% | Stacks: 1 | Value: 0.200 | Remaining Turns: 1 | TickDown: SUP2, PERM | Target: SUP2 | Affects: ['ALL']
        GilgameshTrace3CD | CD% | Stacks: 1 | Value: 0.200 | Remaining Turns: 1 | TickDown: SUP2, PERM | Target: SUP2 | Affects: ['ALL']
        MasterSmithHP | HP% | Stacks: 1 | Value: 0.120 | Remaining Turns: 1 | TickDown: SUP2, PERM | Target: SUP2 | Affects: ['ALL']
        LushakaERR | ERR% | Stacks: 1 | Value: 0.050 | Remaining Turns: 1 | TickDown: SUP2, PERM | Target: SUP2 | Affects: ['ALL']
        WeltTraceERS | ERS% | Stacks: 1 | Value: 0.100 | Remaining Turns: 1 | TickDown: SUP2, PERM | Target: SUP2 | Affects: ['ALL']
        WeltTraceEHR | EHR% | Stacks: 1 | Value: 0.280 | Remaining Turns: 1 | TickDown: SUP2, PERM | Target: SUP2 | Affects: ['ALL']
        WeltTraceDMG | DMG% | Stacks: 1 | Value: 0.144 | Remaining Turns: 1 | TickDown: SUP2, PERM | Target: SUP2 | Affects: ['ALL']
        KeelCD(SUS) | CD% | Stacks: 1 | Value: 0.100 | Remaining Turns: 1 | TickDown: SUP2, PERM | Target: SUP2 | Affects: ['ALL']
        WeltTalent3ATK | ATK% | Stacks: 1 | Value: 0.800 | Remaining Turns: 1 | TickDown: SUP2, PERM | Target: SUP2 | Affects: ['ALL']
        WarriorGoddessHealCD | CD% | Stacks: 1 | Value: 0.150 | Remaining Turns: 1 | TickDown: SUP2, START | Target: SUP2 | Affects: ['ALL']
        ----------End of Buff List----------
        ----------Enemy Debuffs----------
        WeltSpdDebuff | From: SUP2 | SPD% | Stacks: 1 | Value: -0.100 | Remaining Turns: 2 | Target: 0 | Targeting: ST | Affects: ['ALL'] | DOT: False | Blast: False
        ResoShred(SUP2) | From: SUP2 | SHRED | Stacks: 1 | Value: 0.160 | Remaining Turns: 1 | Target: 0 | Targeting: AOE | Affects: ['ALL'] | DOT: False | Blast: False
        WeltImprisonSPD | From: SUP2 | SPD% | Stacks: 1 | Value: -0.100 | Remaining Turns: 1 | Target: 0 | Targeting: ST | Affects: ['ALL'] | DOT: False | Blast: False
        WeltWeightlessSPD | From: SUP2 | SPD% | Stacks: 1 | Value: -0.050 | Remaining Turns: 2 | Target: 0 | Targeting: ST | Affects: ['ALL'] | DOT: False | Blast: False
        WeltWeightlessShred | From: SUP2 | SHRED | Stacks: 1 | Value: 0.400 | Remaining Turns: 2 | Target: 0 | Targeting: ST | Affects: ['ALL'] | DOT: False | Blast: False
        ----------End of Debuff List----------
        ----------Healing List----------
        HuoHuoTalentHealingScaling | Targeting: Targeting.SINGLE | Healing Value: [0] | Target: ALL
        HuoHuoTalentHealingScaling | Targeting: Targeting.SINGLE | Healing Value: [0] | Target: ALL
        HuoHuoTalentHealingScaling | Targeting: Targeting.SINGLE | Healing Value: [0.045] | Target: ALL
        HuoHuoTalentHealingScaling | Targeting: Targeting.SINGLE | Healing Value: [0] | Target: ALL
        HuoHuoTalentHealingFlat | Targeting: Targeting.SINGLE | Healing Value: [0] | Target: ALL
        HuoHuoTalentHealingFlat | Targeting: Targeting.SINGLE | Healing Value: [0] | Target: ALL
        HuoHuoTalentHealingFlat | Targeting: Targeting.SINGLE | Healing Value: [120] | Target: ALL
        HuoHuoTalentHealingFlat | Targeting: Targeting.SINGLE | Healing Value: [0] | Target: ALL
        ----------End of Healing List----------
        ----------Shields List----------
        ----------End of Shields List----------
    GAUGE  - Enemy 0 toughness reduced by 0.000
    RESULT - WeltSlowedAdditionalDMG | Welt | SUP2 | DMG: 2669.740 | ELADMG: 0.000 | Enemies Hit: [0] | Enemies Broken: [] | WB DMG: 0.000 | Energy: 0.000 | Amount HP Healed: 371.779 | Amount HP Lost: 0.000 | Welt Energy: 12/120 | SP: 0 | MaxSP: 5)
    TURN   - WeltSlowedAdditionalDMG | Welt | SUP2 | ST attack | ['IMG'] | ['ADD'] | Scaling: ATK | TargetID: 1 | DMG/BREAK Splits: [1.0, 0]/[0, 0] | Energy Gained: 0 | SP Change: 0

        ----------Char Buffs----------
        GilgameshTrace3ATK | ATK% | Stacks: 1 | Value: 0.200 | Remaining Turns: 1 | TickDown: SUP2, PERM | Target: SUP2 | Affects: ['ALL']
        GilgameshTrace3CD | CD% | Stacks: 1 | Value: 0.200 | Remaining Turns: 1 | TickDown: SUP2, PERM | Target: SUP2 | Affects: ['ALL']
        MasterSmithHP | HP% | Stacks: 1 | Value: 0.120 | Remaining Turns: 1 | TickDown: SUP2, PERM | Target: SUP2 | Affects: ['ALL']
        LushakaERR | ERR% | Stacks: 1 | Value: 0.050 | Remaining Turns: 1 | TickDown: SUP2, PERM | Target: SUP2 | Affects: ['ALL']
        WeltTraceERS | ERS% | Stacks: 1 | Value: 0.100 | Remaining Turns: 1 | TickDown: SUP2, PERM | Target: SUP2 | Affects: ['ALL']
        WeltTraceEHR | EHR% | Stacks: 1 | Value: 0.280 | Remaining Turns: 1 | TickDown: SUP2, PERM | Target: SUP2 | Affects: ['ALL']
        WeltTraceDMG | DMG% | Stacks: 1 | Value: 0.144 | Remaining Turns: 1 | TickDown: SUP2, PERM | Target: SUP2 | Affects: ['ALL']
        KeelCD(SUS) | CD% | Stacks: 1 | Value: 0.100 | Remaining Turns: 1 | TickDown: SUP2, PERM | Target: SUP2 | Affects: ['ALL']
        WeltTalent3ATK | ATK% | Stacks: 1 | Value: 0.800 | Remaining Turns: 1 | TickDown: SUP2, PERM | Target: SUP2 | Affects: ['ALL']
        WarriorGoddessHealCD | CD% | Stacks: 1 | Value: 0.150 | Remaining Turns: 1 | TickDown: SUP2, START | Target: SUP2 | Affects: ['ALL']
        ----------End of Buff List----------
        ----------Enemy Debuffs----------
        WeltSpdDebuff | From: SUP2 | SPD% | Stacks: 1 | Value: -0.100 | Remaining Turns: 2 | Target: 1 | Targeting: ST | Affects: ['ALL'] | DOT: False | Blast: False
        ResoShred(SUP2) | From: SUP2 | SHRED | Stacks: 1 | Value: 0.160 | Remaining Turns: 1 | Target: 1 | Targeting: ST | Affects: ['ALL'] | DOT: False | Blast: False
        WeltImprisonSPD | From: SUP2 | SPD% | Stacks: 1 | Value: -0.100 | Remaining Turns: 1 | Target: 1 | Targeting: ST | Affects: ['ALL'] | DOT: False | Blast: False
        WeltWeightlessSPD | From: SUP2 | SPD% | Stacks: 1 | Value: -0.050 | Remaining Turns: 2 | Target: 1 | Targeting: ST | Affects: ['ALL'] | DOT: False | Blast: False
        WeltWeightlessShred | From: SUP2 | SHRED | Stacks: 1 | Value: 0.400 | Remaining Turns: 2 | Target: 1 | Targeting: ST | Affects: ['ALL'] | DOT: False | Blast: False
        ----------End of Debuff List----------
        ----------Healing List----------
        ----------End of Healing List----------
        ----------Shields List----------
        ----------End of Shields List----------
    GAUGE  - Enemy 1 toughness reduced by 0.000
    RESULT - WeltSlowedAdditionalDMG | Welt | SUP2 | DMG: 2669.740 | ELADMG: 0.000 | Enemies Hit: [1] | Enemies Broken: [] | WB DMG: 0.000 | Energy: 0.000 | Amount HP Healed: 0.000 | Amount HP Lost: 0.000 | Welt Energy: 12/120 | SP: 0 | MaxSP: 5)
    TURN   - WeltSlowedAdditionalDMG | Welt | SUP2 | ST attack | ['IMG'] | ['ADD'] | Scaling: ATK | TargetID: 2 | DMG/BREAK Splits: [1.0, 0]/[0, 0] | Energy Gained: 0 | SP Change: 0

        ----------Char Buffs----------
        GilgameshTrace3ATK | ATK% | Stacks: 1 | Value: 0.200 | Remaining Turns: 1 | TickDown: SUP2, PERM | Target: SUP2 | Affects: ['ALL']
        GilgameshTrace3CD | CD% | Stacks: 1 | Value: 0.200 | Remaining Turns: 1 | TickDown: SUP2, PERM | Target: SUP2 | Affects: ['ALL']
        MasterSmithHP | HP% | Stacks: 1 | Value: 0.120 | Remaining Turns: 1 | TickDown: SUP2, PERM | Target: SUP2 | Affects: ['ALL']
        LushakaERR | ERR% | Stacks: 1 | Value: 0.050 | Remaining Turns: 1 | TickDown: SUP2, PERM | Target: SUP2 | Affects: ['ALL']
        WeltTraceERS | ERS% | Stacks: 1 | Value: 0.100 | Remaining Turns: 1 | TickDown: SUP2, PERM | Target: SUP2 | Affects: ['ALL']
        WeltTraceEHR | EHR% | Stacks: 1 | Value: 0.280 | Remaining Turns: 1 | TickDown: SUP2, PERM | Target: SUP2 | Affects: ['ALL']
        WeltTraceDMG | DMG% | Stacks: 1 | Value: 0.144 | Remaining Turns: 1 | TickDown: SUP2, PERM | Target: SUP2 | Affects: ['ALL']
        KeelCD(SUS) | CD% | Stacks: 1 | Value: 0.100 | Remaining Turns: 1 | TickDown: SUP2, PERM | Target: SUP2 | Affects: ['ALL']
        WeltTalent3ATK | ATK% | Stacks: 1 | Value: 0.800 | Remaining Turns: 1 | TickDown: SUP2, PERM | Target: SUP2 | Affects: ['ALL']
        WarriorGoddessHealCD | CD% | Stacks: 1 | Value: 0.150 | Remaining Turns: 1 | TickDown: SUP2, START | Target: SUP2 | Affects: ['ALL']
        ----------End of Buff List----------
        ----------Enemy Debuffs----------
        WeltSpdDebuff | From: SUP2 | SPD% | Stacks: 1 | Value: -0.100 | Remaining Turns: 2 | Target: 2 | Targeting: ST | Affects: ['ALL'] | DOT: False | Blast: False
        ResoShred(SUP2) | From: SUP2 | SHRED | Stacks: 1 | Value: 0.160 | Remaining Turns: 1 | Target: 2 | Targeting: AOE | Affects: ['ALL'] | DOT: False | Blast: False
        WeltImprisonSPD | From: SUP2 | SPD% | Stacks: 1 | Value: -0.100 | Remaining Turns: 1 | Target: 2 | Targeting: ST | Affects: ['ALL'] | DOT: False | Blast: False
        WeltWeightlessSPD | From: SUP2 | SPD% | Stacks: 1 | Value: -0.050 | Remaining Turns: 2 | Target: 2 | Targeting: ST | Affects: ['ALL'] | DOT: False | Blast: False
        WeltWeightlessShred | From: SUP2 | SHRED | Stacks: 1 | Value: 0.400 | Remaining Turns: 2 | Target: 2 | Targeting: ST | Affects: ['ALL'] | DOT: False | Blast: False
        ----------End of Debuff List----------
        ----------Healing List----------
        ----------End of Healing List----------
        ----------Shields List----------
        ----------End of Shields List----------
    GAUGE  - Enemy 2 toughness reduced by 0.000
    RESULT - WeltSlowedAdditionalDMG | Welt | SUP2 | DMG: 2669.740 | ELADMG: 0.000 | Enemies Hit: [2] | Enemies Broken: [] | WB DMG: 0.000 | Energy: 0.000 | Amount HP Healed: 0.000 | Amount HP Lost: 0.000 | Welt Energy: 12/120 | SP: 0 | MaxSP: 5)
    TURN   - HuoHuoAllyERR | HuoHuo | SUS | NA attack | ['WIN'] | ['SPECIAL'] | Scaling: HP | TargetID: 1 | DMG/BREAK Splits: [0, 0]/[0, 0] | Energy Gained: 1 | SP Change: 0

        ----------Char Buffs----------
        GilgameshTrace3ATK | ATK% | Stacks: 1 | Value: 0.200 | Remaining Turns: 1 | TickDown: SUS, PERM | Target: SUS | Affects: ['ALL']
        GilgameshTrace3CD | CD% | Stacks: 1 | Value: 0.200 | Remaining Turns: 1 | TickDown: SUS, PERM | Target: SUS | Affects: ['ALL']
        PostOpERR | ERR% | Stacks: 1 | Value: 0.160 | Remaining Turns: 1 | TickDown: SUS, PERM | Target: SUS | Affects: ['ALL']
        WarriorGoddessSPD | SPD% | Stacks: 1 | Value: 0.060 | Remaining Turns: 1 | TickDown: SUS, PERM | Target: SUS | Affects: ['ALL']
        KeelEFFRES | ERS% | Stacks: 1 | Value: 0.100 | Remaining Turns: 1 | TickDown: SUS, PERM | Target: SUS | Affects: ['ALL']
        KeelCD(SUS) | CD% | Stacks: 1 | Value: 0.100 | Remaining Turns: 1 | TickDown: SUS, PERM | Target: SUS | Affects: ['ALL']
        HHTraceHP | HP% | Stacks: 1 | Value: 0.280 | Remaining Turns: 1 | TickDown: SUS, PERM | Target: SUS | Affects: ['ALL']
        HHTraceERS | ERS% | Stacks: 1 | Value: 0.180 | Remaining Turns: 1 | TickDown: SUS, PERM | Target: SUS | Affects: ['ALL']
        HHTraceSPD | SPD | Stacks: 1 | Value: 5.000 | Remaining Turns: 1 | TickDown: SUS, PERM | Target: SUS | Affects: ['ALL']
        WarriorGoddessHealSPD | SPD% | Stacks: 1 | Value: 0.060 | Remaining Turns: 2 | TickDown: SUS, START | Target: SUS | Affects: ['ALL']
        WarriorGoddessHealCD | CD% | Stacks: 1 | Value: 0.150 | Remaining Turns: 2 | TickDown: SUS, START | Target: SUS | Affects: ['ALL']
        ----------End of Buff List----------
        ----------Enemy Debuffs----------
        WeltSpdDebuff | From: SUP2 | SPD% | Stacks: 1 | Value: -0.100 | Remaining Turns: 2 | Target: 1 | Targeting: ST | Affects: ['ALL'] | DOT: False | Blast: False
        ResoShred(SUP2) | From: SUP2 | SHRED | Stacks: 1 | Value: 0.160 | Remaining Turns: 1 | Target: 1 | Targeting: ST | Affects: ['ALL'] | DOT: False | Blast: False
        WeltImprisonSPD | From: SUP2 | SPD% | Stacks: 1 | Value: -0.100 | Remaining Turns: 1 | Target: 1 | Targeting: ST | Affects: ['ALL'] | DOT: False | Blast: False
        WeltWeightlessSPD | From: SUP2 | SPD% | Stacks: 1 | Value: -0.050 | Remaining Turns: 2 | Target: 1 | Targeting: ST | Affects: ['ALL'] | DOT: False | Blast: False
        WeltWeightlessShred | From: SUP2 | SHRED | Stacks: 1 | Value: 0.400 | Remaining Turns: 2 | Target: 1 | Targeting: ST | Affects: ['ALL'] | DOT: False | Blast: False
        ----------End of Debuff List----------
        ----------Healing List----------
        ----------End of Healing List----------
        ----------Shields List----------
        ----------End of Shields List----------
    GAUGE  - Enemy 1 toughness reduced by 0.000
    RESULT - HuoHuoAllyERR | HuoHuo | SUS | DMG: 0.000 | ELADMG: 0.000 | Enemies Hit: [1] | Enemies Broken: [] | WB DMG: 0.000 | Energy: 1.354 | Amount HP Healed: 0.000 | Amount HP Lost: 0.000 | HuoHuo Energy: 133/140 | SP: 0 | MaxSP: 5)
[WeltAllyBuff] allyTurn() invoked for attacker=Role.SUS, move=HuoHuoAllyERR
[WeltAllyBuff] allyTurn check: attacker=Role.SUS, turnName=HuoHuoAllyERR, dmg=0.0, elationDmg=0, enemiesHit=[1], weightlessTurns={0: 2, 1: 2, 2: 2}
[WeltAllyBuff] skipped: no damage on this turn
ERR    > 36.000 energy added to Gilgamesh from GilgameshTrace1ERRAlly2 | Gilgamesh Energy: 336.667
SPD    > Gilgamesh speed changed to 186.632 | NewAV: 7.838
AV     > Welt AV reset to 64.670 | 154.632 SPD
DELAY  > Enemy 0 delayed by 12.0% from WeltImprisonDelay | NewAV: 60.418
DELAY  > Enemy 1 delayed by 12.0% from WeltImprisonDelay | NewAV: 40.107
DELAY  > Enemy 2 delayed by 12.0% from WeltImprisonDelay | NewAV: 60.260
DELAY  > Enemy 0 delayed by 4.0% from WeltWeightlessDelay | NewAV: 62.879
DELAY  > Enemy 1 delayed by 4.0% from WeltWeightlessDelay | NewAV: 42.128
DELAY  > Enemy 2 delayed by 4.0% from WeltWeightlessDelay | NewAV: 62.721

<<< NEW TURN >>>
-   Gilgamesh AV: 0.000 ENERGY: 336.667 MaxHP: 3134.558 CurrHp 1355.381 ShieldHP: 0.000
-   Saber AV: 23.100 ENERGY: 103.667 MaxHP: 3366.991 CurrHp 2014.476 ShieldHP: 0.000
-   Enemy 1 AV: 34.290 ENERGY: 0.000 MaxHP: 5000000.000 CurrHp 3638850.048 ShieldHP: 0.000
-   HuoHuo AV: 42.681 ENERGY: 132.731 MaxHP: 6139.808 CurrHp 5907.867 ShieldHP: 0.000
-   Enemy 2 AV: 54.883 ENERGY: 0.000 MaxHP: 2000000.000 CurrHp 1879834.849 ShieldHP: 0.000
-   Enemy 0 AV: 55.041 ENERGY: 0.000 MaxHP: 2000000.000 CurrHp 1879834.849 ShieldHP: 0.000
-   Welt AV: 56.832 ENERGY: 12.444 MaxHP: 3270.753 CurrHp 1680.520 ShieldHP: 0.000

Combat context set: 3 enemies, 4 players
Combat context initialized: 3 enemies, Elation team size: 0
ACTION > [CHAR] TotalAV: 460.526 | TurnAV: 7.838 | Gilgamesh | E-move
Gilgamesh JointCounter increased by one, current count: 4
    TURN   - GilgameshSkill | Gilgamesh | SUP1 | BLAST attack | ['LNG'] | ['SKL'] | Scaling: ATK | TargetID: 1 | DMG/BREAK Splits: [2.8, 1.4]/[20, 10] | Energy Gained: 30 | SP Change: 0

        ----------Char Buffs----------
        ScholarCR | CR% | Stacks: 1 | Value: 0.080 | Remaining Turns: 1 | TickDown: SUP1, PERM | Target: SUP1 | Affects: ['ALL']
        ScholarDMG | DMG% | Stacks: 1 | Value: 0.200 | Remaining Turns: 1 | TickDown: SUP1, PERM | Target: SUP1 | Affects: ['SKL', 'ULT']
        GilgameshTraceATK | ATK | Stacks: 1 | Value: 0.180 | Remaining Turns: 1 | TickDown: SUP1, PERM | Target: SUP1 | Affects: ['ALL']
        GilgameshTraceCR | CR% | Stacks: 1 | Value: 0.187 | Remaining Turns: 1 | TickDown: SUP1, PERM | Target: SUP1 | Affects: ['ALL']
        GilgameshTraceDMG | DMG% | Stacks: 1 | Value: 0.080 | Remaining Turns: 1 | TickDown: SUP1, PERM | Target: SUP1 | Affects: ['ALL']
        GilgameshTrace3ATK | ATK% | Stacks: 1 | Value: 0.200 | Remaining Turns: 1 | TickDown: SUP1, PERM | Target: SUP1 | Affects: ['ALL']
        GilgameshTrace3CD | CD% | Stacks: 1 | Value: 0.200 | Remaining Turns: 1 | TickDown: SUP1, PERM | Target: SUP1 | Affects: ['ALL']
        GilgameshTrace3SelfATK | ATK% | Stacks: 1 | Value: 1.000 | Remaining Turns: 1 | TickDown: SUP1, PERM | Target: SUP1 | Affects: ['ALL']
        GilgameshTrace3SelfCD | CD% | Stacks: 1 | Value: 1.000 | Remaining Turns: 1 | TickDown: SUP1, PERM | Target: SUP1 | Affects: ['ALL']
        KeelCD(SUS) | CD% | Stacks: 1 | Value: 0.100 | Remaining Turns: 1 | TickDown: SUP1, PERM | Target: SUP1 | Affects: ['ALL']
        CosmicLifeDMG | DMG% | Stacks: 1 | Value: 0.320 | Remaining Turns: 1 | TickDown: SUP1, PERM | Target: SUP1 | Affects: ['ALL']
        Trace2CDExtra | CD% | Stacks: 1 | Value: 1.500 | Remaining Turns: 1 | TickDown: SUP1, PERM | Target: SUP1 | Affects: ['ALL']
        GilgameshInterestSPD | SPD% | Stacks: 1 | Value: 0.500 | Remaining Turns: 1 | TickDown: SUP2, PERM | Target: SUP1 | Affects: ['ALL']
        AeonATK | ATK% | Stacks: 1 | Value: 0.640 | Remaining Turns: 1 | TickDown: SUP1, PERM | Target: SUP1 | Affects: ['ALL']
        WeltAllyWeightlessDMG | DMG% | Stacks: 10 | Value: 1.000 | Remaining Turns: 1 | TickDown: SUP1, END | Target: SUP1 | Affects: ['ALL']
        GilgameshSKLShred | SHRED | Stacks: 1 | Value: 0.300 | Remaining Turns: 3 | TickDown: SUP1, END | Target: SUP1 | Affects: ['ALL']
        WarriorGoddessHealCD | CD% | Stacks: 1 | Value: 0.150 | Remaining Turns: 1 | TickDown: SUP1, START | Target: SUP1 | Affects: ['ALL']
        ----------End of Buff List----------
        ----------Enemy Debuffs----------
        WeltSpdDebuff | From: SUP2 | SPD% | Stacks: 1 | Value: -0.100 | Remaining Turns: 2 | Target: 1 | Targeting: ST | Affects: ['ALL'] | DOT: False | Blast: False
        ResoShred(SUP2) | From: SUP2 | SHRED | Stacks: 1 | Value: 0.160 | Remaining Turns: 1 | Target: 1 | Targeting: ST | Affects: ['ALL'] | DOT: False | Blast: False
        WeltImprisonSPD | From: SUP2 | SPD% | Stacks: 1 | Value: -0.100 | Remaining Turns: 1 | Target: 1 | Targeting: ST | Affects: ['ALL'] | DOT: False | Blast: False
        WeltWeightlessSPD | From: SUP2 | SPD% | Stacks: 1 | Value: -0.050 | Remaining Turns: 2 | Target: 1 | Targeting: ST | Affects: ['ALL'] | DOT: False | Blast: False
        WeltWeightlessShred | From: SUP2 | SHRED | Stacks: 1 | Value: 0.400 | Remaining Turns: 2 | Target: 1 | Targeting: ST | Affects: ['ALL'] | DOT: False | Blast: False
        ----------End of Debuff List----------
        ----------Healing List----------
        ----------End of Healing List----------
        ----------Shields List----------
        ----------End of Shields List----------
    GAUGE  - Enemy 1 toughness reduced by 0.000
    GAUGE  - Enemy 0 toughness reduced by 0.000
    GAUGE  - Enemy 2 toughness reduced by 0.000
    RESULT - GilgameshSkill | Gilgamesh | SUP1 | DMG: 233801.403 | ELADMG: 0.000 | Enemies Hit: [1, 0, 2] | Enemies Broken: [] | WB DMG: 0.000 | Energy: 30.000 | Amount HP Healed: 0.000 | Amount HP Lost: 0.000 | Gilgamesh Energy: 360/360 | SP: 0 | MaxSP: 5)
[WeltAllyBuff] allyTurn() invoked for attacker=Role.SUP1, move=GilgameshSkill
[WeltAllyBuff] allyTurn check: attacker=Role.SUP1, turnName=GilgameshSkill, dmg=233801.4026761679, elationDmg=0, enemiesHit=[1, 0, 2], weightlessTurns={0: 2, 1: 2, 2: 2}
[WeltAllyBuff] TRIGGERED - granting WeltAllyWeightlessDMG
    TURN   - HuoHuoAllyERR | HuoHuo | SUS | NA attack | ['WIN'] | ['SPECIAL'] | Scaling: HP | TargetID: 1 | DMG/BREAK Splits: [0, 0]/[0, 0] | Energy Gained: 1 | SP Change: 0

        ----------Char Buffs----------
        GilgameshTrace3ATK | ATK% | Stacks: 1 | Value: 0.200 | Remaining Turns: 1 | TickDown: SUS, PERM | Target: SUS | Affects: ['ALL']
        GilgameshTrace3CD | CD% | Stacks: 1 | Value: 0.200 | Remaining Turns: 1 | TickDown: SUS, PERM | Target: SUS | Affects: ['ALL']
        PostOpERR | ERR% | Stacks: 1 | Value: 0.160 | Remaining Turns: 1 | TickDown: SUS, PERM | Target: SUS | Affects: ['ALL']
        WarriorGoddessSPD | SPD% | Stacks: 1 | Value: 0.060 | Remaining Turns: 1 | TickDown: SUS, PERM | Target: SUS | Affects: ['ALL']
        KeelEFFRES | ERS% | Stacks: 1 | Value: 0.100 | Remaining Turns: 1 | TickDown: SUS, PERM | Target: SUS | Affects: ['ALL']
        KeelCD(SUS) | CD% | Stacks: 1 | Value: 0.100 | Remaining Turns: 1 | TickDown: SUS, PERM | Target: SUS | Affects: ['ALL']
        HHTraceHP | HP% | Stacks: 1 | Value: 0.280 | Remaining Turns: 1 | TickDown: SUS, PERM | Target: SUS | Affects: ['ALL']
        HHTraceERS | ERS% | Stacks: 1 | Value: 0.180 | Remaining Turns: 1 | TickDown: SUS, PERM | Target: SUS | Affects: ['ALL']
        HHTraceSPD | SPD | Stacks: 1 | Value: 5.000 | Remaining Turns: 1 | TickDown: SUS, PERM | Target: SUS | Affects: ['ALL']
        WarriorGoddessHealSPD | SPD% | Stacks: 1 | Value: 0.060 | Remaining Turns: 2 | TickDown: SUS, START | Target: SUS | Affects: ['ALL']
        WarriorGoddessHealCD | CD% | Stacks: 1 | Value: 0.150 | Remaining Turns: 2 | TickDown: SUS, START | Target: SUS | Affects: ['ALL']
        ----------End of Buff List----------
        ----------Enemy Debuffs----------
        WeltSpdDebuff | From: SUP2 | SPD% | Stacks: 1 | Value: -0.100 | Remaining Turns: 2 | Target: 1 | Targeting: ST | Affects: ['ALL'] | DOT: False | Blast: False
        ResoShred(SUP2) | From: SUP2 | SHRED | Stacks: 1 | Value: 0.160 | Remaining Turns: 1 | Target: 1 | Targeting: ST | Affects: ['ALL'] | DOT: False | Blast: False
        WeltImprisonSPD | From: SUP2 | SPD% | Stacks: 1 | Value: -0.100 | Remaining Turns: 1 | Target: 1 | Targeting: ST | Affects: ['ALL'] | DOT: False | Blast: False
        WeltWeightlessSPD | From: SUP2 | SPD% | Stacks: 1 | Value: -0.050 | Remaining Turns: 2 | Target: 1 | Targeting: ST | Affects: ['ALL'] | DOT: False | Blast: False
        WeltWeightlessShred | From: SUP2 | SHRED | Stacks: 1 | Value: 0.400 | Remaining Turns: 2 | Target: 1 | Targeting: ST | Affects: ['ALL'] | DOT: False | Blast: False
        ----------End of Debuff List----------
        ----------Healing List----------
        HuoHuoTalentHealingScaling | Targeting: Targeting.SINGLE | Healing Value: [0] | Target: ALL
        HuoHuoTalentHealingScaling | Targeting: Targeting.SINGLE | Healing Value: [0.045] | Target: ALL
        HuoHuoTalentHealingScaling | Targeting: Targeting.SINGLE | Healing Value: [0] | Target: ALL
        HuoHuoTalentHealingScaling | Targeting: Targeting.SINGLE | Healing Value: [0] | Target: ALL
        HuoHuoTalentHealingFlat | Targeting: Targeting.SINGLE | Healing Value: [0] | Target: ALL
        HuoHuoTalentHealingFlat | Targeting: Targeting.SINGLE | Healing Value: [120] | Target: ALL
        HuoHuoTalentHealingFlat | Targeting: Targeting.SINGLE | Healing Value: [0] | Target: ALL
        HuoHuoTalentHealingFlat | Targeting: Targeting.SINGLE | Healing Value: [0] | Target: ALL
        ----------End of Healing List----------
        ----------Shields List----------
        ----------End of Shields List----------
    GAUGE  - Enemy 1 toughness reduced by 0.000
    RESULT - HuoHuoAllyERR | HuoHuo | SUS | DMG: 0.000 | ELADMG: 0.000 | Enemies Hit: [1] | Enemies Broken: [] | WB DMG: 0.000 | Energy: 1.354 | Amount HP Healed: 371.779 | Amount HP Lost: 0.000 | HuoHuo Energy: 134/140 | SP: 0 | MaxSP: 5)
[WeltAllyBuff] allyTurn() invoked for attacker=Role.SUS, move=HuoHuoAllyERR
[WeltAllyBuff] allyTurn check: attacker=Role.SUS, turnName=HuoHuoAllyERR, dmg=0.0, elationDmg=0, enemiesHit=[1], weightlessTurns={0: 2, 1: 2, 2: 2}
[WeltAllyBuff] skipped: no damage on this turn
ULT    > Gilgamesh used their ultimate
Gilgamesh Obtained 2 Interest from Ult, Current count: 2
Gilgamesh JointCounter increased by one, current count: 5
    TURN   - GilgameshUltAll | Gilgamesh | SUP1 | AOE attack | ['LNG'] | ['ULT'] | Scaling: ATK | TargetID: 1 | DMG/BREAK Splits: [4.0, 0]/[40, 0] | Energy Gained: 0 | SP Change: 0

        ----------Char Buffs----------
        ScholarCR | CR% | Stacks: 1 | Value: 0.080 | Remaining Turns: 1 | TickDown: SUP1, PERM | Target: SUP1 | Affects: ['ALL']
        ScholarDMG | DMG% | Stacks: 1 | Value: 0.200 | Remaining Turns: 1 | TickDown: SUP1, PERM | Target: SUP1 | Affects: ['SKL', 'ULT']
        GilgameshTraceATK | ATK | Stacks: 1 | Value: 0.180 | Remaining Turns: 1 | TickDown: SUP1, PERM | Target: SUP1 | Affects: ['ALL']
        GilgameshTraceCR | CR% | Stacks: 1 | Value: 0.187 | Remaining Turns: 1 | TickDown: SUP1, PERM | Target: SUP1 | Affects: ['ALL']
        GilgameshTraceDMG | DMG% | Stacks: 1 | Value: 0.080 | Remaining Turns: 1 | TickDown: SUP1, PERM | Target: SUP1 | Affects: ['ALL']
        GilgameshTrace3ATK | ATK% | Stacks: 1 | Value: 0.200 | Remaining Turns: 1 | TickDown: SUP1, PERM | Target: SUP1 | Affects: ['ALL']
        GilgameshTrace3CD | CD% | Stacks: 1 | Value: 0.200 | Remaining Turns: 1 | TickDown: SUP1, PERM | Target: SUP1 | Affects: ['ALL']
        GilgameshTrace3SelfATK | ATK% | Stacks: 1 | Value: 1.000 | Remaining Turns: 1 | TickDown: SUP1, PERM | Target: SUP1 | Affects: ['ALL']
        GilgameshTrace3SelfCD | CD% | Stacks: 1 | Value: 1.000 | Remaining Turns: 1 | TickDown: SUP1, PERM | Target: SUP1 | Affects: ['ALL']
        KeelCD(SUS) | CD% | Stacks: 1 | Value: 0.100 | Remaining Turns: 1 | TickDown: SUP1, PERM | Target: SUP1 | Affects: ['ALL']
        CosmicLifeDMG | DMG% | Stacks: 1 | Value: 0.320 | Remaining Turns: 1 | TickDown: SUP1, PERM | Target: SUP1 | Affects: ['ALL']
        Trace2CDExtra | CD% | Stacks: 1 | Value: 1.500 | Remaining Turns: 1 | TickDown: SUP1, PERM | Target: SUP1 | Affects: ['ALL']
        GilgameshInterestSPD | SPD% | Stacks: 1 | Value: 0.000 | Remaining Turns: 1 | TickDown: SUP2, PERM | Target: SUP1 | Affects: ['ALL']
        GilgameshUltDmg | DMG% | Stacks: 1 | Value: 0.400 | Remaining Turns: 3 | TickDown: SUP1, END | Target: SUP1 | Affects: ['ULT']
        AeonATK | ATK% | Stacks: 1 | Value: 0.640 | Remaining Turns: 1 | TickDown: SUP1, PERM | Target: SUP1 | Affects: ['ALL']
        WeltAllyWeightlessDMG | DMG% | Stacks: 10 | Value: 1.000 | Remaining Turns: 2 | TickDown: SUP1, END | Target: SUP1 | Affects: ['ALL']
        GilgameshSKLShred | SHRED | Stacks: 1 | Value: 0.300 | Remaining Turns: 3 | TickDown: SUP1, END | Target: SUP1 | Affects: ['ALL']
        WarriorGoddessHealCD | CD% | Stacks: 1 | Value: 0.150 | Remaining Turns: 2 | TickDown: SUP1, START | Target: SUP1 | Affects: ['ALL']
        ----------End of Buff List----------
        ----------Enemy Debuffs----------
        WeltSpdDebuff | From: SUP2 | SPD% | Stacks: 1 | Value: -0.100 | Remaining Turns: 2 | Target: 1 | Targeting: ST | Affects: ['ALL'] | DOT: False | Blast: False
        ResoShred(SUP2) | From: SUP2 | SHRED | Stacks: 1 | Value: 0.160 | Remaining Turns: 1 | Target: 1 | Targeting: ST | Affects: ['ALL'] | DOT: False | Blast: False
        WeltImprisonSPD | From: SUP2 | SPD% | Stacks: 1 | Value: -0.100 | Remaining Turns: 1 | Target: 1 | Targeting: ST | Affects: ['ALL'] | DOT: False | Blast: False
        WeltWeightlessSPD | From: SUP2 | SPD% | Stacks: 1 | Value: -0.050 | Remaining Turns: 2 | Target: 1 | Targeting: ST | Affects: ['ALL'] | DOT: False | Blast: False
        WeltWeightlessShred | From: SUP2 | SHRED | Stacks: 1 | Value: 0.400 | Remaining Turns: 2 | Target: 1 | Targeting: ST | Affects: ['ALL'] | DOT: False | Blast: False
        ----------End of Debuff List----------
        ----------Healing List----------
        ----------End of Healing List----------
        ----------Shields List----------
        ----------End of Shields List----------
    GAUGE  - Enemy 0 toughness reduced by 0.000
    GAUGE  - Enemy 1 toughness reduced by 0.000
    GAUGE  - Enemy 2 toughness reduced by 0.000
    RESULT - GilgameshUltAll | Gilgamesh | SUP1 | DMG: 568053.662 | ELADMG: 0.000 | Enemies Hit: [0, 1, 2] | Enemies Broken: [] | WB DMG: 0.000 | Energy: 0.000 | Amount HP Healed: 0.000 | Amount HP Lost: 0.000 | Gilgamesh Energy: 0/360 | SP: 0 | MaxSP: 5)
Saber got 3 Core Resonance from Talent, Current Count: 25
[WeltAllyBuff] allyTurn() invoked for attacker=Role.SUP1, move=GilgameshUltAll
[WeltAllyBuff] allyTurn check: attacker=Role.SUP1, turnName=GilgameshUltAll, dmg=568053.6618982863, elationDmg=0, enemiesHit=[0, 1, 2], weightlessTurns={0: 2, 1: 2, 2: 2}
[WeltAllyBuff] TRIGGERED - granting WeltAllyWeightlessDMG
    TURN   - GilgameshUltSingle | Gilgamesh | SUP1 | ST attack | ['LNG'] | ['ULT'] | Scaling: ATK | TargetID: 1 | DMG/BREAK Splits: [10.0, 0]/[20, 0] | Energy Gained: 5 | SP Change: 0

        ----------Char Buffs----------
        ScholarCR | CR% | Stacks: 1 | Value: 0.080 | Remaining Turns: 1 | TickDown: SUP1, PERM | Target: SUP1 | Affects: ['ALL']
        ScholarDMG | DMG% | Stacks: 1 | Value: 0.200 | Remaining Turns: 1 | TickDown: SUP1, PERM | Target: SUP1 | Affects: ['SKL', 'ULT']
        GilgameshTraceATK | ATK | Stacks: 1 | Value: 0.180 | Remaining Turns: 1 | TickDown: SUP1, PERM | Target: SUP1 | Affects: ['ALL']
        GilgameshTraceCR | CR% | Stacks: 1 | Value: 0.187 | Remaining Turns: 1 | TickDown: SUP1, PERM | Target: SUP1 | Affects: ['ALL']
        GilgameshTraceDMG | DMG% | Stacks: 1 | Value: 0.080 | Remaining Turns: 1 | TickDown: SUP1, PERM | Target: SUP1 | Affects: ['ALL']
        GilgameshTrace3ATK | ATK% | Stacks: 1 | Value: 0.200 | Remaining Turns: 1 | TickDown: SUP1, PERM | Target: SUP1 | Affects: ['ALL']
        GilgameshTrace3CD | CD% | Stacks: 1 | Value: 0.200 | Remaining Turns: 1 | TickDown: SUP1, PERM | Target: SUP1 | Affects: ['ALL']
        GilgameshTrace3SelfATK | ATK% | Stacks: 1 | Value: 1.000 | Remaining Turns: 1 | TickDown: SUP1, PERM | Target: SUP1 | Affects: ['ALL']
        GilgameshTrace3SelfCD | CD% | Stacks: 1 | Value: 1.000 | Remaining Turns: 1 | TickDown: SUP1, PERM | Target: SUP1 | Affects: ['ALL']
        KeelCD(SUS) | CD% | Stacks: 1 | Value: 0.100 | Remaining Turns: 1 | TickDown: SUP1, PERM | Target: SUP1 | Affects: ['ALL']
        CosmicLifeDMG | DMG% | Stacks: 1 | Value: 0.320 | Remaining Turns: 1 | TickDown: SUP1, PERM | Target: SUP1 | Affects: ['ALL']
        Trace2CDExtra | CD% | Stacks: 1 | Value: 1.500 | Remaining Turns: 1 | TickDown: SUP1, PERM | Target: SUP1 | Affects: ['ALL']
        GilgameshInterestSPD | SPD% | Stacks: 1 | Value: 0.200 | Remaining Turns: 1 | TickDown: SUP2, PERM | Target: SUP1 | Affects: ['ALL']
        GilgameshUltDmg | DMG% | Stacks: 1 | Value: 0.400 | Remaining Turns: 3 | TickDown: SUP1, END | Target: SUP1 | Affects: ['ULT']
        AeonATK | ATK% | Stacks: 1 | Value: 0.640 | Remaining Turns: 1 | TickDown: SUP1, PERM | Target: SUP1 | Affects: ['ALL']
        WeltAllyWeightlessDMG | DMG% | Stacks: 10 | Value: 1.000 | Remaining Turns: 2 | TickDown: SUP1, END | Target: SUP1 | Affects: ['ALL']
        GilgameshSKLShred | SHRED | Stacks: 1 | Value: 0.300 | Remaining Turns: 3 | TickDown: SUP1, END | Target: SUP1 | Affects: ['ALL']
        WarriorGoddessHealCD | CD% | Stacks: 1 | Value: 0.150 | Remaining Turns: 2 | TickDown: SUP1, START | Target: SUP1 | Affects: ['ALL']
        ----------End of Buff List----------
        ----------Enemy Debuffs----------
        WeltSpdDebuff | From: SUP2 | SPD% | Stacks: 1 | Value: -0.100 | Remaining Turns: 2 | Target: 1 | Targeting: ST | Affects: ['ALL'] | DOT: False | Blast: False
        ResoShred(SUP2) | From: SUP2 | SHRED | Stacks: 1 | Value: 0.160 | Remaining Turns: 1 | Target: 1 | Targeting: ST | Affects: ['ALL'] | DOT: False | Blast: False
        WeltImprisonSPD | From: SUP2 | SPD% | Stacks: 1 | Value: -0.100 | Remaining Turns: 1 | Target: 1 | Targeting: ST | Affects: ['ALL'] | DOT: False | Blast: False
        WeltWeightlessSPD | From: SUP2 | SPD% | Stacks: 1 | Value: -0.050 | Remaining Turns: 2 | Target: 1 | Targeting: ST | Affects: ['ALL'] | DOT: False | Blast: False
        WeltWeightlessShred | From: SUP2 | SHRED | Stacks: 1 | Value: 0.400 | Remaining Turns: 2 | Target: 1 | Targeting: ST | Affects: ['ALL'] | DOT: False | Blast: False
        ----------End of Debuff List----------
        ----------Healing List----------
        HuoHuoTalentHealingScaling | Targeting: Targeting.SINGLE | Healing Value: [0] | Target: ALL
        HuoHuoTalentHealingScaling | Targeting: Targeting.SINGLE | Healing Value: [0] | Target: ALL
        HuoHuoTalentHealingScaling | Targeting: Targeting.SINGLE | Healing Value: [0.045] | Target: ALL
        HuoHuoTalentHealingScaling | Targeting: Targeting.SINGLE | Healing Value: [0] | Target: ALL
        HuoHuoTalentHealingFlat | Targeting: Targeting.SINGLE | Healing Value: [0] | Target: ALL
        HuoHuoTalentHealingFlat | Targeting: Targeting.SINGLE | Healing Value: [0] | Target: ALL
        HuoHuoTalentHealingFlat | Targeting: Targeting.SINGLE | Healing Value: [120] | Target: ALL
        HuoHuoTalentHealingFlat | Targeting: Targeting.SINGLE | Healing Value: [0] | Target: ALL
        ----------End of Healing List----------
        ----------Shields List----------
        ----------End of Shields List----------
    GAUGE  - Enemy 1 toughness reduced by 0.000
    RESULT - GilgameshUltSingle | Gilgamesh | SUP1 | DMG: 473378.052 | ELADMG: 0.000 | Enemies Hit: [1] | Enemies Broken: [] | WB DMG: 0.000 | Energy: 5.000 | Amount HP Healed: 438.089 | Amount HP Lost: 0.000 | Gilgamesh Energy: 5/360 | SP: 0 | MaxSP: 5)
[WeltAllyBuff] allyTurn() invoked for attacker=Role.SUP1, move=GilgameshUltSingle
[WeltAllyBuff] allyTurn check: attacker=Role.SUP1, turnName=GilgameshUltSingle, dmg=473378.05158190534, elationDmg=0, enemiesHit=[1], weightlessTurns={0: 2, 1: 2, 2: 2}
[WeltAllyBuff] TRIGGERED - granting WeltAllyWeightlessDMG
    TURN   - HuoHuoAllyERR | HuoHuo | SUS | NA attack | ['WIN'] | ['SPECIAL'] | Scaling: HP | TargetID: 1 | DMG/BREAK Splits: [0, 0]/[0, 0] | Energy Gained: 1 | SP Change: 0

        ----------Char Buffs----------
        GilgameshTrace3ATK | ATK% | Stacks: 1 | Value: 0.200 | Remaining Turns: 1 | TickDown: SUS, PERM | Target: SUS | Affects: ['ALL']
        GilgameshTrace3CD | CD% | Stacks: 1 | Value: 0.200 | Remaining Turns: 1 | TickDown: SUS, PERM | Target: SUS | Affects: ['ALL']
        PostOpERR | ERR% | Stacks: 1 | Value: 0.160 | Remaining Turns: 1 | TickDown: SUS, PERM | Target: SUS | Affects: ['ALL']
        WarriorGoddessSPD | SPD% | Stacks: 1 | Value: 0.060 | Remaining Turns: 1 | TickDown: SUS, PERM | Target: SUS | Affects: ['ALL']
        KeelEFFRES | ERS% | Stacks: 1 | Value: 0.100 | Remaining Turns: 1 | TickDown: SUS, PERM | Target: SUS | Affects: ['ALL']
        KeelCD(SUS) | CD% | Stacks: 1 | Value: 0.100 | Remaining Turns: 1 | TickDown: SUS, PERM | Target: SUS | Affects: ['ALL']
        HHTraceHP | HP% | Stacks: 1 | Value: 0.280 | Remaining Turns: 1 | TickDown: SUS, PERM | Target: SUS | Affects: ['ALL']
        HHTraceERS | ERS% | Stacks: 1 | Value: 0.180 | Remaining Turns: 1 | TickDown: SUS, PERM | Target: SUS | Affects: ['ALL']
        HHTraceSPD | SPD | Stacks: 1 | Value: 5.000 | Remaining Turns: 1 | TickDown: SUS, PERM | Target: SUS | Affects: ['ALL']
        WarriorGoddessHealSPD | SPD% | Stacks: 1 | Value: 0.060 | Remaining Turns: 2 | TickDown: SUS, START | Target: SUS | Affects: ['ALL']
        WarriorGoddessHealCD | CD% | Stacks: 1 | Value: 0.150 | Remaining Turns: 2 | TickDown: SUS, START | Target: SUS | Affects: ['ALL']
        ----------End of Buff List----------
        ----------Enemy Debuffs----------
        WeltSpdDebuff | From: SUP2 | SPD% | Stacks: 1 | Value: -0.100 | Remaining Turns: 2 | Target: 1 | Targeting: ST | Affects: ['ALL'] | DOT: False | Blast: False
        ResoShred(SUP2) | From: SUP2 | SHRED | Stacks: 1 | Value: 0.160 | Remaining Turns: 1 | Target: 1 | Targeting: ST | Affects: ['ALL'] | DOT: False | Blast: False
        WeltImprisonSPD | From: SUP2 | SPD% | Stacks: 1 | Value: -0.100 | Remaining Turns: 1 | Target: 1 | Targeting: ST | Affects: ['ALL'] | DOT: False | Blast: False
        WeltWeightlessSPD | From: SUP2 | SPD% | Stacks: 1 | Value: -0.050 | Remaining Turns: 2 | Target: 1 | Targeting: ST | Affects: ['ALL'] | DOT: False | Blast: False
        WeltWeightlessShred | From: SUP2 | SHRED | Stacks: 1 | Value: 0.400 | Remaining Turns: 2 | Target: 1 | Targeting: ST | Affects: ['ALL'] | DOT: False | Blast: False
        ----------End of Debuff List----------
        ----------Healing List----------
        ----------End of Healing List----------
        ----------Shields List----------
        ----------End of Shields List----------
    GAUGE  - Enemy 1 toughness reduced by 0.000
    RESULT - HuoHuoAllyERR | HuoHuo | SUS | DMG: 0.000 | ELADMG: 0.000 | Enemies Hit: [1] | Enemies Broken: [] | WB DMG: 0.000 | Energy: 1.354 | Amount HP Healed: 0.000 | Amount HP Lost: 0.000 | HuoHuo Energy: 135/140 | SP: 0 | MaxSP: 5)
[WeltAllyBuff] allyTurn() invoked for attacker=Role.SUS, move=HuoHuoAllyERR
[WeltAllyBuff] allyTurn check: attacker=Role.SUS, turnName=HuoHuoAllyERR, dmg=0.0, elationDmg=0, enemiesHit=[1], weightlessTurns={0: 2, 1: 2, 2: 2}
[WeltAllyBuff] skipped: no damage on this turn
SPD    > Gilgamesh speed changed to 157.532 | NewAV: 0.000
AV     > Gilgamesh AV reset to 63.479 | 157.532 SPD
DELAY  > Enemy 1 delayed by 4.0% from WeltWeightlessDelay | NewAV: 36.310
DELAY  > Enemy 0 delayed by 4.0% from WeltWeightlessDelay | NewAV: 57.503
DELAY  > Enemy 2 delayed by 4.0% from WeltWeightlessDelay | NewAV: 57.345
DELAY  > Enemy 0 delayed by 4.0% from WeltWeightlessDelay | NewAV: 59.964
DELAY  > Enemy 1 delayed by 4.0% from WeltWeightlessDelay | NewAV: 38.330
DELAY  > Enemy 2 delayed by 4.0% from WeltWeightlessDelay | NewAV: 59.806

<<< NEW TURN >>>
-   Saber AV: 0.000 ENERGY: 103.667 MaxHP: 3366.991 CurrHp 2014.476 ShieldHP: 0.000
-   Enemy 1 AV: 15.230 ENERGY: 0.000 MaxHP: 5000000.000 CurrHp 2859220.074 ShieldHP: 0.000
-   HuoHuo AV: 19.581 ENERGY: 135.439 MaxHP: 6139.808 CurrHp 5907.867 ShieldHP: 0.000
-   Welt AV: 33.732 ENERGY: 12.444 MaxHP: 3270.753 CurrHp 2118.610 ShieldHP: 0.000
-   Enemy 2 AV: 36.706 ENERGY: 0.000 MaxHP: 2000000.000 CurrHp 1632033.278 ShieldHP: 0.000
-   Enemy 0 AV: 36.864 ENERGY: 0.000 MaxHP: 2000000.000 CurrHp 1632033.278 ShieldHP: 0.000
-   Gilgamesh AV: 40.379 ENERGY: 5.000 MaxHP: 3134.558 CurrHp 1727.160 ShieldHP: 0.000

Combat context set: 3 enemies, 4 players
Combat context initialized: 3 enemies, Elation team size: 0
ACTION > [CHAR] TotalAV: 483.626 | TurnAV: 23.100 | Saber | E-move
        Buff ScholarBonusDMG expired
Saber got 3 Core Resonance from Skill, Current Count: 28
    TURN   - SaberSkill | Saber | DPS | BLAST attack | ['WIN'] | ['SKL'] | Scaling: ATK | TargetID: 1 | DMG/BREAK Splits: [1.5, 0.75]/[20, 10] | Energy Gained: 30 | SP Change: -1

        ----------Char Buffs----------
        ThanklessCoronationCD | CR% | Stacks: 1 | Value: 0.360 | Remaining Turns: 1 | TickDown: DPS, PERM | Target: DPS | Affects: ['ALL']
        ScholarCR | CR% | Stacks: 1 | Value: 0.080 | Remaining Turns: 1 | TickDown: DPS, PERM | Target: DPS | Affects: ['ALL']
        ScholarDMG | DMG% | Stacks: 1 | Value: 0.200 | Remaining Turns: 1 | TickDown: DPS, PERM | Target: DPS | Affects: ['SKL', 'ULT']
        SaberTraceHP | HP% | Stacks: 1 | Value: 0.100 | Remaining Turns: 1 | TickDown: DPS, PERM | Target: DPS | Affects: ['ALL']
        SaberTraceCR | CR% | Stacks: 1 | Value: 0.120 | Remaining Turns: 1 | TickDown: DPS, PERM | Target: DPS | Affects: ['ALL']
        SaberTraceDMG | DMG% | Stacks: 1 | Value: 0.224 | Remaining Turns: 1 | TickDown: DPS, PERM | Target: DPS | Affects: ['ALL']
        SaberTrace1CR | CR% | Stacks: 1 | Value: 0.200 | Remaining Turns: 1 | TickDown: DPS, PERM | Target: DPS | Affects: ['ALL']
        GilgameshTrace3ATK | ATK% | Stacks: 1 | Value: 0.200 | Remaining Turns: 1 | TickDown: DPS, PERM | Target: DPS | Affects: ['ALL']
        GilgameshTrace3CD | CD% | Stacks: 1 | Value: 0.200 | Remaining Turns: 1 | TickDown: DPS, PERM | Target: DPS | Affects: ['ALL']
        LushakaATK(SUP2) | ATK% | Stacks: 1 | Value: 0.120 | Remaining Turns: 1 | TickDown: DPS, PERM | Target: DPS | Affects: ['ALL']
        KeelCD(SUS) | CD% | Stacks: 1 | Value: 0.100 | Remaining Turns: 1 | TickDown: DPS, PERM | Target: DPS | Affects: ['ALL']
        CosmicLifeDMG | DMG% | Stacks: 1 | Value: 0.320 | Remaining Turns: 1 | TickDown: DPS, PERM | Target: DPS | Affects: ['ALL']
        Trace3CDExtra | CD% | Stacks: 1 | Value: 0.320 | Remaining Turns: 1 | TickDown: DPS, PERM | Target: DPS | Affects: ['ALL']
        GilgameshTrace3AllyATK | ATK% | Stacks: 1 | Value: 1.000 | Remaining Turns: 1 | TickDown: DPS, PERM | Target: DPS | Affects: ['ALL']
        GilgameshTrace3AllyCD | CD% | Stacks: 1 | Value: 1.000 | Remaining Turns: 1 | TickDown: DPS, PERM | Target: DPS | Affects: ['ALL']
        WeltAllyWeightlessDMG | DMG% | Stacks: 10 | Value: 1.000 | Remaining Turns: 1 | TickDown: DPS, END | Target: DPS | Affects: ['ALL']
        WarriorGoddessHealCD | CD% | Stacks: 1 | Value: 0.150 | Remaining Turns: 1 | TickDown: DPS, START | Target: DPS | Affects: ['ALL']
        ThanklessCoronationATK | ATK% | Stacks: 1 | Value: 0.400 | Remaining Turns: 1 | TickDown: DPS, END | Target: DPS | Affects: ['ALL']
        ThanklessCoronationATKExtra | ATK% | Stacks: 1 | Value: 0.400 | Remaining Turns: 1 | TickDown: DPS, END | Target: DPS | Affects: ['ALL']
        TalentDMG | DMG% | Stacks: 1 | Value: 0.600 | Remaining Turns: 2 | TickDown: DPS, END | Target: DPS | Affects: ['ALL']
        Trace3CD | CD% | Stacks: 1 | Value: 0.500 | Remaining Turns: 2 | TickDown: DPS, END | Target: DPS | Affects: ['ALL']
        ----------End of Buff List----------
        ----------Enemy Debuffs----------
        WeltSpdDebuff | From: SUP2 | SPD% | Stacks: 1 | Value: -0.100 | Remaining Turns: 2 | Target: 1 | Targeting: ST | Affects: ['ALL'] | DOT: False | Blast: False
        ResoShred(SUP2) | From: SUP2 | SHRED | Stacks: 1 | Value: 0.160 | Remaining Turns: 1 | Target: 1 | Targeting: ST | Affects: ['ALL'] | DOT: False | Blast: False
        WeltImprisonSPD | From: SUP2 | SPD% | Stacks: 1 | Value: -0.100 | Remaining Turns: 1 | Target: 1 | Targeting: ST | Affects: ['ALL'] | DOT: False | Blast: False
        WeltWeightlessSPD | From: SUP2 | SPD% | Stacks: 1 | Value: -0.050 | Remaining Turns: 2 | Target: 1 | Targeting: ST | Affects: ['ALL'] | DOT: False | Blast: False
        WeltWeightlessShred | From: SUP2 | SHRED | Stacks: 1 | Value: 0.400 | Remaining Turns: 2 | Target: 1 | Targeting: ST | Affects: ['ALL'] | DOT: False | Blast: False
        ----------End of Debuff List----------
        ----------Healing List----------
        ----------End of Healing List----------
        ----------Shields List----------
        ----------End of Shields List----------
    GAUGE  - Enemy 1 toughness reduced by 20.000
    GAUGE  - Enemy 0 toughness reduced by 10.000
    GAUGE  - Enemy 2 toughness reduced by 10.000
    RESULT - SaberSkill | Saber | DPS | DMG: 149055.077 | ELADMG: 0.000 | Enemies Hit: [1, 0, 2] | Enemies Broken: [] | WB DMG: 0.000 | Energy: 30.000 | Amount HP Healed: 0.000 | Amount HP Lost: 0.000 | Saber Energy: 134/360 | SP: 0 | MaxSP: 5)
Gilgamesh Obtained 1 Interest from Teammate, Current count: 3
Gilgamesh JointCounter increased by one, current count: 6
[WeltAllyBuff] allyTurn() invoked for attacker=Role.DPS, move=SaberSkill
[WeltAllyBuff] allyTurn check: attacker=Role.DPS, turnName=SaberSkill, dmg=149055.07711462694, elationDmg=0, enemiesHit=[1, 0, 2], weightlessTurns={0: 2, 1: 2, 2: 2}
[WeltAllyBuff] TRIGGERED - granting WeltAllyWeightlessDMG
    TURN   - HuoHuoAllyERR | HuoHuo | SUS | NA attack | ['WIN'] | ['SPECIAL'] | Scaling: HP | TargetID: 1 | DMG/BREAK Splits: [0, 0]/[0, 0] | Energy Gained: 1 | SP Change: 0

        ----------Char Buffs----------
        GilgameshTrace3ATK | ATK% | Stacks: 1 | Value: 0.200 | Remaining Turns: 1 | TickDown: SUS, PERM | Target: SUS | Affects: ['ALL']
        GilgameshTrace3CD | CD% | Stacks: 1 | Value: 0.200 | Remaining Turns: 1 | TickDown: SUS, PERM | Target: SUS | Affects: ['ALL']
        PostOpERR | ERR% | Stacks: 1 | Value: 0.160 | Remaining Turns: 1 | TickDown: SUS, PERM | Target: SUS | Affects: ['ALL']
        WarriorGoddessSPD | SPD% | Stacks: 1 | Value: 0.060 | Remaining Turns: 1 | TickDown: SUS, PERM | Target: SUS | Affects: ['ALL']
        KeelEFFRES | ERS% | Stacks: 1 | Value: 0.100 | Remaining Turns: 1 | TickDown: SUS, PERM | Target: SUS | Affects: ['ALL']
        KeelCD(SUS) | CD% | Stacks: 1 | Value: 0.100 | Remaining Turns: 1 | TickDown: SUS, PERM | Target: SUS | Affects: ['ALL']
        HHTraceHP | HP% | Stacks: 1 | Value: 0.280 | Remaining Turns: 1 | TickDown: SUS, PERM | Target: SUS | Affects: ['ALL']
        HHTraceERS | ERS% | Stacks: 1 | Value: 0.180 | Remaining Turns: 1 | TickDown: SUS, PERM | Target: SUS | Affects: ['ALL']
        HHTraceSPD | SPD | Stacks: 1 | Value: 5.000 | Remaining Turns: 1 | TickDown: SUS, PERM | Target: SUS | Affects: ['ALL']
        WarriorGoddessHealSPD | SPD% | Stacks: 1 | Value: 0.060 | Remaining Turns: 2 | TickDown: SUS, START | Target: SUS | Affects: ['ALL']
        WarriorGoddessHealCD | CD% | Stacks: 1 | Value: 0.150 | Remaining Turns: 2 | TickDown: SUS, START | Target: SUS | Affects: ['ALL']
        ----------End of Buff List----------
        ----------Enemy Debuffs----------
        WeltSpdDebuff | From: SUP2 | SPD% | Stacks: 1 | Value: -0.100 | Remaining Turns: 2 | Target: 1 | Targeting: ST | Affects: ['ALL'] | DOT: False | Blast: False
        ResoShred(SUP2) | From: SUP2 | SHRED | Stacks: 1 | Value: 0.160 | Remaining Turns: 1 | Target: 1 | Targeting: ST | Affects: ['ALL'] | DOT: False | Blast: False
        WeltImprisonSPD | From: SUP2 | SPD% | Stacks: 1 | Value: -0.100 | Remaining Turns: 1 | Target: 1 | Targeting: ST | Affects: ['ALL'] | DOT: False | Blast: False
        WeltWeightlessSPD | From: SUP2 | SPD% | Stacks: 1 | Value: -0.050 | Remaining Turns: 2 | Target: 1 | Targeting: ST | Affects: ['ALL'] | DOT: False | Blast: False
        WeltWeightlessShred | From: SUP2 | SHRED | Stacks: 1 | Value: 0.400 | Remaining Turns: 2 | Target: 1 | Targeting: ST | Affects: ['ALL'] | DOT: False | Blast: False
        ----------End of Debuff List----------
        ----------Healing List----------
        HuoHuoTalentHealingScaling | Targeting: Targeting.SINGLE | Healing Value: [0] | Target: ALL
        HuoHuoTalentHealingScaling | Targeting: Targeting.SINGLE | Healing Value: [0.045] | Target: ALL
        HuoHuoTalentHealingScaling | Targeting: Targeting.SINGLE | Healing Value: [0] | Target: ALL
        HuoHuoTalentHealingScaling | Targeting: Targeting.SINGLE | Healing Value: [0] | Target: ALL
        HuoHuoTalentHealingFlat | Targeting: Targeting.SINGLE | Healing Value: [0] | Target: ALL
        HuoHuoTalentHealingFlat | Targeting: Targeting.SINGLE | Healing Value: [120] | Target: ALL
        HuoHuoTalentHealingFlat | Targeting: Targeting.SINGLE | Healing Value: [0] | Target: ALL
        HuoHuoTalentHealingFlat | Targeting: Targeting.SINGLE | Healing Value: [0] | Target: ALL
        ----------End of Healing List----------
        ----------Shields List----------
        ----------End of Shields List----------
    GAUGE  - Enemy 1 toughness reduced by 0.000
    RESULT - HuoHuoAllyERR | HuoHuo | SUS | DMG: 0.000 | ELADMG: 0.000 | Enemies Hit: [1] | Enemies Broken: [] | WB DMG: 0.000 | Energy: 1.354 | Amount HP Healed: 371.779 | Amount HP Lost: 0.000 | HuoHuo Energy: 137/140 | SP: 0 | MaxSP: 5)
[WeltAllyBuff] allyTurn() invoked for attacker=Role.SUS, move=HuoHuoAllyERR
[WeltAllyBuff] allyTurn check: attacker=Role.SUS, turnName=HuoHuoAllyERR, dmg=0.0, elationDmg=0, enemiesHit=[1], weightlessTurns={0: 2, 1: 2, 2: 2}
[WeltAllyBuff] skipped: no damage on this turn
        Buff ThanklessCoronationATK expired
        Buff ThanklessCoronationATKExtra expired
SPD    > Gilgamesh speed changed to 167.232 | NewAV: 38.037
AV     > Saber AV reset to 76.551 | 130.632 SPD
DELAY  > Enemy 1 delayed by 4.0% from WeltWeightlessDelay | NewAV: 17.250
DELAY  > Enemy 0 delayed by 4.0% from WeltWeightlessDelay | NewAV: 39.326
DELAY  > Enemy 2 delayed by 4.0% from WeltWeightlessDelay | NewAV: 39.168

<<< NEW TURN >>>
-   Enemy 1 AV: 0.000 ENERGY: 0.000 MaxHP: 5000000.000 CurrHp 2784692.536 ShieldHP: 0.000
-   HuoHuo AV: 2.331 ENERGY: 136.794 MaxHP: 6139.808 CurrHp 5907.867 ShieldHP: 0.000
-   Welt AV: 16.481 ENERGY: 12.444 MaxHP: 3270.753 CurrHp 2118.610 ShieldHP: 0.000
-   Gilgamesh AV: 20.787 ENERGY: 5.000 MaxHP: 3134.558 CurrHp 2098.940 ShieldHP: 0.000
-   Enemy 2 AV: 21.917 ENERGY: 0.000 MaxHP: 2000000.000 CurrHp 1594769.508 ShieldHP: 0.000
-   Enemy 0 AV: 22.076 ENERGY: 0.000 MaxHP: 2000000.000 CurrHp 1594769.508 ShieldHP: 0.000
-   Saber AV: 59.301 ENERGY: 133.667 MaxHP: 3366.991 CurrHp 2014.476 ShieldHP: 0.000

Combat context set: 3 enemies, 4 players
Combat context initialized: 3 enemies, Elation team size: 0
ACTION > [ENEMY] TotalAV: 500.876 | TurnAV: 17.250 | Enemy 1 | 1 attacks
    CharEnergy - Saber: Hit 3.333 Total: 137.000 | Gilgamesh: Hit 6.667 Total: 11.667 | Welt: Hit 3.333 Total: 16.592 | HuoHuo: Hit 3.333 Total: 140.000 |
    ENEMY  - Enemy 1 [aoe] dealt 232.0 to Saber (energy: 3.3, DEF: 2409, atkMul: 1.00, dmgMul: 1.00) | Shield Absorbed: 0.0 | HP Lost: 232.0 | HP: 1782/3367 | Shield HP: 0
    ENEMY  - Enemy 1 [aoe] dealt 337.5 to Welt (energy: 3.3, DEF: 1296, atkMul: 1.00, dmgMul: 1.00) | Shield Absorbed: 0.0 | HP Lost: 337.5 | HP: 1781/3271 | Shield HP: 0
    ENEMY  - Enemy 1 [aoe] dealt 280.5 to Gilgamesh (energy: 3.3, DEF: 1794, atkMul: 1.00, dmgMul: 1.00) | Shield Absorbed: 0.0 | HP Lost: 280.5 | HP: 1818/3135 | Shield HP: 0
    ENEMY  - Enemy 1 [aoe] dealt 231.9 to HuoHuo (energy: 3.3, DEF: 2410, atkMul: 1.00, dmgMul: 1.00) | Shield Absorbed: 0.0 | HP Lost: 231.9 | HP: 5676/6140 | Shield HP: 0
    ENEMY  - Enemy 1 [aoe] dealt 280.5 to Gilgamesh (energy: 3.3, DEF: 1794, atkMul: 1.00, dmgMul: 1.00) | Shield Absorbed: 0.0 | HP Lost: 280.5 | HP: 1538/3135 | Shield HP: 0
ULT    > HuoHuo used their ultimate
    TURN   - HuoHuoUlt | HuoHuo | SUS | NA attack | ['WIN'] | ['ULT'] | Scaling: HP | TargetID: -1 | DMG/BREAK Splits: [0, 0]/[0, 0] | Energy Gained: 5 | SP Change: 0

        ----------Char Buffs----------
        GilgameshTrace3ATK | ATK% | Stacks: 1 | Value: 0.200 | Remaining Turns: 1 | TickDown: SUS, PERM | Target: SUS | Affects: ['ALL']
        GilgameshTrace3CD | CD% | Stacks: 1 | Value: 0.200 | Remaining Turns: 1 | TickDown: SUS, PERM | Target: SUS | Affects: ['ALL']
        PostOpERR | ERR% | Stacks: 1 | Value: 0.160 | Remaining Turns: 1 | TickDown: SUS, PERM | Target: SUS | Affects: ['ALL']
        PostOpOGH | OGH% | Stacks: 1 | Value: 0.240 | Remaining Turns: 1 | TickDown: SUS, PERM | Target: SUS | Affects: ['ULT']
        WarriorGoddessSPD | SPD% | Stacks: 1 | Value: 0.060 | Remaining Turns: 1 | TickDown: SUS, PERM | Target: SUS | Affects: ['ALL']
        KeelEFFRES | ERS% | Stacks: 1 | Value: 0.100 | Remaining Turns: 1 | TickDown: SUS, PERM | Target: SUS | Affects: ['ALL']
        KeelCD(SUS) | CD% | Stacks: 1 | Value: 0.100 | Remaining Turns: 1 | TickDown: SUS, PERM | Target: SUS | Affects: ['ALL']
        HHTraceHP | HP% | Stacks: 1 | Value: 0.280 | Remaining Turns: 1 | TickDown: SUS, PERM | Target: SUS | Affects: ['ALL']
        HHTraceERS | ERS% | Stacks: 1 | Value: 0.180 | Remaining Turns: 1 | TickDown: SUS, PERM | Target: SUS | Affects: ['ALL']
        HHTraceSPD | SPD | Stacks: 1 | Value: 5.000 | Remaining Turns: 1 | TickDown: SUS, PERM | Target: SUS | Affects: ['ALL']
        WarriorGoddessHealSPD | SPD% | Stacks: 1 | Value: 0.060 | Remaining Turns: 2 | TickDown: SUS, START | Target: SUS | Affects: ['ALL']
        WarriorGoddessHealCD | CD% | Stacks: 1 | Value: 0.150 | Remaining Turns: 2 | TickDown: SUS, START | Target: SUS | Affects: ['ALL']
        ----------End of Buff List----------
        ----------Enemy Debuffs----------
        ----------End of Debuff List----------
        ----------Healing List----------
        ----------End of Healing List----------
        ----------Shields List----------
        ----------End of Shields List----------
    GAUGE  - Enemy 0 toughness reduced by 0.000
    RESULT - HuoHuoUlt | HuoHuo | SUS | DMG: 0.000 | ELADMG: 0.000 | Enemies Hit: [0] | Enemies Broken: [] | WB DMG: 0.000 | Energy: 6.772 | Amount HP Healed: 0.000 | Amount HP Lost: 0.000 | HuoHuo Energy: 7/140 | SP: 0 | MaxSP: 5)
Saber got 3 Core Resonance from Talent, Current Count: 31
Gilgamesh Obtained 2 Interest from Teammate Ult, Current count: 5
Gilgamesh Obtained 42.0 Energy from Teammate
[WeltAllyBuff] allyTurn() invoked for attacker=Role.SUS, move=HuoHuoUlt
[WeltAllyBuff] allyTurn check: attacker=Role.SUS, turnName=HuoHuoUlt, dmg=0.0, elationDmg=0, enemiesHit=[0], weightlessTurns={0: 2, 1: 2, 2: 2}
[WeltAllyBuff] skipped: no damage on this turn
ADV    > Saber advanced by 100.000% from Trace1Advance | NewAV: 0.000 | Priority: 16
ERR    > 72.000 energy added to Saber from HuoHuoERR | Saber Energy: 209.000
ERR    > 72.000 energy added to Gilgamesh from HuoHuoERR | Gilgamesh Energy: 83.667
ERR    > 24.000 energy added to Welt from HuoHuoERR | Welt Energy: 40.592
ERR    > 42.000 energy added to Gilgamesh from GilgameshTrace1ERRAlly3 | Gilgamesh Energy: 125.667
        Debuff ResoShred(SUP2) expired
        Debuff WeltImprisonSPD expired
SPD    > Gilgamesh speed changed to 186.632 | NewAV: 18.626
AV     > Enemy 1 AV reset to 54.897 | 182.160 SPD

<<< NEW TURN >>>
-   Saber AV: 0.000 ENERGY: 209.000 MaxHP: 3366.991 CurrHp 1782.448 ShieldHP: 0.000
-   HuoHuo AV: 2.331 ENERGY: 6.772 MaxHP: 6139.808 CurrHp 5675.925 ShieldHP: 0.000
-   Welt AV: 16.481 ENERGY: 40.592 MaxHP: 3270.753 CurrHp 1781.069 ShieldHP: 0.000
-   Gilgamesh AV: 18.626 ENERGY: 125.667 MaxHP: 3134.558 CurrHp 1537.997 ShieldHP: 0.000
-   Enemy 2 AV: 21.917 ENERGY: 0.000 MaxHP: 2000000.000 CurrHp 1594769.508 ShieldHP: 0.000
-   Enemy 0 AV: 22.076 ENERGY: 0.000 MaxHP: 2000000.000 CurrHp 1594769.508 ShieldHP: 0.000
-   Enemy 1 AV: 54.897 ENERGY: 0.000 MaxHP: 5000000.000 CurrHp 2784692.536 ShieldHP: 0.000

Combat context set: 3 enemies, 4 players
Combat context initialized: 3 enemies, Elation team size: 0
[WeltAllyBuff] enemy turn-boundary detected for eid=1 (prevAV=0.0, currAV=54.89679402722881); weightlessTurns before={0: 2, 1: 2, 2: 2}
[WeltAllyBuff] weightlessTurns after={0: 2, 1: 1, 2: 2}
ACTION > [CHAR] TotalAV: 500.876 | TurnAV: 0.000 | Saber | E-move
Saber used 31 Core Resonance for Skill
    TURN   - SaberSkill | Saber | DPS | BLAST attack | ['WIN'] | ['SKL'] | Scaling: ATK | TargetID: 1 | DMG/BREAK Splits: [5.840000000000001, 5.090000000000001]/[20, 10] | Energy Gained: 30 | SP Change: -1

        ----------Char Buffs----------
        ThanklessCoronationCD | CR% | Stacks: 1 | Value: 0.360 | Remaining Turns: 1 | TickDown: DPS, PERM | Target: DPS | Affects: ['ALL']
        ScholarCR | CR% | Stacks: 1 | Value: 0.080 | Remaining Turns: 1 | TickDown: DPS, PERM | Target: DPS | Affects: ['ALL']
        ScholarDMG | DMG% | Stacks: 1 | Value: 0.200 | Remaining Turns: 1 | TickDown: DPS, PERM | Target: DPS | Affects: ['SKL', 'ULT']
        SaberTraceHP | HP% | Stacks: 1 | Value: 0.100 | Remaining Turns: 1 | TickDown: DPS, PERM | Target: DPS | Affects: ['ALL']
        SaberTraceCR | CR% | Stacks: 1 | Value: 0.120 | Remaining Turns: 1 | TickDown: DPS, PERM | Target: DPS | Affects: ['ALL']
        SaberTraceDMG | DMG% | Stacks: 1 | Value: 0.224 | Remaining Turns: 1 | TickDown: DPS, PERM | Target: DPS | Affects: ['ALL']
        SaberTrace1CR | CR% | Stacks: 1 | Value: 0.200 | Remaining Turns: 1 | TickDown: DPS, PERM | Target: DPS | Affects: ['ALL']
        GilgameshTrace3ATK | ATK% | Stacks: 1 | Value: 0.200 | Remaining Turns: 1 | TickDown: DPS, PERM | Target: DPS | Affects: ['ALL']
        GilgameshTrace3CD | CD% | Stacks: 1 | Value: 0.200 | Remaining Turns: 1 | TickDown: DPS, PERM | Target: DPS | Affects: ['ALL']
        LushakaATK(SUP2) | ATK% | Stacks: 1 | Value: 0.120 | Remaining Turns: 1 | TickDown: DPS, PERM | Target: DPS | Affects: ['ALL']
        KeelCD(SUS) | CD% | Stacks: 1 | Value: 0.100 | Remaining Turns: 1 | TickDown: DPS, PERM | Target: DPS | Affects: ['ALL']
        CosmicLifeDMG | DMG% | Stacks: 1 | Value: 0.320 | Remaining Turns: 1 | TickDown: DPS, PERM | Target: DPS | Affects: ['ALL']
        Trace3CDExtra | CD% | Stacks: 1 | Value: 0.320 | Remaining Turns: 1 | TickDown: DPS, PERM | Target: DPS | Affects: ['ALL']
        GilgameshTrace3AllyATK | ATK% | Stacks: 1 | Value: 1.000 | Remaining Turns: 1 | TickDown: DPS, PERM | Target: DPS | Affects: ['ALL']
        GilgameshTrace3AllyCD | CD% | Stacks: 1 | Value: 1.000 | Remaining Turns: 1 | TickDown: DPS, PERM | Target: DPS | Affects: ['ALL']
        WeltAllyWeightlessDMG | DMG% | Stacks: 10 | Value: 1.000 | Remaining Turns: 1 | TickDown: DPS, END | Target: DPS | Affects: ['ALL']
        WarriorGoddessHealCD | CD% | Stacks: 1 | Value: 0.150 | Remaining Turns: 1 | TickDown: DPS, START | Target: DPS | Affects: ['ALL']
        TalentDMG | DMG% | Stacks: 1 | Value: 0.600 | Remaining Turns: 2 | TickDown: DPS, END | Target: DPS | Affects: ['ALL']
        Trace3CD | CD% | Stacks: 1 | Value: 0.500 | Remaining Turns: 2 | TickDown: DPS, END | Target: DPS | Affects: ['ALL']
        HuoHuoUltATK | ATK% | Stacks: 1 | Value: 0.400 | Remaining Turns: 2 | TickDown: DPS, END | Target: DPS | Affects: ['ALL']
        HuoHuoUltExtraATK | ATK% | Stacks: 1 | Value: 0.240 | Remaining Turns: 2 | TickDown: DPS, END | Target: DPS | Affects: ['ALL']
        SkillEnergy | ERR_F | Stacks: 1 | Value: 248.000 | Remaining Turns: 1 | TickDown: DPS, START | Target: DPS | Affects: ['ALL']
        ----------End of Buff List----------
        ----------Enemy Debuffs----------
        WeltSpdDebuff | From: SUP2 | SPD% | Stacks: 1 | Value: -0.100 | Remaining Turns: 1 | Target: 1 | Targeting: ST | Affects: ['ALL'] | DOT: False | Blast: False
        WeltWeightlessSPD | From: SUP2 | SPD% | Stacks: 1 | Value: -0.050 | Remaining Turns: 1 | Target: 1 | Targeting: ST | Affects: ['ALL'] | DOT: False | Blast: False
        WeltWeightlessShred | From: SUP2 | SHRED | Stacks: 1 | Value: 0.400 | Remaining Turns: 1 | Target: 1 | Targeting: ST | Affects: ['ALL'] | DOT: False | Blast: False
        ----------End of Debuff List----------
        ----------Healing List----------
        ----------End of Healing List----------
        ----------Shields List----------
        ----------End of Shields List----------
    GAUGE  - Enemy 1 toughness reduced by 20.000
    GAUGE  - Enemy 0 toughness reduced by 10.000
    GAUGE  - Enemy 2 toughness reduced by 10.000
    RESULT - SaberSkill | Saber | DPS | DMG: 734923.874 | ELADMG: 0.000 | Enemies Hit: [1, 0, 2] | Enemies Broken: [1, 0, 2] | WB DMG: 41944.548 | Energy: 30.000 | Amount HP Healed: 0.000 | Amount HP Lost: 0.000 | Saber Energy: 239/360 | SP: 0 | MaxSP: 5)
Gilgamesh Obtained 1 Interest from Teammate, Current count: 6
Gilgamesh JointCounter increased by one, current count: 7
[WeltAllyBuff] allyTurn() invoked for attacker=Role.DPS, move=SaberSkill
[WeltAllyBuff] allyTurn check: attacker=Role.DPS, turnName=SaberSkill, dmg=734923.8738959809, elationDmg=0, enemiesHit=[1, 0, 2], weightlessTurns={0: 2, 1: 1, 2: 2}
[WeltAllyBuff] TRIGGERED - granting WeltAllyWeightlessDMG
    TURN   - HuoHuoAllyERR | HuoHuo | SUS | NA attack | ['WIN'] | ['SPECIAL'] | Scaling: HP | TargetID: 1 | DMG/BREAK Splits: [0, 0]/[0, 0] | Energy Gained: 1 | SP Change: 0

        ----------Char Buffs----------
        GilgameshTrace3ATK | ATK% | Stacks: 1 | Value: 0.200 | Remaining Turns: 1 | TickDown: SUS, PERM | Target: SUS | Affects: ['ALL']
        GilgameshTrace3CD | CD% | Stacks: 1 | Value: 0.200 | Remaining Turns: 1 | TickDown: SUS, PERM | Target: SUS | Affects: ['ALL']
        PostOpERR | ERR% | Stacks: 1 | Value: 0.160 | Remaining Turns: 1 | TickDown: SUS, PERM | Target: SUS | Affects: ['ALL']
        WarriorGoddessSPD | SPD% | Stacks: 1 | Value: 0.060 | Remaining Turns: 1 | TickDown: SUS, PERM | Target: SUS | Affects: ['ALL']
        KeelEFFRES | ERS% | Stacks: 1 | Value: 0.100 | Remaining Turns: 1 | TickDown: SUS, PERM | Target: SUS | Affects: ['ALL']
        KeelCD(SUS) | CD% | Stacks: 1 | Value: 0.100 | Remaining Turns: 1 | TickDown: SUS, PERM | Target: SUS | Affects: ['ALL']
        HHTraceHP | HP% | Stacks: 1 | Value: 0.280 | Remaining Turns: 1 | TickDown: SUS, PERM | Target: SUS | Affects: ['ALL']
        HHTraceERS | ERS% | Stacks: 1 | Value: 0.180 | Remaining Turns: 1 | TickDown: SUS, PERM | Target: SUS | Affects: ['ALL']
        HHTraceSPD | SPD | Stacks: 1 | Value: 5.000 | Remaining Turns: 1 | TickDown: SUS, PERM | Target: SUS | Affects: ['ALL']
        WarriorGoddessHealSPD | SPD% | Stacks: 1 | Value: 0.060 | Remaining Turns: 2 | TickDown: SUS, START | Target: SUS | Affects: ['ALL']
        WarriorGoddessHealCD | CD% | Stacks: 1 | Value: 0.150 | Remaining Turns: 2 | TickDown: SUS, START | Target: SUS | Affects: ['ALL']
        ----------End of Buff List----------
        ----------Enemy Debuffs----------
        WeltSpdDebuff | From: SUP2 | SPD% | Stacks: 1 | Value: -0.100 | Remaining Turns: 1 | Target: 1 | Targeting: ST | Affects: ['ALL'] | DOT: False | Blast: False
        WeltWeightlessSPD | From: SUP2 | SPD% | Stacks: 1 | Value: -0.050 | Remaining Turns: 1 | Target: 1 | Targeting: ST | Affects: ['ALL'] | DOT: False | Blast: False
        WeltWeightlessShred | From: SUP2 | SHRED | Stacks: 1 | Value: 0.400 | Remaining Turns: 1 | Target: 1 | Targeting: ST | Affects: ['ALL'] | DOT: False | Blast: False
        Enemy 1 WIN-break | From: DPS | WINDSHEAR | Stacks: 1 | Value: 12621.002 | Remaining Turns: 2 | Target: 1 | Targeting: ST | Affects: ['ALL'] | DOT: True | Blast: False
        ----------End of Debuff List----------
        ----------Healing List----------
        HuoHuoTalentHealingScaling | Targeting: Targeting.SINGLE | Healing Value: [0] | Target: ALL
        HuoHuoTalentHealingScaling | Targeting: Targeting.SINGLE | Healing Value: [0.045] | Target: ALL
        HuoHuoTalentHealingScaling | Targeting: Targeting.SINGLE | Healing Value: [0] | Target: ALL
        HuoHuoTalentHealingScaling | Targeting: Targeting.SINGLE | Healing Value: [0] | Target: ALL
        HuoHuoTalentHealingFlat | Targeting: Targeting.SINGLE | Healing Value: [0] | Target: ALL
        HuoHuoTalentHealingFlat | Targeting: Targeting.SINGLE | Healing Value: [120] | Target: ALL
        HuoHuoTalentHealingFlat | Targeting: Targeting.SINGLE | Healing Value: [0] | Target: ALL
        HuoHuoTalentHealingFlat | Targeting: Targeting.SINGLE | Healing Value: [0] | Target: ALL
        ----------End of Healing List----------
        ----------Shields List----------
        ----------End of Shields List----------
    GAUGE  - Enemy 1 toughness reduced by 0.000
    RESULT - HuoHuoAllyERR | HuoHuo | SUS | DMG: 0.000 | ELADMG: 0.000 | Enemies Hit: [1] | Enemies Broken: [] | WB DMG: 0.000 | Energy: 1.354 | Amount HP Healed: 371.779 | Amount HP Lost: 0.000 | HuoHuo Energy: 8/140 | SP: 0 | MaxSP: 5)
[WeltAllyBuff] allyTurn() invoked for attacker=Role.SUS, move=HuoHuoAllyERR
[WeltAllyBuff] allyTurn check: attacker=Role.SUS, turnName=HuoHuoAllyERR, dmg=0.0, elationDmg=0, enemiesHit=[1], weightlessTurns={0: 2, 1: 1, 2: 2}
[WeltAllyBuff] skipped: no damage on this turn
ERR    > 248.000 energy added to Saber from SkillEnergy | Saber Energy: 360.000
ULT    > Saber used their ultimate
Saber got 3 Core Resonance from Talent, Current Count: 3
Saber transferred 120.0 overflow energy on Ult entry
    TURN   - SaberUltBig | Saber | DPS | AOE attack | ['WIN'] | ['ULT'] | Scaling: ATK | TargetID: 1 | DMG/BREAK Splits: [2.8, 0]/[40, 0] | Energy Gained: 0 | SP Change: 0

        ----------Char Buffs----------
        ThanklessCoronationCD | CR% | Stacks: 1 | Value: 0.360 | Remaining Turns: 1 | TickDown: DPS, PERM | Target: DPS | Affects: ['ALL']
        ScholarCR | CR% | Stacks: 1 | Value: 0.080 | Remaining Turns: 1 | TickDown: DPS, PERM | Target: DPS | Affects: ['ALL']
        ScholarDMG | DMG% | Stacks: 1 | Value: 0.200 | Remaining Turns: 1 | TickDown: DPS, PERM | Target: DPS | Affects: ['SKL', 'ULT']
        SaberTraceHP | HP% | Stacks: 1 | Value: 0.100 | Remaining Turns: 1 | TickDown: DPS, PERM | Target: DPS | Affects: ['ALL']
        SaberTraceCR | CR% | Stacks: 1 | Value: 0.120 | Remaining Turns: 1 | TickDown: DPS, PERM | Target: DPS | Affects: ['ALL']
        SaberTraceDMG | DMG% | Stacks: 1 | Value: 0.224 | Remaining Turns: 1 | TickDown: DPS, PERM | Target: DPS | Affects: ['ALL']
        SaberTrace1CR | CR% | Stacks: 1 | Value: 0.200 | Remaining Turns: 1 | TickDown: DPS, PERM | Target: DPS | Affects: ['ALL']
        GilgameshTrace3ATK | ATK% | Stacks: 1 | Value: 0.200 | Remaining Turns: 1 | TickDown: DPS, PERM | Target: DPS | Affects: ['ALL']
        GilgameshTrace3CD | CD% | Stacks: 1 | Value: 0.200 | Remaining Turns: 1 | TickDown: DPS, PERM | Target: DPS | Affects: ['ALL']
        LushakaATK(SUP2) | ATK% | Stacks: 1 | Value: 0.120 | Remaining Turns: 1 | TickDown: DPS, PERM | Target: DPS | Affects: ['ALL']
        KeelCD(SUS) | CD% | Stacks: 1 | Value: 0.100 | Remaining Turns: 1 | TickDown: DPS, PERM | Target: DPS | Affects: ['ALL']
        CosmicLifeDMG | DMG% | Stacks: 1 | Value: 0.320 | Remaining Turns: 1 | TickDown: DPS, PERM | Target: DPS | Affects: ['ALL']
        Trace3CDExtra | CD% | Stacks: 1 | Value: 0.320 | Remaining Turns: 1 | TickDown: DPS, PERM | Target: DPS | Affects: ['ALL']
        GilgameshTrace3AllyATK | ATK% | Stacks: 1 | Value: 1.000 | Remaining Turns: 1 | TickDown: DPS, PERM | Target: DPS | Affects: ['ALL']
        GilgameshTrace3AllyCD | CD% | Stacks: 1 | Value: 1.000 | Remaining Turns: 1 | TickDown: DPS, PERM | Target: DPS | Affects: ['ALL']
        WeltAllyWeightlessDMG | DMG% | Stacks: 10 | Value: 1.000 | Remaining Turns: 2 | TickDown: DPS, END | Target: DPS | Affects: ['ALL']
        WarriorGoddessHealCD | CD% | Stacks: 1 | Value: 0.150 | Remaining Turns: 2 | TickDown: DPS, START | Target: DPS | Affects: ['ALL']
        TalentDMG | DMG% | Stacks: 1 | Value: 0.600 | Remaining Turns: 2 | TickDown: DPS, END | Target: DPS | Affects: ['ALL']
        Trace3CD | CD% | Stacks: 1 | Value: 0.500 | Remaining Turns: 2 | TickDown: DPS, END | Target: DPS | Affects: ['ALL']
        HuoHuoUltATK | ATK% | Stacks: 1 | Value: 0.400 | Remaining Turns: 2 | TickDown: DPS, END | Target: DPS | Affects: ['ALL']
        HuoHuoUltExtraATK | ATK% | Stacks: 1 | Value: 0.240 | Remaining Turns: 2 | TickDown: DPS, END | Target: DPS | Affects: ['ALL']
        ThanklessCoronationATK | ATK% | Stacks: 1 | Value: 0.400 | Remaining Turns: 2 | TickDown: DPS, END | Target: DPS | Affects: ['ALL']
        ThanklessCoronationERR | ERR_F | Stacks: 1 | Value: 36.000 | Remaining Turns: 1 | TickDown: DPS, START | Target: DPS | Affects: ['ALL']
        ThanklessCoronationATKExtra | ATK% | Stacks: 1 | Value: 0.400 | Remaining Turns: 2 | TickDown: DPS, END | Target: DPS | Affects: ['ALL']
        ----------End of Buff List----------
        ----------Enemy Debuffs----------
        WeltSpdDebuff | From: SUP2 | SPD% | Stacks: 1 | Value: -0.100 | Remaining Turns: 1 | Target: 1 | Targeting: ST | Affects: ['ALL'] | DOT: False | Blast: False
        WeltWeightlessSPD | From: SUP2 | SPD% | Stacks: 1 | Value: -0.050 | Remaining Turns: 1 | Target: 1 | Targeting: ST | Affects: ['ALL'] | DOT: False | Blast: False
        WeltWeightlessShred | From: SUP2 | SHRED | Stacks: 1 | Value: 0.400 | Remaining Turns: 1 | Target: 1 | Targeting: ST | Affects: ['ALL'] | DOT: False | Blast: False
        Enemy 1 WIN-break | From: DPS | WINDSHEAR | Stacks: 1 | Value: 12621.002 | Remaining Turns: 2 | Target: 1 | Targeting: ST | Affects: ['ALL'] | DOT: True | Blast: False
        ----------End of Debuff List----------
        ----------Healing List----------
        ----------End of Healing List----------
        ----------Shields List----------
        ----------End of Shields List----------
    GAUGE  - Enemy 0 toughness reduced by 40.000
    GAUGE  - Enemy 1 toughness reduced by 40.000
    GAUGE  - Enemy 2 toughness reduced by 40.000
    RESULT - SaberUltBig | Saber | DPS | DMG: 515744.894 | ELADMG: 0.000 | Enemies Hit: [0, 1, 2] | Enemies Broken: [] | WB DMG: 0.000 | Energy: 0.000 | Amount HP Healed: 0.000 | Amount HP Lost: 0.000 | Saber Energy: 120/360 | SP: 0 | MaxSP: 5)
Gilgamesh Obtained 2 Interest from Teammate Ult, Current count: 8
Gilgamesh Obtained 108.0 Energy from Teammate
Gilgamesh Obtained 1 Interest from Teammate, Current count: 9
Gilgamesh JointCounter increased by one, current count: 8
Gilgamesh Obtained 3 Interest from Joint Attack, Current count: 12
[WeltAllyBuff] allyTurn() invoked for attacker=Role.DPS, move=SaberUltBig
[WeltAllyBuff] allyTurn check: attacker=Role.DPS, turnName=SaberUltBig, dmg=515744.89428664313, elationDmg=0, enemiesHit=[0, 1, 2], weightlessTurns={0: 2, 1: 1, 2: 2}
[WeltAllyBuff] TRIGGERED - granting WeltAllyWeightlessDMG
    TURN   - SaberUltSmall | Saber | DPS | ST attack | ['WIN'] | ['ULT'] | Scaling: ATK | TargetID: 1 | DMG/BREAK Splits: [11.0, 0]/[20, 0] | Energy Gained: 5 | SP Change: 0

        ----------Char Buffs----------
        ThanklessCoronationCD | CR% | Stacks: 1 | Value: 0.360 | Remaining Turns: 1 | TickDown: DPS, PERM | Target: DPS | Affects: ['ALL']
        ScholarCR | CR% | Stacks: 1 | Value: 0.080 | Remaining Turns: 1 | TickDown: DPS, PERM | Target: DPS | Affects: ['ALL']
        ScholarDMG | DMG% | Stacks: 1 | Value: 0.200 | Remaining Turns: 1 | TickDown: DPS, PERM | Target: DPS | Affects: ['SKL', 'ULT']
        SaberTraceHP | HP% | Stacks: 1 | Value: 0.100 | Remaining Turns: 1 | TickDown: DPS, PERM | Target: DPS | Affects: ['ALL']
        SaberTraceCR | CR% | Stacks: 1 | Value: 0.120 | Remaining Turns: 1 | TickDown: DPS, PERM | Target: DPS | Affects: ['ALL']
        SaberTraceDMG | DMG% | Stacks: 1 | Value: 0.224 | Remaining Turns: 1 | TickDown: DPS, PERM | Target: DPS | Affects: ['ALL']
        SaberTrace1CR | CR% | Stacks: 1 | Value: 0.200 | Remaining Turns: 1 | TickDown: DPS, PERM | Target: DPS | Affects: ['ALL']
        GilgameshTrace3ATK | ATK% | Stacks: 1 | Value: 0.200 | Remaining Turns: 1 | TickDown: DPS, PERM | Target: DPS | Affects: ['ALL']
        GilgameshTrace3CD | CD% | Stacks: 1 | Value: 0.200 | Remaining Turns: 1 | TickDown: DPS, PERM | Target: DPS | Affects: ['ALL']
        LushakaATK(SUP2) | ATK% | Stacks: 1 | Value: 0.120 | Remaining Turns: 1 | TickDown: DPS, PERM | Target: DPS | Affects: ['ALL']
        KeelCD(SUS) | CD% | Stacks: 1 | Value: 0.100 | Remaining Turns: 1 | TickDown: DPS, PERM | Target: DPS | Affects: ['ALL']
        CosmicLifeDMG | DMG% | Stacks: 1 | Value: 0.320 | Remaining Turns: 1 | TickDown: DPS, PERM | Target: DPS | Affects: ['ALL']
        Trace3CDExtra | CD% | Stacks: 1 | Value: 0.320 | Remaining Turns: 1 | TickDown: DPS, PERM | Target: DPS | Affects: ['ALL']
        GilgameshTrace3AllyATK | ATK% | Stacks: 1 | Value: 1.000 | Remaining Turns: 1 | TickDown: DPS, PERM | Target: DPS | Affects: ['ALL']
        GilgameshTrace3AllyCD | CD% | Stacks: 1 | Value: 1.000 | Remaining Turns: 1 | TickDown: DPS, PERM | Target: DPS | Affects: ['ALL']
        WeltAllyWeightlessDMG | DMG% | Stacks: 10 | Value: 1.000 | Remaining Turns: 2 | TickDown: DPS, END | Target: DPS | Affects: ['ALL']
        WarriorGoddessHealCD | CD% | Stacks: 1 | Value: 0.150 | Remaining Turns: 2 | TickDown: DPS, START | Target: DPS | Affects: ['ALL']
        TalentDMG | DMG% | Stacks: 1 | Value: 0.600 | Remaining Turns: 2 | TickDown: DPS, END | Target: DPS | Affects: ['ALL']
        Trace3CD | CD% | Stacks: 1 | Value: 0.500 | Remaining Turns: 2 | TickDown: DPS, END | Target: DPS | Affects: ['ALL']
        HuoHuoUltATK | ATK% | Stacks: 1 | Value: 0.400 | Remaining Turns: 2 | TickDown: DPS, END | Target: DPS | Affects: ['ALL']
        HuoHuoUltExtraATK | ATK% | Stacks: 1 | Value: 0.240 | Remaining Turns: 2 | TickDown: DPS, END | Target: DPS | Affects: ['ALL']
        ThanklessCoronationATK | ATK% | Stacks: 1 | Value: 0.400 | Remaining Turns: 2 | TickDown: DPS, END | Target: DPS | Affects: ['ALL']
        ThanklessCoronationERR | ERR_F | Stacks: 1 | Value: 36.000 | Remaining Turns: 1 | TickDown: DPS, START | Target: DPS | Affects: ['ALL']
        ThanklessCoronationATKExtra | ATK% | Stacks: 1 | Value: 0.400 | Remaining Turns: 2 | TickDown: DPS, END | Target: DPS | Affects: ['ALL']
        ----------End of Buff List----------
        ----------Enemy Debuffs----------
        WeltSpdDebuff | From: SUP2 | SPD% | Stacks: 1 | Value: -0.100 | Remaining Turns: 1 | Target: 1 | Targeting: ST | Affects: ['ALL'] | DOT: False | Blast: False
        WeltWeightlessSPD | From: SUP2 | SPD% | Stacks: 1 | Value: -0.050 | Remaining Turns: 1 | Target: 1 | Targeting: ST | Affects: ['ALL'] | DOT: False | Blast: False
        WeltWeightlessShred | From: SUP2 | SHRED | Stacks: 1 | Value: 0.400 | Remaining Turns: 1 | Target: 1 | Targeting: ST | Affects: ['ALL'] | DOT: False | Blast: False
        Enemy 1 WIN-break | From: DPS | WINDSHEAR | Stacks: 1 | Value: 12621.002 | Remaining Turns: 2 | Target: 1 | Targeting: ST | Affects: ['ALL'] | DOT: True | Blast: False
        ----------End of Debuff List----------
        ----------Healing List----------
        HuoHuoTalentHealingScaling | Targeting: Targeting.SINGLE | Healing Value: [0] | Target: ALL
        HuoHuoTalentHealingScaling | Targeting: Targeting.SINGLE | Healing Value: [0] | Target: ALL
        HuoHuoTalentHealingScaling | Targeting: Targeting.SINGLE | Healing Value: [0.045] | Target: ALL
        HuoHuoTalentHealingScaling | Targeting: Targeting.SINGLE | Healing Value: [0] | Target: ALL
        HuoHuoTalentHealingFlat | Targeting: Targeting.SINGLE | Healing Value: [0] | Target: ALL
        HuoHuoTalentHealingFlat | Targeting: Targeting.SINGLE | Healing Value: [0] | Target: ALL
        HuoHuoTalentHealingFlat | Targeting: Targeting.SINGLE | Healing Value: [120] | Target: ALL
        HuoHuoTalentHealingFlat | Targeting: Targeting.SINGLE | Healing Value: [0] | Target: ALL
        ----------End of Healing List----------
        ----------Shields List----------
        ----------End of Shields List----------
    GAUGE  - Enemy 1 toughness reduced by 20.000
    RESULT - SaberUltSmall | Saber | DPS | DMG: 624512.449 | ELADMG: 0.000 | Enemies Hit: [1] | Enemies Broken: [] | WB DMG: 0.000 | Energy: 5.000 | Amount HP Healed: 438.089 | Amount HP Lost: 0.000 | Saber Energy: 125/360 | SP: 0 | MaxSP: 5)
[WeltAllyBuff] allyTurn() invoked for attacker=Role.DPS, move=SaberUltSmall
[WeltAllyBuff] allyTurn check: attacker=Role.DPS, turnName=SaberUltSmall, dmg=624512.449473169, elationDmg=0, enemiesHit=[1], weightlessTurns={0: 2, 1: 1, 2: 2}
[WeltAllyBuff] TRIGGERED - granting WeltAllyWeightlessDMG
    TURN   - GilgameshJointAttack | Gilgamesh | SUP1 | AOE attack | ['LNG'] | ['FUA'] | Scaling: ATK | TargetID: 1 | DMG/BREAK Splits: [4.0, 0]/[20, 0] | Energy Gained: 10 | SP Change: 0

        ----------Char Buffs----------
        ScholarCR | CR% | Stacks: 1 | Value: 0.080 | Remaining Turns: 1 | TickDown: SUP1, PERM | Target: SUP1 | Affects: ['ALL']
        GilgameshTraceATK | ATK | Stacks: 1 | Value: 0.180 | Remaining Turns: 1 | TickDown: SUP1, PERM | Target: SUP1 | Affects: ['ALL']
        GilgameshTraceCR | CR% | Stacks: 1 | Value: 0.187 | Remaining Turns: 1 | TickDown: SUP1, PERM | Target: SUP1 | Affects: ['ALL']
        GilgameshTraceDMG | DMG% | Stacks: 1 | Value: 0.080 | Remaining Turns: 1 | TickDown: SUP1, PERM | Target: SUP1 | Affects: ['ALL']
        GilgameshTrace3ATK | ATK% | Stacks: 1 | Value: 0.200 | Remaining Turns: 1 | TickDown: SUP1, PERM | Target: SUP1 | Affects: ['ALL']
        GilgameshTrace3CD | CD% | Stacks: 1 | Value: 0.200 | Remaining Turns: 1 | TickDown: SUP1, PERM | Target: SUP1 | Affects: ['ALL']
        GilgameshTrace3SelfATK | ATK% | Stacks: 1 | Value: 1.000 | Remaining Turns: 1 | TickDown: SUP1, PERM | Target: SUP1 | Affects: ['ALL']
        GilgameshTrace3SelfCD | CD% | Stacks: 1 | Value: 1.000 | Remaining Turns: 1 | TickDown: SUP1, PERM | Target: SUP1 | Affects: ['ALL']
        KeelCD(SUS) | CD% | Stacks: 1 | Value: 0.100 | Remaining Turns: 1 | TickDown: SUP1, PERM | Target: SUP1 | Affects: ['ALL']
        CosmicLifeDMG | DMG% | Stacks: 1 | Value: 0.320 | Remaining Turns: 1 | TickDown: SUP1, PERM | Target: SUP1 | Affects: ['ALL']
        Trace2CDExtra | CD% | Stacks: 1 | Value: 1.500 | Remaining Turns: 1 | TickDown: SUP1, PERM | Target: SUP1 | Affects: ['ALL']
        GilgameshInterestSPD | SPD% | Stacks: 1 | Value: 1.200 | Remaining Turns: 1 | TickDown: SUP2, PERM | Target: SUP1 | Affects: ['ALL']
        AeonATK | ATK% | Stacks: 1 | Value: 0.640 | Remaining Turns: 1 | TickDown: SUP1, PERM | Target: SUP1 | Affects: ['ALL']
        WeltAllyWeightlessDMG | DMG% | Stacks: 10 | Value: 1.000 | Remaining Turns: 1 | TickDown: SUP1, END | Target: SUP1 | Affects: ['ALL']
        GilgameshSKLShred | SHRED | Stacks: 1 | Value: 0.300 | Remaining Turns: 2 | TickDown: SUP1, END | Target: SUP1 | Affects: ['ALL']
        WarriorGoddessHealCD | CD% | Stacks: 1 | Value: 0.150 | Remaining Turns: 2 | TickDown: SUP1, START | Target: SUP1 | Affects: ['ALL']
        HuoHuoUltATK | ATK% | Stacks: 1 | Value: 0.400 | Remaining Turns: 2 | TickDown: SUP1, END | Target: SUP1 | Affects: ['ALL']
        HuoHuoUltExtraATK | ATK% | Stacks: 1 | Value: 0.240 | Remaining Turns: 2 | TickDown: SUP1, END | Target: SUP1 | Affects: ['ALL']
        GilgameshTrace1ERRAlly1 | ERR_F | Stacks: 1 | Value: 108.000 | Remaining Turns: 1 | TickDown: SUP1, END | Target: SUP1 | Affects: ['ALL']
        ----------End of Buff List----------
        ----------Enemy Debuffs----------
        WeltSpdDebuff | From: SUP2 | SPD% | Stacks: 1 | Value: -0.100 | Remaining Turns: 1 | Target: 1 | Targeting: ST | Affects: ['ALL'] | DOT: False | Blast: False
        WeltWeightlessSPD | From: SUP2 | SPD% | Stacks: 1 | Value: -0.050 | Remaining Turns: 1 | Target: 1 | Targeting: ST | Affects: ['ALL'] | DOT: False | Blast: False
        WeltWeightlessShred | From: SUP2 | SHRED | Stacks: 1 | Value: 0.400 | Remaining Turns: 1 | Target: 1 | Targeting: ST | Affects: ['ALL'] | DOT: False | Blast: False
        Enemy 1 WIN-break | From: DPS | WINDSHEAR | Stacks: 1 | Value: 12621.002 | Remaining Turns: 2 | Target: 1 | Targeting: ST | Affects: ['ALL'] | DOT: True | Blast: False
        ----------End of Debuff List----------
        ----------Healing List----------
        ----------End of Healing List----------
        ----------Shields List----------
        ----------End of Shields List----------
    GAUGE  - Enemy 0 toughness reduced by 0.000
    GAUGE  - Enemy 1 toughness reduced by 0.000
    GAUGE  - Enemy 2 toughness reduced by 0.000
    RESULT - GilgameshJointAttack | Gilgamesh | SUP1 | DMG: 581429.767 | ELADMG: 0.000 | Enemies Hit: [0, 1, 2] | Enemies Broken: [] | WB DMG: 0.000 | Energy: 10.000 | Amount HP Healed: 0.000 | Amount HP Lost: 0.000 | Gilgamesh Energy: 136/360 | SP: 0 | MaxSP: 5)
[WeltAllyBuff] allyTurn() invoked for attacker=Role.SUP1, move=GilgameshJointAttack
[WeltAllyBuff] allyTurn check: attacker=Role.SUP1, turnName=GilgameshJointAttack, dmg=581429.7673550161, elationDmg=0, enemiesHit=[0, 1, 2], weightlessTurns={0: 2, 1: 1, 2: 2}
[WeltAllyBuff] TRIGGERED - granting WeltAllyWeightlessDMG
    TURN   - HuoHuoAllyERR | HuoHuo | SUS | NA attack | ['WIN'] | ['SPECIAL'] | Scaling: HP | TargetID: 1 | DMG/BREAK Splits: [0, 0]/[0, 0] | Energy Gained: 1 | SP Change: 0

        ----------Char Buffs----------
        GilgameshTrace3ATK | ATK% | Stacks: 1 | Value: 0.200 | Remaining Turns: 1 | TickDown: SUS, PERM | Target: SUS | Affects: ['ALL']
        GilgameshTrace3CD | CD% | Stacks: 1 | Value: 0.200 | Remaining Turns: 1 | TickDown: SUS, PERM | Target: SUS | Affects: ['ALL']
        PostOpERR | ERR% | Stacks: 1 | Value: 0.160 | Remaining Turns: 1 | TickDown: SUS, PERM | Target: SUS | Affects: ['ALL']
        WarriorGoddessSPD | SPD% | Stacks: 1 | Value: 0.060 | Remaining Turns: 1 | TickDown: SUS, PERM | Target: SUS | Affects: ['ALL']
        KeelEFFRES | ERS% | Stacks: 1 | Value: 0.100 | Remaining Turns: 1 | TickDown: SUS, PERM | Target: SUS | Affects: ['ALL']
        KeelCD(SUS) | CD% | Stacks: 1 | Value: 0.100 | Remaining Turns: 1 | TickDown: SUS, PERM | Target: SUS | Affects: ['ALL']
        HHTraceHP | HP% | Stacks: 1 | Value: 0.280 | Remaining Turns: 1 | TickDown: SUS, PERM | Target: SUS | Affects: ['ALL']
        HHTraceERS | ERS% | Stacks: 1 | Value: 0.180 | Remaining Turns: 1 | TickDown: SUS, PERM | Target: SUS | Affects: ['ALL']
        HHTraceSPD | SPD | Stacks: 1 | Value: 5.000 | Remaining Turns: 1 | TickDown: SUS, PERM | Target: SUS | Affects: ['ALL']
        WarriorGoddessHealSPD | SPD% | Stacks: 1 | Value: 0.060 | Remaining Turns: 2 | TickDown: SUS, START | Target: SUS | Affects: ['ALL']
        WarriorGoddessHealCD | CD% | Stacks: 1 | Value: 0.150 | Remaining Turns: 2 | TickDown: SUS, START | Target: SUS | Affects: ['ALL']
        ----------End of Buff List----------
        ----------Enemy Debuffs----------
        WeltSpdDebuff | From: SUP2 | SPD% | Stacks: 1 | Value: -0.100 | Remaining Turns: 1 | Target: 1 | Targeting: ST | Affects: ['ALL'] | DOT: False | Blast: False
        WeltWeightlessSPD | From: SUP2 | SPD% | Stacks: 1 | Value: -0.050 | Remaining Turns: 1 | Target: 1 | Targeting: ST | Affects: ['ALL'] | DOT: False | Blast: False
        WeltWeightlessShred | From: SUP2 | SHRED | Stacks: 1 | Value: 0.400 | Remaining Turns: 1 | Target: 1 | Targeting: ST | Affects: ['ALL'] | DOT: False | Blast: False
        Enemy 1 WIN-break | From: DPS | WINDSHEAR | Stacks: 1 | Value: 12621.002 | Remaining Turns: 2 | Target: 1 | Targeting: ST | Affects: ['ALL'] | DOT: True | Blast: False
        ----------End of Debuff List----------
        ----------Healing List----------
        ----------End of Healing List----------
        ----------Shields List----------
        ----------End of Shields List----------
    GAUGE  - Enemy 1 toughness reduced by 0.000
    RESULT - HuoHuoAllyERR | HuoHuo | SUS | DMG: 0.000 | ELADMG: 0.000 | Enemies Hit: [1] | Enemies Broken: [] | WB DMG: 0.000 | Energy: 1.354 | Amount HP Healed: 0.000 | Amount HP Lost: 0.000 | HuoHuo Energy: 9/140 | SP: 0 | MaxSP: 5)
[WeltAllyBuff] allyTurn() invoked for attacker=Role.SUS, move=HuoHuoAllyERR
[WeltAllyBuff] allyTurn check: attacker=Role.SUS, turnName=HuoHuoAllyERR, dmg=0.0, elationDmg=0, enemiesHit=[1], weightlessTurns={0: 2, 1: 1, 2: 2}
[WeltAllyBuff] skipped: no damage on this turn
    TURN   - SaberJointAttack | Saber | DPS | AOE attack | ['WIN'] | ['FUA'] | Scaling: ATK | TargetID: 1 | DMG/BREAK Splits: [6.0, 0]/[0, 0] | Energy Gained: 120 | SP Change: 0

        ----------Char Buffs----------
        ThanklessCoronationCD | CR% | Stacks: 1 | Value: 0.360 | Remaining Turns: 1 | TickDown: DPS, PERM | Target: DPS | Affects: ['ALL']
        ScholarCR | CR% | Stacks: 1 | Value: 0.080 | Remaining Turns: 1 | TickDown: DPS, PERM | Target: DPS | Affects: ['ALL']
        SaberTraceHP | HP% | Stacks: 1 | Value: 0.100 | Remaining Turns: 1 | TickDown: DPS, PERM | Target: DPS | Affects: ['ALL']
        SaberTraceCR | CR% | Stacks: 1 | Value: 0.120 | Remaining Turns: 1 | TickDown: DPS, PERM | Target: DPS | Affects: ['ALL']
        SaberTraceDMG | DMG% | Stacks: 1 | Value: 0.224 | Remaining Turns: 1 | TickDown: DPS, PERM | Target: DPS | Affects: ['ALL']
        SaberTrace1CR | CR% | Stacks: 1 | Value: 0.200 | Remaining Turns: 1 | TickDown: DPS, PERM | Target: DPS | Affects: ['ALL']
        GilgameshTrace3ATK | ATK% | Stacks: 1 | Value: 0.200 | Remaining Turns: 1 | TickDown: DPS, PERM | Target: DPS | Affects: ['ALL']
        GilgameshTrace3CD | CD% | Stacks: 1 | Value: 0.200 | Remaining Turns: 1 | TickDown: DPS, PERM | Target: DPS | Affects: ['ALL']
        LushakaATK(SUP2) | ATK% | Stacks: 1 | Value: 0.120 | Remaining Turns: 1 | TickDown: DPS, PERM | Target: DPS | Affects: ['ALL']
        KeelCD(SUS) | CD% | Stacks: 1 | Value: 0.100 | Remaining Turns: 1 | TickDown: DPS, PERM | Target: DPS | Affects: ['ALL']
        CosmicLifeDMG | DMG% | Stacks: 1 | Value: 0.320 | Remaining Turns: 1 | TickDown: DPS, PERM | Target: DPS | Affects: ['ALL']
        Trace3CDExtra | CD% | Stacks: 1 | Value: 0.320 | Remaining Turns: 1 | TickDown: DPS, PERM | Target: DPS | Affects: ['ALL']
        GilgameshTrace3AllyATK | ATK% | Stacks: 1 | Value: 1.000 | Remaining Turns: 1 | TickDown: DPS, PERM | Target: DPS | Affects: ['ALL']
        GilgameshTrace3AllyCD | CD% | Stacks: 1 | Value: 1.000 | Remaining Turns: 1 | TickDown: DPS, PERM | Target: DPS | Affects: ['ALL']
        WeltAllyWeightlessDMG | DMG% | Stacks: 10 | Value: 1.000 | Remaining Turns: 2 | TickDown: DPS, END | Target: DPS | Affects: ['ALL']
        WarriorGoddessHealCD | CD% | Stacks: 1 | Value: 0.150 | Remaining Turns: 2 | TickDown: DPS, START | Target: DPS | Affects: ['ALL']
        TalentDMG | DMG% | Stacks: 1 | Value: 0.600 | Remaining Turns: 2 | TickDown: DPS, END | Target: DPS | Affects: ['ALL']
        Trace3CD | CD% | Stacks: 1 | Value: 0.500 | Remaining Turns: 2 | TickDown: DPS, END | Target: DPS | Affects: ['ALL']
        HuoHuoUltATK | ATK% | Stacks: 1 | Value: 0.400 | Remaining Turns: 2 | TickDown: DPS, END | Target: DPS | Affects: ['ALL']
        HuoHuoUltExtraATK | ATK% | Stacks: 1 | Value: 0.240 | Remaining Turns: 2 | TickDown: DPS, END | Target: DPS | Affects: ['ALL']
        ThanklessCoronationATK | ATK% | Stacks: 1 | Value: 0.400 | Remaining Turns: 2 | TickDown: DPS, END | Target: DPS | Affects: ['ALL']
        ThanklessCoronationERR | ERR_F | Stacks: 1 | Value: 36.000 | Remaining Turns: 1 | TickDown: DPS, START | Target: DPS | Affects: ['ALL']
        ThanklessCoronationATKExtra | ATK% | Stacks: 1 | Value: 0.400 | Remaining Turns: 2 | TickDown: DPS, END | Target: DPS | Affects: ['ALL']
        ----------End of Buff List----------
        ----------Enemy Debuffs----------
        WeltSpdDebuff | From: SUP2 | SPD% | Stacks: 1 | Value: -0.100 | Remaining Turns: 1 | Target: 1 | Targeting: ST | Affects: ['ALL'] | DOT: False | Blast: False
        WeltWeightlessSPD | From: SUP2 | SPD% | Stacks: 1 | Value: -0.050 | Remaining Turns: 1 | Target: 1 | Targeting: ST | Affects: ['ALL'] | DOT: False | Blast: False
        WeltWeightlessShred | From: SUP2 | SHRED | Stacks: 1 | Value: 0.400 | Remaining Turns: 1 | Target: 1 | Targeting: ST | Affects: ['ALL'] | DOT: False | Blast: False
        Enemy 1 WIN-break | From: DPS | WINDSHEAR | Stacks: 1 | Value: 12621.002 | Remaining Turns: 2 | Target: 1 | Targeting: ST | Affects: ['ALL'] | DOT: True | Blast: False
        ----------End of Debuff List----------
        ----------Healing List----------
        ----------End of Healing List----------
        ----------Shields List----------
        ----------End of Shields List----------
    GAUGE  - Enemy 0 toughness reduced by 0.000
    GAUGE  - Enemy 1 toughness reduced by 0.000
    GAUGE  - Enemy 2 toughness reduced by 0.000
    RESULT - SaberJointAttack | Saber | DPS | DMG: 1045953.810 | ELADMG: 0.000 | Enemies Hit: [0, 1, 2] | Enemies Broken: [] | WB DMG: 0.000 | Energy: 120.000 | Amount HP Healed: 0.000 | Amount HP Lost: 0.000 | Saber Energy: 245/360 | SP: 0 | MaxSP: 5)
Gilgamesh Obtained 1 Interest from Teammate, Current count: 13
[WeltAllyBuff] allyTurn() invoked for attacker=Role.DPS, move=SaberJointAttack
[WeltAllyBuff] allyTurn check: attacker=Role.DPS, turnName=SaberJointAttack, dmg=1045953.8102966761, elationDmg=0, enemiesHit=[0, 1, 2], weightlessTurns={0: 2, 1: 1, 2: 2}
[WeltAllyBuff] TRIGGERED - granting WeltAllyWeightlessDMG
ERR    > 36.000 energy added to Saber from ThanklessCoronationERR | Saber Energy: 281.000
ERR    > 108.000 energy added to Gilgamesh from GilgameshTrace1ERRAlly1 | Gilgamesh Energy: 243.667
SPD    > Gilgamesh speed changed to 264.232 | NewAV: 13.156
AV     > Saber AV reset to 76.551 | 130.632 SPD
DELAY  > Enemy 1 delayed by 25.0% from STDBreakDelay | NewAV: 68.621
DELAY  > Enemy 0 delayed by 25.0% from STDBreakDelay | NewAV: 37.460
DELAY  > Enemy 2 delayed by 25.0% from STDBreakDelay | NewAV: 37.302
DELAY  > Enemy 1 delayed by 4.0% from WeltWeightlessDelay | NewAV: 70.817
DELAY  > Enemy 0 delayed by 4.0% from WeltWeightlessDelay | NewAV: 39.922
DELAY  > Enemy 2 delayed by 4.0% from WeltWeightlessDelay | NewAV: 39.764
DELAY  > Enemy 0 delayed by 4.0% from WeltWeightlessDelay | NewAV: 42.383
DELAY  > Enemy 1 delayed by 4.0% from WeltWeightlessDelay | NewAV: 73.013
DELAY  > Enemy 2 delayed by 4.0% from WeltWeightlessDelay | NewAV: 42.225
DELAY  > Enemy 0 delayed by 4.0% from WeltWeightlessDelay | NewAV: 44.845
DELAY  > Enemy 1 delayed by 4.0% from WeltWeightlessDelay | NewAV: 75.209
DELAY  > Enemy 2 delayed by 4.0% from WeltWeightlessDelay | NewAV: 44.687
DELAY  > Enemy 0 delayed by 4.0% from WeltWeightlessDelay | NewAV: 47.306
DELAY  > Enemy 1 delayed by 4.0% from WeltWeightlessDelay | NewAV: 77.404
DELAY  > Enemy 2 delayed by 4.0% from WeltWeightlessDelay | NewAV: 47.148

<<< NEW TURN >>>
-   HuoHuo AV: 0.000 ENERGY: 9.481 MaxHP: 6139.808 CurrHp 5675.925 ShieldHP: 0.000
-   Gilgamesh AV: 10.825 ENERGY: 243.667 MaxHP: 3134.558 CurrHp 1909.776 ShieldHP: 0.000
-   Welt AV: 14.151 ENERGY: 40.592 MaxHP: 3270.753 CurrHp 2219.158 ShieldHP: 0.000
-   Enemy 2 AV: 44.818 ENERGY: 0.000 MaxHP: 2000000.000 CurrHp 608372.677 ShieldHP: 0.000
-   Enemy 0 AV: 44.976 ENERGY: 0.000 MaxHP: 2000000.000 CurrHp 608372.677 ShieldHP: 0.000
-   Saber AV: 74.220 ENERGY: 281.000 MaxHP: 3366.991 CurrHp 1782.448 ShieldHP: 0.000
-   Enemy 1 AV: 75.074 ENERGY: 0.000 MaxHP: 5000000.000 CurrHp 1254921.404 ShieldHP: 0.000

Combat context set: 3 enemies, 4 players
Combat context initialized: 3 enemies, Elation team size: 0
ACTION > [CHAR] TotalAV: 503.206 | TurnAV: 2.331 | HuoHuo | A-move
    TURN   - HuoHuoBasic | HuoHuo | SUS | ST attack | ['WIN'] | ['BSC'] | Scaling: HP | TargetID: 1 | DMG/BREAK Splits: [0.5, 0]/[10, 0] | Energy Gained: 20 | SP Change: 1

        ----------Char Buffs----------
        GilgameshTrace3ATK | ATK% | Stacks: 1 | Value: 0.200 | Remaining Turns: 1 | TickDown: SUS, PERM | Target: SUS | Affects: ['ALL']
        GilgameshTrace3CD | CD% | Stacks: 1 | Value: 0.200 | Remaining Turns: 1 | TickDown: SUS, PERM | Target: SUS | Affects: ['ALL']
        PostOpERR | ERR% | Stacks: 1 | Value: 0.160 | Remaining Turns: 1 | TickDown: SUS, PERM | Target: SUS | Affects: ['ALL']
        WarriorGoddessSPD | SPD% | Stacks: 1 | Value: 0.060 | Remaining Turns: 1 | TickDown: SUS, PERM | Target: SUS | Affects: ['ALL']
        KeelEFFRES | ERS% | Stacks: 1 | Value: 0.100 | Remaining Turns: 1 | TickDown: SUS, PERM | Target: SUS | Affects: ['ALL']
        KeelCD(SUS) | CD% | Stacks: 1 | Value: 0.100 | Remaining Turns: 1 | TickDown: SUS, PERM | Target: SUS | Affects: ['ALL']
        HHTraceHP | HP% | Stacks: 1 | Value: 0.280 | Remaining Turns: 1 | TickDown: SUS, PERM | Target: SUS | Affects: ['ALL']
        HHTraceERS | ERS% | Stacks: 1 | Value: 0.180 | Remaining Turns: 1 | TickDown: SUS, PERM | Target: SUS | Affects: ['ALL']
        HHTraceSPD | SPD | Stacks: 1 | Value: 5.000 | Remaining Turns: 1 | TickDown: SUS, PERM | Target: SUS | Affects: ['ALL']
        WarriorGoddessHealSPD | SPD% | Stacks: 1 | Value: 0.060 | Remaining Turns: 1 | TickDown: SUS, START | Target: SUS | Affects: ['ALL']
        WarriorGoddessHealCD | CD% | Stacks: 1 | Value: 0.150 | Remaining Turns: 1 | TickDown: SUS, START | Target: SUS | Affects: ['ALL']
        ----------End of Buff List----------
        ----------Enemy Debuffs----------
        WeltSpdDebuff | From: SUP2 | SPD% | Stacks: 1 | Value: -0.100 | Remaining Turns: 1 | Target: 1 | Targeting: ST | Affects: ['ALL'] | DOT: False | Blast: False
        WeltWeightlessSPD | From: SUP2 | SPD% | Stacks: 1 | Value: -0.050 | Remaining Turns: 1 | Target: 1 | Targeting: ST | Affects: ['ALL'] | DOT: False | Blast: False
        WeltWeightlessShred | From: SUP2 | SHRED | Stacks: 1 | Value: 0.400 | Remaining Turns: 1 | Target: 1 | Targeting: ST | Affects: ['ALL'] | DOT: False | Blast: False
        Enemy 1 WIN-break | From: DPS | WINDSHEAR | Stacks: 1 | Value: 12621.002 | Remaining Turns: 2 | Target: 1 | Targeting: ST | Affects: ['ALL'] | DOT: True | Blast: False
        ----------End of Debuff List----------
        ----------Healing List----------
        ----------End of Healing List----------
        ----------Shields List----------
        ----------End of Shields List----------
    GAUGE  - Enemy 1 toughness reduced by 10.000
    RESULT - HuoHuoBasic | HuoHuo | SUS | DMG: 2026.388 | ELADMG: 0.000 | Enemies Hit: [1] | Enemies Broken: [] | WB DMG: 0.000 | Energy: 27.088 | Amount HP Healed: 0.000 | Amount HP Lost: 0.000 | HuoHuo Energy: 37/140 | SP: 1 | MaxSP: 5)
Gilgamesh Obtained 1 Interest from Teammate, Current count: 14
[WeltAllyBuff] allyTurn() invoked for attacker=Role.SUS, move=HuoHuoBasic
[WeltAllyBuff] allyTurn check: attacker=Role.SUS, turnName=HuoHuoBasic, dmg=2026.388054586751, elationDmg=0, enemiesHit=[1], weightlessTurns={0: 2, 1: 1, 2: 2}
[WeltAllyBuff] TRIGGERED - granting WeltAllyWeightlessDMG
SPD    > Gilgamesh speed changed to 273.932 | NewAV: 10.442
AV     > HuoHuo AV reset to 62.308 | 160.492 SPD
DELAY  > Enemy 1 delayed by 4.0% from WeltWeightlessDelay | NewAV: 77.270

<<< NEW TURN >>>
-   Gilgamesh AV: 0.000 ENERGY: 243.667 MaxHP: 3134.558 CurrHp 1909.776 ShieldHP: 0.000
-   Welt AV: 3.709 ENERGY: 40.592 MaxHP: 3270.753 CurrHp 2219.158 ShieldHP: 0.000
-   Enemy 2 AV: 34.376 ENERGY: 0.000 MaxHP: 2000000.000 CurrHp 608372.677 ShieldHP: 0.000
-   Enemy 0 AV: 34.534 ENERGY: 0.000 MaxHP: 2000000.000 CurrHp 608372.677 ShieldHP: 0.000
-   HuoHuo AV: 51.866 ENERGY: 36.569 MaxHP: 6139.808 CurrHp 5675.925 ShieldHP: 0.000
-   Saber AV: 63.778 ENERGY: 281.000 MaxHP: 3366.991 CurrHp 1782.448 ShieldHP: 0.000
-   Enemy 1 AV: 66.828 ENERGY: 0.000 MaxHP: 5000000.000 CurrHp 1252895.016 ShieldHP: 0.000

Combat context set: 3 enemies, 4 players
Combat context initialized: 3 enemies, Elation team size: 0
ACTION > [CHAR] TotalAV: 513.649 | TurnAV: 10.442 | Gilgamesh | E-move
Gilgamesh JointCounter increased by one, current count: 1
    TURN   - GilgameshSkill | Gilgamesh | SUP1 | BLAST attack | ['LNG'] | ['SKL'] | Scaling: ATK | TargetID: 1 | DMG/BREAK Splits: [2.8, 1.4]/[20, 10] | Energy Gained: 30 | SP Change: 0

        ----------Char Buffs----------
        ScholarCR | CR% | Stacks: 1 | Value: 0.080 | Remaining Turns: 1 | TickDown: SUP1, PERM | Target: SUP1 | Affects: ['ALL']
        ScholarDMG | DMG% | Stacks: 1 | Value: 0.200 | Remaining Turns: 1 | TickDown: SUP1, PERM | Target: SUP1 | Affects: ['SKL', 'ULT']
        GilgameshTraceATK | ATK | Stacks: 1 | Value: 0.180 | Remaining Turns: 1 | TickDown: SUP1, PERM | Target: SUP1 | Affects: ['ALL']
        GilgameshTraceCR | CR% | Stacks: 1 | Value: 0.187 | Remaining Turns: 1 | TickDown: SUP1, PERM | Target: SUP1 | Affects: ['ALL']
        GilgameshTraceDMG | DMG% | Stacks: 1 | Value: 0.080 | Remaining Turns: 1 | TickDown: SUP1, PERM | Target: SUP1 | Affects: ['ALL']
        GilgameshTrace3ATK | ATK% | Stacks: 1 | Value: 0.200 | Remaining Turns: 1 | TickDown: SUP1, PERM | Target: SUP1 | Affects: ['ALL']
        GilgameshTrace3CD | CD% | Stacks: 1 | Value: 0.200 | Remaining Turns: 1 | TickDown: SUP1, PERM | Target: SUP1 | Affects: ['ALL']
        GilgameshTrace3SelfATK | ATK% | Stacks: 1 | Value: 1.000 | Remaining Turns: 1 | TickDown: SUP1, PERM | Target: SUP1 | Affects: ['ALL']
        GilgameshTrace3SelfCD | CD% | Stacks: 1 | Value: 1.000 | Remaining Turns: 1 | TickDown: SUP1, PERM | Target: SUP1 | Affects: ['ALL']
        KeelCD(SUS) | CD% | Stacks: 1 | Value: 0.100 | Remaining Turns: 1 | TickDown: SUP1, PERM | Target: SUP1 | Affects: ['ALL']
        CosmicLifeDMG | DMG% | Stacks: 1 | Value: 0.320 | Remaining Turns: 1 | TickDown: SUP1, PERM | Target: SUP1 | Affects: ['ALL']
        Trace2CDExtra | CD% | Stacks: 1 | Value: 1.500 | Remaining Turns: 1 | TickDown: SUP1, PERM | Target: SUP1 | Affects: ['ALL']
        GilgameshInterestSPD | SPD% | Stacks: 1 | Value: 1.400 | Remaining Turns: 1 | TickDown: SUP2, PERM | Target: SUP1 | Affects: ['ALL']
        AeonATK | ATK% | Stacks: 1 | Value: 0.640 | Remaining Turns: 1 | TickDown: SUP1, PERM | Target: SUP1 | Affects: ['ALL']
        WeltAllyWeightlessDMG | DMG% | Stacks: 10 | Value: 1.000 | Remaining Turns: 2 | TickDown: SUP1, END | Target: SUP1 | Affects: ['ALL']
        GilgameshSKLShred | SHRED | Stacks: 1 | Value: 0.300 | Remaining Turns: 3 | TickDown: SUP1, END | Target: SUP1 | Affects: ['ALL']
        WarriorGoddessHealCD | CD% | Stacks: 1 | Value: 0.150 | Remaining Turns: 1 | TickDown: SUP1, START | Target: SUP1 | Affects: ['ALL']
        ScholarBonusDMG | DMG% | Stacks: 1 | Value: 0.250 | Remaining Turns: 1 | TickDown: SUP1, START | Target: SUP1 | Affects: ['SKL']
        HuoHuoUltATK | ATK% | Stacks: 1 | Value: 0.400 | Remaining Turns: 2 | TickDown: SUP1, END | Target: SUP1 | Affects: ['ALL']
        HuoHuoUltExtraATK | ATK% | Stacks: 1 | Value: 0.240 | Remaining Turns: 2 | TickDown: SUP1, END | Target: SUP1 | Affects: ['ALL']
        ----------End of Buff List----------
        ----------Enemy Debuffs----------
        WeltSpdDebuff | From: SUP2 | SPD% | Stacks: 1 | Value: -0.100 | Remaining Turns: 1 | Target: 1 | Targeting: ST | Affects: ['ALL'] | DOT: False | Blast: False
        WeltWeightlessSPD | From: SUP2 | SPD% | Stacks: 1 | Value: -0.050 | Remaining Turns: 1 | Target: 1 | Targeting: ST | Affects: ['ALL'] | DOT: False | Blast: False
        WeltWeightlessShred | From: SUP2 | SHRED | Stacks: 1 | Value: 0.400 | Remaining Turns: 1 | Target: 1 | Targeting: ST | Affects: ['ALL'] | DOT: False | Blast: False
        Enemy 1 WIN-break | From: DPS | WINDSHEAR | Stacks: 1 | Value: 12621.002 | Remaining Turns: 2 | Target: 1 | Targeting: ST | Affects: ['ALL'] | DOT: True | Blast: False
        ----------End of Debuff List----------
        ----------Healing List----------
        ----------End of Healing List----------
        ----------Shields List----------
        ----------End of Shields List----------
    GAUGE  - Enemy 1 toughness reduced by 0.000
    GAUGE  - Enemy 0 toughness reduced by 0.000
    GAUGE  - Enemy 2 toughness reduced by 0.000
    RESULT - GilgameshSkill | Gilgamesh | SUP1 | DMG: 307588.112 | ELADMG: 0.000 | Enemies Hit: [1, 0, 2] | Enemies Broken: [] | WB DMG: 0.000 | Energy: 30.000 | Amount HP Healed: 0.000 | Amount HP Lost: 0.000 | Gilgamesh Energy: 274/360 | SP: 1 | MaxSP: 5)
[WeltAllyBuff] allyTurn() invoked for attacker=Role.SUP1, move=GilgameshSkill
[WeltAllyBuff] allyTurn check: attacker=Role.SUP1, turnName=GilgameshSkill, dmg=307588.1120772058, elationDmg=0, enemiesHit=[1, 0, 2], weightlessTurns={0: 2, 1: 1, 2: 2}
[WeltAllyBuff] TRIGGERED - granting WeltAllyWeightlessDMG
    TURN   - HuoHuoAllyERR | HuoHuo | SUS | NA attack | ['WIN'] | ['SPECIAL'] | Scaling: HP | TargetID: 1 | DMG/BREAK Splits: [0, 0]/[0, 0] | Energy Gained: 1 | SP Change: 0

        ----------Char Buffs----------
        GilgameshTrace3ATK | ATK% | Stacks: 1 | Value: 0.200 | Remaining Turns: 1 | TickDown: SUS, PERM | Target: SUS | Affects: ['ALL']
        GilgameshTrace3CD | CD% | Stacks: 1 | Value: 0.200 | Remaining Turns: 1 | TickDown: SUS, PERM | Target: SUS | Affects: ['ALL']
        PostOpERR | ERR% | Stacks: 1 | Value: 0.160 | Remaining Turns: 1 | TickDown: SUS, PERM | Target: SUS | Affects: ['ALL']
        WarriorGoddessSPD | SPD% | Stacks: 1 | Value: 0.060 | Remaining Turns: 1 | TickDown: SUS, PERM | Target: SUS | Affects: ['ALL']
        KeelEFFRES | ERS% | Stacks: 1 | Value: 0.100 | Remaining Turns: 1 | TickDown: SUS, PERM | Target: SUS | Affects: ['ALL']
        KeelCD(SUS) | CD% | Stacks: 1 | Value: 0.100 | Remaining Turns: 1 | TickDown: SUS, PERM | Target: SUS | Affects: ['ALL']
        HHTraceHP | HP% | Stacks: 1 | Value: 0.280 | Remaining Turns: 1 | TickDown: SUS, PERM | Target: SUS | Affects: ['ALL']
        HHTraceERS | ERS% | Stacks: 1 | Value: 0.180 | Remaining Turns: 1 | TickDown: SUS, PERM | Target: SUS | Affects: ['ALL']
        HHTraceSPD | SPD | Stacks: 1 | Value: 5.000 | Remaining Turns: 1 | TickDown: SUS, PERM | Target: SUS | Affects: ['ALL']
        WarriorGoddessHealSPD | SPD% | Stacks: 1 | Value: 0.060 | Remaining Turns: 1 | TickDown: SUS, START | Target: SUS | Affects: ['ALL']
        WarriorGoddessHealCD | CD% | Stacks: 1 | Value: 0.150 | Remaining Turns: 1 | TickDown: SUS, START | Target: SUS | Affects: ['ALL']
        WeltAllyWeightlessDMG | DMG% | Stacks: 1 | Value: 0.100 | Remaining Turns: 1 | TickDown: SUS, END | Target: SUS | Affects: ['ALL']
        ----------End of Buff List----------
        ----------Enemy Debuffs----------
        WeltSpdDebuff | From: SUP2 | SPD% | Stacks: 1 | Value: -0.100 | Remaining Turns: 1 | Target: 1 | Targeting: ST | Affects: ['ALL'] | DOT: False | Blast: False
        WeltWeightlessSPD | From: SUP2 | SPD% | Stacks: 1 | Value: -0.050 | Remaining Turns: 1 | Target: 1 | Targeting: ST | Affects: ['ALL'] | DOT: False | Blast: False
        WeltWeightlessShred | From: SUP2 | SHRED | Stacks: 1 | Value: 0.400 | Remaining Turns: 1 | Target: 1 | Targeting: ST | Affects: ['ALL'] | DOT: False | Blast: False
        Enemy 1 WIN-break | From: DPS | WINDSHEAR | Stacks: 1 | Value: 12621.002 | Remaining Turns: 2 | Target: 1 | Targeting: ST | Affects: ['ALL'] | DOT: True | Blast: False
        ----------End of Debuff List----------
        ----------Healing List----------
        HuoHuoTalentHealingScaling | Targeting: Targeting.SINGLE | Healing Value: [0.045] | Target: ALL
        HuoHuoTalentHealingScaling | Targeting: Targeting.SINGLE | Healing Value: [0] | Target: ALL
        HuoHuoTalentHealingScaling | Targeting: Targeting.SINGLE | Healing Value: [0] | Target: ALL
        HuoHuoTalentHealingScaling | Targeting: Targeting.SINGLE | Healing Value: [0] | Target: ALL
        HuoHuoTalentHealingFlat | Targeting: Targeting.SINGLE | Healing Value: [120] | Target: ALL
        HuoHuoTalentHealingFlat | Targeting: Targeting.SINGLE | Healing Value: [0] | Target: ALL
        HuoHuoTalentHealingFlat | Targeting: Targeting.SINGLE | Healing Value: [0] | Target: ALL
        HuoHuoTalentHealingFlat | Targeting: Targeting.SINGLE | Healing Value: [0] | Target: ALL
        ----------End of Healing List----------
        ----------Shields List----------
        ----------End of Shields List----------
    GAUGE  - Enemy 1 toughness reduced by 0.000
    RESULT - HuoHuoAllyERR | HuoHuo | SUS | DMG: 0.000 | ELADMG: 0.000 | Enemies Hit: [1] | Enemies Broken: [] | WB DMG: 0.000 | Energy: 1.354 | Amount HP Healed: 371.779 | Amount HP Lost: 0.000 | HuoHuo Energy: 38/140 | SP: 1 | MaxSP: 5)
[WeltAllyBuff] allyTurn() invoked for attacker=Role.SUS, move=HuoHuoAllyERR
[WeltAllyBuff] allyTurn check: attacker=Role.SUS, turnName=HuoHuoAllyERR, dmg=0.0, elationDmg=0, enemiesHit=[1], weightlessTurns={0: 2, 1: 1, 2: 2}
[WeltAllyBuff] skipped: no damage on this turn
SPD    > Gilgamesh speed changed to 138.132 | NewAV: 0.000
AV     > Gilgamesh AV reset to 72.395 | 138.132 SPD
DELAY  > Enemy 1 delayed by 4.0% from WeltWeightlessDelay | NewAV: 69.024

<<< NEW TURN >>>
-   Welt AV: 0.000 ENERGY: 40.592 MaxHP: 3270.753 CurrHp 2219.158 ShieldHP: 0.000
-   Enemy 2 AV: 30.667 ENERGY: 0.000 MaxHP: 2000000.000 CurrHp 525829.578 ShieldHP: 0.000
-   Enemy 0 AV: 30.825 ENERGY: 0.000 MaxHP: 2000000.000 CurrHp 525829.578 ShieldHP: 0.000
-   HuoHuo AV: 48.158 ENERGY: 37.923 MaxHP: 6139.808 CurrHp 5675.925 ShieldHP: 0.000
-   Saber AV: 60.070 ENERGY: 281.000 MaxHP: 3366.991 CurrHp 2154.227 ShieldHP: 0.000
-   Enemy 1 AV: 65.315 ENERGY: 0.000 MaxHP: 5000000.000 CurrHp 1110393.101 ShieldHP: 0.000
-   Gilgamesh AV: 68.686 ENERGY: 273.667 MaxHP: 3134.558 CurrHp 1909.776 ShieldHP: 0.000

Combat context set: 3 enemies, 4 players
Combat context initialized: 3 enemies, Elation team size: 0
ACTION > [CHAR] TotalAV: 517.357 | TurnAV: 3.709 | Welt | E-move
    TURN   - WeltSkill | Welt | SUP2 | ST attack | ['IMG'] | ['SKL'] | Scaling: ATK | TargetID: 1 | DMG/BREAK Splits: [0.72, 0]/[10, 0] | Energy Gained: 6 | SP Change: -1

        ----------Char Buffs----------
        GilgameshTrace3ATK | ATK% | Stacks: 1 | Value: 0.200 | Remaining Turns: 1 | TickDown: SUP2, PERM | Target: SUP2 | Affects: ['ALL']
        GilgameshTrace3CD | CD% | Stacks: 1 | Value: 0.200 | Remaining Turns: 1 | TickDown: SUP2, PERM | Target: SUP2 | Affects: ['ALL']
        MasterSmithHP | HP% | Stacks: 1 | Value: 0.120 | Remaining Turns: 1 | TickDown: SUP2, PERM | Target: SUP2 | Affects: ['ALL']
        LushakaERR | ERR% | Stacks: 1 | Value: 0.050 | Remaining Turns: 1 | TickDown: SUP2, PERM | Target: SUP2 | Affects: ['ALL']
        WeltTraceERS | ERS% | Stacks: 1 | Value: 0.100 | Remaining Turns: 1 | TickDown: SUP2, PERM | Target: SUP2 | Affects: ['ALL']
        WeltTraceEHR | EHR% | Stacks: 1 | Value: 0.280 | Remaining Turns: 1 | TickDown: SUP2, PERM | Target: SUP2 | Affects: ['ALL']
        WeltTraceDMG | DMG% | Stacks: 1 | Value: 0.144 | Remaining Turns: 1 | TickDown: SUP2, PERM | Target: SUP2 | Affects: ['ALL']
        KeelCD(SUS) | CD% | Stacks: 1 | Value: 0.100 | Remaining Turns: 1 | TickDown: SUP2, PERM | Target: SUP2 | Affects: ['ALL']
        WeltTalent3ATK | ATK% | Stacks: 1 | Value: 0.800 | Remaining Turns: 1 | TickDown: SUP2, PERM | Target: SUP2 | Affects: ['ALL']
        WarriorGoddessHealCD | CD% | Stacks: 1 | Value: 0.150 | Remaining Turns: 1 | TickDown: SUP2, START | Target: SUP2 | Affects: ['ALL']
        ----------End of Buff List----------
        ----------Enemy Debuffs----------
        WeltSpdDebuff | From: SUP2 | SPD% | Stacks: 1 | Value: -0.100 | Remaining Turns: 2 | Target: 1 | Targeting: ST | Affects: ['ALL'] | DOT: False | Blast: False
        WeltWeightlessSPD | From: SUP2 | SPD% | Stacks: 1 | Value: -0.050 | Remaining Turns: 1 | Target: 1 | Targeting: ST | Affects: ['ALL'] | DOT: False | Blast: False
        WeltWeightlessShred | From: SUP2 | SHRED | Stacks: 1 | Value: 0.400 | Remaining Turns: 1 | Target: 1 | Targeting: ST | Affects: ['ALL'] | DOT: False | Blast: False
        Enemy 1 WIN-break | From: DPS | WINDSHEAR | Stacks: 1 | Value: 12621.002 | Remaining Turns: 2 | Target: 1 | Targeting: ST | Affects: ['ALL'] | DOT: True | Blast: False
        ResoShred(SUP2) | From: SUP2 | SHRED | Stacks: 1 | Value: 0.160 | Remaining Turns: 1 | Target: 1 | Targeting: ST | Affects: ['ALL'] | DOT: False | Blast: False
        ----------End of Debuff List----------
        ----------Healing List----------
        ----------End of Healing List----------
        ----------Shields List----------
        ----------End of Shields List----------
    GAUGE  - Enemy 1 toughness reduced by 0.000
    RESULT - WeltSkill | Welt | SUP2 | DMG: 2135.792 | ELADMG: 0.000 | Enemies Hit: [1] | Enemies Broken: [] | WB DMG: 0.000 | Energy: 7.466 | Amount HP Healed: 0.000 | Amount HP Lost: 0.000 | Welt Energy: 48/120 | SP: 0 | MaxSP: 5)
Gilgamesh Obtained 1 Interest from Teammate, Current count: 1
    TURN   - WeltSlowedAdditionalDMG | Welt | SUP2 | ST attack | ['IMG'] | ['ADD'] | Scaling: ATK | TargetID: 1 | DMG/BREAK Splits: [1.0, 0]/[0, 0] | Energy Gained: 0 | SP Change: 0

        ----------Char Buffs----------
        GilgameshTrace3ATK | ATK% | Stacks: 1 | Value: 0.200 | Remaining Turns: 1 | TickDown: SUP2, PERM | Target: SUP2 | Affects: ['ALL']
        GilgameshTrace3CD | CD% | Stacks: 1 | Value: 0.200 | Remaining Turns: 1 | TickDown: SUP2, PERM | Target: SUP2 | Affects: ['ALL']
        MasterSmithHP | HP% | Stacks: 1 | Value: 0.120 | Remaining Turns: 1 | TickDown: SUP2, PERM | Target: SUP2 | Affects: ['ALL']
        LushakaERR | ERR% | Stacks: 1 | Value: 0.050 | Remaining Turns: 1 | TickDown: SUP2, PERM | Target: SUP2 | Affects: ['ALL']
        WeltTraceERS | ERS% | Stacks: 1 | Value: 0.100 | Remaining Turns: 1 | TickDown: SUP2, PERM | Target: SUP2 | Affects: ['ALL']
        WeltTraceEHR | EHR% | Stacks: 1 | Value: 0.280 | Remaining Turns: 1 | TickDown: SUP2, PERM | Target: SUP2 | Affects: ['ALL']
        WeltTraceDMG | DMG% | Stacks: 1 | Value: 0.144 | Remaining Turns: 1 | TickDown: SUP2, PERM | Target: SUP2 | Affects: ['ALL']
        KeelCD(SUS) | CD% | Stacks: 1 | Value: 0.100 | Remaining Turns: 1 | TickDown: SUP2, PERM | Target: SUP2 | Affects: ['ALL']
        WeltTalent3ATK | ATK% | Stacks: 1 | Value: 0.800 | Remaining Turns: 1 | TickDown: SUP2, PERM | Target: SUP2 | Affects: ['ALL']
        WarriorGoddessHealCD | CD% | Stacks: 1 | Value: 0.150 | Remaining Turns: 1 | TickDown: SUP2, START | Target: SUP2 | Affects: ['ALL']
        ----------End of Buff List----------
        ----------Enemy Debuffs----------
        WeltSpdDebuff | From: SUP2 | SPD% | Stacks: 1 | Value: -0.100 | Remaining Turns: 2 | Target: 1 | Targeting: ST | Affects: ['ALL'] | DOT: False | Blast: False
        WeltWeightlessSPD | From: SUP2 | SPD% | Stacks: 1 | Value: -0.050 | Remaining Turns: 1 | Target: 1 | Targeting: ST | Affects: ['ALL'] | DOT: False | Blast: False
        WeltWeightlessShred | From: SUP2 | SHRED | Stacks: 1 | Value: 0.400 | Remaining Turns: 1 | Target: 1 | Targeting: ST | Affects: ['ALL'] | DOT: False | Blast: False
        Enemy 1 WIN-break | From: DPS | WINDSHEAR | Stacks: 1 | Value: 12621.002 | Remaining Turns: 2 | Target: 1 | Targeting: ST | Affects: ['ALL'] | DOT: True | Blast: False
        ResoShred(SUP2) | From: SUP2 | SHRED | Stacks: 1 | Value: 0.160 | Remaining Turns: 1 | Target: 1 | Targeting: ST | Affects: ['ALL'] | DOT: False | Blast: False
        ----------End of Debuff List----------
        ----------Healing List----------
        HuoHuoTalentHealingScaling | Targeting: Targeting.SINGLE | Healing Value: [0] | Target: ALL
        HuoHuoTalentHealingScaling | Targeting: Targeting.SINGLE | Healing Value: [0.045] | Target: ALL
        HuoHuoTalentHealingScaling | Targeting: Targeting.SINGLE | Healing Value: [0] | Target: ALL
        HuoHuoTalentHealingScaling | Targeting: Targeting.SINGLE | Healing Value: [0] | Target: ALL
        HuoHuoTalentHealingFlat | Targeting: Targeting.SINGLE | Healing Value: [0] | Target: ALL
        HuoHuoTalentHealingFlat | Targeting: Targeting.SINGLE | Healing Value: [120] | Target: ALL
        HuoHuoTalentHealingFlat | Targeting: Targeting.SINGLE | Healing Value: [0] | Target: ALL
        HuoHuoTalentHealingFlat | Targeting: Targeting.SINGLE | Healing Value: [0] | Target: ALL
        ----------End of Healing List----------
        ----------Shields List----------
        ----------End of Shields List----------
    GAUGE  - Enemy 1 toughness reduced by 0.000
    RESULT - WeltSlowedAdditionalDMG | Welt | SUP2 | DMG: 2966.378 | ELADMG: 0.000 | Enemies Hit: [1] | Enemies Broken: [] | WB DMG: 0.000 | Energy: 0.000 | Amount HP Healed: 371.779 | Amount HP Lost: 0.000 | Welt Energy: 48/120 | SP: 0 | MaxSP: 5)
    TURN   - WeltSkillExtra | Welt | SUP2 | ST attack | ['IMG'] | ['SKL'] | Scaling: ATK | TargetID: 1 | DMG/BREAK Splits: [0.72, 0]/[10, 0] | Energy Gained: 6 | SP Change: 0

        ----------Char Buffs----------
        GilgameshTrace3ATK | ATK% | Stacks: 1 | Value: 0.200 | Remaining Turns: 1 | TickDown: SUP2, PERM | Target: SUP2 | Affects: ['ALL']
        GilgameshTrace3CD | CD% | Stacks: 1 | Value: 0.200 | Remaining Turns: 1 | TickDown: SUP2, PERM | Target: SUP2 | Affects: ['ALL']
        MasterSmithHP | HP% | Stacks: 1 | Value: 0.120 | Remaining Turns: 1 | TickDown: SUP2, PERM | Target: SUP2 | Affects: ['ALL']
        LushakaERR | ERR% | Stacks: 1 | Value: 0.050 | Remaining Turns: 1 | TickDown: SUP2, PERM | Target: SUP2 | Affects: ['ALL']
        WeltTraceERS | ERS% | Stacks: 1 | Value: 0.100 | Remaining Turns: 1 | TickDown: SUP2, PERM | Target: SUP2 | Affects: ['ALL']
        WeltTraceEHR | EHR% | Stacks: 1 | Value: 0.280 | Remaining Turns: 1 | TickDown: SUP2, PERM | Target: SUP2 | Affects: ['ALL']
        WeltTraceDMG | DMG% | Stacks: 1 | Value: 0.144 | Remaining Turns: 1 | TickDown: SUP2, PERM | Target: SUP2 | Affects: ['ALL']
        KeelCD(SUS) | CD% | Stacks: 1 | Value: 0.100 | Remaining Turns: 1 | TickDown: SUP2, PERM | Target: SUP2 | Affects: ['ALL']
        WeltTalent3ATK | ATK% | Stacks: 1 | Value: 0.800 | Remaining Turns: 1 | TickDown: SUP2, PERM | Target: SUP2 | Affects: ['ALL']
        WarriorGoddessHealCD | CD% | Stacks: 1 | Value: 0.150 | Remaining Turns: 1 | TickDown: SUP2, START | Target: SUP2 | Affects: ['ALL']
        ----------End of Buff List----------
        ----------Enemy Debuffs----------
        WeltSpdDebuff | From: SUP2 | SPD% | Stacks: 1 | Value: -0.100 | Remaining Turns: 2 | Target: 1 | Targeting: ST | Affects: ['ALL'] | DOT: False | Blast: False
        WeltWeightlessSPD | From: SUP2 | SPD% | Stacks: 1 | Value: -0.050 | Remaining Turns: 1 | Target: 1 | Targeting: ST | Affects: ['ALL'] | DOT: False | Blast: False
        WeltWeightlessShred | From: SUP2 | SHRED | Stacks: 1 | Value: 0.400 | Remaining Turns: 1 | Target: 1 | Targeting: ST | Affects: ['ALL'] | DOT: False | Blast: False
        Enemy 1 WIN-break | From: DPS | WINDSHEAR | Stacks: 1 | Value: 12621.002 | Remaining Turns: 2 | Target: 1 | Targeting: ST | Affects: ['ALL'] | DOT: True | Blast: False
        ResoShred(SUP2) | From: SUP2 | SHRED | Stacks: 1 | Value: 0.160 | Remaining Turns: 1 | Target: 1 | Targeting: ST | Affects: ['ALL'] | DOT: False | Blast: False
        ----------End of Debuff List----------
        ----------Healing List----------
        ----------End of Healing List----------
        ----------Shields List----------
        ----------End of Shields List----------
    GAUGE  - Enemy 1 toughness reduced by 0.000
    RESULT - WeltSkillExtra | Welt | SUP2 | DMG: 2135.792 | ELADMG: 0.000 | Enemies Hit: [1] | Enemies Broken: [] | WB DMG: 0.000 | Energy: 7.466 | Amount HP Healed: 0.000 | Amount HP Lost: 0.000 | Welt Energy: 56/120 | SP: 0 | MaxSP: 5)
    TURN   - WeltSlowedAdditionalDMG | Welt | SUP2 | ST attack | ['IMG'] | ['ADD'] | Scaling: ATK | TargetID: 1 | DMG/BREAK Splits: [1.0, 0]/[0, 0] | Energy Gained: 0 | SP Change: 0

        ----------Char Buffs----------
        GilgameshTrace3ATK | ATK% | Stacks: 1 | Value: 0.200 | Remaining Turns: 1 | TickDown: SUP2, PERM | Target: SUP2 | Affects: ['ALL']
        GilgameshTrace3CD | CD% | Stacks: 1 | Value: 0.200 | Remaining Turns: 1 | TickDown: SUP2, PERM | Target: SUP2 | Affects: ['ALL']
        MasterSmithHP | HP% | Stacks: 1 | Value: 0.120 | Remaining Turns: 1 | TickDown: SUP2, PERM | Target: SUP2 | Affects: ['ALL']
        LushakaERR | ERR% | Stacks: 1 | Value: 0.050 | Remaining Turns: 1 | TickDown: SUP2, PERM | Target: SUP2 | Affects: ['ALL']
        WeltTraceERS | ERS% | Stacks: 1 | Value: 0.100 | Remaining Turns: 1 | TickDown: SUP2, PERM | Target: SUP2 | Affects: ['ALL']
        WeltTraceEHR | EHR% | Stacks: 1 | Value: 0.280 | Remaining Turns: 1 | TickDown: SUP2, PERM | Target: SUP2 | Affects: ['ALL']
        WeltTraceDMG | DMG% | Stacks: 1 | Value: 0.144 | Remaining Turns: 1 | TickDown: SUP2, PERM | Target: SUP2 | Affects: ['ALL']
        KeelCD(SUS) | CD% | Stacks: 1 | Value: 0.100 | Remaining Turns: 1 | TickDown: SUP2, PERM | Target: SUP2 | Affects: ['ALL']
        WeltTalent3ATK | ATK% | Stacks: 1 | Value: 0.800 | Remaining Turns: 1 | TickDown: SUP2, PERM | Target: SUP2 | Affects: ['ALL']
        WarriorGoddessHealCD | CD% | Stacks: 1 | Value: 0.150 | Remaining Turns: 1 | TickDown: SUP2, START | Target: SUP2 | Affects: ['ALL']
        ----------End of Buff List----------
        ----------Enemy Debuffs----------
        WeltSpdDebuff | From: SUP2 | SPD% | Stacks: 1 | Value: -0.100 | Remaining Turns: 2 | Target: 1 | Targeting: ST | Affects: ['ALL'] | DOT: False | Blast: False
        WeltWeightlessSPD | From: SUP2 | SPD% | Stacks: 1 | Value: -0.050 | Remaining Turns: 1 | Target: 1 | Targeting: ST | Affects: ['ALL'] | DOT: False | Blast: False
        WeltWeightlessShred | From: SUP2 | SHRED | Stacks: 1 | Value: 0.400 | Remaining Turns: 1 | Target: 1 | Targeting: ST | Affects: ['ALL'] | DOT: False | Blast: False
        Enemy 1 WIN-break | From: DPS | WINDSHEAR | Stacks: 1 | Value: 12621.002 | Remaining Turns: 2 | Target: 1 | Targeting: ST | Affects: ['ALL'] | DOT: True | Blast: False
        ResoShred(SUP2) | From: SUP2 | SHRED | Stacks: 1 | Value: 0.160 | Remaining Turns: 1 | Target: 1 | Targeting: ST | Affects: ['ALL'] | DOT: False | Blast: False
        ----------End of Debuff List----------
        ----------Healing List----------
        ----------End of Healing List----------
        ----------Shields List----------
        ----------End of Shields List----------
    GAUGE  - Enemy 1 toughness reduced by 0.000
    RESULT - WeltSlowedAdditionalDMG | Welt | SUP2 | DMG: 2966.378 | ELADMG: 0.000 | Enemies Hit: [1] | Enemies Broken: [] | WB DMG: 0.000 | Energy: 0.000 | Amount HP Healed: 0.000 | Amount HP Lost: 0.000 | Welt Energy: 56/120 | SP: 0 | MaxSP: 5)
    TURN   - WeltSkillExtra | Welt | SUP2 | ST attack | ['IMG'] | ['SKL'] | Scaling: ATK | TargetID: 1 | DMG/BREAK Splits: [0.72, 0]/[10, 0] | Energy Gained: 6 | SP Change: 0

        ----------Char Buffs----------
        GilgameshTrace3ATK | ATK% | Stacks: 1 | Value: 0.200 | Remaining Turns: 1 | TickDown: SUP2, PERM | Target: SUP2 | Affects: ['ALL']
        GilgameshTrace3CD | CD% | Stacks: 1 | Value: 0.200 | Remaining Turns: 1 | TickDown: SUP2, PERM | Target: SUP2 | Affects: ['ALL']
        MasterSmithHP | HP% | Stacks: 1 | Value: 0.120 | Remaining Turns: 1 | TickDown: SUP2, PERM | Target: SUP2 | Affects: ['ALL']
        LushakaERR | ERR% | Stacks: 1 | Value: 0.050 | Remaining Turns: 1 | TickDown: SUP2, PERM | Target: SUP2 | Affects: ['ALL']
        WeltTraceERS | ERS% | Stacks: 1 | Value: 0.100 | Remaining Turns: 1 | TickDown: SUP2, PERM | Target: SUP2 | Affects: ['ALL']
        WeltTraceEHR | EHR% | Stacks: 1 | Value: 0.280 | Remaining Turns: 1 | TickDown: SUP2, PERM | Target: SUP2 | Affects: ['ALL']
        WeltTraceDMG | DMG% | Stacks: 1 | Value: 0.144 | Remaining Turns: 1 | TickDown: SUP2, PERM | Target: SUP2 | Affects: ['ALL']
        KeelCD(SUS) | CD% | Stacks: 1 | Value: 0.100 | Remaining Turns: 1 | TickDown: SUP2, PERM | Target: SUP2 | Affects: ['ALL']
        WeltTalent3ATK | ATK% | Stacks: 1 | Value: 0.800 | Remaining Turns: 1 | TickDown: SUP2, PERM | Target: SUP2 | Affects: ['ALL']
        WarriorGoddessHealCD | CD% | Stacks: 1 | Value: 0.150 | Remaining Turns: 1 | TickDown: SUP2, START | Target: SUP2 | Affects: ['ALL']
        ----------End of Buff List----------
        ----------Enemy Debuffs----------
        WeltSpdDebuff | From: SUP2 | SPD% | Stacks: 1 | Value: -0.100 | Remaining Turns: 2 | Target: 1 | Targeting: ST | Affects: ['ALL'] | DOT: False | Blast: False
        WeltWeightlessSPD | From: SUP2 | SPD% | Stacks: 1 | Value: -0.050 | Remaining Turns: 1 | Target: 1 | Targeting: ST | Affects: ['ALL'] | DOT: False | Blast: False
        WeltWeightlessShred | From: SUP2 | SHRED | Stacks: 1 | Value: 0.400 | Remaining Turns: 1 | Target: 1 | Targeting: ST | Affects: ['ALL'] | DOT: False | Blast: False
        Enemy 1 WIN-break | From: DPS | WINDSHEAR | Stacks: 1 | Value: 12621.002 | Remaining Turns: 2 | Target: 1 | Targeting: ST | Affects: ['ALL'] | DOT: True | Blast: False
        ResoShred(SUP2) | From: SUP2 | SHRED | Stacks: 1 | Value: 0.160 | Remaining Turns: 1 | Target: 1 | Targeting: ST | Affects: ['ALL'] | DOT: False | Blast: False
        ----------End of Debuff List----------
        ----------Healing List----------
        ----------End of Healing List----------
        ----------Shields List----------
        ----------End of Shields List----------
    GAUGE  - Enemy 1 toughness reduced by 0.000
    RESULT - WeltSkillExtra | Welt | SUP2 | DMG: 2135.792 | ELADMG: 0.000 | Enemies Hit: [1] | Enemies Broken: [] | WB DMG: 0.000 | Energy: 7.466 | Amount HP Healed: 0.000 | Amount HP Lost: 0.000 | Welt Energy: 63/120 | SP: 0 | MaxSP: 5)
    TURN   - WeltSlowedAdditionalDMG | Welt | SUP2 | ST attack | ['IMG'] | ['ADD'] | Scaling: ATK | TargetID: 1 | DMG/BREAK Splits: [1.0, 0]/[0, 0] | Energy Gained: 0 | SP Change: 0

        ----------Char Buffs----------
        GilgameshTrace3ATK | ATK% | Stacks: 1 | Value: 0.200 | Remaining Turns: 1 | TickDown: SUP2, PERM | Target: SUP2 | Affects: ['ALL']
        GilgameshTrace3CD | CD% | Stacks: 1 | Value: 0.200 | Remaining Turns: 1 | TickDown: SUP2, PERM | Target: SUP2 | Affects: ['ALL']
        MasterSmithHP | HP% | Stacks: 1 | Value: 0.120 | Remaining Turns: 1 | TickDown: SUP2, PERM | Target: SUP2 | Affects: ['ALL']
        LushakaERR | ERR% | Stacks: 1 | Value: 0.050 | Remaining Turns: 1 | TickDown: SUP2, PERM | Target: SUP2 | Affects: ['ALL']
        WeltTraceERS | ERS% | Stacks: 1 | Value: 0.100 | Remaining Turns: 1 | TickDown: SUP2, PERM | Target: SUP2 | Affects: ['ALL']
        WeltTraceEHR | EHR% | Stacks: 1 | Value: 0.280 | Remaining Turns: 1 | TickDown: SUP2, PERM | Target: SUP2 | Affects: ['ALL']
        WeltTraceDMG | DMG% | Stacks: 1 | Value: 0.144 | Remaining Turns: 1 | TickDown: SUP2, PERM | Target: SUP2 | Affects: ['ALL']
        KeelCD(SUS) | CD% | Stacks: 1 | Value: 0.100 | Remaining Turns: 1 | TickDown: SUP2, PERM | Target: SUP2 | Affects: ['ALL']
        WeltTalent3ATK | ATK% | Stacks: 1 | Value: 0.800 | Remaining Turns: 1 | TickDown: SUP2, PERM | Target: SUP2 | Affects: ['ALL']
        WarriorGoddessHealCD | CD% | Stacks: 1 | Value: 0.150 | Remaining Turns: 1 | TickDown: SUP2, START | Target: SUP2 | Affects: ['ALL']
        ----------End of Buff List----------
        ----------Enemy Debuffs----------
        WeltSpdDebuff | From: SUP2 | SPD% | Stacks: 1 | Value: -0.100 | Remaining Turns: 2 | Target: 1 | Targeting: ST | Affects: ['ALL'] | DOT: False | Blast: False
        WeltWeightlessSPD | From: SUP2 | SPD% | Stacks: 1 | Value: -0.050 | Remaining Turns: 1 | Target: 1 | Targeting: ST | Affects: ['ALL'] | DOT: False | Blast: False
        WeltWeightlessShred | From: SUP2 | SHRED | Stacks: 1 | Value: 0.400 | Remaining Turns: 1 | Target: 1 | Targeting: ST | Affects: ['ALL'] | DOT: False | Blast: False
        Enemy 1 WIN-break | From: DPS | WINDSHEAR | Stacks: 1 | Value: 12621.002 | Remaining Turns: 2 | Target: 1 | Targeting: ST | Affects: ['ALL'] | DOT: True | Blast: False
        ResoShred(SUP2) | From: SUP2 | SHRED | Stacks: 1 | Value: 0.160 | Remaining Turns: 1 | Target: 1 | Targeting: ST | Affects: ['ALL'] | DOT: False | Blast: False
        ----------End of Debuff List----------
        ----------Healing List----------
        ----------End of Healing List----------
        ----------Shields List----------
        ----------End of Shields List----------
    GAUGE  - Enemy 1 toughness reduced by 0.000
    RESULT - WeltSlowedAdditionalDMG | Welt | SUP2 | DMG: 2966.378 | ELADMG: 0.000 | Enemies Hit: [1] | Enemies Broken: [] | WB DMG: 0.000 | Energy: 0.000 | Amount HP Healed: 0.000 | Amount HP Lost: 0.000 | Welt Energy: 63/120 | SP: 0 | MaxSP: 5)
    TURN   - WeltSkillExtra | Welt | SUP2 | ST attack | ['IMG'] | ['SKL'] | Scaling: ATK | TargetID: 1 | DMG/BREAK Splits: [0.72, 0]/[10, 0] | Energy Gained: 6 | SP Change: 0

        ----------Char Buffs----------
        GilgameshTrace3ATK | ATK% | Stacks: 1 | Value: 0.200 | Remaining Turns: 1 | TickDown: SUP2, PERM | Target: SUP2 | Affects: ['ALL']
        GilgameshTrace3CD | CD% | Stacks: 1 | Value: 0.200 | Remaining Turns: 1 | TickDown: SUP2, PERM | Target: SUP2 | Affects: ['ALL']
        MasterSmithHP | HP% | Stacks: 1 | Value: 0.120 | Remaining Turns: 1 | TickDown: SUP2, PERM | Target: SUP2 | Affects: ['ALL']
        LushakaERR | ERR% | Stacks: 1 | Value: 0.050 | Remaining Turns: 1 | TickDown: SUP2, PERM | Target: SUP2 | Affects: ['ALL']
        WeltTraceERS | ERS% | Stacks: 1 | Value: 0.100 | Remaining Turns: 1 | TickDown: SUP2, PERM | Target: SUP2 | Affects: ['ALL']
        WeltTraceEHR | EHR% | Stacks: 1 | Value: 0.280 | Remaining Turns: 1 | TickDown: SUP2, PERM | Target: SUP2 | Affects: ['ALL']
        WeltTraceDMG | DMG% | Stacks: 1 | Value: 0.144 | Remaining Turns: 1 | TickDown: SUP2, PERM | Target: SUP2 | Affects: ['ALL']
        KeelCD(SUS) | CD% | Stacks: 1 | Value: 0.100 | Remaining Turns: 1 | TickDown: SUP2, PERM | Target: SUP2 | Affects: ['ALL']
        WeltTalent3ATK | ATK% | Stacks: 1 | Value: 0.800 | Remaining Turns: 1 | TickDown: SUP2, PERM | Target: SUP2 | Affects: ['ALL']
        WarriorGoddessHealCD | CD% | Stacks: 1 | Value: 0.150 | Remaining Turns: 1 | TickDown: SUP2, START | Target: SUP2 | Affects: ['ALL']
        ----------End of Buff List----------
        ----------Enemy Debuffs----------
        WeltSpdDebuff | From: SUP2 | SPD% | Stacks: 1 | Value: -0.100 | Remaining Turns: 2 | Target: 1 | Targeting: ST | Affects: ['ALL'] | DOT: False | Blast: False
        WeltWeightlessSPD | From: SUP2 | SPD% | Stacks: 1 | Value: -0.050 | Remaining Turns: 1 | Target: 1 | Targeting: ST | Affects: ['ALL'] | DOT: False | Blast: False
        WeltWeightlessShred | From: SUP2 | SHRED | Stacks: 1 | Value: 0.400 | Remaining Turns: 1 | Target: 1 | Targeting: ST | Affects: ['ALL'] | DOT: False | Blast: False
        Enemy 1 WIN-break | From: DPS | WINDSHEAR | Stacks: 1 | Value: 12621.002 | Remaining Turns: 2 | Target: 1 | Targeting: ST | Affects: ['ALL'] | DOT: True | Blast: False
        ResoShred(SUP2) | From: SUP2 | SHRED | Stacks: 1 | Value: 0.160 | Remaining Turns: 1 | Target: 1 | Targeting: ST | Affects: ['ALL'] | DOT: False | Blast: False
        ----------End of Debuff List----------
        ----------Healing List----------
        ----------End of Healing List----------
        ----------Shields List----------
        ----------End of Shields List----------
    GAUGE  - Enemy 1 toughness reduced by 0.000
    RESULT - WeltSkillExtra | Welt | SUP2 | DMG: 2135.792 | ELADMG: 0.000 | Enemies Hit: [1] | Enemies Broken: [] | WB DMG: 0.000 | Energy: 7.466 | Amount HP Healed: 0.000 | Amount HP Lost: 0.000 | Welt Energy: 70/120 | SP: 0 | MaxSP: 5)
    TURN   - WeltSlowedAdditionalDMG | Welt | SUP2 | ST attack | ['IMG'] | ['ADD'] | Scaling: ATK | TargetID: 1 | DMG/BREAK Splits: [1.0, 0]/[0, 0] | Energy Gained: 0 | SP Change: 0

        ----------Char Buffs----------
        GilgameshTrace3ATK | ATK% | Stacks: 1 | Value: 0.200 | Remaining Turns: 1 | TickDown: SUP2, PERM | Target: SUP2 | Affects: ['ALL']
        GilgameshTrace3CD | CD% | Stacks: 1 | Value: 0.200 | Remaining Turns: 1 | TickDown: SUP2, PERM | Target: SUP2 | Affects: ['ALL']
        MasterSmithHP | HP% | Stacks: 1 | Value: 0.120 | Remaining Turns: 1 | TickDown: SUP2, PERM | Target: SUP2 | Affects: ['ALL']
        LushakaERR | ERR% | Stacks: 1 | Value: 0.050 | Remaining Turns: 1 | TickDown: SUP2, PERM | Target: SUP2 | Affects: ['ALL']
        WeltTraceERS | ERS% | Stacks: 1 | Value: 0.100 | Remaining Turns: 1 | TickDown: SUP2, PERM | Target: SUP2 | Affects: ['ALL']
        WeltTraceEHR | EHR% | Stacks: 1 | Value: 0.280 | Remaining Turns: 1 | TickDown: SUP2, PERM | Target: SUP2 | Affects: ['ALL']
        WeltTraceDMG | DMG% | Stacks: 1 | Value: 0.144 | Remaining Turns: 1 | TickDown: SUP2, PERM | Target: SUP2 | Affects: ['ALL']
        KeelCD(SUS) | CD% | Stacks: 1 | Value: 0.100 | Remaining Turns: 1 | TickDown: SUP2, PERM | Target: SUP2 | Affects: ['ALL']
        WeltTalent3ATK | ATK% | Stacks: 1 | Value: 0.800 | Remaining Turns: 1 | TickDown: SUP2, PERM | Target: SUP2 | Affects: ['ALL']
        WarriorGoddessHealCD | CD% | Stacks: 1 | Value: 0.150 | Remaining Turns: 1 | TickDown: SUP2, START | Target: SUP2 | Affects: ['ALL']
        ----------End of Buff List----------
        ----------Enemy Debuffs----------
        WeltSpdDebuff | From: SUP2 | SPD% | Stacks: 1 | Value: -0.100 | Remaining Turns: 2 | Target: 1 | Targeting: ST | Affects: ['ALL'] | DOT: False | Blast: False
        WeltWeightlessSPD | From: SUP2 | SPD% | Stacks: 1 | Value: -0.050 | Remaining Turns: 1 | Target: 1 | Targeting: ST | Affects: ['ALL'] | DOT: False | Blast: False
        WeltWeightlessShred | From: SUP2 | SHRED | Stacks: 1 | Value: 0.400 | Remaining Turns: 1 | Target: 1 | Targeting: ST | Affects: ['ALL'] | DOT: False | Blast: False
        Enemy 1 WIN-break | From: DPS | WINDSHEAR | Stacks: 1 | Value: 12621.002 | Remaining Turns: 2 | Target: 1 | Targeting: ST | Affects: ['ALL'] | DOT: True | Blast: False
        ResoShred(SUP2) | From: SUP2 | SHRED | Stacks: 1 | Value: 0.160 | Remaining Turns: 1 | Target: 1 | Targeting: ST | Affects: ['ALL'] | DOT: False | Blast: False
        ----------End of Debuff List----------
        ----------Healing List----------
        ----------End of Healing List----------
        ----------Shields List----------
        ----------End of Shields List----------
    GAUGE  - Enemy 1 toughness reduced by 0.000
    RESULT - WeltSlowedAdditionalDMG | Welt | SUP2 | DMG: 2966.378 | ELADMG: 0.000 | Enemies Hit: [1] | Enemies Broken: [] | WB DMG: 0.000 | Energy: 0.000 | Amount HP Healed: 0.000 | Amount HP Lost: 0.000 | Welt Energy: 70/120 | SP: 0 | MaxSP: 5)
    TURN   - WeltSkillExtra | Welt | SUP2 | ST attack | ['IMG'] | ['SKL'] | Scaling: ATK | TargetID: 1 | DMG/BREAK Splits: [0.72, 0]/[10, 0] | Energy Gained: 6 | SP Change: 0

        ----------Char Buffs----------
        GilgameshTrace3ATK | ATK% | Stacks: 1 | Value: 0.200 | Remaining Turns: 1 | TickDown: SUP2, PERM | Target: SUP2 | Affects: ['ALL']
        GilgameshTrace3CD | CD% | Stacks: 1 | Value: 0.200 | Remaining Turns: 1 | TickDown: SUP2, PERM | Target: SUP2 | Affects: ['ALL']
        MasterSmithHP | HP% | Stacks: 1 | Value: 0.120 | Remaining Turns: 1 | TickDown: SUP2, PERM | Target: SUP2 | Affects: ['ALL']
        LushakaERR | ERR% | Stacks: 1 | Value: 0.050 | Remaining Turns: 1 | TickDown: SUP2, PERM | Target: SUP2 | Affects: ['ALL']
        WeltTraceERS | ERS% | Stacks: 1 | Value: 0.100 | Remaining Turns: 1 | TickDown: SUP2, PERM | Target: SUP2 | Affects: ['ALL']
        WeltTraceEHR | EHR% | Stacks: 1 | Value: 0.280 | Remaining Turns: 1 | TickDown: SUP2, PERM | Target: SUP2 | Affects: ['ALL']
        WeltTraceDMG | DMG% | Stacks: 1 | Value: 0.144 | Remaining Turns: 1 | TickDown: SUP2, PERM | Target: SUP2 | Affects: ['ALL']
        KeelCD(SUS) | CD% | Stacks: 1 | Value: 0.100 | Remaining Turns: 1 | TickDown: SUP2, PERM | Target: SUP2 | Affects: ['ALL']
        WeltTalent3ATK | ATK% | Stacks: 1 | Value: 0.800 | Remaining Turns: 1 | TickDown: SUP2, PERM | Target: SUP2 | Affects: ['ALL']
        WarriorGoddessHealCD | CD% | Stacks: 1 | Value: 0.150 | Remaining Turns: 1 | TickDown: SUP2, START | Target: SUP2 | Affects: ['ALL']
        ----------End of Buff List----------
        ----------Enemy Debuffs----------
        WeltSpdDebuff | From: SUP2 | SPD% | Stacks: 1 | Value: -0.100 | Remaining Turns: 2 | Target: 1 | Targeting: ST | Affects: ['ALL'] | DOT: False | Blast: False
        WeltWeightlessSPD | From: SUP2 | SPD% | Stacks: 1 | Value: -0.050 | Remaining Turns: 1 | Target: 1 | Targeting: ST | Affects: ['ALL'] | DOT: False | Blast: False
        WeltWeightlessShred | From: SUP2 | SHRED | Stacks: 1 | Value: 0.400 | Remaining Turns: 1 | Target: 1 | Targeting: ST | Affects: ['ALL'] | DOT: False | Blast: False
        Enemy 1 WIN-break | From: DPS | WINDSHEAR | Stacks: 1 | Value: 12621.002 | Remaining Turns: 2 | Target: 1 | Targeting: ST | Affects: ['ALL'] | DOT: True | Blast: False
        ResoShred(SUP2) | From: SUP2 | SHRED | Stacks: 1 | Value: 0.160 | Remaining Turns: 1 | Target: 1 | Targeting: ST | Affects: ['ALL'] | DOT: False | Blast: False
        ----------End of Debuff List----------
        ----------Healing List----------
        ----------End of Healing List----------
        ----------Shields List----------
        ----------End of Shields List----------
    GAUGE  - Enemy 1 toughness reduced by 0.000
    RESULT - WeltSkillExtra | Welt | SUP2 | DMG: 2135.792 | ELADMG: 0.000 | Enemies Hit: [1] | Enemies Broken: [] | WB DMG: 0.000 | Energy: 7.466 | Amount HP Healed: 0.000 | Amount HP Lost: 0.000 | Welt Energy: 78/120 | SP: 0 | MaxSP: 5)
    TURN   - WeltSlowedAdditionalDMG | Welt | SUP2 | ST attack | ['IMG'] | ['ADD'] | Scaling: ATK | TargetID: 1 | DMG/BREAK Splits: [1.0, 0]/[0, 0] | Energy Gained: 0 | SP Change: 0

        ----------Char Buffs----------
        GilgameshTrace3ATK | ATK% | Stacks: 1 | Value: 0.200 | Remaining Turns: 1 | TickDown: SUP2, PERM | Target: SUP2 | Affects: ['ALL']
        GilgameshTrace3CD | CD% | Stacks: 1 | Value: 0.200 | Remaining Turns: 1 | TickDown: SUP2, PERM | Target: SUP2 | Affects: ['ALL']
        MasterSmithHP | HP% | Stacks: 1 | Value: 0.120 | Remaining Turns: 1 | TickDown: SUP2, PERM | Target: SUP2 | Affects: ['ALL']
        LushakaERR | ERR% | Stacks: 1 | Value: 0.050 | Remaining Turns: 1 | TickDown: SUP2, PERM | Target: SUP2 | Affects: ['ALL']
        WeltTraceERS | ERS% | Stacks: 1 | Value: 0.100 | Remaining Turns: 1 | TickDown: SUP2, PERM | Target: SUP2 | Affects: ['ALL']
        WeltTraceEHR | EHR% | Stacks: 1 | Value: 0.280 | Remaining Turns: 1 | TickDown: SUP2, PERM | Target: SUP2 | Affects: ['ALL']
        WeltTraceDMG | DMG% | Stacks: 1 | Value: 0.144 | Remaining Turns: 1 | TickDown: SUP2, PERM | Target: SUP2 | Affects: ['ALL']
        KeelCD(SUS) | CD% | Stacks: 1 | Value: 0.100 | Remaining Turns: 1 | TickDown: SUP2, PERM | Target: SUP2 | Affects: ['ALL']
        WeltTalent3ATK | ATK% | Stacks: 1 | Value: 0.800 | Remaining Turns: 1 | TickDown: SUP2, PERM | Target: SUP2 | Affects: ['ALL']
        WarriorGoddessHealCD | CD% | Stacks: 1 | Value: 0.150 | Remaining Turns: 1 | TickDown: SUP2, START | Target: SUP2 | Affects: ['ALL']
        ----------End of Buff List----------
        ----------Enemy Debuffs----------
        WeltSpdDebuff | From: SUP2 | SPD% | Stacks: 1 | Value: -0.100 | Remaining Turns: 2 | Target: 1 | Targeting: ST | Affects: ['ALL'] | DOT: False | Blast: False
        WeltWeightlessSPD | From: SUP2 | SPD% | Stacks: 1 | Value: -0.050 | Remaining Turns: 1 | Target: 1 | Targeting: ST | Affects: ['ALL'] | DOT: False | Blast: False
        WeltWeightlessShred | From: SUP2 | SHRED | Stacks: 1 | Value: 0.400 | Remaining Turns: 1 | Target: 1 | Targeting: ST | Affects: ['ALL'] | DOT: False | Blast: False
        Enemy 1 WIN-break | From: DPS | WINDSHEAR | Stacks: 1 | Value: 12621.002 | Remaining Turns: 2 | Target: 1 | Targeting: ST | Affects: ['ALL'] | DOT: True | Blast: False
        ResoShred(SUP2) | From: SUP2 | SHRED | Stacks: 1 | Value: 0.160 | Remaining Turns: 1 | Target: 1 | Targeting: ST | Affects: ['ALL'] | DOT: False | Blast: False
        ----------End of Debuff List----------
        ----------Healing List----------
        ----------End of Healing List----------
        ----------Shields List----------
        ----------End of Shields List----------
    GAUGE  - Enemy 1 toughness reduced by 0.000
    RESULT - WeltSlowedAdditionalDMG | Welt | SUP2 | DMG: 2966.378 | ELADMG: 0.000 | Enemies Hit: [1] | Enemies Broken: [] | WB DMG: 0.000 | Energy: 0.000 | Amount HP Healed: 0.000 | Amount HP Lost: 0.000 | Welt Energy: 78/120 | SP: 0 | MaxSP: 5)
    TURN   - WeltAdditionalDMG | Welt | SUP2 | ST attack | ['IMG'] | ['ADD'] | Scaling: ATK | TargetID: 1 | DMG/BREAK Splits: [0.864, 0]/[0, 0] | Energy Gained: 0 | SP Change: 0

        ----------Char Buffs----------
        GilgameshTrace3ATK | ATK% | Stacks: 1 | Value: 0.200 | Remaining Turns: 1 | TickDown: SUP2, PERM | Target: SUP2 | Affects: ['ALL']
        GilgameshTrace3CD | CD% | Stacks: 1 | Value: 0.200 | Remaining Turns: 1 | TickDown: SUP2, PERM | Target: SUP2 | Affects: ['ALL']
        MasterSmithHP | HP% | Stacks: 1 | Value: 0.120 | Remaining Turns: 1 | TickDown: SUP2, PERM | Target: SUP2 | Affects: ['ALL']
        LushakaERR | ERR% | Stacks: 1 | Value: 0.050 | Remaining Turns: 1 | TickDown: SUP2, PERM | Target: SUP2 | Affects: ['ALL']
        WeltTraceERS | ERS% | Stacks: 1 | Value: 0.100 | Remaining Turns: 1 | TickDown: SUP2, PERM | Target: SUP2 | Affects: ['ALL']
        WeltTraceEHR | EHR% | Stacks: 1 | Value: 0.280 | Remaining Turns: 1 | TickDown: SUP2, PERM | Target: SUP2 | Affects: ['ALL']
        WeltTraceDMG | DMG% | Stacks: 1 | Value: 0.144 | Remaining Turns: 1 | TickDown: SUP2, PERM | Target: SUP2 | Affects: ['ALL']
        KeelCD(SUS) | CD% | Stacks: 1 | Value: 0.100 | Remaining Turns: 1 | TickDown: SUP2, PERM | Target: SUP2 | Affects: ['ALL']
        WeltTalent3ATK | ATK% | Stacks: 1 | Value: 0.800 | Remaining Turns: 1 | TickDown: SUP2, PERM | Target: SUP2 | Affects: ['ALL']
        WarriorGoddessHealCD | CD% | Stacks: 1 | Value: 0.150 | Remaining Turns: 1 | TickDown: SUP2, START | Target: SUP2 | Affects: ['ALL']
        ----------End of Buff List----------
        ----------Enemy Debuffs----------
        WeltSpdDebuff | From: SUP2 | SPD% | Stacks: 1 | Value: -0.100 | Remaining Turns: 2 | Target: 1 | Targeting: ST | Affects: ['ALL'] | DOT: False | Blast: False
        WeltWeightlessSPD | From: SUP2 | SPD% | Stacks: 1 | Value: -0.050 | Remaining Turns: 1 | Target: 1 | Targeting: ST | Affects: ['ALL'] | DOT: False | Blast: False
        WeltWeightlessShred | From: SUP2 | SHRED | Stacks: 1 | Value: 0.400 | Remaining Turns: 1 | Target: 1 | Targeting: ST | Affects: ['ALL'] | DOT: False | Blast: False
        Enemy 1 WIN-break | From: DPS | WINDSHEAR | Stacks: 1 | Value: 12621.002 | Remaining Turns: 2 | Target: 1 | Targeting: ST | Affects: ['ALL'] | DOT: True | Blast: False
        ResoShred(SUP2) | From: SUP2 | SHRED | Stacks: 1 | Value: 0.160 | Remaining Turns: 1 | Target: 1 | Targeting: ST | Affects: ['ALL'] | DOT: False | Blast: False
        ----------End of Debuff List----------
        ----------Healing List----------
        ----------End of Healing List----------
        ----------Shields List----------
        ----------End of Shields List----------
    GAUGE  - Enemy 1 toughness reduced by 0.000
    RESULT - WeltAdditionalDMG | Welt | SUP2 | DMG: 2562.951 | ELADMG: 0.000 | Enemies Hit: [1] | Enemies Broken: [] | WB DMG: 0.000 | Energy: 0.000 | Amount HP Healed: 0.000 | Amount HP Lost: 0.000 | Welt Energy: 78/120 | SP: 0 | MaxSP: 5)
    TURN   - HuoHuoAllyERR | HuoHuo | SUS | NA attack | ['WIN'] | ['SPECIAL'] | Scaling: HP | TargetID: 1 | DMG/BREAK Splits: [0, 0]/[0, 0] | Energy Gained: 1 | SP Change: 0

        ----------Char Buffs----------
        GilgameshTrace3ATK | ATK% | Stacks: 1 | Value: 0.200 | Remaining Turns: 1 | TickDown: SUS, PERM | Target: SUS | Affects: ['ALL']
        GilgameshTrace3CD | CD% | Stacks: 1 | Value: 0.200 | Remaining Turns: 1 | TickDown: SUS, PERM | Target: SUS | Affects: ['ALL']
        PostOpERR | ERR% | Stacks: 1 | Value: 0.160 | Remaining Turns: 1 | TickDown: SUS, PERM | Target: SUS | Affects: ['ALL']
        WarriorGoddessSPD | SPD% | Stacks: 1 | Value: 0.060 | Remaining Turns: 1 | TickDown: SUS, PERM | Target: SUS | Affects: ['ALL']
        KeelEFFRES | ERS% | Stacks: 1 | Value: 0.100 | Remaining Turns: 1 | TickDown: SUS, PERM | Target: SUS | Affects: ['ALL']
        KeelCD(SUS) | CD% | Stacks: 1 | Value: 0.100 | Remaining Turns: 1 | TickDown: SUS, PERM | Target: SUS | Affects: ['ALL']
        HHTraceHP | HP% | Stacks: 1 | Value: 0.280 | Remaining Turns: 1 | TickDown: SUS, PERM | Target: SUS | Affects: ['ALL']
        HHTraceERS | ERS% | Stacks: 1 | Value: 0.180 | Remaining Turns: 1 | TickDown: SUS, PERM | Target: SUS | Affects: ['ALL']
        HHTraceSPD | SPD | Stacks: 1 | Value: 5.000 | Remaining Turns: 1 | TickDown: SUS, PERM | Target: SUS | Affects: ['ALL']
        WarriorGoddessHealSPD | SPD% | Stacks: 1 | Value: 0.060 | Remaining Turns: 2 | TickDown: SUS, START | Target: SUS | Affects: ['ALL']
        WarriorGoddessHealCD | CD% | Stacks: 1 | Value: 0.150 | Remaining Turns: 2 | TickDown: SUS, START | Target: SUS | Affects: ['ALL']
        WeltAllyWeightlessDMG | DMG% | Stacks: 1 | Value: 0.100 | Remaining Turns: 1 | TickDown: SUS, END | Target: SUS | Affects: ['ALL']
        ----------End of Buff List----------
        ----------Enemy Debuffs----------
        WeltSpdDebuff | From: SUP2 | SPD% | Stacks: 1 | Value: -0.100 | Remaining Turns: 2 | Target: 1 | Targeting: ST | Affects: ['ALL'] | DOT: False | Blast: False
        WeltWeightlessSPD | From: SUP2 | SPD% | Stacks: 1 | Value: -0.050 | Remaining Turns: 1 | Target: 1 | Targeting: ST | Affects: ['ALL'] | DOT: False | Blast: False
        WeltWeightlessShred | From: SUP2 | SHRED | Stacks: 1 | Value: 0.400 | Remaining Turns: 1 | Target: 1 | Targeting: ST | Affects: ['ALL'] | DOT: False | Blast: False
        Enemy 1 WIN-break | From: DPS | WINDSHEAR | Stacks: 1 | Value: 12621.002 | Remaining Turns: 2 | Target: 1 | Targeting: ST | Affects: ['ALL'] | DOT: True | Blast: False
        ResoShred(SUP2) | From: SUP2 | SHRED | Stacks: 1 | Value: 0.160 | Remaining Turns: 1 | Target: 1 | Targeting: ST | Affects: ['ALL'] | DOT: False | Blast: False
        ----------End of Debuff List----------
        ----------Healing List----------
        ----------End of Healing List----------
        ----------Shields List----------
        ----------End of Shields List----------
    GAUGE  - Enemy 1 toughness reduced by 0.000
    RESULT - HuoHuoAllyERR | HuoHuo | SUS | DMG: 0.000 | ELADMG: 0.000 | Enemies Hit: [1] | Enemies Broken: [] | WB DMG: 0.000 | Energy: 1.354 | Amount HP Healed: 0.000 | Amount HP Lost: 0.000 | HuoHuo Energy: 39/140 | SP: 0 | MaxSP: 5)
[WeltAllyBuff] allyTurn() invoked for attacker=Role.SUS, move=HuoHuoAllyERR
[WeltAllyBuff] allyTurn check: attacker=Role.SUS, turnName=HuoHuoAllyERR, dmg=0.0, elationDmg=0, enemiesHit=[1], weightlessTurns={0: 2, 1: 1, 2: 2}
[WeltAllyBuff] skipped: no damage on this turn
SPD    > Gilgamesh speed changed to 147.832 | NewAV: 64.179
AV     > Welt AV reset to 64.670 | 154.632 SPD
DELAY  > Enemy 1 delayed by 4.0% from WeltWeightlessDelay | NewAV: 67.511

<<< NEW TURN >>>
-   Enemy 2 AV: 0.000 ENERGY: 0.000 MaxHP: 2000000.000 CurrHp 525829.578 ShieldHP: 0.000
-   Enemy 0 AV: 0.158 ENERGY: 0.000 MaxHP: 2000000.000 CurrHp 525829.578 ShieldHP: 0.000
-   HuoHuo AV: 17.491 ENERGY: 39.277 MaxHP: 6139.808 CurrHp 5675.925 ShieldHP: 0.000
-   Saber AV: 29.403 ENERGY: 281.000 MaxHP: 3366.991 CurrHp 2154.227 ShieldHP: 0.000
-   Gilgamesh AV: 33.512 ENERGY: 273.667 MaxHP: 3134.558 CurrHp 2281.555 ShieldHP: 0.000
-   Welt AV: 34.003 ENERGY: 77.924 MaxHP: 3270.753 CurrHp 2219.158 ShieldHP: 0.000
-   Enemy 1 AV: 36.844 ENERGY: 0.000 MaxHP: 5000000.000 CurrHp 1082319.298 ShieldHP: 0.000

Combat context set: 3 enemies, 4 players
Combat context initialized: 3 enemies, Elation team size: 0
ACTION > [ENEMY] TotalAV: 548.024 | TurnAV: 30.667 | Enemy 2 | 1 attacks
    CharEnergy - Saber: Hit 6.667 Total: 287.667 | Gilgamesh: Hit 6.667 Total: 280.333 | Welt: Hit 3.333 Total: 82.072 | HuoHuo: Hit 3.333 Total: 43.792 |
    ENEMY  - Enemy 2 [aoe] dealt 232.0 to Saber (energy: 3.3, DEF: 2409, atkMul: 1.00, dmgMul: 1.00) | Shield Absorbed: 0.0 | HP Lost: 232.0 | HP: 1922/3367 | Shield HP: 0
    ENEMY  - Enemy 2 [aoe] dealt 337.5 to Welt (energy: 3.3, DEF: 1296, atkMul: 1.00, dmgMul: 1.00) | Shield Absorbed: 0.0 | HP Lost: 337.5 | HP: 1882/3271 | Shield HP: 0
    ENEMY  - Enemy 2 [aoe] dealt 280.5 to Gilgamesh (energy: 3.3, DEF: 1794, atkMul: 1.00, dmgMul: 1.00) | Shield Absorbed: 0.0 | HP Lost: 280.5 | HP: 2001/3135 | Shield HP: 0
    ENEMY  - Enemy 2 [aoe] dealt 231.9 to HuoHuo (energy: 3.3, DEF: 2410, atkMul: 1.00, dmgMul: 1.00) | Shield Absorbed: 0.0 | HP Lost: 231.9 | HP: 5444/6140 | Shield HP: 0
    ENEMY  - Enemy 2 [aoe] dealt 232.0 to Saber (energy: 3.3, DEF: 2409, atkMul: 1.00, dmgMul: 1.00) | Shield Absorbed: 0.0 | HP Lost: 232.0 | HP: 1690/3367 | Shield HP: 0
    ENEMY  - Enemy 2 [aoe] dealt 280.5 to Gilgamesh (energy: 3.3, DEF: 1794, atkMul: 1.00, dmgMul: 1.00) | Shield Absorbed: 0.0 | HP Lost: 280.5 | HP: 1721/3135 | Shield HP: 0
    DEBUFF - Enemy 2 took 7542.432 Debuff damage from Enemy 2 WIN-break
        Debuff ResoShred(SUP2) expired
        Debuff WeltImprisonSPD expired
AV     > Enemy 2 AV reset to 66.890 | 149.500 SPD

<<< NEW TURN >>>
-   Enemy 0 AV: 0.000 ENERGY: 0.000 MaxHP: 2000000.000 CurrHp 525829.578 ShieldHP: 0.000
-   HuoHuo AV: 17.333 ENERGY: 43.792 MaxHP: 6139.808 CurrHp 5443.984 ShieldHP: 0.000
-   Saber AV: 29.244 ENERGY: 287.667 MaxHP: 3366.991 CurrHp 1690.172 ShieldHP: 0.000
-   Gilgamesh AV: 33.354 ENERGY: 280.333 MaxHP: 3134.558 CurrHp 1720.612 ShieldHP: 0.000
-   Welt AV: 33.845 ENERGY: 82.072 MaxHP: 3270.753 CurrHp 1881.617 ShieldHP: 0.000
-   Enemy 1 AV: 36.686 ENERGY: 0.000 MaxHP: 5000000.000 CurrHp 1082319.298 ShieldHP: 0.000
-   Enemy 2 AV: 66.731 ENERGY: 0.000 MaxHP: 2000000.000 CurrHp 525829.578 ShieldHP: 0.000

Combat context set: 3 enemies, 4 players
Combat context initialized: 3 enemies, Elation team size: 0
[WeltAllyBuff] enemy turn-boundary detected for eid=2 (prevAV=0.0, currAV=66.73140869565216); weightlessTurns before={0: 2, 1: 1, 2: 2}
[WeltAllyBuff] weightlessTurns after={0: 2, 1: 1, 2: 1}
ACTION > [ENEMY] TotalAV: 548.182 | TurnAV: 0.158 | Enemy 0 | 1 attacks
    CharEnergy - Saber: Hit 5.000 Total: 292.667 | Gilgamesh: Hit 5.000 Total: 285.333 | Welt: Hit 5.000 Total: 88.294 | HuoHuo: Hit 5.000 Total: 50.564 |
    ENEMY  - Enemy 0 [aoe] dealt 232.0 to Saber (energy: 3.3, DEF: 2409, atkMul: 1.00, dmgMul: 1.00) | Shield Absorbed: 0.0 | HP Lost: 232.0 | HP: 1458/3367 | Shield HP: 0
    ENEMY  - Enemy 0 [aoe] dealt 116.0 to Saber (energy: 1.7, DEF: 2409, atkMul: 1.00, dmgMul: 1.00) | Shield Absorbed: 0.0 | HP Lost: 116.0 | HP: 1342/3367 | Shield HP: 0
    ENEMY  - Enemy 0 [aoe] dealt 140.2 to Gilgamesh (energy: 1.7, DEF: 1794, atkMul: 1.00, dmgMul: 1.00) | Shield Absorbed: 0.0 | HP Lost: 140.2 | HP: 1580/3135 | Shield HP: 0
    ENEMY  - Enemy 0 [aoe] dealt 168.8 to Welt (energy: 1.7, DEF: 1296, atkMul: 1.00, dmgMul: 1.00) | Shield Absorbed: 0.0 | HP Lost: 168.8 | HP: 1713/3271 | Shield HP: 0
    ENEMY  - Enemy 0 [aoe] dealt 116.0 to HuoHuo (energy: 1.7, DEF: 2410, atkMul: 1.00, dmgMul: 1.00) | Shield Absorbed: 0.0 | HP Lost: 116.0 | HP: 5328/6140 | Shield HP: 0
    ENEMY  - Enemy 0 [aoe] dealt 337.5 to Welt (energy: 3.3, DEF: 1296, atkMul: 1.00, dmgMul: 1.00) | Shield Absorbed: 0.0 | HP Lost: 337.5 | HP: 1375/3271 | Shield HP: 0
    ENEMY  - Enemy 0 [aoe] dealt 280.5 to Gilgamesh (energy: 3.3, DEF: 1794, atkMul: 1.00, dmgMul: 1.00) | Shield Absorbed: 0.0 | HP Lost: 280.5 | HP: 1300/3135 | Shield HP: 0
    ENEMY  - Enemy 0 [aoe] dealt 231.9 to HuoHuo (energy: 3.3, DEF: 2410, atkMul: 1.00, dmgMul: 1.00) | Shield Absorbed: 0.0 | HP Lost: 231.9 | HP: 5096/6140 | Shield HP: 0
    DEBUFF - Enemy 0 took 7542.432 Debuff damage from Enemy 0 WIN-break
        Debuff ResoShred(SUP2) expired
        Debuff WeltImprisonSPD expired
AV     > Enemy 0 AV reset to 66.890 | 149.500 SPD

==========COMBAT SIMULATION ENDED==========

==========SIMULATION RESULTS==========
TOTAL TEAM DMG: 16512963.304 | AV: 550
TEAM DPAV: 30023.570
TOTAL TEAM HPGAIN: 33857.996 | TOTAL TEAM HPLOSS 0.000
TOTAL SHIELD GRANTED: 0.000 | TOTAL SHIELD ABSORBED: 0.000
  Saber Current Shield HP: 0.0
  Gilgamesh Current Shield HP: 0.0
  Welt Current Shield HP: 0.0
  HuoHuo Current Shield HP: 0.0
DEBUFF DMG: 60339.453 | CHAR DMG: 16368734.756 | WB DMG: 83889.096 |ELATION DMG: 0.000
SP GAINED: 12 | SP USED: 16 | Enemy Attacks: 19
FINITE HP MODE: ON | Total Overkill DMG: 502713.2
  Enemy 0 (ELITE) | Overkill: 207093.6 | HP: 525830/2000000
  Enemy 1 (BOSS) | Overkill: 51593.6 | HP: 1082319/5000000
  Enemy 2 (ELITE) | Overkill: 244026.1 | HP: 525830/2000000

Saber DPAV: 18122.684, 60.362%
Gilgamesh DPAV: 11318.353, 37.698%
Welt DPAV: 457.077, 1.522%
HuoHuo DPAV: 15.748, 0.052%

Saber > Total DMG: 9967475.977 | Basics: 3 | Skills: 5 | Ults: 4 | FuAs: 0 | MemoAttacks: 0 | ElationSkills: 0 | JointAttacks: 3 | Leftover AV: 29.244 | Excess Energy: 292.667
-BSC: 620361.386 | 6.224%
-SKL: 1422344.818 | 14.270%
-ULT: 5738746.491 | 57.575%
-BRK: 83889.096 | 0.842%
-SBK: 0.000 | 0.000%
-FUA: 2102134.186 | 21.090%
-ADD: 0.000 | 0.000%
-DOT: 0.000 | 0.000%
-TECH: 0.000 | 0.000%
-ELABANGER: 0.000 | 0.000%
-ELAPUNCH: 0.000 | 0.000%
-MEMO: 0.000 | 0.000%
-SPECIAL: 0.000 | 0.000%

Gilgamesh > Total DMG: 6225094.364 | Basics: 1 | Skills: 8 | Ults: 3 | FuAs: 0 | MemoAttacks: 0 | ElationSkills: 0 | JointAttacks: 3 | Leftover AV: 33.354 | Excess Energy: 285.333
-BSC: 19263.339 | 0.309%
-SKL: 1833100.347 | 29.447%
-ULT: 2884882.731 | 46.343%
-BRK: 0.000 | 0.000%
-SBK: 0.000 | 0.000%
-FUA: 1432763.722 | 23.016%
-ADD: 0.000 | 0.000%
-DOT: 0.000 | 0.000%
-TECH: 0.000 | 0.000%
-ELABANGER: 0.000 | 0.000%
-ELAPUNCH: 0.000 | 0.000%
-MEMO: 0.000 | 0.000%
-SPECIAL: 55084.226 | 0.885%

Welt > Total DMG: 251392.134 | Basics: 0 | Skills: 8 | Ults: 4 | FuAs: 0 | MemoAttacks: 0 | ElationSkills: 0 | JointAttacks: 0 | Leftover AV: 33.845 | Excess Energy: 88.294
-BSC: 0.000 | 0.000%
-SKL: 69476.223 | 27.637%
-ULT: 47152.945 | 18.757%
-BRK: 0.000 | 0.000%
-SBK: 0.000 | 0.000%
-FUA: 0.000 | 0.000%
-ADD: 134762.965 | 53.607%
-DOT: 0.000 | 0.000%
-TECH: 0.000 | 0.000%
-ELABANGER: 0.000 | 0.000%
-ELAPUNCH: 0.000 | 0.000%
-MEMO: 0.000 | 0.000%
-SPECIAL: 0.000 | 0.000%

HuoHuo > Total DMG: 8661.377 | Basics: 5 | Skills: 3 | Ults: 3 | FuAs: 0 | MemoAttacks: 0 | ElationSkills: 0 | JointAttacks: 0 | Leftover AV: 17.333 | Excess Energy: 50.564
-BSC: 8661.377 | 100.000%
-SKL: 0.000 | 0.000%
-ULT: 0.000 | 0.000%
-BRK: 0.000 | 0.000%
-SBK: 0.000 | 0.000%
-FUA: 0.000 | 0.000%
-ADD: 0.000 | 0.000%
-DOT: 0.000 | 0.000%
-TECH: 0.000 | 0.000%
-ELABANGER: 0.000 | 0.000%
-ELAPUNCH: 0.000 | 0.000%
-MEMO: 0.000 | 0.000%
-SPECIAL: 0.000 | 0.000%

