Combat context set: 3 enemies, 4 players
Enemy Team:
Enemy 0 | LVL: 95 | SPD: 130 | Weakness: ['WIND'] | Toughness: 100
Enemy 1 | LVL: 95 | SPD: 158.4 | Weakness: ['WIND'] | Toughness: 160
Enemy 2 | LVL: 95 | SPD: 130 | Weakness: ['WIND'] | Toughness: 100

Player Team:
Saber E0 | WIND-DESTRUCTION | DPS | POS:0
A Thankless Coronation S1
Scholar lost in Erudition (4-pc)
Cosmic Life Sciences Institute

Gilgamesh E0 | LIGHTNING-DESTRUCTION | SUP1 | POS:1
On the Fall of an Aeon S5
Scholar lost in Erudition (4-pc)
Cosmic Life Sciences Institute

MortenaxBlade E0 | FIRE-NIHILITY | SUP2 | POS:2
Resolution Shines as Pearls of Sweat S5
Divine-Querying Master Smith (4-pc)
Lushaka, the Sunken Seas

HuoHuo E0 | WIND-ABUNDANCE | SUS | POS:3
Post-Op Conversation S5
Warrior Goddess of Sun and Thunder (4-pc)
Broken Keel

    PUNCH  > SharedPunchline: 0.0 -> 0.0

Initial AV Adjustments

Initial Enemy Delays

==========COMBAT SIMULATION STARTED==========

<<< NEW TURN >>>
-   Enemy 1 AV: 0.000 ENERGY: 0.000 MaxHP: 5000000.000 CurrHp 5000000.000 ShieldHP: 0.000
-   MortenaxBlade AV: 1.371 ENERGY: 120.000 MaxHP: 4779.283 CurrHp 4779.283 ShieldHP: 0.000
-   HuoHuo AV: 1.547 ENERGY: 70.000 MaxHP: 6139.808 CurrHp 6139.808 ShieldHP: 0.000
-   Saber AV: 13.420 ENERGY: 216.000 MaxHP: 3366.991 CurrHp 3366.991 ShieldHP: 0.000
-   Enemy 0 AV: 13.792 ENERGY: 0.000 MaxHP: 2000000.000 CurrHp 2000000.000 ShieldHP: 0.000
-   Enemy 2 AV: 13.792 ENERGY: 0.000 MaxHP: 2000000.000 CurrHp 2000000.000 ShieldHP: 0.000
-   Gilgamesh AV: 15.838 ENERGY: 180.000 MaxHP: 3134.558 CurrHp 3134.558 ShieldHP: 0.000
-   InfiniteFury AV: 9936.869 ENERGY: 0.000 MaxHP: 0.000 CurrHp 0.000 ShieldHP: 0.000

Combat context set: 3 enemies, 4 players
Combat context initialized: 3 enemies, Elation team size: 0
Saber got 2 Core Resonance from Technique, Current Count: 3
Gilgamesh Obtained 3 Interest from Technique, Current count: 3
    TURN   - GilgameshTechnique | Gilgamesh | SUP1 | AOE attack | ['LNG'] | ['SPECIAL'] | Scaling: ATK | TargetID: 1 | DMG/BREAK Splits: [2.0, 0]/[0, 0] | Energy Gained: 0 | SP Change: 0

        ----------Char Buffs----------
        ScholarCR | CR% | Stacks: 1 | Value: 0.080 | Remaining Turns: 1 | TickDown: SUP1, PERM | Target: SUP1 | Affects: ['ALL']
        GilgameshTraceATK | ATK | Stacks: 1 | Value: 0.180 | Remaining Turns: 1 | TickDown: SUP1, PERM | Target: SUP1 | Affects: ['ALL']
        GilgameshTraceCR | CR% | Stacks: 1 | Value: 0.187 | Remaining Turns: 1 | TickDown: SUP1, PERM | Target: SUP1 | Affects: ['ALL']
        GilgameshTraceDMG | DMG% | Stacks: 1 | Value: 0.080 | Remaining Turns: 1 | TickDown: SUP1, PERM | Target: SUP1 | Affects: ['ALL']
        GilgameshTrace3ATK | ATK% | Stacks: 1 | Value: 0.200 | Remaining Turns: 1 | TickDown: SUP1, PERM | Target: SUP1 | Affects: ['ALL']
        GilgameshTrace3CD | CD% | Stacks: 1 | Value: 0.200 | Remaining Turns: 1 | TickDown: SUP1, PERM | Target: SUP1 | Affects: ['ALL']
        GilgameshTrace3SelfATK | ATK% | Stacks: 1 | Value: 1.000 | Remaining Turns: 1 | TickDown: SUP1, PERM | Target: SUP1 | Affects: ['ALL']
        GilgameshTrace3SelfCD | CD% | Stacks: 1 | Value: 1.000 | Remaining Turns: 1 | TickDown: SUP1, PERM | Target: SUP1 | Affects: ['ALL']
        KeelCD(SUS) | CD% | Stacks: 1 | Value: 0.100 | Remaining Turns: 1 | TickDown: SUP1, PERM | Target: SUP1 | Affects: ['ALL']
        CosmicLifeDMG | DMG% | Stacks: 1 | Value: 0.320 | Remaining Turns: 1 | TickDown: SUP1, PERM | Target: SUP1 | Affects: ['ALL']
        Trace2CDExtra | CD% | Stacks: 1 | Value: 0.750 | Remaining Turns: 1 | TickDown: SUP1, PERM | Target: SUP1 | Affects: ['ALL']
        GilgameshInterestSPD | SPD% | Stacks: 1 | Value: 0.300 | Remaining Turns: 1 | TickDown: SUP2, PERM | Target: SUP1 | Affects: ['ALL']
        ----------End of Buff List----------

        ----------Enemy Debuffs----------
        HuohuoTechniqueDebuff | From: SUS | ATK_REDUCTION | Stacks: 1 | Value: 0.250 | Remaining Turns: 2 | Target: 1 | Targeting: ST | Affects: ['SPECIAL'] | DOT: False | Blast: False
        ----------End of Debuff List----------
        ----------Healing List----------
        ----------End of Healing List----------
    GAUGE  - Enemy 0 toughness reduced by 0.000
    GAUGE  - Enemy 1 toughness reduced by 0.000
    GAUGE  - Enemy 2 toughness reduced by 0.000
    RESULT - GilgameshTechnique | Gilgamesh | SUP1 | DMG: 57131.391 | ELADMG: 0.000 | Enemies Hit: [0, 1, 2] | Enemies Broken: [] | WB DMG: 0.000 | Energy: 0.000 | Amount HP Healed: 0.000 | Amount HP Lost: 0.000 | Gilgamesh Energy: 180/360 | SP: 3 | MaxSP: 5)
    TURN   - MortenaxBladeTech | MortenaxBlade | SUP2 | ST attack | ['FIR'] | ['ALL'] | Scaling: HP | TargetID: 1 | DMG/BREAK Splits: [0, 0]/[20, 0] | Energy Gained: 0 | SP Change: 0

        ----------Char Buffs----------
        GilgameshTrace3ATK | ATK% | Stacks: 1 | Value: 0.200 | Remaining Turns: 1 | TickDown: SUP2, PERM | Target: SUP2 | Affects: ['ALL']
        GilgameshTrace3CD | CD% | Stacks: 1 | Value: 0.200 | Remaining Turns: 1 | TickDown: SUP2, PERM | Target: SUP2 | Affects: ['ALL']
        MasterSmithHP | HP% | Stacks: 1 | Value: 0.120 | Remaining Turns: 1 | TickDown: SUP2, PERM | Target: SUP2 | Affects: ['ALL']
        LushakaERR | ERR% | Stacks: 1 | Value: 0.050 | Remaining Turns: 1 | TickDown: SUP2, PERM | Target: SUP2 | Affects: ['ALL']
        MortenaxBladeTraceCR | CR% | Stacks: 1 | Value: 0.120 | Remaining Turns: 1 | TickDown: SUP2, PERM | Target: SUP2 | Affects: ['ALL']
        MortenaxBladeTraceHP | HP% | Stacks: 1 | Value: 0.100 | Remaining Turns: 1 | TickDown: SUP2, PERM | Target: SUP2 | Affects: ['ALL']
        MortenaxBladeTraceDMG | DMG% | Stacks: 1 | Value: 0.224 | Remaining Turns: 1 | TickDown: SUP2, PERM | Target: SUP2 | Affects: ['ALL']
        KeelCD(SUS) | CD% | Stacks: 1 | Value: 0.100 | Remaining Turns: 1 | TickDown: SUP2, PERM | Target: SUP2 | Affects: ['ALL']
        MortenaxBladeTechDMGReduction | DMG_REDUCTION | Stacks: 1 | Value: 0.900 | Remaining Turns: 2 | TickDown: SUP2, END | Target: SUP2 | Affects: ['ALL']
        ----------End of Buff List----------

        ----------Enemy Debuffs----------
        HuohuoTechniqueDebuff | From: SUS | ATK_REDUCTION | Stacks: 1 | Value: 0.250 | Remaining Turns: 2 | Target: 1 | Targeting: ST | Affects: ['SPECIAL'] | DOT: False | Blast: False
        ----------End of Debuff List----------
        ----------Healing List----------
        ----------End of Healing List----------
    GAUGE  - Enemy 1 toughness reduced by 0.000
    RESULT - MortenaxBladeTech | MortenaxBlade | SUP2 | DMG: 0.000 | ELADMG: 0.000 | Enemies Hit: [1] | Enemies Broken: [] | WB DMG: 0.000 | Energy: 0.000 | Amount HP Healed: 0.000 | Amount HP Lost: 0.000 | MortenaxBlade Energy: 120/160 | SP: 3 | MaxSP: 5)
Gilgamesh Obtained 1 Interest from Teammate, Current count: 4
ERR    > 40.632 energy added to HuoHuo from HHTraceERR | HuoHuo Energy: 110.632
ACTION > [ENEMY] TotalAV: 63.131 | TurnAV: 63.131 | Enemy 1 | 1 attacks
    CharEnergy - Saber: Hit 8.333 Total: 224.333 | Gilgamesh: Hit 5.000 Total: 185.000 | MortenaxBlade: Hit 1.667 Total: 122.074 | HuoHuo: Hit 1.667 Total: 112.889 |
    ENEMY  - Enemy 1 [aoe] dealt 174.0 to Saber (energy: 3.3, DEF: 2409, atkMul: 0.75, dmgMul: 1.00) | Shield Absorbed: 0.0 | HP Lost: 174.0 | HP: 3193/3367 | Shield HP: 0
    ENEMY  - Enemy 1 [aoe] dealt 210.4 to Gilgamesh (energy: 3.3, DEF: 1794, atkMul: 0.75, dmgMul: 1.00) | Shield Absorbed: 0.0 | HP Lost: 210.4 | HP: 2924/3135 | Shield HP: 0
    ENEMY  - Enemy 1 [aoe] dealt 87.0 to Saber (energy: 1.7, DEF: 2409, atkMul: 0.75, dmgMul: 1.00) | Shield Absorbed: 0.0 | HP Lost: 87.0 | HP: 3106/3367 | Shield HP: 0
    ENEMY  - Enemy 1 [aoe] dealt 105.2 to Gilgamesh (energy: 1.7, DEF: 1794, atkMul: 0.75, dmgMul: 1.00) | Shield Absorbed: 0.0 | HP Lost: 105.2 | HP: 2819/3135 | Shield HP: 0
    ENEMY  - Enemy 1 [aoe] dealt 9.8 to MortenaxBlade (energy: 1.7, DEF: 2014, atkMul: 0.75, dmgMul: 1.00) | Shield Absorbed: 0.0 | HP Lost: 9.8 | HP: 4769/4779 | Shield HP: 0
    ENEMY  - Enemy 1 [aoe] dealt 87.0 to HuoHuo (energy: 1.7, DEF: 2410, atkMul: 0.75, dmgMul: 1.00) | Shield Absorbed: 0.0 | HP Lost: 87.0 | HP: 6053/6140 | Shield HP: 0
    ENEMY  - Enemy 1 [aoe] dealt 174.0 to Saber (energy: 3.3, DEF: 2409, atkMul: 0.75, dmgMul: 1.00) | Shield Absorbed: 0.0 | HP Lost: 174.0 | HP: 2932/3367 | Shield HP: 0
SPD    > Gilgamesh speed changed to 165.432 | NewAV: 12.123
AV     > Enemy 1 AV reset to 63.131 | 158.400 SPD

<<< NEW TURN >>>
-   MortenaxBlade AV: 0.000 ENERGY: 122.074 MaxHP: 4779.283 CurrHp 4769.496 ShieldHP: 0.000
-   HuoHuo AV: 0.175 ENERGY: 112.889 MaxHP: 6139.808 CurrHp 6052.830 ShieldHP: 0.000
-   Gilgamesh AV: 10.752 ENERGY: 185.000 MaxHP: 3134.558 CurrHp 2819.027 ShieldHP: 0.000
-   Saber AV: 12.048 ENERGY: 224.333 MaxHP: 3366.991 CurrHp 2931.939 ShieldHP: 0.000
-   Enemy 0 AV: 12.420 ENERGY: 0.000 MaxHP: 2000000.000 CurrHp 1980956.203 ShieldHP: 0.000
-   Enemy 2 AV: 12.420 ENERGY: 0.000 MaxHP: 2000000.000 CurrHp 1980956.203 ShieldHP: 0.000
-   Enemy 1 AV: 61.760 ENERGY: 0.000 MaxHP: 5000000.000 CurrHp 4980956.203 ShieldHP: 0.000
-   InfiniteFury AV: 9935.497 ENERGY: 0.000 MaxHP: 0.000 CurrHp 0.000 ShieldHP: 0.000

Combat context set: 3 enemies, 4 players
Combat context initialized: 3 enemies, Elation team size: 0
ACTION > [CHAR] TotalAV: 64.503 | TurnAV: 1.371 | MortenaxBlade | A-move
    TURN   - MortenaxBladeBasic | MortenaxBlade | SUP2 | ST attack | ['FIR'] | ['BSC'] | Scaling: HP | TargetID: 1 | DMG/BREAK Splits: [0.5, 0]/[10, 0] | Energy Gained: 20 | SP Change: 1

        ----------Char Buffs----------
        GilgameshTrace3ATK | ATK% | Stacks: 1 | Value: 0.200 | Remaining Turns: 1 | TickDown: SUP2, PERM | Target: SUP2 | Affects: ['ALL']
        GilgameshTrace3CD | CD% | Stacks: 1 | Value: 0.200 | Remaining Turns: 1 | TickDown: SUP2, PERM | Target: SUP2 | Affects: ['ALL']
        MasterSmithHP | HP% | Stacks: 1 | Value: 0.120 | Remaining Turns: 1 | TickDown: SUP2, PERM | Target: SUP2 | Affects: ['ALL']
        LushakaERR | ERR% | Stacks: 1 | Value: 0.050 | Remaining Turns: 1 | TickDown: SUP2, PERM | Target: SUP2 | Affects: ['ALL']
        MortenaxBladeTraceCR | CR% | Stacks: 1 | Value: 0.120 | Remaining Turns: 1 | TickDown: SUP2, PERM | Target: SUP2 | Affects: ['ALL']
        MortenaxBladeTraceHP | HP% | Stacks: 1 | Value: 0.100 | Remaining Turns: 1 | TickDown: SUP2, PERM | Target: SUP2 | Affects: ['ALL']
        MortenaxBladeTraceDMG | DMG% | Stacks: 1 | Value: 0.224 | Remaining Turns: 1 | TickDown: SUP2, PERM | Target: SUP2 | Affects: ['ALL']
        KeelCD(SUS) | CD% | Stacks: 1 | Value: 0.100 | Remaining Turns: 1 | TickDown: SUP2, PERM | Target: SUP2 | Affects: ['ALL']
        MortenaxBladeTechDMGReduction | DMG_REDUCTION | Stacks: 1 | Value: 0.900 | Remaining Turns: 2 | TickDown: SUP2, END | Target: SUP2 | Affects: ['ALL']
        MasterSmithCD | CD% | Stacks: 1 | Value: 0.280 | Remaining Turns: 1 | TickDown: SUP2, PERM | Target: SUP2 | Affects: ['ALL']
        MasterSmithComburent | DMG% | Stacks: 1 | Value: 0.150 | Remaining Turns: 2 | TickDown: SUP2, END | Target: SUP2 | Affects: ['ALL']
        ----------End of Buff List----------

        ----------Enemy Debuffs----------
        HuohuoTechniqueDebuff | From: SUS | ATK_REDUCTION | Stacks: 1 | Value: 0.250 | Remaining Turns: 1 | Target: 1 | Targeting: ST | Affects: ['SPECIAL'] | DOT: False | Blast: False
        ResoShred(SUP2) | From: SUP2 | SHRED | Stacks: 1 | Value: 0.160 | Remaining Turns: 1 | Target: 1 | Targeting: ST | Affects: ['ALL'] | DOT: False | Blast: False
        ----------End of Debuff List----------
        ----------Healing List----------
        ----------End of Healing List----------
    GAUGE  - Enemy 1 toughness reduced by 0.000
    RESULT - MortenaxBladeBasic | MortenaxBlade | SUP2 | DMG: 1866.652 | ELADMG: 0.000 | Enemies Hit: [1] | Enemies Broken: [] | WB DMG: 0.000 | Energy: 24.888 | Amount HP Healed: 0.000 | Amount HP Lost: 0.000 | MortenaxBlade Energy: 147/160 | SP: 4 | MaxSP: 5)
Gilgamesh Obtained 1 Interest from Teammate, Current count: 5
    TURN   - HuoHuoAllyERR | HuoHuo | SUS | NA attack | ['WIN'] | ['SPECIAL'] | Scaling: HP | TargetID: 1 | DMG/BREAK Splits: [0, 0]/[0, 0] | Energy Gained: 1 | SP Change: 0

        ----------Char Buffs----------
        GilgameshTrace3ATK | ATK% | Stacks: 1 | Value: 0.200 | Remaining Turns: 1 | TickDown: SUS, PERM | Target: SUS | Affects: ['ALL']
        GilgameshTrace3CD | CD% | Stacks: 1 | Value: 0.200 | Remaining Turns: 1 | TickDown: SUS, PERM | Target: SUS | Affects: ['ALL']
        PostOpERR | ERR% | Stacks: 1 | Value: 0.160 | Remaining Turns: 1 | TickDown: SUS, PERM | Target: SUS | Affects: ['ALL']
        WarriorGoddessSPD | SPD% | Stacks: 1 | Value: 0.060 | Remaining Turns: 1 | TickDown: SUS, PERM | Target: SUS | Affects: ['ALL']
        KeelEFFRES | ERS% | Stacks: 1 | Value: 0.100 | Remaining Turns: 1 | TickDown: SUS, PERM | Target: SUS | Affects: ['ALL']
        KeelCD(SUS) | CD% | Stacks: 1 | Value: 0.100 | Remaining Turns: 1 | TickDown: SUS, PERM | Target: SUS | Affects: ['ALL']
        HHTraceHP | HP% | Stacks: 1 | Value: 0.280 | Remaining Turns: 1 | TickDown: SUS, PERM | Target: SUS | Affects: ['ALL']
        HHTraceERS | ERS% | Stacks: 1 | Value: 0.180 | Remaining Turns: 1 | TickDown: SUS, PERM | Target: SUS | Affects: ['ALL']
        HHTraceSPD | SPD | Stacks: 1 | Value: 5.000 | Remaining Turns: 1 | TickDown: SUS, PERM | Target: SUS | Affects: ['ALL']
        MasterSmithComburent | DMG% | Stacks: 1 | Value: 0.150 | Remaining Turns: 2 | TickDown: SUS, END | Target: SUS | Affects: ['ALL']
        ----------End of Buff List----------

        ----------Enemy Debuffs----------
        HuohuoTechniqueDebuff | From: SUS | ATK_REDUCTION | Stacks: 1 | Value: 0.250 | Remaining Turns: 1 | Target: 1 | Targeting: ST | Affects: ['SPECIAL'] | DOT: False | Blast: False
        ResoShred(SUP2) | From: SUP2 | SHRED | Stacks: 1 | Value: 0.160 | Remaining Turns: 1 | Target: 1 | Targeting: ST | Affects: ['ALL'] | DOT: False | Blast: False
        ----------End of Debuff List----------
        ----------Healing List----------
        HuoHuoTalentHealingScaling | Targeting: Targeting.SINGLE | Healing Value: [0] | Target: ALL
        HuoHuoTalentHealingScaling | Targeting: Targeting.SINGLE | Healing Value: [0.045] | Target: ALL
        HuoHuoTalentHealingScaling | Targeting: Targeting.SINGLE | Healing Value: [0] | Target: ALL
        HuoHuoTalentHealingScaling | Targeting: Targeting.SINGLE | Healing Value: [0] | Target: ALL
        HuoHuoTalentHealingFlat | Targeting: Targeting.SINGLE | Healing Value: [0] | Target: ALL
        HuoHuoTalentHealingFlat | Targeting: Targeting.SINGLE | Healing Value: [120] | Target: ALL
        HuoHuoTalentHealingFlat | Targeting: Targeting.SINGLE | Healing Value: [0] | Target: ALL
        HuoHuoTalentHealingFlat | Targeting: Targeting.SINGLE | Healing Value: [0] | Target: ALL
        ----------End of Healing List----------
    GAUGE  - Enemy 1 toughness reduced by 0.000
    RESULT - HuoHuoAllyERR | HuoHuo | SUS | DMG: 0.000 | ELADMG: 0.000 | Enemies Hit: [1] | Enemies Broken: [] | WB DMG: 0.000 | Energy: 1.354 | Amount HP Healed: 371.779 | Amount HP Lost: 0.000 | HuoHuo Energy: 114/140 | SP: 4 | MaxSP: 5)
SPD    > Gilgamesh speed changed to 175.132 | NewAV: 10.156
SPD    > HuoHuo speed changed to 160.492 | NewAV: 0.169
AV     > MortenaxBlade AV reset to 64.503 | 155.032 SPD

<<< NEW TURN >>>
-   HuoHuo AV: 0.000 ENERGY: 114.244 MaxHP: 6139.808 CurrHp 6052.830 ShieldHP: 0.000
-   Gilgamesh AV: 9.987 ENERGY: 185.000 MaxHP: 3134.558 CurrHp 3134.558 ShieldHP: 0.000
-   Saber AV: 11.879 ENERGY: 224.333 MaxHP: 3366.991 CurrHp 2931.939 ShieldHP: 0.000
-   Enemy 0 AV: 12.251 ENERGY: 0.000 MaxHP: 2000000.000 CurrHp 1980956.203 ShieldHP: 0.000
-   Enemy 2 AV: 12.251 ENERGY: 0.000 MaxHP: 2000000.000 CurrHp 1980956.203 ShieldHP: 0.000
-   Enemy 1 AV: 61.591 ENERGY: 0.000 MaxHP: 5000000.000 CurrHp 4979089.551 ShieldHP: 0.000
-   MortenaxBlade AV: 64.334 ENERGY: 146.962 MaxHP: 4779.283 CurrHp 4769.496 ShieldHP: 0.000
-   InfiniteFury AV: 9935.328 ENERGY: 0.000 MaxHP: 0.000 CurrHp 0.000 ShieldHP: 0.000

Combat context set: 3 enemies, 4 players
Combat context initialized: 3 enemies, Elation team size: 0
ACTION > [CHAR] TotalAV: 64.672 | TurnAV: 0.169 | HuoHuo | E-move
    TURN   - HuoHuoSkill | HuoHuo | SUS | NA attack | ['WIN'] | ['SKL'] | Scaling: HP | TargetID: -1 | DMG/BREAK Splits: [0, 0]/[0, 0] | Energy Gained: 30 | SP Change: -1

        ----------Char Buffs----------
        GilgameshTrace3ATK | ATK% | Stacks: 1 | Value: 0.200 | Remaining Turns: 1 | TickDown: SUS, PERM | Target: SUS | Affects: ['ALL']
        GilgameshTrace3CD | CD% | Stacks: 1 | Value: 0.200 | Remaining Turns: 1 | TickDown: SUS, PERM | Target: SUS | Affects: ['ALL']
        PostOpERR | ERR% | Stacks: 1 | Value: 0.160 | Remaining Turns: 1 | TickDown: SUS, PERM | Target: SUS | Affects: ['ALL']
        WarriorGoddessSPD | SPD% | Stacks: 1 | Value: 0.060 | Remaining Turns: 1 | TickDown: SUS, PERM | Target: SUS | Affects: ['ALL']
        KeelEFFRES | ERS% | Stacks: 1 | Value: 0.100 | Remaining Turns: 1 | TickDown: SUS, PERM | Target: SUS | Affects: ['ALL']
        KeelCD(SUS) | CD% | Stacks: 1 | Value: 0.100 | Remaining Turns: 1 | TickDown: SUS, PERM | Target: SUS | Affects: ['ALL']
        HHTraceHP | HP% | Stacks: 1 | Value: 0.280 | Remaining Turns: 1 | TickDown: SUS, PERM | Target: SUS | Affects: ['ALL']
        HHTraceERS | ERS% | Stacks: 1 | Value: 0.180 | Remaining Turns: 1 | TickDown: SUS, PERM | Target: SUS | Affects: ['ALL']
        HHTraceSPD | SPD | Stacks: 1 | Value: 5.000 | Remaining Turns: 1 | TickDown: SUS, PERM | Target: SUS | Affects: ['ALL']
        MasterSmithComburent | DMG% | Stacks: 1 | Value: 0.150 | Remaining Turns: 2 | TickDown: SUS, END | Target: SUS | Affects: ['ALL']
        WarriorGoddessHealSPD | SPD% | Stacks: 1 | Value: 0.060 | Remaining Turns: 1 | TickDown: SUS, START | Target: SUS | Affects: ['ALL']
        WarriorGoddessHealCD | CD% | Stacks: 1 | Value: 0.150 | Remaining Turns: 1 | TickDown: SUS, START | Target: SUS | Affects: ['ALL']
        ----------End of Buff List----------

        ----------Enemy Debuffs----------
        ----------End of Debuff List----------
        ----------Healing List----------
        HuoHuoSkillHealingScaling | Targeting: Targeting.BLAST | Healing Value: [0.24] | Target: ALL
        HuoHuoSkillHealingScaling | Targeting: Targeting.BLAST | Healing Value: [0.24] | Target: ALL
        HuoHuoSkillHealingScaling | Targeting: Targeting.BLAST | Healing Value: [0.24] | Target: ALL
        HuoHuoSkillHealingScaling | Targeting: Targeting.BLAST | Healing Value: [0.24] | Target: ALL
        HuoHuoSkillHealingScaling | Targeting: Targeting.BLAST | Healing Value: [0.24] | Target: ALL
        HuoHuoSkillHealingFlat | Targeting: Targeting.BLAST | Healing Value: [640] | Target: ALL
        HuoHuoSkillHealingFlat | Targeting: Targeting.BLAST | Healing Value: [640] | Target: ALL
        HuoHuoSkillHealingFlat | Targeting: Targeting.BLAST | Healing Value: [640] | Target: ALL
        HuoHuoSkillHealingFlat | Targeting: Targeting.BLAST | Healing Value: [640] | Target: ALL
        HuoHuoSkillHealingFlat | Targeting: Targeting.BLAST | Healing Value: [640] | Target: ALL
        ----------End of Healing List----------
    GAUGE  - Enemy 1 toughness reduced by 0.000
    RESULT - HuoHuoSkill | HuoHuo | SUS | DMG: 0.000 | ELADMG: 0.000 | Enemies Hit: [1] | Enemies Broken: [] | WB DMG: 0.000 | Energy: 40.632 | Amount HP Healed: 7931.292 | Amount HP Lost: 0.000 | HuoHuo Energy: 140/140 | SP: 3 | MaxSP: 5)
Gilgamesh Obtained 1 Interest from Teammate, Current count: 6
ULT    > HuoHuo used their ultimate
    TURN   - HuoHuoUlt | HuoHuo | SUS | NA attack | ['WIN'] | ['ULT'] | Scaling: HP | TargetID: -1 | DMG/BREAK Splits: [0, 0]/[0, 0] | Energy Gained: 5 | SP Change: 0

        ----------Char Buffs----------
        GilgameshTrace3ATK | ATK% | Stacks: 1 | Value: 0.200 | Remaining Turns: 1 | TickDown: SUS, PERM | Target: SUS | Affects: ['ALL']
        GilgameshTrace3CD | CD% | Stacks: 1 | Value: 0.200 | Remaining Turns: 1 | TickDown: SUS, PERM | Target: SUS | Affects: ['ALL']
        PostOpERR | ERR% | Stacks: 1 | Value: 0.160 | Remaining Turns: 1 | TickDown: SUS, PERM | Target: SUS | Affects: ['ALL']
        PostOpOGH | OGH% | Stacks: 1 | Value: 0.240 | Remaining Turns: 1 | TickDown: SUS, PERM | Target: SUS | Affects: ['ULT']
        WarriorGoddessSPD | SPD% | Stacks: 1 | Value: 0.060 | Remaining Turns: 1 | TickDown: SUS, PERM | Target: SUS | Affects: ['ALL']
        KeelEFFRES | ERS% | Stacks: 1 | Value: 0.100 | Remaining Turns: 1 | TickDown: SUS, PERM | Target: SUS | Affects: ['ALL']
        KeelCD(SUS) | CD% | Stacks: 1 | Value: 0.100 | Remaining Turns: 1 | TickDown: SUS, PERM | Target: SUS | Affects: ['ALL']
        HHTraceHP | HP% | Stacks: 1 | Value: 0.280 | Remaining Turns: 1 | TickDown: SUS, PERM | Target: SUS | Affects: ['ALL']
        HHTraceERS | ERS% | Stacks: 1 | Value: 0.180 | Remaining Turns: 1 | TickDown: SUS, PERM | Target: SUS | Affects: ['ALL']
        HHTraceSPD | SPD | Stacks: 1 | Value: 5.000 | Remaining Turns: 1 | TickDown: SUS, PERM | Target: SUS | Affects: ['ALL']
        MasterSmithComburent | DMG% | Stacks: 1 | Value: 0.150 | Remaining Turns: 2 | TickDown: SUS, END | Target: SUS | Affects: ['ALL']
        WarriorGoddessHealSPD | SPD% | Stacks: 1 | Value: 0.060 | Remaining Turns: 2 | TickDown: SUS, START | Target: SUS | Affects: ['ALL']
        WarriorGoddessHealCD | CD% | Stacks: 1 | Value: 0.150 | Remaining Turns: 2 | TickDown: SUS, START | Target: SUS | Affects: ['ALL']
        ----------End of Buff List----------

        ----------Enemy Debuffs----------
        ----------End of Debuff List----------
        ----------Healing List----------
        ----------End of Healing List----------
    GAUGE  - Enemy 1 toughness reduced by 0.000
    RESULT - HuoHuoUlt | HuoHuo | SUS | DMG: 0.000 | ELADMG: 0.000 | Enemies Hit: [1] | Enemies Broken: [] | WB DMG: 0.000 | Energy: 6.772 | Amount HP Healed: 0.000 | Amount HP Lost: 0.000 | HuoHuo Energy: 7/140 | SP: 3 | MaxSP: 5)
Saber got 3 Core Resonance from Talent, Current Count: 6
Gilgamesh Obtained 2 Interest from Teammate Ult, Current count: 8
Gilgamesh Obtained 42.0 Energy from Teammate
Gilgamesh Obtained 1 Interest from Teammate, Current count: 9
ERR    > 72.000 energy added to Saber from HuoHuoERR | Saber Energy: 296.333
ERR    > 72.000 energy added to Gilgamesh from HuoHuoERR | Gilgamesh Energy: 257.000
ERR    > 32.000 energy added to MortenaxBlade from HuoHuoERR | MortenaxBlade Energy: 160.000
ERR    > 42.000 energy added to Gilgamesh from GilgameshTrace1ERRAlly3 | Gilgamesh Energy: 299.000
ULT    > MortenaxBlade used their ultimate
MortenaxBlade transferred 19.0 overflow energy on Ult entry
    TURN   - MortenaxBladeUlt | MortenaxBlade | SUP2 | NA attack | ['FIR'] | ['ALL'] | Scaling: HP | TargetID: 1 | DMG/BREAK Splits: [0, 0]/[0, 0] | Energy Gained: 5 | SP Change: 0

        ----------Char Buffs----------
        GilgameshTrace3ATK | ATK% | Stacks: 1 | Value: 0.200 | Remaining Turns: 1 | TickDown: SUP2, PERM | Target: SUP2 | Affects: ['ALL']
        GilgameshTrace3CD | CD% | Stacks: 1 | Value: 0.200 | Remaining Turns: 1 | TickDown: SUP2, PERM | Target: SUP2 | Affects: ['ALL']
        MasterSmithHP | HP% | Stacks: 1 | Value: 0.120 | Remaining Turns: 1 | TickDown: SUP2, PERM | Target: SUP2 | Affects: ['ALL']
        LushakaERR | ERR% | Stacks: 1 | Value: 0.050 | Remaining Turns: 1 | TickDown: SUP2, PERM | Target: SUP2 | Affects: ['ALL']
        MortenaxBladeTraceCR | CR% | Stacks: 1 | Value: 0.120 | Remaining Turns: 1 | TickDown: SUP2, PERM | Target: SUP2 | Affects: ['ALL']
        MortenaxBladeTraceHP | HP% | Stacks: 1 | Value: 0.100 | Remaining Turns: 1 | TickDown: SUP2, PERM | Target: SUP2 | Affects: ['ALL']
        MortenaxBladeTraceDMG | DMG% | Stacks: 1 | Value: 0.224 | Remaining Turns: 1 | TickDown: SUP2, PERM | Target: SUP2 | Affects: ['ALL']
        KeelCD(SUS) | CD% | Stacks: 1 | Value: 0.100 | Remaining Turns: 1 | TickDown: SUP2, PERM | Target: SUP2 | Affects: ['ALL']
        MortenaxBladeTechDMGReduction | DMG_REDUCTION | Stacks: 1 | Value: 0.900 | Remaining Turns: 1 | TickDown: SUP2, END | Target: SUP2 | Affects: ['ALL']
        MasterSmithCD | CD% | Stacks: 1 | Value: 0.280 | Remaining Turns: 1 | TickDown: SUP2, PERM | Target: SUP2 | Affects: ['ALL']
        MasterSmithComburent | DMG% | Stacks: 1 | Value: 0.150 | Remaining Turns: 1 | TickDown: SUP2, END | Target: SUP2 | Affects: ['ALL']
        WarriorGoddessHealCD | CD% | Stacks: 1 | Value: 0.150 | Remaining Turns: 2 | TickDown: SUP2, START | Target: SUP2 | Affects: ['ALL']
        HuoHuoUltATK | ATK% | Stacks: 1 | Value: 0.400 | Remaining Turns: 2 | TickDown: SUP2, END | Target: SUP2 | Affects: ['ALL']
        HuoHuoUltExtraATK | ATK% | Stacks: 1 | Value: 0.240 | Remaining Turns: 2 | TickDown: SUP2, END | Target: SUP2 | Affects: ['ALL']
        MortenaxBladeCRBoost | CR% | Stacks: 1 | Value: 0.200 | Remaining Turns: 1 | TickDown: SUP2, PERM | Target: SUP2 | Affects: ['ALL']
        MortenaxBladeCDBoost | CD% | Stacks: 1 | Value: 0.600 | Remaining Turns: 1 | TickDown: SUP2, PERM | Target: SUP2 | Affects: ['ALL']
        MortenaxBladeDMGReduction | DMG_REDUCTION | Stacks: 1 | Value: 0.500 | Remaining Turns: 1 | TickDown: SUP2, PERM | Target: SUP2 | Affects: ['ALL']
        MortenaxBladeDMGBoost | DMG% | Stacks: 1 | Value: 0.500 | Remaining Turns: 1 | TickDown: SUP2, PERM | Target: SUP2 | Affects: ['ALL']
        MortenaxBladeDMG | DMG% | Stacks: 1 | Value: 0.750 | Remaining Turns: 1 | TickDown: SUP2, PERM | Target: SUP2 | Affects: ['ALL']
        ----------End of Buff List----------

        ----------Enemy Debuffs----------
        HuohuoTechniqueDebuff | From: SUS | ATK_REDUCTION | Stacks: 1 | Value: 0.250 | Remaining Turns: 1 | Target: 1 | Targeting: ST | Affects: ['SPECIAL'] | DOT: False | Blast: False
        ResoShred(SUP2) | From: SUP2 | SHRED | Stacks: 1 | Value: 0.160 | Remaining Turns: 1 | Target: 1 | Targeting: ST | Affects: ['ALL'] | DOT: False | Blast: False
        MortenaxBladeUltVul | From: SUP2 | VULN | Stacks: 1 | Value: 0.500 | Remaining Turns: 2 | Target: 1 | Targeting: ST | Affects: ['ALL'] | DOT: False | Blast: False
        MortenaxBladeUltShred | From: SUP2 | SHRED | Stacks: 1 | Value: 0.300 | Remaining Turns: 2 | Target: 1 | Targeting: ST | Affects: ['ALL'] | DOT: False | Blast: False
        ----------End of Debuff List----------
        ----------Healing List----------
        ----------End of Healing List----------
    GAUGE  - Enemy 1 toughness reduced by 0.000
    RESULT - MortenaxBladeUlt | MortenaxBlade | SUP2 | DMG: 0.000 | ELADMG: 0.000 | Enemies Hit: [1] | Enemies Broken: [] | WB DMG: 0.000 | Energy: 6.222 | Amount HP Healed: 0.000 | Amount HP Lost: 0.000 | MortenaxBlade Energy: 25/160 | SP: 3 | MaxSP: 5)
Saber got 3 Core Resonance from Talent, Current Count: 9
Gilgamesh Obtained 2 Interest from Teammate Ult, Current count: 11
Gilgamesh Obtained 48.0 Energy from Teammate
Gilgamesh Obtained 1 Interest from Teammate, Current count: 12
ADV    > Saber advanced by 100.000% from Trace1Advance | NewAV: 0.000 | Priority: 21
    TURN   - HuoHuoAllyERR | HuoHuo | SUS | NA attack | ['WIN'] | ['SPECIAL'] | Scaling: HP | TargetID: 1 | DMG/BREAK Splits: [0, 0]/[0, 0] | Energy Gained: 1 | SP Change: 0

        ----------Char Buffs----------
        GilgameshTrace3ATK | ATK% | Stacks: 1 | Value: 0.200 | Remaining Turns: 1 | TickDown: SUS, PERM | Target: SUS | Affects: ['ALL']
        GilgameshTrace3CD | CD% | Stacks: 1 | Value: 0.200 | Remaining Turns: 1 | TickDown: SUS, PERM | Target: SUS | Affects: ['ALL']
        PostOpERR | ERR% | Stacks: 1 | Value: 0.160 | Remaining Turns: 1 | TickDown: SUS, PERM | Target: SUS | Affects: ['ALL']
        WarriorGoddessSPD | SPD% | Stacks: 1 | Value: 0.060 | Remaining Turns: 1 | TickDown: SUS, PERM | Target: SUS | Affects: ['ALL']
        KeelEFFRES | ERS% | Stacks: 1 | Value: 0.100 | Remaining Turns: 1 | TickDown: SUS, PERM | Target: SUS | Affects: ['ALL']
        KeelCD(SUS) | CD% | Stacks: 1 | Value: 0.100 | Remaining Turns: 1 | TickDown: SUS, PERM | Target: SUS | Affects: ['ALL']
        HHTraceHP | HP% | Stacks: 1 | Value: 0.280 | Remaining Turns: 1 | TickDown: SUS, PERM | Target: SUS | Affects: ['ALL']
        HHTraceERS | ERS% | Stacks: 1 | Value: 0.180 | Remaining Turns: 1 | TickDown: SUS, PERM | Target: SUS | Affects: ['ALL']
        HHTraceSPD | SPD | Stacks: 1 | Value: 5.000 | Remaining Turns: 1 | TickDown: SUS, PERM | Target: SUS | Affects: ['ALL']
        MasterSmithComburent | DMG% | Stacks: 1 | Value: 0.150 | Remaining Turns: 2 | TickDown: SUS, END | Target: SUS | Affects: ['ALL']
        WarriorGoddessHealSPD | SPD% | Stacks: 1 | Value: 0.060 | Remaining Turns: 2 | TickDown: SUS, START | Target: SUS | Affects: ['ALL']
        WarriorGoddessHealCD | CD% | Stacks: 1 | Value: 0.150 | Remaining Turns: 2 | TickDown: SUS, START | Target: SUS | Affects: ['ALL']
        MortenaxBladeDMGBoost | DMG% | Stacks: 1 | Value: 0.500 | Remaining Turns: 1 | TickDown: SUS, PERM | Target: SUS | Affects: ['ALL']
        ----------End of Buff List----------

        ----------Enemy Debuffs----------
        HuohuoTechniqueDebuff | From: SUS | ATK_REDUCTION | Stacks: 1 | Value: 0.250 | Remaining Turns: 1 | Target: 1 | Targeting: ST | Affects: ['SPECIAL'] | DOT: False | Blast: False
        ResoShred(SUP2) | From: SUP2 | SHRED | Stacks: 1 | Value: 0.160 | Remaining Turns: 1 | Target: 1 | Targeting: ST | Affects: ['ALL'] | DOT: False | Blast: False
        MortenaxBladeUltVul | From: SUP2 | VULN | Stacks: 1 | Value: 0.500 | Remaining Turns: 2 | Target: 1 | Targeting: ST | Affects: ['ALL'] | DOT: False | Blast: False
        MortenaxBladeUltShred | From: SUP2 | SHRED | Stacks: 1 | Value: 0.300 | Remaining Turns: 2 | Target: 1 | Targeting: ST | Affects: ['ALL'] | DOT: False | Blast: False
        ----------End of Debuff List----------
        ----------Healing List----------
        HuoHuoTalentHealingScaling | Targeting: Targeting.SINGLE | Healing Value: [0] | Target: ALL
        HuoHuoTalentHealingScaling | Targeting: Targeting.SINGLE | Healing Value: [0.045] | Target: ALL
        HuoHuoTalentHealingScaling | Targeting: Targeting.SINGLE | Healing Value: [0] | Target: ALL
        HuoHuoTalentHealingScaling | Targeting: Targeting.SINGLE | Healing Value: [0] | Target: ALL
        HuoHuoTalentHealingFlat | Targeting: Targeting.SINGLE | Healing Value: [0] | Target: ALL
        HuoHuoTalentHealingFlat | Targeting: Targeting.SINGLE | Healing Value: [120] | Target: ALL
        HuoHuoTalentHealingFlat | Targeting: Targeting.SINGLE | Healing Value: [0] | Target: ALL
        HuoHuoTalentHealingFlat | Targeting: Targeting.SINGLE | Healing Value: [0] | Target: ALL
        ----------End of Healing List----------
    GAUGE  - Enemy 1 toughness reduced by 0.000
    RESULT - HuoHuoAllyERR | HuoHuo | SUS | DMG: 0.000 | ELADMG: 0.000 | Enemies Hit: [1] | Enemies Broken: [] | WB DMG: 0.000 | Energy: 1.354 | Amount HP Healed: 371.779 | Amount HP Lost: 0.000 | HuoHuo Energy: 8/140 | SP: 3 | MaxSP: 5)
ERR    > 48.000 energy added to Gilgamesh from GilgameshTrace1ERRAlly2 | Gilgamesh Energy: 347.000
SPD    > Gilgamesh speed changed to 243.032 | NewAV: 7.197
AV     > HuoHuo AV reset to 62.308 | 160.492 SPD

<<< NEW TURN >>>
-   Saber AV: 0.000 ENERGY: 296.333 MaxHP: 3366.991 CurrHp 3366.991 ShieldHP: 0.000
-   Gilgamesh AV: 7.197 ENERGY: 347.000 MaxHP: 3134.558 CurrHp 3134.558 ShieldHP: 0.000
-   Enemy 0 AV: 12.251 ENERGY: 0.000 MaxHP: 2000000.000 CurrHp 1980956.203 ShieldHP: 0.000
-   Enemy 2 AV: 12.251 ENERGY: 0.000 MaxHP: 2000000.000 CurrHp 1980956.203 ShieldHP: 0.000
-   Enemy 1 AV: 61.591 ENERGY: 0.000 MaxHP: 5000000.000 CurrHp 4979089.551 ShieldHP: 0.000
-   HuoHuo AV: 62.308 ENERGY: 8.126 MaxHP: 6139.808 CurrHp 6139.808 ShieldHP: 0.000
-   MortenaxBlade AV: 64.334 ENERGY: 25.184 MaxHP: 4779.283 CurrHp 3823.426 ShieldHP: 0.000
-   InfiniteFury AV: 142.857 ENERGY: 0.000 MaxHP: 0.000 CurrHp 0.000 ShieldHP: 0.000

Combat context set: 3 enemies, 4 players
Combat context initialized: 3 enemies, Elation team size: 0
ACTION > [CHAR] TotalAV: 64.672 | TurnAV: 0.000 | Saber | E-move
Saber used 9 Core Resonance for Skill
    TURN   - SaberSkill | Saber | DPS | BLAST attack | ['WIN'] | ['SKL'] | Scaling: ATK | TargetID: 1 | DMG/BREAK Splits: [2.7600000000000002, 2.0100000000000002]/[20, 10] | Energy Gained: 30 | SP Change: -1

        ----------Char Buffs----------
        ThanklessCoronationCD | CR% | Stacks: 1 | Value: 0.360 | Remaining Turns: 1 | TickDown: DPS, PERM | Target: DPS | Affects: ['ALL']
        ScholarCR | CR% | Stacks: 1 | Value: 0.080 | Remaining Turns: 1 | TickDown: DPS, PERM | Target: DPS | Affects: ['ALL']
        ScholarDMG | DMG% | Stacks: 1 | Value: 0.200 | Remaining Turns: 1 | TickDown: DPS, PERM | Target: DPS | Affects: ['SKL', 'ULT']
        SaberTraceHP | HP% | Stacks: 1 | Value: 0.100 | Remaining Turns: 1 | TickDown: DPS, PERM | Target: DPS | Affects: ['ALL']
        SaberTraceCR | CR% | Stacks: 1 | Value: 0.120 | Remaining Turns: 1 | TickDown: DPS, PERM | Target: DPS | Affects: ['ALL']
        SaberTraceDMG | DMG% | Stacks: 1 | Value: 0.224 | Remaining Turns: 1 | TickDown: DPS, PERM | Target: DPS | Affects: ['ALL']
        SaberTrace1CR | CR% | Stacks: 1 | Value: 0.200 | Remaining Turns: 1 | TickDown: DPS, PERM | Target: DPS | Affects: ['ALL']
        GilgameshTrace3ATK | ATK% | Stacks: 1 | Value: 0.200 | Remaining Turns: 1 | TickDown: DPS, PERM | Target: DPS | Affects: ['ALL']
        GilgameshTrace3CD | CD% | Stacks: 1 | Value: 0.200 | Remaining Turns: 1 | TickDown: DPS, PERM | Target: DPS | Affects: ['ALL']
        LushakaATK(SUP2) | ATK% | Stacks: 1 | Value: 0.120 | Remaining Turns: 1 | TickDown: DPS, PERM | Target: DPS | Affects: ['ALL']
        KeelCD(SUS) | CD% | Stacks: 1 | Value: 0.100 | Remaining Turns: 1 | TickDown: DPS, PERM | Target: DPS | Affects: ['ALL']
        CosmicLifeDMG | DMG% | Stacks: 1 | Value: 0.320 | Remaining Turns: 1 | TickDown: DPS, PERM | Target: DPS | Affects: ['ALL']
        TalentATK | ATK_REDUCTION | Stacks: 1 | Value: 0.350 | Remaining Turns: 2 | TickDown: DPS, END | Target: DPS | Affects: ['ALL']
        Trace3CDExtra | CD% | Stacks: 1 | Value: 0.320 | Remaining Turns: 1 | TickDown: DPS, PERM | Target: DPS | Affects: ['ALL']
        MasterSmithComburent | DMG% | Stacks: 1 | Value: 0.150 | Remaining Turns: 2 | TickDown: DPS, END | Target: DPS | Affects: ['ALL']
        WarriorGoddessHealCD | CD% | Stacks: 1 | Value: 0.150 | Remaining Turns: 1 | TickDown: DPS, START | Target: DPS | Affects: ['ALL']
        HuoHuoUltATK | ATK% | Stacks: 1 | Value: 0.400 | Remaining Turns: 2 | TickDown: DPS, END | Target: DPS | Affects: ['ALL']
        HuoHuoUltExtraATK | ATK% | Stacks: 1 | Value: 0.240 | Remaining Turns: 2 | TickDown: DPS, END | Target: DPS | Affects: ['ALL']
        TalentDMG | DMG% | Stacks: 1 | Value: 0.600 | Remaining Turns: 2 | TickDown: DPS, END | Target: DPS | Affects: ['ALL']
        MortenaxBladeDMGBoost | DMG% | Stacks: 1 | Value: 0.500 | Remaining Turns: 1 | TickDown: DPS, PERM | Target: DPS | Affects: ['ALL']
        Trace3CD | CD% | Stacks: 1 | Value: 0.500 | Remaining Turns: 2 | TickDown: DPS, END | Target: DPS | Affects: ['ALL']
        SkillEnergy | ERR_F | Stacks: 1 | Value: 72.000 | Remaining Turns: 1 | TickDown: DPS, START | Target: DPS | Affects: ['ALL']
        ----------End of Buff List----------

        ----------Enemy Debuffs----------
        HuohuoTechniqueDebuff | From: SUS | ATK_REDUCTION | Stacks: 1 | Value: 0.250 | Remaining Turns: 1 | Target: 1 | Targeting: ST | Affects: ['SPECIAL'] | DOT: False | Blast: False
        ResoShred(SUP2) | From: SUP2 | SHRED | Stacks: 1 | Value: 0.160 | Remaining Turns: 1 | Target: 1 | Targeting: ST | Affects: ['ALL'] | DOT: False | Blast: False
        MortenaxBladeUltVul | From: SUP2 | VULN | Stacks: 1 | Value: 0.500 | Remaining Turns: 2 | Target: 1 | Targeting: ST | Affects: ['ALL'] | DOT: False | Blast: False
        MortenaxBladeUltShred | From: SUP2 | SHRED | Stacks: 1 | Value: 0.300 | Remaining Turns: 2 | Target: 1 | Targeting: ST | Affects: ['ALL'] | DOT: False | Blast: False
        ----------End of Debuff List----------
        ----------Healing List----------
        ----------End of Healing List----------
    GAUGE  - Enemy 1 toughness reduced by 20.000
    GAUGE  - Enemy 0 toughness reduced by 10.000
    GAUGE  - Enemy 2 toughness reduced by 10.000
    RESULT - SaberSkill | Saber | DPS | DMG: 238921.176 | ELADMG: 0.000 | Enemies Hit: [1, 0, 2] | Enemies Broken: [] | WB DMG: 0.000 | Energy: 30.000 | Amount HP Healed: 0.000 | Amount HP Lost: 0.000 | Saber Energy: 326/360 | SP: 3 | MaxSP: 5)
Gilgamesh Obtained 1 Interest from Teammate, Current count: 13
Gilgamesh JointCounter increased by one, current count: 1
MortenaxBlade has obtained 1 Charge. Current Charge count: 1.
    TURN   - HuoHuoAllyERR | HuoHuo | SUS | NA attack | ['WIN'] | ['SPECIAL'] | Scaling: HP | TargetID: 1 | DMG/BREAK Splits: [0, 0]/[0, 0] | Energy Gained: 1 | SP Change: 0

        ----------Char Buffs----------
        GilgameshTrace3ATK | ATK% | Stacks: 1 | Value: 0.200 | Remaining Turns: 1 | TickDown: SUS, PERM | Target: SUS | Affects: ['ALL']
        GilgameshTrace3CD | CD% | Stacks: 1 | Value: 0.200 | Remaining Turns: 1 | TickDown: SUS, PERM | Target: SUS | Affects: ['ALL']
        PostOpERR | ERR% | Stacks: 1 | Value: 0.160 | Remaining Turns: 1 | TickDown: SUS, PERM | Target: SUS | Affects: ['ALL']
        WarriorGoddessSPD | SPD% | Stacks: 1 | Value: 0.060 | Remaining Turns: 1 | TickDown: SUS, PERM | Target: SUS | Affects: ['ALL']
        KeelEFFRES | ERS% | Stacks: 1 | Value: 0.100 | Remaining Turns: 1 | TickDown: SUS, PERM | Target: SUS | Affects: ['ALL']
        KeelCD(SUS) | CD% | Stacks: 1 | Value: 0.100 | Remaining Turns: 1 | TickDown: SUS, PERM | Target: SUS | Affects: ['ALL']
        HHTraceHP | HP% | Stacks: 1 | Value: 0.280 | Remaining Turns: 1 | TickDown: SUS, PERM | Target: SUS | Affects: ['ALL']
        HHTraceERS | ERS% | Stacks: 1 | Value: 0.180 | Remaining Turns: 1 | TickDown: SUS, PERM | Target: SUS | Affects: ['ALL']
        HHTraceSPD | SPD | Stacks: 1 | Value: 5.000 | Remaining Turns: 1 | TickDown: SUS, PERM | Target: SUS | Affects: ['ALL']
        MasterSmithComburent | DMG% | Stacks: 1 | Value: 0.150 | Remaining Turns: 2 | TickDown: SUS, END | Target: SUS | Affects: ['ALL']
        WarriorGoddessHealSPD | SPD% | Stacks: 1 | Value: 0.060 | Remaining Turns: 2 | TickDown: SUS, START | Target: SUS | Affects: ['ALL']
        WarriorGoddessHealCD | CD% | Stacks: 1 | Value: 0.150 | Remaining Turns: 2 | TickDown: SUS, START | Target: SUS | Affects: ['ALL']
        MortenaxBladeDMGBoost | DMG% | Stacks: 1 | Value: 0.500 | Remaining Turns: 1 | TickDown: SUS, PERM | Target: SUS | Affects: ['ALL']
        ----------End of Buff List----------

        ----------Enemy Debuffs----------
        HuohuoTechniqueDebuff | From: SUS | ATK_REDUCTION | Stacks: 1 | Value: 0.250 | Remaining Turns: 1 | Target: 1 | Targeting: ST | Affects: ['SPECIAL'] | DOT: False | Blast: False
        ResoShred(SUP2) | From: SUP2 | SHRED | Stacks: 1 | Value: 0.160 | Remaining Turns: 1 | Target: 1 | Targeting: ST | Affects: ['ALL'] | DOT: False | Blast: False
        MortenaxBladeUltVul | From: SUP2 | VULN | Stacks: 1 | Value: 0.500 | Remaining Turns: 2 | Target: 1 | Targeting: ST | Affects: ['ALL'] | DOT: False | Blast: False
        MortenaxBladeUltShred | From: SUP2 | SHRED | Stacks: 1 | Value: 0.300 | Remaining Turns: 2 | Target: 1 | Targeting: ST | Affects: ['ALL'] | DOT: False | Blast: False
        ----------End of Debuff List----------
        ----------Healing List----------
        HuoHuoTalentHealingScaling | Targeting: Targeting.SINGLE | Healing Value: [0] | Target: ALL
        HuoHuoTalentHealingScaling | Targeting: Targeting.SINGLE | Healing Value: [0.045] | Target: ALL
        HuoHuoTalentHealingScaling | Targeting: Targeting.SINGLE | Healing Value: [0] | Target: ALL
        HuoHuoTalentHealingScaling | Targeting: Targeting.SINGLE | Healing Value: [0] | Target: ALL
        HuoHuoTalentHealingFlat | Targeting: Targeting.SINGLE | Healing Value: [0] | Target: ALL
        HuoHuoTalentHealingFlat | Targeting: Targeting.SINGLE | Healing Value: [120] | Target: ALL
        HuoHuoTalentHealingFlat | Targeting: Targeting.SINGLE | Healing Value: [0] | Target: ALL
        HuoHuoTalentHealingFlat | Targeting: Targeting.SINGLE | Healing Value: [0] | Target: ALL
        ----------End of Healing List----------
    GAUGE  - Enemy 1 toughness reduced by 0.000
    RESULT - HuoHuoAllyERR | HuoHuo | SUS | DMG: 0.000 | ELADMG: 0.000 | Enemies Hit: [1] | Enemies Broken: [] | WB DMG: 0.000 | Energy: 1.354 | Amount HP Healed: 371.779 | Amount HP Lost: 0.000 | HuoHuo Energy: 9/140 | SP: 3 | MaxSP: 5)
ERR    > 72.000 energy added to Saber from SkillEnergy | Saber Energy: 360.000
ULT    > Saber used their ultimate
Saber got 3 Core Resonance from Talent, Current Count: 3
Saber transferred 38.3 overflow energy on Ult entry
    TURN   - SaberUltBig | Saber | DPS | AOE attack | ['WIN'] | ['ULT'] | Scaling: ATK | TargetID: 1 | DMG/BREAK Splits: [2.8, 0]/[40, 0] | Energy Gained: 0 | SP Change: 0

        ----------Char Buffs----------
        ThanklessCoronationCD | CR% | Stacks: 1 | Value: 0.360 | Remaining Turns: 1 | TickDown: DPS, PERM | Target: DPS | Affects: ['ALL']
        ScholarCR | CR% | Stacks: 1 | Value: 0.080 | Remaining Turns: 1 | TickDown: DPS, PERM | Target: DPS | Affects: ['ALL']
        ScholarDMG | DMG% | Stacks: 1 | Value: 0.200 | Remaining Turns: 1 | TickDown: DPS, PERM | Target: DPS | Affects: ['SKL', 'ULT']
        SaberTraceHP | HP% | Stacks: 1 | Value: 0.100 | Remaining Turns: 1 | TickDown: DPS, PERM | Target: DPS | Affects: ['ALL']
        SaberTraceCR | CR% | Stacks: 1 | Value: 0.120 | Remaining Turns: 1 | TickDown: DPS, PERM | Target: DPS | Affects: ['ALL']
        SaberTraceDMG | DMG% | Stacks: 1 | Value: 0.224 | Remaining Turns: 1 | TickDown: DPS, PERM | Target: DPS | Affects: ['ALL']
        SaberTrace1CR | CR% | Stacks: 1 | Value: 0.200 | Remaining Turns: 1 | TickDown: DPS, PERM | Target: DPS | Affects: ['ALL']
        GilgameshTrace3ATK | ATK% | Stacks: 1 | Value: 0.200 | Remaining Turns: 1 | TickDown: DPS, PERM | Target: DPS | Affects: ['ALL']
        GilgameshTrace3CD | CD% | Stacks: 1 | Value: 0.200 | Remaining Turns: 1 | TickDown: DPS, PERM | Target: DPS | Affects: ['ALL']
        LushakaATK(SUP2) | ATK% | Stacks: 1 | Value: 0.120 | Remaining Turns: 1 | TickDown: DPS, PERM | Target: DPS | Affects: ['ALL']
        KeelCD(SUS) | CD% | Stacks: 1 | Value: 0.100 | Remaining Turns: 1 | TickDown: DPS, PERM | Target: DPS | Affects: ['ALL']
        CosmicLifeDMG | DMG% | Stacks: 1 | Value: 0.320 | Remaining Turns: 1 | TickDown: DPS, PERM | Target: DPS | Affects: ['ALL']
        TalentATK | ATK_REDUCTION | Stacks: 1 | Value: 0.350 | Remaining Turns: 2 | TickDown: DPS, END | Target: DPS | Affects: ['ALL']
        Trace3CDExtra | CD% | Stacks: 1 | Value: 0.320 | Remaining Turns: 1 | TickDown: DPS, PERM | Target: DPS | Affects: ['ALL']
        MasterSmithComburent | DMG% | Stacks: 1 | Value: 0.150 | Remaining Turns: 2 | TickDown: DPS, END | Target: DPS | Affects: ['ALL']
        WarriorGoddessHealCD | CD% | Stacks: 1 | Value: 0.150 | Remaining Turns: 2 | TickDown: DPS, START | Target: DPS | Affects: ['ALL']
        HuoHuoUltATK | ATK% | Stacks: 1 | Value: 0.400 | Remaining Turns: 2 | TickDown: DPS, END | Target: DPS | Affects: ['ALL']
        HuoHuoUltExtraATK | ATK% | Stacks: 1 | Value: 0.240 | Remaining Turns: 2 | TickDown: DPS, END | Target: DPS | Affects: ['ALL']
        TalentDMG | DMG% | Stacks: 1 | Value: 0.600 | Remaining Turns: 2 | TickDown: DPS, END | Target: DPS | Affects: ['ALL']
        MortenaxBladeDMGBoost | DMG% | Stacks: 1 | Value: 0.500 | Remaining Turns: 1 | TickDown: DPS, PERM | Target: DPS | Affects: ['ALL']
        Trace3CD | CD% | Stacks: 1 | Value: 0.500 | Remaining Turns: 2 | TickDown: DPS, END | Target: DPS | Affects: ['ALL']
        GilgameshTrace3AllyATK | ATK% | Stacks: 1 | Value: 1.000 | Remaining Turns: 1 | TickDown: DPS, PERM | Target: DPS | Affects: ['ALL']
        GilgameshTrace3AllyCD | CD% | Stacks: 1 | Value: 1.000 | Remaining Turns: 1 | TickDown: DPS, PERM | Target: DPS | Affects: ['ALL']
        ThanklessCoronationATK | ATK% | Stacks: 1 | Value: 0.400 | Remaining Turns: 2 | TickDown: DPS, END | Target: DPS | Affects: ['ALL']
        ThanklessCoronationERR | ERR_F | Stacks: 1 | Value: 36.000 | Remaining Turns: 1 | TickDown: DPS, START | Target: DPS | Affects: ['ALL']
        ThanklessCoronationATKExtra | ATK% | Stacks: 1 | Value: 0.400 | Remaining Turns: 2 | TickDown: DPS, END | Target: DPS | Affects: ['ALL']
        ----------End of Buff List----------

        ----------Enemy Debuffs----------
        HuohuoTechniqueDebuff | From: SUS | ATK_REDUCTION | Stacks: 1 | Value: 0.250 | Remaining Turns: 1 | Target: 1 | Targeting: ST | Affects: ['SPECIAL'] | DOT: False | Blast: False
        ResoShred(SUP2) | From: SUP2 | SHRED | Stacks: 1 | Value: 0.160 | Remaining Turns: 1 | Target: 1 | Targeting: ST | Affects: ['ALL'] | DOT: False | Blast: False
        MortenaxBladeUltVul | From: SUP2 | VULN | Stacks: 1 | Value: 0.500 | Remaining Turns: 2 | Target: 1 | Targeting: ST | Affects: ['ALL'] | DOT: False | Blast: False
        MortenaxBladeUltShred | From: SUP2 | SHRED | Stacks: 1 | Value: 0.300 | Remaining Turns: 2 | Target: 1 | Targeting: ST | Affects: ['ALL'] | DOT: False | Blast: False
        ----------End of Debuff List----------
        ----------Healing List----------
        ----------End of Healing List----------
    GAUGE  - Enemy 0 toughness reduced by 40.000
    GAUGE  - Enemy 1 toughness reduced by 40.000
    GAUGE  - Enemy 2 toughness reduced by 40.000
    RESULT - SaberUltBig | Saber | DPS | DMG: 608284.564 | ELADMG: 0.000 | Enemies Hit: [0, 1, 2] | Enemies Broken: [] | WB DMG: 0.000 | Energy: 0.000 | Amount HP Healed: 0.000 | Amount HP Lost: 0.000 | Saber Energy: 38/360 | SP: 3 | MaxSP: 5)
Gilgamesh Obtained 2 Interest from Teammate Ult, Current count: 15
Gilgamesh Obtained 108.0 Energy from Teammate
Gilgamesh Obtained 1 Interest from Teammate, Current count: 16
Gilgamesh JointCounter increased by one, current count: 2
MortenaxBlade has obtained 1 Charge. Current Charge count: 2.
    TURN   - SaberUltSmall | Saber | DPS | ST attack | ['WIN'] | ['ULT'] | Scaling: ATK | TargetID: 1 | DMG/BREAK Splits: [11.0, 0]/[20, 0] | Energy Gained: 5 | SP Change: 0

        ----------Char Buffs----------
        ThanklessCoronationCD | CR% | Stacks: 1 | Value: 0.360 | Remaining Turns: 1 | TickDown: DPS, PERM | Target: DPS | Affects: ['ALL']
        ScholarCR | CR% | Stacks: 1 | Value: 0.080 | Remaining Turns: 1 | TickDown: DPS, PERM | Target: DPS | Affects: ['ALL']
        ScholarDMG | DMG% | Stacks: 1 | Value: 0.200 | Remaining Turns: 1 | TickDown: DPS, PERM | Target: DPS | Affects: ['SKL', 'ULT']
        SaberTraceHP | HP% | Stacks: 1 | Value: 0.100 | Remaining Turns: 1 | TickDown: DPS, PERM | Target: DPS | Affects: ['ALL']
        SaberTraceCR | CR% | Stacks: 1 | Value: 0.120 | Remaining Turns: 1 | TickDown: DPS, PERM | Target: DPS | Affects: ['ALL']
        SaberTraceDMG | DMG% | Stacks: 1 | Value: 0.224 | Remaining Turns: 1 | TickDown: DPS, PERM | Target: DPS | Affects: ['ALL']
        SaberTrace1CR | CR% | Stacks: 1 | Value: 0.200 | Remaining Turns: 1 | TickDown: DPS, PERM | Target: DPS | Affects: ['ALL']
        GilgameshTrace3ATK | ATK% | Stacks: 1 | Value: 0.200 | Remaining Turns: 1 | TickDown: DPS, PERM | Target: DPS | Affects: ['ALL']
        GilgameshTrace3CD | CD% | Stacks: 1 | Value: 0.200 | Remaining Turns: 1 | TickDown: DPS, PERM | Target: DPS | Affects: ['ALL']
        LushakaATK(SUP2) | ATK% | Stacks: 1 | Value: 0.120 | Remaining Turns: 1 | TickDown: DPS, PERM | Target: DPS | Affects: ['ALL']
        KeelCD(SUS) | CD% | Stacks: 1 | Value: 0.100 | Remaining Turns: 1 | TickDown: DPS, PERM | Target: DPS | Affects: ['ALL']
        CosmicLifeDMG | DMG% | Stacks: 1 | Value: 0.320 | Remaining Turns: 1 | TickDown: DPS, PERM | Target: DPS | Affects: ['ALL']
        TalentATK | ATK_REDUCTION | Stacks: 1 | Value: 0.350 | Remaining Turns: 2 | TickDown: DPS, END | Target: DPS | Affects: ['ALL']
        Trace3CDExtra | CD% | Stacks: 1 | Value: 0.320 | Remaining Turns: 1 | TickDown: DPS, PERM | Target: DPS | Affects: ['ALL']
        MasterSmithComburent | DMG% | Stacks: 1 | Value: 0.150 | Remaining Turns: 2 | TickDown: DPS, END | Target: DPS | Affects: ['ALL']
        WarriorGoddessHealCD | CD% | Stacks: 1 | Value: 0.150 | Remaining Turns: 2 | TickDown: DPS, START | Target: DPS | Affects: ['ALL']
        HuoHuoUltATK | ATK% | Stacks: 1 | Value: 0.400 | Remaining Turns: 2 | TickDown: DPS, END | Target: DPS | Affects: ['ALL']
        HuoHuoUltExtraATK | ATK% | Stacks: 1 | Value: 0.240 | Remaining Turns: 2 | TickDown: DPS, END | Target: DPS | Affects: ['ALL']
        TalentDMG | DMG% | Stacks: 1 | Value: 0.600 | Remaining Turns: 2 | TickDown: DPS, END | Target: DPS | Affects: ['ALL']
        MortenaxBladeDMGBoost | DMG% | Stacks: 1 | Value: 0.500 | Remaining Turns: 1 | TickDown: DPS, PERM | Target: DPS | Affects: ['ALL']
        Trace3CD | CD% | Stacks: 1 | Value: 0.500 | Remaining Turns: 2 | TickDown: DPS, END | Target: DPS | Affects: ['ALL']
        GilgameshTrace3AllyATK | ATK% | Stacks: 1 | Value: 1.000 | Remaining Turns: 1 | TickDown: DPS, PERM | Target: DPS | Affects: ['ALL']
        GilgameshTrace3AllyCD | CD% | Stacks: 1 | Value: 1.000 | Remaining Turns: 1 | TickDown: DPS, PERM | Target: DPS | Affects: ['ALL']
        ThanklessCoronationATK | ATK% | Stacks: 1 | Value: 0.400 | Remaining Turns: 2 | TickDown: DPS, END | Target: DPS | Affects: ['ALL']
        ThanklessCoronationERR | ERR_F | Stacks: 1 | Value: 36.000 | Remaining Turns: 1 | TickDown: DPS, START | Target: DPS | Affects: ['ALL']
        ThanklessCoronationATKExtra | ATK% | Stacks: 1 | Value: 0.400 | Remaining Turns: 2 | TickDown: DPS, END | Target: DPS | Affects: ['ALL']
        ----------End of Buff List----------

        ----------Enemy Debuffs----------
        HuohuoTechniqueDebuff | From: SUS | ATK_REDUCTION | Stacks: 1 | Value: 0.250 | Remaining Turns: 1 | Target: 1 | Targeting: ST | Affects: ['SPECIAL'] | DOT: False | Blast: False
        ResoShred(SUP2) | From: SUP2 | SHRED | Stacks: 1 | Value: 0.160 | Remaining Turns: 1 | Target: 1 | Targeting: ST | Affects: ['ALL'] | DOT: False | Blast: False
        MortenaxBladeUltVul | From: SUP2 | VULN | Stacks: 1 | Value: 0.500 | Remaining Turns: 2 | Target: 1 | Targeting: ST | Affects: ['ALL'] | DOT: False | Blast: False
        MortenaxBladeUltShred | From: SUP2 | SHRED | Stacks: 1 | Value: 0.300 | Remaining Turns: 2 | Target: 1 | Targeting: ST | Affects: ['ALL'] | DOT: False | Blast: False
        ----------End of Debuff List----------
        ----------Healing List----------
        HuoHuoTalentHealingScaling | Targeting: Targeting.SINGLE | Healing Value: [0] | Target: ALL
        HuoHuoTalentHealingScaling | Targeting: Targeting.SINGLE | Healing Value: [0.045] | Target: ALL
        HuoHuoTalentHealingScaling | Targeting: Targeting.SINGLE | Healing Value: [0] | Target: ALL
        HuoHuoTalentHealingScaling | Targeting: Targeting.SINGLE | Healing Value: [0] | Target: ALL
        HuoHuoTalentHealingFlat | Targeting: Targeting.SINGLE | Healing Value: [0] | Target: ALL
        HuoHuoTalentHealingFlat | Targeting: Targeting.SINGLE | Healing Value: [120] | Target: ALL
        HuoHuoTalentHealingFlat | Targeting: Targeting.SINGLE | Healing Value: [0] | Target: ALL
        HuoHuoTalentHealingFlat | Targeting: Targeting.SINGLE | Healing Value: [0] | Target: ALL
        ----------End of Healing List----------
    GAUGE  - Enemy 1 toughness reduced by 20.000
    RESULT - SaberUltSmall | Saber | DPS | DMG: 796563.120 | ELADMG: 0.000 | Enemies Hit: [1] | Enemies Broken: [] | WB DMG: 0.000 | Energy: 5.000 | Amount HP Healed: 438.089 | Amount HP Lost: 0.000 | Saber Energy: 43/360 | SP: 3 | MaxSP: 5)
    TURN   - HuoHuoAllyERR | HuoHuo | SUS | NA attack | ['WIN'] | ['SPECIAL'] | Scaling: HP | TargetID: 1 | DMG/BREAK Splits: [0, 0]/[0, 0] | Energy Gained: 1 | SP Change: 0

        ----------Char Buffs----------
        GilgameshTrace3ATK | ATK% | Stacks: 1 | Value: 0.200 | Remaining Turns: 1 | TickDown: SUS, PERM | Target: SUS | Affects: ['ALL']
        GilgameshTrace3CD | CD% | Stacks: 1 | Value: 0.200 | Remaining Turns: 1 | TickDown: SUS, PERM | Target: SUS | Affects: ['ALL']
        PostOpERR | ERR% | Stacks: 1 | Value: 0.160 | Remaining Turns: 1 | TickDown: SUS, PERM | Target: SUS | Affects: ['ALL']
        WarriorGoddessSPD | SPD% | Stacks: 1 | Value: 0.060 | Remaining Turns: 1 | TickDown: SUS, PERM | Target: SUS | Affects: ['ALL']
        KeelEFFRES | ERS% | Stacks: 1 | Value: 0.100 | Remaining Turns: 1 | TickDown: SUS, PERM | Target: SUS | Affects: ['ALL']
        KeelCD(SUS) | CD% | Stacks: 1 | Value: 0.100 | Remaining Turns: 1 | TickDown: SUS, PERM | Target: SUS | Affects: ['ALL']
        HHTraceHP | HP% | Stacks: 1 | Value: 0.280 | Remaining Turns: 1 | TickDown: SUS, PERM | Target: SUS | Affects: ['ALL']
        HHTraceERS | ERS% | Stacks: 1 | Value: 0.180 | Remaining Turns: 1 | TickDown: SUS, PERM | Target: SUS | Affects: ['ALL']
        HHTraceSPD | SPD | Stacks: 1 | Value: 5.000 | Remaining Turns: 1 | TickDown: SUS, PERM | Target: SUS | Affects: ['ALL']
        MasterSmithComburent | DMG% | Stacks: 1 | Value: 0.150 | Remaining Turns: 2 | TickDown: SUS, END | Target: SUS | Affects: ['ALL']
        WarriorGoddessHealSPD | SPD% | Stacks: 1 | Value: 0.060 | Remaining Turns: 2 | TickDown: SUS, START | Target: SUS | Affects: ['ALL']
        WarriorGoddessHealCD | CD% | Stacks: 1 | Value: 0.150 | Remaining Turns: 2 | TickDown: SUS, START | Target: SUS | Affects: ['ALL']
        MortenaxBladeDMGBoost | DMG% | Stacks: 1 | Value: 0.500 | Remaining Turns: 1 | TickDown: SUS, PERM | Target: SUS | Affects: ['ALL']
        ----------End of Buff List----------

        ----------Enemy Debuffs----------
        HuohuoTechniqueDebuff | From: SUS | ATK_REDUCTION | Stacks: 1 | Value: 0.250 | Remaining Turns: 1 | Target: 1 | Targeting: ST | Affects: ['SPECIAL'] | DOT: False | Blast: False
        ResoShred(SUP2) | From: SUP2 | SHRED | Stacks: 1 | Value: 0.160 | Remaining Turns: 1 | Target: 1 | Targeting: ST | Affects: ['ALL'] | DOT: False | Blast: False
        MortenaxBladeUltVul | From: SUP2 | VULN | Stacks: 1 | Value: 0.500 | Remaining Turns: 2 | Target: 1 | Targeting: ST | Affects: ['ALL'] | DOT: False | Blast: False
        MortenaxBladeUltShred | From: SUP2 | SHRED | Stacks: 1 | Value: 0.300 | Remaining Turns: 2 | Target: 1 | Targeting: ST | Affects: ['ALL'] | DOT: False | Blast: False
        ----------End of Debuff List----------
        ----------Healing List----------
        ----------End of Healing List----------
    GAUGE  - Enemy 1 toughness reduced by 0.000
    RESULT - HuoHuoAllyERR | HuoHuo | SUS | DMG: 0.000 | ELADMG: 0.000 | Enemies Hit: [1] | Enemies Broken: [] | WB DMG: 0.000 | Energy: 1.354 | Amount HP Healed: 0.000 | Amount HP Lost: 0.000 | HuoHuo Energy: 11/140 | SP: 3 | MaxSP: 5)
ERR    > 36.000 energy added to Saber from ThanklessCoronationERR | Saber Energy: 79.333
ERR    > 108.000 energy added to Gilgamesh from GilgameshTrace1ERRAlly1 | Gilgamesh Energy: 360.000
ULT    > Gilgamesh used their ultimate
Gilgamesh Obtained 2 Interest from Ult, Current count: 18
Gilgamesh JointCounter increased by one, current count: 3
    TURN   - GilgameshUltAll | Gilgamesh | SUP1 | AOE attack | ['LNG'] | ['ULT'] | Scaling: ATK | TargetID: 1 | DMG/BREAK Splits: [4.0, 0]/[40, 0] | Energy Gained: 0 | SP Change: 0

        ----------Char Buffs----------
        ScholarCR | CR% | Stacks: 1 | Value: 0.080 | Remaining Turns: 1 | TickDown: SUP1, PERM | Target: SUP1 | Affects: ['ALL']
        ScholarDMG | DMG% | Stacks: 1 | Value: 0.200 | Remaining Turns: 1 | TickDown: SUP1, PERM | Target: SUP1 | Affects: ['SKL', 'ULT']
        GilgameshTraceATK | ATK | Stacks: 1 | Value: 0.180 | Remaining Turns: 1 | TickDown: SUP1, PERM | Target: SUP1 | Affects: ['ALL']
        GilgameshTraceCR | CR% | Stacks: 1 | Value: 0.187 | Remaining Turns: 1 | TickDown: SUP1, PERM | Target: SUP1 | Affects: ['ALL']
        GilgameshTraceDMG | DMG% | Stacks: 1 | Value: 0.080 | Remaining Turns: 1 | TickDown: SUP1, PERM | Target: SUP1 | Affects: ['ALL']
        GilgameshTrace3ATK | ATK% | Stacks: 1 | Value: 0.200 | Remaining Turns: 1 | TickDown: SUP1, PERM | Target: SUP1 | Affects: ['ALL']
        GilgameshTrace3CD | CD% | Stacks: 1 | Value: 0.200 | Remaining Turns: 1 | TickDown: SUP1, PERM | Target: SUP1 | Affects: ['ALL']
        GilgameshTrace3SelfATK | ATK% | Stacks: 1 | Value: 1.000 | Remaining Turns: 1 | TickDown: SUP1, PERM | Target: SUP1 | Affects: ['ALL']
        GilgameshTrace3SelfCD | CD% | Stacks: 1 | Value: 1.000 | Remaining Turns: 1 | TickDown: SUP1, PERM | Target: SUP1 | Affects: ['ALL']
        KeelCD(SUS) | CD% | Stacks: 1 | Value: 0.100 | Remaining Turns: 1 | TickDown: SUP1, PERM | Target: SUP1 | Affects: ['ALL']
        CosmicLifeDMG | DMG% | Stacks: 1 | Value: 0.320 | Remaining Turns: 1 | TickDown: SUP1, PERM | Target: SUP1 | Affects: ['ALL']
        Trace2CDExtra | CD% | Stacks: 1 | Value: 1.500 | Remaining Turns: 1 | TickDown: SUP1, PERM | Target: SUP1 | Affects: ['ALL']
        GilgameshInterestSPD | SPD% | Stacks: 1 | Value: 1.600 | Remaining Turns: 1 | TickDown: SUP2, PERM | Target: SUP1 | Affects: ['ALL']
        MasterSmithComburent | DMG% | Stacks: 1 | Value: 0.150 | Remaining Turns: 2 | TickDown: SUP1, END | Target: SUP1 | Affects: ['ALL']
        WarriorGoddessHealCD | CD% | Stacks: 1 | Value: 0.150 | Remaining Turns: 2 | TickDown: SUP1, START | Target: SUP1 | Affects: ['ALL']
        HuoHuoUltATK | ATK% | Stacks: 1 | Value: 0.400 | Remaining Turns: 2 | TickDown: SUP1, END | Target: SUP1 | Affects: ['ALL']
        HuoHuoUltExtraATK | ATK% | Stacks: 1 | Value: 0.240 | Remaining Turns: 2 | TickDown: SUP1, END | Target: SUP1 | Affects: ['ALL']
        GilgameshUltDmg | DMG% | Stacks: 1 | Value: 0.400 | Remaining Turns: 3 | TickDown: SUP1, END | Target: SUP1 | Affects: ['ULT']
        MortenaxBladeDMGBoost | DMG% | Stacks: 1 | Value: 0.500 | Remaining Turns: 1 | TickDown: SUP1, PERM | Target: SUP1 | Affects: ['ALL']
        ----------End of Buff List----------

        ----------Enemy Debuffs----------
        HuohuoTechniqueDebuff | From: SUS | ATK_REDUCTION | Stacks: 1 | Value: 0.250 | Remaining Turns: 1 | Target: 1 | Targeting: ST | Affects: ['SPECIAL'] | DOT: False | Blast: False
        ResoShred(SUP2) | From: SUP2 | SHRED | Stacks: 1 | Value: 0.160 | Remaining Turns: 1 | Target: 1 | Targeting: ST | Affects: ['ALL'] | DOT: False | Blast: False
        MortenaxBladeUltVul | From: SUP2 | VULN | Stacks: 1 | Value: 0.500 | Remaining Turns: 2 | Target: 1 | Targeting: ST | Affects: ['ALL'] | DOT: False | Blast: False
        MortenaxBladeUltShred | From: SUP2 | SHRED | Stacks: 1 | Value: 0.300 | Remaining Turns: 2 | Target: 1 | Targeting: ST | Affects: ['ALL'] | DOT: False | Blast: False
        ----------End of Debuff List----------
        ----------Healing List----------
        ----------End of Healing List----------
    GAUGE  - Enemy 0 toughness reduced by 0.000
    GAUGE  - Enemy 1 toughness reduced by 0.000
    GAUGE  - Enemy 2 toughness reduced by 0.000
    RESULT - GilgameshUltAll | Gilgamesh | SUP1 | DMG: 566923.957 | ELADMG: 0.000 | Enemies Hit: [0, 1, 2] | Enemies Broken: [] | WB DMG: 0.000 | Energy: 0.000 | Amount HP Healed: 0.000 | Amount HP Lost: 0.000 | Gilgamesh Energy: 0/360 | SP: 3 | MaxSP: 5)
Saber got 3 Core Resonance from Talent, Current Count: 6
MortenaxBlade has obtained 1 Charge. Current Charge count: 3.
    TURN   - GilgameshUltSingle | Gilgamesh | SUP1 | ST attack | ['LNG'] | ['ULT'] | Scaling: ATK | TargetID: 1 | DMG/BREAK Splits: [10.0, 0]/[20, 0] | Energy Gained: 5 | SP Change: 0

        ----------Char Buffs----------
        ScholarCR | CR% | Stacks: 1 | Value: 0.080 | Remaining Turns: 1 | TickDown: SUP1, PERM | Target: SUP1 | Affects: ['ALL']
        ScholarDMG | DMG% | Stacks: 1 | Value: 0.200 | Remaining Turns: 1 | TickDown: SUP1, PERM | Target: SUP1 | Affects: ['SKL', 'ULT']
        GilgameshTraceATK | ATK | Stacks: 1 | Value: 0.180 | Remaining Turns: 1 | TickDown: SUP1, PERM | Target: SUP1 | Affects: ['ALL']
        GilgameshTraceCR | CR% | Stacks: 1 | Value: 0.187 | Remaining Turns: 1 | TickDown: SUP1, PERM | Target: SUP1 | Affects: ['ALL']
        GilgameshTraceDMG | DMG% | Stacks: 1 | Value: 0.080 | Remaining Turns: 1 | TickDown: SUP1, PERM | Target: SUP1 | Affects: ['ALL']
        GilgameshTrace3ATK | ATK% | Stacks: 1 | Value: 0.200 | Remaining Turns: 1 | TickDown: SUP1, PERM | Target: SUP1 | Affects: ['ALL']
        GilgameshTrace3CD | CD% | Stacks: 1 | Value: 0.200 | Remaining Turns: 1 | TickDown: SUP1, PERM | Target: SUP1 | Affects: ['ALL']
        GilgameshTrace3SelfATK | ATK% | Stacks: 1 | Value: 1.000 | Remaining Turns: 1 | TickDown: SUP1, PERM | Target: SUP1 | Affects: ['ALL']
        GilgameshTrace3SelfCD | CD% | Stacks: 1 | Value: 1.000 | Remaining Turns: 1 | TickDown: SUP1, PERM | Target: SUP1 | Affects: ['ALL']
        KeelCD(SUS) | CD% | Stacks: 1 | Value: 0.100 | Remaining Turns: 1 | TickDown: SUP1, PERM | Target: SUP1 | Affects: ['ALL']
        CosmicLifeDMG | DMG% | Stacks: 1 | Value: 0.320 | Remaining Turns: 1 | TickDown: SUP1, PERM | Target: SUP1 | Affects: ['ALL']
        Trace2CDExtra | CD% | Stacks: 1 | Value: 1.500 | Remaining Turns: 1 | TickDown: SUP1, PERM | Target: SUP1 | Affects: ['ALL']
        GilgameshInterestSPD | SPD% | Stacks: 1 | Value: 1.800 | Remaining Turns: 1 | TickDown: SUP2, PERM | Target: SUP1 | Affects: ['ALL']
        MasterSmithComburent | DMG% | Stacks: 1 | Value: 0.150 | Remaining Turns: 2 | TickDown: SUP1, END | Target: SUP1 | Affects: ['ALL']
        WarriorGoddessHealCD | CD% | Stacks: 1 | Value: 0.150 | Remaining Turns: 2 | TickDown: SUP1, START | Target: SUP1 | Affects: ['ALL']
        HuoHuoUltATK | ATK% | Stacks: 1 | Value: 0.400 | Remaining Turns: 2 | TickDown: SUP1, END | Target: SUP1 | Affects: ['ALL']
        HuoHuoUltExtraATK | ATK% | Stacks: 1 | Value: 0.240 | Remaining Turns: 2 | TickDown: SUP1, END | Target: SUP1 | Affects: ['ALL']
        GilgameshUltDmg | DMG% | Stacks: 1 | Value: 0.400 | Remaining Turns: 3 | TickDown: SUP1, END | Target: SUP1 | Affects: ['ULT']
        MortenaxBladeDMGBoost | DMG% | Stacks: 1 | Value: 0.500 | Remaining Turns: 1 | TickDown: SUP1, PERM | Target: SUP1 | Affects: ['ALL']
        AeonATK | ATK% | Stacks: 1 | Value: 0.160 | Remaining Turns: 1 | TickDown: SUP1, PERM | Target: SUP1 | Affects: ['ALL']
        ----------End of Buff List----------

        ----------Enemy Debuffs----------
        HuohuoTechniqueDebuff | From: SUS | ATK_REDUCTION | Stacks: 1 | Value: 0.250 | Remaining Turns: 1 | Target: 1 | Targeting: ST | Affects: ['SPECIAL'] | DOT: False | Blast: False
        ResoShred(SUP2) | From: SUP2 | SHRED | Stacks: 1 | Value: 0.160 | Remaining Turns: 1 | Target: 1 | Targeting: ST | Affects: ['ALL'] | DOT: False | Blast: False
        MortenaxBladeUltVul | From: SUP2 | VULN | Stacks: 1 | Value: 0.500 | Remaining Turns: 2 | Target: 1 | Targeting: ST | Affects: ['ALL'] | DOT: False | Blast: False
        MortenaxBladeUltShred | From: SUP2 | SHRED | Stacks: 1 | Value: 0.300 | Remaining Turns: 2 | Target: 1 | Targeting: ST | Affects: ['ALL'] | DOT: False | Blast: False
        ----------End of Debuff List----------
        ----------Healing List----------
        HuoHuoTalentHealingScaling | Targeting: Targeting.SINGLE | Healing Value: [0] | Target: ALL
        HuoHuoTalentHealingScaling | Targeting: Targeting.SINGLE | Healing Value: [0.045] | Target: ALL
        HuoHuoTalentHealingScaling | Targeting: Targeting.SINGLE | Healing Value: [0] | Target: ALL
        HuoHuoTalentHealingScaling | Targeting: Targeting.SINGLE | Healing Value: [0] | Target: ALL
        HuoHuoTalentHealingFlat | Targeting: Targeting.SINGLE | Healing Value: [0] | Target: ALL
        HuoHuoTalentHealingFlat | Targeting: Targeting.SINGLE | Healing Value: [120] | Target: ALL
        HuoHuoTalentHealingFlat | Targeting: Targeting.SINGLE | Healing Value: [0] | Target: ALL
        HuoHuoTalentHealingFlat | Targeting: Targeting.SINGLE | Healing Value: [0] | Target: ALL
        ----------End of Healing List----------
    GAUGE  - Enemy 1 toughness reduced by 0.000
    RESULT - GilgameshUltSingle | Gilgamesh | SUP1 | DMG: 492853.854 | ELADMG: 0.000 | Enemies Hit: [1] | Enemies Broken: [] | WB DMG: 0.000 | Energy: 5.000 | Amount HP Healed: 438.089 | Amount HP Lost: 0.000 | Gilgamesh Energy: 5/360 | SP: 3 | MaxSP: 5)
    TURN   - HuoHuoAllyERR | HuoHuo | SUS | NA attack | ['WIN'] | ['SPECIAL'] | Scaling: HP | TargetID: 1 | DMG/BREAK Splits: [0, 0]/[0, 0] | Energy Gained: 1 | SP Change: 0

        ----------Char Buffs----------
        GilgameshTrace3ATK | ATK% | Stacks: 1 | Value: 0.200 | Remaining Turns: 1 | TickDown: SUS, PERM | Target: SUS | Affects: ['ALL']
        GilgameshTrace3CD | CD% | Stacks: 1 | Value: 0.200 | Remaining Turns: 1 | TickDown: SUS, PERM | Target: SUS | Affects: ['ALL']
        PostOpERR | ERR% | Stacks: 1 | Value: 0.160 | Remaining Turns: 1 | TickDown: SUS, PERM | Target: SUS | Affects: ['ALL']
        WarriorGoddessSPD | SPD% | Stacks: 1 | Value: 0.060 | Remaining Turns: 1 | TickDown: SUS, PERM | Target: SUS | Affects: ['ALL']
        KeelEFFRES | ERS% | Stacks: 1 | Value: 0.100 | Remaining Turns: 1 | TickDown: SUS, PERM | Target: SUS | Affects: ['ALL']
        KeelCD(SUS) | CD% | Stacks: 1 | Value: 0.100 | Remaining Turns: 1 | TickDown: SUS, PERM | Target: SUS | Affects: ['ALL']
        HHTraceHP | HP% | Stacks: 1 | Value: 0.280 | Remaining Turns: 1 | TickDown: SUS, PERM | Target: SUS | Affects: ['ALL']
        HHTraceERS | ERS% | Stacks: 1 | Value: 0.180 | Remaining Turns: 1 | TickDown: SUS, PERM | Target: SUS | Affects: ['ALL']
        HHTraceSPD | SPD | Stacks: 1 | Value: 5.000 | Remaining Turns: 1 | TickDown: SUS, PERM | Target: SUS | Affects: ['ALL']
        MasterSmithComburent | DMG% | Stacks: 1 | Value: 0.150 | Remaining Turns: 2 | TickDown: SUS, END | Target: SUS | Affects: ['ALL']
        WarriorGoddessHealSPD | SPD% | Stacks: 1 | Value: 0.060 | Remaining Turns: 2 | TickDown: SUS, START | Target: SUS | Affects: ['ALL']
        WarriorGoddessHealCD | CD% | Stacks: 1 | Value: 0.150 | Remaining Turns: 2 | TickDown: SUS, START | Target: SUS | Affects: ['ALL']
        MortenaxBladeDMGBoost | DMG% | Stacks: 1 | Value: 0.500 | Remaining Turns: 1 | TickDown: SUS, PERM | Target: SUS | Affects: ['ALL']
        ----------End of Buff List----------

        ----------Enemy Debuffs----------
        HuohuoTechniqueDebuff | From: SUS | ATK_REDUCTION | Stacks: 1 | Value: 0.250 | Remaining Turns: 1 | Target: 1 | Targeting: ST | Affects: ['SPECIAL'] | DOT: False | Blast: False
        ResoShred(SUP2) | From: SUP2 | SHRED | Stacks: 1 | Value: 0.160 | Remaining Turns: 1 | Target: 1 | Targeting: ST | Affects: ['ALL'] | DOT: False | Blast: False
        MortenaxBladeUltVul | From: SUP2 | VULN | Stacks: 1 | Value: 0.500 | Remaining Turns: 2 | Target: 1 | Targeting: ST | Affects: ['ALL'] | DOT: False | Blast: False
        MortenaxBladeUltShred | From: SUP2 | SHRED | Stacks: 1 | Value: 0.300 | Remaining Turns: 2 | Target: 1 | Targeting: ST | Affects: ['ALL'] | DOT: False | Blast: False
        ----------End of Debuff List----------
        ----------Healing List----------
        ----------End of Healing List----------
    GAUGE  - Enemy 1 toughness reduced by 0.000
    RESULT - HuoHuoAllyERR | HuoHuo | SUS | DMG: 0.000 | ELADMG: 0.000 | Enemies Hit: [1] | Enemies Broken: [] | WB DMG: 0.000 | Energy: 1.354 | Amount HP Healed: 0.000 | Amount HP Lost: 0.000 | HuoHuo Energy: 12/140 | SP: 3 | MaxSP: 5)
SPD    > Gilgamesh speed changed to 301.232 | NewAV: 5.806
AV     > Saber AV reset to 76.551 | 130.632 SPD

<<< NEW TURN >>>
-   Gilgamesh AV: 0.000 ENERGY: 5.000 MaxHP: 3134.558 CurrHp 3134.558 ShieldHP: 0.000
-   Enemy 0 AV: 6.445 ENERGY: 0.000 MaxHP: 2000000.000 CurrHp 1518389.415 ShieldHP: 0.000
-   Enemy 2 AV: 6.445 ENERGY: 0.000 MaxHP: 2000000.000 CurrHp 1518389.415 ShieldHP: 0.000
-   Enemy 1 AV: 55.785 ENERGY: 0.000 MaxHP: 5000000.000 CurrHp 3200676.455 ShieldHP: 0.000
-   HuoHuo AV: 56.502 ENERGY: 12.190 MaxHP: 6139.808 CurrHp 6139.808 ShieldHP: 0.000
-   MortenaxBlade AV: 58.528 ENERGY: 25.184 MaxHP: 4779.283 CurrHp 3823.426 ShieldHP: 0.000
-   Saber AV: 70.744 ENERGY: 79.333 MaxHP: 3366.991 CurrHp 3366.991 ShieldHP: 0.000
-   InfiniteFury AV: 137.051 ENERGY: 0.000 MaxHP: 0.000 CurrHp 0.000 ShieldHP: 0.000

Combat context set: 3 enemies, 4 players
Combat context initialized: 3 enemies, Elation team size: 0
ACTION > [CHAR] TotalAV: 70.478 | TurnAV: 5.806 | Gilgamesh | E-move
Gilgamesh JointCounter increased by one, current count: 4
    TURN   - GilgameshSkill | Gilgamesh | SUP1 | BLAST attack | ['LNG'] | ['SKL'] | Scaling: ATK | TargetID: 1 | DMG/BREAK Splits: [2.8, 1.4]/[20, 10] | Energy Gained: 30 | SP Change: 0

        ----------Char Buffs----------
        ScholarCR | CR% | Stacks: 1 | Value: 0.080 | Remaining Turns: 1 | TickDown: SUP1, PERM | Target: SUP1 | Affects: ['ALL']
        ScholarDMG | DMG% | Stacks: 1 | Value: 0.200 | Remaining Turns: 1 | TickDown: SUP1, PERM | Target: SUP1 | Affects: ['SKL', 'ULT']
        GilgameshTraceATK | ATK | Stacks: 1 | Value: 0.180 | Remaining Turns: 1 | TickDown: SUP1, PERM | Target: SUP1 | Affects: ['ALL']
        GilgameshTraceCR | CR% | Stacks: 1 | Value: 0.187 | Remaining Turns: 1 | TickDown: SUP1, PERM | Target: SUP1 | Affects: ['ALL']
        GilgameshTraceDMG | DMG% | Stacks: 1 | Value: 0.080 | Remaining Turns: 1 | TickDown: SUP1, PERM | Target: SUP1 | Affects: ['ALL']
        GilgameshTrace3ATK | ATK% | Stacks: 1 | Value: 0.200 | Remaining Turns: 1 | TickDown: SUP1, PERM | Target: SUP1 | Affects: ['ALL']
        GilgameshTrace3CD | CD% | Stacks: 1 | Value: 0.200 | Remaining Turns: 1 | TickDown: SUP1, PERM | Target: SUP1 | Affects: ['ALL']
        GilgameshTrace3SelfATK | ATK% | Stacks: 1 | Value: 1.000 | Remaining Turns: 1 | TickDown: SUP1, PERM | Target: SUP1 | Affects: ['ALL']
        GilgameshTrace3SelfCD | CD% | Stacks: 1 | Value: 1.000 | Remaining Turns: 1 | TickDown: SUP1, PERM | Target: SUP1 | Affects: ['ALL']
        KeelCD(SUS) | CD% | Stacks: 1 | Value: 0.100 | Remaining Turns: 1 | TickDown: SUP1, PERM | Target: SUP1 | Affects: ['ALL']
        CosmicLifeDMG | DMG% | Stacks: 1 | Value: 0.320 | Remaining Turns: 1 | TickDown: SUP1, PERM | Target: SUP1 | Affects: ['ALL']
        Trace2CDExtra | CD% | Stacks: 1 | Value: 1.500 | Remaining Turns: 1 | TickDown: SUP1, PERM | Target: SUP1 | Affects: ['ALL']
        GilgameshInterestSPD | SPD% | Stacks: 1 | Value: 1.800 | Remaining Turns: 1 | TickDown: SUP2, PERM | Target: SUP1 | Affects: ['ALL']
        MasterSmithComburent | DMG% | Stacks: 1 | Value: 0.150 | Remaining Turns: 2 | TickDown: SUP1, END | Target: SUP1 | Affects: ['ALL']
        WarriorGoddessHealCD | CD% | Stacks: 1 | Value: 0.150 | Remaining Turns: 1 | TickDown: SUP1, START | Target: SUP1 | Affects: ['ALL']
        HuoHuoUltATK | ATK% | Stacks: 1 | Value: 0.400 | Remaining Turns: 2 | TickDown: SUP1, END | Target: SUP1 | Affects: ['ALL']
        HuoHuoUltExtraATK | ATK% | Stacks: 1 | Value: 0.240 | Remaining Turns: 2 | TickDown: SUP1, END | Target: SUP1 | Affects: ['ALL']
        MortenaxBladeDMGBoost | DMG% | Stacks: 1 | Value: 0.500 | Remaining Turns: 1 | TickDown: SUP1, PERM | Target: SUP1 | Affects: ['ALL']
        ScholarBonusDMG | DMG% | Stacks: 1 | Value: 0.250 | Remaining Turns: 1 | TickDown: SUP1, START | Target: SUP1 | Affects: ['SKL']
        AeonATK | ATK% | Stacks: 1 | Value: 0.160 | Remaining Turns: 1 | TickDown: SUP1, PERM | Target: SUP1 | Affects: ['ALL']
        GilgameshSKLShred | SHRED | Stacks: 1 | Value: 0.300 | Remaining Turns: 3 | TickDown: SUP1, END | Target: SUP1 | Affects: ['ALL']
        ----------End of Buff List----------

        ----------Enemy Debuffs----------
        HuohuoTechniqueDebuff | From: SUS | ATK_REDUCTION | Stacks: 1 | Value: 0.250 | Remaining Turns: 1 | Target: 1 | Targeting: ST | Affects: ['SPECIAL'] | DOT: False | Blast: False
        ResoShred(SUP2) | From: SUP2 | SHRED | Stacks: 1 | Value: 0.160 | Remaining Turns: 1 | Target: 1 | Targeting: ST | Affects: ['ALL'] | DOT: False | Blast: False
        MortenaxBladeUltVul | From: SUP2 | VULN | Stacks: 1 | Value: 0.500 | Remaining Turns: 2 | Target: 1 | Targeting: ST | Affects: ['ALL'] | DOT: False | Blast: False
        MortenaxBladeUltShred | From: SUP2 | SHRED | Stacks: 1 | Value: 0.300 | Remaining Turns: 2 | Target: 1 | Targeting: ST | Affects: ['ALL'] | DOT: False | Blast: False
        ----------End of Debuff List----------
        ----------Healing List----------
        ----------End of Healing List----------
    GAUGE  - Enemy 1 toughness reduced by 0.000
    GAUGE  - Enemy 0 toughness reduced by 0.000
    GAUGE  - Enemy 2 toughness reduced by 0.000
    RESULT - GilgameshSkill | Gilgamesh | SUP1 | DMG: 333314.268 | ELADMG: 0.000 | Enemies Hit: [1, 0, 2] | Enemies Broken: [] | WB DMG: 0.000 | Energy: 30.000 | Amount HP Healed: 0.000 | Amount HP Lost: 0.000 | Gilgamesh Energy: 35/360 | SP: 3 | MaxSP: 5)
MortenaxBlade has obtained 1 Charge. Current Charge count: 4.
    TURN   - HuoHuoAllyERR | HuoHuo | SUS | NA attack | ['WIN'] | ['SPECIAL'] | Scaling: HP | TargetID: 1 | DMG/BREAK Splits: [0, 0]/[0, 0] | Energy Gained: 1 | SP Change: 0

        ----------Char Buffs----------
        GilgameshTrace3ATK | ATK% | Stacks: 1 | Value: 0.200 | Remaining Turns: 1 | TickDown: SUS, PERM | Target: SUS | Affects: ['ALL']
        GilgameshTrace3CD | CD% | Stacks: 1 | Value: 0.200 | Remaining Turns: 1 | TickDown: SUS, PERM | Target: SUS | Affects: ['ALL']
        PostOpERR | ERR% | Stacks: 1 | Value: 0.160 | Remaining Turns: 1 | TickDown: SUS, PERM | Target: SUS | Affects: ['ALL']
        WarriorGoddessSPD | SPD% | Stacks: 1 | Value: 0.060 | Remaining Turns: 1 | TickDown: SUS, PERM | Target: SUS | Affects: ['ALL']
        KeelEFFRES | ERS% | Stacks: 1 | Value: 0.100 | Remaining Turns: 1 | TickDown: SUS, PERM | Target: SUS | Affects: ['ALL']
        KeelCD(SUS) | CD% | Stacks: 1 | Value: 0.100 | Remaining Turns: 1 | TickDown: SUS, PERM | Target: SUS | Affects: ['ALL']
        HHTraceHP | HP% | Stacks: 1 | Value: 0.280 | Remaining Turns: 1 | TickDown: SUS, PERM | Target: SUS | Affects: ['ALL']
        HHTraceERS | ERS% | Stacks: 1 | Value: 0.180 | Remaining Turns: 1 | TickDown: SUS, PERM | Target: SUS | Affects: ['ALL']
        HHTraceSPD | SPD | Stacks: 1 | Value: 5.000 | Remaining Turns: 1 | TickDown: SUS, PERM | Target: SUS | Affects: ['ALL']
        MasterSmithComburent | DMG% | Stacks: 1 | Value: 0.150 | Remaining Turns: 2 | TickDown: SUS, END | Target: SUS | Affects: ['ALL']
        WarriorGoddessHealSPD | SPD% | Stacks: 1 | Value: 0.060 | Remaining Turns: 2 | TickDown: SUS, START | Target: SUS | Affects: ['ALL']
        WarriorGoddessHealCD | CD% | Stacks: 1 | Value: 0.150 | Remaining Turns: 2 | TickDown: SUS, START | Target: SUS | Affects: ['ALL']
        MortenaxBladeDMGBoost | DMG% | Stacks: 1 | Value: 0.500 | Remaining Turns: 1 | TickDown: SUS, PERM | Target: SUS | Affects: ['ALL']
        ----------End of Buff List----------

        ----------Enemy Debuffs----------
        HuohuoTechniqueDebuff | From: SUS | ATK_REDUCTION | Stacks: 1 | Value: 0.250 | Remaining Turns: 1 | Target: 1 | Targeting: ST | Affects: ['SPECIAL'] | DOT: False | Blast: False
        ResoShred(SUP2) | From: SUP2 | SHRED | Stacks: 1 | Value: 0.160 | Remaining Turns: 1 | Target: 1 | Targeting: ST | Affects: ['ALL'] | DOT: False | Blast: False
        MortenaxBladeUltVul | From: SUP2 | VULN | Stacks: 1 | Value: 0.500 | Remaining Turns: 2 | Target: 1 | Targeting: ST | Affects: ['ALL'] | DOT: False | Blast: False
        MortenaxBladeUltShred | From: SUP2 | SHRED | Stacks: 1 | Value: 0.300 | Remaining Turns: 2 | Target: 1 | Targeting: ST | Affects: ['ALL'] | DOT: False | Blast: False
        ----------End of Debuff List----------
        ----------Healing List----------
        HuoHuoTalentHealingScaling | Targeting: Targeting.SINGLE | Healing Value: [0] | Target: ALL
        HuoHuoTalentHealingScaling | Targeting: Targeting.SINGLE | Healing Value: [0.045] | Target: ALL
        HuoHuoTalentHealingScaling | Targeting: Targeting.SINGLE | Healing Value: [0] | Target: ALL
        HuoHuoTalentHealingScaling | Targeting: Targeting.SINGLE | Healing Value: [0] | Target: ALL
        HuoHuoTalentHealingFlat | Targeting: Targeting.SINGLE | Healing Value: [0] | Target: ALL
        HuoHuoTalentHealingFlat | Targeting: Targeting.SINGLE | Healing Value: [120] | Target: ALL
        HuoHuoTalentHealingFlat | Targeting: Targeting.SINGLE | Healing Value: [0] | Target: ALL
        HuoHuoTalentHealingFlat | Targeting: Targeting.SINGLE | Healing Value: [0] | Target: ALL
        ----------End of Healing List----------
    GAUGE  - Enemy 1 toughness reduced by 0.000
    RESULT - HuoHuoAllyERR | HuoHuo | SUS | DMG: 0.000 | ELADMG: 0.000 | Enemies Hit: [1] | Enemies Broken: [] | WB DMG: 0.000 | Energy: 1.354 | Amount HP Healed: 371.779 | Amount HP Lost: 0.000 | HuoHuo Energy: 14/140 | SP: 3 | MaxSP: 5)
SPD    > Gilgamesh speed changed to 126.632 | NewAV: 0.000
AV     > Gilgamesh AV reset to 78.969 | 126.632 SPD

<<< NEW TURN >>>
-   Enemy 0 AV: 0.000 ENERGY: 0.000 MaxHP: 2000000.000 CurrHp 1435060.848 ShieldHP: 0.000
-   Enemy 2 AV: 0.000 ENERGY: 0.000 MaxHP: 2000000.000 CurrHp 1435060.848 ShieldHP: 0.000
-   Enemy 1 AV: 49.340 ENERGY: 0.000 MaxHP: 5000000.000 CurrHp 3034019.322 ShieldHP: 0.000
-   HuoHuo AV: 50.057 ENERGY: 13.544 MaxHP: 6139.808 CurrHp 6139.808 ShieldHP: 0.000
-   MortenaxBlade AV: 52.083 ENERGY: 25.184 MaxHP: 4779.283 CurrHp 3823.426 ShieldHP: 0.000
-   Saber AV: 64.299 ENERGY: 79.333 MaxHP: 3366.991 CurrHp 3366.991 ShieldHP: 0.000
-   Gilgamesh AV: 72.524 ENERGY: 35.000 MaxHP: 3134.558 CurrHp 3134.558 ShieldHP: 0.000
-   InfiniteFury AV: 130.606 ENERGY: 0.000 MaxHP: 0.000 CurrHp 0.000 ShieldHP: 0.000

Combat context set: 3 enemies, 4 players
Combat context initialized: 3 enemies, Elation team size: 0
ACTION > [ENEMY] TotalAV: 76.923 | TurnAV: 6.445 | Enemy 0 | 1 attacks
MortenaxBlade has obtained 1 Charge. Current Charge count: 5.
    CharEnergy - Saber: Hit 1.667 Total: 81.000 | Gilgamesh: Hit 1.667 Total: 36.667 | MortenaxBlade: Hit 8.333 Total: 35.554 | HuoHuo: Hit 1.667 Total: 15.801 |
    ENEMY  - Enemy 0 [aoe] dealt 0.0 to MortenaxBlade (energy: 3.3, DEF: 2014, atkMul: 0.75, dmgMul: 1.00) | Shield Absorbed: 0.0 | HP Lost: 0.0 | HP: 3823/4779 | Shield HP: 0
    ENEMY  - Enemy 0 [aoe] dealt 87.0 to Saber (energy: 1.7, DEF: 2409, atkMul: 0.75, dmgMul: 1.00) | Shield Absorbed: 0.0 | HP Lost: 87.0 | HP: 3280/3367 | Shield HP: 0
    ENEMY  - Enemy 0 [aoe] dealt 105.2 to Gilgamesh (energy: 1.7, DEF: 1794, atkMul: 0.75, dmgMul: 1.00) | Shield Absorbed: 0.0 | HP Lost: 105.2 | HP: 3029/3135 | Shield HP: 0
    ENEMY  - Enemy 0 [aoe] dealt 0.0 to MortenaxBlade (energy: 1.7, DEF: 2014, atkMul: 0.75, dmgMul: 1.00) | Shield Absorbed: 0.0 | HP Lost: 0.0 | HP: 3823/4779 | Shield HP: 0
    ENEMY  - Enemy 0 [aoe] dealt 87.0 to HuoHuo (energy: 1.7, DEF: 2410, atkMul: 0.75, dmgMul: 1.00) | Shield Absorbed: 0.0 | HP Lost: 87.0 | HP: 6053/6140 | Shield HP: 0
    ENEMY  - Enemy 0 [aoe] dealt 0.0 to MortenaxBlade (energy: 3.3, DEF: 2014, atkMul: 0.75, dmgMul: 1.00) | Shield Absorbed: 0.0 | HP Lost: 0.0 | HP: 3823/4779 | Shield HP: 0
MortenaxBlade has obtained 1 Charge. Current Charge count: 6.
MortenaxBlade useHit produced 2 debuffs
        Debuff ResoShred(SUP2) expired
AV     > Enemy 0 AV reset to 76.923 | 130.000 SPD

<<< NEW TURN >>>
-   Enemy 2 AV: 0.000 ENERGY: 0.000 MaxHP: 2000000.000 CurrHp 1435060.848 ShieldHP: 0.000
-   Enemy 1 AV: 49.340 ENERGY: 0.000 MaxHP: 5000000.000 CurrHp 3034019.322 ShieldHP: 0.000
-   HuoHuo AV: 50.057 ENERGY: 15.801 MaxHP: 6139.808 CurrHp 6052.830 ShieldHP: 0.000
-   MortenaxBlade AV: 52.083 ENERGY: 35.554 MaxHP: 4779.283 CurrHp 3823.426 ShieldHP: 0.000
-   Saber AV: 64.299 ENERGY: 81.000 MaxHP: 3366.991 CurrHp 3279.980 ShieldHP: 0.000
-   Gilgamesh AV: 72.524 ENERGY: 36.667 MaxHP: 3134.558 CurrHp 3029.381 ShieldHP: 0.000
-   Enemy 0 AV: 76.923 ENERGY: 0.000 MaxHP: 2000000.000 CurrHp 1435060.848 ShieldHP: 0.000
-   InfiniteFury AV: 130.606 ENERGY: 0.000 MaxHP: 0.000 CurrHp 0.000 ShieldHP: 0.000

Combat context set: 3 enemies, 4 players
Combat context initialized: 3 enemies, Elation team size: 0
ACTION > [ENEMY] TotalAV: 76.923 | TurnAV: 0.000 | Enemy 2 | 1 attacks
MortenaxBlade has obtained 1 Charge. Current Charge count: 7.
    CharEnergy - Saber: Hit 1.667 Total: 82.667 | Gilgamesh: Hit 1.667 Total: 38.333 | MortenaxBlade: Hit 8.333 Total: 45.924 | HuoHuo: Hit 1.667 Total: 18.059 |
    ENEMY  - Enemy 2 [aoe] dealt 0.0 to MortenaxBlade (energy: 3.3, DEF: 2014, atkMul: 0.75, dmgMul: 1.00) | Shield Absorbed: 0.0 | HP Lost: 0.0 | HP: 3823/4779 | Shield HP: 0
    ENEMY  - Enemy 2 [aoe] dealt 87.0 to Saber (energy: 1.7, DEF: 2409, atkMul: 0.75, dmgMul: 1.00) | Shield Absorbed: 0.0 | HP Lost: 87.0 | HP: 3193/3367 | Shield HP: 0
    ENEMY  - Enemy 2 [aoe] dealt 105.2 to Gilgamesh (energy: 1.7, DEF: 1794, atkMul: 0.75, dmgMul: 1.00) | Shield Absorbed: 0.0 | HP Lost: 105.2 | HP: 2924/3135 | Shield HP: 0
    ENEMY  - Enemy 2 [aoe] dealt 0.0 to MortenaxBlade (energy: 1.7, DEF: 2014, atkMul: 0.75, dmgMul: 1.00) | Shield Absorbed: 0.0 | HP Lost: 0.0 | HP: 3823/4779 | Shield HP: 0
    ENEMY  - Enemy 2 [aoe] dealt 87.0 to HuoHuo (energy: 1.7, DEF: 2410, atkMul: 0.75, dmgMul: 1.00) | Shield Absorbed: 0.0 | HP Lost: 87.0 | HP: 5966/6140 | Shield HP: 0
    ENEMY  - Enemy 2 [aoe] dealt 0.0 to MortenaxBlade (energy: 3.3, DEF: 2014, atkMul: 0.75, dmgMul: 1.00) | Shield Absorbed: 0.0 | HP Lost: 0.0 | HP: 3823/4779 | Shield HP: 0
MortenaxBlade has obtained 1 Charge. Current Charge count: 8.
MortenaxBlade useHit produced 2 debuffs
        Debuff ResoShred(SUP2) expired
AV     > Enemy 2 AV reset to 76.923 | 130.000 SPD

<<< NEW TURN >>>
-   Enemy 1 AV: 0.000 ENERGY: 0.000 MaxHP: 5000000.000 CurrHp 3034019.322 ShieldHP: 0.000
-   HuoHuo AV: 0.717 ENERGY: 18.059 MaxHP: 6139.808 CurrHp 5965.852 ShieldHP: 0.000
-   MortenaxBlade AV: 2.743 ENERGY: 45.924 MaxHP: 4779.283 CurrHp 3823.426 ShieldHP: 0.000
-   Saber AV: 14.960 ENERGY: 82.667 MaxHP: 3366.991 CurrHp 3192.970 ShieldHP: 0.000
-   Gilgamesh AV: 23.184 ENERGY: 38.333 MaxHP: 3134.558 CurrHp 2924.204 ShieldHP: 0.000
-   Enemy 2 AV: 27.584 ENERGY: 0.000 MaxHP: 2000000.000 CurrHp 1435060.848 ShieldHP: 0.000
-   Enemy 0 AV: 27.584 ENERGY: 0.000 MaxHP: 2000000.000 CurrHp 1435060.848 ShieldHP: 0.000
-   InfiniteFury AV: 81.266 ENERGY: 0.000 MaxHP: 0.000 CurrHp 0.000 ShieldHP: 0.000

Combat context set: 3 enemies, 4 players
Combat context initialized: 3 enemies, Elation team size: 0
ACTION > [ENEMY] TotalAV: 126.263 | TurnAV: 49.340 | Enemy 1 | 1 attacks
MortenaxBlade has obtained 1 Charge. Current Charge count: 9.
    CharEnergy - Saber: Hit 3.333 Total: 86.000 | Gilgamesh: Hit 3.333 Total: 41.667 | MortenaxBlade: Hit 6.667 Total: 54.220 | HuoHuo: Hit 3.333 Total: 22.573 |
    ENEMY  - Enemy 1 [aoe] dealt 0.0 to MortenaxBlade (energy: 3.3, DEF: 2014, atkMul: 0.75, dmgMul: 1.00) | Shield Absorbed: 0.0 | HP Lost: 0.0 | HP: 3823/4779 | Shield HP: 0
    ENEMY  - Enemy 1 [aoe] dealt 0.0 to MortenaxBlade (energy: 3.3, DEF: 2014, atkMul: 0.75, dmgMul: 1.00) | Shield Absorbed: 0.0 | HP Lost: 0.0 | HP: 3823/4779 | Shield HP: 0
    ENEMY  - Enemy 1 [aoe] dealt 210.4 to Gilgamesh (energy: 3.3, DEF: 1794, atkMul: 0.75, dmgMul: 1.00) | Shield Absorbed: 0.0 | HP Lost: 210.4 | HP: 2714/3135 | Shield HP: 0
    ENEMY  - Enemy 1 [aoe] dealt 174.0 to HuoHuo (energy: 3.3, DEF: 2410, atkMul: 0.75, dmgMul: 1.00) | Shield Absorbed: 0.0 | HP Lost: 174.0 | HP: 5792/6140 | Shield HP: 0
    ENEMY  - Enemy 1 [aoe] dealt 174.0 to Saber (energy: 3.3, DEF: 2409, atkMul: 0.75, dmgMul: 1.00) | Shield Absorbed: 0.0 | HP Lost: 174.0 | HP: 3019/3367 | Shield HP: 0
MortenaxBlade has obtained 1 Charge. Current Charge count: 10.
MortenaxBlade useHit produced 2 debuffs
        Debuff HuohuoTechniqueDebuff expired
        Debuff ResoShred(SUP2) expired
AV     > Enemy 1 AV reset to 63.131 | 158.400 SPD

<<< NEW TURN >>>
-   HuoHuo AV: 0.000 ENERGY: 22.573 MaxHP: 6139.808 CurrHp 5791.896 ShieldHP: 0.000
-   MortenaxBlade AV: 2.026 ENERGY: 54.220 MaxHP: 4779.283 CurrHp 3823.426 ShieldHP: 0.000
-   Saber AV: 14.243 ENERGY: 86.000 MaxHP: 3366.991 CurrHp 3018.949 ShieldHP: 0.000
-   Gilgamesh AV: 22.467 ENERGY: 41.667 MaxHP: 3134.558 CurrHp 2713.850 ShieldHP: 0.000
-   Enemy 2 AV: 26.866 ENERGY: 0.000 MaxHP: 2000000.000 CurrHp 1435060.848 ShieldHP: 0.000
-   Enemy 0 AV: 26.866 ENERGY: 0.000 MaxHP: 2000000.000 CurrHp 1435060.848 ShieldHP: 0.000
-   Enemy 1 AV: 62.414 ENERGY: 0.000 MaxHP: 5000000.000 CurrHp 3034019.322 ShieldHP: 0.000
-   InfiniteFury AV: 80.549 ENERGY: 0.000 MaxHP: 0.000 CurrHp 0.000 ShieldHP: 0.000

Combat context set: 3 enemies, 4 players
Combat context initialized: 3 enemies, Elation team size: 0
ACTION > [CHAR] TotalAV: 126.980 | TurnAV: 0.717 | HuoHuo | A-move
    TURN   - HuoHuoBasic | HuoHuo | SUS | ST attack | ['WIN'] | ['BSC'] | Scaling: HP | TargetID: 1 | DMG/BREAK Splits: [0.5, 0]/[10, 0] | Energy Gained: 20 | SP Change: 1

        ----------Char Buffs----------
        GilgameshTrace3ATK | ATK% | Stacks: 1 | Value: 0.200 | Remaining Turns: 1 | TickDown: SUS, PERM | Target: SUS | Affects: ['ALL']
        GilgameshTrace3CD | CD% | Stacks: 1 | Value: 0.200 | Remaining Turns: 1 | TickDown: SUS, PERM | Target: SUS | Affects: ['ALL']
        PostOpERR | ERR% | Stacks: 1 | Value: 0.160 | Remaining Turns: 1 | TickDown: SUS, PERM | Target: SUS | Affects: ['ALL']
        WarriorGoddessSPD | SPD% | Stacks: 1 | Value: 0.060 | Remaining Turns: 1 | TickDown: SUS, PERM | Target: SUS | Affects: ['ALL']
        KeelEFFRES | ERS% | Stacks: 1 | Value: 0.100 | Remaining Turns: 1 | TickDown: SUS, PERM | Target: SUS | Affects: ['ALL']
        KeelCD(SUS) | CD% | Stacks: 1 | Value: 0.100 | Remaining Turns: 1 | TickDown: SUS, PERM | Target: SUS | Affects: ['ALL']
        HHTraceHP | HP% | Stacks: 1 | Value: 0.280 | Remaining Turns: 1 | TickDown: SUS, PERM | Target: SUS | Affects: ['ALL']
        HHTraceERS | ERS% | Stacks: 1 | Value: 0.180 | Remaining Turns: 1 | TickDown: SUS, PERM | Target: SUS | Affects: ['ALL']
        HHTraceSPD | SPD | Stacks: 1 | Value: 5.000 | Remaining Turns: 1 | TickDown: SUS, PERM | Target: SUS | Affects: ['ALL']
        MasterSmithComburent | DMG% | Stacks: 1 | Value: 0.150 | Remaining Turns: 2 | TickDown: SUS, END | Target: SUS | Affects: ['ALL']
        WarriorGoddessHealSPD | SPD% | Stacks: 1 | Value: 0.060 | Remaining Turns: 1 | TickDown: SUS, START | Target: SUS | Affects: ['ALL']
        WarriorGoddessHealCD | CD% | Stacks: 1 | Value: 0.150 | Remaining Turns: 1 | TickDown: SUS, START | Target: SUS | Affects: ['ALL']
        MortenaxBladeDMGBoost | DMG% | Stacks: 1 | Value: 0.500 | Remaining Turns: 1 | TickDown: SUS, PERM | Target: SUS | Affects: ['ALL']
        ----------End of Buff List----------

        ----------Enemy Debuffs----------
        MortenaxBladeUltVul | From: SUP2 | VULN | Stacks: 1 | Value: 0.500 | Remaining Turns: 1 | Target: 1 | Targeting: ST | Affects: ['ALL'] | DOT: False | Blast: False
        MortenaxBladeUltShred | From: SUP2 | SHRED | Stacks: 1 | Value: 0.300 | Remaining Turns: 1 | Target: 1 | Targeting: ST | Affects: ['ALL'] | DOT: False | Blast: False
        ----------End of Debuff List----------
        ----------Healing List----------
        ----------End of Healing List----------
    GAUGE  - Enemy 1 toughness reduced by 10.000
    RESULT - HuoHuoBasic | HuoHuo | SUS | DMG: 4226.198 | ELADMG: 0.000 | Enemies Hit: [1] | Enemies Broken: [] | WB DMG: 0.000 | Energy: 27.088 | Amount HP Healed: 0.000 | Amount HP Lost: 0.000 | HuoHuo Energy: 50/140 | SP: 4 | MaxSP: 5)
Gilgamesh Obtained 1 Interest from Teammate, Current count: 1
MortenaxBlade has obtained 1 Charge. Current Charge count: 11.
MortenaxBlade has obtained 1 Charge. Current Charge count: 3.
    TURN   - MortenaxBladeAOEFUA | MortenaxBlade | SUP2 | AOE attack | ['FIR'] | ['FUA'] | Scaling: HP | TargetID: 1 | DMG/BREAK Splits: [0.72, 0]/[10, 0] | Energy Gained: 25 | SP Change: 0

        ----------Char Buffs----------
        GilgameshTrace3ATK | ATK% | Stacks: 1 | Value: 0.200 | Remaining Turns: 1 | TickDown: SUP2, PERM | Target: SUP2 | Affects: ['ALL']
        GilgameshTrace3CD | CD% | Stacks: 1 | Value: 0.200 | Remaining Turns: 1 | TickDown: SUP2, PERM | Target: SUP2 | Affects: ['ALL']
        MasterSmithHP | HP% | Stacks: 1 | Value: 0.120 | Remaining Turns: 1 | TickDown: SUP2, PERM | Target: SUP2 | Affects: ['ALL']
        LushakaERR | ERR% | Stacks: 1 | Value: 0.050 | Remaining Turns: 1 | TickDown: SUP2, PERM | Target: SUP2 | Affects: ['ALL']
        MortenaxBladeTraceCR | CR% | Stacks: 1 | Value: 0.120 | Remaining Turns: 1 | TickDown: SUP2, PERM | Target: SUP2 | Affects: ['ALL']
        MortenaxBladeTraceHP | HP% | Stacks: 1 | Value: 0.100 | Remaining Turns: 1 | TickDown: SUP2, PERM | Target: SUP2 | Affects: ['ALL']
        MortenaxBladeTraceDMG | DMG% | Stacks: 1 | Value: 0.224 | Remaining Turns: 1 | TickDown: SUP2, PERM | Target: SUP2 | Affects: ['ALL']
        KeelCD(SUS) | CD% | Stacks: 1 | Value: 0.100 | Remaining Turns: 1 | TickDown: SUP2, PERM | Target: SUP2 | Affects: ['ALL']
        MortenaxBladeTechDMGReduction | DMG_REDUCTION | Stacks: 1 | Value: 0.900 | Remaining Turns: 1 | TickDown: SUP2, END | Target: SUP2 | Affects: ['ALL']
        MasterSmithCD | CD% | Stacks: 1 | Value: 0.280 | Remaining Turns: 1 | TickDown: SUP2, PERM | Target: SUP2 | Affects: ['ALL']
        MasterSmithComburent | DMG% | Stacks: 1 | Value: 0.150 | Remaining Turns: 2 | TickDown: SUP2, END | Target: SUP2 | Affects: ['ALL']
        WarriorGoddessHealCD | CD% | Stacks: 1 | Value: 0.150 | Remaining Turns: 2 | TickDown: SUP2, START | Target: SUP2 | Affects: ['ALL']
        HuoHuoUltATK | ATK% | Stacks: 1 | Value: 0.400 | Remaining Turns: 2 | TickDown: SUP2, END | Target: SUP2 | Affects: ['ALL']
        HuoHuoUltExtraATK | ATK% | Stacks: 1 | Value: 0.240 | Remaining Turns: 2 | TickDown: SUP2, END | Target: SUP2 | Affects: ['ALL']
        MortenaxBladeCRBoost | CR% | Stacks: 1 | Value: 0.200 | Remaining Turns: 1 | TickDown: SUP2, PERM | Target: SUP2 | Affects: ['ALL']
        MortenaxBladeCDBoost | CD% | Stacks: 1 | Value: 0.600 | Remaining Turns: 1 | TickDown: SUP2, PERM | Target: SUP2 | Affects: ['ALL']
        MortenaxBladeDMGReduction | DMG_REDUCTION | Stacks: 1 | Value: 0.500 | Remaining Turns: 1 | TickDown: SUP2, PERM | Target: SUP2 | Affects: ['ALL']
        MortenaxBladeDMGBoost | DMG% | Stacks: 1 | Value: 0.500 | Remaining Turns: 1 | TickDown: SUP2, PERM | Target: SUP2 | Affects: ['ALL']
        MortenaxBladeDMG | DMG% | Stacks: 1 | Value: 0.750 | Remaining Turns: 1 | TickDown: SUP2, PERM | Target: SUP2 | Affects: ['ALL']
        ----------End of Buff List----------

        ----------Enemy Debuffs----------
        MortenaxBladeUltVul | From: SUP2 | VULN | Stacks: 1 | Value: 0.500 | Remaining Turns: 2 | Target: 1 | Targeting: ST | Affects: ['ALL'] | DOT: False | Blast: False
        MortenaxBladeUltShred | From: SUP2 | SHRED | Stacks: 1 | Value: 0.300 | Remaining Turns: 2 | Target: 1 | Targeting: ST | Affects: ['ALL'] | DOT: False | Blast: False
        ResoShred(SUP2) | From: SUP2 | SHRED | Stacks: 1 | Value: 0.160 | Remaining Turns: 1 | Target: 1 | Targeting: AOE | Affects: ['ALL'] | DOT: False | Blast: False
        ----------End of Debuff List----------
        ----------Healing List----------
        ----------End of Healing List----------
    GAUGE  - Enemy 0 toughness reduced by 0.000
    GAUGE  - Enemy 1 toughness reduced by 0.000
    GAUGE  - Enemy 2 toughness reduced by 0.000
    RESULT - MortenaxBladeAOEFUA | MortenaxBlade | SUP2 | DMG: 41291.203 | ELADMG: 0.000 | Enemies Hit: [0, 1, 2] | Enemies Broken: [] | WB DMG: 0.000 | Energy: 31.110 | Amount HP Healed: 0.000 | Amount HP Lost: 0.000 | MortenaxBlade Energy: 85/160 | SP: 4 | MaxSP: 5)
Gilgamesh Obtained 1 Interest from Teammate, Current count: 2
    TURN   - MortenaxBladeBounceFUA | MortenaxBlade | SUP2 | ST attack | ['FIR'] | ['FUA'] | Scaling: HP | TargetID: 1 | DMG/BREAK Splits: [0.24, 0]/[5, 0] | Energy Gained: 0 | SP Change: 0

        ----------Char Buffs----------
        GilgameshTrace3ATK | ATK% | Stacks: 1 | Value: 0.200 | Remaining Turns: 1 | TickDown: SUP2, PERM | Target: SUP2 | Affects: ['ALL']
        GilgameshTrace3CD | CD% | Stacks: 1 | Value: 0.200 | Remaining Turns: 1 | TickDown: SUP2, PERM | Target: SUP2 | Affects: ['ALL']
        MasterSmithHP | HP% | Stacks: 1 | Value: 0.120 | Remaining Turns: 1 | TickDown: SUP2, PERM | Target: SUP2 | Affects: ['ALL']
        LushakaERR | ERR% | Stacks: 1 | Value: 0.050 | Remaining Turns: 1 | TickDown: SUP2, PERM | Target: SUP2 | Affects: ['ALL']
        MortenaxBladeTraceCR | CR% | Stacks: 1 | Value: 0.120 | Remaining Turns: 1 | TickDown: SUP2, PERM | Target: SUP2 | Affects: ['ALL']
        MortenaxBladeTraceHP | HP% | Stacks: 1 | Value: 0.100 | Remaining Turns: 1 | TickDown: SUP2, PERM | Target: SUP2 | Affects: ['ALL']
        MortenaxBladeTraceDMG | DMG% | Stacks: 1 | Value: 0.224 | Remaining Turns: 1 | TickDown: SUP2, PERM | Target: SUP2 | Affects: ['ALL']
        KeelCD(SUS) | CD% | Stacks: 1 | Value: 0.100 | Remaining Turns: 1 | TickDown: SUP2, PERM | Target: SUP2 | Affects: ['ALL']
        MortenaxBladeTechDMGReduction | DMG_REDUCTION | Stacks: 1 | Value: 0.900 | Remaining Turns: 1 | TickDown: SUP2, END | Target: SUP2 | Affects: ['ALL']
        MasterSmithCD | CD% | Stacks: 1 | Value: 0.280 | Remaining Turns: 1 | TickDown: SUP2, PERM | Target: SUP2 | Affects: ['ALL']
        MasterSmithComburent | DMG% | Stacks: 1 | Value: 0.150 | Remaining Turns: 2 | TickDown: SUP2, END | Target: SUP2 | Affects: ['ALL']
        WarriorGoddessHealCD | CD% | Stacks: 1 | Value: 0.150 | Remaining Turns: 2 | TickDown: SUP2, START | Target: SUP2 | Affects: ['ALL']
        HuoHuoUltATK | ATK% | Stacks: 1 | Value: 0.400 | Remaining Turns: 2 | TickDown: SUP2, END | Target: SUP2 | Affects: ['ALL']
        HuoHuoUltExtraATK | ATK% | Stacks: 1 | Value: 0.240 | Remaining Turns: 2 | TickDown: SUP2, END | Target: SUP2 | Affects: ['ALL']
        MortenaxBladeCRBoost | CR% | Stacks: 1 | Value: 0.200 | Remaining Turns: 1 | TickDown: SUP2, PERM | Target: SUP2 | Affects: ['ALL']
        MortenaxBladeCDBoost | CD% | Stacks: 1 | Value: 0.600 | Remaining Turns: 1 | TickDown: SUP2, PERM | Target: SUP2 | Affects: ['ALL']
        MortenaxBladeDMGReduction | DMG_REDUCTION | Stacks: 1 | Value: 0.500 | Remaining Turns: 1 | TickDown: SUP2, PERM | Target: SUP2 | Affects: ['ALL']
        MortenaxBladeDMGBoost | DMG% | Stacks: 1 | Value: 0.500 | Remaining Turns: 1 | TickDown: SUP2, PERM | Target: SUP2 | Affects: ['ALL']
        MortenaxBladeDMG | DMG% | Stacks: 1 | Value: 0.750 | Remaining Turns: 1 | TickDown: SUP2, PERM | Target: SUP2 | Affects: ['ALL']
        ----------End of Buff List----------

        ----------Enemy Debuffs----------
        MortenaxBladeUltVul | From: SUP2 | VULN | Stacks: 1 | Value: 0.500 | Remaining Turns: 2 | Target: 1 | Targeting: ST | Affects: ['ALL'] | DOT: False | Blast: False
        MortenaxBladeUltShred | From: SUP2 | SHRED | Stacks: 1 | Value: 0.300 | Remaining Turns: 2 | Target: 1 | Targeting: ST | Affects: ['ALL'] | DOT: False | Blast: False
        ResoShred(SUP2) | From: SUP2 | SHRED | Stacks: 1 | Value: 0.160 | Remaining Turns: 1 | Target: 1 | Targeting: AOE | Affects: ['ALL'] | DOT: False | Blast: False
        ----------End of Debuff List----------
        ----------Healing List----------
        ----------End of Healing List----------
    GAUGE  - Enemy 1 toughness reduced by 0.000
    RESULT - MortenaxBladeBounceFUA | MortenaxBlade | SUP2 | DMG: 4587.911 | ELADMG: 0.000 | Enemies Hit: [1] | Enemies Broken: [] | WB DMG: 0.000 | Energy: 0.000 | Amount HP Healed: 0.000 | Amount HP Lost: 0.000 | MortenaxBlade Energy: 85/160 | SP: 4 | MaxSP: 5)
    TURN   - MortenaxBladeBounceFUA | MortenaxBlade | SUP2 | ST attack | ['FIR'] | ['FUA'] | Scaling: HP | TargetID: 1 | DMG/BREAK Splits: [0.24, 0]/[5, 0] | Energy Gained: 0 | SP Change: 0

        ----------Char Buffs----------
        GilgameshTrace3ATK | ATK% | Stacks: 1 | Value: 0.200 | Remaining Turns: 1 | TickDown: SUP2, PERM | Target: SUP2 | Affects: ['ALL']
        GilgameshTrace3CD | CD% | Stacks: 1 | Value: 0.200 | Remaining Turns: 1 | TickDown: SUP2, PERM | Target: SUP2 | Affects: ['ALL']
        MasterSmithHP | HP% | Stacks: 1 | Value: 0.120 | Remaining Turns: 1 | TickDown: SUP2, PERM | Target: SUP2 | Affects: ['ALL']
        LushakaERR | ERR% | Stacks: 1 | Value: 0.050 | Remaining Turns: 1 | TickDown: SUP2, PERM | Target: SUP2 | Affects: ['ALL']
        MortenaxBladeTraceCR | CR% | Stacks: 1 | Value: 0.120 | Remaining Turns: 1 | TickDown: SUP2, PERM | Target: SUP2 | Affects: ['ALL']
        MortenaxBladeTraceHP | HP% | Stacks: 1 | Value: 0.100 | Remaining Turns: 1 | TickDown: SUP2, PERM | Target: SUP2 | Affects: ['ALL']
        MortenaxBladeTraceDMG | DMG% | Stacks: 1 | Value: 0.224 | Remaining Turns: 1 | TickDown: SUP2, PERM | Target: SUP2 | Affects: ['ALL']
        KeelCD(SUS) | CD% | Stacks: 1 | Value: 0.100 | Remaining Turns: 1 | TickDown: SUP2, PERM | Target: SUP2 | Affects: ['ALL']
        MortenaxBladeTechDMGReduction | DMG_REDUCTION | Stacks: 1 | Value: 0.900 | Remaining Turns: 1 | TickDown: SUP2, END | Target: SUP2 | Affects: ['ALL']
        MasterSmithCD | CD% | Stacks: 1 | Value: 0.280 | Remaining Turns: 1 | TickDown: SUP2, PERM | Target: SUP2 | Affects: ['ALL']
        MasterSmithComburent | DMG% | Stacks: 1 | Value: 0.150 | Remaining Turns: 2 | TickDown: SUP2, END | Target: SUP2 | Affects: ['ALL']
        WarriorGoddessHealCD | CD% | Stacks: 1 | Value: 0.150 | Remaining Turns: 2 | TickDown: SUP2, START | Target: SUP2 | Affects: ['ALL']
        HuoHuoUltATK | ATK% | Stacks: 1 | Value: 0.400 | Remaining Turns: 2 | TickDown: SUP2, END | Target: SUP2 | Affects: ['ALL']
        HuoHuoUltExtraATK | ATK% | Stacks: 1 | Value: 0.240 | Remaining Turns: 2 | TickDown: SUP2, END | Target: SUP2 | Affects: ['ALL']
        MortenaxBladeCRBoost | CR% | Stacks: 1 | Value: 0.200 | Remaining Turns: 1 | TickDown: SUP2, PERM | Target: SUP2 | Affects: ['ALL']
        MortenaxBladeCDBoost | CD% | Stacks: 1 | Value: 0.600 | Remaining Turns: 1 | TickDown: SUP2, PERM | Target: SUP2 | Affects: ['ALL']
        MortenaxBladeDMGReduction | DMG_REDUCTION | Stacks: 1 | Value: 0.500 | Remaining Turns: 1 | TickDown: SUP2, PERM | Target: SUP2 | Affects: ['ALL']
        MortenaxBladeDMGBoost | DMG% | Stacks: 1 | Value: 0.500 | Remaining Turns: 1 | TickDown: SUP2, PERM | Target: SUP2 | Affects: ['ALL']
        MortenaxBladeDMG | DMG% | Stacks: 1 | Value: 0.750 | Remaining Turns: 1 | TickDown: SUP2, PERM | Target: SUP2 | Affects: ['ALL']
        ----------End of Buff List----------

        ----------Enemy Debuffs----------
        MortenaxBladeUltVul | From: SUP2 | VULN | Stacks: 1 | Value: 0.500 | Remaining Turns: 2 | Target: 1 | Targeting: ST | Affects: ['ALL'] | DOT: False | Blast: False
        MortenaxBladeUltShred | From: SUP2 | SHRED | Stacks: 1 | Value: 0.300 | Remaining Turns: 2 | Target: 1 | Targeting: ST | Affects: ['ALL'] | DOT: False | Blast: False
        ResoShred(SUP2) | From: SUP2 | SHRED | Stacks: 1 | Value: 0.160 | Remaining Turns: 1 | Target: 1 | Targeting: AOE | Affects: ['ALL'] | DOT: False | Blast: False
        ----------End of Debuff List----------
        ----------Healing List----------
        ----------End of Healing List----------
    GAUGE  - Enemy 1 toughness reduced by 0.000
    RESULT - MortenaxBladeBounceFUA | MortenaxBlade | SUP2 | DMG: 4587.911 | ELADMG: 0.000 | Enemies Hit: [1] | Enemies Broken: [] | WB DMG: 0.000 | Energy: 0.000 | Amount HP Healed: 0.000 | Amount HP Lost: 0.000 | MortenaxBlade Energy: 85/160 | SP: 4 | MaxSP: 5)
    TURN   - MortenaxBladeBounceFUA | MortenaxBlade | SUP2 | ST attack | ['FIR'] | ['FUA'] | Scaling: HP | TargetID: 1 | DMG/BREAK Splits: [0.24, 0]/[5, 0] | Energy Gained: 0 | SP Change: 0

        ----------Char Buffs----------
        GilgameshTrace3ATK | ATK% | Stacks: 1 | Value: 0.200 | Remaining Turns: 1 | TickDown: SUP2, PERM | Target: SUP2 | Affects: ['ALL']
        GilgameshTrace3CD | CD% | Stacks: 1 | Value: 0.200 | Remaining Turns: 1 | TickDown: SUP2, PERM | Target: SUP2 | Affects: ['ALL']
        MasterSmithHP | HP% | Stacks: 1 | Value: 0.120 | Remaining Turns: 1 | TickDown: SUP2, PERM | Target: SUP2 | Affects: ['ALL']
        LushakaERR | ERR% | Stacks: 1 | Value: 0.050 | Remaining Turns: 1 | TickDown: SUP2, PERM | Target: SUP2 | Affects: ['ALL']
        MortenaxBladeTraceCR | CR% | Stacks: 1 | Value: 0.120 | Remaining Turns: 1 | TickDown: SUP2, PERM | Target: SUP2 | Affects: ['ALL']
        MortenaxBladeTraceHP | HP% | Stacks: 1 | Value: 0.100 | Remaining Turns: 1 | TickDown: SUP2, PERM | Target: SUP2 | Affects: ['ALL']
        MortenaxBladeTraceDMG | DMG% | Stacks: 1 | Value: 0.224 | Remaining Turns: 1 | TickDown: SUP2, PERM | Target: SUP2 | Affects: ['ALL']
        KeelCD(SUS) | CD% | Stacks: 1 | Value: 0.100 | Remaining Turns: 1 | TickDown: SUP2, PERM | Target: SUP2 | Affects: ['ALL']
        MortenaxBladeTechDMGReduction | DMG_REDUCTION | Stacks: 1 | Value: 0.900 | Remaining Turns: 1 | TickDown: SUP2, END | Target: SUP2 | Affects: ['ALL']
        MasterSmithCD | CD% | Stacks: 1 | Value: 0.280 | Remaining Turns: 1 | TickDown: SUP2, PERM | Target: SUP2 | Affects: ['ALL']
        MasterSmithComburent | DMG% | Stacks: 1 | Value: 0.150 | Remaining Turns: 2 | TickDown: SUP2, END | Target: SUP2 | Affects: ['ALL']
        WarriorGoddessHealCD | CD% | Stacks: 1 | Value: 0.150 | Remaining Turns: 2 | TickDown: SUP2, START | Target: SUP2 | Affects: ['ALL']
        HuoHuoUltATK | ATK% | Stacks: 1 | Value: 0.400 | Remaining Turns: 2 | TickDown: SUP2, END | Target: SUP2 | Affects: ['ALL']
        HuoHuoUltExtraATK | ATK% | Stacks: 1 | Value: 0.240 | Remaining Turns: 2 | TickDown: SUP2, END | Target: SUP2 | Affects: ['ALL']
        MortenaxBladeCRBoost | CR% | Stacks: 1 | Value: 0.200 | Remaining Turns: 1 | TickDown: SUP2, PERM | Target: SUP2 | Affects: ['ALL']
        MortenaxBladeCDBoost | CD% | Stacks: 1 | Value: 0.600 | Remaining Turns: 1 | TickDown: SUP2, PERM | Target: SUP2 | Affects: ['ALL']
        MortenaxBladeDMGReduction | DMG_REDUCTION | Stacks: 1 | Value: 0.500 | Remaining Turns: 1 | TickDown: SUP2, PERM | Target: SUP2 | Affects: ['ALL']
        MortenaxBladeDMGBoost | DMG% | Stacks: 1 | Value: 0.500 | Remaining Turns: 1 | TickDown: SUP2, PERM | Target: SUP2 | Affects: ['ALL']
        MortenaxBladeDMG | DMG% | Stacks: 1 | Value: 0.750 | Remaining Turns: 1 | TickDown: SUP2, PERM | Target: SUP2 | Affects: ['ALL']
        ----------End of Buff List----------

        ----------Enemy Debuffs----------
        MortenaxBladeUltVul | From: SUP2 | VULN | Stacks: 1 | Value: 0.500 | Remaining Turns: 2 | Target: 1 | Targeting: ST | Affects: ['ALL'] | DOT: False | Blast: False
        MortenaxBladeUltShred | From: SUP2 | SHRED | Stacks: 1 | Value: 0.300 | Remaining Turns: 2 | Target: 1 | Targeting: ST | Affects: ['ALL'] | DOT: False | Blast: False
        ResoShred(SUP2) | From: SUP2 | SHRED | Stacks: 1 | Value: 0.160 | Remaining Turns: 1 | Target: 1 | Targeting: AOE | Affects: ['ALL'] | DOT: False | Blast: False
        ----------End of Debuff List----------
        ----------Healing List----------
        ----------End of Healing List----------
    GAUGE  - Enemy 1 toughness reduced by 0.000
    RESULT - MortenaxBladeBounceFUA | MortenaxBlade | SUP2 | DMG: 4587.911 | ELADMG: 0.000 | Enemies Hit: [1] | Enemies Broken: [] | WB DMG: 0.000 | Energy: 0.000 | Amount HP Healed: 0.000 | Amount HP Lost: 0.000 | MortenaxBlade Energy: 85/160 | SP: 4 | MaxSP: 5)
    TURN   - MortenaxBladeBounceFUA | MortenaxBlade | SUP2 | ST attack | ['FIR'] | ['FUA'] | Scaling: HP | TargetID: 1 | DMG/BREAK Splits: [0.24, 0]/[5, 0] | Energy Gained: 0 | SP Change: 0

        ----------Char Buffs----------
        GilgameshTrace3ATK | ATK% | Stacks: 1 | Value: 0.200 | Remaining Turns: 1 | TickDown: SUP2, PERM | Target: SUP2 | Affects: ['ALL']
        GilgameshTrace3CD | CD% | Stacks: 1 | Value: 0.200 | Remaining Turns: 1 | TickDown: SUP2, PERM | Target: SUP2 | Affects: ['ALL']
        MasterSmithHP | HP% | Stacks: 1 | Value: 0.120 | Remaining Turns: 1 | TickDown: SUP2, PERM | Target: SUP2 | Affects: ['ALL']
        LushakaERR | ERR% | Stacks: 1 | Value: 0.050 | Remaining Turns: 1 | TickDown: SUP2, PERM | Target: SUP2 | Affects: ['ALL']
        MortenaxBladeTraceCR | CR% | Stacks: 1 | Value: 0.120 | Remaining Turns: 1 | TickDown: SUP2, PERM | Target: SUP2 | Affects: ['ALL']
        MortenaxBladeTraceHP | HP% | Stacks: 1 | Value: 0.100 | Remaining Turns: 1 | TickDown: SUP2, PERM | Target: SUP2 | Affects: ['ALL']
        MortenaxBladeTraceDMG | DMG% | Stacks: 1 | Value: 0.224 | Remaining Turns: 1 | TickDown: SUP2, PERM | Target: SUP2 | Affects: ['ALL']
        KeelCD(SUS) | CD% | Stacks: 1 | Value: 0.100 | Remaining Turns: 1 | TickDown: SUP2, PERM | Target: SUP2 | Affects: ['ALL']
        MortenaxBladeTechDMGReduction | DMG_REDUCTION | Stacks: 1 | Value: 0.900 | Remaining Turns: 1 | TickDown: SUP2, END | Target: SUP2 | Affects: ['ALL']
        MasterSmithCD | CD% | Stacks: 1 | Value: 0.280 | Remaining Turns: 1 | TickDown: SUP2, PERM | Target: SUP2 | Affects: ['ALL']
        MasterSmithComburent | DMG% | Stacks: 1 | Value: 0.150 | Remaining Turns: 2 | TickDown: SUP2, END | Target: SUP2 | Affects: ['ALL']
        WarriorGoddessHealCD | CD% | Stacks: 1 | Value: 0.150 | Remaining Turns: 2 | TickDown: SUP2, START | Target: SUP2 | Affects: ['ALL']
        HuoHuoUltATK | ATK% | Stacks: 1 | Value: 0.400 | Remaining Turns: 2 | TickDown: SUP2, END | Target: SUP2 | Affects: ['ALL']
        HuoHuoUltExtraATK | ATK% | Stacks: 1 | Value: 0.240 | Remaining Turns: 2 | TickDown: SUP2, END | Target: SUP2 | Affects: ['ALL']
        MortenaxBladeCRBoost | CR% | Stacks: 1 | Value: 0.200 | Remaining Turns: 1 | TickDown: SUP2, PERM | Target: SUP2 | Affects: ['ALL']
        MortenaxBladeCDBoost | CD% | Stacks: 1 | Value: 0.600 | Remaining Turns: 1 | TickDown: SUP2, PERM | Target: SUP2 | Affects: ['ALL']
        MortenaxBladeDMGReduction | DMG_REDUCTION | Stacks: 1 | Value: 0.500 | Remaining Turns: 1 | TickDown: SUP2, PERM | Target: SUP2 | Affects: ['ALL']
        MortenaxBladeDMGBoost | DMG% | Stacks: 1 | Value: 0.500 | Remaining Turns: 1 | TickDown: SUP2, PERM | Target: SUP2 | Affects: ['ALL']
        MortenaxBladeDMG | DMG% | Stacks: 1 | Value: 0.750 | Remaining Turns: 1 | TickDown: SUP2, PERM | Target: SUP2 | Affects: ['ALL']
        ----------End of Buff List----------

        ----------Enemy Debuffs----------
        MortenaxBladeUltVul | From: SUP2 | VULN | Stacks: 1 | Value: 0.500 | Remaining Turns: 2 | Target: 1 | Targeting: ST | Affects: ['ALL'] | DOT: False | Blast: False
        MortenaxBladeUltShred | From: SUP2 | SHRED | Stacks: 1 | Value: 0.300 | Remaining Turns: 2 | Target: 1 | Targeting: ST | Affects: ['ALL'] | DOT: False | Blast: False
        ResoShred(SUP2) | From: SUP2 | SHRED | Stacks: 1 | Value: 0.160 | Remaining Turns: 1 | Target: 1 | Targeting: AOE | Affects: ['ALL'] | DOT: False | Blast: False
        ----------End of Debuff List----------
        ----------Healing List----------
        ----------End of Healing List----------
    GAUGE  - Enemy 1 toughness reduced by 0.000
    RESULT - MortenaxBladeBounceFUA | MortenaxBlade | SUP2 | DMG: 4587.911 | ELADMG: 0.000 | Enemies Hit: [1] | Enemies Broken: [] | WB DMG: 0.000 | Energy: 0.000 | Amount HP Healed: 0.000 | Amount HP Lost: 0.000 | MortenaxBlade Energy: 85/160 | SP: 4 | MaxSP: 5)
SPD    > Gilgamesh speed changed to 146.032 | NewAV: 19.482
AV     > HuoHuo AV reset to 62.308 | 160.492 SPD

<<< NEW TURN >>>
-   MortenaxBlade AV: 0.000 ENERGY: 85.330 MaxHP: 4779.283 CurrHp 3345.498 ShieldHP: 0.000
-   Saber AV: 12.217 ENERGY: 86.000 MaxHP: 3366.991 CurrHp 3018.949 ShieldHP: 0.000
-   Gilgamesh AV: 17.457 ENERGY: 41.667 MaxHP: 3134.558 CurrHp 2713.850 ShieldHP: 0.000
-   Enemy 2 AV: 24.841 ENERGY: 0.000 MaxHP: 2000000.000 CurrHp 1421297.114 ShieldHP: 0.000
-   Enemy 0 AV: 24.841 ENERGY: 0.000 MaxHP: 2000000.000 CurrHp 1421297.114 ShieldHP: 0.000
-   HuoHuo AV: 60.283 ENERGY: 49.661 MaxHP: 6139.808 CurrHp 5791.896 ShieldHP: 0.000
-   Enemy 1 AV: 60.388 ENERGY: 0.000 MaxHP: 5000000.000 CurrHp 2997677.744 ShieldHP: 0.000
-   InfiniteFury AV: 78.523 ENERGY: 0.000 MaxHP: 0.000 CurrHp 0.000 ShieldHP: 0.000

Combat context set: 3 enemies, 4 players
Combat context initialized: 3 enemies, Elation team size: 0
ACTION > [CHAR] TotalAV: 129.006 | TurnAV: 2.026 | MortenaxBlade | E-move
MortenaxBlade has obtained 1 Charge. Current Charge count: 4.
    TURN   - MortenaxBladeAOESkill | MortenaxBlade | SUP2 | AOE attack | ['FIR'] | ['SKL'] | Scaling: HP | TargetID: 1 | DMG/BREAK Splits: [0.72, 0]/[10, 0] | Energy Gained: 30 | SP Change: 0

        ----------Char Buffs----------
        GilgameshTrace3ATK | ATK% | Stacks: 1 | Value: 0.200 | Remaining Turns: 1 | TickDown: SUP2, PERM | Target: SUP2 | Affects: ['ALL']
        GilgameshTrace3CD | CD% | Stacks: 1 | Value: 0.200 | Remaining Turns: 1 | TickDown: SUP2, PERM | Target: SUP2 | Affects: ['ALL']
        MasterSmithHP | HP% | Stacks: 1 | Value: 0.120 | Remaining Turns: 1 | TickDown: SUP2, PERM | Target: SUP2 | Affects: ['ALL']
        LushakaERR | ERR% | Stacks: 1 | Value: 0.050 | Remaining Turns: 1 | TickDown: SUP2, PERM | Target: SUP2 | Affects: ['ALL']
        MortenaxBladeTraceCR | CR% | Stacks: 1 | Value: 0.120 | Remaining Turns: 1 | TickDown: SUP2, PERM | Target: SUP2 | Affects: ['ALL']
        MortenaxBladeTraceHP | HP% | Stacks: 1 | Value: 0.100 | Remaining Turns: 1 | TickDown: SUP2, PERM | Target: SUP2 | Affects: ['ALL']
        MortenaxBladeTraceDMG | DMG% | Stacks: 1 | Value: 0.224 | Remaining Turns: 1 | TickDown: SUP2, PERM | Target: SUP2 | Affects: ['ALL']
        KeelCD(SUS) | CD% | Stacks: 1 | Value: 0.100 | Remaining Turns: 1 | TickDown: SUP2, PERM | Target: SUP2 | Affects: ['ALL']
        MortenaxBladeTechDMGReduction | DMG_REDUCTION | Stacks: 1 | Value: 0.900 | Remaining Turns: 1 | TickDown: SUP2, END | Target: SUP2 | Affects: ['ALL']
        MasterSmithCD | CD% | Stacks: 1 | Value: 0.280 | Remaining Turns: 1 | TickDown: SUP2, PERM | Target: SUP2 | Affects: ['ALL']
        MasterSmithComburent | DMG% | Stacks: 1 | Value: 0.150 | Remaining Turns: 2 | TickDown: SUP2, END | Target: SUP2 | Affects: ['ALL']
        WarriorGoddessHealCD | CD% | Stacks: 1 | Value: 0.150 | Remaining Turns: 1 | TickDown: SUP2, START | Target: SUP2 | Affects: ['ALL']
        HuoHuoUltATK | ATK% | Stacks: 1 | Value: 0.400 | Remaining Turns: 2 | TickDown: SUP2, END | Target: SUP2 | Affects: ['ALL']
        HuoHuoUltExtraATK | ATK% | Stacks: 1 | Value: 0.240 | Remaining Turns: 2 | TickDown: SUP2, END | Target: SUP2 | Affects: ['ALL']
        MortenaxBladeCRBoost | CR% | Stacks: 1 | Value: 0.200 | Remaining Turns: 1 | TickDown: SUP2, PERM | Target: SUP2 | Affects: ['ALL']
        MortenaxBladeCDBoost | CD% | Stacks: 1 | Value: 0.600 | Remaining Turns: 1 | TickDown: SUP2, PERM | Target: SUP2 | Affects: ['ALL']
        MortenaxBladeDMGReduction | DMG_REDUCTION | Stacks: 1 | Value: 0.500 | Remaining Turns: 1 | TickDown: SUP2, PERM | Target: SUP2 | Affects: ['ALL']
        MortenaxBladeDMGBoost | DMG% | Stacks: 1 | Value: 0.500 | Remaining Turns: 1 | TickDown: SUP2, PERM | Target: SUP2 | Affects: ['ALL']
        MortenaxBladeDMG | DMG% | Stacks: 1 | Value: 0.750 | Remaining Turns: 1 | TickDown: SUP2, PERM | Target: SUP2 | Affects: ['ALL']
        ----------End of Buff List----------

        ----------Enemy Debuffs----------
        MortenaxBladeUltVul | From: SUP2 | VULN | Stacks: 1 | Value: 0.500 | Remaining Turns: 2 | Target: 1 | Targeting: ST | Affects: ['ALL'] | DOT: False | Blast: False
        MortenaxBladeUltShred | From: SUP2 | SHRED | Stacks: 1 | Value: 0.300 | Remaining Turns: 2 | Target: 1 | Targeting: ST | Affects: ['ALL'] | DOT: False | Blast: False
        ResoShred(SUP2) | From: SUP2 | SHRED | Stacks: 1 | Value: 0.160 | Remaining Turns: 1 | Target: 1 | Targeting: AOE | Affects: ['ALL'] | DOT: False | Blast: False
        ----------End of Debuff List----------
        ----------Healing List----------
        ----------End of Healing List----------
    GAUGE  - Enemy 0 toughness reduced by 0.000
    GAUGE  - Enemy 1 toughness reduced by 0.000
    GAUGE  - Enemy 2 toughness reduced by 0.000
    RESULT - MortenaxBladeAOESkill | MortenaxBlade | SUP2 | DMG: 41291.203 | ELADMG: 0.000 | Enemies Hit: [0, 1, 2] | Enemies Broken: [] | WB DMG: 0.000 | Energy: 37.332 | Amount HP Healed: 0.000 | Amount HP Lost: 0.000 | MortenaxBlade Energy: 123/160 | SP: 4 | MaxSP: 5)
Gilgamesh Obtained 1 Interest from Teammate, Current count: 3
    TURN   - MortenaxBladeBounceSkill | MortenaxBlade | SUP2 | ST attack | ['FIR'] | ['SKL'] | Scaling: HP | TargetID: 1 | DMG/BREAK Splits: [0.24, 0]/[5, 0] | Energy Gained: 0 | SP Change: 0

        ----------Char Buffs----------
        GilgameshTrace3ATK | ATK% | Stacks: 1 | Value: 0.200 | Remaining Turns: 1 | TickDown: SUP2, PERM | Target: SUP2 | Affects: ['ALL']
        GilgameshTrace3CD | CD% | Stacks: 1 | Value: 0.200 | Remaining Turns: 1 | TickDown: SUP2, PERM | Target: SUP2 | Affects: ['ALL']
        MasterSmithHP | HP% | Stacks: 1 | Value: 0.120 | Remaining Turns: 1 | TickDown: SUP2, PERM | Target: SUP2 | Affects: ['ALL']
        LushakaERR | ERR% | Stacks: 1 | Value: 0.050 | Remaining Turns: 1 | TickDown: SUP2, PERM | Target: SUP2 | Affects: ['ALL']
        MortenaxBladeTraceCR | CR% | Stacks: 1 | Value: 0.120 | Remaining Turns: 1 | TickDown: SUP2, PERM | Target: SUP2 | Affects: ['ALL']
        MortenaxBladeTraceHP | HP% | Stacks: 1 | Value: 0.100 | Remaining Turns: 1 | TickDown: SUP2, PERM | Target: SUP2 | Affects: ['ALL']
        MortenaxBladeTraceDMG | DMG% | Stacks: 1 | Value: 0.224 | Remaining Turns: 1 | TickDown: SUP2, PERM | Target: SUP2 | Affects: ['ALL']
        KeelCD(SUS) | CD% | Stacks: 1 | Value: 0.100 | Remaining Turns: 1 | TickDown: SUP2, PERM | Target: SUP2 | Affects: ['ALL']
        MortenaxBladeTechDMGReduction | DMG_REDUCTION | Stacks: 1 | Value: 0.900 | Remaining Turns: 1 | TickDown: SUP2, END | Target: SUP2 | Affects: ['ALL']
        MasterSmithCD | CD% | Stacks: 1 | Value: 0.280 | Remaining Turns: 1 | TickDown: SUP2, PERM | Target: SUP2 | Affects: ['ALL']
        MasterSmithComburent | DMG% | Stacks: 1 | Value: 0.150 | Remaining Turns: 2 | TickDown: SUP2, END | Target: SUP2 | Affects: ['ALL']
        WarriorGoddessHealCD | CD% | Stacks: 1 | Value: 0.150 | Remaining Turns: 1 | TickDown: SUP2, START | Target: SUP2 | Affects: ['ALL']
        HuoHuoUltATK | ATK% | Stacks: 1 | Value: 0.400 | Remaining Turns: 2 | TickDown: SUP2, END | Target: SUP2 | Affects: ['ALL']
        HuoHuoUltExtraATK | ATK% | Stacks: 1 | Value: 0.240 | Remaining Turns: 2 | TickDown: SUP2, END | Target: SUP2 | Affects: ['ALL']
        MortenaxBladeCRBoost | CR% | Stacks: 1 | Value: 0.200 | Remaining Turns: 1 | TickDown: SUP2, PERM | Target: SUP2 | Affects: ['ALL']
        MortenaxBladeCDBoost | CD% | Stacks: 1 | Value: 0.600 | Remaining Turns: 1 | TickDown: SUP2, PERM | Target: SUP2 | Affects: ['ALL']
        MortenaxBladeDMGReduction | DMG_REDUCTION | Stacks: 1 | Value: 0.500 | Remaining Turns: 1 | TickDown: SUP2, PERM | Target: SUP2 | Affects: ['ALL']
        MortenaxBladeDMGBoost | DMG% | Stacks: 1 | Value: 0.500 | Remaining Turns: 1 | TickDown: SUP2, PERM | Target: SUP2 | Affects: ['ALL']
        MortenaxBladeDMG | DMG% | Stacks: 1 | Value: 0.750 | Remaining Turns: 1 | TickDown: SUP2, PERM | Target: SUP2 | Affects: ['ALL']
        ----------End of Buff List----------

        ----------Enemy Debuffs----------
        MortenaxBladeUltVul | From: SUP2 | VULN | Stacks: 1 | Value: 0.500 | Remaining Turns: 2 | Target: 1 | Targeting: ST | Affects: ['ALL'] | DOT: False | Blast: False
        MortenaxBladeUltShred | From: SUP2 | SHRED | Stacks: 1 | Value: 0.300 | Remaining Turns: 2 | Target: 1 | Targeting: ST | Affects: ['ALL'] | DOT: False | Blast: False
        ResoShred(SUP2) | From: SUP2 | SHRED | Stacks: 1 | Value: 0.160 | Remaining Turns: 1 | Target: 1 | Targeting: AOE | Affects: ['ALL'] | DOT: False | Blast: False
        ----------End of Debuff List----------
        ----------Healing List----------
        HuoHuoTalentHealingScaling | Targeting: Targeting.SINGLE | Healing Value: [0] | Target: ALL
        HuoHuoTalentHealingScaling | Targeting: Targeting.SINGLE | Healing Value: [0.045] | Target: ALL
        HuoHuoTalentHealingScaling | Targeting: Targeting.SINGLE | Healing Value: [0] | Target: ALL
        HuoHuoTalentHealingScaling | Targeting: Targeting.SINGLE | Healing Value: [0] | Target: ALL
        HuoHuoTalentHealingFlat | Targeting: Targeting.SINGLE | Healing Value: [0] | Target: ALL
        HuoHuoTalentHealingFlat | Targeting: Targeting.SINGLE | Healing Value: [120] | Target: ALL
        HuoHuoTalentHealingFlat | Targeting: Targeting.SINGLE | Healing Value: [0] | Target: ALL
        HuoHuoTalentHealingFlat | Targeting: Targeting.SINGLE | Healing Value: [0] | Target: ALL
        ----------End of Healing List----------
    GAUGE  - Enemy 1 toughness reduced by 0.000
    RESULT - MortenaxBladeBounceSkill | MortenaxBlade | SUP2 | DMG: 4587.911 | ELADMG: 0.000 | Enemies Hit: [1] | Enemies Broken: [] | WB DMG: 0.000 | Energy: 0.000 | Amount HP Healed: 371.779 | Amount HP Lost: 0.000 | MortenaxBlade Energy: 123/160 | SP: 4 | MaxSP: 5)
    TURN   - MortenaxBladeBounceSkill | MortenaxBlade | SUP2 | ST attack | ['FIR'] | ['SKL'] | Scaling: HP | TargetID: 1 | DMG/BREAK Splits: [0.24, 0]/[5, 0] | Energy Gained: 0 | SP Change: 0

        ----------Char Buffs----------
        GilgameshTrace3ATK | ATK% | Stacks: 1 | Value: 0.200 | Remaining Turns: 1 | TickDown: SUP2, PERM | Target: SUP2 | Affects: ['ALL']
        GilgameshTrace3CD | CD% | Stacks: 1 | Value: 0.200 | Remaining Turns: 1 | TickDown: SUP2, PERM | Target: SUP2 | Affects: ['ALL']
        MasterSmithHP | HP% | Stacks: 1 | Value: 0.120 | Remaining Turns: 1 | TickDown: SUP2, PERM | Target: SUP2 | Affects: ['ALL']
        LushakaERR | ERR% | Stacks: 1 | Value: 0.050 | Remaining Turns: 1 | TickDown: SUP2, PERM | Target: SUP2 | Affects: ['ALL']
        MortenaxBladeTraceCR | CR% | Stacks: 1 | Value: 0.120 | Remaining Turns: 1 | TickDown: SUP2, PERM | Target: SUP2 | Affects: ['ALL']
        MortenaxBladeTraceHP | HP% | Stacks: 1 | Value: 0.100 | Remaining Turns: 1 | TickDown: SUP2, PERM | Target: SUP2 | Affects: ['ALL']
        MortenaxBladeTraceDMG | DMG% | Stacks: 1 | Value: 0.224 | Remaining Turns: 1 | TickDown: SUP2, PERM | Target: SUP2 | Affects: ['ALL']
        KeelCD(SUS) | CD% | Stacks: 1 | Value: 0.100 | Remaining Turns: 1 | TickDown: SUP2, PERM | Target: SUP2 | Affects: ['ALL']
        MortenaxBladeTechDMGReduction | DMG_REDUCTION | Stacks: 1 | Value: 0.900 | Remaining Turns: 1 | TickDown: SUP2, END | Target: SUP2 | Affects: ['ALL']
        MasterSmithCD | CD% | Stacks: 1 | Value: 0.280 | Remaining Turns: 1 | TickDown: SUP2, PERM | Target: SUP2 | Affects: ['ALL']
        MasterSmithComburent | DMG% | Stacks: 1 | Value: 0.150 | Remaining Turns: 2 | TickDown: SUP2, END | Target: SUP2 | Affects: ['ALL']
        WarriorGoddessHealCD | CD% | Stacks: 1 | Value: 0.150 | Remaining Turns: 1 | TickDown: SUP2, START | Target: SUP2 | Affects: ['ALL']
        HuoHuoUltATK | ATK% | Stacks: 1 | Value: 0.400 | Remaining Turns: 2 | TickDown: SUP2, END | Target: SUP2 | Affects: ['ALL']
        HuoHuoUltExtraATK | ATK% | Stacks: 1 | Value: 0.240 | Remaining Turns: 2 | TickDown: SUP2, END | Target: SUP2 | Affects: ['ALL']
        MortenaxBladeCRBoost | CR% | Stacks: 1 | Value: 0.200 | Remaining Turns: 1 | TickDown: SUP2, PERM | Target: SUP2 | Affects: ['ALL']
        MortenaxBladeCDBoost | CD% | Stacks: 1 | Value: 0.600 | Remaining Turns: 1 | TickDown: SUP2, PERM | Target: SUP2 | Affects: ['ALL']
        MortenaxBladeDMGReduction | DMG_REDUCTION | Stacks: 1 | Value: 0.500 | Remaining Turns: 1 | TickDown: SUP2, PERM | Target: SUP2 | Affects: ['ALL']
        MortenaxBladeDMGBoost | DMG% | Stacks: 1 | Value: 0.500 | Remaining Turns: 1 | TickDown: SUP2, PERM | Target: SUP2 | Affects: ['ALL']
        MortenaxBladeDMG | DMG% | Stacks: 1 | Value: 0.750 | Remaining Turns: 1 | TickDown: SUP2, PERM | Target: SUP2 | Affects: ['ALL']
        ----------End of Buff List----------

        ----------Enemy Debuffs----------
        MortenaxBladeUltVul | From: SUP2 | VULN | Stacks: 1 | Value: 0.500 | Remaining Turns: 2 | Target: 1 | Targeting: ST | Affects: ['ALL'] | DOT: False | Blast: False
        MortenaxBladeUltShred | From: SUP2 | SHRED | Stacks: 1 | Value: 0.300 | Remaining Turns: 2 | Target: 1 | Targeting: ST | Affects: ['ALL'] | DOT: False | Blast: False
        ResoShred(SUP2) | From: SUP2 | SHRED | Stacks: 1 | Value: 0.160 | Remaining Turns: 1 | Target: 1 | Targeting: AOE | Affects: ['ALL'] | DOT: False | Blast: False
        ----------End of Debuff List----------
        ----------Healing List----------
        ----------End of Healing List----------
    GAUGE  - Enemy 1 toughness reduced by 0.000
    RESULT - MortenaxBladeBounceSkill | MortenaxBlade | SUP2 | DMG: 4587.911 | ELADMG: 0.000 | Enemies Hit: [1] | Enemies Broken: [] | WB DMG: 0.000 | Energy: 0.000 | Amount HP Healed: 0.000 | Amount HP Lost: 0.000 | MortenaxBlade Energy: 123/160 | SP: 4 | MaxSP: 5)
    TURN   - MortenaxBladeBounceSkill | MortenaxBlade | SUP2 | ST attack | ['FIR'] | ['SKL'] | Scaling: HP | TargetID: 1 | DMG/BREAK Splits: [0.24, 0]/[5, 0] | Energy Gained: 0 | SP Change: 0

        ----------Char Buffs----------
        GilgameshTrace3ATK | ATK% | Stacks: 1 | Value: 0.200 | Remaining Turns: 1 | TickDown: SUP2, PERM | Target: SUP2 | Affects: ['ALL']
        GilgameshTrace3CD | CD% | Stacks: 1 | Value: 0.200 | Remaining Turns: 1 | TickDown: SUP2, PERM | Target: SUP2 | Affects: ['ALL']
        MasterSmithHP | HP% | Stacks: 1 | Value: 0.120 | Remaining Turns: 1 | TickDown: SUP2, PERM | Target: SUP2 | Affects: ['ALL']
        LushakaERR | ERR% | Stacks: 1 | Value: 0.050 | Remaining Turns: 1 | TickDown: SUP2, PERM | Target: SUP2 | Affects: ['ALL']
        MortenaxBladeTraceCR | CR% | Stacks: 1 | Value: 0.120 | Remaining Turns: 1 | TickDown: SUP2, PERM | Target: SUP2 | Affects: ['ALL']
        MortenaxBladeTraceHP | HP% | Stacks: 1 | Value: 0.100 | Remaining Turns: 1 | TickDown: SUP2, PERM | Target: SUP2 | Affects: ['ALL']
        MortenaxBladeTraceDMG | DMG% | Stacks: 1 | Value: 0.224 | Remaining Turns: 1 | TickDown: SUP2, PERM | Target: SUP2 | Affects: ['ALL']
        KeelCD(SUS) | CD% | Stacks: 1 | Value: 0.100 | Remaining Turns: 1 | TickDown: SUP2, PERM | Target: SUP2 | Affects: ['ALL']
        MortenaxBladeTechDMGReduction | DMG_REDUCTION | Stacks: 1 | Value: 0.900 | Remaining Turns: 1 | TickDown: SUP2, END | Target: SUP2 | Affects: ['ALL']
        MasterSmithCD | CD% | Stacks: 1 | Value: 0.280 | Remaining Turns: 1 | TickDown: SUP2, PERM | Target: SUP2 | Affects: ['ALL']
        MasterSmithComburent | DMG% | Stacks: 1 | Value: 0.150 | Remaining Turns: 2 | TickDown: SUP2, END | Target: SUP2 | Affects: ['ALL']
        WarriorGoddessHealCD | CD% | Stacks: 1 | Value: 0.150 | Remaining Turns: 1 | TickDown: SUP2, START | Target: SUP2 | Affects: ['ALL']
        HuoHuoUltATK | ATK% | Stacks: 1 | Value: 0.400 | Remaining Turns: 2 | TickDown: SUP2, END | Target: SUP2 | Affects: ['ALL']
        HuoHuoUltExtraATK | ATK% | Stacks: 1 | Value: 0.240 | Remaining Turns: 2 | TickDown: SUP2, END | Target: SUP2 | Affects: ['ALL']
        MortenaxBladeCRBoost | CR% | Stacks: 1 | Value: 0.200 | Remaining Turns: 1 | TickDown: SUP2, PERM | Target: SUP2 | Affects: ['ALL']
        MortenaxBladeCDBoost | CD% | Stacks: 1 | Value: 0.600 | Remaining Turns: 1 | TickDown: SUP2, PERM | Target: SUP2 | Affects: ['ALL']
        MortenaxBladeDMGReduction | DMG_REDUCTION | Stacks: 1 | Value: 0.500 | Remaining Turns: 1 | TickDown: SUP2, PERM | Target: SUP2 | Affects: ['ALL']
        MortenaxBladeDMGBoost | DMG% | Stacks: 1 | Value: 0.500 | Remaining Turns: 1 | TickDown: SUP2, PERM | Target: SUP2 | Affects: ['ALL']
        MortenaxBladeDMG | DMG% | Stacks: 1 | Value: 0.750 | Remaining Turns: 1 | TickDown: SUP2, PERM | Target: SUP2 | Affects: ['ALL']
        ----------End of Buff List----------

        ----------Enemy Debuffs----------
        MortenaxBladeUltVul | From: SUP2 | VULN | Stacks: 1 | Value: 0.500 | Remaining Turns: 2 | Target: 1 | Targeting: ST | Affects: ['ALL'] | DOT: False | Blast: False
        MortenaxBladeUltShred | From: SUP2 | SHRED | Stacks: 1 | Value: 0.300 | Remaining Turns: 2 | Target: 1 | Targeting: ST | Affects: ['ALL'] | DOT: False | Blast: False
        ResoShred(SUP2) | From: SUP2 | SHRED | Stacks: 1 | Value: 0.160 | Remaining Turns: 1 | Target: 1 | Targeting: AOE | Affects: ['ALL'] | DOT: False | Blast: False
        ----------End of Debuff List----------
        ----------Healing List----------
        ----------End of Healing List----------
    GAUGE  - Enemy 1 toughness reduced by 0.000
    RESULT - MortenaxBladeBounceSkill | MortenaxBlade | SUP2 | DMG: 4587.911 | ELADMG: 0.000 | Enemies Hit: [1] | Enemies Broken: [] | WB DMG: 0.000 | Energy: 0.000 | Amount HP Healed: 0.000 | Amount HP Lost: 0.000 | MortenaxBlade Energy: 123/160 | SP: 4 | MaxSP: 5)
    TURN   - MortenaxBladeBounceSkill | MortenaxBlade | SUP2 | ST attack | ['FIR'] | ['SKL'] | Scaling: HP | TargetID: 1 | DMG/BREAK Splits: [0.24, 0]/[5, 0] | Energy Gained: 0 | SP Change: 0

        ----------Char Buffs----------
        GilgameshTrace3ATK | ATK% | Stacks: 1 | Value: 0.200 | Remaining Turns: 1 | TickDown: SUP2, PERM | Target: SUP2 | Affects: ['ALL']
        GilgameshTrace3CD | CD% | Stacks: 1 | Value: 0.200 | Remaining Turns: 1 | TickDown: SUP2, PERM | Target: SUP2 | Affects: ['ALL']
        MasterSmithHP | HP% | Stacks: 1 | Value: 0.120 | Remaining Turns: 1 | TickDown: SUP2, PERM | Target: SUP2 | Affects: ['ALL']
        LushakaERR | ERR% | Stacks: 1 | Value: 0.050 | Remaining Turns: 1 | TickDown: SUP2, PERM | Target: SUP2 | Affects: ['ALL']
        MortenaxBladeTraceCR | CR% | Stacks: 1 | Value: 0.120 | Remaining Turns: 1 | TickDown: SUP2, PERM | Target: SUP2 | Affects: ['ALL']
        MortenaxBladeTraceHP | HP% | Stacks: 1 | Value: 0.100 | Remaining Turns: 1 | TickDown: SUP2, PERM | Target: SUP2 | Affects: ['ALL']
        MortenaxBladeTraceDMG | DMG% | Stacks: 1 | Value: 0.224 | Remaining Turns: 1 | TickDown: SUP2, PERM | Target: SUP2 | Affects: ['ALL']
        KeelCD(SUS) | CD% | Stacks: 1 | Value: 0.100 | Remaining Turns: 1 | TickDown: SUP2, PERM | Target: SUP2 | Affects: ['ALL']
        MortenaxBladeTechDMGReduction | DMG_REDUCTION | Stacks: 1 | Value: 0.900 | Remaining Turns: 1 | TickDown: SUP2, END | Target: SUP2 | Affects: ['ALL']
        MasterSmithCD | CD% | Stacks: 1 | Value: 0.280 | Remaining Turns: 1 | TickDown: SUP2, PERM | Target: SUP2 | Affects: ['ALL']
        MasterSmithComburent | DMG% | Stacks: 1 | Value: 0.150 | Remaining Turns: 2 | TickDown: SUP2, END | Target: SUP2 | Affects: ['ALL']
        WarriorGoddessHealCD | CD% | Stacks: 1 | Value: 0.150 | Remaining Turns: 1 | TickDown: SUP2, START | Target: SUP2 | Affects: ['ALL']
        HuoHuoUltATK | ATK% | Stacks: 1 | Value: 0.400 | Remaining Turns: 2 | TickDown: SUP2, END | Target: SUP2 | Affects: ['ALL']
        HuoHuoUltExtraATK | ATK% | Stacks: 1 | Value: 0.240 | Remaining Turns: 2 | TickDown: SUP2, END | Target: SUP2 | Affects: ['ALL']
        MortenaxBladeCRBoost | CR% | Stacks: 1 | Value: 0.200 | Remaining Turns: 1 | TickDown: SUP2, PERM | Target: SUP2 | Affects: ['ALL']
        MortenaxBladeCDBoost | CD% | Stacks: 1 | Value: 0.600 | Remaining Turns: 1 | TickDown: SUP2, PERM | Target: SUP2 | Affects: ['ALL']
        MortenaxBladeDMGReduction | DMG_REDUCTION | Stacks: 1 | Value: 0.500 | Remaining Turns: 1 | TickDown: SUP2, PERM | Target: SUP2 | Affects: ['ALL']
        MortenaxBladeDMGBoost | DMG% | Stacks: 1 | Value: 0.500 | Remaining Turns: 1 | TickDown: SUP2, PERM | Target: SUP2 | Affects: ['ALL']
        MortenaxBladeDMG | DMG% | Stacks: 1 | Value: 0.750 | Remaining Turns: 1 | TickDown: SUP2, PERM | Target: SUP2 | Affects: ['ALL']
        ----------End of Buff List----------

        ----------Enemy Debuffs----------
        MortenaxBladeUltVul | From: SUP2 | VULN | Stacks: 1 | Value: 0.500 | Remaining Turns: 2 | Target: 1 | Targeting: ST | Affects: ['ALL'] | DOT: False | Blast: False
        MortenaxBladeUltShred | From: SUP2 | SHRED | Stacks: 1 | Value: 0.300 | Remaining Turns: 2 | Target: 1 | Targeting: ST | Affects: ['ALL'] | DOT: False | Blast: False
        ResoShred(SUP2) | From: SUP2 | SHRED | Stacks: 1 | Value: 0.160 | Remaining Turns: 1 | Target: 1 | Targeting: AOE | Affects: ['ALL'] | DOT: False | Blast: False
        ----------End of Debuff List----------
        ----------Healing List----------
        ----------End of Healing List----------
    GAUGE  - Enemy 1 toughness reduced by 0.000
    RESULT - MortenaxBladeBounceSkill | MortenaxBlade | SUP2 | DMG: 4587.911 | ELADMG: 0.000 | Enemies Hit: [1] | Enemies Broken: [] | WB DMG: 0.000 | Energy: 0.000 | Amount HP Healed: 0.000 | Amount HP Lost: 0.000 | MortenaxBlade Energy: 123/160 | SP: 4 | MaxSP: 5)
    TURN   - HuoHuoAllyERR | HuoHuo | SUS | NA attack | ['WIN'] | ['SPECIAL'] | Scaling: HP | TargetID: 1 | DMG/BREAK Splits: [0, 0]/[0, 0] | Energy Gained: 1 | SP Change: 0

        ----------Char Buffs----------
        GilgameshTrace3ATK | ATK% | Stacks: 1 | Value: 0.200 | Remaining Turns: 1 | TickDown: SUS, PERM | Target: SUS | Affects: ['ALL']
        GilgameshTrace3CD | CD% | Stacks: 1 | Value: 0.200 | Remaining Turns: 1 | TickDown: SUS, PERM | Target: SUS | Affects: ['ALL']
        PostOpERR | ERR% | Stacks: 1 | Value: 0.160 | Remaining Turns: 1 | TickDown: SUS, PERM | Target: SUS | Affects: ['ALL']
        WarriorGoddessSPD | SPD% | Stacks: 1 | Value: 0.060 | Remaining Turns: 1 | TickDown: SUS, PERM | Target: SUS | Affects: ['ALL']
        KeelEFFRES | ERS% | Stacks: 1 | Value: 0.100 | Remaining Turns: 1 | TickDown: SUS, PERM | Target: SUS | Affects: ['ALL']
        KeelCD(SUS) | CD% | Stacks: 1 | Value: 0.100 | Remaining Turns: 1 | TickDown: SUS, PERM | Target: SUS | Affects: ['ALL']
        HHTraceHP | HP% | Stacks: 1 | Value: 0.280 | Remaining Turns: 1 | TickDown: SUS, PERM | Target: SUS | Affects: ['ALL']
        HHTraceERS | ERS% | Stacks: 1 | Value: 0.180 | Remaining Turns: 1 | TickDown: SUS, PERM | Target: SUS | Affects: ['ALL']
        HHTraceSPD | SPD | Stacks: 1 | Value: 5.000 | Remaining Turns: 1 | TickDown: SUS, PERM | Target: SUS | Affects: ['ALL']
        MasterSmithComburent | DMG% | Stacks: 1 | Value: 0.150 | Remaining Turns: 2 | TickDown: SUS, END | Target: SUS | Affects: ['ALL']
        WarriorGoddessHealSPD | SPD% | Stacks: 1 | Value: 0.060 | Remaining Turns: 1 | TickDown: SUS, START | Target: SUS | Affects: ['ALL']
        WarriorGoddessHealCD | CD% | Stacks: 1 | Value: 0.150 | Remaining Turns: 1 | TickDown: SUS, START | Target: SUS | Affects: ['ALL']
        MortenaxBladeDMGBoost | DMG% | Stacks: 1 | Value: 0.500 | Remaining Turns: 1 | TickDown: SUS, PERM | Target: SUS | Affects: ['ALL']
        ----------End of Buff List----------

        ----------Enemy Debuffs----------
        MortenaxBladeUltVul | From: SUP2 | VULN | Stacks: 1 | Value: 0.500 | Remaining Turns: 2 | Target: 1 | Targeting: ST | Affects: ['ALL'] | DOT: False | Blast: False
        MortenaxBladeUltShred | From: SUP2 | SHRED | Stacks: 1 | Value: 0.300 | Remaining Turns: 2 | Target: 1 | Targeting: ST | Affects: ['ALL'] | DOT: False | Blast: False
        ResoShred(SUP2) | From: SUP2 | SHRED | Stacks: 1 | Value: 0.160 | Remaining Turns: 1 | Target: 1 | Targeting: AOE | Affects: ['ALL'] | DOT: False | Blast: False
        ----------End of Debuff List----------
        ----------Healing List----------
        ----------End of Healing List----------
    GAUGE  - Enemy 1 toughness reduced by 0.000
    RESULT - HuoHuoAllyERR | HuoHuo | SUS | DMG: 0.000 | ELADMG: 0.000 | Enemies Hit: [1] | Enemies Broken: [] | WB DMG: 0.000 | Energy: 1.354 | Amount HP Healed: 0.000 | Amount HP Lost: 0.000 | HuoHuo Energy: 51/140 | SP: 4 | MaxSP: 5)
        Buff MortenaxBladeTechDMGReduction expired
SPD    > Gilgamesh speed changed to 155.732 | NewAV: 16.369
AV     > MortenaxBlade AV reset to 64.503 | 155.032 SPD

<<< NEW TURN >>>
-   Saber AV: 0.000 ENERGY: 86.000 MaxHP: 3366.991 CurrHp 3018.949 ShieldHP: 0.000
-   Gilgamesh AV: 4.153 ENERGY: 41.667 MaxHP: 3134.558 CurrHp 3085.630 ShieldHP: 0.000
-   Enemy 2 AV: 12.624 ENERGY: 0.000 MaxHP: 2000000.000 CurrHp 1407533.380 ShieldHP: 0.000
-   Enemy 0 AV: 12.624 ENERGY: 0.000 MaxHP: 2000000.000 CurrHp 1407533.380 ShieldHP: 0.000
-   HuoHuo AV: 48.066 ENERGY: 51.016 MaxHP: 6139.808 CurrHp 5791.896 ShieldHP: 0.000
-   Enemy 1 AV: 48.171 ENERGY: 0.000 MaxHP: 5000000.000 CurrHp 2965562.364 ShieldHP: 0.000
-   MortenaxBlade AV: 52.286 ENERGY: 122.661 MaxHP: 4779.283 CurrHp 2867.570 ShieldHP: 0.000
-   InfiniteFury AV: 66.306 ENERGY: 0.000 MaxHP: 0.000 CurrHp 0.000 ShieldHP: 0.000

Combat context set: 3 enemies, 4 players
Combat context initialized: 3 enemies, Elation team size: 0
ACTION > [CHAR] TotalAV: 141.223 | TurnAV: 12.217 | Saber | A-move
Saber got 2 Core Resonance from Enhanced basic, Current Count: 8
    TURN   - SaberEnhancedBasic | Saber | DPS | AOE attack | ['WIN'] | ['BSC'] | Scaling: ATK | TargetID: 1 | DMG/BREAK Splits: [1.5, 0]/[20, 0] | Energy Gained: 30 | SP Change: 1

        ----------Char Buffs----------
        ThanklessCoronationCD | CR% | Stacks: 1 | Value: 0.360 | Remaining Turns: 1 | TickDown: DPS, PERM | Target: DPS | Affects: ['ALL']
        ScholarCR | CR% | Stacks: 1 | Value: 0.080 | Remaining Turns: 1 | TickDown: DPS, PERM | Target: DPS | Affects: ['ALL']
        SaberTraceHP | HP% | Stacks: 1 | Value: 0.100 | Remaining Turns: 1 | TickDown: DPS, PERM | Target: DPS | Affects: ['ALL']
        SaberTraceCR | CR% | Stacks: 1 | Value: 0.120 | Remaining Turns: 1 | TickDown: DPS, PERM | Target: DPS | Affects: ['ALL']
        SaberTraceDMG | DMG% | Stacks: 1 | Value: 0.224 | Remaining Turns: 1 | TickDown: DPS, PERM | Target: DPS | Affects: ['ALL']
        SaberTrace1CR | CR% | Stacks: 1 | Value: 0.200 | Remaining Turns: 1 | TickDown: DPS, PERM | Target: DPS | Affects: ['ALL']
        GilgameshTrace3ATK | ATK% | Stacks: 1 | Value: 0.200 | Remaining Turns: 1 | TickDown: DPS, PERM | Target: DPS | Affects: ['ALL']
        GilgameshTrace3CD | CD% | Stacks: 1 | Value: 0.200 | Remaining Turns: 1 | TickDown: DPS, PERM | Target: DPS | Affects: ['ALL']
        LushakaATK(SUP2) | ATK% | Stacks: 1 | Value: 0.120 | Remaining Turns: 1 | TickDown: DPS, PERM | Target: DPS | Affects: ['ALL']
        KeelCD(SUS) | CD% | Stacks: 1 | Value: 0.100 | Remaining Turns: 1 | TickDown: DPS, PERM | Target: DPS | Affects: ['ALL']
        CosmicLifeDMG | DMG% | Stacks: 1 | Value: 0.320 | Remaining Turns: 1 | TickDown: DPS, PERM | Target: DPS | Affects: ['ALL']
        TalentATK | ATK_REDUCTION | Stacks: 1 | Value: 0.350 | Remaining Turns: 1 | TickDown: DPS, END | Target: DPS | Affects: ['ALL']
        Trace3CDExtra | CD% | Stacks: 1 | Value: 0.320 | Remaining Turns: 1 | TickDown: DPS, PERM | Target: DPS | Affects: ['ALL']
        MasterSmithComburent | DMG% | Stacks: 1 | Value: 0.150 | Remaining Turns: 2 | TickDown: DPS, END | Target: DPS | Affects: ['ALL']
        WarriorGoddessHealCD | CD% | Stacks: 1 | Value: 0.150 | Remaining Turns: 1 | TickDown: DPS, START | Target: DPS | Affects: ['ALL']
        HuoHuoUltATK | ATK% | Stacks: 1 | Value: 0.400 | Remaining Turns: 1 | TickDown: DPS, END | Target: DPS | Affects: ['ALL']
        HuoHuoUltExtraATK | ATK% | Stacks: 1 | Value: 0.240 | Remaining Turns: 1 | TickDown: DPS, END | Target: DPS | Affects: ['ALL']
        TalentDMG | DMG% | Stacks: 1 | Value: 0.600 | Remaining Turns: 1 | TickDown: DPS, END | Target: DPS | Affects: ['ALL']
        MortenaxBladeDMGBoost | DMG% | Stacks: 1 | Value: 0.500 | Remaining Turns: 1 | TickDown: DPS, PERM | Target: DPS | Affects: ['ALL']
        Trace3CD | CD% | Stacks: 1 | Value: 0.500 | Remaining Turns: 1 | TickDown: DPS, END | Target: DPS | Affects: ['ALL']
        GilgameshTrace3AllyATK | ATK% | Stacks: 1 | Value: 1.000 | Remaining Turns: 1 | TickDown: DPS, PERM | Target: DPS | Affects: ['ALL']
        GilgameshTrace3AllyCD | CD% | Stacks: 1 | Value: 1.000 | Remaining Turns: 1 | TickDown: DPS, PERM | Target: DPS | Affects: ['ALL']
        ThanklessCoronationATK | ATK% | Stacks: 1 | Value: 0.400 | Remaining Turns: 1 | TickDown: DPS, END | Target: DPS | Affects: ['ALL']
        ThanklessCoronationATKExtra | ATK% | Stacks: 1 | Value: 0.400 | Remaining Turns: 1 | TickDown: DPS, END | Target: DPS | Affects: ['ALL']
        ----------End of Buff List----------

        ----------Enemy Debuffs----------
        MortenaxBladeUltVul | From: SUP2 | VULN | Stacks: 1 | Value: 0.500 | Remaining Turns: 2 | Target: 1 | Targeting: ST | Affects: ['ALL'] | DOT: False | Blast: False
        MortenaxBladeUltShred | From: SUP2 | SHRED | Stacks: 1 | Value: 0.300 | Remaining Turns: 2 | Target: 1 | Targeting: ST | Affects: ['ALL'] | DOT: False | Blast: False
        ResoShred(SUP2) | From: SUP2 | SHRED | Stacks: 1 | Value: 0.160 | Remaining Turns: 1 | Target: 1 | Targeting: AOE | Affects: ['ALL'] | DOT: False | Blast: False
        ----------End of Debuff List----------
        ----------Healing List----------
        ----------End of Healing List----------
    GAUGE  - Enemy 0 toughness reduced by 20.000
    GAUGE  - Enemy 1 toughness reduced by 20.000
    GAUGE  - Enemy 2 toughness reduced by 20.000
    RESULT - SaberEnhancedBasic | Saber | DPS | DMG: 306600.653 | ELADMG: 0.000 | Enemies Hit: [0, 1, 2] | Enemies Broken: [] | WB DMG: 0.000 | Energy: 30.000 | Amount HP Healed: 0.000 | Amount HP Lost: 0.000 | Saber Energy: 116/360 | SP: 5 | MaxSP: 5)
Gilgamesh Obtained 1 Interest from Teammate, Current count: 4
Gilgamesh JointCounter increased by one, current count: 5
MortenaxBlade has obtained 1 Charge. Current Charge count: 5.
        Buff TalentATK expired
        Buff HuoHuoUltATK expired
        Buff HuoHuoUltExtraATK expired
        Buff TalentDMG expired
        Buff Trace3CD expired
        Buff ThanklessCoronationATK expired
        Buff ThanklessCoronationATKExtra expired
SPD    > Gilgamesh speed changed to 165.432 | NewAV: 3.909
AV     > Saber AV reset to 76.551 | 130.632 SPD

<<< NEW TURN >>>
-   Gilgamesh AV: 0.000 ENERGY: 41.667 MaxHP: 3134.558 CurrHp 3085.630 ShieldHP: 0.000
-   Enemy 2 AV: 8.715 ENERGY: 0.000 MaxHP: 2000000.000 CurrHp 1305333.162 ShieldHP: 0.000
-   Enemy 0 AV: 8.715 ENERGY: 0.000 MaxHP: 2000000.000 CurrHp 1305333.162 ShieldHP: 0.000
-   HuoHuo AV: 44.157 ENERGY: 51.016 MaxHP: 6139.808 CurrHp 5791.896 ShieldHP: 0.000
-   Enemy 1 AV: 44.262 ENERGY: 0.000 MaxHP: 5000000.000 CurrHp 2863362.146 ShieldHP: 0.000
-   MortenaxBlade AV: 48.377 ENERGY: 122.661 MaxHP: 4779.283 CurrHp 2867.570 ShieldHP: 0.000
-   InfiniteFury AV: 62.397 ENERGY: 0.000 MaxHP: 0.000 CurrHp 0.000 ShieldHP: 0.000
-   Saber AV: 72.642 ENERGY: 116.000 MaxHP: 3366.991 CurrHp 3018.949 ShieldHP: 0.000

Combat context set: 3 enemies, 4 players
Combat context initialized: 3 enemies, Elation team size: 0
ACTION > [CHAR] TotalAV: 145.132 | TurnAV: 3.909 | Gilgamesh | E-move
        Buff ScholarBonusDMG expired
Gilgamesh JointCounter increased by one, current count: 6
    TURN   - GilgameshSkill | Gilgamesh | SUP1 | BLAST attack | ['LNG'] | ['SKL'] | Scaling: ATK | TargetID: 1 | DMG/BREAK Splits: [2.8, 1.4]/[20, 10] | Energy Gained: 30 | SP Change: 0

        ----------Char Buffs----------
        ScholarCR | CR% | Stacks: 1 | Value: 0.080 | Remaining Turns: 1 | TickDown: SUP1, PERM | Target: SUP1 | Affects: ['ALL']
        ScholarDMG | DMG% | Stacks: 1 | Value: 0.200 | Remaining Turns: 1 | TickDown: SUP1, PERM | Target: SUP1 | Affects: ['SKL', 'ULT']
        GilgameshTraceATK | ATK | Stacks: 1 | Value: 0.180 | Remaining Turns: 1 | TickDown: SUP1, PERM | Target: SUP1 | Affects: ['ALL']
        GilgameshTraceCR | CR% | Stacks: 1 | Value: 0.187 | Remaining Turns: 1 | TickDown: SUP1, PERM | Target: SUP1 | Affects: ['ALL']
        GilgameshTraceDMG | DMG% | Stacks: 1 | Value: 0.080 | Remaining Turns: 1 | TickDown: SUP1, PERM | Target: SUP1 | Affects: ['ALL']
        GilgameshTrace3ATK | ATK% | Stacks: 1 | Value: 0.200 | Remaining Turns: 1 | TickDown: SUP1, PERM | Target: SUP1 | Affects: ['ALL']
        GilgameshTrace3CD | CD% | Stacks: 1 | Value: 0.200 | Remaining Turns: 1 | TickDown: SUP1, PERM | Target: SUP1 | Affects: ['ALL']
        GilgameshTrace3SelfATK | ATK% | Stacks: 1 | Value: 1.000 | Remaining Turns: 1 | TickDown: SUP1, PERM | Target: SUP1 | Affects: ['ALL']
        GilgameshTrace3SelfCD | CD% | Stacks: 1 | Value: 1.000 | Remaining Turns: 1 | TickDown: SUP1, PERM | Target: SUP1 | Affects: ['ALL']
        KeelCD(SUS) | CD% | Stacks: 1 | Value: 0.100 | Remaining Turns: 1 | TickDown: SUP1, PERM | Target: SUP1 | Affects: ['ALL']
        CosmicLifeDMG | DMG% | Stacks: 1 | Value: 0.320 | Remaining Turns: 1 | TickDown: SUP1, PERM | Target: SUP1 | Affects: ['ALL']
        Trace2CDExtra | CD% | Stacks: 1 | Value: 1.500 | Remaining Turns: 1 | TickDown: SUP1, PERM | Target: SUP1 | Affects: ['ALL']
        GilgameshInterestSPD | SPD% | Stacks: 1 | Value: 0.400 | Remaining Turns: 1 | TickDown: SUP2, PERM | Target: SUP1 | Affects: ['ALL']
        MasterSmithComburent | DMG% | Stacks: 1 | Value: 0.150 | Remaining Turns: 2 | TickDown: SUP1, END | Target: SUP1 | Affects: ['ALL']
        WarriorGoddessHealCD | CD% | Stacks: 1 | Value: 0.150 | Remaining Turns: 1 | TickDown: SUP1, START | Target: SUP1 | Affects: ['ALL']
        HuoHuoUltATK | ATK% | Stacks: 1 | Value: 0.400 | Remaining Turns: 1 | TickDown: SUP1, END | Target: SUP1 | Affects: ['ALL']
        HuoHuoUltExtraATK | ATK% | Stacks: 1 | Value: 0.240 | Remaining Turns: 1 | TickDown: SUP1, END | Target: SUP1 | Affects: ['ALL']
        MortenaxBladeDMGBoost | DMG% | Stacks: 1 | Value: 0.500 | Remaining Turns: 1 | TickDown: SUP1, PERM | Target: SUP1 | Affects: ['ALL']
        AeonATK | ATK% | Stacks: 1 | Value: 0.320 | Remaining Turns: 1 | TickDown: SUP1, PERM | Target: SUP1 | Affects: ['ALL']
        GilgameshSKLShred | SHRED | Stacks: 1 | Value: 0.300 | Remaining Turns: 3 | TickDown: SUP1, END | Target: SUP1 | Affects: ['ALL']
        ----------End of Buff List----------

        ----------Enemy Debuffs----------
        MortenaxBladeUltVul | From: SUP2 | VULN | Stacks: 1 | Value: 0.500 | Remaining Turns: 2 | Target: 1 | Targeting: ST | Affects: ['ALL'] | DOT: False | Blast: False
        MortenaxBladeUltShred | From: SUP2 | SHRED | Stacks: 1 | Value: 0.300 | Remaining Turns: 2 | Target: 1 | Targeting: ST | Affects: ['ALL'] | DOT: False | Blast: False
        ResoShred(SUP2) | From: SUP2 | SHRED | Stacks: 1 | Value: 0.160 | Remaining Turns: 1 | Target: 1 | Targeting: AOE | Affects: ['ALL'] | DOT: False | Blast: False
        ----------End of Debuff List----------
        ----------Healing List----------
        ----------End of Healing List----------
    GAUGE  - Enemy 1 toughness reduced by 0.000
    GAUGE  - Enemy 0 toughness reduced by 0.000
    GAUGE  - Enemy 2 toughness reduced by 0.000
    RESULT - GilgameshSkill | Gilgamesh | SUP1 | DMG: 317081.995 | ELADMG: 0.000 | Enemies Hit: [1, 0, 2] | Enemies Broken: [] | WB DMG: 0.000 | Energy: 30.000 | Amount HP Healed: 0.000 | Amount HP Lost: 0.000 | Gilgamesh Energy: 72/360 | SP: 5 | MaxSP: 5)
MortenaxBlade has obtained 1 Charge. Current Charge count: 6.
        Buff HuoHuoUltATK expired
        Buff HuoHuoUltExtraATK expired
SPD    > Gilgamesh speed changed to 126.632 | NewAV: 0.000
AV     > Gilgamesh AV reset to 78.969 | 126.632 SPD

<<< NEW TURN >>>
-   Enemy 2 AV: 0.000 ENERGY: 0.000 MaxHP: 2000000.000 CurrHp 1226062.663 ShieldHP: 0.000
-   Enemy 0 AV: 0.000 ENERGY: 0.000 MaxHP: 2000000.000 CurrHp 1226062.663 ShieldHP: 0.000
-   HuoHuo AV: 35.442 ENERGY: 51.016 MaxHP: 6139.808 CurrHp 5791.896 ShieldHP: 0.000
-   Enemy 1 AV: 35.548 ENERGY: 0.000 MaxHP: 5000000.000 CurrHp 2704821.149 ShieldHP: 0.000
-   MortenaxBlade AV: 39.662 ENERGY: 122.661 MaxHP: 4779.283 CurrHp 2867.570 ShieldHP: 0.000
-   InfiniteFury AV: 53.683 ENERGY: 0.000 MaxHP: 0.000 CurrHp 0.000 ShieldHP: 0.000
-   Saber AV: 63.927 ENERGY: 116.000 MaxHP: 3366.991 CurrHp 3018.949 ShieldHP: 0.000
-   Gilgamesh AV: 70.254 ENERGY: 71.667 MaxHP: 3134.558 CurrHp 3085.630 ShieldHP: 0.000

Combat context set: 3 enemies, 4 players
Combat context initialized: 3 enemies, Elation team size: 0
ACTION > [ENEMY] TotalAV: 153.846 | TurnAV: 8.715 | Enemy 2 | 1 attacks
MortenaxBlade has obtained 1 Charge. Current Charge count: 7.
    CharEnergy - Saber: Hit 1.667 Total: 117.667 | Gilgamesh: Hit 5.000 Total: 76.667 | MortenaxBlade: Hit 8.333 Total: 133.031 | HuoHuo: Hit 5.000 Total: 57.787 |
    ENEMY  - Enemy 2 [aoe] dealt 97.9 to MortenaxBlade (energy: 3.3, DEF: 2014, atkMul: 0.75, dmgMul: 1.00) | Shield Absorbed: 0.0 | HP Lost: 97.9 | HP: 2770/4779 | Shield HP: 0
    ENEMY  - Enemy 2 [aoe] dealt 87.0 to Saber (energy: 1.7, DEF: 2409, atkMul: 0.75, dmgMul: 1.00) | Shield Absorbed: 0.0 | HP Lost: 87.0 | HP: 2932/3367 | Shield HP: 0
    ENEMY  - Enemy 2 [aoe] dealt 105.2 to Gilgamesh (energy: 1.7, DEF: 1794, atkMul: 0.75, dmgMul: 1.00) | Shield Absorbed: 0.0 | HP Lost: 105.2 | HP: 2980/3135 | Shield HP: 0
    ENEMY  - Enemy 2 [aoe] dealt 48.9 to MortenaxBlade (energy: 1.7, DEF: 2014, atkMul: 0.75, dmgMul: 1.00) | Shield Absorbed: 0.0 | HP Lost: 48.9 | HP: 2721/4779 | Shield HP: 0
    ENEMY  - Enemy 2 [aoe] dealt 87.0 to HuoHuo (energy: 1.7, DEF: 2410, atkMul: 0.75, dmgMul: 1.00) | Shield Absorbed: 0.0 | HP Lost: 87.0 | HP: 5705/6140 | Shield HP: 0
    ENEMY  - Enemy 2 [aoe] dealt 97.9 to MortenaxBlade (energy: 3.3, DEF: 2014, atkMul: 0.75, dmgMul: 1.00) | Shield Absorbed: 0.0 | HP Lost: 97.9 | HP: 2623/4779 | Shield HP: 0
    ENEMY  - Enemy 2 [aoe] dealt 210.4 to Gilgamesh (energy: 3.3, DEF: 1794, atkMul: 0.75, dmgMul: 1.00) | Shield Absorbed: 0.0 | HP Lost: 210.4 | HP: 2770/3135 | Shield HP: 0
    ENEMY  - Enemy 2 [aoe] dealt 174.0 to HuoHuo (energy: 3.3, DEF: 2410, atkMul: 0.75, dmgMul: 1.00) | Shield Absorbed: 0.0 | HP Lost: 174.0 | HP: 5531/6140 | Shield HP: 0
MortenaxBlade has obtained 1 Charge. Current Charge count: 8.
MortenaxBlade useHit produced 2 debuffs
        Debuff HuohuoTechniqueDebuff expired
        Debuff ResoShred(SUP2) expired
AV     > Enemy 2 AV reset to 76.923 | 130.000 SPD

<<< NEW TURN >>>
-   Enemy 0 AV: 0.000 ENERGY: 0.000 MaxHP: 2000000.000 CurrHp 1226062.663 ShieldHP: 0.000
-   HuoHuo AV: 35.442 ENERGY: 57.787 MaxHP: 6139.808 CurrHp 5530.962 ShieldHP: 0.000
-   Enemy 1 AV: 35.548 ENERGY: 0.000 MaxHP: 5000000.000 CurrHp 2704821.149 ShieldHP: 0.000
-   MortenaxBlade AV: 39.662 ENERGY: 133.031 MaxHP: 4779.283 CurrHp 2622.895 ShieldHP: 0.000
-   InfiniteFury AV: 53.683 ENERGY: 0.000 MaxHP: 0.000 CurrHp 0.000 ShieldHP: 0.000
-   Saber AV: 63.927 ENERGY: 117.667 MaxHP: 3366.991 CurrHp 2931.939 ShieldHP: 0.000
-   Gilgamesh AV: 70.254 ENERGY: 76.667 MaxHP: 3134.558 CurrHp 2770.099 ShieldHP: 0.000
-   Enemy 2 AV: 76.923 ENERGY: 0.000 MaxHP: 2000000.000 CurrHp 1226062.663 ShieldHP: 0.000

Combat context set: 3 enemies, 4 players
Combat context initialized: 3 enemies, Elation team size: 0
ACTION > [ENEMY] TotalAV: 153.846 | TurnAV: 0.000 | Enemy 0 | 1 attacks
MortenaxBlade has obtained 1 Charge. Current Charge count: 9.
    CharEnergy - Saber: Hit 8.333 Total: 126.000 | Gilgamesh: Hit 8.333 Total: 85.000 | MortenaxBlade: Hit 5.000 Total: 139.253 | HuoHuo: Hit 1.667 Total: 60.045 |
    ENEMY  - Enemy 0 [aoe] dealt 210.4 to Gilgamesh (energy: 3.3, DEF: 1794, atkMul: 0.75, dmgMul: 1.00) | Shield Absorbed: 0.0 | HP Lost: 210.4 | HP: 2560/3135 | Shield HP: 0
    ENEMY  - Enemy 0 [aoe] dealt 174.0 to Saber (energy: 3.3, DEF: 2409, atkMul: 0.75, dmgMul: 1.00) | Shield Absorbed: 0.0 | HP Lost: 174.0 | HP: 2758/3367 | Shield HP: 0
    ENEMY  - Enemy 0 [aoe] dealt 97.9 to MortenaxBlade (energy: 3.3, DEF: 2014, atkMul: 0.75, dmgMul: 1.00) | Shield Absorbed: 0.0 | HP Lost: 97.9 | HP: 2525/4779 | Shield HP: 0
    ENEMY  - Enemy 0 [aoe] dealt 87.0 to Saber (energy: 1.7, DEF: 2409, atkMul: 0.75, dmgMul: 1.00) | Shield Absorbed: 0.0 | HP Lost: 87.0 | HP: 2671/3367 | Shield HP: 0
    ENEMY  - Enemy 0 [aoe] dealt 105.2 to Gilgamesh (energy: 1.7, DEF: 1794, atkMul: 0.75, dmgMul: 1.00) | Shield Absorbed: 0.0 | HP Lost: 105.2 | HP: 2455/3135 | Shield HP: 0
    ENEMY  - Enemy 0 [aoe] dealt 48.9 to MortenaxBlade (energy: 1.7, DEF: 2014, atkMul: 0.75, dmgMul: 1.00) | Shield Absorbed: 0.0 | HP Lost: 48.9 | HP: 2476/4779 | Shield HP: 0
    ENEMY  - Enemy 0 [aoe] dealt 87.0 to HuoHuo (energy: 1.7, DEF: 2410, atkMul: 0.75, dmgMul: 1.00) | Shield Absorbed: 0.0 | HP Lost: 87.0 | HP: 5444/6140 | Shield HP: 0
    ENEMY  - Enemy 0 [aoe] dealt 174.0 to Saber (energy: 3.3, DEF: 2409, atkMul: 0.75, dmgMul: 1.00) | Shield Absorbed: 0.0 | HP Lost: 174.0 | HP: 2497/3367 | Shield HP: 0
    ENEMY  - Enemy 0 [aoe] dealt 210.4 to Gilgamesh (energy: 3.3, DEF: 1794, atkMul: 0.75, dmgMul: 1.00) | Shield Absorbed: 0.0 | HP Lost: 210.4 | HP: 2244/3135 | Shield HP: 0
MortenaxBlade has obtained 1 Charge. Current Charge count: 10.
MortenaxBlade useHit produced 2 debuffs
        Debuff HuohuoTechniqueDebuff expired
        Debuff ResoShred(SUP2) expired
AV     > Enemy 0 AV reset to 76.923 | 130.000 SPD

<<< NEW TURN >>>
-   HuoHuo AV: 0.000 ENERGY: 60.045 MaxHP: 6139.808 CurrHp 5443.984 ShieldHP: 0.000
-   Enemy 1 AV: 0.106 ENERGY: 0.000 MaxHP: 5000000.000 CurrHp 2704821.149 ShieldHP: 0.000
-   MortenaxBlade AV: 4.220 ENERGY: 139.253 MaxHP: 4779.283 CurrHp 2476.091 ShieldHP: 0.000
-   InfiniteFury AV: 18.240 ENERGY: 0.000 MaxHP: 0.000 CurrHp 0.000 ShieldHP: 0.000
-   Saber AV: 28.485 ENERGY: 126.000 MaxHP: 3366.991 CurrHp 2496.887 ShieldHP: 0.000
-   Gilgamesh AV: 34.812 ENERGY: 85.000 MaxHP: 3134.558 CurrHp 2244.215 ShieldHP: 0.000
-   Enemy 0 AV: 41.481 ENERGY: 0.000 MaxHP: 2000000.000 CurrHp 1226062.663 ShieldHP: 0.000
-   Enemy 2 AV: 41.481 ENERGY: 0.000 MaxHP: 2000000.000 CurrHp 1226062.663 ShieldHP: 0.000

Combat context set: 3 enemies, 4 players
Combat context initialized: 3 enemies, Elation team size: 0
ACTION > [CHAR] TotalAV: 189.288 | TurnAV: 35.442 | HuoHuo | A-move
        Buff WarriorGoddessHealSPD expired
        Buff WarriorGoddessHealCD expired
    TURN   - HuoHuoBasic | HuoHuo | SUS | ST attack | ['WIN'] | ['BSC'] | Scaling: HP | TargetID: 1 | DMG/BREAK Splits: [0.5, 0]/[10, 0] | Energy Gained: 20 | SP Change: 1

        ----------Char Buffs----------
        GilgameshTrace3ATK | ATK% | Stacks: 1 | Value: 0.200 | Remaining Turns: 1 | TickDown: SUS, PERM | Target: SUS | Affects: ['ALL']
        GilgameshTrace3CD | CD% | Stacks: 1 | Value: 0.200 | Remaining Turns: 1 | TickDown: SUS, PERM | Target: SUS | Affects: ['ALL']
        PostOpERR | ERR% | Stacks: 1 | Value: 0.160 | Remaining Turns: 1 | TickDown: SUS, PERM | Target: SUS | Affects: ['ALL']
        WarriorGoddessSPD | SPD% | Stacks: 1 | Value: 0.060 | Remaining Turns: 1 | TickDown: SUS, PERM | Target: SUS | Affects: ['ALL']
        KeelEFFRES | ERS% | Stacks: 1 | Value: 0.100 | Remaining Turns: 1 | TickDown: SUS, PERM | Target: SUS | Affects: ['ALL']
        KeelCD(SUS) | CD% | Stacks: 1 | Value: 0.100 | Remaining Turns: 1 | TickDown: SUS, PERM | Target: SUS | Affects: ['ALL']
        HHTraceHP | HP% | Stacks: 1 | Value: 0.280 | Remaining Turns: 1 | TickDown: SUS, PERM | Target: SUS | Affects: ['ALL']
        HHTraceERS | ERS% | Stacks: 1 | Value: 0.180 | Remaining Turns: 1 | TickDown: SUS, PERM | Target: SUS | Affects: ['ALL']
        HHTraceSPD | SPD | Stacks: 1 | Value: 5.000 | Remaining Turns: 1 | TickDown: SUS, PERM | Target: SUS | Affects: ['ALL']
        MasterSmithComburent | DMG% | Stacks: 1 | Value: 0.150 | Remaining Turns: 2 | TickDown: SUS, END | Target: SUS | Affects: ['ALL']
        MortenaxBladeDMGBoost | DMG% | Stacks: 1 | Value: 0.500 | Remaining Turns: 1 | TickDown: SUS, PERM | Target: SUS | Affects: ['ALL']
        ----------End of Buff List----------

        ----------Enemy Debuffs----------
        MortenaxBladeUltVul | From: SUP2 | VULN | Stacks: 1 | Value: 0.500 | Remaining Turns: 2 | Target: 1 | Targeting: ST | Affects: ['ALL'] | DOT: False | Blast: False
        MortenaxBladeUltShred | From: SUP2 | SHRED | Stacks: 1 | Value: 0.300 | Remaining Turns: 2 | Target: 1 | Targeting: ST | Affects: ['ALL'] | DOT: False | Blast: False
        ResoShred(SUP2) | From: SUP2 | SHRED | Stacks: 1 | Value: 0.160 | Remaining Turns: 1 | Target: 1 | Targeting: AOE | Affects: ['ALL'] | DOT: False | Blast: False
        ----------End of Debuff List----------
        ----------Healing List----------
        ----------End of Healing List----------
    GAUGE  - Enemy 1 toughness reduced by 10.000
    RESULT - HuoHuoBasic | HuoHuo | SUS | DMG: 4637.372 | ELADMG: 0.000 | Enemies Hit: [1] | Enemies Broken: [] | WB DMG: 0.000 | Energy: 27.088 | Amount HP Healed: 0.000 | Amount HP Lost: 0.000 | HuoHuo Energy: 87/140 | SP: 5 | MaxSP: 5)
Gilgamesh Obtained 1 Interest from Teammate, Current count: 1
MortenaxBlade has obtained 1 Charge. Current Charge count: 11.
MortenaxBlade has obtained 1 Charge. Current Charge count: 3.
    TURN   - MortenaxBladeAOEFUA | MortenaxBlade | SUP2 | AOE attack | ['FIR'] | ['FUA'] | Scaling: HP | TargetID: 1 | DMG/BREAK Splits: [0.72, 0]/[10, 0] | Energy Gained: 25 | SP Change: 0

        ----------Char Buffs----------
        GilgameshTrace3ATK | ATK% | Stacks: 1 | Value: 0.200 | Remaining Turns: 1 | TickDown: SUP2, PERM | Target: SUP2 | Affects: ['ALL']
        GilgameshTrace3CD | CD% | Stacks: 1 | Value: 0.200 | Remaining Turns: 1 | TickDown: SUP2, PERM | Target: SUP2 | Affects: ['ALL']
        MasterSmithHP | HP% | Stacks: 1 | Value: 0.120 | Remaining Turns: 1 | TickDown: SUP2, PERM | Target: SUP2 | Affects: ['ALL']
        LushakaERR | ERR% | Stacks: 1 | Value: 0.050 | Remaining Turns: 1 | TickDown: SUP2, PERM | Target: SUP2 | Affects: ['ALL']
        MortenaxBladeTraceCR | CR% | Stacks: 1 | Value: 0.120 | Remaining Turns: 1 | TickDown: SUP2, PERM | Target: SUP2 | Affects: ['ALL']
        MortenaxBladeTraceHP | HP% | Stacks: 1 | Value: 0.100 | Remaining Turns: 1 | TickDown: SUP2, PERM | Target: SUP2 | Affects: ['ALL']
        MortenaxBladeTraceDMG | DMG% | Stacks: 1 | Value: 0.224 | Remaining Turns: 1 | TickDown: SUP2, PERM | Target: SUP2 | Affects: ['ALL']
        KeelCD(SUS) | CD% | Stacks: 1 | Value: 0.100 | Remaining Turns: 1 | TickDown: SUP2, PERM | Target: SUP2 | Affects: ['ALL']
        MasterSmithCD | CD% | Stacks: 1 | Value: 0.280 | Remaining Turns: 1 | TickDown: SUP2, PERM | Target: SUP2 | Affects: ['ALL']
        MasterSmithComburent | DMG% | Stacks: 1 | Value: 0.150 | Remaining Turns: 1 | TickDown: SUP2, END | Target: SUP2 | Affects: ['ALL']
        WarriorGoddessHealCD | CD% | Stacks: 1 | Value: 0.150 | Remaining Turns: 1 | TickDown: SUP2, START | Target: SUP2 | Affects: ['ALL']
        HuoHuoUltATK | ATK% | Stacks: 1 | Value: 0.400 | Remaining Turns: 1 | TickDown: SUP2, END | Target: SUP2 | Affects: ['ALL']
        HuoHuoUltExtraATK | ATK% | Stacks: 1 | Value: 0.240 | Remaining Turns: 1 | TickDown: SUP2, END | Target: SUP2 | Affects: ['ALL']
        MortenaxBladeCRBoost | CR% | Stacks: 1 | Value: 0.200 | Remaining Turns: 1 | TickDown: SUP2, PERM | Target: SUP2 | Affects: ['ALL']
        MortenaxBladeCDBoost | CD% | Stacks: 1 | Value: 0.600 | Remaining Turns: 1 | TickDown: SUP2, PERM | Target: SUP2 | Affects: ['ALL']
        MortenaxBladeDMGReduction | DMG_REDUCTION | Stacks: 1 | Value: 0.500 | Remaining Turns: 1 | TickDown: SUP2, PERM | Target: SUP2 | Affects: ['ALL']
        MortenaxBladeDMGBoost | DMG% | Stacks: 1 | Value: 0.500 | Remaining Turns: 1 | TickDown: SUP2, PERM | Target: SUP2 | Affects: ['ALL']
        MortenaxBladeDMG | DMG% | Stacks: 1 | Value: 0.750 | Remaining Turns: 1 | TickDown: SUP2, PERM | Target: SUP2 | Affects: ['ALL']
        ----------End of Buff List----------

        ----------Enemy Debuffs----------
        MortenaxBladeUltVul | From: SUP2 | VULN | Stacks: 1 | Value: 0.500 | Remaining Turns: 2 | Target: 1 | Targeting: ST | Affects: ['ALL'] | DOT: False | Blast: False
        MortenaxBladeUltShred | From: SUP2 | SHRED | Stacks: 1 | Value: 0.300 | Remaining Turns: 2 | Target: 1 | Targeting: ST | Affects: ['ALL'] | DOT: False | Blast: False
        ResoShred(SUP2) | From: SUP2 | SHRED | Stacks: 1 | Value: 0.160 | Remaining Turns: 1 | Target: 1 | Targeting: AOE | Affects: ['ALL'] | DOT: False | Blast: False
        ----------End of Debuff List----------
        ----------Healing List----------
        ----------End of Healing List----------
    GAUGE  - Enemy 0 toughness reduced by 0.000
    GAUGE  - Enemy 1 toughness reduced by 0.000
    GAUGE  - Enemy 2 toughness reduced by 0.000
    RESULT - MortenaxBladeAOEFUA | MortenaxBlade | SUP2 | DMG: 41291.203 | ELADMG: 0.000 | Enemies Hit: [0, 1, 2] | Enemies Broken: [] | WB DMG: 0.000 | Energy: 31.110 | Amount HP Healed: 0.000 | Amount HP Lost: 0.000 | MortenaxBlade Energy: 160/160 | SP: 5 | MaxSP: 5)
Gilgamesh Obtained 1 Interest from Teammate, Current count: 2
    TURN   - MortenaxBladeBounceFUA | MortenaxBlade | SUP2 | ST attack | ['FIR'] | ['FUA'] | Scaling: HP | TargetID: 1 | DMG/BREAK Splits: [0.24, 0]/[5, 0] | Energy Gained: 0 | SP Change: 0

        ----------Char Buffs----------
        GilgameshTrace3ATK | ATK% | Stacks: 1 | Value: 0.200 | Remaining Turns: 1 | TickDown: SUP2, PERM | Target: SUP2 | Affects: ['ALL']
        GilgameshTrace3CD | CD% | Stacks: 1 | Value: 0.200 | Remaining Turns: 1 | TickDown: SUP2, PERM | Target: SUP2 | Affects: ['ALL']
        MasterSmithHP | HP% | Stacks: 1 | Value: 0.120 | Remaining Turns: 1 | TickDown: SUP2, PERM | Target: SUP2 | Affects: ['ALL']
        LushakaERR | ERR% | Stacks: 1 | Value: 0.050 | Remaining Turns: 1 | TickDown: SUP2, PERM | Target: SUP2 | Affects: ['ALL']
        MortenaxBladeTraceCR | CR% | Stacks: 1 | Value: 0.120 | Remaining Turns: 1 | TickDown: SUP2, PERM | Target: SUP2 | Affects: ['ALL']
        MortenaxBladeTraceHP | HP% | Stacks: 1 | Value: 0.100 | Remaining Turns: 1 | TickDown: SUP2, PERM | Target: SUP2 | Affects: ['ALL']
        MortenaxBladeTraceDMG | DMG% | Stacks: 1 | Value: 0.224 | Remaining Turns: 1 | TickDown: SUP2, PERM | Target: SUP2 | Affects: ['ALL']
        KeelCD(SUS) | CD% | Stacks: 1 | Value: 0.100 | Remaining Turns: 1 | TickDown: SUP2, PERM | Target: SUP2 | Affects: ['ALL']
        MasterSmithCD | CD% | Stacks: 1 | Value: 0.280 | Remaining Turns: 1 | TickDown: SUP2, PERM | Target: SUP2 | Affects: ['ALL']
        MasterSmithComburent | DMG% | Stacks: 1 | Value: 0.150 | Remaining Turns: 2 | TickDown: SUP2, END | Target: SUP2 | Affects: ['ALL']
        WarriorGoddessHealCD | CD% | Stacks: 1 | Value: 0.150 | Remaining Turns: 1 | TickDown: SUP2, START | Target: SUP2 | Affects: ['ALL']
        HuoHuoUltATK | ATK% | Stacks: 1 | Value: 0.400 | Remaining Turns: 1 | TickDown: SUP2, END | Target: SUP2 | Affects: ['ALL']
        HuoHuoUltExtraATK | ATK% | Stacks: 1 | Value: 0.240 | Remaining Turns: 1 | TickDown: SUP2, END | Target: SUP2 | Affects: ['ALL']
        MortenaxBladeCRBoost | CR% | Stacks: 1 | Value: 0.200 | Remaining Turns: 1 | TickDown: SUP2, PERM | Target: SUP2 | Affects: ['ALL']
        MortenaxBladeCDBoost | CD% | Stacks: 1 | Value: 0.600 | Remaining Turns: 1 | TickDown: SUP2, PERM | Target: SUP2 | Affects: ['ALL']
        MortenaxBladeDMGReduction | DMG_REDUCTION | Stacks: 1 | Value: 0.500 | Remaining Turns: 1 | TickDown: SUP2, PERM | Target: SUP2 | Affects: ['ALL']
        MortenaxBladeDMGBoost | DMG% | Stacks: 1 | Value: 0.500 | Remaining Turns: 1 | TickDown: SUP2, PERM | Target: SUP2 | Affects: ['ALL']
        MortenaxBladeDMG | DMG% | Stacks: 1 | Value: 0.750 | Remaining Turns: 1 | TickDown: SUP2, PERM | Target: SUP2 | Affects: ['ALL']
        ----------End of Buff List----------

        ----------Enemy Debuffs----------
        MortenaxBladeUltVul | From: SUP2 | VULN | Stacks: 1 | Value: 0.500 | Remaining Turns: 2 | Target: 1 | Targeting: ST | Affects: ['ALL'] | DOT: False | Blast: False
        MortenaxBladeUltShred | From: SUP2 | SHRED | Stacks: 1 | Value: 0.300 | Remaining Turns: 2 | Target: 1 | Targeting: ST | Affects: ['ALL'] | DOT: False | Blast: False
        ResoShred(SUP2) | From: SUP2 | SHRED | Stacks: 1 | Value: 0.160 | Remaining Turns: 1 | Target: 1 | Targeting: AOE | Affects: ['ALL'] | DOT: False | Blast: False
        ----------End of Debuff List----------
        ----------Healing List----------
        ----------End of Healing List----------
    GAUGE  - Enemy 1 toughness reduced by 0.000
    RESULT - MortenaxBladeBounceFUA | MortenaxBlade | SUP2 | DMG: 4587.911 | ELADMG: 0.000 | Enemies Hit: [1] | Enemies Broken: [] | WB DMG: 0.000 | Energy: 0.000 | Amount HP Healed: 0.000 | Amount HP Lost: 0.000 | MortenaxBlade Energy: 160/160 | SP: 5 | MaxSP: 5)
    TURN   - MortenaxBladeBounceFUA | MortenaxBlade | SUP2 | ST attack | ['FIR'] | ['FUA'] | Scaling: HP | TargetID: 1 | DMG/BREAK Splits: [0.24, 0]/[5, 0] | Energy Gained: 0 | SP Change: 0

        ----------Char Buffs----------
        GilgameshTrace3ATK | ATK% | Stacks: 1 | Value: 0.200 | Remaining Turns: 1 | TickDown: SUP2, PERM | Target: SUP2 | Affects: ['ALL']
        GilgameshTrace3CD | CD% | Stacks: 1 | Value: 0.200 | Remaining Turns: 1 | TickDown: SUP2, PERM | Target: SUP2 | Affects: ['ALL']
        MasterSmithHP | HP% | Stacks: 1 | Value: 0.120 | Remaining Turns: 1 | TickDown: SUP2, PERM | Target: SUP2 | Affects: ['ALL']
        LushakaERR | ERR% | Stacks: 1 | Value: 0.050 | Remaining Turns: 1 | TickDown: SUP2, PERM | Target: SUP2 | Affects: ['ALL']
        MortenaxBladeTraceCR | CR% | Stacks: 1 | Value: 0.120 | Remaining Turns: 1 | TickDown: SUP2, PERM | Target: SUP2 | Affects: ['ALL']
        MortenaxBladeTraceHP | HP% | Stacks: 1 | Value: 0.100 | Remaining Turns: 1 | TickDown: SUP2, PERM | Target: SUP2 | Affects: ['ALL']
        MortenaxBladeTraceDMG | DMG% | Stacks: 1 | Value: 0.224 | Remaining Turns: 1 | TickDown: SUP2, PERM | Target: SUP2 | Affects: ['ALL']
        KeelCD(SUS) | CD% | Stacks: 1 | Value: 0.100 | Remaining Turns: 1 | TickDown: SUP2, PERM | Target: SUP2 | Affects: ['ALL']
        MasterSmithCD | CD% | Stacks: 1 | Value: 0.280 | Remaining Turns: 1 | TickDown: SUP2, PERM | Target: SUP2 | Affects: ['ALL']
        MasterSmithComburent | DMG% | Stacks: 1 | Value: 0.150 | Remaining Turns: 2 | TickDown: SUP2, END | Target: SUP2 | Affects: ['ALL']
        WarriorGoddessHealCD | CD% | Stacks: 1 | Value: 0.150 | Remaining Turns: 1 | TickDown: SUP2, START | Target: SUP2 | Affects: ['ALL']
        HuoHuoUltATK | ATK% | Stacks: 1 | Value: 0.400 | Remaining Turns: 1 | TickDown: SUP2, END | Target: SUP2 | Affects: ['ALL']
        HuoHuoUltExtraATK | ATK% | Stacks: 1 | Value: 0.240 | Remaining Turns: 1 | TickDown: SUP2, END | Target: SUP2 | Affects: ['ALL']
        MortenaxBladeCRBoost | CR% | Stacks: 1 | Value: 0.200 | Remaining Turns: 1 | TickDown: SUP2, PERM | Target: SUP2 | Affects: ['ALL']
        MortenaxBladeCDBoost | CD% | Stacks: 1 | Value: 0.600 | Remaining Turns: 1 | TickDown: SUP2, PERM | Target: SUP2 | Affects: ['ALL']
        MortenaxBladeDMGReduction | DMG_REDUCTION | Stacks: 1 | Value: 0.500 | Remaining Turns: 1 | TickDown: SUP2, PERM | Target: SUP2 | Affects: ['ALL']
        MortenaxBladeDMGBoost | DMG% | Stacks: 1 | Value: 0.500 | Remaining Turns: 1 | TickDown: SUP2, PERM | Target: SUP2 | Affects: ['ALL']
        MortenaxBladeDMG | DMG% | Stacks: 1 | Value: 0.750 | Remaining Turns: 1 | TickDown: SUP2, PERM | Target: SUP2 | Affects: ['ALL']
        ----------End of Buff List----------

        ----------Enemy Debuffs----------
        MortenaxBladeUltVul | From: SUP2 | VULN | Stacks: 1 | Value: 0.500 | Remaining Turns: 2 | Target: 1 | Targeting: ST | Affects: ['ALL'] | DOT: False | Blast: False
        MortenaxBladeUltShred | From: SUP2 | SHRED | Stacks: 1 | Value: 0.300 | Remaining Turns: 2 | Target: 1 | Targeting: ST | Affects: ['ALL'] | DOT: False | Blast: False
        ResoShred(SUP2) | From: SUP2 | SHRED | Stacks: 1 | Value: 0.160 | Remaining Turns: 1 | Target: 1 | Targeting: AOE | Affects: ['ALL'] | DOT: False | Blast: False
        ----------End of Debuff List----------
        ----------Healing List----------
        ----------End of Healing List----------
    GAUGE  - Enemy 1 toughness reduced by 0.000
    RESULT - MortenaxBladeBounceFUA | MortenaxBlade | SUP2 | DMG: 4587.911 | ELADMG: 0.000 | Enemies Hit: [1] | Enemies Broken: [] | WB DMG: 0.000 | Energy: 0.000 | Amount HP Healed: 0.000 | Amount HP Lost: 0.000 | MortenaxBlade Energy: 160/160 | SP: 5 | MaxSP: 5)
    TURN   - MortenaxBladeBounceFUA | MortenaxBlade | SUP2 | ST attack | ['FIR'] | ['FUA'] | Scaling: HP | TargetID: 1 | DMG/BREAK Splits: [0.24, 0]/[5, 0] | Energy Gained: 0 | SP Change: 0

        ----------Char Buffs----------
        GilgameshTrace3ATK | ATK% | Stacks: 1 | Value: 0.200 | Remaining Turns: 1 | TickDown: SUP2, PERM | Target: SUP2 | Affects: ['ALL']
        GilgameshTrace3CD | CD% | Stacks: 1 | Value: 0.200 | Remaining Turns: 1 | TickDown: SUP2, PERM | Target: SUP2 | Affects: ['ALL']
        MasterSmithHP | HP% | Stacks: 1 | Value: 0.120 | Remaining Turns: 1 | TickDown: SUP2, PERM | Target: SUP2 | Affects: ['ALL']
        LushakaERR | ERR% | Stacks: 1 | Value: 0.050 | Remaining Turns: 1 | TickDown: SUP2, PERM | Target: SUP2 | Affects: ['ALL']
        MortenaxBladeTraceCR | CR% | Stacks: 1 | Value: 0.120 | Remaining Turns: 1 | TickDown: SUP2, PERM | Target: SUP2 | Affects: ['ALL']
        MortenaxBladeTraceHP | HP% | Stacks: 1 | Value: 0.100 | Remaining Turns: 1 | TickDown: SUP2, PERM | Target: SUP2 | Affects: ['ALL']
        MortenaxBladeTraceDMG | DMG% | Stacks: 1 | Value: 0.224 | Remaining Turns: 1 | TickDown: SUP2, PERM | Target: SUP2 | Affects: ['ALL']
        KeelCD(SUS) | CD% | Stacks: 1 | Value: 0.100 | Remaining Turns: 1 | TickDown: SUP2, PERM | Target: SUP2 | Affects: ['ALL']
        MasterSmithCD | CD% | Stacks: 1 | Value: 0.280 | Remaining Turns: 1 | TickDown: SUP2, PERM | Target: SUP2 | Affects: ['ALL']
        MasterSmithComburent | DMG% | Stacks: 1 | Value: 0.150 | Remaining Turns: 2 | TickDown: SUP2, END | Target: SUP2 | Affects: ['ALL']
        WarriorGoddessHealCD | CD% | Stacks: 1 | Value: 0.150 | Remaining Turns: 1 | TickDown: SUP2, START | Target: SUP2 | Affects: ['ALL']
        HuoHuoUltATK | ATK% | Stacks: 1 | Value: 0.400 | Remaining Turns: 1 | TickDown: SUP2, END | Target: SUP2 | Affects: ['ALL']
        HuoHuoUltExtraATK | ATK% | Stacks: 1 | Value: 0.240 | Remaining Turns: 1 | TickDown: SUP2, END | Target: SUP2 | Affects: ['ALL']
        MortenaxBladeCRBoost | CR% | Stacks: 1 | Value: 0.200 | Remaining Turns: 1 | TickDown: SUP2, PERM | Target: SUP2 | Affects: ['ALL']
        MortenaxBladeCDBoost | CD% | Stacks: 1 | Value: 0.600 | Remaining Turns: 1 | TickDown: SUP2, PERM | Target: SUP2 | Affects: ['ALL']
        MortenaxBladeDMGReduction | DMG_REDUCTION | Stacks: 1 | Value: 0.500 | Remaining Turns: 1 | TickDown: SUP2, PERM | Target: SUP2 | Affects: ['ALL']
        MortenaxBladeDMGBoost | DMG% | Stacks: 1 | Value: 0.500 | Remaining Turns: 1 | TickDown: SUP2, PERM | Target: SUP2 | Affects: ['ALL']
        MortenaxBladeDMG | DMG% | Stacks: 1 | Value: 0.750 | Remaining Turns: 1 | TickDown: SUP2, PERM | Target: SUP2 | Affects: ['ALL']
        ----------End of Buff List----------

        ----------Enemy Debuffs----------
        MortenaxBladeUltVul | From: SUP2 | VULN | Stacks: 1 | Value: 0.500 | Remaining Turns: 2 | Target: 1 | Targeting: ST | Affects: ['ALL'] | DOT: False | Blast: False
        MortenaxBladeUltShred | From: SUP2 | SHRED | Stacks: 1 | Value: 0.300 | Remaining Turns: 2 | Target: 1 | Targeting: ST | Affects: ['ALL'] | DOT: False | Blast: False
        ResoShred(SUP2) | From: SUP2 | SHRED | Stacks: 1 | Value: 0.160 | Remaining Turns: 1 | Target: 1 | Targeting: AOE | Affects: ['ALL'] | DOT: False | Blast: False
        ----------End of Debuff List----------
        ----------Healing List----------
        ----------End of Healing List----------
    GAUGE  - Enemy 1 toughness reduced by 0.000
    RESULT - MortenaxBladeBounceFUA | MortenaxBlade | SUP2 | DMG: 4587.911 | ELADMG: 0.000 | Enemies Hit: [1] | Enemies Broken: [] | WB DMG: 0.000 | Energy: 0.000 | Amount HP Healed: 0.000 | Amount HP Lost: 0.000 | MortenaxBlade Energy: 160/160 | SP: 5 | MaxSP: 5)
    TURN   - MortenaxBladeBounceFUA | MortenaxBlade | SUP2 | ST attack | ['FIR'] | ['FUA'] | Scaling: HP | TargetID: 1 | DMG/BREAK Splits: [0.24, 0]/[5, 0] | Energy Gained: 0 | SP Change: 0

        ----------Char Buffs----------
        GilgameshTrace3ATK | ATK% | Stacks: 1 | Value: 0.200 | Remaining Turns: 1 | TickDown: SUP2, PERM | Target: SUP2 | Affects: ['ALL']
        GilgameshTrace3CD | CD% | Stacks: 1 | Value: 0.200 | Remaining Turns: 1 | TickDown: SUP2, PERM | Target: SUP2 | Affects: ['ALL']
        MasterSmithHP | HP% | Stacks: 1 | Value: 0.120 | Remaining Turns: 1 | TickDown: SUP2, PERM | Target: SUP2 | Affects: ['ALL']
        LushakaERR | ERR% | Stacks: 1 | Value: 0.050 | Remaining Turns: 1 | TickDown: SUP2, PERM | Target: SUP2 | Affects: ['ALL']
        MortenaxBladeTraceCR | CR% | Stacks: 1 | Value: 0.120 | Remaining Turns: 1 | TickDown: SUP2, PERM | Target: SUP2 | Affects: ['ALL']
        MortenaxBladeTraceHP | HP% | Stacks: 1 | Value: 0.100 | Remaining Turns: 1 | TickDown: SUP2, PERM | Target: SUP2 | Affects: ['ALL']
        MortenaxBladeTraceDMG | DMG% | Stacks: 1 | Value: 0.224 | Remaining Turns: 1 | TickDown: SUP2, PERM | Target: SUP2 | Affects: ['ALL']
        KeelCD(SUS) | CD% | Stacks: 1 | Value: 0.100 | Remaining Turns: 1 | TickDown: SUP2, PERM | Target: SUP2 | Affects: ['ALL']
        MasterSmithCD | CD% | Stacks: 1 | Value: 0.280 | Remaining Turns: 1 | TickDown: SUP2, PERM | Target: SUP2 | Affects: ['ALL']
        MasterSmithComburent | DMG% | Stacks: 1 | Value: 0.150 | Remaining Turns: 2 | TickDown: SUP2, END | Target: SUP2 | Affects: ['ALL']
        WarriorGoddessHealCD | CD% | Stacks: 1 | Value: 0.150 | Remaining Turns: 1 | TickDown: SUP2, START | Target: SUP2 | Affects: ['ALL']
        HuoHuoUltATK | ATK% | Stacks: 1 | Value: 0.400 | Remaining Turns: 1 | TickDown: SUP2, END | Target: SUP2 | Affects: ['ALL']
        HuoHuoUltExtraATK | ATK% | Stacks: 1 | Value: 0.240 | Remaining Turns: 1 | TickDown: SUP2, END | Target: SUP2 | Affects: ['ALL']
        MortenaxBladeCRBoost | CR% | Stacks: 1 | Value: 0.200 | Remaining Turns: 1 | TickDown: SUP2, PERM | Target: SUP2 | Affects: ['ALL']
        MortenaxBladeCDBoost | CD% | Stacks: 1 | Value: 0.600 | Remaining Turns: 1 | TickDown: SUP2, PERM | Target: SUP2 | Affects: ['ALL']
        MortenaxBladeDMGReduction | DMG_REDUCTION | Stacks: 1 | Value: 0.500 | Remaining Turns: 1 | TickDown: SUP2, PERM | Target: SUP2 | Affects: ['ALL']
        MortenaxBladeDMGBoost | DMG% | Stacks: 1 | Value: 0.500 | Remaining Turns: 1 | TickDown: SUP2, PERM | Target: SUP2 | Affects: ['ALL']
        MortenaxBladeDMG | DMG% | Stacks: 1 | Value: 0.750 | Remaining Turns: 1 | TickDown: SUP2, PERM | Target: SUP2 | Affects: ['ALL']
        ----------End of Buff List----------

        ----------Enemy Debuffs----------
        MortenaxBladeUltVul | From: SUP2 | VULN | Stacks: 1 | Value: 0.500 | Remaining Turns: 2 | Target: 1 | Targeting: ST | Affects: ['ALL'] | DOT: False | Blast: False
        MortenaxBladeUltShred | From: SUP2 | SHRED | Stacks: 1 | Value: 0.300 | Remaining Turns: 2 | Target: 1 | Targeting: ST | Affects: ['ALL'] | DOT: False | Blast: False
        ResoShred(SUP2) | From: SUP2 | SHRED | Stacks: 1 | Value: 0.160 | Remaining Turns: 1 | Target: 1 | Targeting: AOE | Affects: ['ALL'] | DOT: False | Blast: False
        ----------End of Debuff List----------
        ----------Healing List----------
        ----------End of Healing List----------
    GAUGE  - Enemy 1 toughness reduced by 0.000
    RESULT - MortenaxBladeBounceFUA | MortenaxBlade | SUP2 | DMG: 4587.911 | ELADMG: 0.000 | Enemies Hit: [1] | Enemies Broken: [] | WB DMG: 0.000 | Energy: 0.000 | Amount HP Healed: 0.000 | Amount HP Lost: 0.000 | MortenaxBlade Energy: 160/160 | SP: 5 | MaxSP: 5)
ULT    > MortenaxBlade used their ultimate
MortenaxBlade has obtained 1 Charge. Current Charge count: 4.
    TURN   - MortenaxBladeEnhancedUlt | MortenaxBlade | SUP2 | AOE attack | ['FIR'] | ['ULT'] | Scaling: HP | TargetID: 1 | DMG/BREAK Splits: [3.5, 0]/[20, 0] | Energy Gained: 5 | SP Change: 0

        ----------Char Buffs----------
        GilgameshTrace3ATK | ATK% | Stacks: 1 | Value: 0.200 | Remaining Turns: 1 | TickDown: SUP2, PERM | Target: SUP2 | Affects: ['ALL']
        GilgameshTrace3CD | CD% | Stacks: 1 | Value: 0.200 | Remaining Turns: 1 | TickDown: SUP2, PERM | Target: SUP2 | Affects: ['ALL']
        MasterSmithHP | HP% | Stacks: 1 | Value: 0.120 | Remaining Turns: 1 | TickDown: SUP2, PERM | Target: SUP2 | Affects: ['ALL']
        LushakaERR | ERR% | Stacks: 1 | Value: 0.050 | Remaining Turns: 1 | TickDown: SUP2, PERM | Target: SUP2 | Affects: ['ALL']
        MortenaxBladeTraceCR | CR% | Stacks: 1 | Value: 0.120 | Remaining Turns: 1 | TickDown: SUP2, PERM | Target: SUP2 | Affects: ['ALL']
        MortenaxBladeTraceHP | HP% | Stacks: 1 | Value: 0.100 | Remaining Turns: 1 | TickDown: SUP2, PERM | Target: SUP2 | Affects: ['ALL']
        MortenaxBladeTraceDMG | DMG% | Stacks: 1 | Value: 0.224 | Remaining Turns: 1 | TickDown: SUP2, PERM | Target: SUP2 | Affects: ['ALL']
        KeelCD(SUS) | CD% | Stacks: 1 | Value: 0.100 | Remaining Turns: 1 | TickDown: SUP2, PERM | Target: SUP2 | Affects: ['ALL']
        MasterSmithCD | CD% | Stacks: 1 | Value: 0.280 | Remaining Turns: 1 | TickDown: SUP2, PERM | Target: SUP2 | Affects: ['ALL']
        MasterSmithComburent | DMG% | Stacks: 1 | Value: 0.150 | Remaining Turns: 2 | TickDown: SUP2, END | Target: SUP2 | Affects: ['ALL']
        WarriorGoddessHealCD | CD% | Stacks: 1 | Value: 0.150 | Remaining Turns: 1 | TickDown: SUP2, START | Target: SUP2 | Affects: ['ALL']
        HuoHuoUltATK | ATK% | Stacks: 1 | Value: 0.400 | Remaining Turns: 1 | TickDown: SUP2, END | Target: SUP2 | Affects: ['ALL']
        HuoHuoUltExtraATK | ATK% | Stacks: 1 | Value: 0.240 | Remaining Turns: 1 | TickDown: SUP2, END | Target: SUP2 | Affects: ['ALL']
        MortenaxBladeCRBoost | CR% | Stacks: 1 | Value: 0.200 | Remaining Turns: 1 | TickDown: SUP2, PERM | Target: SUP2 | Affects: ['ALL']
        MortenaxBladeCDBoost | CD% | Stacks: 1 | Value: 0.600 | Remaining Turns: 1 | TickDown: SUP2, PERM | Target: SUP2 | Affects: ['ALL']
        MortenaxBladeDMGReduction | DMG_REDUCTION | Stacks: 1 | Value: 0.500 | Remaining Turns: 1 | TickDown: SUP2, PERM | Target: SUP2 | Affects: ['ALL']
        MortenaxBladeDMGBoost | DMG% | Stacks: 1 | Value: 0.500 | Remaining Turns: 1 | TickDown: SUP2, PERM | Target: SUP2 | Affects: ['ALL']
        MortenaxBladeDMG | DMG% | Stacks: 1 | Value: 0.750 | Remaining Turns: 1 | TickDown: SUP2, PERM | Target: SUP2 | Affects: ['ALL']
        ----------End of Buff List----------

        ----------Enemy Debuffs----------
        MortenaxBladeUltVul | From: SUP2 | VULN | Stacks: 1 | Value: 0.500 | Remaining Turns: 2 | Target: 1 | Targeting: ST | Affects: ['ALL'] | DOT: False | Blast: False
        MortenaxBladeUltShred | From: SUP2 | SHRED | Stacks: 1 | Value: 0.300 | Remaining Turns: 2 | Target: 1 | Targeting: ST | Affects: ['ALL'] | DOT: False | Blast: False
        ResoShred(SUP2) | From: SUP2 | SHRED | Stacks: 1 | Value: 0.160 | Remaining Turns: 1 | Target: 1 | Targeting: AOE | Affects: ['ALL'] | DOT: False | Blast: False
        ----------End of Debuff List----------
        ----------Healing List----------
        ----------End of Healing List----------
    GAUGE  - Enemy 0 toughness reduced by 0.000
    GAUGE  - Enemy 1 toughness reduced by 0.000
    GAUGE  - Enemy 2 toughness reduced by 0.000
    RESULT - MortenaxBladeEnhancedUlt | MortenaxBlade | SUP2 | DMG: 200721.124 | ELADMG: 0.000 | Enemies Hit: [0, 1, 2] | Enemies Broken: [] | WB DMG: 0.000 | Energy: 6.222 | Amount HP Healed: 0.000 | Amount HP Lost: 0.000 | MortenaxBlade Energy: 6/160 | SP: 5 | MaxSP: 5)
Saber got 3 Core Resonance from Talent, Current Count: 11
Gilgamesh Obtained 2 Interest from Teammate Ult, Current count: 4
Gilgamesh Obtained 48.0 Energy from Teammate
Gilgamesh Obtained 1 Interest from Teammate, Current count: 5
ERR    > 48.000 energy added to Gilgamesh from GilgameshTrace1ERRAlly2 | Gilgamesh Energy: 133.000
SPD    > Gilgamesh speed changed to 175.132 | NewAV: 25.171
SPD    > HuoHuo speed changed to 154.612 | NewAV: 0.000
AV     > HuoHuo AV reset to 64.678 | 154.612 SPD

<<< NEW TURN >>>
-   Enemy 1 AV: 0.000 ENERGY: 0.000 MaxHP: 5000000.000 CurrHp 2601161.356 ShieldHP: 0.000
-   MortenaxBlade AV: 4.114 ENERGY: 6.222 MaxHP: 4779.283 CurrHp 1998.162 ShieldHP: 0.000
-   InfiniteFury AV: 18.135 ENERGY: 0.000 MaxHP: 0.000 CurrHp 0.000 ShieldHP: 0.000
-   Gilgamesh AV: 25.066 ENERGY: 133.000 MaxHP: 3134.558 CurrHp 2244.215 ShieldHP: 0.000
-   Saber AV: 28.380 ENERGY: 126.000 MaxHP: 3366.991 CurrHp 2496.887 ShieldHP: 0.000
-   Enemy 0 AV: 41.375 ENERGY: 0.000 MaxHP: 2000000.000 CurrHp 1145391.888 ShieldHP: 0.000
-   Enemy 2 AV: 41.375 ENERGY: 0.000 MaxHP: 2000000.000 CurrHp 1145391.888 ShieldHP: 0.000
-   HuoHuo AV: 64.573 ENERGY: 87.133 MaxHP: 6139.808 CurrHp 5443.984 ShieldHP: 0.000

Combat context set: 3 enemies, 4 players
Combat context initialized: 3 enemies, Elation team size: 0
ACTION > [ENEMY] TotalAV: 189.394 | TurnAV: 0.106 | Enemy 1 | 1 attacks
MortenaxBlade has obtained 1 Charge. Current Charge count: 5.
    CharEnergy - Saber: Hit 5.000 Total: 131.000 | Gilgamesh: Hit 8.333 Total: 141.333 | MortenaxBlade: Hit 5.000 Total: 12.444 | HuoHuo: Hit 5.000 Total: 93.905 |
    ENEMY  - Enemy 1 [aoe] dealt 130.5 to MortenaxBlade (energy: 3.3, DEF: 2014, atkMul: 1.00, dmgMul: 1.00) | Shield Absorbed: 0.0 | HP Lost: 130.5 | HP: 1868/4779 | Shield HP: 0
    ENEMY  - Enemy 1 [aoe] dealt 280.5 to Gilgamesh (energy: 3.3, DEF: 1794, atkMul: 1.00, dmgMul: 1.00) | Shield Absorbed: 0.0 | HP Lost: 280.5 | HP: 1964/3135 | Shield HP: 0
    ENEMY  - Enemy 1 [aoe] dealt 231.9 to HuoHuo (energy: 3.3, DEF: 2410, atkMul: 1.00, dmgMul: 1.00) | Shield Absorbed: 0.0 | HP Lost: 231.9 | HP: 5212/6140 | Shield HP: 0
    ENEMY  - Enemy 1 [aoe] dealt 116.0 to Saber (energy: 1.7, DEF: 2409, atkMul: 1.00, dmgMul: 1.00) | Shield Absorbed: 0.0 | HP Lost: 116.0 | HP: 2381/3367 | Shield HP: 0
    ENEMY  - Enemy 1 [aoe] dealt 140.2 to Gilgamesh (energy: 1.7, DEF: 1794, atkMul: 1.00, dmgMul: 1.00) | Shield Absorbed: 0.0 | HP Lost: 140.2 | HP: 1824/3135 | Shield HP: 0
    ENEMY  - Enemy 1 [aoe] dealt 65.2 to MortenaxBlade (energy: 1.7, DEF: 2014, atkMul: 1.00, dmgMul: 1.00) | Shield Absorbed: 0.0 | HP Lost: 65.2 | HP: 1802/4779 | Shield HP: 0
    ENEMY  - Enemy 1 [aoe] dealt 116.0 to HuoHuo (energy: 1.7, DEF: 2410, atkMul: 1.00, dmgMul: 1.00) | Shield Absorbed: 0.0 | HP Lost: 116.0 | HP: 5096/6140 | Shield HP: 0
    ENEMY  - Enemy 1 [aoe] dealt 232.0 to Saber (energy: 3.3, DEF: 2409, atkMul: 1.00, dmgMul: 1.00) | Shield Absorbed: 0.0 | HP Lost: 232.0 | HP: 2149/3367 | Shield HP: 0
    ENEMY  - Enemy 1 [aoe] dealt 280.5 to Gilgamesh (energy: 3.3, DEF: 1794, atkMul: 1.00, dmgMul: 1.00) | Shield Absorbed: 0.0 | HP Lost: 280.5 | HP: 1543/3135 | Shield HP: 0
MortenaxBlade has obtained 1 Charge. Current Charge count: 6.
MortenaxBlade useHit produced 2 debuffs
        Debuff ResoShred(SUP2) expired
AV     > Enemy 1 AV reset to 63.131 | 158.400 SPD

<<< NEW TURN >>>
-   MortenaxBlade AV: 0.000 ENERGY: 12.444 MaxHP: 4779.283 CurrHp 1802.423 ShieldHP: 0.000
-   InfiniteFury AV: 14.020 ENERGY: 0.000 MaxHP: 0.000 CurrHp 0.000 ShieldHP: 0.000
-   Gilgamesh AV: 20.951 ENERGY: 141.333 MaxHP: 3134.558 CurrHp 1543.037 ShieldHP: 0.000
-   Saber AV: 24.265 ENERGY: 131.000 MaxHP: 3366.991 CurrHp 2148.846 ShieldHP: 0.000
-   Enemy 0 AV: 37.261 ENERGY: 0.000 MaxHP: 2000000.000 CurrHp 1145391.888 ShieldHP: 0.000
-   Enemy 2 AV: 37.261 ENERGY: 0.000 MaxHP: 2000000.000 CurrHp 1145391.888 ShieldHP: 0.000
-   Enemy 1 AV: 59.017 ENERGY: 0.000 MaxHP: 5000000.000 CurrHp 2601161.356 ShieldHP: 0.000
-   HuoHuo AV: 60.458 ENERGY: 93.905 MaxHP: 6139.808 CurrHp 5096.073 ShieldHP: 0.000

Combat context set: 3 enemies, 4 players
Combat context initialized: 3 enemies, Elation team size: 0
ACTION > [CHAR] TotalAV: 193.508 | TurnAV: 4.114 | MortenaxBlade | E-move
        Buff WarriorGoddessHealCD expired
MortenaxBlade has obtained 1 Charge. Current Charge count: 7.
    TURN   - MortenaxBladeAOESkill | MortenaxBlade | SUP2 | AOE attack | ['FIR'] | ['SKL'] | Scaling: HP | TargetID: 1 | DMG/BREAK Splits: [0.72, 0]/[10, 0] | Energy Gained: 30 | SP Change: 0

        ----------Char Buffs----------
        GilgameshTrace3ATK | ATK% | Stacks: 1 | Value: 0.200 | Remaining Turns: 1 | TickDown: SUP2, PERM | Target: SUP2 | Affects: ['ALL']
        GilgameshTrace3CD | CD% | Stacks: 1 | Value: 0.200 | Remaining Turns: 1 | TickDown: SUP2, PERM | Target: SUP2 | Affects: ['ALL']
        MasterSmithHP | HP% | Stacks: 1 | Value: 0.120 | Remaining Turns: 1 | TickDown: SUP2, PERM | Target: SUP2 | Affects: ['ALL']
        LushakaERR | ERR% | Stacks: 1 | Value: 0.050 | Remaining Turns: 1 | TickDown: SUP2, PERM | Target: SUP2 | Affects: ['ALL']
        MortenaxBladeTraceCR | CR% | Stacks: 1 | Value: 0.120 | Remaining Turns: 1 | TickDown: SUP2, PERM | Target: SUP2 | Affects: ['ALL']
        MortenaxBladeTraceHP | HP% | Stacks: 1 | Value: 0.100 | Remaining Turns: 1 | TickDown: SUP2, PERM | Target: SUP2 | Affects: ['ALL']
        MortenaxBladeTraceDMG | DMG% | Stacks: 1 | Value: 0.224 | Remaining Turns: 1 | TickDown: SUP2, PERM | Target: SUP2 | Affects: ['ALL']
        KeelCD(SUS) | CD% | Stacks: 1 | Value: 0.100 | Remaining Turns: 1 | TickDown: SUP2, PERM | Target: SUP2 | Affects: ['ALL']
        MasterSmithCD | CD% | Stacks: 1 | Value: 0.280 | Remaining Turns: 1 | TickDown: SUP2, PERM | Target: SUP2 | Affects: ['ALL']
        MasterSmithComburent | DMG% | Stacks: 1 | Value: 0.150 | Remaining Turns: 2 | TickDown: SUP2, END | Target: SUP2 | Affects: ['ALL']
        HuoHuoUltATK | ATK% | Stacks: 1 | Value: 0.400 | Remaining Turns: 1 | TickDown: SUP2, END | Target: SUP2 | Affects: ['ALL']
        HuoHuoUltExtraATK | ATK% | Stacks: 1 | Value: 0.240 | Remaining Turns: 1 | TickDown: SUP2, END | Target: SUP2 | Affects: ['ALL']
        MortenaxBladeCRBoost | CR% | Stacks: 1 | Value: 0.200 | Remaining Turns: 1 | TickDown: SUP2, PERM | Target: SUP2 | Affects: ['ALL']
        MortenaxBladeCDBoost | CD% | Stacks: 1 | Value: 0.600 | Remaining Turns: 1 | TickDown: SUP2, PERM | Target: SUP2 | Affects: ['ALL']
        MortenaxBladeDMGReduction | DMG_REDUCTION | Stacks: 1 | Value: 0.500 | Remaining Turns: 1 | TickDown: SUP2, PERM | Target: SUP2 | Affects: ['ALL']
        MortenaxBladeDMGBoost | DMG% | Stacks: 1 | Value: 0.500 | Remaining Turns: 1 | TickDown: SUP2, PERM | Target: SUP2 | Affects: ['ALL']
        MortenaxBladeDMG | DMG% | Stacks: 1 | Value: 0.750 | Remaining Turns: 1 | TickDown: SUP2, PERM | Target: SUP2 | Affects: ['ALL']
        ----------End of Buff List----------

        ----------Enemy Debuffs----------
        MortenaxBladeUltVul | From: SUP2 | VULN | Stacks: 1 | Value: 0.500 | Remaining Turns: 2 | Target: 1 | Targeting: ST | Affects: ['ALL'] | DOT: False | Blast: False
        MortenaxBladeUltShred | From: SUP2 | SHRED | Stacks: 1 | Value: 0.300 | Remaining Turns: 2 | Target: 1 | Targeting: ST | Affects: ['ALL'] | DOT: False | Blast: False
        ResoShred(SUP2) | From: SUP2 | SHRED | Stacks: 1 | Value: 0.160 | Remaining Turns: 1 | Target: 1 | Targeting: ST | Affects: ['ALL'] | DOT: False | Blast: False
        ----------End of Debuff List----------
        ----------Healing List----------
        ----------End of Healing List----------
    GAUGE  - Enemy 0 toughness reduced by 0.000
    GAUGE  - Enemy 1 toughness reduced by 0.000
    GAUGE  - Enemy 2 toughness reduced by 0.000
    RESULT - MortenaxBladeAOESkill | MortenaxBlade | SUP2 | DMG: 39500.152 | ELADMG: 0.000 | Enemies Hit: [0, 1, 2] | Enemies Broken: [] | WB DMG: 0.000 | Energy: 37.332 | Amount HP Healed: 0.000 | Amount HP Lost: 0.000 | MortenaxBlade Energy: 50/160 | SP: 5 | MaxSP: 5)
Gilgamesh Obtained 1 Interest from Teammate, Current count: 6
    TURN   - MortenaxBladeBounceSkill | MortenaxBlade | SUP2 | ST attack | ['FIR'] | ['SKL'] | Scaling: HP | TargetID: 1 | DMG/BREAK Splits: [0.24, 0]/[5, 0] | Energy Gained: 0 | SP Change: 0

        ----------Char Buffs----------
        GilgameshTrace3ATK | ATK% | Stacks: 1 | Value: 0.200 | Remaining Turns: 1 | TickDown: SUP2, PERM | Target: SUP2 | Affects: ['ALL']
        GilgameshTrace3CD | CD% | Stacks: 1 | Value: 0.200 | Remaining Turns: 1 | TickDown: SUP2, PERM | Target: SUP2 | Affects: ['ALL']
        MasterSmithHP | HP% | Stacks: 1 | Value: 0.120 | Remaining Turns: 1 | TickDown: SUP2, PERM | Target: SUP2 | Affects: ['ALL']
        LushakaERR | ERR% | Stacks: 1 | Value: 0.050 | Remaining Turns: 1 | TickDown: SUP2, PERM | Target: SUP2 | Affects: ['ALL']
        MortenaxBladeTraceCR | CR% | Stacks: 1 | Value: 0.120 | Remaining Turns: 1 | TickDown: SUP2, PERM | Target: SUP2 | Affects: ['ALL']
        MortenaxBladeTraceHP | HP% | Stacks: 1 | Value: 0.100 | Remaining Turns: 1 | TickDown: SUP2, PERM | Target: SUP2 | Affects: ['ALL']
        MortenaxBladeTraceDMG | DMG% | Stacks: 1 | Value: 0.224 | Remaining Turns: 1 | TickDown: SUP2, PERM | Target: SUP2 | Affects: ['ALL']
        KeelCD(SUS) | CD% | Stacks: 1 | Value: 0.100 | Remaining Turns: 1 | TickDown: SUP2, PERM | Target: SUP2 | Affects: ['ALL']
        MasterSmithCD | CD% | Stacks: 1 | Value: 0.280 | Remaining Turns: 1 | TickDown: SUP2, PERM | Target: SUP2 | Affects: ['ALL']
        MasterSmithComburent | DMG% | Stacks: 1 | Value: 0.150 | Remaining Turns: 2 | TickDown: SUP2, END | Target: SUP2 | Affects: ['ALL']
        HuoHuoUltATK | ATK% | Stacks: 1 | Value: 0.400 | Remaining Turns: 1 | TickDown: SUP2, END | Target: SUP2 | Affects: ['ALL']
        HuoHuoUltExtraATK | ATK% | Stacks: 1 | Value: 0.240 | Remaining Turns: 1 | TickDown: SUP2, END | Target: SUP2 | Affects: ['ALL']
        MortenaxBladeCRBoost | CR% | Stacks: 1 | Value: 0.200 | Remaining Turns: 1 | TickDown: SUP2, PERM | Target: SUP2 | Affects: ['ALL']
        MortenaxBladeCDBoost | CD% | Stacks: 1 | Value: 0.600 | Remaining Turns: 1 | TickDown: SUP2, PERM | Target: SUP2 | Affects: ['ALL']
        MortenaxBladeDMGReduction | DMG_REDUCTION | Stacks: 1 | Value: 0.500 | Remaining Turns: 1 | TickDown: SUP2, PERM | Target: SUP2 | Affects: ['ALL']
        MortenaxBladeDMGBoost | DMG% | Stacks: 1 | Value: 0.500 | Remaining Turns: 1 | TickDown: SUP2, PERM | Target: SUP2 | Affects: ['ALL']
        MortenaxBladeDMG | DMG% | Stacks: 1 | Value: 0.750 | Remaining Turns: 1 | TickDown: SUP2, PERM | Target: SUP2 | Affects: ['ALL']
        ----------End of Buff List----------

        ----------Enemy Debuffs----------
        MortenaxBladeUltVul | From: SUP2 | VULN | Stacks: 1 | Value: 0.500 | Remaining Turns: 2 | Target: 1 | Targeting: ST | Affects: ['ALL'] | DOT: False | Blast: False
        MortenaxBladeUltShred | From: SUP2 | SHRED | Stacks: 1 | Value: 0.300 | Remaining Turns: 2 | Target: 1 | Targeting: ST | Affects: ['ALL'] | DOT: False | Blast: False
        ResoShred(SUP2) | From: SUP2 | SHRED | Stacks: 1 | Value: 0.160 | Remaining Turns: 1 | Target: 1 | Targeting: ST | Affects: ['ALL'] | DOT: False | Blast: False
        ----------End of Debuff List----------
        ----------Healing List----------
        ----------End of Healing List----------
    GAUGE  - Enemy 1 toughness reduced by 0.000
    RESULT - MortenaxBladeBounceSkill | MortenaxBlade | SUP2 | DMG: 4388.906 | ELADMG: 0.000 | Enemies Hit: [1] | Enemies Broken: [] | WB DMG: 0.000 | Energy: 0.000 | Amount HP Healed: 0.000 | Amount HP Lost: 0.000 | MortenaxBlade Energy: 50/160 | SP: 5 | MaxSP: 5)
    TURN   - MortenaxBladeBounceSkill | MortenaxBlade | SUP2 | ST attack | ['FIR'] | ['SKL'] | Scaling: HP | TargetID: 1 | DMG/BREAK Splits: [0.24, 0]/[5, 0] | Energy Gained: 0 | SP Change: 0

        ----------Char Buffs----------
        GilgameshTrace3ATK | ATK% | Stacks: 1 | Value: 0.200 | Remaining Turns: 1 | TickDown: SUP2, PERM | Target: SUP2 | Affects: ['ALL']
        GilgameshTrace3CD | CD% | Stacks: 1 | Value: 0.200 | Remaining Turns: 1 | TickDown: SUP2, PERM | Target: SUP2 | Affects: ['ALL']
        MasterSmithHP | HP% | Stacks: 1 | Value: 0.120 | Remaining Turns: 1 | TickDown: SUP2, PERM | Target: SUP2 | Affects: ['ALL']
        LushakaERR | ERR% | Stacks: 1 | Value: 0.050 | Remaining Turns: 1 | TickDown: SUP2, PERM | Target: SUP2 | Affects: ['ALL']
        MortenaxBladeTraceCR | CR% | Stacks: 1 | Value: 0.120 | Remaining Turns: 1 | TickDown: SUP2, PERM | Target: SUP2 | Affects: ['ALL']
        MortenaxBladeTraceHP | HP% | Stacks: 1 | Value: 0.100 | Remaining Turns: 1 | TickDown: SUP2, PERM | Target: SUP2 | Affects: ['ALL']
        MortenaxBladeTraceDMG | DMG% | Stacks: 1 | Value: 0.224 | Remaining Turns: 1 | TickDown: SUP2, PERM | Target: SUP2 | Affects: ['ALL']
        KeelCD(SUS) | CD% | Stacks: 1 | Value: 0.100 | Remaining Turns: 1 | TickDown: SUP2, PERM | Target: SUP2 | Affects: ['ALL']
        MasterSmithCD | CD% | Stacks: 1 | Value: 0.280 | Remaining Turns: 1 | TickDown: SUP2, PERM | Target: SUP2 | Affects: ['ALL']
        MasterSmithComburent | DMG% | Stacks: 1 | Value: 0.150 | Remaining Turns: 2 | TickDown: SUP2, END | Target: SUP2 | Affects: ['ALL']
        HuoHuoUltATK | ATK% | Stacks: 1 | Value: 0.400 | Remaining Turns: 1 | TickDown: SUP2, END | Target: SUP2 | Affects: ['ALL']
        HuoHuoUltExtraATK | ATK% | Stacks: 1 | Value: 0.240 | Remaining Turns: 1 | TickDown: SUP2, END | Target: SUP2 | Affects: ['ALL']
        MortenaxBladeCRBoost | CR% | Stacks: 1 | Value: 0.200 | Remaining Turns: 1 | TickDown: SUP2, PERM | Target: SUP2 | Affects: ['ALL']
        MortenaxBladeCDBoost | CD% | Stacks: 1 | Value: 0.600 | Remaining Turns: 1 | TickDown: SUP2, PERM | Target: SUP2 | Affects: ['ALL']
        MortenaxBladeDMGReduction | DMG_REDUCTION | Stacks: 1 | Value: 0.500 | Remaining Turns: 1 | TickDown: SUP2, PERM | Target: SUP2 | Affects: ['ALL']
        MortenaxBladeDMGBoost | DMG% | Stacks: 1 | Value: 0.500 | Remaining Turns: 1 | TickDown: SUP2, PERM | Target: SUP2 | Affects: ['ALL']
        MortenaxBladeDMG | DMG% | Stacks: 1 | Value: 0.750 | Remaining Turns: 1 | TickDown: SUP2, PERM | Target: SUP2 | Affects: ['ALL']
        ----------End of Buff List----------

        ----------Enemy Debuffs----------
        MortenaxBladeUltVul | From: SUP2 | VULN | Stacks: 1 | Value: 0.500 | Remaining Turns: 2 | Target: 1 | Targeting: ST | Affects: ['ALL'] | DOT: False | Blast: False
        MortenaxBladeUltShred | From: SUP2 | SHRED | Stacks: 1 | Value: 0.300 | Remaining Turns: 2 | Target: 1 | Targeting: ST | Affects: ['ALL'] | DOT: False | Blast: False
        ResoShred(SUP2) | From: SUP2 | SHRED | Stacks: 1 | Value: 0.160 | Remaining Turns: 1 | Target: 1 | Targeting: ST | Affects: ['ALL'] | DOT: False | Blast: False
        ----------End of Debuff List----------
        ----------Healing List----------
        ----------End of Healing List----------
    GAUGE  - Enemy 1 toughness reduced by 0.000
    RESULT - MortenaxBladeBounceSkill | MortenaxBlade | SUP2 | DMG: 4388.906 | ELADMG: 0.000 | Enemies Hit: [1] | Enemies Broken: [] | WB DMG: 0.000 | Energy: 0.000 | Amount HP Healed: 0.000 | Amount HP Lost: 0.000 | MortenaxBlade Energy: 50/160 | SP: 5 | MaxSP: 5)
    TURN   - MortenaxBladeBounceSkill | MortenaxBlade | SUP2 | ST attack | ['FIR'] | ['SKL'] | Scaling: HP | TargetID: 1 | DMG/BREAK Splits: [0.24, 0]/[5, 0] | Energy Gained: 0 | SP Change: 0

        ----------Char Buffs----------
        GilgameshTrace3ATK | ATK% | Stacks: 1 | Value: 0.200 | Remaining Turns: 1 | TickDown: SUP2, PERM | Target: SUP2 | Affects: ['ALL']
        GilgameshTrace3CD | CD% | Stacks: 1 | Value: 0.200 | Remaining Turns: 1 | TickDown: SUP2, PERM | Target: SUP2 | Affects: ['ALL']
        MasterSmithHP | HP% | Stacks: 1 | Value: 0.120 | Remaining Turns: 1 | TickDown: SUP2, PERM | Target: SUP2 | Affects: ['ALL']
        LushakaERR | ERR% | Stacks: 1 | Value: 0.050 | Remaining Turns: 1 | TickDown: SUP2, PERM | Target: SUP2 | Affects: ['ALL']
        MortenaxBladeTraceCR | CR% | Stacks: 1 | Value: 0.120 | Remaining Turns: 1 | TickDown: SUP2, PERM | Target: SUP2 | Affects: ['ALL']
        MortenaxBladeTraceHP | HP% | Stacks: 1 | Value: 0.100 | Remaining Turns: 1 | TickDown: SUP2, PERM | Target: SUP2 | Affects: ['ALL']
        MortenaxBladeTraceDMG | DMG% | Stacks: 1 | Value: 0.224 | Remaining Turns: 1 | TickDown: SUP2, PERM | Target: SUP2 | Affects: ['ALL']
        KeelCD(SUS) | CD% | Stacks: 1 | Value: 0.100 | Remaining Turns: 1 | TickDown: SUP2, PERM | Target: SUP2 | Affects: ['ALL']
        MasterSmithCD | CD% | Stacks: 1 | Value: 0.280 | Remaining Turns: 1 | TickDown: SUP2, PERM | Target: SUP2 | Affects: ['ALL']
        MasterSmithComburent | DMG% | Stacks: 1 | Value: 0.150 | Remaining Turns: 2 | TickDown: SUP2, END | Target: SUP2 | Affects: ['ALL']
        HuoHuoUltATK | ATK% | Stacks: 1 | Value: 0.400 | Remaining Turns: 1 | TickDown: SUP2, END | Target: SUP2 | Affects: ['ALL']
        HuoHuoUltExtraATK | ATK% | Stacks: 1 | Value: 0.240 | Remaining Turns: 1 | TickDown: SUP2, END | Target: SUP2 | Affects: ['ALL']
        MortenaxBladeCRBoost | CR% | Stacks: 1 | Value: 0.200 | Remaining Turns: 1 | TickDown: SUP2, PERM | Target: SUP2 | Affects: ['ALL']
        MortenaxBladeCDBoost | CD% | Stacks: 1 | Value: 0.600 | Remaining Turns: 1 | TickDown: SUP2, PERM | Target: SUP2 | Affects: ['ALL']
        MortenaxBladeDMGReduction | DMG_REDUCTION | Stacks: 1 | Value: 0.500 | Remaining Turns: 1 | TickDown: SUP2, PERM | Target: SUP2 | Affects: ['ALL']
        MortenaxBladeDMGBoost | DMG% | Stacks: 1 | Value: 0.500 | Remaining Turns: 1 | TickDown: SUP2, PERM | Target: SUP2 | Affects: ['ALL']
        MortenaxBladeDMG | DMG% | Stacks: 1 | Value: 0.750 | Remaining Turns: 1 | TickDown: SUP2, PERM | Target: SUP2 | Affects: ['ALL']
        ----------End of Buff List----------

        ----------Enemy Debuffs----------
        MortenaxBladeUltVul | From: SUP2 | VULN | Stacks: 1 | Value: 0.500 | Remaining Turns: 2 | Target: 1 | Targeting: ST | Affects: ['ALL'] | DOT: False | Blast: False
        MortenaxBladeUltShred | From: SUP2 | SHRED | Stacks: 1 | Value: 0.300 | Remaining Turns: 2 | Target: 1 | Targeting: ST | Affects: ['ALL'] | DOT: False | Blast: False
        ResoShred(SUP2) | From: SUP2 | SHRED | Stacks: 1 | Value: 0.160 | Remaining Turns: 1 | Target: 1 | Targeting: ST | Affects: ['ALL'] | DOT: False | Blast: False
        ----------End of Debuff List----------
        ----------Healing List----------
        ----------End of Healing List----------
    GAUGE  - Enemy 1 toughness reduced by 0.000
    RESULT - MortenaxBladeBounceSkill | MortenaxBlade | SUP2 | DMG: 4388.906 | ELADMG: 0.000 | Enemies Hit: [1] | Enemies Broken: [] | WB DMG: 0.000 | Energy: 0.000 | Amount HP Healed: 0.000 | Amount HP Lost: 0.000 | MortenaxBlade Energy: 50/160 | SP: 5 | MaxSP: 5)
    TURN   - MortenaxBladeBounceSkill | MortenaxBlade | SUP2 | ST attack | ['FIR'] | ['SKL'] | Scaling: HP | TargetID: 1 | DMG/BREAK Splits: [0.24, 0]/[5, 0] | Energy Gained: 0 | SP Change: 0

        ----------Char Buffs----------
        GilgameshTrace3ATK | ATK% | Stacks: 1 | Value: 0.200 | Remaining Turns: 1 | TickDown: SUP2, PERM | Target: SUP2 | Affects: ['ALL']
        GilgameshTrace3CD | CD% | Stacks: 1 | Value: 0.200 | Remaining Turns: 1 | TickDown: SUP2, PERM | Target: SUP2 | Affects: ['ALL']
        MasterSmithHP | HP% | Stacks: 1 | Value: 0.120 | Remaining Turns: 1 | TickDown: SUP2, PERM | Target: SUP2 | Affects: ['ALL']
        LushakaERR | ERR% | Stacks: 1 | Value: 0.050 | Remaining Turns: 1 | TickDown: SUP2, PERM | Target: SUP2 | Affects: ['ALL']
        MortenaxBladeTraceCR | CR% | Stacks: 1 | Value: 0.120 | Remaining Turns: 1 | TickDown: SUP2, PERM | Target: SUP2 | Affects: ['ALL']
        MortenaxBladeTraceHP | HP% | Stacks: 1 | Value: 0.100 | Remaining Turns: 1 | TickDown: SUP2, PERM | Target: SUP2 | Affects: ['ALL']
        MortenaxBladeTraceDMG | DMG% | Stacks: 1 | Value: 0.224 | Remaining Turns: 1 | TickDown: SUP2, PERM | Target: SUP2 | Affects: ['ALL']
        KeelCD(SUS) | CD% | Stacks: 1 | Value: 0.100 | Remaining Turns: 1 | TickDown: SUP2, PERM | Target: SUP2 | Affects: ['ALL']
        MasterSmithCD | CD% | Stacks: 1 | Value: 0.280 | Remaining Turns: 1 | TickDown: SUP2, PERM | Target: SUP2 | Affects: ['ALL']
        MasterSmithComburent | DMG% | Stacks: 1 | Value: 0.150 | Remaining Turns: 2 | TickDown: SUP2, END | Target: SUP2 | Affects: ['ALL']
        HuoHuoUltATK | ATK% | Stacks: 1 | Value: 0.400 | Remaining Turns: 1 | TickDown: SUP2, END | Target: SUP2 | Affects: ['ALL']
        HuoHuoUltExtraATK | ATK% | Stacks: 1 | Value: 0.240 | Remaining Turns: 1 | TickDown: SUP2, END | Target: SUP2 | Affects: ['ALL']
        MortenaxBladeCRBoost | CR% | Stacks: 1 | Value: 0.200 | Remaining Turns: 1 | TickDown: SUP2, PERM | Target: SUP2 | Affects: ['ALL']
        MortenaxBladeCDBoost | CD% | Stacks: 1 | Value: 0.600 | Remaining Turns: 1 | TickDown: SUP2, PERM | Target: SUP2 | Affects: ['ALL']
        MortenaxBladeDMGReduction | DMG_REDUCTION | Stacks: 1 | Value: 0.500 | Remaining Turns: 1 | TickDown: SUP2, PERM | Target: SUP2 | Affects: ['ALL']
        MortenaxBladeDMGBoost | DMG% | Stacks: 1 | Value: 0.500 | Remaining Turns: 1 | TickDown: SUP2, PERM | Target: SUP2 | Affects: ['ALL']
        MortenaxBladeDMG | DMG% | Stacks: 1 | Value: 0.750 | Remaining Turns: 1 | TickDown: SUP2, PERM | Target: SUP2 | Affects: ['ALL']
        ----------End of Buff List----------

        ----------Enemy Debuffs----------
        MortenaxBladeUltVul | From: SUP2 | VULN | Stacks: 1 | Value: 0.500 | Remaining Turns: 2 | Target: 1 | Targeting: ST | Affects: ['ALL'] | DOT: False | Blast: False
        MortenaxBladeUltShred | From: SUP2 | SHRED | Stacks: 1 | Value: 0.300 | Remaining Turns: 2 | Target: 1 | Targeting: ST | Affects: ['ALL'] | DOT: False | Blast: False
        ResoShred(SUP2) | From: SUP2 | SHRED | Stacks: 1 | Value: 0.160 | Remaining Turns: 1 | Target: 1 | Targeting: ST | Affects: ['ALL'] | DOT: False | Blast: False
        ----------End of Debuff List----------
        ----------Healing List----------
        ----------End of Healing List----------
    GAUGE  - Enemy 1 toughness reduced by 0.000
    RESULT - MortenaxBladeBounceSkill | MortenaxBlade | SUP2 | DMG: 4388.906 | ELADMG: 0.000 | Enemies Hit: [1] | Enemies Broken: [] | WB DMG: 0.000 | Energy: 0.000 | Amount HP Healed: 0.000 | Amount HP Lost: 0.000 | MortenaxBlade Energy: 50/160 | SP: 5 | MaxSP: 5)
        Buff HuoHuoUltATK expired
        Buff HuoHuoUltExtraATK expired
SPD    > Gilgamesh speed changed to 184.832 | NewAV: 19.852
AV     > MortenaxBlade AV reset to 64.503 | 155.032 SPD

<<< NEW TURN >>>
-   InfiniteFury AV: 0.000 ENERGY: 0.000 MaxHP: 0.000 CurrHp 0.000 ShieldHP: 0.000
-   Gilgamesh AV: 5.832 ENERGY: 141.333 MaxHP: 3134.558 CurrHp 1543.037 ShieldHP: 0.000
-   Saber AV: 10.245 ENERGY: 131.000 MaxHP: 3366.991 CurrHp 2148.846 ShieldHP: 0.000
-   Enemy 0 AV: 23.240 ENERGY: 0.000 MaxHP: 2000000.000 CurrHp 1132225.171 ShieldHP: 0.000
-   Enemy 2 AV: 23.240 ENERGY: 0.000 MaxHP: 2000000.000 CurrHp 1132225.171 ShieldHP: 0.000
-   Enemy 1 AV: 44.996 ENERGY: 0.000 MaxHP: 5000000.000 CurrHp 2570439.015 ShieldHP: 0.000
-   HuoHuo AV: 46.438 ENERGY: 93.905 MaxHP: 6139.808 CurrHp 5096.073 ShieldHP: 0.000
-   MortenaxBlade AV: 50.482 ENERGY: 49.776 MaxHP: 4779.283 CurrHp 1324.495 ShieldHP: 0.000

Combat context set: 3 enemies, 4 players
Combat context initialized: 3 enemies, Elation team size: 0
ACTION > [SUMMON] TotalAV: 207.529 | TurnAV: 14.020 | InfiniteFury
    TURN   - InfiniteFury | InfiniteFury | SUP2 | NA attack | ['FIR'] | ['ALL'] | Scaling: HP | TargetID: -1 | DMG/BREAK Splits: [0, 0]/[0, 0] | Energy Gained: 0 | SP Change: 0

        ----------Char Buffs----------
        GilgameshTrace3ATK | ATK% | Stacks: 1 | Value: 0.200 | Remaining Turns: 1 | TickDown: SUP2, PERM | Target: SUP2 | Affects: ['ALL']
        GilgameshTrace3CD | CD% | Stacks: 1 | Value: 0.200 | Remaining Turns: 1 | TickDown: SUP2, PERM | Target: SUP2 | Affects: ['ALL']
        MasterSmithHP | HP% | Stacks: 1 | Value: 0.120 | Remaining Turns: 1 | TickDown: SUP2, PERM | Target: SUP2 | Affects: ['ALL']
        LushakaERR | ERR% | Stacks: 1 | Value: 0.050 | Remaining Turns: 1 | TickDown: SUP2, PERM | Target: SUP2 | Affects: ['ALL']
        MortenaxBladeTraceCR | CR% | Stacks: 1 | Value: 0.120 | Remaining Turns: 1 | TickDown: SUP2, PERM | Target: SUP2 | Affects: ['ALL']
        MortenaxBladeTraceHP | HP% | Stacks: 1 | Value: 0.100 | Remaining Turns: 1 | TickDown: SUP2, PERM | Target: SUP2 | Affects: ['ALL']
        MortenaxBladeTraceDMG | DMG% | Stacks: 1 | Value: 0.224 | Remaining Turns: 1 | TickDown: SUP2, PERM | Target: SUP2 | Affects: ['ALL']
        KeelCD(SUS) | CD% | Stacks: 1 | Value: 0.100 | Remaining Turns: 1 | TickDown: SUP2, PERM | Target: SUP2 | Affects: ['ALL']
        MasterSmithCD | CD% | Stacks: 1 | Value: 0.280 | Remaining Turns: 1 | TickDown: SUP2, PERM | Target: SUP2 | Affects: ['ALL']
        MasterSmithComburent | DMG% | Stacks: 1 | Value: 0.150 | Remaining Turns: 1 | TickDown: SUP2, END | Target: SUP2 | Affects: ['ALL']
        MortenaxBladeCRBoost | CR% | Stacks: 1 | Value: 0.200 | Remaining Turns: 1 | TickDown: SUP2, PERM | Target: SUP2 | Affects: ['ALL']
        MortenaxBladeCDBoost | CD% | Stacks: 1 | Value: 0.600 | Remaining Turns: 1 | TickDown: SUP2, PERM | Target: SUP2 | Affects: ['ALL']
        MortenaxBladeDMGReduction | DMG_REDUCTION | Stacks: 1 | Value: 0.500 | Remaining Turns: 1 | TickDown: SUP2, PERM | Target: SUP2 | Affects: ['ALL']
        MortenaxBladeDMGBoost | DMG% | Stacks: 1 | Value: 0.500 | Remaining Turns: 1 | TickDown: SUP2, PERM | Target: SUP2 | Affects: ['ALL']
        MortenaxBladeDMG | DMG% | Stacks: 1 | Value: 0.750 | Remaining Turns: 1 | TickDown: SUP2, PERM | Target: SUP2 | Affects: ['ALL']
        ----------End of Buff List----------

        ----------Enemy Debuffs----------
        ----------End of Debuff List----------
        ----------Healing List----------
        ----------End of Healing List----------
    GAUGE  - Enemy 0 toughness reduced by 0.000
    RESULT - InfiniteFury | InfiniteFury | SUP2 | DMG: 0.000 | ELADMG: 0.000 | Enemies Hit: [0] | Enemies Broken: [] | WB DMG: 0.000 | Energy: 0.000 | Amount HP Healed: 0.000 | Amount HP Lost: 0.000 | MortenaxBlade Energy: 50/160 | SP: 5 | MaxSP: 5)
Gilgamesh Obtained 1 Interest from Teammate, Current count: 7
SPD    > Gilgamesh speed changed to 194.532 | NewAV: 5.541
AV     > InfiniteFury AV reset to 10000.000 | 1.000 SPD

<<< NEW TURN >>>
-   Gilgamesh AV: 0.000 ENERGY: 141.333 MaxHP: 3134.558 CurrHp 1543.037 ShieldHP: 0.000
-   Saber AV: 4.704 ENERGY: 131.000 MaxHP: 3366.991 CurrHp 2148.846 ShieldHP: 0.000
-   Enemy 0 AV: 17.700 ENERGY: 0.000 MaxHP: 2000000.000 CurrHp 1132225.171 ShieldHP: 0.000
-   Enemy 2 AV: 17.700 ENERGY: 0.000 MaxHP: 2000000.000 CurrHp 1132225.171 ShieldHP: 0.000
-   Enemy 1 AV: 39.456 ENERGY: 0.000 MaxHP: 5000000.000 CurrHp 2570439.015 ShieldHP: 0.000
-   HuoHuo AV: 40.897 ENERGY: 93.905 MaxHP: 6139.808 CurrHp 5096.073 ShieldHP: 0.000
-   MortenaxBlade AV: 44.942 ENERGY: 120.000 MaxHP: 4779.283 CurrHp 1324.495 ShieldHP: 0.000
-   InfiniteFury AV: 9994.459 ENERGY: 0.000 MaxHP: 0.000 CurrHp 0.000 ShieldHP: 0.000

Combat context set: 3 enemies, 4 players
Combat context initialized: 3 enemies, Elation team size: 0
ACTION > [CHAR] TotalAV: 213.070 | TurnAV: 5.541 | Gilgamesh | E-move
        Buff WarriorGoddessHealCD expired
Gilgamesh JointCounter increased by one, current count: 7
    TURN   - GilgameshSkill | Gilgamesh | SUP1 | BLAST attack | ['LNG'] | ['SKL'] | Scaling: ATK | TargetID: 1 | DMG/BREAK Splits: [2.8, 1.4]/[20, 10] | Energy Gained: 30 | SP Change: 0

        ----------Char Buffs----------
        ScholarCR | CR% | Stacks: 1 | Value: 0.080 | Remaining Turns: 1 | TickDown: SUP1, PERM | Target: SUP1 | Affects: ['ALL']
        ScholarDMG | DMG% | Stacks: 1 | Value: 0.200 | Remaining Turns: 1 | TickDown: SUP1, PERM | Target: SUP1 | Affects: ['SKL', 'ULT']
        GilgameshTraceATK | ATK | Stacks: 1 | Value: 0.180 | Remaining Turns: 1 | TickDown: SUP1, PERM | Target: SUP1 | Affects: ['ALL']
        GilgameshTraceCR | CR% | Stacks: 1 | Value: 0.187 | Remaining Turns: 1 | TickDown: SUP1, PERM | Target: SUP1 | Affects: ['ALL']
        GilgameshTraceDMG | DMG% | Stacks: 1 | Value: 0.080 | Remaining Turns: 1 | TickDown: SUP1, PERM | Target: SUP1 | Affects: ['ALL']
        GilgameshTrace3ATK | ATK% | Stacks: 1 | Value: 0.200 | Remaining Turns: 1 | TickDown: SUP1, PERM | Target: SUP1 | Affects: ['ALL']
        GilgameshTrace3CD | CD% | Stacks: 1 | Value: 0.200 | Remaining Turns: 1 | TickDown: SUP1, PERM | Target: SUP1 | Affects: ['ALL']
        GilgameshTrace3SelfATK | ATK% | Stacks: 1 | Value: 1.000 | Remaining Turns: 1 | TickDown: SUP1, PERM | Target: SUP1 | Affects: ['ALL']
        GilgameshTrace3SelfCD | CD% | Stacks: 1 | Value: 1.000 | Remaining Turns: 1 | TickDown: SUP1, PERM | Target: SUP1 | Affects: ['ALL']
        KeelCD(SUS) | CD% | Stacks: 1 | Value: 0.100 | Remaining Turns: 1 | TickDown: SUP1, PERM | Target: SUP1 | Affects: ['ALL']
        CosmicLifeDMG | DMG% | Stacks: 1 | Value: 0.320 | Remaining Turns: 1 | TickDown: SUP1, PERM | Target: SUP1 | Affects: ['ALL']
        Trace2CDExtra | CD% | Stacks: 1 | Value: 1.500 | Remaining Turns: 1 | TickDown: SUP1, PERM | Target: SUP1 | Affects: ['ALL']
        GilgameshInterestSPD | SPD% | Stacks: 1 | Value: 0.700 | Remaining Turns: 1 | TickDown: SUP2, PERM | Target: SUP1 | Affects: ['ALL']
        MasterSmithComburent | DMG% | Stacks: 1 | Value: 0.150 | Remaining Turns: 2 | TickDown: SUP1, END | Target: SUP1 | Affects: ['ALL']
        MortenaxBladeDMGBoost | DMG% | Stacks: 1 | Value: 0.000 | Remaining Turns: 1 | TickDown: SUP1, PERM | Target: SUP1 | Affects: ['ALL']
        AeonATK | ATK% | Stacks: 1 | Value: 0.480 | Remaining Turns: 1 | TickDown: SUP1, PERM | Target: SUP1 | Affects: ['ALL']
        GilgameshSKLShred | SHRED | Stacks: 1 | Value: 0.300 | Remaining Turns: 3 | TickDown: SUP1, END | Target: SUP1 | Affects: ['ALL']
        ----------End of Buff List----------

        ----------Enemy Debuffs----------
        MortenaxBladeUltVul | From: SUP2 | VULN | Stacks: 1 | Value: 0.500 | Remaining Turns: 2 | Target: 1 | Targeting: ST | Affects: ['ALL'] | DOT: False | Blast: False
        MortenaxBladeUltShred | From: SUP2 | SHRED | Stacks: 1 | Value: 0.300 | Remaining Turns: 2 | Target: 1 | Targeting: ST | Affects: ['ALL'] | DOT: False | Blast: False
        ResoShred(SUP2) | From: SUP2 | SHRED | Stacks: 1 | Value: 0.160 | Remaining Turns: 1 | Target: 1 | Targeting: ST | Affects: ['ALL'] | DOT: False | Blast: False
        ----------End of Debuff List----------
        ----------Healing List----------
        ----------End of Healing List----------
    GAUGE  - Enemy 1 toughness reduced by 0.000
    GAUGE  - Enemy 0 toughness reduced by 0.000
    GAUGE  - Enemy 2 toughness reduced by 0.000
    RESULT - GilgameshSkill | Gilgamesh | SUP1 | DMG: 219675.930 | ELADMG: 0.000 | Enemies Hit: [1, 0, 2] | Enemies Broken: [] | WB DMG: 0.000 | Energy: 30.000 | Amount HP Healed: 0.000 | Amount HP Lost: 0.000 | Gilgamesh Energy: 171/360 | SP: 5 | MaxSP: 5)
SPD    > Gilgamesh speed changed to 126.632 | NewAV: 0.000
AV     > Gilgamesh AV reset to 78.969 | 126.632 SPD

<<< NEW TURN >>>
-   Saber AV: 0.000 ENERGY: 131.000 MaxHP: 3366.991 CurrHp 2148.846 ShieldHP: 0.000
-   Enemy 0 AV: 12.996 ENERGY: 0.000 MaxHP: 2000000.000 CurrHp 1077306.188 ShieldHP: 0.000
-   Enemy 2 AV: 12.996 ENERGY: 0.000 MaxHP: 2000000.000 CurrHp 1077306.188 ShieldHP: 0.000
-   Enemy 1 AV: 34.752 ENERGY: 0.000 MaxHP: 5000000.000 CurrHp 2460601.050 ShieldHP: 0.000
-   HuoHuo AV: 36.193 ENERGY: 93.905 MaxHP: 6139.808 CurrHp 5096.073 ShieldHP: 0.000
-   MortenaxBlade AV: 40.238 ENERGY: 120.000 MaxHP: 4779.283 CurrHp 1324.495 ShieldHP: 0.000
-   Gilgamesh AV: 74.265 ENERGY: 171.333 MaxHP: 3134.558 CurrHp 1543.037 ShieldHP: 0.000
-   InfiniteFury AV: 9989.755 ENERGY: 0.000 MaxHP: 0.000 CurrHp 0.000 ShieldHP: 0.000

Combat context set: 3 enemies, 4 players
Combat context initialized: 3 enemies, Elation team size: 0
ACTION > [CHAR] TotalAV: 217.773 | TurnAV: 4.704 | Saber | E-move
        Buff WarriorGoddessHealCD expired
        Buff ScholarBonusDMG expired
Saber got 3 Core Resonance from Skill, Current Count: 14
    TURN   - SaberSkill | Saber | DPS | BLAST attack | ['WIN'] | ['SKL'] | Scaling: ATK | TargetID: 1 | DMG/BREAK Splits: [1.5, 0.75]/[20, 10] | Energy Gained: 30 | SP Change: -1

        ----------Char Buffs----------
        ThanklessCoronationCD | CR% | Stacks: 1 | Value: 0.360 | Remaining Turns: 1 | TickDown: DPS, PERM | Target: DPS | Affects: ['ALL']
        ScholarCR | CR% | Stacks: 1 | Value: 0.080 | Remaining Turns: 1 | TickDown: DPS, PERM | Target: DPS | Affects: ['ALL']
        ScholarDMG | DMG% | Stacks: 1 | Value: 0.200 | Remaining Turns: 1 | TickDown: DPS, PERM | Target: DPS | Affects: ['SKL', 'ULT']
        SaberTraceHP | HP% | Stacks: 1 | Value: 0.100 | Remaining Turns: 1 | TickDown: DPS, PERM | Target: DPS | Affects: ['ALL']
        SaberTraceCR | CR% | Stacks: 1 | Value: 0.120 | Remaining Turns: 1 | TickDown: DPS, PERM | Target: DPS | Affects: ['ALL']
        SaberTraceDMG | DMG% | Stacks: 1 | Value: 0.224 | Remaining Turns: 1 | TickDown: DPS, PERM | Target: DPS | Affects: ['ALL']
        SaberTrace1CR | CR% | Stacks: 1 | Value: 0.200 | Remaining Turns: 1 | TickDown: DPS, PERM | Target: DPS | Affects: ['ALL']
        GilgameshTrace3ATK | ATK% | Stacks: 1 | Value: 0.200 | Remaining Turns: 1 | TickDown: DPS, PERM | Target: DPS | Affects: ['ALL']
        GilgameshTrace3CD | CD% | Stacks: 1 | Value: 0.200 | Remaining Turns: 1 | TickDown: DPS, PERM | Target: DPS | Affects: ['ALL']
        LushakaATK(SUP2) | ATK% | Stacks: 1 | Value: 0.120 | Remaining Turns: 1 | TickDown: DPS, PERM | Target: DPS | Affects: ['ALL']
        KeelCD(SUS) | CD% | Stacks: 1 | Value: 0.100 | Remaining Turns: 1 | TickDown: DPS, PERM | Target: DPS | Affects: ['ALL']
        CosmicLifeDMG | DMG% | Stacks: 1 | Value: 0.320 | Remaining Turns: 1 | TickDown: DPS, PERM | Target: DPS | Affects: ['ALL']
        Trace3CDExtra | CD% | Stacks: 1 | Value: 0.320 | Remaining Turns: 1 | TickDown: DPS, PERM | Target: DPS | Affects: ['ALL']
        MasterSmithComburent | DMG% | Stacks: 1 | Value: 0.150 | Remaining Turns: 2 | TickDown: DPS, END | Target: DPS | Affects: ['ALL']
        MortenaxBladeDMGBoost | DMG% | Stacks: 1 | Value: 0.000 | Remaining Turns: 1 | TickDown: DPS, PERM | Target: DPS | Affects: ['ALL']
        GilgameshTrace3AllyATK | ATK% | Stacks: 1 | Value: 1.000 | Remaining Turns: 1 | TickDown: DPS, PERM | Target: DPS | Affects: ['ALL']
        GilgameshTrace3AllyCD | CD% | Stacks: 1 | Value: 1.000 | Remaining Turns: 1 | TickDown: DPS, PERM | Target: DPS | Affects: ['ALL']
        TalentDMG | DMG% | Stacks: 1 | Value: 0.600 | Remaining Turns: 2 | TickDown: DPS, END | Target: DPS | Affects: ['ALL']
        Trace3CD | CD% | Stacks: 1 | Value: 0.500 | Remaining Turns: 2 | TickDown: DPS, END | Target: DPS | Affects: ['ALL']
        ----------End of Buff List----------

        ----------Enemy Debuffs----------
        MortenaxBladeUltVul | From: SUP2 | VULN | Stacks: 1 | Value: 0.500 | Remaining Turns: 2 | Target: 1 | Targeting: ST | Affects: ['ALL'] | DOT: False | Blast: False
        MortenaxBladeUltShred | From: SUP2 | SHRED | Stacks: 1 | Value: 0.300 | Remaining Turns: 2 | Target: 1 | Targeting: ST | Affects: ['ALL'] | DOT: False | Blast: False
        ResoShred(SUP2) | From: SUP2 | SHRED | Stacks: 1 | Value: 0.160 | Remaining Turns: 1 | Target: 1 | Targeting: ST | Affects: ['ALL'] | DOT: False | Blast: False
        ----------End of Debuff List----------
        ----------Healing List----------
        ----------End of Healing List----------
    GAUGE  - Enemy 1 toughness reduced by 20.000
    GAUGE  - Enemy 0 toughness reduced by 10.000
    GAUGE  - Enemy 2 toughness reduced by 10.000
    RESULT - SaberSkill | Saber | DPS | DMG: 125237.438 | ELADMG: 0.000 | Enemies Hit: [1, 0, 2] | Enemies Broken: [] | WB DMG: 0.000 | Energy: 30.000 | Amount HP Healed: 0.000 | Amount HP Lost: 0.000 | Saber Energy: 161/360 | SP: 4 | MaxSP: 5)
Gilgamesh Obtained 1 Interest from Teammate, Current count: 1
Gilgamesh JointCounter increased by one, current count: 8
Gilgamesh Obtained 3 Interest from Joint Attack, Current count: 4
    TURN   - GilgameshJointAttack | Gilgamesh | SUP1 | AOE attack | ['LNG'] | ['FUA'] | Scaling: ATK | TargetID: 1 | DMG/BREAK Splits: [4.0, 0]/[20, 0] | Energy Gained: 10 | SP Change: 0

        ----------Char Buffs----------
        ScholarCR | CR% | Stacks: 1 | Value: 0.080 | Remaining Turns: 1 | TickDown: SUP1, PERM | Target: SUP1 | Affects: ['ALL']
        GilgameshTraceATK | ATK | Stacks: 1 | Value: 0.180 | Remaining Turns: 1 | TickDown: SUP1, PERM | Target: SUP1 | Affects: ['ALL']
        GilgameshTraceCR | CR% | Stacks: 1 | Value: 0.187 | Remaining Turns: 1 | TickDown: SUP1, PERM | Target: SUP1 | Affects: ['ALL']
        GilgameshTraceDMG | DMG% | Stacks: 1 | Value: 0.080 | Remaining Turns: 1 | TickDown: SUP1, PERM | Target: SUP1 | Affects: ['ALL']
        GilgameshTrace3ATK | ATK% | Stacks: 1 | Value: 0.200 | Remaining Turns: 1 | TickDown: SUP1, PERM | Target: SUP1 | Affects: ['ALL']
        GilgameshTrace3CD | CD% | Stacks: 1 | Value: 0.200 | Remaining Turns: 1 | TickDown: SUP1, PERM | Target: SUP1 | Affects: ['ALL']
        GilgameshTrace3SelfATK | ATK% | Stacks: 1 | Value: 1.000 | Remaining Turns: 1 | TickDown: SUP1, PERM | Target: SUP1 | Affects: ['ALL']
        GilgameshTrace3SelfCD | CD% | Stacks: 1 | Value: 1.000 | Remaining Turns: 1 | TickDown: SUP1, PERM | Target: SUP1 | Affects: ['ALL']
        KeelCD(SUS) | CD% | Stacks: 1 | Value: 0.100 | Remaining Turns: 1 | TickDown: SUP1, PERM | Target: SUP1 | Affects: ['ALL']
        CosmicLifeDMG | DMG% | Stacks: 1 | Value: 0.320 | Remaining Turns: 1 | TickDown: SUP1, PERM | Target: SUP1 | Affects: ['ALL']
        Trace2CDExtra | CD% | Stacks: 1 | Value: 1.500 | Remaining Turns: 1 | TickDown: SUP1, PERM | Target: SUP1 | Affects: ['ALL']
        GilgameshInterestSPD | SPD% | Stacks: 1 | Value: 0.100 | Remaining Turns: 1 | TickDown: SUP2, PERM | Target: SUP1 | Affects: ['ALL']
        MasterSmithComburent | DMG% | Stacks: 1 | Value: 0.150 | Remaining Turns: 1 | TickDown: SUP1, END | Target: SUP1 | Affects: ['ALL']
        MortenaxBladeDMGBoost | DMG% | Stacks: 1 | Value: 0.000 | Remaining Turns: 1 | TickDown: SUP1, PERM | Target: SUP1 | Affects: ['ALL']
        AeonATK | ATK% | Stacks: 1 | Value: 0.640 | Remaining Turns: 1 | TickDown: SUP1, PERM | Target: SUP1 | Affects: ['ALL']
        GilgameshSKLShred | SHRED | Stacks: 1 | Value: 0.300 | Remaining Turns: 2 | TickDown: SUP1, END | Target: SUP1 | Affects: ['ALL']
        ----------End of Buff List----------

        ----------Enemy Debuffs----------
        MortenaxBladeUltVul | From: SUP2 | VULN | Stacks: 1 | Value: 0.500 | Remaining Turns: 2 | Target: 1 | Targeting: ST | Affects: ['ALL'] | DOT: False | Blast: False
        MortenaxBladeUltShred | From: SUP2 | SHRED | Stacks: 1 | Value: 0.300 | Remaining Turns: 2 | Target: 1 | Targeting: ST | Affects: ['ALL'] | DOT: False | Blast: False
        ResoShred(SUP2) | From: SUP2 | SHRED | Stacks: 1 | Value: 0.160 | Remaining Turns: 1 | Target: 1 | Targeting: ST | Affects: ['ALL'] | DOT: False | Blast: False
        ----------End of Debuff List----------
        ----------Healing List----------
        ----------End of Healing List----------
    GAUGE  - Enemy 0 toughness reduced by 0.000
    GAUGE  - Enemy 1 toughness reduced by 0.000
    GAUGE  - Enemy 2 toughness reduced by 0.000
    RESULT - GilgameshJointAttack | Gilgamesh | SUP1 | DMG: 445989.950 | ELADMG: 0.000 | Enemies Hit: [0, 1, 2] | Enemies Broken: [] | WB DMG: 0.000 | Energy: 10.000 | Amount HP Healed: 0.000 | Amount HP Lost: 0.000 | Gilgamesh Energy: 181/360 | SP: 4 | MaxSP: 5)
    TURN   - SaberJointAttack | Saber | DPS | AOE attack | ['WIN'] | ['FUA'] | Scaling: ATK | TargetID: 1 | DMG/BREAK Splits: [6.0, 0]/[0, 0] | Energy Gained: 120 | SP Change: 0

        ----------Char Buffs----------
        ThanklessCoronationCD | CR% | Stacks: 1 | Value: 0.360 | Remaining Turns: 1 | TickDown: DPS, PERM | Target: DPS | Affects: ['ALL']
        ScholarCR | CR% | Stacks: 1 | Value: 0.080 | Remaining Turns: 1 | TickDown: DPS, PERM | Target: DPS | Affects: ['ALL']
        SaberTraceHP | HP% | Stacks: 1 | Value: 0.100 | Remaining Turns: 1 | TickDown: DPS, PERM | Target: DPS | Affects: ['ALL']
        SaberTraceCR | CR% | Stacks: 1 | Value: 0.120 | Remaining Turns: 1 | TickDown: DPS, PERM | Target: DPS | Affects: ['ALL']
        SaberTraceDMG | DMG% | Stacks: 1 | Value: 0.224 | Remaining Turns: 1 | TickDown: DPS, PERM | Target: DPS | Affects: ['ALL']
        SaberTrace1CR | CR% | Stacks: 1 | Value: 0.200 | Remaining Turns: 1 | TickDown: DPS, PERM | Target: DPS | Affects: ['ALL']
        GilgameshTrace3ATK | ATK% | Stacks: 1 | Value: 0.200 | Remaining Turns: 1 | TickDown: DPS, PERM | Target: DPS | Affects: ['ALL']
        GilgameshTrace3CD | CD% | Stacks: 1 | Value: 0.200 | Remaining Turns: 1 | TickDown: DPS, PERM | Target: DPS | Affects: ['ALL']
        LushakaATK(SUP2) | ATK% | Stacks: 1 | Value: 0.120 | Remaining Turns: 1 | TickDown: DPS, PERM | Target: DPS | Affects: ['ALL']
        KeelCD(SUS) | CD% | Stacks: 1 | Value: 0.100 | Remaining Turns: 1 | TickDown: DPS, PERM | Target: DPS | Affects: ['ALL']
        CosmicLifeDMG | DMG% | Stacks: 1 | Value: 0.320 | Remaining Turns: 1 | TickDown: DPS, PERM | Target: DPS | Affects: ['ALL']
        Trace3CDExtra | CD% | Stacks: 1 | Value: 0.320 | Remaining Turns: 1 | TickDown: DPS, PERM | Target: DPS | Affects: ['ALL']
        MasterSmithComburent | DMG% | Stacks: 1 | Value: 0.150 | Remaining Turns: 2 | TickDown: DPS, END | Target: DPS | Affects: ['ALL']
        MortenaxBladeDMGBoost | DMG% | Stacks: 1 | Value: 0.000 | Remaining Turns: 1 | TickDown: DPS, PERM | Target: DPS | Affects: ['ALL']
        GilgameshTrace3AllyATK | ATK% | Stacks: 1 | Value: 1.000 | Remaining Turns: 1 | TickDown: DPS, PERM | Target: DPS | Affects: ['ALL']
        GilgameshTrace3AllyCD | CD% | Stacks: 1 | Value: 1.000 | Remaining Turns: 1 | TickDown: DPS, PERM | Target: DPS | Affects: ['ALL']
        TalentDMG | DMG% | Stacks: 1 | Value: 0.600 | Remaining Turns: 2 | TickDown: DPS, END | Target: DPS | Affects: ['ALL']
        Trace3CD | CD% | Stacks: 1 | Value: 0.500 | Remaining Turns: 2 | TickDown: DPS, END | Target: DPS | Affects: ['ALL']
        ----------End of Buff List----------

        ----------Enemy Debuffs----------
        MortenaxBladeUltVul | From: SUP2 | VULN | Stacks: 1 | Value: 0.500 | Remaining Turns: 2 | Target: 1 | Targeting: ST | Affects: ['ALL'] | DOT: False | Blast: False
        MortenaxBladeUltShred | From: SUP2 | SHRED | Stacks: 1 | Value: 0.300 | Remaining Turns: 2 | Target: 1 | Targeting: ST | Affects: ['ALL'] | DOT: False | Blast: False
        ResoShred(SUP2) | From: SUP2 | SHRED | Stacks: 1 | Value: 0.160 | Remaining Turns: 1 | Target: 1 | Targeting: ST | Affects: ['ALL'] | DOT: False | Blast: False
        ----------End of Debuff List----------
        ----------Healing List----------
        ----------End of Healing List----------
    GAUGE  - Enemy 0 toughness reduced by 0.000
    GAUGE  - Enemy 1 toughness reduced by 0.000
    GAUGE  - Enemy 2 toughness reduced by 0.000
    RESULT - SaberJointAttack | Saber | DPS | DMG: 699293.100 | ELADMG: 0.000 | Enemies Hit: [0, 1, 2] | Enemies Broken: [] | WB DMG: 0.000 | Energy: 120.000 | Amount HP Healed: 0.000 | Amount HP Lost: 0.000 | Saber Energy: 281/360 | SP: 4 | MaxSP: 5)
Gilgamesh Obtained 1 Interest from Teammate, Current count: 5
SPD    > Gilgamesh speed changed to 175.132 | NewAV: 53.699
AV     > Saber AV reset to 76.551 | 130.632 SPD

<<< NEW TURN >>>
-   Enemy 0 AV: 0.000 ENERGY: 0.000 MaxHP: 2000000.000 CurrHp 664235.812 ShieldHP: 0.000
-   Enemy 2 AV: 0.000 ENERGY: 0.000 MaxHP: 2000000.000 CurrHp 664235.812 ShieldHP: 0.000
-   Enemy 1 AV: 21.756 ENERGY: 0.000 MaxHP: 5000000.000 CurrHp 2016221.315 ShieldHP: 0.000
-   HuoHuo AV: 23.197 ENERGY: 93.905 MaxHP: 6139.808 CurrHp 5096.073 ShieldHP: 0.000
-   MortenaxBlade AV: 27.242 ENERGY: 120.000 MaxHP: 4779.283 CurrHp 1324.495 ShieldHP: 0.000
-   Gilgamesh AV: 40.703 ENERGY: 181.333 MaxHP: 3134.558 CurrHp 1543.037 ShieldHP: 0.000
-   Saber AV: 63.555 ENERGY: 281.000 MaxHP: 3366.991 CurrHp 2148.846 ShieldHP: 0.000
-   InfiniteFury AV: 9976.760 ENERGY: 0.000 MaxHP: 0.000 CurrHp 0.000 ShieldHP: 0.000

Combat context set: 3 enemies, 4 players
Combat context initialized: 3 enemies, Elation team size: 0
ACTION > [ENEMY] TotalAV: 230.769 | TurnAV: 12.996 | Enemy 0 | 1 attacks
    CharEnergy - Saber: Hit 1.667 Total: 282.667 | Gilgamesh: Hit 5.000 Total: 186.333 | MortenaxBlade: Hit 8.333 Total: 130.370 | HuoHuo: Hit 5.000 Total: 100.677 |
    ENEMY  - Enemy 0 [aoe] dealt 261.0 to MortenaxBlade (energy: 3.3, DEF: 2014, atkMul: 1.00, dmgMul: 1.00) | Shield Absorbed: 0.0 | HP Lost: 261.0 | HP: 1064/4779 | Shield HP: 0
    ENEMY  - Enemy 0 [aoe] dealt 116.0 to Saber (energy: 1.7, DEF: 2409, atkMul: 1.00, dmgMul: 1.00) | Shield Absorbed: 0.0 | HP Lost: 116.0 | HP: 2033/3367 | Shield HP: 0
    ENEMY  - Enemy 0 [aoe] dealt 140.2 to Gilgamesh (energy: 1.7, DEF: 1794, atkMul: 1.00, dmgMul: 1.00) | Shield Absorbed: 0.0 | HP Lost: 140.2 | HP: 1403/3135 | Shield HP: 0
    ENEMY  - Enemy 0 [aoe] dealt 130.5 to MortenaxBlade (energy: 1.7, DEF: 2014, atkMul: 1.00, dmgMul: 1.00) | Shield Absorbed: 0.0 | HP Lost: 130.5 | HP: 933/4779 | Shield HP: 0
    ENEMY  - Enemy 0 [aoe] dealt 116.0 to HuoHuo (energy: 1.7, DEF: 2410, atkMul: 1.00, dmgMul: 1.00) | Shield Absorbed: 0.0 | HP Lost: 116.0 | HP: 4980/6140 | Shield HP: 0
    ENEMY  - Enemy 0 [aoe] dealt 261.0 to MortenaxBlade (energy: 3.3, DEF: 2014, atkMul: 1.00, dmgMul: 1.00) | Shield Absorbed: 0.0 | HP Lost: 261.0 | HP: 672/4779 | Shield HP: 0
    ENEMY  - Enemy 0 [aoe] dealt 280.5 to Gilgamesh (energy: 3.3, DEF: 1794, atkMul: 1.00, dmgMul: 1.00) | Shield Absorbed: 0.0 | HP Lost: 280.5 | HP: 1122/3135 | Shield HP: 0
    ENEMY  - Enemy 0 [aoe] dealt 231.9 to HuoHuo (energy: 3.3, DEF: 2410, atkMul: 1.00, dmgMul: 1.00) | Shield Absorbed: 0.0 | HP Lost: 231.9 | HP: 4748/6140 | Shield HP: 0
        Debuff ResoShred(SUP2) expired
AV     > Enemy 0 AV reset to 76.923 | 130.000 SPD

<<< NEW TURN >>>
-   Enemy 2 AV: 0.000 ENERGY: 0.000 MaxHP: 2000000.000 CurrHp 664235.812 ShieldHP: 0.000
-   Enemy 1 AV: 21.756 ENERGY: 0.000 MaxHP: 5000000.000 CurrHp 2016221.315 ShieldHP: 0.000
-   HuoHuo AV: 23.197 ENERGY: 100.677 MaxHP: 6139.808 CurrHp 4748.161 ShieldHP: 0.000
-   MortenaxBlade AV: 27.242 ENERGY: 130.370 MaxHP: 4779.283 CurrHp 672.030 ShieldHP: 0.000
-   Gilgamesh AV: 40.703 ENERGY: 186.333 MaxHP: 3134.558 CurrHp 1122.330 ShieldHP: 0.000
-   Saber AV: 63.555 ENERGY: 282.667 MaxHP: 3366.991 CurrHp 2032.832 ShieldHP: 0.000
-   Enemy 0 AV: 76.923 ENERGY: 0.000 MaxHP: 2000000.000 CurrHp 664235.812 ShieldHP: 0.000
-   InfiniteFury AV: 9976.760 ENERGY: 0.000 MaxHP: 0.000 CurrHp 0.000 ShieldHP: 0.000

Combat context set: 3 enemies, 4 players
Combat context initialized: 3 enemies, Elation team size: 0
ACTION > [ENEMY] TotalAV: 230.769 | TurnAV: 0.000 | Enemy 2 | 1 attacks
    CharEnergy - Saber: Hit 0.000 Total: 282.667 | Gilgamesh: Hit 6.667 Total: 193.000 | MortenaxBlade: Hit 10.000 Total: 142.814 | HuoHuo: Hit 6.667 Total: 109.706 |
    ENEMY  - Enemy 2 [aoe] dealt 261.0 to MortenaxBlade (energy: 3.3, DEF: 2014, atkMul: 1.00, dmgMul: 1.00) | Shield Absorbed: 0.0 | HP Lost: 261.0 | HP: 411/4779 | Shield HP: 0
    ENEMY  - Enemy 2 [aoe] dealt 280.5 to Gilgamesh (energy: 3.3, DEF: 1794, atkMul: 1.00, dmgMul: 1.00) | Shield Absorbed: 0.0 | HP Lost: 280.5 | HP: 842/3135 | Shield HP: 0
    ENEMY  - Enemy 2 [aoe] dealt 231.9 to HuoHuo (energy: 3.3, DEF: 2410, atkMul: 1.00, dmgMul: 1.00) | Shield Absorbed: 0.0 | HP Lost: 231.9 | HP: 4516/6140 | Shield HP: 0
    ENEMY  - Enemy 2 [aoe] dealt 261.0 to MortenaxBlade (energy: 3.3, DEF: 2014, atkMul: 1.00, dmgMul: 1.00) | Shield Absorbed: 0.0 | HP Lost: 261.0 | HP: 150/4779 | Shield HP: 0
    ENEMY  - Enemy 2 [aoe] dealt 280.5 to Gilgamesh (energy: 3.3, DEF: 1794, atkMul: 1.00, dmgMul: 1.00) | Shield Absorbed: 0.0 | HP Lost: 280.5 | HP: 561/3135 | Shield HP: 0
    ENEMY  - Enemy 2 [aoe] dealt 231.9 to HuoHuo (energy: 3.3, DEF: 2410, atkMul: 1.00, dmgMul: 1.00) | Shield Absorbed: 0.0 | HP Lost: 231.9 | HP: 4284/6140 | Shield HP: 0
    ENEMY  - Enemy 2 [aoe] dealt 261.0 to MortenaxBlade (energy: 3.3, DEF: 2014, atkMul: 1.00, dmgMul: 1.00) | Shield Absorbed: 0.0 | HP Lost: 261.0 | HP: 1/4779 | Shield HP: 0
        Debuff ResoShred(SUP2) expired
AV     > Enemy 2 AV reset to 76.923 | 130.000 SPD

<<< NEW TURN >>>
-   Enemy 1 AV: 0.000 ENERGY: 0.000 MaxHP: 5000000.000 CurrHp 2016221.315 ShieldHP: 0.000
-   HuoHuo AV: 1.441 ENERGY: 109.706 MaxHP: 6139.808 CurrHp 4284.278 ShieldHP: 0.000
-   MortenaxBlade AV: 5.486 ENERGY: 142.814 MaxHP: 4779.283 CurrHp 1.000 ShieldHP: 0.000
-   Gilgamesh AV: 18.947 ENERGY: 193.000 MaxHP: 3134.558 CurrHp 561.387 ShieldHP: 0.000
-   Saber AV: 41.799 ENERGY: 282.667 MaxHP: 3366.991 CurrHp 2032.832 ShieldHP: 0.000
-   Enemy 2 AV: 55.167 ENERGY: 0.000 MaxHP: 2000000.000 CurrHp 664235.812 ShieldHP: 0.000
-   Enemy 0 AV: 55.167 ENERGY: 0.000 MaxHP: 2000000.000 CurrHp 664235.812 ShieldHP: 0.000
-   InfiniteFury AV: 9955.004 ENERGY: 0.000 MaxHP: 0.000 CurrHp 0.000 ShieldHP: 0.000

Combat context set: 3 enemies, 4 players
Combat context initialized: 3 enemies, Elation team size: 0
ACTION > [ENEMY] TotalAV: 252.525 | TurnAV: 21.756 | Enemy 1 | 1 attacks
    CharEnergy - Saber: Hit 1.667 Total: 284.333 | Gilgamesh: Hit 8.333 Total: 201.333 | MortenaxBlade: Hit 8.333 Total: 153.184 | HuoHuo: Hit 8.333 Total: 120.993 |
    ENEMY  - Enemy 1 [aoe] dealt 261.0 to MortenaxBlade (energy: 3.3, DEF: 2014, atkMul: 1.00, dmgMul: 1.00) | Shield Absorbed: 0.0 | HP Lost: 261.0 | HP: 1/4779 | Shield HP: 0
    ENEMY  - Enemy 1 [aoe] dealt 280.5 to Gilgamesh (energy: 3.3, DEF: 1794, atkMul: 1.00, dmgMul: 1.00) | Shield Absorbed: 0.0 | HP Lost: 280.5 | HP: 281/3135 | Shield HP: 0
    ENEMY  - Enemy 1 [aoe] dealt 231.9 to HuoHuo (energy: 3.3, DEF: 2410, atkMul: 1.00, dmgMul: 1.00) | Shield Absorbed: 0.0 | HP Lost: 231.9 | HP: 4052/6140 | Shield HP: 0
    ENEMY  - Enemy 1 [aoe] dealt 116.0 to Saber (energy: 1.7, DEF: 2409, atkMul: 1.00, dmgMul: 1.00) | Shield Absorbed: 0.0 | HP Lost: 116.0 | HP: 1917/3367 | Shield HP: 0
    ENEMY  - Enemy 1 [aoe] dealt 140.2 to Gilgamesh (energy: 1.7, DEF: 1794, atkMul: 1.00, dmgMul: 1.00) | Shield Absorbed: 0.0 | HP Lost: 140.2 | HP: 141/3135 | Shield HP: 0
    ENEMY  - Enemy 1 [aoe] dealt 130.5 to MortenaxBlade (energy: 1.7, DEF: 2014, atkMul: 1.00, dmgMul: 1.00) | Shield Absorbed: 0.0 | HP Lost: 130.5 | HP: 1/4779 | Shield HP: 0
    ENEMY  - Enemy 1 [aoe] dealt 116.0 to HuoHuo (energy: 1.7, DEF: 2410, atkMul: 1.00, dmgMul: 1.00) | Shield Absorbed: 0.0 | HP Lost: 116.0 | HP: 3936/6140 | Shield HP: 0
    ENEMY  - Enemy 1 [aoe] dealt 261.0 to MortenaxBlade (energy: 3.3, DEF: 2014, atkMul: 1.00, dmgMul: 1.00) | Shield Absorbed: 0.0 | HP Lost: 261.0 | HP: 1/4779 | Shield HP: 0
    ENEMY  - Enemy 1 [aoe] dealt 280.5 to Gilgamesh (energy: 3.3, DEF: 1794, atkMul: 1.00, dmgMul: 1.00) | Shield Absorbed: 0.0 | HP Lost: 280.5 | HP: 1/3135 | Shield HP: 0
    ENEMY  - Enemy 1 [aoe] dealt 231.9 to HuoHuo (energy: 3.3, DEF: 2410, atkMul: 1.00, dmgMul: 1.00) | Shield Absorbed: 0.0 | HP Lost: 231.9 | HP: 3704/6140 | Shield HP: 0
        Debuff ResoShred(SUP2) expired
AV     > Enemy 1 AV reset to 63.131 | 158.400 SPD

<<< NEW TURN >>>
-   HuoHuo AV: 0.000 ENERGY: 120.993 MaxHP: 6139.808 CurrHp 3704.426 ShieldHP: 0.000
-   MortenaxBlade AV: 4.045 ENERGY: 153.184 MaxHP: 4779.283 CurrHp 1.000 ShieldHP: 0.000
-   Gilgamesh AV: 17.506 ENERGY: 201.333 MaxHP: 3134.558 CurrHp 1.000 ShieldHP: 0.000
-   Saber AV: 40.358 ENERGY: 284.333 MaxHP: 3366.991 CurrHp 1916.819 ShieldHP: 0.000
-   Enemy 2 AV: 53.726 ENERGY: 0.000 MaxHP: 2000000.000 CurrHp 664235.812 ShieldHP: 0.000
-   Enemy 0 AV: 53.726 ENERGY: 0.000 MaxHP: 2000000.000 CurrHp 664235.812 ShieldHP: 0.000
-   Enemy 1 AV: 61.690 ENERGY: 0.000 MaxHP: 5000000.000 CurrHp 2016221.315 ShieldHP: 0.000
-   InfiniteFury AV: 9953.562 ENERGY: 0.000 MaxHP: 0.000 CurrHp 0.000 ShieldHP: 0.000

Combat context set: 3 enemies, 4 players
Combat context initialized: 3 enemies, Elation team size: 0
ACTION > [CHAR] TotalAV: 253.966 | TurnAV: 1.441 | HuoHuo | E-move
    TURN   - HuoHuoSkill | HuoHuo | SUS | NA attack | ['WIN'] | ['SKL'] | Scaling: HP | TargetID: -1 | DMG/BREAK Splits: [0, 0]/[0, 0] | Energy Gained: 30 | SP Change: -1

        ----------Char Buffs----------
        GilgameshTrace3ATK | ATK% | Stacks: 1 | Value: 0.200 | Remaining Turns: 1 | TickDown: SUS, PERM | Target: SUS | Affects: ['ALL']
        GilgameshTrace3CD | CD% | Stacks: 1 | Value: 0.200 | Remaining Turns: 1 | TickDown: SUS, PERM | Target: SUS | Affects: ['ALL']
        PostOpERR | ERR% | Stacks: 1 | Value: 0.160 | Remaining Turns: 1 | TickDown: SUS, PERM | Target: SUS | Affects: ['ALL']
        WarriorGoddessSPD | SPD% | Stacks: 1 | Value: 0.060 | Remaining Turns: 1 | TickDown: SUS, PERM | Target: SUS | Affects: ['ALL']
        KeelEFFRES | ERS% | Stacks: 1 | Value: 0.100 | Remaining Turns: 1 | TickDown: SUS, PERM | Target: SUS | Affects: ['ALL']
        KeelCD(SUS) | CD% | Stacks: 1 | Value: 0.100 | Remaining Turns: 1 | TickDown: SUS, PERM | Target: SUS | Affects: ['ALL']
        HHTraceHP | HP% | Stacks: 1 | Value: 0.280 | Remaining Turns: 1 | TickDown: SUS, PERM | Target: SUS | Affects: ['ALL']
        HHTraceERS | ERS% | Stacks: 1 | Value: 0.180 | Remaining Turns: 1 | TickDown: SUS, PERM | Target: SUS | Affects: ['ALL']
        HHTraceSPD | SPD | Stacks: 1 | Value: 5.000 | Remaining Turns: 1 | TickDown: SUS, PERM | Target: SUS | Affects: ['ALL']
        MasterSmithComburent | DMG% | Stacks: 1 | Value: 0.150 | Remaining Turns: 2 | TickDown: SUS, END | Target: SUS | Affects: ['ALL']
        MortenaxBladeDMGBoost | DMG% | Stacks: 1 | Value: 0.000 | Remaining Turns: 1 | TickDown: SUS, PERM | Target: SUS | Affects: ['ALL']
        ----------End of Buff List----------

        ----------Enemy Debuffs----------
        ----------End of Debuff List----------
        ----------Healing List----------
        HuoHuoSkillHealingScaling | Targeting: Targeting.BLAST | Healing Value: [0.24] | Target: ALL
        HuoHuoSkillHealingScaling | Targeting: Targeting.BLAST | Healing Value: [0.24] | Target: ALL
        HuoHuoSkillHealingScaling | Targeting: Targeting.BLAST | Healing Value: [0.24] | Target: ALL
        HuoHuoSkillHealingScaling | Targeting: Targeting.BLAST | Healing Value: [0.24] | Target: ALL
        HuoHuoSkillHealingScaling | Targeting: Targeting.BLAST | Healing Value: [0.24] | Target: ALL
        HuoHuoSkillHealingScaling | Targeting: Targeting.BLAST | Healing Value: [0.24] | Target: ALL
        HuoHuoSkillHealingFlat | Targeting: Targeting.BLAST | Healing Value: [640] | Target: ALL
        HuoHuoSkillHealingFlat | Targeting: Targeting.BLAST | Healing Value: [640] | Target: ALL
        HuoHuoSkillHealingFlat | Targeting: Targeting.BLAST | Healing Value: [640] | Target: ALL
        HuoHuoSkillHealingFlat | Targeting: Targeting.BLAST | Healing Value: [640] | Target: ALL
        HuoHuoSkillHealingFlat | Targeting: Targeting.BLAST | Healing Value: [640] | Target: ALL
        HuoHuoSkillHealingFlat | Targeting: Targeting.BLAST | Healing Value: [640] | Target: ALL
        ----------End of Healing List----------
    GAUGE  - Enemy 0 toughness reduced by 0.000
    RESULT - HuoHuoSkill | HuoHuo | SUS | DMG: 0.000 | ELADMG: 0.000 | Enemies Hit: [0] | Enemies Broken: [] | WB DMG: 0.000 | Energy: 40.632 | Amount HP Healed: 7931.292 | Amount HP Lost: 0.000 | HuoHuo Energy: 140/140 | SP: 3 | MaxSP: 5)
Gilgamesh Obtained 1 Interest from Teammate, Current count: 6
ADV    > Saber advanced by 100.000% from Trace1Advance | NewAV: 0.000 | Priority: 20
ULT    > HuoHuo used their ultimate
    TURN   - HuoHuoUlt | HuoHuo | SUS | NA attack | ['WIN'] | ['ULT'] | Scaling: HP | TargetID: -1 | DMG/BREAK Splits: [0, 0]/[0, 0] | Energy Gained: 5 | SP Change: 0

        ----------Char Buffs----------
        GilgameshTrace3ATK | ATK% | Stacks: 1 | Value: 0.200 | Remaining Turns: 1 | TickDown: SUS, PERM | Target: SUS | Affects: ['ALL']
        GilgameshTrace3CD | CD% | Stacks: 1 | Value: 0.200 | Remaining Turns: 1 | TickDown: SUS, PERM | Target: SUS | Affects: ['ALL']
        PostOpERR | ERR% | Stacks: 1 | Value: 0.160 | Remaining Turns: 1 | TickDown: SUS, PERM | Target: SUS | Affects: ['ALL']
        PostOpOGH | OGH% | Stacks: 1 | Value: 0.240 | Remaining Turns: 1 | TickDown: SUS, PERM | Target: SUS | Affects: ['ULT']
        WarriorGoddessSPD | SPD% | Stacks: 1 | Value: 0.060 | Remaining Turns: 1 | TickDown: SUS, PERM | Target: SUS | Affects: ['ALL']
        KeelEFFRES | ERS% | Stacks: 1 | Value: 0.100 | Remaining Turns: 1 | TickDown: SUS, PERM | Target: SUS | Affects: ['ALL']
        KeelCD(SUS) | CD% | Stacks: 1 | Value: 0.100 | Remaining Turns: 1 | TickDown: SUS, PERM | Target: SUS | Affects: ['ALL']
        HHTraceHP | HP% | Stacks: 1 | Value: 0.280 | Remaining Turns: 1 | TickDown: SUS, PERM | Target: SUS | Affects: ['ALL']
        HHTraceERS | ERS% | Stacks: 1 | Value: 0.180 | Remaining Turns: 1 | TickDown: SUS, PERM | Target: SUS | Affects: ['ALL']
        HHTraceSPD | SPD | Stacks: 1 | Value: 5.000 | Remaining Turns: 1 | TickDown: SUS, PERM | Target: SUS | Affects: ['ALL']
        MasterSmithComburent | DMG% | Stacks: 1 | Value: 0.150 | Remaining Turns: 2 | TickDown: SUS, END | Target: SUS | Affects: ['ALL']
        MortenaxBladeDMGBoost | DMG% | Stacks: 1 | Value: 0.000 | Remaining Turns: 1 | TickDown: SUS, PERM | Target: SUS | Affects: ['ALL']
        WarriorGoddessHealSPD | SPD% | Stacks: 1 | Value: 0.060 | Remaining Turns: 2 | TickDown: SUS, START | Target: SUS | Affects: ['ALL']
        WarriorGoddessHealCD | CD% | Stacks: 1 | Value: 0.150 | Remaining Turns: 2 | TickDown: SUS, START | Target: SUS | Affects: ['ALL']
        ----------End of Buff List----------

        ----------Enemy Debuffs----------
        ----------End of Debuff List----------
        ----------Healing List----------
        ----------End of Healing List----------
    GAUGE  - Enemy 0 toughness reduced by 0.000
    RESULT - HuoHuoUlt | HuoHuo | SUS | DMG: 0.000 | ELADMG: 0.000 | Enemies Hit: [0] | Enemies Broken: [] | WB DMG: 0.000 | Energy: 6.772 | Amount HP Healed: 0.000 | Amount HP Lost: 0.000 | HuoHuo Energy: 7/140 | SP: 4 | MaxSP: 5)
Saber got 3 Core Resonance from Talent, Current Count: 17
Gilgamesh Obtained 2 Interest from Teammate Ult, Current count: 8
Gilgamesh Obtained 42.0 Energy from Teammate
Gilgamesh Obtained 1 Interest from Teammate, Current count: 9
ERR    > 72.000 energy added to Saber from HuoHuoERR | Saber Energy: 356.333
ERR    > 72.000 energy added to Gilgamesh from HuoHuoERR | Gilgamesh Energy: 273.333
ERR    > 32.000 energy added to MortenaxBlade from HuoHuoERR | MortenaxBlade Energy: 160.000
ERR    > 42.000 energy added to Gilgamesh from GilgameshTrace1ERRAlly3 | Gilgamesh Energy: 315.333
ULT    > MortenaxBlade used their ultimate
MortenaxBlade transferred 25.2 overflow energy on Ult entry
    TURN   - MortenaxBladeUlt | MortenaxBlade | SUP2 | NA attack | ['FIR'] | ['ALL'] | Scaling: HP | TargetID: 1 | DMG/BREAK Splits: [0, 0]/[0, 0] | Energy Gained: 5 | SP Change: 0

        ----------Char Buffs----------
        GilgameshTrace3ATK | ATK% | Stacks: 1 | Value: 0.200 | Remaining Turns: 1 | TickDown: SUP2, PERM | Target: SUP2 | Affects: ['ALL']
        GilgameshTrace3CD | CD% | Stacks: 1 | Value: 0.200 | Remaining Turns: 1 | TickDown: SUP2, PERM | Target: SUP2 | Affects: ['ALL']
        MasterSmithHP | HP% | Stacks: 1 | Value: 0.120 | Remaining Turns: 1 | TickDown: SUP2, PERM | Target: SUP2 | Affects: ['ALL']
        LushakaERR | ERR% | Stacks: 1 | Value: 0.050 | Remaining Turns: 1 | TickDown: SUP2, PERM | Target: SUP2 | Affects: ['ALL']
        MortenaxBladeTraceCR | CR% | Stacks: 1 | Value: 0.120 | Remaining Turns: 1 | TickDown: SUP2, PERM | Target: SUP2 | Affects: ['ALL']
        MortenaxBladeTraceHP | HP% | Stacks: 1 | Value: 0.100 | Remaining Turns: 1 | TickDown: SUP2, PERM | Target: SUP2 | Affects: ['ALL']
        MortenaxBladeTraceDMG | DMG% | Stacks: 1 | Value: 0.224 | Remaining Turns: 1 | TickDown: SUP2, PERM | Target: SUP2 | Affects: ['ALL']
        KeelCD(SUS) | CD% | Stacks: 1 | Value: 0.100 | Remaining Turns: 1 | TickDown: SUP2, PERM | Target: SUP2 | Affects: ['ALL']
        MasterSmithCD | CD% | Stacks: 1 | Value: 0.280 | Remaining Turns: 1 | TickDown: SUP2, PERM | Target: SUP2 | Affects: ['ALL']
        MasterSmithComburent | DMG% | Stacks: 1 | Value: 0.150 | Remaining Turns: 1 | TickDown: SUP2, END | Target: SUP2 | Affects: ['ALL']
        MortenaxBladeCRBoost | CR% | Stacks: 1 | Value: 0.200 | Remaining Turns: 1 | TickDown: SUP2, PERM | Target: SUP2 | Affects: ['ALL']
        MortenaxBladeCDBoost | CD% | Stacks: 1 | Value: 0.600 | Remaining Turns: 1 | TickDown: SUP2, PERM | Target: SUP2 | Affects: ['ALL']
        MortenaxBladeDMGReduction | DMG_REDUCTION | Stacks: 1 | Value: 0.500 | Remaining Turns: 1 | TickDown: SUP2, PERM | Target: SUP2 | Affects: ['ALL']
        MortenaxBladeDMGBoost | DMG% | Stacks: 1 | Value: 0.500 | Remaining Turns: 1 | TickDown: SUP2, PERM | Target: SUP2 | Affects: ['ALL']
        MortenaxBladeDMG | DMG% | Stacks: 1 | Value: 0.750 | Remaining Turns: 1 | TickDown: SUP2, PERM | Target: SUP2 | Affects: ['ALL']
        WarriorGoddessHealCD | CD% | Stacks: 1 | Value: 0.150 | Remaining Turns: 2 | TickDown: SUP2, START | Target: SUP2 | Affects: ['ALL']
        HuoHuoUltATK | ATK% | Stacks: 1 | Value: 0.400 | Remaining Turns: 2 | TickDown: SUP2, END | Target: SUP2 | Affects: ['ALL']
        HuoHuoUltExtraATK | ATK% | Stacks: 1 | Value: 0.240 | Remaining Turns: 2 | TickDown: SUP2, END | Target: SUP2 | Affects: ['ALL']
        ----------End of Buff List----------

        ----------Enemy Debuffs----------
        MortenaxBladeUltVul | From: SUP2 | VULN | Stacks: 1 | Value: 0.500 | Remaining Turns: 2 | Target: 1 | Targeting: ST | Affects: ['ALL'] | DOT: False | Blast: False
        MortenaxBladeUltShred | From: SUP2 | SHRED | Stacks: 1 | Value: 0.300 | Remaining Turns: 2 | Target: 1 | Targeting: ST | Affects: ['ALL'] | DOT: False | Blast: False
        ResoShred(SUP2) | From: SUP2 | SHRED | Stacks: 1 | Value: 0.160 | Remaining Turns: 1 | Target: 1 | Targeting: AOE | Affects: ['ALL'] | DOT: False | Blast: False
        ----------End of Debuff List----------
        ----------Healing List----------
        ----------End of Healing List----------
    GAUGE  - Enemy 1 toughness reduced by 0.000
    RESULT - MortenaxBladeUlt | MortenaxBlade | SUP2 | DMG: 0.000 | ELADMG: 0.000 | Enemies Hit: [1] | Enemies Broken: [] | WB DMG: 0.000 | Energy: 6.222 | Amount HP Healed: 0.000 | Amount HP Lost: 0.000 | MortenaxBlade Energy: 31/160 | SP: 4 | MaxSP: 5)
Saber got 3 Core Resonance from Talent, Current Count: 20
Gilgamesh Obtained 2 Interest from Teammate Ult, Current count: 11
Gilgamesh Obtained 48.0 Energy from Teammate
Gilgamesh Obtained 1 Interest from Teammate, Current count: 12
    TURN   - HuoHuoAllyERR | HuoHuo | SUS | NA attack | ['WIN'] | ['SPECIAL'] | Scaling: HP | TargetID: 1 | DMG/BREAK Splits: [0, 0]/[0, 0] | Energy Gained: 1 | SP Change: 0

        ----------Char Buffs----------
        GilgameshTrace3ATK | ATK% | Stacks: 1 | Value: 0.200 | Remaining Turns: 1 | TickDown: SUS, PERM | Target: SUS | Affects: ['ALL']
        GilgameshTrace3CD | CD% | Stacks: 1 | Value: 0.200 | Remaining Turns: 1 | TickDown: SUS, PERM | Target: SUS | Affects: ['ALL']
        PostOpERR | ERR% | Stacks: 1 | Value: 0.160 | Remaining Turns: 1 | TickDown: SUS, PERM | Target: SUS | Affects: ['ALL']
        WarriorGoddessSPD | SPD% | Stacks: 1 | Value: 0.060 | Remaining Turns: 1 | TickDown: SUS, PERM | Target: SUS | Affects: ['ALL']
        KeelEFFRES | ERS% | Stacks: 1 | Value: 0.100 | Remaining Turns: 1 | TickDown: SUS, PERM | Target: SUS | Affects: ['ALL']
        KeelCD(SUS) | CD% | Stacks: 1 | Value: 0.100 | Remaining Turns: 1 | TickDown: SUS, PERM | Target: SUS | Affects: ['ALL']
        HHTraceHP | HP% | Stacks: 1 | Value: 0.280 | Remaining Turns: 1 | TickDown: SUS, PERM | Target: SUS | Affects: ['ALL']
        HHTraceERS | ERS% | Stacks: 1 | Value: 0.180 | Remaining Turns: 1 | TickDown: SUS, PERM | Target: SUS | Affects: ['ALL']
        HHTraceSPD | SPD | Stacks: 1 | Value: 5.000 | Remaining Turns: 1 | TickDown: SUS, PERM | Target: SUS | Affects: ['ALL']
        MasterSmithComburent | DMG% | Stacks: 1 | Value: 0.150 | Remaining Turns: 2 | TickDown: SUS, END | Target: SUS | Affects: ['ALL']
        MortenaxBladeDMGBoost | DMG% | Stacks: 1 | Value: 0.500 | Remaining Turns: 1 | TickDown: SUS, PERM | Target: SUS | Affects: ['ALL']
        WarriorGoddessHealSPD | SPD% | Stacks: 1 | Value: 0.060 | Remaining Turns: 2 | TickDown: SUS, START | Target: SUS | Affects: ['ALL']
        WarriorGoddessHealCD | CD% | Stacks: 1 | Value: 0.150 | Remaining Turns: 2 | TickDown: SUS, START | Target: SUS | Affects: ['ALL']
        ----------End of Buff List----------

        ----------Enemy Debuffs----------
        MortenaxBladeUltVul | From: SUP2 | VULN | Stacks: 1 | Value: 0.500 | Remaining Turns: 2 | Target: 1 | Targeting: ST | Affects: ['ALL'] | DOT: False | Blast: False
        MortenaxBladeUltShred | From: SUP2 | SHRED | Stacks: 1 | Value: 0.300 | Remaining Turns: 2 | Target: 1 | Targeting: ST | Affects: ['ALL'] | DOT: False | Blast: False
        ResoShred(SUP2) | From: SUP2 | SHRED | Stacks: 1 | Value: 0.160 | Remaining Turns: 1 | Target: 1 | Targeting: AOE | Affects: ['ALL'] | DOT: False | Blast: False
        ----------End of Debuff List----------
        ----------Healing List----------
        HuoHuoTalentHealingScaling | Targeting: Targeting.SINGLE | Healing Value: [0] | Target: ALL
        HuoHuoTalentHealingScaling | Targeting: Targeting.SINGLE | Healing Value: [0] | Target: ALL
        HuoHuoTalentHealingScaling | Targeting: Targeting.SINGLE | Healing Value: [0.045] | Target: ALL
        HuoHuoTalentHealingScaling | Targeting: Targeting.SINGLE | Healing Value: [0] | Target: ALL
        HuoHuoTalentHealingFlat | Targeting: Targeting.SINGLE | Healing Value: [0] | Target: ALL
        HuoHuoTalentHealingFlat | Targeting: Targeting.SINGLE | Healing Value: [0] | Target: ALL
        HuoHuoTalentHealingFlat | Targeting: Targeting.SINGLE | Healing Value: [120] | Target: ALL
        HuoHuoTalentHealingFlat | Targeting: Targeting.SINGLE | Healing Value: [0] | Target: ALL
        ----------End of Healing List----------
    GAUGE  - Enemy 1 toughness reduced by 0.000
    RESULT - HuoHuoAllyERR | HuoHuo | SUS | DMG: 0.000 | ELADMG: 0.000 | Enemies Hit: [1] | Enemies Broken: [] | WB DMG: 0.000 | Energy: 1.354 | Amount HP Healed: 371.779 | Amount HP Lost: 0.000 | HuoHuo Energy: 8/140 | SP: 4 | MaxSP: 5)
ERR    > 48.000 energy added to Gilgamesh from GilgameshTrace1ERRAlly2 | Gilgamesh Energy: 360.000
SPD    > Gilgamesh speed changed to 243.032 | NewAV: 12.615
SPD    > HuoHuo speed changed to 160.492 | NewAV: 0.000
AV     > HuoHuo AV reset to 62.308 | 160.492 SPD

<<< NEW TURN >>>
-   Saber AV: 0.000 ENERGY: 356.333 MaxHP: 3366.991 CurrHp 3366.991 ShieldHP: 0.000
-   MortenaxBlade AV: 4.045 ENERGY: 31.406 MaxHP: 4779.283 CurrHp 1399.746 ShieldHP: 0.000
-   Gilgamesh AV: 12.615 ENERGY: 360.000 MaxHP: 3134.558 CurrHp 1983.823 ShieldHP: 0.000
-   Enemy 2 AV: 53.726 ENERGY: 0.000 MaxHP: 2000000.000 CurrHp 664235.812 ShieldHP: 0.000
-   Enemy 0 AV: 53.726 ENERGY: 0.000 MaxHP: 2000000.000 CurrHp 664235.812 ShieldHP: 0.000
-   Enemy 1 AV: 61.690 ENERGY: 0.000 MaxHP: 5000000.000 CurrHp 2016221.315 ShieldHP: 0.000
-   HuoHuo AV: 62.308 ENERGY: 8.126 MaxHP: 6139.808 CurrHp 5687.249 ShieldHP: 0.000
-   InfiniteFury AV: 142.857 ENERGY: 0.000 MaxHP: 0.000 CurrHp 0.000 ShieldHP: 0.000

Combat context set: 3 enemies, 4 players
Combat context initialized: 3 enemies, Elation team size: 0
ULT    > Gilgamesh used their ultimate
Gilgamesh Obtained 2 Interest from Ult, Current count: 14
Gilgamesh JointCounter increased by one, current count: 1
    TURN   - GilgameshUltAll | Gilgamesh | SUP1 | AOE attack | ['LNG'] | ['ULT'] | Scaling: ATK | TargetID: 1 | DMG/BREAK Splits: [4.0, 0]/[40, 0] | Energy Gained: 0 | SP Change: 0

        ----------Char Buffs----------
        ScholarCR | CR% | Stacks: 1 | Value: 0.080 | Remaining Turns: 1 | TickDown: SUP1, PERM | Target: SUP1 | Affects: ['ALL']
        ScholarDMG | DMG% | Stacks: 1 | Value: 0.200 | Remaining Turns: 1 | TickDown: SUP1, PERM | Target: SUP1 | Affects: ['SKL', 'ULT']
        GilgameshTraceATK | ATK | Stacks: 1 | Value: 0.180 | Remaining Turns: 1 | TickDown: SUP1, PERM | Target: SUP1 | Affects: ['ALL']
        GilgameshTraceCR | CR% | Stacks: 1 | Value: 0.187 | Remaining Turns: 1 | TickDown: SUP1, PERM | Target: SUP1 | Affects: ['ALL']
        GilgameshTraceDMG | DMG% | Stacks: 1 | Value: 0.080 | Remaining Turns: 1 | TickDown: SUP1, PERM | Target: SUP1 | Affects: ['ALL']
        GilgameshTrace3ATK | ATK% | Stacks: 1 | Value: 0.200 | Remaining Turns: 1 | TickDown: SUP1, PERM | Target: SUP1 | Affects: ['ALL']
        GilgameshTrace3CD | CD% | Stacks: 1 | Value: 0.200 | Remaining Turns: 1 | TickDown: SUP1, PERM | Target: SUP1 | Affects: ['ALL']
        GilgameshTrace3SelfATK | ATK% | Stacks: 1 | Value: 1.000 | Remaining Turns: 1 | TickDown: SUP1, PERM | Target: SUP1 | Affects: ['ALL']
        GilgameshTrace3SelfCD | CD% | Stacks: 1 | Value: 1.000 | Remaining Turns: 1 | TickDown: SUP1, PERM | Target: SUP1 | Affects: ['ALL']
        KeelCD(SUS) | CD% | Stacks: 1 | Value: 0.100 | Remaining Turns: 1 | TickDown: SUP1, PERM | Target: SUP1 | Affects: ['ALL']
        CosmicLifeDMG | DMG% | Stacks: 1 | Value: 0.320 | Remaining Turns: 1 | TickDown: SUP1, PERM | Target: SUP1 | Affects: ['ALL']
        Trace2CDExtra | CD% | Stacks: 1 | Value: 1.500 | Remaining Turns: 1 | TickDown: SUP1, PERM | Target: SUP1 | Affects: ['ALL']
        GilgameshInterestSPD | SPD% | Stacks: 1 | Value: 1.200 | Remaining Turns: 1 | TickDown: SUP2, PERM | Target: SUP1 | Affects: ['ALL']
        MasterSmithComburent | DMG% | Stacks: 1 | Value: 0.150 | Remaining Turns: 2 | TickDown: SUP1, END | Target: SUP1 | Affects: ['ALL']
        GilgameshUltDmg | DMG% | Stacks: 1 | Value: 0.400 | Remaining Turns: 3 | TickDown: SUP1, END | Target: SUP1 | Affects: ['ULT']
        MortenaxBladeDMGBoost | DMG% | Stacks: 1 | Value: 0.500 | Remaining Turns: 1 | TickDown: SUP1, PERM | Target: SUP1 | Affects: ['ALL']
        AeonATK | ATK% | Stacks: 1 | Value: 0.640 | Remaining Turns: 1 | TickDown: SUP1, PERM | Target: SUP1 | Affects: ['ALL']
        GilgameshSKLShred | SHRED | Stacks: 1 | Value: 0.300 | Remaining Turns: 2 | TickDown: SUP1, END | Target: SUP1 | Affects: ['ALL']
        WarriorGoddessHealCD | CD% | Stacks: 1 | Value: 0.150 | Remaining Turns: 2 | TickDown: SUP1, START | Target: SUP1 | Affects: ['ALL']
        HuoHuoUltATK | ATK% | Stacks: 1 | Value: 0.400 | Remaining Turns: 2 | TickDown: SUP1, END | Target: SUP1 | Affects: ['ALL']
        HuoHuoUltExtraATK | ATK% | Stacks: 1 | Value: 0.240 | Remaining Turns: 2 | TickDown: SUP1, END | Target: SUP1 | Affects: ['ALL']
        ----------End of Buff List----------

        ----------Enemy Debuffs----------
        MortenaxBladeUltVul | From: SUP2 | VULN | Stacks: 1 | Value: 0.500 | Remaining Turns: 2 | Target: 1 | Targeting: ST | Affects: ['ALL'] | DOT: False | Blast: False
        MortenaxBladeUltShred | From: SUP2 | SHRED | Stacks: 1 | Value: 0.300 | Remaining Turns: 2 | Target: 1 | Targeting: ST | Affects: ['ALL'] | DOT: False | Blast: False
        ResoShred(SUP2) | From: SUP2 | SHRED | Stacks: 1 | Value: 0.160 | Remaining Turns: 1 | Target: 1 | Targeting: AOE | Affects: ['ALL'] | DOT: False | Blast: False
        ----------End of Debuff List----------
        ----------Healing List----------
        ----------End of Healing List----------
    GAUGE  - Enemy 0 toughness reduced by 0.000
    GAUGE  - Enemy 1 toughness reduced by 0.000
    GAUGE  - Enemy 2 toughness reduced by 0.000
    RESULT - GilgameshUltAll | Gilgamesh | SUP1 | DMG: 844706.945 | ELADMG: 0.000 | Enemies Hit: [0, 1, 2] | Enemies Broken: [] | WB DMG: 0.000 | Energy: 0.000 | Amount HP Healed: 0.000 | Amount HP Lost: 0.000 | Gilgamesh Energy: 0/360 | SP: 4 | MaxSP: 5)
Saber got 3 Core Resonance from Talent, Current Count: 23
MortenaxBlade has obtained 1 Charge. Current Charge count: 8.
    TURN   - GilgameshUltSingle | Gilgamesh | SUP1 | ST attack | ['LNG'] | ['ULT'] | Scaling: ATK | TargetID: 1 | DMG/BREAK Splits: [10.0, 0]/[20, 0] | Energy Gained: 5 | SP Change: 0

        ----------Char Buffs----------
        ScholarCR | CR% | Stacks: 1 | Value: 0.080 | Remaining Turns: 1 | TickDown: SUP1, PERM | Target: SUP1 | Affects: ['ALL']
        ScholarDMG | DMG% | Stacks: 1 | Value: 0.200 | Remaining Turns: 1 | TickDown: SUP1, PERM | Target: SUP1 | Affects: ['SKL', 'ULT']
        GilgameshTraceATK | ATK | Stacks: 1 | Value: 0.180 | Remaining Turns: 1 | TickDown: SUP1, PERM | Target: SUP1 | Affects: ['ALL']
        GilgameshTraceCR | CR% | Stacks: 1 | Value: 0.187 | Remaining Turns: 1 | TickDown: SUP1, PERM | Target: SUP1 | Affects: ['ALL']
        GilgameshTraceDMG | DMG% | Stacks: 1 | Value: 0.080 | Remaining Turns: 1 | TickDown: SUP1, PERM | Target: SUP1 | Affects: ['ALL']
        GilgameshTrace3ATK | ATK% | Stacks: 1 | Value: 0.200 | Remaining Turns: 1 | TickDown: SUP1, PERM | Target: SUP1 | Affects: ['ALL']
        GilgameshTrace3CD | CD% | Stacks: 1 | Value: 0.200 | Remaining Turns: 1 | TickDown: SUP1, PERM | Target: SUP1 | Affects: ['ALL']
        GilgameshTrace3SelfATK | ATK% | Stacks: 1 | Value: 1.000 | Remaining Turns: 1 | TickDown: SUP1, PERM | Target: SUP1 | Affects: ['ALL']
        GilgameshTrace3SelfCD | CD% | Stacks: 1 | Value: 1.000 | Remaining Turns: 1 | TickDown: SUP1, PERM | Target: SUP1 | Affects: ['ALL']
        KeelCD(SUS) | CD% | Stacks: 1 | Value: 0.100 | Remaining Turns: 1 | TickDown: SUP1, PERM | Target: SUP1 | Affects: ['ALL']
        CosmicLifeDMG | DMG% | Stacks: 1 | Value: 0.320 | Remaining Turns: 1 | TickDown: SUP1, PERM | Target: SUP1 | Affects: ['ALL']
        Trace2CDExtra | CD% | Stacks: 1 | Value: 1.500 | Remaining Turns: 1 | TickDown: SUP1, PERM | Target: SUP1 | Affects: ['ALL']
        GilgameshInterestSPD | SPD% | Stacks: 1 | Value: 1.400 | Remaining Turns: 1 | TickDown: SUP2, PERM | Target: SUP1 | Affects: ['ALL']
        MasterSmithComburent | DMG% | Stacks: 1 | Value: 0.150 | Remaining Turns: 2 | TickDown: SUP1, END | Target: SUP1 | Affects: ['ALL']
        GilgameshUltDmg | DMG% | Stacks: 1 | Value: 0.400 | Remaining Turns: 3 | TickDown: SUP1, END | Target: SUP1 | Affects: ['ULT']
        MortenaxBladeDMGBoost | DMG% | Stacks: 1 | Value: 0.500 | Remaining Turns: 1 | TickDown: SUP1, PERM | Target: SUP1 | Affects: ['ALL']
        AeonATK | ATK% | Stacks: 1 | Value: 0.640 | Remaining Turns: 1 | TickDown: SUP1, PERM | Target: SUP1 | Affects: ['ALL']
        GilgameshSKLShred | SHRED | Stacks: 1 | Value: 0.300 | Remaining Turns: 2 | TickDown: SUP1, END | Target: SUP1 | Affects: ['ALL']
        WarriorGoddessHealCD | CD% | Stacks: 1 | Value: 0.150 | Remaining Turns: 2 | TickDown: SUP1, START | Target: SUP1 | Affects: ['ALL']
        HuoHuoUltATK | ATK% | Stacks: 1 | Value: 0.400 | Remaining Turns: 2 | TickDown: SUP1, END | Target: SUP1 | Affects: ['ALL']
        HuoHuoUltExtraATK | ATK% | Stacks: 1 | Value: 0.240 | Remaining Turns: 2 | TickDown: SUP1, END | Target: SUP1 | Affects: ['ALL']
        ----------End of Buff List----------

        ----------Enemy Debuffs----------
        MortenaxBladeUltVul | From: SUP2 | VULN | Stacks: 1 | Value: 0.500 | Remaining Turns: 2 | Target: 1 | Targeting: ST | Affects: ['ALL'] | DOT: False | Blast: False
        MortenaxBladeUltShred | From: SUP2 | SHRED | Stacks: 1 | Value: 0.300 | Remaining Turns: 2 | Target: 1 | Targeting: ST | Affects: ['ALL'] | DOT: False | Blast: False
        ResoShred(SUP2) | From: SUP2 | SHRED | Stacks: 1 | Value: 0.160 | Remaining Turns: 1 | Target: 1 | Targeting: AOE | Affects: ['ALL'] | DOT: False | Blast: False
        ----------End of Debuff List----------
        ----------Healing List----------
        HuoHuoTalentHealingScaling | Targeting: Targeting.SINGLE | Healing Value: [0] | Target: ALL
        HuoHuoTalentHealingScaling | Targeting: Targeting.SINGLE | Healing Value: [0] | Target: ALL
        HuoHuoTalentHealingScaling | Targeting: Targeting.SINGLE | Healing Value: [0.045] | Target: ALL
        HuoHuoTalentHealingScaling | Targeting: Targeting.SINGLE | Healing Value: [0] | Target: ALL
        HuoHuoTalentHealingFlat | Targeting: Targeting.SINGLE | Healing Value: [0] | Target: ALL
        HuoHuoTalentHealingFlat | Targeting: Targeting.SINGLE | Healing Value: [0] | Target: ALL
        HuoHuoTalentHealingFlat | Targeting: Targeting.SINGLE | Healing Value: [120] | Target: ALL
        HuoHuoTalentHealingFlat | Targeting: Targeting.SINGLE | Healing Value: [0] | Target: ALL
        ----------End of Healing List----------
    GAUGE  - Enemy 1 toughness reduced by 0.000
    RESULT - GilgameshUltSingle | Gilgamesh | SUP1 | DMG: 703922.454 | ELADMG: 0.000 | Enemies Hit: [1] | Enemies Broken: [] | WB DMG: 0.000 | Energy: 5.000 | Amount HP Healed: 438.089 | Amount HP Lost: 0.000 | Gilgamesh Energy: 5/360 | SP: 4 | MaxSP: 5)
    TURN   - HuoHuoAllyERR | HuoHuo | SUS | NA attack | ['WIN'] | ['SPECIAL'] | Scaling: HP | TargetID: 1 | DMG/BREAK Splits: [0, 0]/[0, 0] | Energy Gained: 1 | SP Change: 0

        ----------Char Buffs----------
        GilgameshTrace3ATK | ATK% | Stacks: 1 | Value: 0.200 | Remaining Turns: 1 | TickDown: SUS, PERM | Target: SUS | Affects: ['ALL']
        GilgameshTrace3CD | CD% | Stacks: 1 | Value: 0.200 | Remaining Turns: 1 | TickDown: SUS, PERM | Target: SUS | Affects: ['ALL']
        PostOpERR | ERR% | Stacks: 1 | Value: 0.160 | Remaining Turns: 1 | TickDown: SUS, PERM | Target: SUS | Affects: ['ALL']
        WarriorGoddessSPD | SPD% | Stacks: 1 | Value: 0.060 | Remaining Turns: 1 | TickDown: SUS, PERM | Target: SUS | Affects: ['ALL']
        KeelEFFRES | ERS% | Stacks: 1 | Value: 0.100 | Remaining Turns: 1 | TickDown: SUS, PERM | Target: SUS | Affects: ['ALL']
        KeelCD(SUS) | CD% | Stacks: 1 | Value: 0.100 | Remaining Turns: 1 | TickDown: SUS, PERM | Target: SUS | Affects: ['ALL']
        HHTraceHP | HP% | Stacks: 1 | Value: 0.280 | Remaining Turns: 1 | TickDown: SUS, PERM | Target: SUS | Affects: ['ALL']
        HHTraceERS | ERS% | Stacks: 1 | Value: 0.180 | Remaining Turns: 1 | TickDown: SUS, PERM | Target: SUS | Affects: ['ALL']
        HHTraceSPD | SPD | Stacks: 1 | Value: 5.000 | Remaining Turns: 1 | TickDown: SUS, PERM | Target: SUS | Affects: ['ALL']
        MasterSmithComburent | DMG% | Stacks: 1 | Value: 0.150 | Remaining Turns: 2 | TickDown: SUS, END | Target: SUS | Affects: ['ALL']
        MortenaxBladeDMGBoost | DMG% | Stacks: 1 | Value: 0.500 | Remaining Turns: 1 | TickDown: SUS, PERM | Target: SUS | Affects: ['ALL']
        WarriorGoddessHealSPD | SPD% | Stacks: 1 | Value: 0.060 | Remaining Turns: 2 | TickDown: SUS, START | Target: SUS | Affects: ['ALL']
        WarriorGoddessHealCD | CD% | Stacks: 1 | Value: 0.150 | Remaining Turns: 2 | TickDown: SUS, START | Target: SUS | Affects: ['ALL']
        ----------End of Buff List----------

        ----------Enemy Debuffs----------
        MortenaxBladeUltVul | From: SUP2 | VULN | Stacks: 1 | Value: 0.500 | Remaining Turns: 2 | Target: 1 | Targeting: ST | Affects: ['ALL'] | DOT: False | Blast: False
        MortenaxBladeUltShred | From: SUP2 | SHRED | Stacks: 1 | Value: 0.300 | Remaining Turns: 2 | Target: 1 | Targeting: ST | Affects: ['ALL'] | DOT: False | Blast: False
        ResoShred(SUP2) | From: SUP2 | SHRED | Stacks: 1 | Value: 0.160 | Remaining Turns: 1 | Target: 1 | Targeting: AOE | Affects: ['ALL'] | DOT: False | Blast: False
        ----------End of Debuff List----------
        ----------Healing List----------
        ----------End of Healing List----------
    GAUGE  - Enemy 1 toughness reduced by 0.000
    RESULT - HuoHuoAllyERR | HuoHuo | SUS | DMG: 0.000 | ELADMG: 0.000 | Enemies Hit: [1] | Enemies Broken: [] | WB DMG: 0.000 | Energy: 1.354 | Amount HP Healed: 0.000 | Amount HP Lost: 0.000 | HuoHuo Energy: 9/140 | SP: 4 | MaxSP: 5)
ACTION > [CHAR] TotalAV: 253.966 | TurnAV: 0.000 | Saber | E-move
Saber used 23 Core Resonance for Skill
    TURN   - SaberSkill | Saber | DPS | BLAST attack | ['WIN'] | ['SKL'] | Scaling: ATK | TargetID: 1 | DMG/BREAK Splits: [4.720000000000001, 3.97]/[20, 10] | Energy Gained: 30 | SP Change: -1

        ----------Char Buffs----------
        ThanklessCoronationCD | CR% | Stacks: 1 | Value: 0.360 | Remaining Turns: 1 | TickDown: DPS, PERM | Target: DPS | Affects: ['ALL']
        ScholarCR | CR% | Stacks: 1 | Value: 0.080 | Remaining Turns: 1 | TickDown: DPS, PERM | Target: DPS | Affects: ['ALL']
        ScholarDMG | DMG% | Stacks: 1 | Value: 0.200 | Remaining Turns: 1 | TickDown: DPS, PERM | Target: DPS | Affects: ['SKL', 'ULT']
        SaberTraceHP | HP% | Stacks: 1 | Value: 0.100 | Remaining Turns: 1 | TickDown: DPS, PERM | Target: DPS | Affects: ['ALL']
        SaberTraceCR | CR% | Stacks: 1 | Value: 0.120 | Remaining Turns: 1 | TickDown: DPS, PERM | Target: DPS | Affects: ['ALL']
        SaberTraceDMG | DMG% | Stacks: 1 | Value: 0.224 | Remaining Turns: 1 | TickDown: DPS, PERM | Target: DPS | Affects: ['ALL']
        SaberTrace1CR | CR% | Stacks: 1 | Value: 0.200 | Remaining Turns: 1 | TickDown: DPS, PERM | Target: DPS | Affects: ['ALL']
        GilgameshTrace3ATK | ATK% | Stacks: 1 | Value: 0.200 | Remaining Turns: 1 | TickDown: DPS, PERM | Target: DPS | Affects: ['ALL']
        GilgameshTrace3CD | CD% | Stacks: 1 | Value: 0.200 | Remaining Turns: 1 | TickDown: DPS, PERM | Target: DPS | Affects: ['ALL']
        LushakaATK(SUP2) | ATK% | Stacks: 1 | Value: 0.120 | Remaining Turns: 1 | TickDown: DPS, PERM | Target: DPS | Affects: ['ALL']
        KeelCD(SUS) | CD% | Stacks: 1 | Value: 0.100 | Remaining Turns: 1 | TickDown: DPS, PERM | Target: DPS | Affects: ['ALL']
        CosmicLifeDMG | DMG% | Stacks: 1 | Value: 0.320 | Remaining Turns: 1 | TickDown: DPS, PERM | Target: DPS | Affects: ['ALL']
        Trace3CDExtra | CD% | Stacks: 1 | Value: 0.320 | Remaining Turns: 1 | TickDown: DPS, PERM | Target: DPS | Affects: ['ALL']
        MasterSmithComburent | DMG% | Stacks: 1 | Value: 0.150 | Remaining Turns: 2 | TickDown: DPS, END | Target: DPS | Affects: ['ALL']
        MortenaxBladeDMGBoost | DMG% | Stacks: 1 | Value: 0.500 | Remaining Turns: 1 | TickDown: DPS, PERM | Target: DPS | Affects: ['ALL']
        GilgameshTrace3AllyATK | ATK% | Stacks: 1 | Value: 1.000 | Remaining Turns: 1 | TickDown: DPS, PERM | Target: DPS | Affects: ['ALL']
        GilgameshTrace3AllyCD | CD% | Stacks: 1 | Value: 1.000 | Remaining Turns: 1 | TickDown: DPS, PERM | Target: DPS | Affects: ['ALL']
        TalentDMG | DMG% | Stacks: 1 | Value: 0.600 | Remaining Turns: 2 | TickDown: DPS, END | Target: DPS | Affects: ['ALL']
        Trace3CD | CD% | Stacks: 1 | Value: 0.500 | Remaining Turns: 2 | TickDown: DPS, END | Target: DPS | Affects: ['ALL']
        WarriorGoddessHealCD | CD% | Stacks: 1 | Value: 0.150 | Remaining Turns: 1 | TickDown: DPS, START | Target: DPS | Affects: ['ALL']
        HuoHuoUltATK | ATK% | Stacks: 1 | Value: 0.400 | Remaining Turns: 2 | TickDown: DPS, END | Target: DPS | Affects: ['ALL']
        HuoHuoUltExtraATK | ATK% | Stacks: 1 | Value: 0.240 | Remaining Turns: 2 | TickDown: DPS, END | Target: DPS | Affects: ['ALL']
        SkillEnergy | ERR_F | Stacks: 1 | Value: 184.000 | Remaining Turns: 1 | TickDown: DPS, START | Target: DPS | Affects: ['ALL']
        ----------End of Buff List----------

        ----------Enemy Debuffs----------
        MortenaxBladeUltVul | From: SUP2 | VULN | Stacks: 1 | Value: 0.500 | Remaining Turns: 2 | Target: 1 | Targeting: ST | Affects: ['ALL'] | DOT: False | Blast: False
        MortenaxBladeUltShred | From: SUP2 | SHRED | Stacks: 1 | Value: 0.300 | Remaining Turns: 2 | Target: 1 | Targeting: ST | Affects: ['ALL'] | DOT: False | Blast: False
        ResoShred(SUP2) | From: SUP2 | SHRED | Stacks: 1 | Value: 0.160 | Remaining Turns: 1 | Target: 1 | Targeting: AOE | Affects: ['ALL'] | DOT: False | Blast: False
        ----------End of Debuff List----------
        ----------Healing List----------
        ----------End of Healing List----------
    GAUGE  - Enemy 1 toughness reduced by 20.000
    GAUGE  - Enemy 0 toughness reduced by 10.000
    GAUGE  - Enemy 2 toughness reduced by 10.000
    RESULT - SaberSkill | Saber | DPS | DMG: 763795.272 | ELADMG: 0.000 | Enemies Hit: [1, 0, 2] | Enemies Broken: [1] | WB DMG: 26277.534 | Energy: 30.000 | Amount HP Healed: 0.000 | Amount HP Lost: 0.000 | Saber Energy: 360/360 | SP: 3 | MaxSP: 5)
Gilgamesh Obtained 1 Interest from Teammate, Current count: 15
Gilgamesh JointCounter increased by one, current count: 2
MortenaxBlade has obtained 1 Charge. Current Charge count: 9.
MortenaxBlade has obtained 1 Charge. Current Charge count: 1.
    TURN   - MortenaxBladeAOEFUA | MortenaxBlade | SUP2 | AOE attack | ['FIR'] | ['FUA'] | Scaling: HP | TargetID: 1 | DMG/BREAK Splits: [0.72, 0]/[10, 0] | Energy Gained: 25 | SP Change: 0

        ----------Char Buffs----------
        GilgameshTrace3ATK | ATK% | Stacks: 1 | Value: 0.200 | Remaining Turns: 1 | TickDown: SUP2, PERM | Target: SUP2 | Affects: ['ALL']
        GilgameshTrace3CD | CD% | Stacks: 1 | Value: 0.200 | Remaining Turns: 1 | TickDown: SUP2, PERM | Target: SUP2 | Affects: ['ALL']
        MasterSmithHP | HP% | Stacks: 1 | Value: 0.120 | Remaining Turns: 1 | TickDown: SUP2, PERM | Target: SUP2 | Affects: ['ALL']
        LushakaERR | ERR% | Stacks: 1 | Value: 0.050 | Remaining Turns: 1 | TickDown: SUP2, PERM | Target: SUP2 | Affects: ['ALL']
        MortenaxBladeTraceCR | CR% | Stacks: 1 | Value: 0.120 | Remaining Turns: 1 | TickDown: SUP2, PERM | Target: SUP2 | Affects: ['ALL']
        MortenaxBladeTraceHP | HP% | Stacks: 1 | Value: 0.100 | Remaining Turns: 1 | TickDown: SUP2, PERM | Target: SUP2 | Affects: ['ALL']
        MortenaxBladeTraceDMG | DMG% | Stacks: 1 | Value: 0.224 | Remaining Turns: 1 | TickDown: SUP2, PERM | Target: SUP2 | Affects: ['ALL']
        KeelCD(SUS) | CD% | Stacks: 1 | Value: 0.100 | Remaining Turns: 1 | TickDown: SUP2, PERM | Target: SUP2 | Affects: ['ALL']
        MasterSmithCD | CD% | Stacks: 1 | Value: 0.280 | Remaining Turns: 1 | TickDown: SUP2, PERM | Target: SUP2 | Affects: ['ALL']
        MasterSmithComburent | DMG% | Stacks: 1 | Value: 0.150 | Remaining Turns: 2 | TickDown: SUP2, END | Target: SUP2 | Affects: ['ALL']
        MortenaxBladeCRBoost | CR% | Stacks: 1 | Value: 0.200 | Remaining Turns: 1 | TickDown: SUP2, PERM | Target: SUP2 | Affects: ['ALL']
        MortenaxBladeCDBoost | CD% | Stacks: 1 | Value: 0.600 | Remaining Turns: 1 | TickDown: SUP2, PERM | Target: SUP2 | Affects: ['ALL']
        MortenaxBladeDMGReduction | DMG_REDUCTION | Stacks: 1 | Value: 0.500 | Remaining Turns: 1 | TickDown: SUP2, PERM | Target: SUP2 | Affects: ['ALL']
        MortenaxBladeDMGBoost | DMG% | Stacks: 1 | Value: 0.500 | Remaining Turns: 1 | TickDown: SUP2, PERM | Target: SUP2 | Affects: ['ALL']
        MortenaxBladeDMG | DMG% | Stacks: 1 | Value: 0.750 | Remaining Turns: 1 | TickDown: SUP2, PERM | Target: SUP2 | Affects: ['ALL']
        WarriorGoddessHealCD | CD% | Stacks: 1 | Value: 0.150 | Remaining Turns: 2 | TickDown: SUP2, START | Target: SUP2 | Affects: ['ALL']
        HuoHuoUltATK | ATK% | Stacks: 1 | Value: 0.400 | Remaining Turns: 2 | TickDown: SUP2, END | Target: SUP2 | Affects: ['ALL']
        HuoHuoUltExtraATK | ATK% | Stacks: 1 | Value: 0.240 | Remaining Turns: 2 | TickDown: SUP2, END | Target: SUP2 | Affects: ['ALL']
        ----------End of Buff List----------

        ----------Enemy Debuffs----------
        MortenaxBladeUltVul | From: SUP2 | VULN | Stacks: 1 | Value: 0.500 | Remaining Turns: 2 | Target: 1 | Targeting: ST | Affects: ['ALL'] | DOT: False | Blast: False
        MortenaxBladeUltShred | From: SUP2 | SHRED | Stacks: 1 | Value: 0.300 | Remaining Turns: 2 | Target: 1 | Targeting: ST | Affects: ['ALL'] | DOT: False | Blast: False
        ResoShred(SUP2) | From: SUP2 | SHRED | Stacks: 1 | Value: 0.160 | Remaining Turns: 1 | Target: 1 | Targeting: AOE | Affects: ['ALL'] | DOT: False | Blast: False
        Enemy 1 WIN-break | From: DPS | WINDSHEAR | Stacks: 1 | Value: 12621.002 | Remaining Turns: 2 | Target: 1 | Targeting: ST | Affects: ['ALL'] | DOT: True | Blast: False
        ----------End of Debuff List----------
        ----------Healing List----------
        HuoHuoTalentHealingScaling | Targeting: Targeting.SINGLE | Healing Value: [0] | Target: ALL
        HuoHuoTalentHealingScaling | Targeting: Targeting.SINGLE | Healing Value: [0] | Target: ALL
        HuoHuoTalentHealingScaling | Targeting: Targeting.SINGLE | Healing Value: [0.045] | Target: ALL
        HuoHuoTalentHealingScaling | Targeting: Targeting.SINGLE | Healing Value: [0] | Target: ALL
        HuoHuoTalentHealingFlat | Targeting: Targeting.SINGLE | Healing Value: [0] | Target: ALL
        HuoHuoTalentHealingFlat | Targeting: Targeting.SINGLE | Healing Value: [0] | Target: ALL
        HuoHuoTalentHealingFlat | Targeting: Targeting.SINGLE | Healing Value: [120] | Target: ALL
        HuoHuoTalentHealingFlat | Targeting: Targeting.SINGLE | Healing Value: [0] | Target: ALL
        ----------End of Healing List----------
    GAUGE  - Enemy 0 toughness reduced by 0.000
    GAUGE  - Enemy 1 toughness reduced by 0.000
    GAUGE  - Enemy 2 toughness reduced by 0.000
    RESULT - MortenaxBladeAOEFUA | MortenaxBlade | SUP2 | DMG: 42820.506 | ELADMG: 0.000 | Enemies Hit: [0, 1, 2] | Enemies Broken: [] | WB DMG: 0.000 | Energy: 31.110 | Amount HP Healed: 371.779 | Amount HP Lost: 0.000 | MortenaxBlade Energy: 63/160 | SP: 3 | MaxSP: 5)
Gilgamesh Obtained 1 Interest from Teammate, Current count: 16
    TURN   - MortenaxBladeBounceFUA | MortenaxBlade | SUP2 | ST attack | ['FIR'] | ['FUA'] | Scaling: HP | TargetID: 1 | DMG/BREAK Splits: [0.24, 0]/[5, 0] | Energy Gained: 0 | SP Change: 0

        ----------Char Buffs----------
        GilgameshTrace3ATK | ATK% | Stacks: 1 | Value: 0.200 | Remaining Turns: 1 | TickDown: SUP2, PERM | Target: SUP2 | Affects: ['ALL']
        GilgameshTrace3CD | CD% | Stacks: 1 | Value: 0.200 | Remaining Turns: 1 | TickDown: SUP2, PERM | Target: SUP2 | Affects: ['ALL']
        MasterSmithHP | HP% | Stacks: 1 | Value: 0.120 | Remaining Turns: 1 | TickDown: SUP2, PERM | Target: SUP2 | Affects: ['ALL']
        LushakaERR | ERR% | Stacks: 1 | Value: 0.050 | Remaining Turns: 1 | TickDown: SUP2, PERM | Target: SUP2 | Affects: ['ALL']
        MortenaxBladeTraceCR | CR% | Stacks: 1 | Value: 0.120 | Remaining Turns: 1 | TickDown: SUP2, PERM | Target: SUP2 | Affects: ['ALL']
        MortenaxBladeTraceHP | HP% | Stacks: 1 | Value: 0.100 | Remaining Turns: 1 | TickDown: SUP2, PERM | Target: SUP2 | Affects: ['ALL']
        MortenaxBladeTraceDMG | DMG% | Stacks: 1 | Value: 0.224 | Remaining Turns: 1 | TickDown: SUP2, PERM | Target: SUP2 | Affects: ['ALL']
        KeelCD(SUS) | CD% | Stacks: 1 | Value: 0.100 | Remaining Turns: 1 | TickDown: SUP2, PERM | Target: SUP2 | Affects: ['ALL']
        MasterSmithCD | CD% | Stacks: 1 | Value: 0.280 | Remaining Turns: 1 | TickDown: SUP2, PERM | Target: SUP2 | Affects: ['ALL']
        MasterSmithComburent | DMG% | Stacks: 1 | Value: 0.150 | Remaining Turns: 2 | TickDown: SUP2, END | Target: SUP2 | Affects: ['ALL']
        MortenaxBladeCRBoost | CR% | Stacks: 1 | Value: 0.200 | Remaining Turns: 1 | TickDown: SUP2, PERM | Target: SUP2 | Affects: ['ALL']
        MortenaxBladeCDBoost | CD% | Stacks: 1 | Value: 0.600 | Remaining Turns: 1 | TickDown: SUP2, PERM | Target: SUP2 | Affects: ['ALL']
        MortenaxBladeDMGReduction | DMG_REDUCTION | Stacks: 1 | Value: 0.500 | Remaining Turns: 1 | TickDown: SUP2, PERM | Target: SUP2 | Affects: ['ALL']
        MortenaxBladeDMGBoost | DMG% | Stacks: 1 | Value: 0.500 | Remaining Turns: 1 | TickDown: SUP2, PERM | Target: SUP2 | Affects: ['ALL']
        MortenaxBladeDMG | DMG% | Stacks: 1 | Value: 0.750 | Remaining Turns: 1 | TickDown: SUP2, PERM | Target: SUP2 | Affects: ['ALL']
        WarriorGoddessHealCD | CD% | Stacks: 1 | Value: 0.150 | Remaining Turns: 2 | TickDown: SUP2, START | Target: SUP2 | Affects: ['ALL']
        HuoHuoUltATK | ATK% | Stacks: 1 | Value: 0.400 | Remaining Turns: 2 | TickDown: SUP2, END | Target: SUP2 | Affects: ['ALL']
        HuoHuoUltExtraATK | ATK% | Stacks: 1 | Value: 0.240 | Remaining Turns: 2 | TickDown: SUP2, END | Target: SUP2 | Affects: ['ALL']
        ----------End of Buff List----------

        ----------Enemy Debuffs----------
        MortenaxBladeUltVul | From: SUP2 | VULN | Stacks: 1 | Value: 0.500 | Remaining Turns: 2 | Target: 1 | Targeting: ST | Affects: ['ALL'] | DOT: False | Blast: False
        MortenaxBladeUltShred | From: SUP2 | SHRED | Stacks: 1 | Value: 0.300 | Remaining Turns: 2 | Target: 1 | Targeting: ST | Affects: ['ALL'] | DOT: False | Blast: False
        ResoShred(SUP2) | From: SUP2 | SHRED | Stacks: 1 | Value: 0.160 | Remaining Turns: 1 | Target: 1 | Targeting: AOE | Affects: ['ALL'] | DOT: False | Blast: False
        Enemy 1 WIN-break | From: DPS | WINDSHEAR | Stacks: 1 | Value: 12621.002 | Remaining Turns: 2 | Target: 1 | Targeting: ST | Affects: ['ALL'] | DOT: True | Blast: False
        ----------End of Debuff List----------
        ----------Healing List----------
        ----------End of Healing List----------
    GAUGE  - Enemy 1 toughness reduced by 0.000
    RESULT - MortenaxBladeBounceFUA | MortenaxBlade | SUP2 | DMG: 5097.679 | ELADMG: 0.000 | Enemies Hit: [1] | Enemies Broken: [] | WB DMG: 0.000 | Energy: 0.000 | Amount HP Healed: 0.000 | Amount HP Lost: 0.000 | MortenaxBlade Energy: 63/160 | SP: 3 | MaxSP: 5)
    TURN   - MortenaxBladeBounceFUA | MortenaxBlade | SUP2 | ST attack | ['FIR'] | ['FUA'] | Scaling: HP | TargetID: 1 | DMG/BREAK Splits: [0.24, 0]/[5, 0] | Energy Gained: 0 | SP Change: 0

        ----------Char Buffs----------
        GilgameshTrace3ATK | ATK% | Stacks: 1 | Value: 0.200 | Remaining Turns: 1 | TickDown: SUP2, PERM | Target: SUP2 | Affects: ['ALL']
        GilgameshTrace3CD | CD% | Stacks: 1 | Value: 0.200 | Remaining Turns: 1 | TickDown: SUP2, PERM | Target: SUP2 | Affects: ['ALL']
        MasterSmithHP | HP% | Stacks: 1 | Value: 0.120 | Remaining Turns: 1 | TickDown: SUP2, PERM | Target: SUP2 | Affects: ['ALL']
        LushakaERR | ERR% | Stacks: 1 | Value: 0.050 | Remaining Turns: 1 | TickDown: SUP2, PERM | Target: SUP2 | Affects: ['ALL']
        MortenaxBladeTraceCR | CR% | Stacks: 1 | Value: 0.120 | Remaining Turns: 1 | TickDown: SUP2, PERM | Target: SUP2 | Affects: ['ALL']
        MortenaxBladeTraceHP | HP% | Stacks: 1 | Value: 0.100 | Remaining Turns: 1 | TickDown: SUP2, PERM | Target: SUP2 | Affects: ['ALL']
        MortenaxBladeTraceDMG | DMG% | Stacks: 1 | Value: 0.224 | Remaining Turns: 1 | TickDown: SUP2, PERM | Target: SUP2 | Affects: ['ALL']
        KeelCD(SUS) | CD% | Stacks: 1 | Value: 0.100 | Remaining Turns: 1 | TickDown: SUP2, PERM | Target: SUP2 | Affects: ['ALL']
        MasterSmithCD | CD% | Stacks: 1 | Value: 0.280 | Remaining Turns: 1 | TickDown: SUP2, PERM | Target: SUP2 | Affects: ['ALL']
        MasterSmithComburent | DMG% | Stacks: 1 | Value: 0.150 | Remaining Turns: 2 | TickDown: SUP2, END | Target: SUP2 | Affects: ['ALL']
        MortenaxBladeCRBoost | CR% | Stacks: 1 | Value: 0.200 | Remaining Turns: 1 | TickDown: SUP2, PERM | Target: SUP2 | Affects: ['ALL']
        MortenaxBladeCDBoost | CD% | Stacks: 1 | Value: 0.600 | Remaining Turns: 1 | TickDown: SUP2, PERM | Target: SUP2 | Affects: ['ALL']
        MortenaxBladeDMGReduction | DMG_REDUCTION | Stacks: 1 | Value: 0.500 | Remaining Turns: 1 | TickDown: SUP2, PERM | Target: SUP2 | Affects: ['ALL']
        MortenaxBladeDMGBoost | DMG% | Stacks: 1 | Value: 0.500 | Remaining Turns: 1 | TickDown: SUP2, PERM | Target: SUP2 | Affects: ['ALL']
        MortenaxBladeDMG | DMG% | Stacks: 1 | Value: 0.750 | Remaining Turns: 1 | TickDown: SUP2, PERM | Target: SUP2 | Affects: ['ALL']
        WarriorGoddessHealCD | CD% | Stacks: 1 | Value: 0.150 | Remaining Turns: 2 | TickDown: SUP2, START | Target: SUP2 | Affects: ['ALL']
        HuoHuoUltATK | ATK% | Stacks: 1 | Value: 0.400 | Remaining Turns: 2 | TickDown: SUP2, END | Target: SUP2 | Affects: ['ALL']
        HuoHuoUltExtraATK | ATK% | Stacks: 1 | Value: 0.240 | Remaining Turns: 2 | TickDown: SUP2, END | Target: SUP2 | Affects: ['ALL']
        ----------End of Buff List----------

        ----------Enemy Debuffs----------
        MortenaxBladeUltVul | From: SUP2 | VULN | Stacks: 1 | Value: 0.500 | Remaining Turns: 2 | Target: 1 | Targeting: ST | Affects: ['ALL'] | DOT: False | Blast: False
        MortenaxBladeUltShred | From: SUP2 | SHRED | Stacks: 1 | Value: 0.300 | Remaining Turns: 2 | Target: 1 | Targeting: ST | Affects: ['ALL'] | DOT: False | Blast: False
        ResoShred(SUP2) | From: SUP2 | SHRED | Stacks: 1 | Value: 0.160 | Remaining Turns: 1 | Target: 1 | Targeting: AOE | Affects: ['ALL'] | DOT: False | Blast: False
        Enemy 1 WIN-break | From: DPS | WINDSHEAR | Stacks: 1 | Value: 12621.002 | Remaining Turns: 2 | Target: 1 | Targeting: ST | Affects: ['ALL'] | DOT: True | Blast: False
        ----------End of Debuff List----------
        ----------Healing List----------
        ----------End of Healing List----------
    GAUGE  - Enemy 1 toughness reduced by 0.000
    RESULT - MortenaxBladeBounceFUA | MortenaxBlade | SUP2 | DMG: 5097.679 | ELADMG: 0.000 | Enemies Hit: [1] | Enemies Broken: [] | WB DMG: 0.000 | Energy: 0.000 | Amount HP Healed: 0.000 | Amount HP Lost: 0.000 | MortenaxBlade Energy: 63/160 | SP: 3 | MaxSP: 5)
    TURN   - MortenaxBladeBounceFUA | MortenaxBlade | SUP2 | ST attack | ['FIR'] | ['FUA'] | Scaling: HP | TargetID: 1 | DMG/BREAK Splits: [0.24, 0]/[5, 0] | Energy Gained: 0 | SP Change: 0

        ----------Char Buffs----------
        GilgameshTrace3ATK | ATK% | Stacks: 1 | Value: 0.200 | Remaining Turns: 1 | TickDown: SUP2, PERM | Target: SUP2 | Affects: ['ALL']
        GilgameshTrace3CD | CD% | Stacks: 1 | Value: 0.200 | Remaining Turns: 1 | TickDown: SUP2, PERM | Target: SUP2 | Affects: ['ALL']
        MasterSmithHP | HP% | Stacks: 1 | Value: 0.120 | Remaining Turns: 1 | TickDown: SUP2, PERM | Target: SUP2 | Affects: ['ALL']
        LushakaERR | ERR% | Stacks: 1 | Value: 0.050 | Remaining Turns: 1 | TickDown: SUP2, PERM | Target: SUP2 | Affects: ['ALL']
        MortenaxBladeTraceCR | CR% | Stacks: 1 | Value: 0.120 | Remaining Turns: 1 | TickDown: SUP2, PERM | Target: SUP2 | Affects: ['ALL']
        MortenaxBladeTraceHP | HP% | Stacks: 1 | Value: 0.100 | Remaining Turns: 1 | TickDown: SUP2, PERM | Target: SUP2 | Affects: ['ALL']
        MortenaxBladeTraceDMG | DMG% | Stacks: 1 | Value: 0.224 | Remaining Turns: 1 | TickDown: SUP2, PERM | Target: SUP2 | Affects: ['ALL']
        KeelCD(SUS) | CD% | Stacks: 1 | Value: 0.100 | Remaining Turns: 1 | TickDown: SUP2, PERM | Target: SUP2 | Affects: ['ALL']
        MasterSmithCD | CD% | Stacks: 1 | Value: 0.280 | Remaining Turns: 1 | TickDown: SUP2, PERM | Target: SUP2 | Affects: ['ALL']
        MasterSmithComburent | DMG% | Stacks: 1 | Value: 0.150 | Remaining Turns: 2 | TickDown: SUP2, END | Target: SUP2 | Affects: ['ALL']
        MortenaxBladeCRBoost | CR% | Stacks: 1 | Value: 0.200 | Remaining Turns: 1 | TickDown: SUP2, PERM | Target: SUP2 | Affects: ['ALL']
        MortenaxBladeCDBoost | CD% | Stacks: 1 | Value: 0.600 | Remaining Turns: 1 | TickDown: SUP2, PERM | Target: SUP2 | Affects: ['ALL']
        MortenaxBladeDMGReduction | DMG_REDUCTION | Stacks: 1 | Value: 0.500 | Remaining Turns: 1 | TickDown: SUP2, PERM | Target: SUP2 | Affects: ['ALL']
        MortenaxBladeDMGBoost | DMG% | Stacks: 1 | Value: 0.500 | Remaining Turns: 1 | TickDown: SUP2, PERM | Target: SUP2 | Affects: ['ALL']
        MortenaxBladeDMG | DMG% | Stacks: 1 | Value: 0.750 | Remaining Turns: 1 | TickDown: SUP2, PERM | Target: SUP2 | Affects: ['ALL']
        WarriorGoddessHealCD | CD% | Stacks: 1 | Value: 0.150 | Remaining Turns: 2 | TickDown: SUP2, START | Target: SUP2 | Affects: ['ALL']
        HuoHuoUltATK | ATK% | Stacks: 1 | Value: 0.400 | Remaining Turns: 2 | TickDown: SUP2, END | Target: SUP2 | Affects: ['ALL']
        HuoHuoUltExtraATK | ATK% | Stacks: 1 | Value: 0.240 | Remaining Turns: 2 | TickDown: SUP2, END | Target: SUP2 | Affects: ['ALL']
        ----------End of Buff List----------

        ----------Enemy Debuffs----------
        MortenaxBladeUltVul | From: SUP2 | VULN | Stacks: 1 | Value: 0.500 | Remaining Turns: 2 | Target: 1 | Targeting: ST | Affects: ['ALL'] | DOT: False | Blast: False
        MortenaxBladeUltShred | From: SUP2 | SHRED | Stacks: 1 | Value: 0.300 | Remaining Turns: 2 | Target: 1 | Targeting: ST | Affects: ['ALL'] | DOT: False | Blast: False
        ResoShred(SUP2) | From: SUP2 | SHRED | Stacks: 1 | Value: 0.160 | Remaining Turns: 1 | Target: 1 | Targeting: AOE | Affects: ['ALL'] | DOT: False | Blast: False
        Enemy 1 WIN-break | From: DPS | WINDSHEAR | Stacks: 1 | Value: 12621.002 | Remaining Turns: 2 | Target: 1 | Targeting: ST | Affects: ['ALL'] | DOT: True | Blast: False
        ----------End of Debuff List----------
        ----------Healing List----------
        ----------End of Healing List----------
    GAUGE  - Enemy 1 toughness reduced by 0.000
    RESULT - MortenaxBladeBounceFUA | MortenaxBlade | SUP2 | DMG: 5097.679 | ELADMG: 0.000 | Enemies Hit: [1] | Enemies Broken: [] | WB DMG: 0.000 | Energy: 0.000 | Amount HP Healed: 0.000 | Amount HP Lost: 0.000 | MortenaxBlade Energy: 63/160 | SP: 3 | MaxSP: 5)
    TURN   - MortenaxBladeBounceFUA | MortenaxBlade | SUP2 | ST attack | ['FIR'] | ['FUA'] | Scaling: HP | TargetID: 1 | DMG/BREAK Splits: [0.24, 0]/[5, 0] | Energy Gained: 0 | SP Change: 0

        ----------Char Buffs----------
        GilgameshTrace3ATK | ATK% | Stacks: 1 | Value: 0.200 | Remaining Turns: 1 | TickDown: SUP2, PERM | Target: SUP2 | Affects: ['ALL']
        GilgameshTrace3CD | CD% | Stacks: 1 | Value: 0.200 | Remaining Turns: 1 | TickDown: SUP2, PERM | Target: SUP2 | Affects: ['ALL']
        MasterSmithHP | HP% | Stacks: 1 | Value: 0.120 | Remaining Turns: 1 | TickDown: SUP2, PERM | Target: SUP2 | Affects: ['ALL']
        LushakaERR | ERR% | Stacks: 1 | Value: 0.050 | Remaining Turns: 1 | TickDown: SUP2, PERM | Target: SUP2 | Affects: ['ALL']
        MortenaxBladeTraceCR | CR% | Stacks: 1 | Value: 0.120 | Remaining Turns: 1 | TickDown: SUP2, PERM | Target: SUP2 | Affects: ['ALL']
        MortenaxBladeTraceHP | HP% | Stacks: 1 | Value: 0.100 | Remaining Turns: 1 | TickDown: SUP2, PERM | Target: SUP2 | Affects: ['ALL']
        MortenaxBladeTraceDMG | DMG% | Stacks: 1 | Value: 0.224 | Remaining Turns: 1 | TickDown: SUP2, PERM | Target: SUP2 | Affects: ['ALL']
        KeelCD(SUS) | CD% | Stacks: 1 | Value: 0.100 | Remaining Turns: 1 | TickDown: SUP2, PERM | Target: SUP2 | Affects: ['ALL']
        MasterSmithCD | CD% | Stacks: 1 | Value: 0.280 | Remaining Turns: 1 | TickDown: SUP2, PERM | Target: SUP2 | Affects: ['ALL']
        MasterSmithComburent | DMG% | Stacks: 1 | Value: 0.150 | Remaining Turns: 2 | TickDown: SUP2, END | Target: SUP2 | Affects: ['ALL']
        MortenaxBladeCRBoost | CR% | Stacks: 1 | Value: 0.200 | Remaining Turns: 1 | TickDown: SUP2, PERM | Target: SUP2 | Affects: ['ALL']
        MortenaxBladeCDBoost | CD% | Stacks: 1 | Value: 0.600 | Remaining Turns: 1 | TickDown: SUP2, PERM | Target: SUP2 | Affects: ['ALL']
        MortenaxBladeDMGReduction | DMG_REDUCTION | Stacks: 1 | Value: 0.500 | Remaining Turns: 1 | TickDown: SUP2, PERM | Target: SUP2 | Affects: ['ALL']
        MortenaxBladeDMGBoost | DMG% | Stacks: 1 | Value: 0.500 | Remaining Turns: 1 | TickDown: SUP2, PERM | Target: SUP2 | Affects: ['ALL']
        MortenaxBladeDMG | DMG% | Stacks: 1 | Value: 0.750 | Remaining Turns: 1 | TickDown: SUP2, PERM | Target: SUP2 | Affects: ['ALL']
        WarriorGoddessHealCD | CD% | Stacks: 1 | Value: 0.150 | Remaining Turns: 2 | TickDown: SUP2, START | Target: SUP2 | Affects: ['ALL']
        HuoHuoUltATK | ATK% | Stacks: 1 | Value: 0.400 | Remaining Turns: 2 | TickDown: SUP2, END | Target: SUP2 | Affects: ['ALL']
        HuoHuoUltExtraATK | ATK% | Stacks: 1 | Value: 0.240 | Remaining Turns: 2 | TickDown: SUP2, END | Target: SUP2 | Affects: ['ALL']
        ----------End of Buff List----------

        ----------Enemy Debuffs----------
        MortenaxBladeUltVul | From: SUP2 | VULN | Stacks: 1 | Value: 0.500 | Remaining Turns: 2 | Target: 1 | Targeting: ST | Affects: ['ALL'] | DOT: False | Blast: False
        MortenaxBladeUltShred | From: SUP2 | SHRED | Stacks: 1 | Value: 0.300 | Remaining Turns: 2 | Target: 1 | Targeting: ST | Affects: ['ALL'] | DOT: False | Blast: False
        ResoShred(SUP2) | From: SUP2 | SHRED | Stacks: 1 | Value: 0.160 | Remaining Turns: 1 | Target: 1 | Targeting: AOE | Affects: ['ALL'] | DOT: False | Blast: False
        Enemy 1 WIN-break | From: DPS | WINDSHEAR | Stacks: 1 | Value: 12621.002 | Remaining Turns: 2 | Target: 1 | Targeting: ST | Affects: ['ALL'] | DOT: True | Blast: False
        ----------End of Debuff List----------
        ----------Healing List----------
        ----------End of Healing List----------
    GAUGE  - Enemy 1 toughness reduced by 0.000
    RESULT - MortenaxBladeBounceFUA | MortenaxBlade | SUP2 | DMG: 5097.679 | ELADMG: 0.000 | Enemies Hit: [1] | Enemies Broken: [] | WB DMG: 0.000 | Energy: 0.000 | Amount HP Healed: 0.000 | Amount HP Lost: 0.000 | MortenaxBlade Energy: 63/160 | SP: 3 | MaxSP: 5)
    TURN   - HuoHuoAllyERR | HuoHuo | SUS | NA attack | ['WIN'] | ['SPECIAL'] | Scaling: HP | TargetID: 1 | DMG/BREAK Splits: [0, 0]/[0, 0] | Energy Gained: 1 | SP Change: 0

        ----------Char Buffs----------
        GilgameshTrace3ATK | ATK% | Stacks: 1 | Value: 0.200 | Remaining Turns: 1 | TickDown: SUS, PERM | Target: SUS | Affects: ['ALL']
        GilgameshTrace3CD | CD% | Stacks: 1 | Value: 0.200 | Remaining Turns: 1 | TickDown: SUS, PERM | Target: SUS | Affects: ['ALL']
        PostOpERR | ERR% | Stacks: 1 | Value: 0.160 | Remaining Turns: 1 | TickDown: SUS, PERM | Target: SUS | Affects: ['ALL']
        WarriorGoddessSPD | SPD% | Stacks: 1 | Value: 0.060 | Remaining Turns: 1 | TickDown: SUS, PERM | Target: SUS | Affects: ['ALL']
        KeelEFFRES | ERS% | Stacks: 1 | Value: 0.100 | Remaining Turns: 1 | TickDown: SUS, PERM | Target: SUS | Affects: ['ALL']
        KeelCD(SUS) | CD% | Stacks: 1 | Value: 0.100 | Remaining Turns: 1 | TickDown: SUS, PERM | Target: SUS | Affects: ['ALL']
        HHTraceHP | HP% | Stacks: 1 | Value: 0.280 | Remaining Turns: 1 | TickDown: SUS, PERM | Target: SUS | Affects: ['ALL']
        HHTraceERS | ERS% | Stacks: 1 | Value: 0.180 | Remaining Turns: 1 | TickDown: SUS, PERM | Target: SUS | Affects: ['ALL']
        HHTraceSPD | SPD | Stacks: 1 | Value: 5.000 | Remaining Turns: 1 | TickDown: SUS, PERM | Target: SUS | Affects: ['ALL']
        MasterSmithComburent | DMG% | Stacks: 1 | Value: 0.150 | Remaining Turns: 2 | TickDown: SUS, END | Target: SUS | Affects: ['ALL']
        MortenaxBladeDMGBoost | DMG% | Stacks: 1 | Value: 0.500 | Remaining Turns: 1 | TickDown: SUS, PERM | Target: SUS | Affects: ['ALL']
        WarriorGoddessHealSPD | SPD% | Stacks: 1 | Value: 0.060 | Remaining Turns: 2 | TickDown: SUS, START | Target: SUS | Affects: ['ALL']
        WarriorGoddessHealCD | CD% | Stacks: 1 | Value: 0.150 | Remaining Turns: 2 | TickDown: SUS, START | Target: SUS | Affects: ['ALL']
        ----------End of Buff List----------

        ----------Enemy Debuffs----------
        MortenaxBladeUltVul | From: SUP2 | VULN | Stacks: 1 | Value: 0.500 | Remaining Turns: 2 | Target: 1 | Targeting: ST | Affects: ['ALL'] | DOT: False | Blast: False
        MortenaxBladeUltShred | From: SUP2 | SHRED | Stacks: 1 | Value: 0.300 | Remaining Turns: 2 | Target: 1 | Targeting: ST | Affects: ['ALL'] | DOT: False | Blast: False
        ResoShred(SUP2) | From: SUP2 | SHRED | Stacks: 1 | Value: 0.160 | Remaining Turns: 1 | Target: 1 | Targeting: AOE | Affects: ['ALL'] | DOT: False | Blast: False
        Enemy 1 WIN-break | From: DPS | WINDSHEAR | Stacks: 1 | Value: 12621.002 | Remaining Turns: 2 | Target: 1 | Targeting: ST | Affects: ['ALL'] | DOT: True | Blast: False
        ----------End of Debuff List----------
        ----------Healing List----------
        ----------End of Healing List----------
    GAUGE  - Enemy 1 toughness reduced by 0.000
    RESULT - HuoHuoAllyERR | HuoHuo | SUS | DMG: 0.000 | ELADMG: 0.000 | Enemies Hit: [1] | Enemies Broken: [] | WB DMG: 0.000 | Energy: 1.354 | Amount HP Healed: 0.000 | Amount HP Lost: 0.000 | HuoHuo Energy: 11/140 | SP: 3 | MaxSP: 5)
ERR    > 184.000 energy added to Saber from SkillEnergy | Saber Energy: 360.000
ULT    > Saber used their ultimate
Saber got 3 Core Resonance from Talent, Current Count: 3
Saber transferred 120.0 overflow energy on Ult entry
    TURN   - SaberUltBig | Saber | DPS | AOE attack | ['WIN'] | ['ULT'] | Scaling: ATK | TargetID: 1 | DMG/BREAK Splits: [5.6, 0]/[40, 0] | Energy Gained: 0 | SP Change: 0

        ----------Char Buffs----------
        ThanklessCoronationCD | CR% | Stacks: 1 | Value: 0.360 | Remaining Turns: 1 | TickDown: DPS, PERM | Target: DPS | Affects: ['ALL']
        ScholarCR | CR% | Stacks: 1 | Value: 0.080 | Remaining Turns: 1 | TickDown: DPS, PERM | Target: DPS | Affects: ['ALL']
        ScholarDMG | DMG% | Stacks: 1 | Value: 0.200 | Remaining Turns: 1 | TickDown: DPS, PERM | Target: DPS | Affects: ['SKL', 'ULT']
        SaberTraceHP | HP% | Stacks: 1 | Value: 0.100 | Remaining Turns: 1 | TickDown: DPS, PERM | Target: DPS | Affects: ['ALL']
        SaberTraceCR | CR% | Stacks: 1 | Value: 0.120 | Remaining Turns: 1 | TickDown: DPS, PERM | Target: DPS | Affects: ['ALL']
        SaberTraceDMG | DMG% | Stacks: 1 | Value: 0.224 | Remaining Turns: 1 | TickDown: DPS, PERM | Target: DPS | Affects: ['ALL']
        SaberTrace1CR | CR% | Stacks: 1 | Value: 0.200 | Remaining Turns: 1 | TickDown: DPS, PERM | Target: DPS | Affects: ['ALL']
        GilgameshTrace3ATK | ATK% | Stacks: 1 | Value: 0.200 | Remaining Turns: 1 | TickDown: DPS, PERM | Target: DPS | Affects: ['ALL']
        GilgameshTrace3CD | CD% | Stacks: 1 | Value: 0.200 | Remaining Turns: 1 | TickDown: DPS, PERM | Target: DPS | Affects: ['ALL']
        LushakaATK(SUP2) | ATK% | Stacks: 1 | Value: 0.120 | Remaining Turns: 1 | TickDown: DPS, PERM | Target: DPS | Affects: ['ALL']
        KeelCD(SUS) | CD% | Stacks: 1 | Value: 0.100 | Remaining Turns: 1 | TickDown: DPS, PERM | Target: DPS | Affects: ['ALL']
        CosmicLifeDMG | DMG% | Stacks: 1 | Value: 0.320 | Remaining Turns: 1 | TickDown: DPS, PERM | Target: DPS | Affects: ['ALL']
        Trace3CDExtra | CD% | Stacks: 1 | Value: 0.320 | Remaining Turns: 1 | TickDown: DPS, PERM | Target: DPS | Affects: ['ALL']
        MasterSmithComburent | DMG% | Stacks: 1 | Value: 0.150 | Remaining Turns: 2 | TickDown: DPS, END | Target: DPS | Affects: ['ALL']
        MortenaxBladeDMGBoost | DMG% | Stacks: 1 | Value: 0.500 | Remaining Turns: 1 | TickDown: DPS, PERM | Target: DPS | Affects: ['ALL']
        GilgameshTrace3AllyATK | ATK% | Stacks: 1 | Value: 1.000 | Remaining Turns: 1 | TickDown: DPS, PERM | Target: DPS | Affects: ['ALL']
        GilgameshTrace3AllyCD | CD% | Stacks: 1 | Value: 1.000 | Remaining Turns: 1 | TickDown: DPS, PERM | Target: DPS | Affects: ['ALL']
        TalentDMG | DMG% | Stacks: 1 | Value: 0.600 | Remaining Turns: 2 | TickDown: DPS, END | Target: DPS | Affects: ['ALL']
        Trace3CD | CD% | Stacks: 1 | Value: 0.500 | Remaining Turns: 2 | TickDown: DPS, END | Target: DPS | Affects: ['ALL']
        WarriorGoddessHealCD | CD% | Stacks: 1 | Value: 0.150 | Remaining Turns: 1 | TickDown: DPS, START | Target: DPS | Affects: ['ALL']
        HuoHuoUltATK | ATK% | Stacks: 1 | Value: 0.400 | Remaining Turns: 2 | TickDown: DPS, END | Target: DPS | Affects: ['ALL']
        HuoHuoUltExtraATK | ATK% | Stacks: 1 | Value: 0.240 | Remaining Turns: 2 | TickDown: DPS, END | Target: DPS | Affects: ['ALL']
        ThanklessCoronationATK | ATK% | Stacks: 1 | Value: 0.400 | Remaining Turns: 2 | TickDown: DPS, END | Target: DPS | Affects: ['ALL']
        ThanklessCoronationERR | ERR_F | Stacks: 1 | Value: 36.000 | Remaining Turns: 1 | TickDown: DPS, START | Target: DPS | Affects: ['ALL']
        ThanklessCoronationATKExtra | ATK% | Stacks: 1 | Value: 0.400 | Remaining Turns: 2 | TickDown: DPS, END | Target: DPS | Affects: ['ALL']
        ----------End of Buff List----------

        ----------Enemy Debuffs----------
        MortenaxBladeUltVul | From: SUP2 | VULN | Stacks: 1 | Value: 0.500 | Remaining Turns: 2 | Target: 1 | Targeting: ST | Affects: ['ALL'] | DOT: False | Blast: False
        MortenaxBladeUltShred | From: SUP2 | SHRED | Stacks: 1 | Value: 0.300 | Remaining Turns: 2 | Target: 1 | Targeting: ST | Affects: ['ALL'] | DOT: False | Blast: False
        ResoShred(SUP2) | From: SUP2 | SHRED | Stacks: 1 | Value: 0.160 | Remaining Turns: 1 | Target: 1 | Targeting: AOE | Affects: ['ALL'] | DOT: False | Blast: False
        Enemy 1 WIN-break | From: DPS | WINDSHEAR | Stacks: 1 | Value: 12621.002 | Remaining Turns: 2 | Target: 1 | Targeting: ST | Affects: ['ALL'] | DOT: True | Blast: False
        ----------End of Debuff List----------
        ----------Healing List----------
        ----------End of Healing List----------
    KILL   - Saber killed Enemy 0 (overkill: 276135.5)
    SPAWN  - Enemy 0 respawned at full HP, AV set to 0
    GAUGE  - Enemy 0 toughness reduced by 40.000
    GAUGE  - Enemy 1 toughness reduced by 40.000
    KILL   - Saber killed Enemy 2 (overkill: 276135.5)
    SPAWN  - Enemy 2 respawned at full HP, AV set to 0
    GAUGE  - Enemy 2 toughness reduced by 40.000
    RESULT - SaberUltBig | Saber | DPS | DMG: 1261627.245 | ELADMG: 0.000 | Enemies Hit: [0, 1, 2] | Enemies Broken: [0, 2] | WB DMG: 35036.712 | Energy: 0.000 | Amount HP Healed: 0.000 | Amount HP Lost: 0.000 | Saber Energy: 120/360 | SP: 3 | MaxSP: 5)
Gilgamesh Obtained 2 Interest from Teammate Ult, Current count: 18
Gilgamesh Obtained 108.0 Energy from Teammate
Gilgamesh Obtained 1 Interest from Teammate, Current count: 19
Gilgamesh JointCounter increased by one, current count: 3
MortenaxBlade has obtained 1 Charge. Current Charge count: 2.
    TURN   - SaberUltSmall | Saber | DPS | ST attack | ['WIN'] | ['ULT'] | Scaling: ATK | TargetID: 1 | DMG/BREAK Splits: [22.0, 0]/[20, 0] | Energy Gained: 5 | SP Change: 0

        ----------Char Buffs----------
        ThanklessCoronationCD | CR% | Stacks: 1 | Value: 0.360 | Remaining Turns: 1 | TickDown: DPS, PERM | Target: DPS | Affects: ['ALL']
        ScholarCR | CR% | Stacks: 1 | Value: 0.080 | Remaining Turns: 1 | TickDown: DPS, PERM | Target: DPS | Affects: ['ALL']
        ScholarDMG | DMG% | Stacks: 1 | Value: 0.200 | Remaining Turns: 1 | TickDown: DPS, PERM | Target: DPS | Affects: ['SKL', 'ULT']
        SaberTraceHP | HP% | Stacks: 1 | Value: 0.100 | Remaining Turns: 1 | TickDown: DPS, PERM | Target: DPS | Affects: ['ALL']
        SaberTraceCR | CR% | Stacks: 1 | Value: 0.120 | Remaining Turns: 1 | TickDown: DPS, PERM | Target: DPS | Affects: ['ALL']
        SaberTraceDMG | DMG% | Stacks: 1 | Value: 0.224 | Remaining Turns: 1 | TickDown: DPS, PERM | Target: DPS | Affects: ['ALL']
        SaberTrace1CR | CR% | Stacks: 1 | Value: 0.200 | Remaining Turns: 1 | TickDown: DPS, PERM | Target: DPS | Affects: ['ALL']
        GilgameshTrace3ATK | ATK% | Stacks: 1 | Value: 0.200 | Remaining Turns: 1 | TickDown: DPS, PERM | Target: DPS | Affects: ['ALL']
        GilgameshTrace3CD | CD% | Stacks: 1 | Value: 0.200 | Remaining Turns: 1 | TickDown: DPS, PERM | Target: DPS | Affects: ['ALL']
        LushakaATK(SUP2) | ATK% | Stacks: 1 | Value: 0.120 | Remaining Turns: 1 | TickDown: DPS, PERM | Target: DPS | Affects: ['ALL']
        KeelCD(SUS) | CD% | Stacks: 1 | Value: 0.100 | Remaining Turns: 1 | TickDown: DPS, PERM | Target: DPS | Affects: ['ALL']
        CosmicLifeDMG | DMG% | Stacks: 1 | Value: 0.320 | Remaining Turns: 1 | TickDown: DPS, PERM | Target: DPS | Affects: ['ALL']
        Trace3CDExtra | CD% | Stacks: 1 | Value: 0.320 | Remaining Turns: 1 | TickDown: DPS, PERM | Target: DPS | Affects: ['ALL']
        MasterSmithComburent | DMG% | Stacks: 1 | Value: 0.150 | Remaining Turns: 2 | TickDown: DPS, END | Target: DPS | Affects: ['ALL']
        MortenaxBladeDMGBoost | DMG% | Stacks: 1 | Value: 0.500 | Remaining Turns: 1 | TickDown: DPS, PERM | Target: DPS | Affects: ['ALL']
        GilgameshTrace3AllyATK | ATK% | Stacks: 1 | Value: 1.000 | Remaining Turns: 1 | TickDown: DPS, PERM | Target: DPS | Affects: ['ALL']
        GilgameshTrace3AllyCD | CD% | Stacks: 1 | Value: 1.000 | Remaining Turns: 1 | TickDown: DPS, PERM | Target: DPS | Affects: ['ALL']
        TalentDMG | DMG% | Stacks: 1 | Value: 0.600 | Remaining Turns: 2 | TickDown: DPS, END | Target: DPS | Affects: ['ALL']
        Trace3CD | CD% | Stacks: 1 | Value: 0.500 | Remaining Turns: 2 | TickDown: DPS, END | Target: DPS | Affects: ['ALL']
        WarriorGoddessHealCD | CD% | Stacks: 1 | Value: 0.150 | Remaining Turns: 1 | TickDown: DPS, START | Target: DPS | Affects: ['ALL']
        HuoHuoUltATK | ATK% | Stacks: 1 | Value: 0.400 | Remaining Turns: 2 | TickDown: DPS, END | Target: DPS | Affects: ['ALL']
        HuoHuoUltExtraATK | ATK% | Stacks: 1 | Value: 0.240 | Remaining Turns: 2 | TickDown: DPS, END | Target: DPS | Affects: ['ALL']
        ThanklessCoronationATK | ATK% | Stacks: 1 | Value: 0.400 | Remaining Turns: 2 | TickDown: DPS, END | Target: DPS | Affects: ['ALL']
        ThanklessCoronationERR | ERR_F | Stacks: 1 | Value: 36.000 | Remaining Turns: 1 | TickDown: DPS, START | Target: DPS | Affects: ['ALL']
        ThanklessCoronationATKExtra | ATK% | Stacks: 1 | Value: 0.400 | Remaining Turns: 2 | TickDown: DPS, END | Target: DPS | Affects: ['ALL']
        ----------End of Buff List----------

        ----------Enemy Debuffs----------
        MortenaxBladeUltVul | From: SUP2 | VULN | Stacks: 1 | Value: 0.500 | Remaining Turns: 2 | Target: 1 | Targeting: ST | Affects: ['ALL'] | DOT: False | Blast: False
        MortenaxBladeUltShred | From: SUP2 | SHRED | Stacks: 1 | Value: 0.300 | Remaining Turns: 2 | Target: 1 | Targeting: ST | Affects: ['ALL'] | DOT: False | Blast: False
        ResoShred(SUP2) | From: SUP2 | SHRED | Stacks: 1 | Value: 0.160 | Remaining Turns: 1 | Target: 1 | Targeting: AOE | Affects: ['ALL'] | DOT: False | Blast: False
        Enemy 1 WIN-break | From: DPS | WINDSHEAR | Stacks: 1 | Value: 12621.002 | Remaining Turns: 2 | Target: 1 | Targeting: ST | Affects: ['ALL'] | DOT: True | Blast: False
        ----------End of Debuff List----------
        ----------Healing List----------
        HuoHuoTalentHealingScaling | Targeting: Targeting.SINGLE | Healing Value: [0] | Target: ALL
        HuoHuoTalentHealingScaling | Targeting: Targeting.SINGLE | Healing Value: [0] | Target: ALL
        HuoHuoTalentHealingScaling | Targeting: Targeting.SINGLE | Healing Value: [0.045] | Target: ALL
        HuoHuoTalentHealingScaling | Targeting: Targeting.SINGLE | Healing Value: [0] | Target: ALL
        HuoHuoTalentHealingFlat | Targeting: Targeting.SINGLE | Healing Value: [0] | Target: ALL
        HuoHuoTalentHealingFlat | Targeting: Targeting.SINGLE | Healing Value: [0] | Target: ALL
        HuoHuoTalentHealingFlat | Targeting: Targeting.SINGLE | Healing Value: [120] | Target: ALL
        HuoHuoTalentHealingFlat | Targeting: Targeting.SINGLE | Healing Value: [0] | Target: ALL
        ----------End of Healing List----------
    KILL   - Saber killed Enemy 1 (overkill: 1510439.4)
    SPAWN  - Enemy 1 respawned at full HP, AV set to 0
    GAUGE  - Enemy 1 toughness reduced by 20.000
    RESULT - SaberUltSmall | Saber | DPS | DMG: 1770140.267 | ELADMG: 0.000 | Enemies Hit: [1] | Enemies Broken: [] | WB DMG: 0.000 | Energy: 5.000 | Amount HP Healed: 438.089 | Amount HP Lost: 0.000 | Saber Energy: 125/360 | SP: 3 | MaxSP: 5)
    TURN   - HuoHuoAllyERR | HuoHuo | SUS | NA attack | ['WIN'] | ['SPECIAL'] | Scaling: HP | TargetID: 1 | DMG/BREAK Splits: [0, 0]/[0, 0] | Energy Gained: 1 | SP Change: 0

        ----------Char Buffs----------
        GilgameshTrace3ATK | ATK% | Stacks: 1 | Value: 0.200 | Remaining Turns: 1 | TickDown: SUS, PERM | Target: SUS | Affects: ['ALL']
        GilgameshTrace3CD | CD% | Stacks: 1 | Value: 0.200 | Remaining Turns: 1 | TickDown: SUS, PERM | Target: SUS | Affects: ['ALL']
        PostOpERR | ERR% | Stacks: 1 | Value: 0.160 | Remaining Turns: 1 | TickDown: SUS, PERM | Target: SUS | Affects: ['ALL']
        WarriorGoddessSPD | SPD% | Stacks: 1 | Value: 0.060 | Remaining Turns: 1 | TickDown: SUS, PERM | Target: SUS | Affects: ['ALL']
        KeelEFFRES | ERS% | Stacks: 1 | Value: 0.100 | Remaining Turns: 1 | TickDown: SUS, PERM | Target: SUS | Affects: ['ALL']
        KeelCD(SUS) | CD% | Stacks: 1 | Value: 0.100 | Remaining Turns: 1 | TickDown: SUS, PERM | Target: SUS | Affects: ['ALL']
        HHTraceHP | HP% | Stacks: 1 | Value: 0.280 | Remaining Turns: 1 | TickDown: SUS, PERM | Target: SUS | Affects: ['ALL']
        HHTraceERS | ERS% | Stacks: 1 | Value: 0.180 | Remaining Turns: 1 | TickDown: SUS, PERM | Target: SUS | Affects: ['ALL']
        HHTraceSPD | SPD | Stacks: 1 | Value: 5.000 | Remaining Turns: 1 | TickDown: SUS, PERM | Target: SUS | Affects: ['ALL']
        MasterSmithComburent | DMG% | Stacks: 1 | Value: 0.150 | Remaining Turns: 2 | TickDown: SUS, END | Target: SUS | Affects: ['ALL']
        MortenaxBladeDMGBoost | DMG% | Stacks: 1 | Value: 0.500 | Remaining Turns: 1 | TickDown: SUS, PERM | Target: SUS | Affects: ['ALL']
        WarriorGoddessHealSPD | SPD% | Stacks: 1 | Value: 0.060 | Remaining Turns: 2 | TickDown: SUS, START | Target: SUS | Affects: ['ALL']
        WarriorGoddessHealCD | CD% | Stacks: 1 | Value: 0.150 | Remaining Turns: 2 | TickDown: SUS, START | Target: SUS | Affects: ['ALL']
        ----------End of Buff List----------

        ----------Enemy Debuffs----------
        MortenaxBladeUltVul | From: SUP2 | VULN | Stacks: 1 | Value: 0.500 | Remaining Turns: 2 | Target: 1 | Targeting: ST | Affects: ['ALL'] | DOT: False | Blast: False
        MortenaxBladeUltShred | From: SUP2 | SHRED | Stacks: 1 | Value: 0.300 | Remaining Turns: 2 | Target: 1 | Targeting: ST | Affects: ['ALL'] | DOT: False | Blast: False
        ResoShred(SUP2) | From: SUP2 | SHRED | Stacks: 1 | Value: 0.160 | Remaining Turns: 1 | Target: 1 | Targeting: AOE | Affects: ['ALL'] | DOT: False | Blast: False
        Enemy 1 WIN-break | From: DPS | WINDSHEAR | Stacks: 1 | Value: 12621.002 | Remaining Turns: 2 | Target: 1 | Targeting: ST | Affects: ['ALL'] | DOT: True | Blast: False
        ----------End of Debuff List----------
        ----------Healing List----------
        ----------End of Healing List----------
    GAUGE  - Enemy 1 toughness reduced by 0.000
    RESULT - HuoHuoAllyERR | HuoHuo | SUS | DMG: 0.000 | ELADMG: 0.000 | Enemies Hit: [1] | Enemies Broken: [] | WB DMG: 0.000 | Energy: 1.354 | Amount HP Healed: 0.000 | Amount HP Lost: 0.000 | HuoHuo Energy: 12/140 | SP: 3 | MaxSP: 5)
ERR    > 36.000 energy added to Saber from ThanklessCoronationERR | Saber Energy: 161.000
ERR    > 108.000 energy added to Gilgamesh from GilgameshTrace1ERRAlly1 | Gilgamesh Energy: 113.000
SPD    > Gilgamesh speed changed to 310.932 | NewAV: 9.860
AV     > Saber AV reset to 76.551 | 130.632 SPD
DELAY  > Enemy 1 delayed by 25.0% from STDBreakDelay | NewAV: 77.473
DELAY  > Enemy 0 delayed by 25.0% from STDBreakDelay | NewAV: 72.957
DELAY  > Enemy 2 delayed by 25.0% from STDBreakDelay | NewAV: 72.957

<<< NEW TURN >>>
-   MortenaxBlade AV: 0.000 ENERGY: 62.516 MaxHP: 4779.283 CurrHp 2169.775 ShieldHP: 0.000
-   Gilgamesh AV: 5.815 ENERGY: 113.000 MaxHP: 3134.558 CurrHp 1983.823 ShieldHP: 0.000
-   HuoHuo AV: 58.264 ENERGY: 12.190 MaxHP: 6139.808 CurrHp 5687.249 ShieldHP: 0.000
-   Enemy 2 AV: 68.912 ENERGY: 0.000 MaxHP: 2000000.000 CurrHp 2000000.000 ShieldHP: 0.000
-   Enemy 0 AV: 68.912 ENERGY: 0.000 MaxHP: 2000000.000 CurrHp 2000000.000 ShieldHP: 0.000
-   Saber AV: 72.506 ENERGY: 161.000 MaxHP: 3366.991 CurrHp 3366.991 ShieldHP: 0.000
-   Enemy 1 AV: 73.428 ENERGY: 0.000 MaxHP: 5000000.000 CurrHp 5000000.000 ShieldHP: 0.000
-   InfiniteFury AV: 138.812 ENERGY: 0.000 MaxHP: 0.000 CurrHp 0.000 ShieldHP: 0.000

Combat context set: 3 enemies, 4 players
Combat context initialized: 3 enemies, Elation team size: 0
ACTION > [CHAR] TotalAV: 258.011 | TurnAV: 4.045 | MortenaxBlade | E-move
MortenaxBlade has obtained 1 Charge. Current Charge count: 3.
    TURN   - MortenaxBladeAOESkill | MortenaxBlade | SUP2 | AOE attack | ['FIR'] | ['SKL'] | Scaling: HP | TargetID: 1 | DMG/BREAK Splits: [0.72, 0]/[10, 0] | Energy Gained: 30 | SP Change: 0

        ----------Char Buffs----------
        GilgameshTrace3ATK | ATK% | Stacks: 1 | Value: 0.200 | Remaining Turns: 1 | TickDown: SUP2, PERM | Target: SUP2 | Affects: ['ALL']
        GilgameshTrace3CD | CD% | Stacks: 1 | Value: 0.200 | Remaining Turns: 1 | TickDown: SUP2, PERM | Target: SUP2 | Affects: ['ALL']
        MasterSmithHP | HP% | Stacks: 1 | Value: 0.120 | Remaining Turns: 1 | TickDown: SUP2, PERM | Target: SUP2 | Affects: ['ALL']
        LushakaERR | ERR% | Stacks: 1 | Value: 0.050 | Remaining Turns: 1 | TickDown: SUP2, PERM | Target: SUP2 | Affects: ['ALL']
        MortenaxBladeTraceCR | CR% | Stacks: 1 | Value: 0.120 | Remaining Turns: 1 | TickDown: SUP2, PERM | Target: SUP2 | Affects: ['ALL']
        MortenaxBladeTraceHP | HP% | Stacks: 1 | Value: 0.100 | Remaining Turns: 1 | TickDown: SUP2, PERM | Target: SUP2 | Affects: ['ALL']
        MortenaxBladeTraceDMG | DMG% | Stacks: 1 | Value: 0.224 | Remaining Turns: 1 | TickDown: SUP2, PERM | Target: SUP2 | Affects: ['ALL']
        KeelCD(SUS) | CD% | Stacks: 1 | Value: 0.100 | Remaining Turns: 1 | TickDown: SUP2, PERM | Target: SUP2 | Affects: ['ALL']
        MasterSmithCD | CD% | Stacks: 1 | Value: 0.280 | Remaining Turns: 1 | TickDown: SUP2, PERM | Target: SUP2 | Affects: ['ALL']
        MasterSmithComburent | DMG% | Stacks: 1 | Value: 0.150 | Remaining Turns: 2 | TickDown: SUP2, END | Target: SUP2 | Affects: ['ALL']
        MortenaxBladeCRBoost | CR% | Stacks: 1 | Value: 0.200 | Remaining Turns: 1 | TickDown: SUP2, PERM | Target: SUP2 | Affects: ['ALL']
        MortenaxBladeCDBoost | CD% | Stacks: 1 | Value: 0.600 | Remaining Turns: 1 | TickDown: SUP2, PERM | Target: SUP2 | Affects: ['ALL']
        MortenaxBladeDMGReduction | DMG_REDUCTION | Stacks: 1 | Value: 0.500 | Remaining Turns: 1 | TickDown: SUP2, PERM | Target: SUP2 | Affects: ['ALL']
        MortenaxBladeDMGBoost | DMG% | Stacks: 1 | Value: 0.500 | Remaining Turns: 1 | TickDown: SUP2, PERM | Target: SUP2 | Affects: ['ALL']
        MortenaxBladeDMG | DMG% | Stacks: 1 | Value: 0.750 | Remaining Turns: 1 | TickDown: SUP2, PERM | Target: SUP2 | Affects: ['ALL']
        WarriorGoddessHealCD | CD% | Stacks: 1 | Value: 0.150 | Remaining Turns: 1 | TickDown: SUP2, START | Target: SUP2 | Affects: ['ALL']
        HuoHuoUltATK | ATK% | Stacks: 1 | Value: 0.400 | Remaining Turns: 2 | TickDown: SUP2, END | Target: SUP2 | Affects: ['ALL']
        HuoHuoUltExtraATK | ATK% | Stacks: 1 | Value: 0.240 | Remaining Turns: 2 | TickDown: SUP2, END | Target: SUP2 | Affects: ['ALL']
        ----------End of Buff List----------

        ----------Enemy Debuffs----------
        MortenaxBladeUltVul | From: SUP2 | VULN | Stacks: 1 | Value: 0.500 | Remaining Turns: 2 | Target: 1 | Targeting: ST | Affects: ['ALL'] | DOT: False | Blast: False
        MortenaxBladeUltShred | From: SUP2 | SHRED | Stacks: 1 | Value: 0.300 | Remaining Turns: 2 | Target: 1 | Targeting: ST | Affects: ['ALL'] | DOT: False | Blast: False
        ResoShred(SUP2) | From: SUP2 | SHRED | Stacks: 1 | Value: 0.160 | Remaining Turns: 1 | Target: 1 | Targeting: AOE | Affects: ['ALL'] | DOT: False | Blast: False
        Enemy 1 WIN-break | From: DPS | WINDSHEAR | Stacks: 1 | Value: 12621.002 | Remaining Turns: 2 | Target: 1 | Targeting: ST | Affects: ['ALL'] | DOT: True | Blast: False
        ----------End of Debuff List----------
        ----------Healing List----------
        ----------End of Healing List----------
    GAUGE  - Enemy 0 toughness reduced by 0.000
    GAUGE  - Enemy 1 toughness reduced by 0.000
    GAUGE  - Enemy 2 toughness reduced by 0.000
    RESULT - MortenaxBladeAOESkill | MortenaxBlade | SUP2 | DMG: 45879.114 | ELADMG: 0.000 | Enemies Hit: [0, 1, 2] | Enemies Broken: [] | WB DMG: 0.000 | Energy: 37.332 | Amount HP Healed: 0.000 | Amount HP Lost: 0.000 | MortenaxBlade Energy: 100/160 | SP: 3 | MaxSP: 5)
Gilgamesh Obtained 1 Interest from Teammate, Current count: 20
    TURN   - MortenaxBladeBounceSkill | MortenaxBlade | SUP2 | ST attack | ['FIR'] | ['SKL'] | Scaling: HP | TargetID: 1 | DMG/BREAK Splits: [0.24, 0]/[5, 0] | Energy Gained: 0 | SP Change: 0

        ----------Char Buffs----------
        GilgameshTrace3ATK | ATK% | Stacks: 1 | Value: 0.200 | Remaining Turns: 1 | TickDown: SUP2, PERM | Target: SUP2 | Affects: ['ALL']
        GilgameshTrace3CD | CD% | Stacks: 1 | Value: 0.200 | Remaining Turns: 1 | TickDown: SUP2, PERM | Target: SUP2 | Affects: ['ALL']
        MasterSmithHP | HP% | Stacks: 1 | Value: 0.120 | Remaining Turns: 1 | TickDown: SUP2, PERM | Target: SUP2 | Affects: ['ALL']
        LushakaERR | ERR% | Stacks: 1 | Value: 0.050 | Remaining Turns: 1 | TickDown: SUP2, PERM | Target: SUP2 | Affects: ['ALL']
        MortenaxBladeTraceCR | CR% | Stacks: 1 | Value: 0.120 | Remaining Turns: 1 | TickDown: SUP2, PERM | Target: SUP2 | Affects: ['ALL']
        MortenaxBladeTraceHP | HP% | Stacks: 1 | Value: 0.100 | Remaining Turns: 1 | TickDown: SUP2, PERM | Target: SUP2 | Affects: ['ALL']
        MortenaxBladeTraceDMG | DMG% | Stacks: 1 | Value: 0.224 | Remaining Turns: 1 | TickDown: SUP2, PERM | Target: SUP2 | Affects: ['ALL']
        KeelCD(SUS) | CD% | Stacks: 1 | Value: 0.100 | Remaining Turns: 1 | TickDown: SUP2, PERM | Target: SUP2 | Affects: ['ALL']
        MasterSmithCD | CD% | Stacks: 1 | Value: 0.280 | Remaining Turns: 1 | TickDown: SUP2, PERM | Target: SUP2 | Affects: ['ALL']
        MasterSmithComburent | DMG% | Stacks: 1 | Value: 0.150 | Remaining Turns: 2 | TickDown: SUP2, END | Target: SUP2 | Affects: ['ALL']
        MortenaxBladeCRBoost | CR% | Stacks: 1 | Value: 0.200 | Remaining Turns: 1 | TickDown: SUP2, PERM | Target: SUP2 | Affects: ['ALL']
        MortenaxBladeCDBoost | CD% | Stacks: 1 | Value: 0.600 | Remaining Turns: 1 | TickDown: SUP2, PERM | Target: SUP2 | Affects: ['ALL']
        MortenaxBladeDMGReduction | DMG_REDUCTION | Stacks: 1 | Value: 0.500 | Remaining Turns: 1 | TickDown: SUP2, PERM | Target: SUP2 | Affects: ['ALL']
        MortenaxBladeDMGBoost | DMG% | Stacks: 1 | Value: 0.500 | Remaining Turns: 1 | TickDown: SUP2, PERM | Target: SUP2 | Affects: ['ALL']
        MortenaxBladeDMG | DMG% | Stacks: 1 | Value: 0.750 | Remaining Turns: 1 | TickDown: SUP2, PERM | Target: SUP2 | Affects: ['ALL']
        WarriorGoddessHealCD | CD% | Stacks: 1 | Value: 0.150 | Remaining Turns: 1 | TickDown: SUP2, START | Target: SUP2 | Affects: ['ALL']
        HuoHuoUltATK | ATK% | Stacks: 1 | Value: 0.400 | Remaining Turns: 2 | TickDown: SUP2, END | Target: SUP2 | Affects: ['ALL']
        HuoHuoUltExtraATK | ATK% | Stacks: 1 | Value: 0.240 | Remaining Turns: 2 | TickDown: SUP2, END | Target: SUP2 | Affects: ['ALL']
        ----------End of Buff List----------

        ----------Enemy Debuffs----------
        MortenaxBladeUltVul | From: SUP2 | VULN | Stacks: 1 | Value: 0.500 | Remaining Turns: 2 | Target: 1 | Targeting: ST | Affects: ['ALL'] | DOT: False | Blast: False
        MortenaxBladeUltShred | From: SUP2 | SHRED | Stacks: 1 | Value: 0.300 | Remaining Turns: 2 | Target: 1 | Targeting: ST | Affects: ['ALL'] | DOT: False | Blast: False
        ResoShred(SUP2) | From: SUP2 | SHRED | Stacks: 1 | Value: 0.160 | Remaining Turns: 1 | Target: 1 | Targeting: AOE | Affects: ['ALL'] | DOT: False | Blast: False
        Enemy 1 WIN-break | From: DPS | WINDSHEAR | Stacks: 1 | Value: 12621.002 | Remaining Turns: 2 | Target: 1 | Targeting: ST | Affects: ['ALL'] | DOT: True | Blast: False
        ----------End of Debuff List----------
        ----------Healing List----------
        HuoHuoTalentHealingScaling | Targeting: Targeting.SINGLE | Healing Value: [0] | Target: ALL
        HuoHuoTalentHealingScaling | Targeting: Targeting.SINGLE | Healing Value: [0] | Target: ALL
        HuoHuoTalentHealingScaling | Targeting: Targeting.SINGLE | Healing Value: [0.045] | Target: ALL
        HuoHuoTalentHealingScaling | Targeting: Targeting.SINGLE | Healing Value: [0] | Target: ALL
        HuoHuoTalentHealingFlat | Targeting: Targeting.SINGLE | Healing Value: [0] | Target: ALL
        HuoHuoTalentHealingFlat | Targeting: Targeting.SINGLE | Healing Value: [0] | Target: ALL
        HuoHuoTalentHealingFlat | Targeting: Targeting.SINGLE | Healing Value: [120] | Target: ALL
        HuoHuoTalentHealingFlat | Targeting: Targeting.SINGLE | Healing Value: [0] | Target: ALL
        ----------End of Healing List----------
    GAUGE  - Enemy 1 toughness reduced by 0.000
    RESULT - MortenaxBladeBounceSkill | MortenaxBlade | SUP2 | DMG: 5097.679 | ELADMG: 0.000 | Enemies Hit: [1] | Enemies Broken: [] | WB DMG: 0.000 | Energy: 0.000 | Amount HP Healed: 371.779 | Amount HP Lost: 0.000 | MortenaxBlade Energy: 100/160 | SP: 3 | MaxSP: 5)
    TURN   - MortenaxBladeBounceSkill | MortenaxBlade | SUP2 | ST attack | ['FIR'] | ['SKL'] | Scaling: HP | TargetID: 1 | DMG/BREAK Splits: [0.24, 0]/[5, 0] | Energy Gained: 0 | SP Change: 0

        ----------Char Buffs----------
        GilgameshTrace3ATK | ATK% | Stacks: 1 | Value: 0.200 | Remaining Turns: 1 | TickDown: SUP2, PERM | Target: SUP2 | Affects: ['ALL']
        GilgameshTrace3CD | CD% | Stacks: 1 | Value: 0.200 | Remaining Turns: 1 | TickDown: SUP2, PERM | Target: SUP2 | Affects: ['ALL']
        MasterSmithHP | HP% | Stacks: 1 | Value: 0.120 | Remaining Turns: 1 | TickDown: SUP2, PERM | Target: SUP2 | Affects: ['ALL']
        LushakaERR | ERR% | Stacks: 1 | Value: 0.050 | Remaining Turns: 1 | TickDown: SUP2, PERM | Target: SUP2 | Affects: ['ALL']
        MortenaxBladeTraceCR | CR% | Stacks: 1 | Value: 0.120 | Remaining Turns: 1 | TickDown: SUP2, PERM | Target: SUP2 | Affects: ['ALL']
        MortenaxBladeTraceHP | HP% | Stacks: 1 | Value: 0.100 | Remaining Turns: 1 | TickDown: SUP2, PERM | Target: SUP2 | Affects: ['ALL']
        MortenaxBladeTraceDMG | DMG% | Stacks: 1 | Value: 0.224 | Remaining Turns: 1 | TickDown: SUP2, PERM | Target: SUP2 | Affects: ['ALL']
        KeelCD(SUS) | CD% | Stacks: 1 | Value: 0.100 | Remaining Turns: 1 | TickDown: SUP2, PERM | Target: SUP2 | Affects: ['ALL']
        MasterSmithCD | CD% | Stacks: 1 | Value: 0.280 | Remaining Turns: 1 | TickDown: SUP2, PERM | Target: SUP2 | Affects: ['ALL']
        MasterSmithComburent | DMG% | Stacks: 1 | Value: 0.150 | Remaining Turns: 2 | TickDown: SUP2, END | Target: SUP2 | Affects: ['ALL']
        MortenaxBladeCRBoost | CR% | Stacks: 1 | Value: 0.200 | Remaining Turns: 1 | TickDown: SUP2, PERM | Target: SUP2 | Affects: ['ALL']
        MortenaxBladeCDBoost | CD% | Stacks: 1 | Value: 0.600 | Remaining Turns: 1 | TickDown: SUP2, PERM | Target: SUP2 | Affects: ['ALL']
        MortenaxBladeDMGReduction | DMG_REDUCTION | Stacks: 1 | Value: 0.500 | Remaining Turns: 1 | TickDown: SUP2, PERM | Target: SUP2 | Affects: ['ALL']
        MortenaxBladeDMGBoost | DMG% | Stacks: 1 | Value: 0.500 | Remaining Turns: 1 | TickDown: SUP2, PERM | Target: SUP2 | Affects: ['ALL']
        MortenaxBladeDMG | DMG% | Stacks: 1 | Value: 0.750 | Remaining Turns: 1 | TickDown: SUP2, PERM | Target: SUP2 | Affects: ['ALL']
        WarriorGoddessHealCD | CD% | Stacks: 1 | Value: 0.150 | Remaining Turns: 1 | TickDown: SUP2, START | Target: SUP2 | Affects: ['ALL']
        HuoHuoUltATK | ATK% | Stacks: 1 | Value: 0.400 | Remaining Turns: 2 | TickDown: SUP2, END | Target: SUP2 | Affects: ['ALL']
        HuoHuoUltExtraATK | ATK% | Stacks: 1 | Value: 0.240 | Remaining Turns: 2 | TickDown: SUP2, END | Target: SUP2 | Affects: ['ALL']
        ----------End of Buff List----------

        ----------Enemy Debuffs----------
        MortenaxBladeUltVul | From: SUP2 | VULN | Stacks: 1 | Value: 0.500 | Remaining Turns: 2 | Target: 1 | Targeting: ST | Affects: ['ALL'] | DOT: False | Blast: False
        MortenaxBladeUltShred | From: SUP2 | SHRED | Stacks: 1 | Value: 0.300 | Remaining Turns: 2 | Target: 1 | Targeting: ST | Affects: ['ALL'] | DOT: False | Blast: False
        ResoShred(SUP2) | From: SUP2 | SHRED | Stacks: 1 | Value: 0.160 | Remaining Turns: 1 | Target: 1 | Targeting: AOE | Affects: ['ALL'] | DOT: False | Blast: False
        Enemy 1 WIN-break | From: DPS | WINDSHEAR | Stacks: 1 | Value: 12621.002 | Remaining Turns: 2 | Target: 1 | Targeting: ST | Affects: ['ALL'] | DOT: True | Blast: False
        ----------End of Debuff List----------
        ----------Healing List----------
        ----------End of Healing List----------
    GAUGE  - Enemy 1 toughness reduced by 0.000
    RESULT - MortenaxBladeBounceSkill | MortenaxBlade | SUP2 | DMG: 5097.679 | ELADMG: 0.000 | Enemies Hit: [1] | Enemies Broken: [] | WB DMG: 0.000 | Energy: 0.000 | Amount HP Healed: 0.000 | Amount HP Lost: 0.000 | MortenaxBlade Energy: 100/160 | SP: 3 | MaxSP: 5)
    TURN   - MortenaxBladeBounceSkill | MortenaxBlade | SUP2 | ST attack | ['FIR'] | ['SKL'] | Scaling: HP | TargetID: 1 | DMG/BREAK Splits: [0.24, 0]/[5, 0] | Energy Gained: 0 | SP Change: 0

        ----------Char Buffs----------
        GilgameshTrace3ATK | ATK% | Stacks: 1 | Value: 0.200 | Remaining Turns: 1 | TickDown: SUP2, PERM | Target: SUP2 | Affects: ['ALL']
        GilgameshTrace3CD | CD% | Stacks: 1 | Value: 0.200 | Remaining Turns: 1 | TickDown: SUP2, PERM | Target: SUP2 | Affects: ['ALL']
        MasterSmithHP | HP% | Stacks: 1 | Value: 0.120 | Remaining Turns: 1 | TickDown: SUP2, PERM | Target: SUP2 | Affects: ['ALL']
        LushakaERR | ERR% | Stacks: 1 | Value: 0.050 | Remaining Turns: 1 | TickDown: SUP2, PERM | Target: SUP2 | Affects: ['ALL']
        MortenaxBladeTraceCR | CR% | Stacks: 1 | Value: 0.120 | Remaining Turns: 1 | TickDown: SUP2, PERM | Target: SUP2 | Affects: ['ALL']
        MortenaxBladeTraceHP | HP% | Stacks: 1 | Value: 0.100 | Remaining Turns: 1 | TickDown: SUP2, PERM | Target: SUP2 | Affects: ['ALL']
        MortenaxBladeTraceDMG | DMG% | Stacks: 1 | Value: 0.224 | Remaining Turns: 1 | TickDown: SUP2, PERM | Target: SUP2 | Affects: ['ALL']
        KeelCD(SUS) | CD% | Stacks: 1 | Value: 0.100 | Remaining Turns: 1 | TickDown: SUP2, PERM | Target: SUP2 | Affects: ['ALL']
        MasterSmithCD | CD% | Stacks: 1 | Value: 0.280 | Remaining Turns: 1 | TickDown: SUP2, PERM | Target: SUP2 | Affects: ['ALL']
        MasterSmithComburent | DMG% | Stacks: 1 | Value: 0.150 | Remaining Turns: 2 | TickDown: SUP2, END | Target: SUP2 | Affects: ['ALL']
        MortenaxBladeCRBoost | CR% | Stacks: 1 | Value: 0.200 | Remaining Turns: 1 | TickDown: SUP2, PERM | Target: SUP2 | Affects: ['ALL']
        MortenaxBladeCDBoost | CD% | Stacks: 1 | Value: 0.600 | Remaining Turns: 1 | TickDown: SUP2, PERM | Target: SUP2 | Affects: ['ALL']
        MortenaxBladeDMGReduction | DMG_REDUCTION | Stacks: 1 | Value: 0.500 | Remaining Turns: 1 | TickDown: SUP2, PERM | Target: SUP2 | Affects: ['ALL']
        MortenaxBladeDMGBoost | DMG% | Stacks: 1 | Value: 0.500 | Remaining Turns: 1 | TickDown: SUP2, PERM | Target: SUP2 | Affects: ['ALL']
        MortenaxBladeDMG | DMG% | Stacks: 1 | Value: 0.750 | Remaining Turns: 1 | TickDown: SUP2, PERM | Target: SUP2 | Affects: ['ALL']
        WarriorGoddessHealCD | CD% | Stacks: 1 | Value: 0.150 | Remaining Turns: 1 | TickDown: SUP2, START | Target: SUP2 | Affects: ['ALL']
        HuoHuoUltATK | ATK% | Stacks: 1 | Value: 0.400 | Remaining Turns: 2 | TickDown: SUP2, END | Target: SUP2 | Affects: ['ALL']
        HuoHuoUltExtraATK | ATK% | Stacks: 1 | Value: 0.240 | Remaining Turns: 2 | TickDown: SUP2, END | Target: SUP2 | Affects: ['ALL']
        ----------End of Buff List----------

        ----------Enemy Debuffs----------
        MortenaxBladeUltVul | From: SUP2 | VULN | Stacks: 1 | Value: 0.500 | Remaining Turns: 2 | Target: 1 | Targeting: ST | Affects: ['ALL'] | DOT: False | Blast: False
        MortenaxBladeUltShred | From: SUP2 | SHRED | Stacks: 1 | Value: 0.300 | Remaining Turns: 2 | Target: 1 | Targeting: ST | Affects: ['ALL'] | DOT: False | Blast: False
        ResoShred(SUP2) | From: SUP2 | SHRED | Stacks: 1 | Value: 0.160 | Remaining Turns: 1 | Target: 1 | Targeting: AOE | Affects: ['ALL'] | DOT: False | Blast: False
        Enemy 1 WIN-break | From: DPS | WINDSHEAR | Stacks: 1 | Value: 12621.002 | Remaining Turns: 2 | Target: 1 | Targeting: ST | Affects: ['ALL'] | DOT: True | Blast: False
        ----------End of Debuff List----------
        ----------Healing List----------
        ----------End of Healing List----------
    GAUGE  - Enemy 1 toughness reduced by 0.000
    RESULT - MortenaxBladeBounceSkill | MortenaxBlade | SUP2 | DMG: 5097.679 | ELADMG: 0.000 | Enemies Hit: [1] | Enemies Broken: [] | WB DMG: 0.000 | Energy: 0.000 | Amount HP Healed: 0.000 | Amount HP Lost: 0.000 | MortenaxBlade Energy: 100/160 | SP: 3 | MaxSP: 5)
    TURN   - MortenaxBladeBounceSkill | MortenaxBlade | SUP2 | ST attack | ['FIR'] | ['SKL'] | Scaling: HP | TargetID: 1 | DMG/BREAK Splits: [0.24, 0]/[5, 0] | Energy Gained: 0 | SP Change: 0

        ----------Char Buffs----------
        GilgameshTrace3ATK | ATK% | Stacks: 1 | Value: 0.200 | Remaining Turns: 1 | TickDown: SUP2, PERM | Target: SUP2 | Affects: ['ALL']
        GilgameshTrace3CD | CD% | Stacks: 1 | Value: 0.200 | Remaining Turns: 1 | TickDown: SUP2, PERM | Target: SUP2 | Affects: ['ALL']
        MasterSmithHP | HP% | Stacks: 1 | Value: 0.120 | Remaining Turns: 1 | TickDown: SUP2, PERM | Target: SUP2 | Affects: ['ALL']
        LushakaERR | ERR% | Stacks: 1 | Value: 0.050 | Remaining Turns: 1 | TickDown: SUP2, PERM | Target: SUP2 | Affects: ['ALL']
        MortenaxBladeTraceCR | CR% | Stacks: 1 | Value: 0.120 | Remaining Turns: 1 | TickDown: SUP2, PERM | Target: SUP2 | Affects: ['ALL']
        MortenaxBladeTraceHP | HP% | Stacks: 1 | Value: 0.100 | Remaining Turns: 1 | TickDown: SUP2, PERM | Target: SUP2 | Affects: ['ALL']
        MortenaxBladeTraceDMG | DMG% | Stacks: 1 | Value: 0.224 | Remaining Turns: 1 | TickDown: SUP2, PERM | Target: SUP2 | Affects: ['ALL']
        KeelCD(SUS) | CD% | Stacks: 1 | Value: 0.100 | Remaining Turns: 1 | TickDown: SUP2, PERM | Target: SUP2 | Affects: ['ALL']
        MasterSmithCD | CD% | Stacks: 1 | Value: 0.280 | Remaining Turns: 1 | TickDown: SUP2, PERM | Target: SUP2 | Affects: ['ALL']
        MasterSmithComburent | DMG% | Stacks: 1 | Value: 0.150 | Remaining Turns: 2 | TickDown: SUP2, END | Target: SUP2 | Affects: ['ALL']
        MortenaxBladeCRBoost | CR% | Stacks: 1 | Value: 0.200 | Remaining Turns: 1 | TickDown: SUP2, PERM | Target: SUP2 | Affects: ['ALL']
        MortenaxBladeCDBoost | CD% | Stacks: 1 | Value: 0.600 | Remaining Turns: 1 | TickDown: SUP2, PERM | Target: SUP2 | Affects: ['ALL']
        MortenaxBladeDMGReduction | DMG_REDUCTION | Stacks: 1 | Value: 0.500 | Remaining Turns: 1 | TickDown: SUP2, PERM | Target: SUP2 | Affects: ['ALL']
        MortenaxBladeDMGBoost | DMG% | Stacks: 1 | Value: 0.500 | Remaining Turns: 1 | TickDown: SUP2, PERM | Target: SUP2 | Affects: ['ALL']
        MortenaxBladeDMG | DMG% | Stacks: 1 | Value: 0.750 | Remaining Turns: 1 | TickDown: SUP2, PERM | Target: SUP2 | Affects: ['ALL']
        WarriorGoddessHealCD | CD% | Stacks: 1 | Value: 0.150 | Remaining Turns: 1 | TickDown: SUP2, START | Target: SUP2 | Affects: ['ALL']
        HuoHuoUltATK | ATK% | Stacks: 1 | Value: 0.400 | Remaining Turns: 2 | TickDown: SUP2, END | Target: SUP2 | Affects: ['ALL']
        HuoHuoUltExtraATK | ATK% | Stacks: 1 | Value: 0.240 | Remaining Turns: 2 | TickDown: SUP2, END | Target: SUP2 | Affects: ['ALL']
        ----------End of Buff List----------

        ----------Enemy Debuffs----------
        MortenaxBladeUltVul | From: SUP2 | VULN | Stacks: 1 | Value: 0.500 | Remaining Turns: 2 | Target: 1 | Targeting: ST | Affects: ['ALL'] | DOT: False | Blast: False
        MortenaxBladeUltShred | From: SUP2 | SHRED | Stacks: 1 | Value: 0.300 | Remaining Turns: 2 | Target: 1 | Targeting: ST | Affects: ['ALL'] | DOT: False | Blast: False
        ResoShred(SUP2) | From: SUP2 | SHRED | Stacks: 1 | Value: 0.160 | Remaining Turns: 1 | Target: 1 | Targeting: AOE | Affects: ['ALL'] | DOT: False | Blast: False
        Enemy 1 WIN-break | From: DPS | WINDSHEAR | Stacks: 1 | Value: 12621.002 | Remaining Turns: 2 | Target: 1 | Targeting: ST | Affects: ['ALL'] | DOT: True | Blast: False
        ----------End of Debuff List----------
        ----------Healing List----------
        ----------End of Healing List----------
    GAUGE  - Enemy 1 toughness reduced by 0.000
    RESULT - MortenaxBladeBounceSkill | MortenaxBlade | SUP2 | DMG: 5097.679 | ELADMG: 0.000 | Enemies Hit: [1] | Enemies Broken: [] | WB DMG: 0.000 | Energy: 0.000 | Amount HP Healed: 0.000 | Amount HP Lost: 0.000 | MortenaxBlade Energy: 100/160 | SP: 3 | MaxSP: 5)
    TURN   - HuoHuoAllyERR | HuoHuo | SUS | NA attack | ['WIN'] | ['SPECIAL'] | Scaling: HP | TargetID: 1 | DMG/BREAK Splits: [0, 0]/[0, 0] | Energy Gained: 1 | SP Change: 0

        ----------Char Buffs----------
        GilgameshTrace3ATK | ATK% | Stacks: 1 | Value: 0.200 | Remaining Turns: 1 | TickDown: SUS, PERM | Target: SUS | Affects: ['ALL']
        GilgameshTrace3CD | CD% | Stacks: 1 | Value: 0.200 | Remaining Turns: 1 | TickDown: SUS, PERM | Target: SUS | Affects: ['ALL']
        PostOpERR | ERR% | Stacks: 1 | Value: 0.160 | Remaining Turns: 1 | TickDown: SUS, PERM | Target: SUS | Affects: ['ALL']
        WarriorGoddessSPD | SPD% | Stacks: 1 | Value: 0.060 | Remaining Turns: 1 | TickDown: SUS, PERM | Target: SUS | Affects: ['ALL']
        KeelEFFRES | ERS% | Stacks: 1 | Value: 0.100 | Remaining Turns: 1 | TickDown: SUS, PERM | Target: SUS | Affects: ['ALL']
        KeelCD(SUS) | CD% | Stacks: 1 | Value: 0.100 | Remaining Turns: 1 | TickDown: SUS, PERM | Target: SUS | Affects: ['ALL']
        HHTraceHP | HP% | Stacks: 1 | Value: 0.280 | Remaining Turns: 1 | TickDown: SUS, PERM | Target: SUS | Affects: ['ALL']
        HHTraceERS | ERS% | Stacks: 1 | Value: 0.180 | Remaining Turns: 1 | TickDown: SUS, PERM | Target: SUS | Affects: ['ALL']
        HHTraceSPD | SPD | Stacks: 1 | Value: 5.000 | Remaining Turns: 1 | TickDown: SUS, PERM | Target: SUS | Affects: ['ALL']
        MasterSmithComburent | DMG% | Stacks: 1 | Value: 0.150 | Remaining Turns: 2 | TickDown: SUS, END | Target: SUS | Affects: ['ALL']
        MortenaxBladeDMGBoost | DMG% | Stacks: 1 | Value: 0.500 | Remaining Turns: 1 | TickDown: SUS, PERM | Target: SUS | Affects: ['ALL']
        WarriorGoddessHealSPD | SPD% | Stacks: 1 | Value: 0.060 | Remaining Turns: 2 | TickDown: SUS, START | Target: SUS | Affects: ['ALL']
        WarriorGoddessHealCD | CD% | Stacks: 1 | Value: 0.150 | Remaining Turns: 2 | TickDown: SUS, START | Target: SUS | Affects: ['ALL']
        ----------End of Buff List----------

        ----------Enemy Debuffs----------
        MortenaxBladeUltVul | From: SUP2 | VULN | Stacks: 1 | Value: 0.500 | Remaining Turns: 2 | Target: 1 | Targeting: ST | Affects: ['ALL'] | DOT: False | Blast: False
        MortenaxBladeUltShred | From: SUP2 | SHRED | Stacks: 1 | Value: 0.300 | Remaining Turns: 2 | Target: 1 | Targeting: ST | Affects: ['ALL'] | DOT: False | Blast: False
        ResoShred(SUP2) | From: SUP2 | SHRED | Stacks: 1 | Value: 0.160 | Remaining Turns: 1 | Target: 1 | Targeting: AOE | Affects: ['ALL'] | DOT: False | Blast: False
        Enemy 1 WIN-break | From: DPS | WINDSHEAR | Stacks: 1 | Value: 12621.002 | Remaining Turns: 2 | Target: 1 | Targeting: ST | Affects: ['ALL'] | DOT: True | Blast: False
        ----------End of Debuff List----------
        ----------Healing List----------
        ----------End of Healing List----------
    GAUGE  - Enemy 1 toughness reduced by 0.000
    RESULT - HuoHuoAllyERR | HuoHuo | SUS | DMG: 0.000 | ELADMG: 0.000 | Enemies Hit: [1] | Enemies Broken: [] | WB DMG: 0.000 | Energy: 1.354 | Amount HP Healed: 0.000 | Amount HP Lost: 0.000 | HuoHuo Energy: 14/140 | SP: 3 | MaxSP: 5)
SPD    > Gilgamesh speed changed to 320.632 | NewAV: 5.639
AV     > MortenaxBlade AV reset to 64.503 | 155.032 SPD

<<< NEW TURN >>>
-   Gilgamesh AV: 0.000 ENERGY: 113.000 MaxHP: 3134.558 CurrHp 1983.823 ShieldHP: 0.000
-   HuoHuo AV: 52.624 ENERGY: 13.544 MaxHP: 6139.808 CurrHp 5687.249 ShieldHP: 0.000
-   MortenaxBlade AV: 58.864 ENERGY: 99.847 MaxHP: 4779.283 CurrHp 2063.626 ShieldHP: 0.000
-   Enemy 2 AV: 63.273 ENERGY: 0.000 MaxHP: 2000000.000 CurrHp 1984706.962 ShieldHP: 0.000
-   Enemy 0 AV: 63.273 ENERGY: 0.000 MaxHP: 2000000.000 CurrHp 1984706.962 ShieldHP: 0.000
-   Saber AV: 66.867 ENERGY: 161.000 MaxHP: 3366.991 CurrHp 3366.991 ShieldHP: 0.000
-   Enemy 1 AV: 67.789 ENERGY: 0.000 MaxHP: 5000000.000 CurrHp 4964316.245 ShieldHP: 0.000
-   InfiniteFury AV: 133.173 ENERGY: 0.000 MaxHP: 0.000 CurrHp 0.000 ShieldHP: 0.000

Combat context set: 3 enemies, 4 players
Combat context initialized: 3 enemies, Elation team size: 0
ACTION > [CHAR] TotalAV: 263.651 | TurnAV: 5.639 | Gilgamesh | E-move
Gilgamesh JointCounter increased by one, current count: 4
    TURN   - GilgameshSkill | Gilgamesh | SUP1 | BLAST attack | ['LNG'] | ['SKL'] | Scaling: ATK | TargetID: 1 | DMG/BREAK Splits: [2.8, 1.4]/[20, 10] | Energy Gained: 30 | SP Change: 0

        ----------Char Buffs----------
        ScholarCR | CR% | Stacks: 1 | Value: 0.080 | Remaining Turns: 1 | TickDown: SUP1, PERM | Target: SUP1 | Affects: ['ALL']
        ScholarDMG | DMG% | Stacks: 1 | Value: 0.200 | Remaining Turns: 1 | TickDown: SUP1, PERM | Target: SUP1 | Affects: ['SKL', 'ULT']
        GilgameshTraceATK | ATK | Stacks: 1 | Value: 0.180 | Remaining Turns: 1 | TickDown: SUP1, PERM | Target: SUP1 | Affects: ['ALL']
        GilgameshTraceCR | CR% | Stacks: 1 | Value: 0.187 | Remaining Turns: 1 | TickDown: SUP1, PERM | Target: SUP1 | Affects: ['ALL']
        GilgameshTraceDMG | DMG% | Stacks: 1 | Value: 0.080 | Remaining Turns: 1 | TickDown: SUP1, PERM | Target: SUP1 | Affects: ['ALL']
        GilgameshTrace3ATK | ATK% | Stacks: 1 | Value: 0.200 | Remaining Turns: 1 | TickDown: SUP1, PERM | Target: SUP1 | Affects: ['ALL']
        GilgameshTrace3CD | CD% | Stacks: 1 | Value: 0.200 | Remaining Turns: 1 | TickDown: SUP1, PERM | Target: SUP1 | Affects: ['ALL']
        GilgameshTrace3SelfATK | ATK% | Stacks: 1 | Value: 1.000 | Remaining Turns: 1 | TickDown: SUP1, PERM | Target: SUP1 | Affects: ['ALL']
        GilgameshTrace3SelfCD | CD% | Stacks: 1 | Value: 1.000 | Remaining Turns: 1 | TickDown: SUP1, PERM | Target: SUP1 | Affects: ['ALL']
        KeelCD(SUS) | CD% | Stacks: 1 | Value: 0.100 | Remaining Turns: 1 | TickDown: SUP1, PERM | Target: SUP1 | Affects: ['ALL']
        CosmicLifeDMG | DMG% | Stacks: 1 | Value: 0.320 | Remaining Turns: 1 | TickDown: SUP1, PERM | Target: SUP1 | Affects: ['ALL']
        Trace2CDExtra | CD% | Stacks: 1 | Value: 1.500 | Remaining Turns: 1 | TickDown: SUP1, PERM | Target: SUP1 | Affects: ['ALL']
        GilgameshInterestSPD | SPD% | Stacks: 1 | Value: 2.000 | Remaining Turns: 1 | TickDown: SUP2, PERM | Target: SUP1 | Affects: ['ALL']
        MasterSmithComburent | DMG% | Stacks: 1 | Value: 0.150 | Remaining Turns: 2 | TickDown: SUP1, END | Target: SUP1 | Affects: ['ALL']
        MortenaxBladeDMGBoost | DMG% | Stacks: 1 | Value: 0.500 | Remaining Turns: 1 | TickDown: SUP1, PERM | Target: SUP1 | Affects: ['ALL']
        AeonATK | ATK% | Stacks: 1 | Value: 0.640 | Remaining Turns: 1 | TickDown: SUP1, PERM | Target: SUP1 | Affects: ['ALL']
        GilgameshSKLShred | SHRED | Stacks: 1 | Value: 0.300 | Remaining Turns: 3 | TickDown: SUP1, END | Target: SUP1 | Affects: ['ALL']
        WarriorGoddessHealCD | CD% | Stacks: 1 | Value: 0.150 | Remaining Turns: 1 | TickDown: SUP1, START | Target: SUP1 | Affects: ['ALL']
        HuoHuoUltATK | ATK% | Stacks: 1 | Value: 0.400 | Remaining Turns: 2 | TickDown: SUP1, END | Target: SUP1 | Affects: ['ALL']
        HuoHuoUltExtraATK | ATK% | Stacks: 1 | Value: 0.240 | Remaining Turns: 2 | TickDown: SUP1, END | Target: SUP1 | Affects: ['ALL']
        ScholarBonusDMG | DMG% | Stacks: 1 | Value: 0.250 | Remaining Turns: 1 | TickDown: SUP1, START | Target: SUP1 | Affects: ['SKL']
        ----------End of Buff List----------

        ----------Enemy Debuffs----------
        MortenaxBladeUltVul | From: SUP2 | VULN | Stacks: 1 | Value: 0.500 | Remaining Turns: 2 | Target: 1 | Targeting: ST | Affects: ['ALL'] | DOT: False | Blast: False
        MortenaxBladeUltShred | From: SUP2 | SHRED | Stacks: 1 | Value: 0.300 | Remaining Turns: 2 | Target: 1 | Targeting: ST | Affects: ['ALL'] | DOT: False | Blast: False
        ResoShred(SUP2) | From: SUP2 | SHRED | Stacks: 1 | Value: 0.160 | Remaining Turns: 1 | Target: 1 | Targeting: AOE | Affects: ['ALL'] | DOT: False | Blast: False
        Enemy 1 WIN-break | From: DPS | WINDSHEAR | Stacks: 1 | Value: 12621.002 | Remaining Turns: 2 | Target: 1 | Targeting: ST | Affects: ['ALL'] | DOT: True | Blast: False
        ----------End of Debuff List----------
        ----------Healing List----------
        ----------End of Healing List----------
    GAUGE  - Enemy 1 toughness reduced by 0.000
    GAUGE  - Enemy 0 toughness reduced by 0.000
    GAUGE  - Enemy 2 toughness reduced by 0.000
    RESULT - GilgameshSkill | Gilgamesh | SUP1 | DMG: 416376.027 | ELADMG: 0.000 | Enemies Hit: [1, 0, 2] | Enemies Broken: [] | WB DMG: 0.000 | Energy: 30.000 | Amount HP Healed: 0.000 | Amount HP Lost: 0.000 | Gilgamesh Energy: 143/360 | SP: 3 | MaxSP: 5)
MortenaxBlade has obtained 1 Charge. Current Charge count: 4.
    TURN   - HuoHuoAllyERR | HuoHuo | SUS | NA attack | ['WIN'] | ['SPECIAL'] | Scaling: HP | TargetID: 1 | DMG/BREAK Splits: [0, 0]/[0, 0] | Energy Gained: 1 | SP Change: 0

        ----------Char Buffs----------
        GilgameshTrace3ATK | ATK% | Stacks: 1 | Value: 0.200 | Remaining Turns: 1 | TickDown: SUS, PERM | Target: SUS | Affects: ['ALL']
        GilgameshTrace3CD | CD% | Stacks: 1 | Value: 0.200 | Remaining Turns: 1 | TickDown: SUS, PERM | Target: SUS | Affects: ['ALL']
        PostOpERR | ERR% | Stacks: 1 | Value: 0.160 | Remaining Turns: 1 | TickDown: SUS, PERM | Target: SUS | Affects: ['ALL']
        WarriorGoddessSPD | SPD% | Stacks: 1 | Value: 0.060 | Remaining Turns: 1 | TickDown: SUS, PERM | Target: SUS | Affects: ['ALL']
        KeelEFFRES | ERS% | Stacks: 1 | Value: 0.100 | Remaining Turns: 1 | TickDown: SUS, PERM | Target: SUS | Affects: ['ALL']
        KeelCD(SUS) | CD% | Stacks: 1 | Value: 0.100 | Remaining Turns: 1 | TickDown: SUS, PERM | Target: SUS | Affects: ['ALL']
        HHTraceHP | HP% | Stacks: 1 | Value: 0.280 | Remaining Turns: 1 | TickDown: SUS, PERM | Target: SUS | Affects: ['ALL']
        HHTraceERS | ERS% | Stacks: 1 | Value: 0.180 | Remaining Turns: 1 | TickDown: SUS, PERM | Target: SUS | Affects: ['ALL']
        HHTraceSPD | SPD | Stacks: 1 | Value: 5.000 | Remaining Turns: 1 | TickDown: SUS, PERM | Target: SUS | Affects: ['ALL']
        MasterSmithComburent | DMG% | Stacks: 1 | Value: 0.150 | Remaining Turns: 2 | TickDown: SUS, END | Target: SUS | Affects: ['ALL']
        MortenaxBladeDMGBoost | DMG% | Stacks: 1 | Value: 0.500 | Remaining Turns: 1 | TickDown: SUS, PERM | Target: SUS | Affects: ['ALL']
        WarriorGoddessHealSPD | SPD% | Stacks: 1 | Value: 0.060 | Remaining Turns: 2 | TickDown: SUS, START | Target: SUS | Affects: ['ALL']
        WarriorGoddessHealCD | CD% | Stacks: 1 | Value: 0.150 | Remaining Turns: 2 | TickDown: SUS, START | Target: SUS | Affects: ['ALL']
        ----------End of Buff List----------

        ----------Enemy Debuffs----------
        MortenaxBladeUltVul | From: SUP2 | VULN | Stacks: 1 | Value: 0.500 | Remaining Turns: 2 | Target: 1 | Targeting: ST | Affects: ['ALL'] | DOT: False | Blast: False
        MortenaxBladeUltShred | From: SUP2 | SHRED | Stacks: 1 | Value: 0.300 | Remaining Turns: 2 | Target: 1 | Targeting: ST | Affects: ['ALL'] | DOT: False | Blast: False
        ResoShred(SUP2) | From: SUP2 | SHRED | Stacks: 1 | Value: 0.160 | Remaining Turns: 1 | Target: 1 | Targeting: AOE | Affects: ['ALL'] | DOT: False | Blast: False
        Enemy 1 WIN-break | From: DPS | WINDSHEAR | Stacks: 1 | Value: 12621.002 | Remaining Turns: 2 | Target: 1 | Targeting: ST | Affects: ['ALL'] | DOT: True | Blast: False
        ----------End of Debuff List----------
        ----------Healing List----------
        HuoHuoTalentHealingScaling | Targeting: Targeting.SINGLE | Healing Value: [0] | Target: ALL
        HuoHuoTalentHealingScaling | Targeting: Targeting.SINGLE | Healing Value: [0.045] | Target: ALL
        HuoHuoTalentHealingScaling | Targeting: Targeting.SINGLE | Healing Value: [0] | Target: ALL
        HuoHuoTalentHealingScaling | Targeting: Targeting.SINGLE | Healing Value: [0] | Target: ALL
        HuoHuoTalentHealingFlat | Targeting: Targeting.SINGLE | Healing Value: [0] | Target: ALL
        HuoHuoTalentHealingFlat | Targeting: Targeting.SINGLE | Healing Value: [120] | Target: ALL
        HuoHuoTalentHealingFlat | Targeting: Targeting.SINGLE | Healing Value: [0] | Target: ALL
        HuoHuoTalentHealingFlat | Targeting: Targeting.SINGLE | Healing Value: [0] | Target: ALL
        ----------End of Healing List----------
    GAUGE  - Enemy 1 toughness reduced by 0.000
    RESULT - HuoHuoAllyERR | HuoHuo | SUS | DMG: 0.000 | ELADMG: 0.000 | Enemies Hit: [1] | Enemies Broken: [] | WB DMG: 0.000 | Energy: 1.354 | Amount HP Healed: 371.779 | Amount HP Lost: 0.000 | HuoHuo Energy: 15/140 | SP: 3 | MaxSP: 5)
SPD    > Gilgamesh speed changed to 126.632 | NewAV: 0.000
AV     > Gilgamesh AV reset to 78.969 | 126.632 SPD

<<< NEW TURN >>>
-   HuoHuo AV: 0.000 ENERGY: 14.898 MaxHP: 6139.808 CurrHp 5687.249 ShieldHP: 0.000
-   MortenaxBlade AV: 6.239 ENERGY: 99.847 MaxHP: 4779.283 CurrHp 2063.626 ShieldHP: 0.000
-   Enemy 2 AV: 10.648 ENERGY: 0.000 MaxHP: 2000000.000 CurrHp 1880612.955 ShieldHP: 0.000
-   Enemy 0 AV: 10.648 ENERGY: 0.000 MaxHP: 2000000.000 CurrHp 1880612.955 ShieldHP: 0.000
-   Saber AV: 14.243 ENERGY: 161.000 MaxHP: 3366.991 CurrHp 3366.991 ShieldHP: 0.000
-   Enemy 1 AV: 15.165 ENERGY: 0.000 MaxHP: 5000000.000 CurrHp 4756128.231 ShieldHP: 0.000
-   Gilgamesh AV: 26.345 ENERGY: 143.000 MaxHP: 3134.558 CurrHp 2355.602 ShieldHP: 0.000
-   InfiniteFury AV: 80.549 ENERGY: 0.000 MaxHP: 0.000 CurrHp 0.000 ShieldHP: 0.000

Combat context set: 3 enemies, 4 players
Combat context initialized: 3 enemies, Elation team size: 0
ACTION > [CHAR] TotalAV: 316.275 | TurnAV: 52.624 | HuoHuo | A-move
    TURN   - HuoHuoBasic | HuoHuo | SUS | ST attack | ['WIN'] | ['BSC'] | Scaling: HP | TargetID: 1 | DMG/BREAK Splits: [0.5, 0]/[10, 0] | Energy Gained: 20 | SP Change: 1

        ----------Char Buffs----------
        GilgameshTrace3ATK | ATK% | Stacks: 1 | Value: 0.200 | Remaining Turns: 1 | TickDown: SUS, PERM | Target: SUS | Affects: ['ALL']
        GilgameshTrace3CD | CD% | Stacks: 1 | Value: 0.200 | Remaining Turns: 1 | TickDown: SUS, PERM | Target: SUS | Affects: ['ALL']
        PostOpERR | ERR% | Stacks: 1 | Value: 0.160 | Remaining Turns: 1 | TickDown: SUS, PERM | Target: SUS | Affects: ['ALL']
        WarriorGoddessSPD | SPD% | Stacks: 1 | Value: 0.060 | Remaining Turns: 1 | TickDown: SUS, PERM | Target: SUS | Affects: ['ALL']
        KeelEFFRES | ERS% | Stacks: 1 | Value: 0.100 | Remaining Turns: 1 | TickDown: SUS, PERM | Target: SUS | Affects: ['ALL']
        KeelCD(SUS) | CD% | Stacks: 1 | Value: 0.100 | Remaining Turns: 1 | TickDown: SUS, PERM | Target: SUS | Affects: ['ALL']
        HHTraceHP | HP% | Stacks: 1 | Value: 0.280 | Remaining Turns: 1 | TickDown: SUS, PERM | Target: SUS | Affects: ['ALL']
        HHTraceERS | ERS% | Stacks: 1 | Value: 0.180 | Remaining Turns: 1 | TickDown: SUS, PERM | Target: SUS | Affects: ['ALL']
        HHTraceSPD | SPD | Stacks: 1 | Value: 5.000 | Remaining Turns: 1 | TickDown: SUS, PERM | Target: SUS | Affects: ['ALL']
        MasterSmithComburent | DMG% | Stacks: 1 | Value: 0.150 | Remaining Turns: 2 | TickDown: SUS, END | Target: SUS | Affects: ['ALL']
        MortenaxBladeDMGBoost | DMG% | Stacks: 1 | Value: 0.500 | Remaining Turns: 1 | TickDown: SUS, PERM | Target: SUS | Affects: ['ALL']
        WarriorGoddessHealSPD | SPD% | Stacks: 1 | Value: 0.060 | Remaining Turns: 1 | TickDown: SUS, START | Target: SUS | Affects: ['ALL']
        WarriorGoddessHealCD | CD% | Stacks: 1 | Value: 0.150 | Remaining Turns: 1 | TickDown: SUS, START | Target: SUS | Affects: ['ALL']
        ----------End of Buff List----------

        ----------Enemy Debuffs----------
        MortenaxBladeUltVul | From: SUP2 | VULN | Stacks: 1 | Value: 0.500 | Remaining Turns: 2 | Target: 1 | Targeting: ST | Affects: ['ALL'] | DOT: False | Blast: False
        MortenaxBladeUltShred | From: SUP2 | SHRED | Stacks: 1 | Value: 0.300 | Remaining Turns: 2 | Target: 1 | Targeting: ST | Affects: ['ALL'] | DOT: False | Blast: False
        ResoShred(SUP2) | From: SUP2 | SHRED | Stacks: 1 | Value: 0.160 | Remaining Turns: 1 | Target: 1 | Targeting: AOE | Affects: ['ALL'] | DOT: False | Blast: False
        Enemy 1 WIN-break | From: DPS | WINDSHEAR | Stacks: 1 | Value: 12621.002 | Remaining Turns: 2 | Target: 1 | Targeting: ST | Affects: ['ALL'] | DOT: True | Blast: False
        ----------End of Debuff List----------
        ----------Healing List----------
        ----------End of Healing List----------
    GAUGE  - Enemy 1 toughness reduced by 10.000
    RESULT - HuoHuoBasic | HuoHuo | SUS | DMG: 5228.794 | ELADMG: 0.000 | Enemies Hit: [1] | Enemies Broken: [] | WB DMG: 0.000 | Energy: 27.088 | Amount HP Healed: 0.000 | Amount HP Lost: 0.000 | HuoHuo Energy: 42/140 | SP: 4 | MaxSP: 5)
Gilgamesh Obtained 1 Interest from Teammate, Current count: 1
MortenaxBlade has obtained 1 Charge. Current Charge count: 5.
SPD    > Gilgamesh speed changed to 136.332 | NewAV: 24.470
AV     > HuoHuo AV reset to 62.308 | 160.492 SPD

<<< NEW TURN >>>
-   MortenaxBlade AV: 0.000 ENERGY: 99.847 MaxHP: 4779.283 CurrHp 2063.626 ShieldHP: 0.000
-   Enemy 2 AV: 4.409 ENERGY: 0.000 MaxHP: 2000000.000 CurrHp 1880612.955 ShieldHP: 0.000
-   Enemy 0 AV: 4.409 ENERGY: 0.000 MaxHP: 2000000.000 CurrHp 1880612.955 ShieldHP: 0.000
-   Saber AV: 8.003 ENERGY: 161.000 MaxHP: 3366.991 CurrHp 3366.991 ShieldHP: 0.000
-   Enemy 1 AV: 8.925 ENERGY: 0.000 MaxHP: 5000000.000 CurrHp 4750899.438 ShieldHP: 0.000
-   Gilgamesh AV: 18.231 ENERGY: 143.000 MaxHP: 3134.558 CurrHp 2355.602 ShieldHP: 0.000
-   HuoHuo AV: 56.069 ENERGY: 41.986 MaxHP: 6139.808 CurrHp 5687.249 ShieldHP: 0.000
-   InfiniteFury AV: 74.310 ENERGY: 0.000 MaxHP: 0.000 CurrHp 0.000 ShieldHP: 0.000

Combat context set: 3 enemies, 4 players
Combat context initialized: 3 enemies, Elation team size: 0
ACTION > [CHAR] TotalAV: 322.514 | TurnAV: 6.239 | MortenaxBlade | E-move
MortenaxBlade has obtained 1 Charge. Current Charge count: 6.
    TURN   - MortenaxBladeAOESkill | MortenaxBlade | SUP2 | AOE attack | ['FIR'] | ['SKL'] | Scaling: HP | TargetID: 1 | DMG/BREAK Splits: [0.72, 0]/[10, 0] | Energy Gained: 30 | SP Change: 0

        ----------Char Buffs----------
        GilgameshTrace3ATK | ATK% | Stacks: 1 | Value: 0.200 | Remaining Turns: 1 | TickDown: SUP2, PERM | Target: SUP2 | Affects: ['ALL']
        GilgameshTrace3CD | CD% | Stacks: 1 | Value: 0.200 | Remaining Turns: 1 | TickDown: SUP2, PERM | Target: SUP2 | Affects: ['ALL']
        MasterSmithHP | HP% | Stacks: 1 | Value: 0.120 | Remaining Turns: 1 | TickDown: SUP2, PERM | Target: SUP2 | Affects: ['ALL']
        LushakaERR | ERR% | Stacks: 1 | Value: 0.050 | Remaining Turns: 1 | TickDown: SUP2, PERM | Target: SUP2 | Affects: ['ALL']
        MortenaxBladeTraceCR | CR% | Stacks: 1 | Value: 0.120 | Remaining Turns: 1 | TickDown: SUP2, PERM | Target: SUP2 | Affects: ['ALL']
        MortenaxBladeTraceHP | HP% | Stacks: 1 | Value: 0.100 | Remaining Turns: 1 | TickDown: SUP2, PERM | Target: SUP2 | Affects: ['ALL']
        MortenaxBladeTraceDMG | DMG% | Stacks: 1 | Value: 0.224 | Remaining Turns: 1 | TickDown: SUP2, PERM | Target: SUP2 | Affects: ['ALL']
        KeelCD(SUS) | CD% | Stacks: 1 | Value: 0.100 | Remaining Turns: 1 | TickDown: SUP2, PERM | Target: SUP2 | Affects: ['ALL']
        MasterSmithCD | CD% | Stacks: 1 | Value: 0.280 | Remaining Turns: 1 | TickDown: SUP2, PERM | Target: SUP2 | Affects: ['ALL']
        MasterSmithComburent | DMG% | Stacks: 1 | Value: 0.150 | Remaining Turns: 1 | TickDown: SUP2, END | Target: SUP2 | Affects: ['ALL']
        MortenaxBladeCRBoost | CR% | Stacks: 1 | Value: 0.200 | Remaining Turns: 1 | TickDown: SUP2, PERM | Target: SUP2 | Affects: ['ALL']
        MortenaxBladeCDBoost | CD% | Stacks: 1 | Value: 0.600 | Remaining Turns: 1 | TickDown: SUP2, PERM | Target: SUP2 | Affects: ['ALL']
        MortenaxBladeDMGReduction | DMG_REDUCTION | Stacks: 1 | Value: 0.500 | Remaining Turns: 1 | TickDown: SUP2, PERM | Target: SUP2 | Affects: ['ALL']
        MortenaxBladeDMGBoost | DMG% | Stacks: 1 | Value: 0.500 | Remaining Turns: 1 | TickDown: SUP2, PERM | Target: SUP2 | Affects: ['ALL']
        MortenaxBladeDMG | DMG% | Stacks: 1 | Value: 0.750 | Remaining Turns: 1 | TickDown: SUP2, PERM | Target: SUP2 | Affects: ['ALL']
        WarriorGoddessHealCD | CD% | Stacks: 1 | Value: 0.150 | Remaining Turns: 1 | TickDown: SUP2, START | Target: SUP2 | Affects: ['ALL']
        HuoHuoUltATK | ATK% | Stacks: 1 | Value: 0.400 | Remaining Turns: 1 | TickDown: SUP2, END | Target: SUP2 | Affects: ['ALL']
        HuoHuoUltExtraATK | ATK% | Stacks: 1 | Value: 0.240 | Remaining Turns: 1 | TickDown: SUP2, END | Target: SUP2 | Affects: ['ALL']
        ----------End of Buff List----------

        ----------Enemy Debuffs----------
        MortenaxBladeUltVul | From: SUP2 | VULN | Stacks: 1 | Value: 0.500 | Remaining Turns: 2 | Target: 1 | Targeting: ST | Affects: ['ALL'] | DOT: False | Blast: False
        MortenaxBladeUltShred | From: SUP2 | SHRED | Stacks: 1 | Value: 0.300 | Remaining Turns: 2 | Target: 1 | Targeting: ST | Affects: ['ALL'] | DOT: False | Blast: False
        ResoShred(SUP2) | From: SUP2 | SHRED | Stacks: 1 | Value: 0.160 | Remaining Turns: 1 | Target: 1 | Targeting: AOE | Affects: ['ALL'] | DOT: False | Blast: False
        Enemy 1 WIN-break | From: DPS | WINDSHEAR | Stacks: 1 | Value: 12621.002 | Remaining Turns: 2 | Target: 1 | Targeting: ST | Affects: ['ALL'] | DOT: True | Blast: False
        ----------End of Debuff List----------
        ----------Healing List----------
        ----------End of Healing List----------
    GAUGE  - Enemy 0 toughness reduced by 0.000
    GAUGE  - Enemy 1 toughness reduced by 0.000
    GAUGE  - Enemy 2 toughness reduced by 0.000
    RESULT - MortenaxBladeAOESkill | MortenaxBlade | SUP2 | DMG: 45879.114 | ELADMG: 0.000 | Enemies Hit: [0, 1, 2] | Enemies Broken: [] | WB DMG: 0.000 | Energy: 37.332 | Amount HP Healed: 0.000 | Amount HP Lost: 0.000 | MortenaxBlade Energy: 137/160 | SP: 4 | MaxSP: 5)
Gilgamesh Obtained 1 Interest from Teammate, Current count: 2
    TURN   - MortenaxBladeBounceSkill | MortenaxBlade | SUP2 | ST attack | ['FIR'] | ['SKL'] | Scaling: HP | TargetID: 1 | DMG/BREAK Splits: [0.24, 0]/[5, 0] | Energy Gained: 0 | SP Change: 0

        ----------Char Buffs----------
        GilgameshTrace3ATK | ATK% | Stacks: 1 | Value: 0.200 | Remaining Turns: 1 | TickDown: SUP2, PERM | Target: SUP2 | Affects: ['ALL']
        GilgameshTrace3CD | CD% | Stacks: 1 | Value: 0.200 | Remaining Turns: 1 | TickDown: SUP2, PERM | Target: SUP2 | Affects: ['ALL']
        MasterSmithHP | HP% | Stacks: 1 | Value: 0.120 | Remaining Turns: 1 | TickDown: SUP2, PERM | Target: SUP2 | Affects: ['ALL']
        LushakaERR | ERR% | Stacks: 1 | Value: 0.050 | Remaining Turns: 1 | TickDown: SUP2, PERM | Target: SUP2 | Affects: ['ALL']
        MortenaxBladeTraceCR | CR% | Stacks: 1 | Value: 0.120 | Remaining Turns: 1 | TickDown: SUP2, PERM | Target: SUP2 | Affects: ['ALL']
        MortenaxBladeTraceHP | HP% | Stacks: 1 | Value: 0.100 | Remaining Turns: 1 | TickDown: SUP2, PERM | Target: SUP2 | Affects: ['ALL']
        MortenaxBladeTraceDMG | DMG% | Stacks: 1 | Value: 0.224 | Remaining Turns: 1 | TickDown: SUP2, PERM | Target: SUP2 | Affects: ['ALL']
        KeelCD(SUS) | CD% | Stacks: 1 | Value: 0.100 | Remaining Turns: 1 | TickDown: SUP2, PERM | Target: SUP2 | Affects: ['ALL']
        MasterSmithCD | CD% | Stacks: 1 | Value: 0.280 | Remaining Turns: 1 | TickDown: SUP2, PERM | Target: SUP2 | Affects: ['ALL']
        MasterSmithComburent | DMG% | Stacks: 1 | Value: 0.150 | Remaining Turns: 2 | TickDown: SUP2, END | Target: SUP2 | Affects: ['ALL']
        MortenaxBladeCRBoost | CR% | Stacks: 1 | Value: 0.200 | Remaining Turns: 1 | TickDown: SUP2, PERM | Target: SUP2 | Affects: ['ALL']
        MortenaxBladeCDBoost | CD% | Stacks: 1 | Value: 0.600 | Remaining Turns: 1 | TickDown: SUP2, PERM | Target: SUP2 | Affects: ['ALL']
        MortenaxBladeDMGReduction | DMG_REDUCTION | Stacks: 1 | Value: 0.500 | Remaining Turns: 1 | TickDown: SUP2, PERM | Target: SUP2 | Affects: ['ALL']
        MortenaxBladeDMGBoost | DMG% | Stacks: 1 | Value: 0.500 | Remaining Turns: 1 | TickDown: SUP2, PERM | Target: SUP2 | Affects: ['ALL']
        MortenaxBladeDMG | DMG% | Stacks: 1 | Value: 0.750 | Remaining Turns: 1 | TickDown: SUP2, PERM | Target: SUP2 | Affects: ['ALL']
        WarriorGoddessHealCD | CD% | Stacks: 1 | Value: 0.150 | Remaining Turns: 1 | TickDown: SUP2, START | Target: SUP2 | Affects: ['ALL']
        HuoHuoUltATK | ATK% | Stacks: 1 | Value: 0.400 | Remaining Turns: 1 | TickDown: SUP2, END | Target: SUP2 | Affects: ['ALL']
        HuoHuoUltExtraATK | ATK% | Stacks: 1 | Value: 0.240 | Remaining Turns: 1 | TickDown: SUP2, END | Target: SUP2 | Affects: ['ALL']
        ----------End of Buff List----------

        ----------Enemy Debuffs----------
        MortenaxBladeUltVul | From: SUP2 | VULN | Stacks: 1 | Value: 0.500 | Remaining Turns: 2 | Target: 1 | Targeting: ST | Affects: ['ALL'] | DOT: False | Blast: False
        MortenaxBladeUltShred | From: SUP2 | SHRED | Stacks: 1 | Value: 0.300 | Remaining Turns: 2 | Target: 1 | Targeting: ST | Affects: ['ALL'] | DOT: False | Blast: False
        ResoShred(SUP2) | From: SUP2 | SHRED | Stacks: 1 | Value: 0.160 | Remaining Turns: 1 | Target: 1 | Targeting: AOE | Affects: ['ALL'] | DOT: False | Blast: False
        Enemy 1 WIN-break | From: DPS | WINDSHEAR | Stacks: 1 | Value: 12621.002 | Remaining Turns: 2 | Target: 1 | Targeting: ST | Affects: ['ALL'] | DOT: True | Blast: False
        ----------End of Debuff List----------
        ----------Healing List----------
        ----------End of Healing List----------
    GAUGE  - Enemy 1 toughness reduced by 0.000
    RESULT - MortenaxBladeBounceSkill | MortenaxBlade | SUP2 | DMG: 5097.679 | ELADMG: 0.000 | Enemies Hit: [1] | Enemies Broken: [] | WB DMG: 0.000 | Energy: 0.000 | Amount HP Healed: 0.000 | Amount HP Lost: 0.000 | MortenaxBlade Energy: 137/160 | SP: 4 | MaxSP: 5)
    TURN   - MortenaxBladeBounceSkill | MortenaxBlade | SUP2 | ST attack | ['FIR'] | ['SKL'] | Scaling: HP | TargetID: 1 | DMG/BREAK Splits: [0.24, 0]/[5, 0] | Energy Gained: 0 | SP Change: 0

        ----------Char Buffs----------
        GilgameshTrace3ATK | ATK% | Stacks: 1 | Value: 0.200 | Remaining Turns: 1 | TickDown: SUP2, PERM | Target: SUP2 | Affects: ['ALL']
        GilgameshTrace3CD | CD% | Stacks: 1 | Value: 0.200 | Remaining Turns: 1 | TickDown: SUP2, PERM | Target: SUP2 | Affects: ['ALL']
        MasterSmithHP | HP% | Stacks: 1 | Value: 0.120 | Remaining Turns: 1 | TickDown: SUP2, PERM | Target: SUP2 | Affects: ['ALL']
        LushakaERR | ERR% | Stacks: 1 | Value: 0.050 | Remaining Turns: 1 | TickDown: SUP2, PERM | Target: SUP2 | Affects: ['ALL']
        MortenaxBladeTraceCR | CR% | Stacks: 1 | Value: 0.120 | Remaining Turns: 1 | TickDown: SUP2, PERM | Target: SUP2 | Affects: ['ALL']
        MortenaxBladeTraceHP | HP% | Stacks: 1 | Value: 0.100 | Remaining Turns: 1 | TickDown: SUP2, PERM | Target: SUP2 | Affects: ['ALL']
        MortenaxBladeTraceDMG | DMG% | Stacks: 1 | Value: 0.224 | Remaining Turns: 1 | TickDown: SUP2, PERM | Target: SUP2 | Affects: ['ALL']
        KeelCD(SUS) | CD% | Stacks: 1 | Value: 0.100 | Remaining Turns: 1 | TickDown: SUP2, PERM | Target: SUP2 | Affects: ['ALL']
        MasterSmithCD | CD% | Stacks: 1 | Value: 0.280 | Remaining Turns: 1 | TickDown: SUP2, PERM | Target: SUP2 | Affects: ['ALL']
        MasterSmithComburent | DMG% | Stacks: 1 | Value: 0.150 | Remaining Turns: 2 | TickDown: SUP2, END | Target: SUP2 | Affects: ['ALL']
        MortenaxBladeCRBoost | CR% | Stacks: 1 | Value: 0.200 | Remaining Turns: 1 | TickDown: SUP2, PERM | Target: SUP2 | Affects: ['ALL']
        MortenaxBladeCDBoost | CD% | Stacks: 1 | Value: 0.600 | Remaining Turns: 1 | TickDown: SUP2, PERM | Target: SUP2 | Affects: ['ALL']
        MortenaxBladeDMGReduction | DMG_REDUCTION | Stacks: 1 | Value: 0.500 | Remaining Turns: 1 | TickDown: SUP2, PERM | Target: SUP2 | Affects: ['ALL']
        MortenaxBladeDMGBoost | DMG% | Stacks: 1 | Value: 0.500 | Remaining Turns: 1 | TickDown: SUP2, PERM | Target: SUP2 | Affects: ['ALL']
        MortenaxBladeDMG | DMG% | Stacks: 1 | Value: 0.750 | Remaining Turns: 1 | TickDown: SUP2, PERM | Target: SUP2 | Affects: ['ALL']
        WarriorGoddessHealCD | CD% | Stacks: 1 | Value: 0.150 | Remaining Turns: 1 | TickDown: SUP2, START | Target: SUP2 | Affects: ['ALL']
        HuoHuoUltATK | ATK% | Stacks: 1 | Value: 0.400 | Remaining Turns: 1 | TickDown: SUP2, END | Target: SUP2 | Affects: ['ALL']
        HuoHuoUltExtraATK | ATK% | Stacks: 1 | Value: 0.240 | Remaining Turns: 1 | TickDown: SUP2, END | Target: SUP2 | Affects: ['ALL']
        ----------End of Buff List----------

        ----------Enemy Debuffs----------
        MortenaxBladeUltVul | From: SUP2 | VULN | Stacks: 1 | Value: 0.500 | Remaining Turns: 2 | Target: 1 | Targeting: ST | Affects: ['ALL'] | DOT: False | Blast: False
        MortenaxBladeUltShred | From: SUP2 | SHRED | Stacks: 1 | Value: 0.300 | Remaining Turns: 2 | Target: 1 | Targeting: ST | Affects: ['ALL'] | DOT: False | Blast: False
        ResoShred(SUP2) | From: SUP2 | SHRED | Stacks: 1 | Value: 0.160 | Remaining Turns: 1 | Target: 1 | Targeting: AOE | Affects: ['ALL'] | DOT: False | Blast: False
        Enemy 1 WIN-break | From: DPS | WINDSHEAR | Stacks: 1 | Value: 12621.002 | Remaining Turns: 2 | Target: 1 | Targeting: ST | Affects: ['ALL'] | DOT: True | Blast: False
        ----------End of Debuff List----------
        ----------Healing List----------
        ----------End of Healing List----------
    GAUGE  - Enemy 1 toughness reduced by 0.000
    RESULT - MortenaxBladeBounceSkill | MortenaxBlade | SUP2 | DMG: 5097.679 | ELADMG: 0.000 | Enemies Hit: [1] | Enemies Broken: [] | WB DMG: 0.000 | Energy: 0.000 | Amount HP Healed: 0.000 | Amount HP Lost: 0.000 | MortenaxBlade Energy: 137/160 | SP: 4 | MaxSP: 5)
    TURN   - MortenaxBladeBounceSkill | MortenaxBlade | SUP2 | ST attack | ['FIR'] | ['SKL'] | Scaling: HP | TargetID: 1 | DMG/BREAK Splits: [0.24, 0]/[5, 0] | Energy Gained: 0 | SP Change: 0

        ----------Char Buffs----------
        GilgameshTrace3ATK | ATK% | Stacks: 1 | Value: 0.200 | Remaining Turns: 1 | TickDown: SUP2, PERM | Target: SUP2 | Affects: ['ALL']
        GilgameshTrace3CD | CD% | Stacks: 1 | Value: 0.200 | Remaining Turns: 1 | TickDown: SUP2, PERM | Target: SUP2 | Affects: ['ALL']
        MasterSmithHP | HP% | Stacks: 1 | Value: 0.120 | Remaining Turns: 1 | TickDown: SUP2, PERM | Target: SUP2 | Affects: ['ALL']
        LushakaERR | ERR% | Stacks: 1 | Value: 0.050 | Remaining Turns: 1 | TickDown: SUP2, PERM | Target: SUP2 | Affects: ['ALL']
        MortenaxBladeTraceCR | CR% | Stacks: 1 | Value: 0.120 | Remaining Turns: 1 | TickDown: SUP2, PERM | Target: SUP2 | Affects: ['ALL']
        MortenaxBladeTraceHP | HP% | Stacks: 1 | Value: 0.100 | Remaining Turns: 1 | TickDown: SUP2, PERM | Target: SUP2 | Affects: ['ALL']
        MortenaxBladeTraceDMG | DMG% | Stacks: 1 | Value: 0.224 | Remaining Turns: 1 | TickDown: SUP2, PERM | Target: SUP2 | Affects: ['ALL']
        KeelCD(SUS) | CD% | Stacks: 1 | Value: 0.100 | Remaining Turns: 1 | TickDown: SUP2, PERM | Target: SUP2 | Affects: ['ALL']
        MasterSmithCD | CD% | Stacks: 1 | Value: 0.280 | Remaining Turns: 1 | TickDown: SUP2, PERM | Target: SUP2 | Affects: ['ALL']
        MasterSmithComburent | DMG% | Stacks: 1 | Value: 0.150 | Remaining Turns: 2 | TickDown: SUP2, END | Target: SUP2 | Affects: ['ALL']
        MortenaxBladeCRBoost | CR% | Stacks: 1 | Value: 0.200 | Remaining Turns: 1 | TickDown: SUP2, PERM | Target: SUP2 | Affects: ['ALL']
        MortenaxBladeCDBoost | CD% | Stacks: 1 | Value: 0.600 | Remaining Turns: 1 | TickDown: SUP2, PERM | Target: SUP2 | Affects: ['ALL']
        MortenaxBladeDMGReduction | DMG_REDUCTION | Stacks: 1 | Value: 0.500 | Remaining Turns: 1 | TickDown: SUP2, PERM | Target: SUP2 | Affects: ['ALL']
        MortenaxBladeDMGBoost | DMG% | Stacks: 1 | Value: 0.500 | Remaining Turns: 1 | TickDown: SUP2, PERM | Target: SUP2 | Affects: ['ALL']
        MortenaxBladeDMG | DMG% | Stacks: 1 | Value: 0.750 | Remaining Turns: 1 | TickDown: SUP2, PERM | Target: SUP2 | Affects: ['ALL']
        WarriorGoddessHealCD | CD% | Stacks: 1 | Value: 0.150 | Remaining Turns: 1 | TickDown: SUP2, START | Target: SUP2 | Affects: ['ALL']
        HuoHuoUltATK | ATK% | Stacks: 1 | Value: 0.400 | Remaining Turns: 1 | TickDown: SUP2, END | Target: SUP2 | Affects: ['ALL']
        HuoHuoUltExtraATK | ATK% | Stacks: 1 | Value: 0.240 | Remaining Turns: 1 | TickDown: SUP2, END | Target: SUP2 | Affects: ['ALL']
        ----------End of Buff List----------

        ----------Enemy Debuffs----------
        MortenaxBladeUltVul | From: SUP2 | VULN | Stacks: 1 | Value: 0.500 | Remaining Turns: 2 | Target: 1 | Targeting: ST | Affects: ['ALL'] | DOT: False | Blast: False
        MortenaxBladeUltShred | From: SUP2 | SHRED | Stacks: 1 | Value: 0.300 | Remaining Turns: 2 | Target: 1 | Targeting: ST | Affects: ['ALL'] | DOT: False | Blast: False
        ResoShred(SUP2) | From: SUP2 | SHRED | Stacks: 1 | Value: 0.160 | Remaining Turns: 1 | Target: 1 | Targeting: AOE | Affects: ['ALL'] | DOT: False | Blast: False
        Enemy 1 WIN-break | From: DPS | WINDSHEAR | Stacks: 1 | Value: 12621.002 | Remaining Turns: 2 | Target: 1 | Targeting: ST | Affects: ['ALL'] | DOT: True | Blast: False
        ----------End of Debuff List----------
        ----------Healing List----------
        ----------End of Healing List----------
    GAUGE  - Enemy 1 toughness reduced by 0.000
    RESULT - MortenaxBladeBounceSkill | MortenaxBlade | SUP2 | DMG: 5097.679 | ELADMG: 0.000 | Enemies Hit: [1] | Enemies Broken: [] | WB DMG: 0.000 | Energy: 0.000 | Amount HP Healed: 0.000 | Amount HP Lost: 0.000 | MortenaxBlade Energy: 137/160 | SP: 4 | MaxSP: 5)
    TURN   - MortenaxBladeBounceSkill | MortenaxBlade | SUP2 | ST attack | ['FIR'] | ['SKL'] | Scaling: HP | TargetID: 1 | DMG/BREAK Splits: [0.24, 0]/[5, 0] | Energy Gained: 0 | SP Change: 0

        ----------Char Buffs----------
        GilgameshTrace3ATK | ATK% | Stacks: 1 | Value: 0.200 | Remaining Turns: 1 | TickDown: SUP2, PERM | Target: SUP2 | Affects: ['ALL']
        GilgameshTrace3CD | CD% | Stacks: 1 | Value: 0.200 | Remaining Turns: 1 | TickDown: SUP2, PERM | Target: SUP2 | Affects: ['ALL']
        MasterSmithHP | HP% | Stacks: 1 | Value: 0.120 | Remaining Turns: 1 | TickDown: SUP2, PERM | Target: SUP2 | Affects: ['ALL']
        LushakaERR | ERR% | Stacks: 1 | Value: 0.050 | Remaining Turns: 1 | TickDown: SUP2, PERM | Target: SUP2 | Affects: ['ALL']
        MortenaxBladeTraceCR | CR% | Stacks: 1 | Value: 0.120 | Remaining Turns: 1 | TickDown: SUP2, PERM | Target: SUP2 | Affects: ['ALL']
        MortenaxBladeTraceHP | HP% | Stacks: 1 | Value: 0.100 | Remaining Turns: 1 | TickDown: SUP2, PERM | Target: SUP2 | Affects: ['ALL']
        MortenaxBladeTraceDMG | DMG% | Stacks: 1 | Value: 0.224 | Remaining Turns: 1 | TickDown: SUP2, PERM | Target: SUP2 | Affects: ['ALL']
        KeelCD(SUS) | CD% | Stacks: 1 | Value: 0.100 | Remaining Turns: 1 | TickDown: SUP2, PERM | Target: SUP2 | Affects: ['ALL']
        MasterSmithCD | CD% | Stacks: 1 | Value: 0.280 | Remaining Turns: 1 | TickDown: SUP2, PERM | Target: SUP2 | Affects: ['ALL']
        MasterSmithComburent | DMG% | Stacks: 1 | Value: 0.150 | Remaining Turns: 2 | TickDown: SUP2, END | Target: SUP2 | Affects: ['ALL']
        MortenaxBladeCRBoost | CR% | Stacks: 1 | Value: 0.200 | Remaining Turns: 1 | TickDown: SUP2, PERM | Target: SUP2 | Affects: ['ALL']
        MortenaxBladeCDBoost | CD% | Stacks: 1 | Value: 0.600 | Remaining Turns: 1 | TickDown: SUP2, PERM | Target: SUP2 | Affects: ['ALL']
        MortenaxBladeDMGReduction | DMG_REDUCTION | Stacks: 1 | Value: 0.500 | Remaining Turns: 1 | TickDown: SUP2, PERM | Target: SUP2 | Affects: ['ALL']
        MortenaxBladeDMGBoost | DMG% | Stacks: 1 | Value: 0.500 | Remaining Turns: 1 | TickDown: SUP2, PERM | Target: SUP2 | Affects: ['ALL']
        MortenaxBladeDMG | DMG% | Stacks: 1 | Value: 0.750 | Remaining Turns: 1 | TickDown: SUP2, PERM | Target: SUP2 | Affects: ['ALL']
        WarriorGoddessHealCD | CD% | Stacks: 1 | Value: 0.150 | Remaining Turns: 1 | TickDown: SUP2, START | Target: SUP2 | Affects: ['ALL']
        HuoHuoUltATK | ATK% | Stacks: 1 | Value: 0.400 | Remaining Turns: 1 | TickDown: SUP2, END | Target: SUP2 | Affects: ['ALL']
        HuoHuoUltExtraATK | ATK% | Stacks: 1 | Value: 0.240 | Remaining Turns: 1 | TickDown: SUP2, END | Target: SUP2 | Affects: ['ALL']
        ----------End of Buff List----------

        ----------Enemy Debuffs----------
        MortenaxBladeUltVul | From: SUP2 | VULN | Stacks: 1 | Value: 0.500 | Remaining Turns: 2 | Target: 1 | Targeting: ST | Affects: ['ALL'] | DOT: False | Blast: False
        MortenaxBladeUltShred | From: SUP2 | SHRED | Stacks: 1 | Value: 0.300 | Remaining Turns: 2 | Target: 1 | Targeting: ST | Affects: ['ALL'] | DOT: False | Blast: False
        ResoShred(SUP2) | From: SUP2 | SHRED | Stacks: 1 | Value: 0.160 | Remaining Turns: 1 | Target: 1 | Targeting: AOE | Affects: ['ALL'] | DOT: False | Blast: False
        Enemy 1 WIN-break | From: DPS | WINDSHEAR | Stacks: 1 | Value: 12621.002 | Remaining Turns: 2 | Target: 1 | Targeting: ST | Affects: ['ALL'] | DOT: True | Blast: False
        ----------End of Debuff List----------
        ----------Healing List----------
        ----------End of Healing List----------
    GAUGE  - Enemy 1 toughness reduced by 0.000
    RESULT - MortenaxBladeBounceSkill | MortenaxBlade | SUP2 | DMG: 5097.679 | ELADMG: 0.000 | Enemies Hit: [1] | Enemies Broken: [] | WB DMG: 0.000 | Energy: 0.000 | Amount HP Healed: 0.000 | Amount HP Lost: 0.000 | MortenaxBlade Energy: 137/160 | SP: 4 | MaxSP: 5)
        Buff HuoHuoUltATK expired
        Buff HuoHuoUltExtraATK expired
SPD    > Gilgamesh speed changed to 146.032 | NewAV: 17.020
AV     > MortenaxBlade AV reset to 64.503 | 155.032 SPD

<<< NEW TURN >>>
-   Enemy 2 AV: 0.000 ENERGY: 0.000 MaxHP: 2000000.000 CurrHp 1865319.917 ShieldHP: 0.000
-   Enemy 0 AV: 0.000 ENERGY: 0.000 MaxHP: 2000000.000 CurrHp 1865319.917 ShieldHP: 0.000
-   Saber AV: 3.594 ENERGY: 161.000 MaxHP: 3366.991 CurrHp 3366.991 ShieldHP: 0.000
-   Enemy 1 AV: 4.516 ENERGY: 0.000 MaxHP: 5000000.000 CurrHp 4715215.682 ShieldHP: 0.000
-   Gilgamesh AV: 12.611 ENERGY: 143.000 MaxHP: 3134.558 CurrHp 2355.602 ShieldHP: 0.000
-   HuoHuo AV: 51.660 ENERGY: 41.986 MaxHP: 6139.808 CurrHp 5687.249 ShieldHP: 0.000
-   MortenaxBlade AV: 60.094 ENERGY: 137.179 MaxHP: 4779.283 CurrHp 1585.698 ShieldHP: 0.000
-   InfiniteFury AV: 69.901 ENERGY: 0.000 MaxHP: 0.000 CurrHp 0.000 ShieldHP: 0.000

Combat context set: 3 enemies, 4 players
Combat context initialized: 3 enemies, Elation team size: 0
ACTION > [ENEMY] TotalAV: 326.923 | TurnAV: 4.409 | Enemy 2 | 1 attacks
MortenaxBlade has obtained 1 Charge. Current Charge count: 7.
    CharEnergy - Saber: Hit 0.000 Total: 161.000 | Gilgamesh: Hit 3.333 Total: 146.333 | MortenaxBlade: Hit 10.000 Total: 149.623 | HuoHuo: Hit 3.333 Total: 46.501 |
    ENEMY  - Enemy 2 [aoe] dealt 130.5 to MortenaxBlade (energy: 3.3, DEF: 2014, atkMul: 1.00, dmgMul: 1.00) | Shield Absorbed: 0.0 | HP Lost: 130.5 | HP: 1455/4779 | Shield HP: 0
    ENEMY  - Enemy 2 [aoe] dealt 130.5 to MortenaxBlade (energy: 3.3, DEF: 2014, atkMul: 1.00, dmgMul: 1.00) | Shield Absorbed: 0.0 | HP Lost: 130.5 | HP: 1325/4779 | Shield HP: 0
    ENEMY  - Enemy 2 [aoe] dealt 280.5 to Gilgamesh (energy: 3.3, DEF: 1794, atkMul: 1.00, dmgMul: 1.00) | Shield Absorbed: 0.0 | HP Lost: 280.5 | HP: 2075/3135 | Shield HP: 0
    ENEMY  - Enemy 2 [aoe] dealt 231.9 to HuoHuo (energy: 3.3, DEF: 2410, atkMul: 1.00, dmgMul: 1.00) | Shield Absorbed: 0.0 | HP Lost: 231.9 | HP: 5455/6140 | Shield HP: 0
    ENEMY  - Enemy 2 [aoe] dealt 130.5 to MortenaxBlade (energy: 3.3, DEF: 2014, atkMul: 1.00, dmgMul: 1.00) | Shield Absorbed: 0.0 | HP Lost: 130.5 | HP: 1194/4779 | Shield HP: 0
MortenaxBlade has obtained 1 Charge. Current Charge count: 8.
MortenaxBlade useHit produced 2 debuffs
    DEBUFF - Enemy 2 took 10511.014 Debuff damage from Enemy 2 WIN-break
        Debuff ResoShred(SUP2) expired
AV     > Enemy 2 AV reset to 76.923 | 130.000 SPD

<<< NEW TURN >>>
-   Enemy 0 AV: 0.000 ENERGY: 0.000 MaxHP: 2000000.000 CurrHp 1865319.917 ShieldHP: 0.000
-   Saber AV: 3.594 ENERGY: 161.000 MaxHP: 3366.991 CurrHp 3366.991 ShieldHP: 0.000
-   Enemy 1 AV: 4.516 ENERGY: 0.000 MaxHP: 5000000.000 CurrHp 4715215.682 ShieldHP: 0.000
-   Gilgamesh AV: 12.611 ENERGY: 146.333 MaxHP: 3134.558 CurrHp 2075.131 ShieldHP: 0.000
-   HuoHuo AV: 51.660 ENERGY: 46.501 MaxHP: 6139.808 CurrHp 5455.307 ShieldHP: 0.000
-   MortenaxBlade AV: 60.094 ENERGY: 149.623 MaxHP: 4779.283 CurrHp 1194.219 ShieldHP: 0.000
-   InfiniteFury AV: 69.901 ENERGY: 0.000 MaxHP: 0.000 CurrHp 0.000 ShieldHP: 0.000
-   Enemy 2 AV: 76.923 ENERGY: 0.000 MaxHP: 2000000.000 CurrHp 1865319.917 ShieldHP: 0.000

Combat context set: 3 enemies, 4 players
Combat context initialized: 3 enemies, Elation team size: 0
ACTION > [ENEMY] TotalAV: 326.923 | TurnAV: 0.000 | Enemy 0 | 1 attacks
MortenaxBlade has obtained 1 Charge. Current Charge count: 9.
    CharEnergy - Saber: Hit 0.000 Total: 161.000 | Gilgamesh: Hit 10.000 Total: 156.333 | MortenaxBlade: Hit 6.667 Total: 157.919 | HuoHuo: Hit 6.667 Total: 55.530 |
    ENEMY  - Enemy 0 [aoe] dealt 130.5 to MortenaxBlade (energy: 3.3, DEF: 2014, atkMul: 1.00, dmgMul: 1.00) | Shield Absorbed: 0.0 | HP Lost: 130.5 | HP: 1064/4779 | Shield HP: 0
    ENEMY  - Enemy 0 [aoe] dealt 280.5 to Gilgamesh (energy: 3.3, DEF: 1794, atkMul: 1.00, dmgMul: 1.00) | Shield Absorbed: 0.0 | HP Lost: 280.5 | HP: 1795/3135 | Shield HP: 0
    ENEMY  - Enemy 0 [aoe] dealt 231.9 to HuoHuo (energy: 3.3, DEF: 2410, atkMul: 1.00, dmgMul: 1.00) | Shield Absorbed: 0.0 | HP Lost: 231.9 | HP: 5223/6140 | Shield HP: 0
    ENEMY  - Enemy 0 [aoe] dealt 130.5 to MortenaxBlade (energy: 3.3, DEF: 2014, atkMul: 1.00, dmgMul: 1.00) | Shield Absorbed: 0.0 | HP Lost: 130.5 | HP: 933/4779 | Shield HP: 0
    ENEMY  - Enemy 0 [aoe] dealt 280.5 to Gilgamesh (energy: 3.3, DEF: 1794, atkMul: 1.00, dmgMul: 1.00) | Shield Absorbed: 0.0 | HP Lost: 280.5 | HP: 1514/3135 | Shield HP: 0
    ENEMY  - Enemy 0 [aoe] dealt 231.9 to HuoHuo (energy: 3.3, DEF: 2410, atkMul: 1.00, dmgMul: 1.00) | Shield Absorbed: 0.0 | HP Lost: 231.9 | HP: 4991/6140 | Shield HP: 0
    ENEMY  - Enemy 0 [aoe] dealt 280.5 to Gilgamesh (energy: 3.3, DEF: 1794, atkMul: 1.00, dmgMul: 1.00) | Shield Absorbed: 0.0 | HP Lost: 280.5 | HP: 1234/3135 | Shield HP: 0
MortenaxBlade has obtained 1 Charge. Current Charge count: 10.
MortenaxBlade useHit produced 2 debuffs
    DEBUFF - Enemy 0 took 10511.014 Debuff damage from Enemy 0 WIN-break
        Debuff ResoShred(SUP2) expired
AV     > Enemy 0 AV reset to 76.923 | 130.000 SPD

<<< NEW TURN >>>
-   Saber AV: 0.000 ENERGY: 161.000 MaxHP: 3366.991 CurrHp 3366.991 ShieldHP: 0.000
-   Enemy 1 AV: 0.922 ENERGY: 0.000 MaxHP: 5000000.000 CurrHp 4715215.682 ShieldHP: 0.000
-   Gilgamesh AV: 9.017 ENERGY: 156.333 MaxHP: 3134.558 CurrHp 1233.716 ShieldHP: 0.000
-   HuoHuo AV: 48.066 ENERGY: 55.530 MaxHP: 6139.808 CurrHp 4991.425 ShieldHP: 0.000
-   MortenaxBlade AV: 56.500 ENERGY: 157.919 MaxHP: 4779.283 CurrHp 933.233 ShieldHP: 0.000
-   InfiniteFury AV: 66.306 ENERGY: 0.000 MaxHP: 0.000 CurrHp 0.000 ShieldHP: 0.000
-   Enemy 0 AV: 73.329 ENERGY: 0.000 MaxHP: 2000000.000 CurrHp 1865319.917 ShieldHP: 0.000
-   Enemy 2 AV: 73.329 ENERGY: 0.000 MaxHP: 2000000.000 CurrHp 1865319.917 ShieldHP: 0.000

Combat context set: 3 enemies, 4 players
Combat context initialized: 3 enemies, Elation team size: 0
ACTION > [CHAR] TotalAV: 330.517 | TurnAV: 3.594 | Saber | A-move
Saber got 2 Core Resonance from Enhanced basic, Current Count: 5
    TURN   - SaberEnhancedBasic | Saber | DPS | AOE attack | ['WIN'] | ['BSC'] | Scaling: ATK | TargetID: 1 | DMG/BREAK Splits: [1.5, 0]/[20, 0] | Energy Gained: 30 | SP Change: 1

        ----------Char Buffs----------
        ThanklessCoronationCD | CR% | Stacks: 1 | Value: 0.360 | Remaining Turns: 1 | TickDown: DPS, PERM | Target: DPS | Affects: ['ALL']
        ScholarCR | CR% | Stacks: 1 | Value: 0.080 | Remaining Turns: 1 | TickDown: DPS, PERM | Target: DPS | Affects: ['ALL']
        SaberTraceHP | HP% | Stacks: 1 | Value: 0.100 | Remaining Turns: 1 | TickDown: DPS, PERM | Target: DPS | Affects: ['ALL']
        SaberTraceCR | CR% | Stacks: 1 | Value: 0.120 | Remaining Turns: 1 | TickDown: DPS, PERM | Target: DPS | Affects: ['ALL']
        SaberTraceDMG | DMG% | Stacks: 1 | Value: 0.224 | Remaining Turns: 1 | TickDown: DPS, PERM | Target: DPS | Affects: ['ALL']
        SaberTrace1CR | CR% | Stacks: 1 | Value: 0.200 | Remaining Turns: 1 | TickDown: DPS, PERM | Target: DPS | Affects: ['ALL']
        GilgameshTrace3ATK | ATK% | Stacks: 1 | Value: 0.200 | Remaining Turns: 1 | TickDown: DPS, PERM | Target: DPS | Affects: ['ALL']
        GilgameshTrace3CD | CD% | Stacks: 1 | Value: 0.200 | Remaining Turns: 1 | TickDown: DPS, PERM | Target: DPS | Affects: ['ALL']
        LushakaATK(SUP2) | ATK% | Stacks: 1 | Value: 0.120 | Remaining Turns: 1 | TickDown: DPS, PERM | Target: DPS | Affects: ['ALL']
        KeelCD(SUS) | CD% | Stacks: 1 | Value: 0.100 | Remaining Turns: 1 | TickDown: DPS, PERM | Target: DPS | Affects: ['ALL']
        CosmicLifeDMG | DMG% | Stacks: 1 | Value: 0.320 | Remaining Turns: 1 | TickDown: DPS, PERM | Target: DPS | Affects: ['ALL']
        Trace3CDExtra | CD% | Stacks: 1 | Value: 0.320 | Remaining Turns: 1 | TickDown: DPS, PERM | Target: DPS | Affects: ['ALL']
        MasterSmithComburent | DMG% | Stacks: 1 | Value: 0.150 | Remaining Turns: 2 | TickDown: DPS, END | Target: DPS | Affects: ['ALL']
        MortenaxBladeDMGBoost | DMG% | Stacks: 1 | Value: 0.500 | Remaining Turns: 1 | TickDown: DPS, PERM | Target: DPS | Affects: ['ALL']
        GilgameshTrace3AllyATK | ATK% | Stacks: 1 | Value: 1.000 | Remaining Turns: 1 | TickDown: DPS, PERM | Target: DPS | Affects: ['ALL']
        GilgameshTrace3AllyCD | CD% | Stacks: 1 | Value: 1.000 | Remaining Turns: 1 | TickDown: DPS, PERM | Target: DPS | Affects: ['ALL']
        TalentDMG | DMG% | Stacks: 1 | Value: 0.600 | Remaining Turns: 1 | TickDown: DPS, END | Target: DPS | Affects: ['ALL']
        Trace3CD | CD% | Stacks: 1 | Value: 0.500 | Remaining Turns: 1 | TickDown: DPS, END | Target: DPS | Affects: ['ALL']
        WarriorGoddessHealCD | CD% | Stacks: 1 | Value: 0.150 | Remaining Turns: 1 | TickDown: DPS, START | Target: DPS | Affects: ['ALL']
        HuoHuoUltATK | ATK% | Stacks: 1 | Value: 0.400 | Remaining Turns: 1 | TickDown: DPS, END | Target: DPS | Affects: ['ALL']
        HuoHuoUltExtraATK | ATK% | Stacks: 1 | Value: 0.240 | Remaining Turns: 1 | TickDown: DPS, END | Target: DPS | Affects: ['ALL']
        ThanklessCoronationATK | ATK% | Stacks: 1 | Value: 0.400 | Remaining Turns: 1 | TickDown: DPS, END | Target: DPS | Affects: ['ALL']
        ThanklessCoronationATKExtra | ATK% | Stacks: 1 | Value: 0.400 | Remaining Turns: 1 | TickDown: DPS, END | Target: DPS | Affects: ['ALL']
        ----------End of Buff List----------

        ----------Enemy Debuffs----------
        MortenaxBladeUltVul | From: SUP2 | VULN | Stacks: 1 | Value: 0.500 | Remaining Turns: 2 | Target: 1 | Targeting: ST | Affects: ['ALL'] | DOT: False | Blast: False
        MortenaxBladeUltShred | From: SUP2 | SHRED | Stacks: 1 | Value: 0.300 | Remaining Turns: 2 | Target: 1 | Targeting: ST | Affects: ['ALL'] | DOT: False | Blast: False
        ResoShred(SUP2) | From: SUP2 | SHRED | Stacks: 1 | Value: 0.160 | Remaining Turns: 1 | Target: 1 | Targeting: AOE | Affects: ['ALL'] | DOT: False | Blast: False
        Enemy 1 WIN-break | From: DPS | WINDSHEAR | Stacks: 1 | Value: 12621.002 | Remaining Turns: 2 | Target: 1 | Targeting: ST | Affects: ['ALL'] | DOT: True | Blast: False
        ----------End of Debuff List----------
        ----------Healing List----------
        ----------End of Healing List----------
    GAUGE  - Enemy 0 toughness reduced by 20.000
    GAUGE  - Enemy 1 toughness reduced by 20.000
    GAUGE  - Enemy 2 toughness reduced by 20.000
    RESULT - SaberEnhancedBasic | Saber | DPS | DMG: 297119.845 | ELADMG: 0.000 | Enemies Hit: [0, 1, 2] | Enemies Broken: [] | WB DMG: 0.000 | Energy: 30.000 | Amount HP Healed: 0.000 | Amount HP Lost: 0.000 | Saber Energy: 191/360 | SP: 5 | MaxSP: 5)
Gilgamesh Obtained 1 Interest from Teammate, Current count: 3
Gilgamesh JointCounter increased by one, current count: 5
MortenaxBlade has obtained 1 Charge. Current Charge count: 11.
MortenaxBlade has obtained 1 Charge. Current Charge count: 3.
    TURN   - MortenaxBladeAOEFUA | MortenaxBlade | SUP2 | AOE attack | ['FIR'] | ['FUA'] | Scaling: HP | TargetID: 1 | DMG/BREAK Splits: [0.72, 0]/[10, 0] | Energy Gained: 25 | SP Change: 0

        ----------Char Buffs----------
        GilgameshTrace3ATK | ATK% | Stacks: 1 | Value: 0.200 | Remaining Turns: 1 | TickDown: SUP2, PERM | Target: SUP2 | Affects: ['ALL']
        GilgameshTrace3CD | CD% | Stacks: 1 | Value: 0.200 | Remaining Turns: 1 | TickDown: SUP2, PERM | Target: SUP2 | Affects: ['ALL']
        MasterSmithHP | HP% | Stacks: 1 | Value: 0.120 | Remaining Turns: 1 | TickDown: SUP2, PERM | Target: SUP2 | Affects: ['ALL']
        LushakaERR | ERR% | Stacks: 1 | Value: 0.050 | Remaining Turns: 1 | TickDown: SUP2, PERM | Target: SUP2 | Affects: ['ALL']
        MortenaxBladeTraceCR | CR% | Stacks: 1 | Value: 0.120 | Remaining Turns: 1 | TickDown: SUP2, PERM | Target: SUP2 | Affects: ['ALL']
        MortenaxBladeTraceHP | HP% | Stacks: 1 | Value: 0.100 | Remaining Turns: 1 | TickDown: SUP2, PERM | Target: SUP2 | Affects: ['ALL']
        MortenaxBladeTraceDMG | DMG% | Stacks: 1 | Value: 0.224 | Remaining Turns: 1 | TickDown: SUP2, PERM | Target: SUP2 | Affects: ['ALL']
        KeelCD(SUS) | CD% | Stacks: 1 | Value: 0.100 | Remaining Turns: 1 | TickDown: SUP2, PERM | Target: SUP2 | Affects: ['ALL']
        MasterSmithCD | CD% | Stacks: 1 | Value: 0.280 | Remaining Turns: 1 | TickDown: SUP2, PERM | Target: SUP2 | Affects: ['ALL']
        MasterSmithComburent | DMG% | Stacks: 1 | Value: 0.150 | Remaining Turns: 1 | TickDown: SUP2, END | Target: SUP2 | Affects: ['ALL']
        MortenaxBladeCRBoost | CR% | Stacks: 1 | Value: 0.200 | Remaining Turns: 1 | TickDown: SUP2, PERM | Target: SUP2 | Affects: ['ALL']
        MortenaxBladeCDBoost | CD% | Stacks: 1 | Value: 0.600 | Remaining Turns: 1 | TickDown: SUP2, PERM | Target: SUP2 | Affects: ['ALL']
        MortenaxBladeDMGReduction | DMG_REDUCTION | Stacks: 1 | Value: 0.500 | Remaining Turns: 1 | TickDown: SUP2, PERM | Target: SUP2 | Affects: ['ALL']
        MortenaxBladeDMGBoost | DMG% | Stacks: 1 | Value: 0.500 | Remaining Turns: 1 | TickDown: SUP2, PERM | Target: SUP2 | Affects: ['ALL']
        MortenaxBladeDMG | DMG% | Stacks: 1 | Value: 0.750 | Remaining Turns: 1 | TickDown: SUP2, PERM | Target: SUP2 | Affects: ['ALL']
        WarriorGoddessHealCD | CD% | Stacks: 1 | Value: 0.150 | Remaining Turns: 1 | TickDown: SUP2, START | Target: SUP2 | Affects: ['ALL']
        ----------End of Buff List----------

        ----------Enemy Debuffs----------
        MortenaxBladeUltVul | From: SUP2 | VULN | Stacks: 1 | Value: 0.500 | Remaining Turns: 2 | Target: 1 | Targeting: ST | Affects: ['ALL'] | DOT: False | Blast: False
        MortenaxBladeUltShred | From: SUP2 | SHRED | Stacks: 1 | Value: 0.300 | Remaining Turns: 2 | Target: 1 | Targeting: ST | Affects: ['ALL'] | DOT: False | Blast: False
        ResoShred(SUP2) | From: SUP2 | SHRED | Stacks: 1 | Value: 0.160 | Remaining Turns: 1 | Target: 1 | Targeting: AOE | Affects: ['ALL'] | DOT: False | Blast: False
        Enemy 1 WIN-break | From: DPS | WINDSHEAR | Stacks: 1 | Value: 12621.002 | Remaining Turns: 2 | Target: 1 | Targeting: ST | Affects: ['ALL'] | DOT: True | Blast: False
        ----------End of Debuff List----------
        ----------Healing List----------
        ----------End of Healing List----------
    GAUGE  - Enemy 0 toughness reduced by 0.000
    GAUGE  - Enemy 1 toughness reduced by 0.000
    GAUGE  - Enemy 2 toughness reduced by 0.000
    RESULT - MortenaxBladeAOEFUA | MortenaxBlade | SUP2 | DMG: 42820.506 | ELADMG: 0.000 | Enemies Hit: [0, 1, 2] | Enemies Broken: [] | WB DMG: 0.000 | Energy: 31.110 | Amount HP Healed: 0.000 | Amount HP Lost: 0.000 | MortenaxBlade Energy: 160/160 | SP: 5 | MaxSP: 5)
Gilgamesh Obtained 1 Interest from Teammate, Current count: 4
    TURN   - MortenaxBladeBounceFUA | MortenaxBlade | SUP2 | ST attack | ['FIR'] | ['FUA'] | Scaling: HP | TargetID: 1 | DMG/BREAK Splits: [0.24, 0]/[5, 0] | Energy Gained: 0 | SP Change: 0

        ----------Char Buffs----------
        GilgameshTrace3ATK | ATK% | Stacks: 1 | Value: 0.200 | Remaining Turns: 1 | TickDown: SUP2, PERM | Target: SUP2 | Affects: ['ALL']
        GilgameshTrace3CD | CD% | Stacks: 1 | Value: 0.200 | Remaining Turns: 1 | TickDown: SUP2, PERM | Target: SUP2 | Affects: ['ALL']
        MasterSmithHP | HP% | Stacks: 1 | Value: 0.120 | Remaining Turns: 1 | TickDown: SUP2, PERM | Target: SUP2 | Affects: ['ALL']
        LushakaERR | ERR% | Stacks: 1 | Value: 0.050 | Remaining Turns: 1 | TickDown: SUP2, PERM | Target: SUP2 | Affects: ['ALL']
        MortenaxBladeTraceCR | CR% | Stacks: 1 | Value: 0.120 | Remaining Turns: 1 | TickDown: SUP2, PERM | Target: SUP2 | Affects: ['ALL']
        MortenaxBladeTraceHP | HP% | Stacks: 1 | Value: 0.100 | Remaining Turns: 1 | TickDown: SUP2, PERM | Target: SUP2 | Affects: ['ALL']
        MortenaxBladeTraceDMG | DMG% | Stacks: 1 | Value: 0.224 | Remaining Turns: 1 | TickDown: SUP2, PERM | Target: SUP2 | Affects: ['ALL']
        KeelCD(SUS) | CD% | Stacks: 1 | Value: 0.100 | Remaining Turns: 1 | TickDown: SUP2, PERM | Target: SUP2 | Affects: ['ALL']
        MasterSmithCD | CD% | Stacks: 1 | Value: 0.280 | Remaining Turns: 1 | TickDown: SUP2, PERM | Target: SUP2 | Affects: ['ALL']
        MasterSmithComburent | DMG% | Stacks: 1 | Value: 0.150 | Remaining Turns: 2 | TickDown: SUP2, END | Target: SUP2 | Affects: ['ALL']
        MortenaxBladeCRBoost | CR% | Stacks: 1 | Value: 0.200 | Remaining Turns: 1 | TickDown: SUP2, PERM | Target: SUP2 | Affects: ['ALL']
        MortenaxBladeCDBoost | CD% | Stacks: 1 | Value: 0.600 | Remaining Turns: 1 | TickDown: SUP2, PERM | Target: SUP2 | Affects: ['ALL']
        MortenaxBladeDMGReduction | DMG_REDUCTION | Stacks: 1 | Value: 0.500 | Remaining Turns: 1 | TickDown: SUP2, PERM | Target: SUP2 | Affects: ['ALL']
        MortenaxBladeDMGBoost | DMG% | Stacks: 1 | Value: 0.500 | Remaining Turns: 1 | TickDown: SUP2, PERM | Target: SUP2 | Affects: ['ALL']
        MortenaxBladeDMG | DMG% | Stacks: 1 | Value: 0.750 | Remaining Turns: 1 | TickDown: SUP2, PERM | Target: SUP2 | Affects: ['ALL']
        WarriorGoddessHealCD | CD% | Stacks: 1 | Value: 0.150 | Remaining Turns: 1 | TickDown: SUP2, START | Target: SUP2 | Affects: ['ALL']
        ----------End of Buff List----------

        ----------Enemy Debuffs----------
        MortenaxBladeUltVul | From: SUP2 | VULN | Stacks: 1 | Value: 0.500 | Remaining Turns: 2 | Target: 1 | Targeting: ST | Affects: ['ALL'] | DOT: False | Blast: False
        MortenaxBladeUltShred | From: SUP2 | SHRED | Stacks: 1 | Value: 0.300 | Remaining Turns: 2 | Target: 1 | Targeting: ST | Affects: ['ALL'] | DOT: False | Blast: False
        ResoShred(SUP2) | From: SUP2 | SHRED | Stacks: 1 | Value: 0.160 | Remaining Turns: 1 | Target: 1 | Targeting: AOE | Affects: ['ALL'] | DOT: False | Blast: False
        Enemy 1 WIN-break | From: DPS | WINDSHEAR | Stacks: 1 | Value: 12621.002 | Remaining Turns: 2 | Target: 1 | Targeting: ST | Affects: ['ALL'] | DOT: True | Blast: False
        ----------End of Debuff List----------
        ----------Healing List----------
        ----------End of Healing List----------
    GAUGE  - Enemy 1 toughness reduced by 0.000
    RESULT - MortenaxBladeBounceFUA | MortenaxBlade | SUP2 | DMG: 5097.679 | ELADMG: 0.000 | Enemies Hit: [1] | Enemies Broken: [] | WB DMG: 0.000 | Energy: 0.000 | Amount HP Healed: 0.000 | Amount HP Lost: 0.000 | MortenaxBlade Energy: 160/160 | SP: 5 | MaxSP: 5)
    TURN   - MortenaxBladeBounceFUA | MortenaxBlade | SUP2 | ST attack | ['FIR'] | ['FUA'] | Scaling: HP | TargetID: 1 | DMG/BREAK Splits: [0.24, 0]/[5, 0] | Energy Gained: 0 | SP Change: 0

        ----------Char Buffs----------
        GilgameshTrace3ATK | ATK% | Stacks: 1 | Value: 0.200 | Remaining Turns: 1 | TickDown: SUP2, PERM | Target: SUP2 | Affects: ['ALL']
        GilgameshTrace3CD | CD% | Stacks: 1 | Value: 0.200 | Remaining Turns: 1 | TickDown: SUP2, PERM | Target: SUP2 | Affects: ['ALL']
        MasterSmithHP | HP% | Stacks: 1 | Value: 0.120 | Remaining Turns: 1 | TickDown: SUP2, PERM | Target: SUP2 | Affects: ['ALL']
        LushakaERR | ERR% | Stacks: 1 | Value: 0.050 | Remaining Turns: 1 | TickDown: SUP2, PERM | Target: SUP2 | Affects: ['ALL']
        MortenaxBladeTraceCR | CR% | Stacks: 1 | Value: 0.120 | Remaining Turns: 1 | TickDown: SUP2, PERM | Target: SUP2 | Affects: ['ALL']
        MortenaxBladeTraceHP | HP% | Stacks: 1 | Value: 0.100 | Remaining Turns: 1 | TickDown: SUP2, PERM | Target: SUP2 | Affects: ['ALL']
        MortenaxBladeTraceDMG | DMG% | Stacks: 1 | Value: 0.224 | Remaining Turns: 1 | TickDown: SUP2, PERM | Target: SUP2 | Affects: ['ALL']
        KeelCD(SUS) | CD% | Stacks: 1 | Value: 0.100 | Remaining Turns: 1 | TickDown: SUP2, PERM | Target: SUP2 | Affects: ['ALL']
        MasterSmithCD | CD% | Stacks: 1 | Value: 0.280 | Remaining Turns: 1 | TickDown: SUP2, PERM | Target: SUP2 | Affects: ['ALL']
        MasterSmithComburent | DMG% | Stacks: 1 | Value: 0.150 | Remaining Turns: 2 | TickDown: SUP2, END | Target: SUP2 | Affects: ['ALL']
        MortenaxBladeCRBoost | CR% | Stacks: 1 | Value: 0.200 | Remaining Turns: 1 | TickDown: SUP2, PERM | Target: SUP2 | Affects: ['ALL']
        MortenaxBladeCDBoost | CD% | Stacks: 1 | Value: 0.600 | Remaining Turns: 1 | TickDown: SUP2, PERM | Target: SUP2 | Affects: ['ALL']
        MortenaxBladeDMGReduction | DMG_REDUCTION | Stacks: 1 | Value: 0.500 | Remaining Turns: 1 | TickDown: SUP2, PERM | Target: SUP2 | Affects: ['ALL']
        MortenaxBladeDMGBoost | DMG% | Stacks: 1 | Value: 0.500 | Remaining Turns: 1 | TickDown: SUP2, PERM | Target: SUP2 | Affects: ['ALL']
        MortenaxBladeDMG | DMG% | Stacks: 1 | Value: 0.750 | Remaining Turns: 1 | TickDown: SUP2, PERM | Target: SUP2 | Affects: ['ALL']
        WarriorGoddessHealCD | CD% | Stacks: 1 | Value: 0.150 | Remaining Turns: 1 | TickDown: SUP2, START | Target: SUP2 | Affects: ['ALL']
        ----------End of Buff List----------

        ----------Enemy Debuffs----------
        MortenaxBladeUltVul | From: SUP2 | VULN | Stacks: 1 | Value: 0.500 | Remaining Turns: 2 | Target: 1 | Targeting: ST | Affects: ['ALL'] | DOT: False | Blast: False
        MortenaxBladeUltShred | From: SUP2 | SHRED | Stacks: 1 | Value: 0.300 | Remaining Turns: 2 | Target: 1 | Targeting: ST | Affects: ['ALL'] | DOT: False | Blast: False
        ResoShred(SUP2) | From: SUP2 | SHRED | Stacks: 1 | Value: 0.160 | Remaining Turns: 1 | Target: 1 | Targeting: AOE | Affects: ['ALL'] | DOT: False | Blast: False
        Enemy 1 WIN-break | From: DPS | WINDSHEAR | Stacks: 1 | Value: 12621.002 | Remaining Turns: 2 | Target: 1 | Targeting: ST | Affects: ['ALL'] | DOT: True | Blast: False
        ----------End of Debuff List----------
        ----------Healing List----------
        ----------End of Healing List----------
    GAUGE  - Enemy 1 toughness reduced by 0.000
    RESULT - MortenaxBladeBounceFUA | MortenaxBlade | SUP2 | DMG: 5097.679 | ELADMG: 0.000 | Enemies Hit: [1] | Enemies Broken: [] | WB DMG: 0.000 | Energy: 0.000 | Amount HP Healed: 0.000 | Amount HP Lost: 0.000 | MortenaxBlade Energy: 160/160 | SP: 5 | MaxSP: 5)
    TURN   - MortenaxBladeBounceFUA | MortenaxBlade | SUP2 | ST attack | ['FIR'] | ['FUA'] | Scaling: HP | TargetID: 1 | DMG/BREAK Splits: [0.24, 0]/[5, 0] | Energy Gained: 0 | SP Change: 0

        ----------Char Buffs----------
        GilgameshTrace3ATK | ATK% | Stacks: 1 | Value: 0.200 | Remaining Turns: 1 | TickDown: SUP2, PERM | Target: SUP2 | Affects: ['ALL']
        GilgameshTrace3CD | CD% | Stacks: 1 | Value: 0.200 | Remaining Turns: 1 | TickDown: SUP2, PERM | Target: SUP2 | Affects: ['ALL']
        MasterSmithHP | HP% | Stacks: 1 | Value: 0.120 | Remaining Turns: 1 | TickDown: SUP2, PERM | Target: SUP2 | Affects: ['ALL']
        LushakaERR | ERR% | Stacks: 1 | Value: 0.050 | Remaining Turns: 1 | TickDown: SUP2, PERM | Target: SUP2 | Affects: ['ALL']
        MortenaxBladeTraceCR | CR% | Stacks: 1 | Value: 0.120 | Remaining Turns: 1 | TickDown: SUP2, PERM | Target: SUP2 | Affects: ['ALL']
        MortenaxBladeTraceHP | HP% | Stacks: 1 | Value: 0.100 | Remaining Turns: 1 | TickDown: SUP2, PERM | Target: SUP2 | Affects: ['ALL']
        MortenaxBladeTraceDMG | DMG% | Stacks: 1 | Value: 0.224 | Remaining Turns: 1 | TickDown: SUP2, PERM | Target: SUP2 | Affects: ['ALL']
        KeelCD(SUS) | CD% | Stacks: 1 | Value: 0.100 | Remaining Turns: 1 | TickDown: SUP2, PERM | Target: SUP2 | Affects: ['ALL']
        MasterSmithCD | CD% | Stacks: 1 | Value: 0.280 | Remaining Turns: 1 | TickDown: SUP2, PERM | Target: SUP2 | Affects: ['ALL']
        MasterSmithComburent | DMG% | Stacks: 1 | Value: 0.150 | Remaining Turns: 2 | TickDown: SUP2, END | Target: SUP2 | Affects: ['ALL']
        MortenaxBladeCRBoost | CR% | Stacks: 1 | Value: 0.200 | Remaining Turns: 1 | TickDown: SUP2, PERM | Target: SUP2 | Affects: ['ALL']
        MortenaxBladeCDBoost | CD% | Stacks: 1 | Value: 0.600 | Remaining Turns: 1 | TickDown: SUP2, PERM | Target: SUP2 | Affects: ['ALL']
        MortenaxBladeDMGReduction | DMG_REDUCTION | Stacks: 1 | Value: 0.500 | Remaining Turns: 1 | TickDown: SUP2, PERM | Target: SUP2 | Affects: ['ALL']
        MortenaxBladeDMGBoost | DMG% | Stacks: 1 | Value: 0.500 | Remaining Turns: 1 | TickDown: SUP2, PERM | Target: SUP2 | Affects: ['ALL']
        MortenaxBladeDMG | DMG% | Stacks: 1 | Value: 0.750 | Remaining Turns: 1 | TickDown: SUP2, PERM | Target: SUP2 | Affects: ['ALL']
        WarriorGoddessHealCD | CD% | Stacks: 1 | Value: 0.150 | Remaining Turns: 1 | TickDown: SUP2, START | Target: SUP2 | Affects: ['ALL']
        ----------End of Buff List----------

        ----------Enemy Debuffs----------
        MortenaxBladeUltVul | From: SUP2 | VULN | Stacks: 1 | Value: 0.500 | Remaining Turns: 2 | Target: 1 | Targeting: ST | Affects: ['ALL'] | DOT: False | Blast: False
        MortenaxBladeUltShred | From: SUP2 | SHRED | Stacks: 1 | Value: 0.300 | Remaining Turns: 2 | Target: 1 | Targeting: ST | Affects: ['ALL'] | DOT: False | Blast: False
        ResoShred(SUP2) | From: SUP2 | SHRED | Stacks: 1 | Value: 0.160 | Remaining Turns: 1 | Target: 1 | Targeting: AOE | Affects: ['ALL'] | DOT: False | Blast: False
        Enemy 1 WIN-break | From: DPS | WINDSHEAR | Stacks: 1 | Value: 12621.002 | Remaining Turns: 2 | Target: 1 | Targeting: ST | Affects: ['ALL'] | DOT: True | Blast: False
        ----------End of Debuff List----------
        ----------Healing List----------
        ----------End of Healing List----------
    GAUGE  - Enemy 1 toughness reduced by 0.000
    RESULT - MortenaxBladeBounceFUA | MortenaxBlade | SUP2 | DMG: 5097.679 | ELADMG: 0.000 | Enemies Hit: [1] | Enemies Broken: [] | WB DMG: 0.000 | Energy: 0.000 | Amount HP Healed: 0.000 | Amount HP Lost: 0.000 | MortenaxBlade Energy: 160/160 | SP: 5 | MaxSP: 5)
    TURN   - MortenaxBladeBounceFUA | MortenaxBlade | SUP2 | ST attack | ['FIR'] | ['FUA'] | Scaling: HP | TargetID: 1 | DMG/BREAK Splits: [0.24, 0]/[5, 0] | Energy Gained: 0 | SP Change: 0

        ----------Char Buffs----------
        GilgameshTrace3ATK | ATK% | Stacks: 1 | Value: 0.200 | Remaining Turns: 1 | TickDown: SUP2, PERM | Target: SUP2 | Affects: ['ALL']
        GilgameshTrace3CD | CD% | Stacks: 1 | Value: 0.200 | Remaining Turns: 1 | TickDown: SUP2, PERM | Target: SUP2 | Affects: ['ALL']
        MasterSmithHP | HP% | Stacks: 1 | Value: 0.120 | Remaining Turns: 1 | TickDown: SUP2, PERM | Target: SUP2 | Affects: ['ALL']
        LushakaERR | ERR% | Stacks: 1 | Value: 0.050 | Remaining Turns: 1 | TickDown: SUP2, PERM | Target: SUP2 | Affects: ['ALL']
        MortenaxBladeTraceCR | CR% | Stacks: 1 | Value: 0.120 | Remaining Turns: 1 | TickDown: SUP2, PERM | Target: SUP2 | Affects: ['ALL']
        MortenaxBladeTraceHP | HP% | Stacks: 1 | Value: 0.100 | Remaining Turns: 1 | TickDown: SUP2, PERM | Target: SUP2 | Affects: ['ALL']
        MortenaxBladeTraceDMG | DMG% | Stacks: 1 | Value: 0.224 | Remaining Turns: 1 | TickDown: SUP2, PERM | Target: SUP2 | Affects: ['ALL']
        KeelCD(SUS) | CD% | Stacks: 1 | Value: 0.100 | Remaining Turns: 1 | TickDown: SUP2, PERM | Target: SUP2 | Affects: ['ALL']
        MasterSmithCD | CD% | Stacks: 1 | Value: 0.280 | Remaining Turns: 1 | TickDown: SUP2, PERM | Target: SUP2 | Affects: ['ALL']
        MasterSmithComburent | DMG% | Stacks: 1 | Value: 0.150 | Remaining Turns: 2 | TickDown: SUP2, END | Target: SUP2 | Affects: ['ALL']
        MortenaxBladeCRBoost | CR% | Stacks: 1 | Value: 0.200 | Remaining Turns: 1 | TickDown: SUP2, PERM | Target: SUP2 | Affects: ['ALL']
        MortenaxBladeCDBoost | CD% | Stacks: 1 | Value: 0.600 | Remaining Turns: 1 | TickDown: SUP2, PERM | Target: SUP2 | Affects: ['ALL']
        MortenaxBladeDMGReduction | DMG_REDUCTION | Stacks: 1 | Value: 0.500 | Remaining Turns: 1 | TickDown: SUP2, PERM | Target: SUP2 | Affects: ['ALL']
        MortenaxBladeDMGBoost | DMG% | Stacks: 1 | Value: 0.500 | Remaining Turns: 1 | TickDown: SUP2, PERM | Target: SUP2 | Affects: ['ALL']
        MortenaxBladeDMG | DMG% | Stacks: 1 | Value: 0.750 | Remaining Turns: 1 | TickDown: SUP2, PERM | Target: SUP2 | Affects: ['ALL']
        WarriorGoddessHealCD | CD% | Stacks: 1 | Value: 0.150 | Remaining Turns: 1 | TickDown: SUP2, START | Target: SUP2 | Affects: ['ALL']
        ----------End of Buff List----------

        ----------Enemy Debuffs----------
        MortenaxBladeUltVul | From: SUP2 | VULN | Stacks: 1 | Value: 0.500 | Remaining Turns: 2 | Target: 1 | Targeting: ST | Affects: ['ALL'] | DOT: False | Blast: False
        MortenaxBladeUltShred | From: SUP2 | SHRED | Stacks: 1 | Value: 0.300 | Remaining Turns: 2 | Target: 1 | Targeting: ST | Affects: ['ALL'] | DOT: False | Blast: False
        ResoShred(SUP2) | From: SUP2 | SHRED | Stacks: 1 | Value: 0.160 | Remaining Turns: 1 | Target: 1 | Targeting: AOE | Affects: ['ALL'] | DOT: False | Blast: False
        Enemy 1 WIN-break | From: DPS | WINDSHEAR | Stacks: 1 | Value: 12621.002 | Remaining Turns: 2 | Target: 1 | Targeting: ST | Affects: ['ALL'] | DOT: True | Blast: False
        ----------End of Debuff List----------
        ----------Healing List----------
        ----------End of Healing List----------
    GAUGE  - Enemy 1 toughness reduced by 0.000
    RESULT - MortenaxBladeBounceFUA | MortenaxBlade | SUP2 | DMG: 5097.679 | ELADMG: 0.000 | Enemies Hit: [1] | Enemies Broken: [] | WB DMG: 0.000 | Energy: 0.000 | Amount HP Healed: 0.000 | Amount HP Lost: 0.000 | MortenaxBlade Energy: 160/160 | SP: 5 | MaxSP: 5)
ULT    > MortenaxBlade used their ultimate
MortenaxBlade has obtained 1 Charge. Current Charge count: 4.
    TURN   - MortenaxBladeEnhancedUlt | MortenaxBlade | SUP2 | AOE attack | ['FIR'] | ['ULT'] | Scaling: HP | TargetID: 1 | DMG/BREAK Splits: [3.5, 0]/[20, 0] | Energy Gained: 5 | SP Change: 0

        ----------Char Buffs----------
        GilgameshTrace3ATK | ATK% | Stacks: 1 | Value: 0.200 | Remaining Turns: 1 | TickDown: SUP2, PERM | Target: SUP2 | Affects: ['ALL']
        GilgameshTrace3CD | CD% | Stacks: 1 | Value: 0.200 | Remaining Turns: 1 | TickDown: SUP2, PERM | Target: SUP2 | Affects: ['ALL']
        MasterSmithHP | HP% | Stacks: 1 | Value: 0.120 | Remaining Turns: 1 | TickDown: SUP2, PERM | Target: SUP2 | Affects: ['ALL']
        LushakaERR | ERR% | Stacks: 1 | Value: 0.050 | Remaining Turns: 1 | TickDown: SUP2, PERM | Target: SUP2 | Affects: ['ALL']
        MortenaxBladeTraceCR | CR% | Stacks: 1 | Value: 0.120 | Remaining Turns: 1 | TickDown: SUP2, PERM | Target: SUP2 | Affects: ['ALL']
        MortenaxBladeTraceHP | HP% | Stacks: 1 | Value: 0.100 | Remaining Turns: 1 | TickDown: SUP2, PERM | Target: SUP2 | Affects: ['ALL']
        MortenaxBladeTraceDMG | DMG% | Stacks: 1 | Value: 0.224 | Remaining Turns: 1 | TickDown: SUP2, PERM | Target: SUP2 | Affects: ['ALL']
        KeelCD(SUS) | CD% | Stacks: 1 | Value: 0.100 | Remaining Turns: 1 | TickDown: SUP2, PERM | Target: SUP2 | Affects: ['ALL']
        MasterSmithCD | CD% | Stacks: 1 | Value: 0.280 | Remaining Turns: 1 | TickDown: SUP2, PERM | Target: SUP2 | Affects: ['ALL']
        MasterSmithComburent | DMG% | Stacks: 1 | Value: 0.150 | Remaining Turns: 2 | TickDown: SUP2, END | Target: SUP2 | Affects: ['ALL']
        MortenaxBladeCRBoost | CR% | Stacks: 1 | Value: 0.200 | Remaining Turns: 1 | TickDown: SUP2, PERM | Target: SUP2 | Affects: ['ALL']
        MortenaxBladeCDBoost | CD% | Stacks: 1 | Value: 0.600 | Remaining Turns: 1 | TickDown: SUP2, PERM | Target: SUP2 | Affects: ['ALL']
        MortenaxBladeDMGReduction | DMG_REDUCTION | Stacks: 1 | Value: 0.500 | Remaining Turns: 1 | TickDown: SUP2, PERM | Target: SUP2 | Affects: ['ALL']
        MortenaxBladeDMGBoost | DMG% | Stacks: 1 | Value: 0.500 | Remaining Turns: 1 | TickDown: SUP2, PERM | Target: SUP2 | Affects: ['ALL']
        MortenaxBladeDMG | DMG% | Stacks: 1 | Value: 0.750 | Remaining Turns: 1 | TickDown: SUP2, PERM | Target: SUP2 | Affects: ['ALL']
        WarriorGoddessHealCD | CD% | Stacks: 1 | Value: 0.150 | Remaining Turns: 1 | TickDown: SUP2, START | Target: SUP2 | Affects: ['ALL']
        ----------End of Buff List----------

        ----------Enemy Debuffs----------
        MortenaxBladeUltVul | From: SUP2 | VULN | Stacks: 1 | Value: 0.500 | Remaining Turns: 2 | Target: 1 | Targeting: ST | Affects: ['ALL'] | DOT: False | Blast: False
        MortenaxBladeUltShred | From: SUP2 | SHRED | Stacks: 1 | Value: 0.300 | Remaining Turns: 2 | Target: 1 | Targeting: ST | Affects: ['ALL'] | DOT: False | Blast: False
        ResoShred(SUP2) | From: SUP2 | SHRED | Stacks: 1 | Value: 0.160 | Remaining Turns: 1 | Target: 1 | Targeting: AOE | Affects: ['ALL'] | DOT: False | Blast: False
        Enemy 1 WIN-break | From: DPS | WINDSHEAR | Stacks: 1 | Value: 12621.002 | Remaining Turns: 2 | Target: 1 | Targeting: ST | Affects: ['ALL'] | DOT: True | Blast: False
        ----------End of Debuff List----------
        ----------Healing List----------
        ----------End of Healing List----------
    GAUGE  - Enemy 0 toughness reduced by 0.000
    GAUGE  - Enemy 1 toughness reduced by 0.000
    GAUGE  - Enemy 2 toughness reduced by 0.000
    RESULT - MortenaxBladeEnhancedUlt | MortenaxBlade | SUP2 | DMG: 208155.239 | ELADMG: 0.000 | Enemies Hit: [0, 1, 2] | Enemies Broken: [] | WB DMG: 0.000 | Energy: 6.222 | Amount HP Healed: 0.000 | Amount HP Lost: 0.000 | MortenaxBlade Energy: 6/160 | SP: 5 | MaxSP: 5)
Saber got 3 Core Resonance from Talent, Current Count: 8
Gilgamesh Obtained 2 Interest from Teammate Ult, Current count: 6
Gilgamesh Obtained 48.0 Energy from Teammate
Gilgamesh Obtained 1 Interest from Teammate, Current count: 7
ERR    > 48.000 energy added to Gilgamesh from GilgameshTrace1ERRAlly2 | Gilgamesh Energy: 204.333
        Buff Trace3CD expired
        Buff HuoHuoUltATK expired
        Buff HuoHuoUltExtraATK expired
        Buff ThanklessCoronationATK expired
        Buff ThanklessCoronationATKExtra expired
SPD    > Gilgamesh speed changed to 194.532 | NewAV: 6.769
AV     > Saber AV reset to 76.551 | 130.632 SPD

<<< NEW TURN >>>
-   Enemy 1 AV: 0.000 ENERGY: 0.000 MaxHP: 5000000.000 CurrHp 4491634.973 ShieldHP: 0.000
-   Gilgamesh AV: 5.847 ENERGY: 204.333 MaxHP: 3134.558 CurrHp 1233.716 ShieldHP: 0.000
-   HuoHuo AV: 47.144 ENERGY: 55.530 MaxHP: 6139.808 CurrHp 4991.425 ShieldHP: 0.000
-   MortenaxBlade AV: 55.577 ENERGY: 6.222 MaxHP: 4779.283 CurrHp 455.305 ShieldHP: 0.000
-   InfiniteFury AV: 65.384 ENERGY: 0.000 MaxHP: 0.000 CurrHp 0.000 ShieldHP: 0.000
-   Enemy 0 AV: 72.407 ENERGY: 0.000 MaxHP: 2000000.000 CurrHp 1692867.118 ShieldHP: 0.000
-   Enemy 2 AV: 72.407 ENERGY: 0.000 MaxHP: 2000000.000 CurrHp 1692867.118 ShieldHP: 0.000
-   Saber AV: 75.629 ENERGY: 191.000 MaxHP: 3366.991 CurrHp 3366.991 ShieldHP: 0.000

Combat context set: 3 enemies, 4 players
Combat context initialized: 3 enemies, Elation team size: 0
ACTION > [ENEMY] TotalAV: 331.439 | TurnAV: 0.922 | Enemy 1 | 1 attacks
MortenaxBlade has obtained 1 Charge. Current Charge count: 5.
    CharEnergy - Saber: Hit 5.000 Total: 196.000 | Gilgamesh: Hit 1.667 Total: 206.000 | MortenaxBlade: Hit 5.000 Total: 12.444 | HuoHuo: Hit 1.667 Total: 57.787 |
    ENEMY  - Enemy 1 [aoe] dealt 232.0 to Saber (energy: 3.3, DEF: 2409, atkMul: 1.00, dmgMul: 1.00) | Shield Absorbed: 0.0 | HP Lost: 232.0 | HP: 3135/3367 | Shield HP: 0
    ENEMY  - Enemy 1 [aoe] dealt 116.0 to Saber (energy: 1.7, DEF: 2409, atkMul: 1.00, dmgMul: 1.00) | Shield Absorbed: 0.0 | HP Lost: 116.0 | HP: 3019/3367 | Shield HP: 0
    ENEMY  - Enemy 1 [aoe] dealt 140.2 to Gilgamesh (energy: 1.7, DEF: 1794, atkMul: 1.00, dmgMul: 1.00) | Shield Absorbed: 0.0 | HP Lost: 140.2 | HP: 1093/3135 | Shield HP: 0
    ENEMY  - Enemy 1 [aoe] dealt 65.2 to MortenaxBlade (energy: 1.7, DEF: 2014, atkMul: 1.00, dmgMul: 1.00) | Shield Absorbed: 0.0 | HP Lost: 65.2 | HP: 390/4779 | Shield HP: 0
    ENEMY  - Enemy 1 [aoe] dealt 116.0 to HuoHuo (energy: 1.7, DEF: 2410, atkMul: 1.00, dmgMul: 1.00) | Shield Absorbed: 0.0 | HP Lost: 116.0 | HP: 4875/6140 | Shield HP: 0
    ENEMY  - Enemy 1 [aoe] dealt 130.5 to MortenaxBlade (energy: 3.3, DEF: 2014, atkMul: 1.00, dmgMul: 1.00) | Shield Absorbed: 0.0 | HP Lost: 130.5 | HP: 260/4779 | Shield HP: 0
MortenaxBlade has obtained 1 Charge. Current Charge count: 6.
MortenaxBlade useHit produced 2 debuffs
    DEBUFF - Enemy 1 took 10511.014 Debuff damage from Enemy 1 WIN-break
        Debuff ResoShred(SUP2) expired
AV     > Enemy 1 AV reset to 63.131 | 158.400 SPD

<<< NEW TURN >>>
-   Gilgamesh AV: 0.000 ENERGY: 206.000 MaxHP: 3134.558 CurrHp 1093.481 ShieldHP: 0.000
-   HuoHuo AV: 41.297 ENERGY: 57.787 MaxHP: 6139.808 CurrHp 4875.454 ShieldHP: 0.000
-   MortenaxBlade AV: 49.731 ENERGY: 12.444 MaxHP: 4779.283 CurrHp 259.565 ShieldHP: 0.000
-   Enemy 1 AV: 57.285 ENERGY: 0.000 MaxHP: 5000000.000 CurrHp 4491634.973 ShieldHP: 0.000
-   InfiniteFury AV: 59.538 ENERGY: 0.000 MaxHP: 0.000 CurrHp 0.000 ShieldHP: 0.000
-   Enemy 0 AV: 66.560 ENERGY: 0.000 MaxHP: 2000000.000 CurrHp 1692867.118 ShieldHP: 0.000
-   Enemy 2 AV: 66.560 ENERGY: 0.000 MaxHP: 2000000.000 CurrHp 1692867.118 ShieldHP: 0.000
-   Saber AV: 69.782 ENERGY: 196.000 MaxHP: 3366.991 CurrHp 3018.949 ShieldHP: 0.000

Combat context set: 3 enemies, 4 players
Combat context initialized: 3 enemies, Elation team size: 0
ACTION > [CHAR] TotalAV: 337.286 | TurnAV: 5.847 | Gilgamesh | E-move
        Buff ScholarBonusDMG expired
Gilgamesh JointCounter increased by one, current count: 6
    TURN   - GilgameshSkill | Gilgamesh | SUP1 | BLAST attack | ['LNG'] | ['SKL'] | Scaling: ATK | TargetID: 1 | DMG/BREAK Splits: [2.8, 1.4]/[20, 10] | Energy Gained: 30 | SP Change: 0

        ----------Char Buffs----------
        ScholarCR | CR% | Stacks: 1 | Value: 0.080 | Remaining Turns: 1 | TickDown: SUP1, PERM | Target: SUP1 | Affects: ['ALL']
        ScholarDMG | DMG% | Stacks: 1 | Value: 0.200 | Remaining Turns: 1 | TickDown: SUP1, PERM | Target: SUP1 | Affects: ['SKL', 'ULT']
        GilgameshTraceATK | ATK | Stacks: 1 | Value: 0.180 | Remaining Turns: 1 | TickDown: SUP1, PERM | Target: SUP1 | Affects: ['ALL']
        GilgameshTraceCR | CR% | Stacks: 1 | Value: 0.187 | Remaining Turns: 1 | TickDown: SUP1, PERM | Target: SUP1 | Affects: ['ALL']
        GilgameshTraceDMG | DMG% | Stacks: 1 | Value: 0.080 | Remaining Turns: 1 | TickDown: SUP1, PERM | Target: SUP1 | Affects: ['ALL']
        GilgameshTrace3ATK | ATK% | Stacks: 1 | Value: 0.200 | Remaining Turns: 1 | TickDown: SUP1, PERM | Target: SUP1 | Affects: ['ALL']
        GilgameshTrace3CD | CD% | Stacks: 1 | Value: 0.200 | Remaining Turns: 1 | TickDown: SUP1, PERM | Target: SUP1 | Affects: ['ALL']
        GilgameshTrace3SelfATK | ATK% | Stacks: 1 | Value: 1.000 | Remaining Turns: 1 | TickDown: SUP1, PERM | Target: SUP1 | Affects: ['ALL']
        GilgameshTrace3SelfCD | CD% | Stacks: 1 | Value: 1.000 | Remaining Turns: 1 | TickDown: SUP1, PERM | Target: SUP1 | Affects: ['ALL']
        KeelCD(SUS) | CD% | Stacks: 1 | Value: 0.100 | Remaining Turns: 1 | TickDown: SUP1, PERM | Target: SUP1 | Affects: ['ALL']
        CosmicLifeDMG | DMG% | Stacks: 1 | Value: 0.320 | Remaining Turns: 1 | TickDown: SUP1, PERM | Target: SUP1 | Affects: ['ALL']
        Trace2CDExtra | CD% | Stacks: 1 | Value: 1.500 | Remaining Turns: 1 | TickDown: SUP1, PERM | Target: SUP1 | Affects: ['ALL']
        GilgameshInterestSPD | SPD% | Stacks: 1 | Value: 0.700 | Remaining Turns: 1 | TickDown: SUP2, PERM | Target: SUP1 | Affects: ['ALL']
        MasterSmithComburent | DMG% | Stacks: 1 | Value: 0.150 | Remaining Turns: 2 | TickDown: SUP1, END | Target: SUP1 | Affects: ['ALL']
        MortenaxBladeDMGBoost | DMG% | Stacks: 1 | Value: 0.500 | Remaining Turns: 1 | TickDown: SUP1, PERM | Target: SUP1 | Affects: ['ALL']
        AeonATK | ATK% | Stacks: 1 | Value: 0.640 | Remaining Turns: 1 | TickDown: SUP1, PERM | Target: SUP1 | Affects: ['ALL']
        GilgameshSKLShred | SHRED | Stacks: 1 | Value: 0.300 | Remaining Turns: 3 | TickDown: SUP1, END | Target: SUP1 | Affects: ['ALL']
        WarriorGoddessHealCD | CD% | Stacks: 1 | Value: 0.150 | Remaining Turns: 1 | TickDown: SUP1, START | Target: SUP1 | Affects: ['ALL']
        HuoHuoUltATK | ATK% | Stacks: 1 | Value: 0.400 | Remaining Turns: 1 | TickDown: SUP1, END | Target: SUP1 | Affects: ['ALL']
        HuoHuoUltExtraATK | ATK% | Stacks: 1 | Value: 0.240 | Remaining Turns: 1 | TickDown: SUP1, END | Target: SUP1 | Affects: ['ALL']
        ----------End of Buff List----------

        ----------Enemy Debuffs----------
        MortenaxBladeUltVul | From: SUP2 | VULN | Stacks: 1 | Value: 0.500 | Remaining Turns: 1 | Target: 1 | Targeting: ST | Affects: ['ALL'] | DOT: False | Blast: False
        MortenaxBladeUltShred | From: SUP2 | SHRED | Stacks: 1 | Value: 0.300 | Remaining Turns: 1 | Target: 1 | Targeting: ST | Affects: ['ALL'] | DOT: False | Blast: False
        Enemy 1 WIN-break | From: DPS | WINDSHEAR | Stacks: 1 | Value: 12621.002 | Remaining Turns: 1 | Target: 1 | Targeting: ST | Affects: ['ALL'] | DOT: True | Blast: False
        ----------End of Debuff List----------
        ----------Healing List----------
        ----------End of Healing List----------
    GAUGE  - Enemy 1 toughness reduced by 0.000
    GAUGE  - Enemy 0 toughness reduced by 0.000
    GAUGE  - Enemy 2 toughness reduced by 0.000
    RESULT - GilgameshSkill | Gilgamesh | SUP1 | DMG: 320738.069 | ELADMG: 0.000 | Enemies Hit: [1, 0, 2] | Enemies Broken: [] | WB DMG: 0.000 | Energy: 30.000 | Amount HP Healed: 0.000 | Amount HP Lost: 0.000 | Gilgamesh Energy: 236/360 | SP: 5 | MaxSP: 5)
MortenaxBlade has obtained 1 Charge. Current Charge count: 7.
        Buff HuoHuoUltATK expired
        Buff HuoHuoUltExtraATK expired
SPD    > Gilgamesh speed changed to 126.632 | NewAV: 0.000
AV     > Gilgamesh AV reset to 78.969 | 126.632 SPD

<<< NEW TURN >>>
-   HuoHuo AV: 0.000 ENERGY: 57.787 MaxHP: 6139.808 CurrHp 4875.454 ShieldHP: 0.000
-   MortenaxBlade AV: 8.434 ENERGY: 12.444 MaxHP: 4779.283 CurrHp 259.565 ShieldHP: 0.000
-   Enemy 1 AV: 15.987 ENERGY: 0.000 MaxHP: 5000000.000 CurrHp 4342050.990 ShieldHP: 0.000
-   InfiniteFury AV: 18.240 ENERGY: 0.000 MaxHP: 0.000 CurrHp 0.000 ShieldHP: 0.000
-   Enemy 0 AV: 25.263 ENERGY: 0.000 MaxHP: 2000000.000 CurrHp 1607290.075 ShieldHP: 0.000
-   Enemy 2 AV: 25.263 ENERGY: 0.000 MaxHP: 2000000.000 CurrHp 1607290.075 ShieldHP: 0.000
-   Saber AV: 28.485 ENERGY: 196.000 MaxHP: 3366.991 CurrHp 3018.949 ShieldHP: 0.000
-   Gilgamesh AV: 37.672 ENERGY: 236.000 MaxHP: 3134.558 CurrHp 1093.481 ShieldHP: 0.000

Combat context set: 3 enemies, 4 players
Combat context initialized: 3 enemies, Elation team size: 0
ACTION > [CHAR] TotalAV: 378.583 | TurnAV: 41.297 | HuoHuo | A-move
        Buff WarriorGoddessHealSPD expired
        Buff WarriorGoddessHealCD expired
    TURN   - HuoHuoBasic | HuoHuo | SUS | ST attack | ['WIN'] | ['BSC'] | Scaling: HP | TargetID: 1 | DMG/BREAK Splits: [0.5, 0]/[10, 0] | Energy Gained: 20 | SP Change: 1

        ----------Char Buffs----------
        GilgameshTrace3ATK | ATK% | Stacks: 1 | Value: 0.200 | Remaining Turns: 1 | TickDown: SUS, PERM | Target: SUS | Affects: ['ALL']
        GilgameshTrace3CD | CD% | Stacks: 1 | Value: 0.200 | Remaining Turns: 1 | TickDown: SUS, PERM | Target: SUS | Affects: ['ALL']
        PostOpERR | ERR% | Stacks: 1 | Value: 0.160 | Remaining Turns: 1 | TickDown: SUS, PERM | Target: SUS | Affects: ['ALL']
        WarriorGoddessSPD | SPD% | Stacks: 1 | Value: 0.060 | Remaining Turns: 1 | TickDown: SUS, PERM | Target: SUS | Affects: ['ALL']
        KeelEFFRES | ERS% | Stacks: 1 | Value: 0.100 | Remaining Turns: 1 | TickDown: SUS, PERM | Target: SUS | Affects: ['ALL']
        KeelCD(SUS) | CD% | Stacks: 1 | Value: 0.100 | Remaining Turns: 1 | TickDown: SUS, PERM | Target: SUS | Affects: ['ALL']
        HHTraceHP | HP% | Stacks: 1 | Value: 0.280 | Remaining Turns: 1 | TickDown: SUS, PERM | Target: SUS | Affects: ['ALL']
        HHTraceERS | ERS% | Stacks: 1 | Value: 0.180 | Remaining Turns: 1 | TickDown: SUS, PERM | Target: SUS | Affects: ['ALL']
        HHTraceSPD | SPD | Stacks: 1 | Value: 5.000 | Remaining Turns: 1 | TickDown: SUS, PERM | Target: SUS | Affects: ['ALL']
        MasterSmithComburent | DMG% | Stacks: 1 | Value: 0.150 | Remaining Turns: 2 | TickDown: SUS, END | Target: SUS | Affects: ['ALL']
        MortenaxBladeDMGBoost | DMG% | Stacks: 1 | Value: 0.500 | Remaining Turns: 1 | TickDown: SUS, PERM | Target: SUS | Affects: ['ALL']
        ----------End of Buff List----------

        ----------Enemy Debuffs----------
        MortenaxBladeUltVul | From: SUP2 | VULN | Stacks: 1 | Value: 0.500 | Remaining Turns: 2 | Target: 1 | Targeting: ST | Affects: ['ALL'] | DOT: False | Blast: False
        MortenaxBladeUltShred | From: SUP2 | SHRED | Stacks: 1 | Value: 0.300 | Remaining Turns: 2 | Target: 1 | Targeting: ST | Affects: ['ALL'] | DOT: False | Blast: False
        Enemy 1 WIN-break | From: DPS | WINDSHEAR | Stacks: 1 | Value: 12621.002 | Remaining Turns: 1 | Target: 1 | Targeting: ST | Affects: ['ALL'] | DOT: True | Blast: False
        ----------End of Debuff List----------
        ----------Healing List----------
        ----------End of Healing List----------
    GAUGE  - Enemy 1 toughness reduced by 10.000
    RESULT - HuoHuoBasic | HuoHuo | SUS | DMG: 4164.643 | ELADMG: 0.000 | Enemies Hit: [1] | Enemies Broken: [] | WB DMG: 0.000 | Energy: 27.088 | Amount HP Healed: 0.000 | Amount HP Lost: 0.000 | HuoHuo Energy: 85/140 | SP: 5 | MaxSP: 5)
Gilgamesh Obtained 1 Interest from Teammate, Current count: 1
MortenaxBlade has obtained 1 Charge. Current Charge count: 8.
SPD    > Gilgamesh speed changed to 136.332 | NewAV: 34.991
SPD    > HuoHuo speed changed to 154.612 | NewAV: 0.000
AV     > HuoHuo AV reset to 64.678 | 154.612 SPD

<<< NEW TURN >>>
-   MortenaxBlade AV: 0.000 ENERGY: 12.444 MaxHP: 4779.283 CurrHp 259.565 ShieldHP: 0.000
-   Enemy 1 AV: 7.554 ENERGY: 0.000 MaxHP: 5000000.000 CurrHp 4337886.348 ShieldHP: 0.000
-   InfiniteFury AV: 9.807 ENERGY: 0.000 MaxHP: 0.000 CurrHp 0.000 ShieldHP: 0.000
-   Enemy 0 AV: 16.829 ENERGY: 0.000 MaxHP: 2000000.000 CurrHp 1607290.075 ShieldHP: 0.000
-   Enemy 2 AV: 16.829 ENERGY: 0.000 MaxHP: 2000000.000 CurrHp 1607290.075 ShieldHP: 0.000
-   Saber AV: 20.051 ENERGY: 196.000 MaxHP: 3366.991 CurrHp 3018.949 ShieldHP: 0.000
-   Gilgamesh AV: 26.558 ENERGY: 236.000 MaxHP: 3134.558 CurrHp 1093.481 ShieldHP: 0.000
-   HuoHuo AV: 56.244 ENERGY: 84.875 MaxHP: 6139.808 CurrHp 4875.454 ShieldHP: 0.000

Combat context set: 3 enemies, 4 players
Combat context initialized: 3 enemies, Elation team size: 0
ACTION > [CHAR] TotalAV: 387.017 | TurnAV: 8.434 | MortenaxBlade | E-move
        Buff WarriorGoddessHealCD expired
MortenaxBlade has obtained 1 Charge. Current Charge count: 9.
    TURN   - MortenaxBladeAOESkill | MortenaxBlade | SUP2 | AOE attack | ['FIR'] | ['SKL'] | Scaling: HP | TargetID: 1 | DMG/BREAK Splits: [0.72, 0]/[10, 0] | Energy Gained: 30 | SP Change: 0

        ----------Char Buffs----------
        GilgameshTrace3ATK | ATK% | Stacks: 1 | Value: 0.200 | Remaining Turns: 1 | TickDown: SUP2, PERM | Target: SUP2 | Affects: ['ALL']
        GilgameshTrace3CD | CD% | Stacks: 1 | Value: 0.200 | Remaining Turns: 1 | TickDown: SUP2, PERM | Target: SUP2 | Affects: ['ALL']
        MasterSmithHP | HP% | Stacks: 1 | Value: 0.120 | Remaining Turns: 1 | TickDown: SUP2, PERM | Target: SUP2 | Affects: ['ALL']
        LushakaERR | ERR% | Stacks: 1 | Value: 0.050 | Remaining Turns: 1 | TickDown: SUP2, PERM | Target: SUP2 | Affects: ['ALL']
        MortenaxBladeTraceCR | CR% | Stacks: 1 | Value: 0.120 | Remaining Turns: 1 | TickDown: SUP2, PERM | Target: SUP2 | Affects: ['ALL']
        MortenaxBladeTraceHP | HP% | Stacks: 1 | Value: 0.100 | Remaining Turns: 1 | TickDown: SUP2, PERM | Target: SUP2 | Affects: ['ALL']
        MortenaxBladeTraceDMG | DMG% | Stacks: 1 | Value: 0.224 | Remaining Turns: 1 | TickDown: SUP2, PERM | Target: SUP2 | Affects: ['ALL']
        KeelCD(SUS) | CD% | Stacks: 1 | Value: 0.100 | Remaining Turns: 1 | TickDown: SUP2, PERM | Target: SUP2 | Affects: ['ALL']
        MasterSmithCD | CD% | Stacks: 1 | Value: 0.280 | Remaining Turns: 1 | TickDown: SUP2, PERM | Target: SUP2 | Affects: ['ALL']
        MasterSmithComburent | DMG% | Stacks: 1 | Value: 0.150 | Remaining Turns: 2 | TickDown: SUP2, END | Target: SUP2 | Affects: ['ALL']
        MortenaxBladeCRBoost | CR% | Stacks: 1 | Value: 0.200 | Remaining Turns: 1 | TickDown: SUP2, PERM | Target: SUP2 | Affects: ['ALL']
        MortenaxBladeCDBoost | CD% | Stacks: 1 | Value: 0.600 | Remaining Turns: 1 | TickDown: SUP2, PERM | Target: SUP2 | Affects: ['ALL']
        MortenaxBladeDMGReduction | DMG_REDUCTION | Stacks: 1 | Value: 0.500 | Remaining Turns: 1 | TickDown: SUP2, PERM | Target: SUP2 | Affects: ['ALL']
        MortenaxBladeDMGBoost | DMG% | Stacks: 1 | Value: 0.500 | Remaining Turns: 1 | TickDown: SUP2, PERM | Target: SUP2 | Affects: ['ALL']
        MortenaxBladeDMG | DMG% | Stacks: 1 | Value: 0.750 | Remaining Turns: 1 | TickDown: SUP2, PERM | Target: SUP2 | Affects: ['ALL']
        ----------End of Buff List----------

        ----------Enemy Debuffs----------
        MortenaxBladeUltVul | From: SUP2 | VULN | Stacks: 1 | Value: 0.500 | Remaining Turns: 2 | Target: 1 | Targeting: ST | Affects: ['ALL'] | DOT: False | Blast: False
        MortenaxBladeUltShred | From: SUP2 | SHRED | Stacks: 1 | Value: 0.300 | Remaining Turns: 2 | Target: 1 | Targeting: ST | Affects: ['ALL'] | DOT: False | Blast: False
        Enemy 1 WIN-break | From: DPS | WINDSHEAR | Stacks: 1 | Value: 12621.002 | Remaining Turns: 1 | Target: 1 | Targeting: ST | Affects: ['ALL'] | DOT: True | Blast: False
        ResoShred(SUP2) | From: SUP2 | SHRED | Stacks: 1 | Value: 0.160 | Remaining Turns: 1 | Target: 1 | Targeting: ST | Affects: ['ALL'] | DOT: False | Blast: False
        ----------End of Debuff List----------
        ----------Healing List----------
        ----------End of Healing List----------
    GAUGE  - Enemy 0 toughness reduced by 0.000
    GAUGE  - Enemy 1 toughness reduced by 0.000
    GAUGE  - Enemy 2 toughness reduced by 0.000
    RESULT - MortenaxBladeAOESkill | MortenaxBlade | SUP2 | DMG: 39500.152 | ELADMG: 0.000 | Enemies Hit: [0, 1, 2] | Enemies Broken: [] | WB DMG: 0.000 | Energy: 37.332 | Amount HP Healed: 0.000 | Amount HP Lost: 0.000 | MortenaxBlade Energy: 50/160 | SP: 5 | MaxSP: 5)
Gilgamesh Obtained 1 Interest from Teammate, Current count: 2
MortenaxBlade has obtained 1 Charge. Current Charge count: 1.
    TURN   - MortenaxBladeBounceSkill | MortenaxBlade | SUP2 | ST attack | ['FIR'] | ['SKL'] | Scaling: HP | TargetID: 1 | DMG/BREAK Splits: [0.24, 0]/[5, 0] | Energy Gained: 0 | SP Change: 0

        ----------Char Buffs----------
        GilgameshTrace3ATK | ATK% | Stacks: 1 | Value: 0.200 | Remaining Turns: 1 | TickDown: SUP2, PERM | Target: SUP2 | Affects: ['ALL']
        GilgameshTrace3CD | CD% | Stacks: 1 | Value: 0.200 | Remaining Turns: 1 | TickDown: SUP2, PERM | Target: SUP2 | Affects: ['ALL']
        MasterSmithHP | HP% | Stacks: 1 | Value: 0.120 | Remaining Turns: 1 | TickDown: SUP2, PERM | Target: SUP2 | Affects: ['ALL']
        LushakaERR | ERR% | Stacks: 1 | Value: 0.050 | Remaining Turns: 1 | TickDown: SUP2, PERM | Target: SUP2 | Affects: ['ALL']
        MortenaxBladeTraceCR | CR% | Stacks: 1 | Value: 0.120 | Remaining Turns: 1 | TickDown: SUP2, PERM | Target: SUP2 | Affects: ['ALL']
        MortenaxBladeTraceHP | HP% | Stacks: 1 | Value: 0.100 | Remaining Turns: 1 | TickDown: SUP2, PERM | Target: SUP2 | Affects: ['ALL']
        MortenaxBladeTraceDMG | DMG% | Stacks: 1 | Value: 0.224 | Remaining Turns: 1 | TickDown: SUP2, PERM | Target: SUP2 | Affects: ['ALL']
        KeelCD(SUS) | CD% | Stacks: 1 | Value: 0.100 | Remaining Turns: 1 | TickDown: SUP2, PERM | Target: SUP2 | Affects: ['ALL']
        MasterSmithCD | CD% | Stacks: 1 | Value: 0.280 | Remaining Turns: 1 | TickDown: SUP2, PERM | Target: SUP2 | Affects: ['ALL']
        MasterSmithComburent | DMG% | Stacks: 1 | Value: 0.150 | Remaining Turns: 2 | TickDown: SUP2, END | Target: SUP2 | Affects: ['ALL']
        MortenaxBladeCRBoost | CR% | Stacks: 1 | Value: 0.200 | Remaining Turns: 1 | TickDown: SUP2, PERM | Target: SUP2 | Affects: ['ALL']
        MortenaxBladeCDBoost | CD% | Stacks: 1 | Value: 0.600 | Remaining Turns: 1 | TickDown: SUP2, PERM | Target: SUP2 | Affects: ['ALL']
        MortenaxBladeDMGReduction | DMG_REDUCTION | Stacks: 1 | Value: 0.500 | Remaining Turns: 1 | TickDown: SUP2, PERM | Target: SUP2 | Affects: ['ALL']
        MortenaxBladeDMGBoost | DMG% | Stacks: 1 | Value: 0.500 | Remaining Turns: 1 | TickDown: SUP2, PERM | Target: SUP2 | Affects: ['ALL']
        MortenaxBladeDMG | DMG% | Stacks: 1 | Value: 0.750 | Remaining Turns: 1 | TickDown: SUP2, PERM | Target: SUP2 | Affects: ['ALL']
        ----------End of Buff List----------

        ----------Enemy Debuffs----------
        MortenaxBladeUltVul | From: SUP2 | VULN | Stacks: 1 | Value: 0.500 | Remaining Turns: 2 | Target: 1 | Targeting: ST | Affects: ['ALL'] | DOT: False | Blast: False
        MortenaxBladeUltShred | From: SUP2 | SHRED | Stacks: 1 | Value: 0.300 | Remaining Turns: 2 | Target: 1 | Targeting: ST | Affects: ['ALL'] | DOT: False | Blast: False
        Enemy 1 WIN-break | From: DPS | WINDSHEAR | Stacks: 1 | Value: 12621.002 | Remaining Turns: 1 | Target: 1 | Targeting: ST | Affects: ['ALL'] | DOT: True | Blast: False
        ResoShred(SUP2) | From: SUP2 | SHRED | Stacks: 1 | Value: 0.160 | Remaining Turns: 1 | Target: 1 | Targeting: ST | Affects: ['ALL'] | DOT: False | Blast: False
        ----------End of Debuff List----------
        ----------Healing List----------
        ----------End of Healing List----------
    GAUGE  - Enemy 1 toughness reduced by 0.000
    RESULT - MortenaxBladeBounceSkill | MortenaxBlade | SUP2 | DMG: 4388.906 | ELADMG: 0.000 | Enemies Hit: [1] | Enemies Broken: [] | WB DMG: 0.000 | Energy: 0.000 | Amount HP Healed: 0.000 | Amount HP Lost: 0.000 | MortenaxBlade Energy: 50/160 | SP: 5 | MaxSP: 5)
    TURN   - MortenaxBladeBounceSkill | MortenaxBlade | SUP2 | ST attack | ['FIR'] | ['SKL'] | Scaling: HP | TargetID: 1 | DMG/BREAK Splits: [0.24, 0]/[5, 0] | Energy Gained: 0 | SP Change: 0

        ----------Char Buffs----------
        GilgameshTrace3ATK | ATK% | Stacks: 1 | Value: 0.200 | Remaining Turns: 1 | TickDown: SUP2, PERM | Target: SUP2 | Affects: ['ALL']
        GilgameshTrace3CD | CD% | Stacks: 1 | Value: 0.200 | Remaining Turns: 1 | TickDown: SUP2, PERM | Target: SUP2 | Affects: ['ALL']
        MasterSmithHP | HP% | Stacks: 1 | Value: 0.120 | Remaining Turns: 1 | TickDown: SUP2, PERM | Target: SUP2 | Affects: ['ALL']
        LushakaERR | ERR% | Stacks: 1 | Value: 0.050 | Remaining Turns: 1 | TickDown: SUP2, PERM | Target: SUP2 | Affects: ['ALL']
        MortenaxBladeTraceCR | CR% | Stacks: 1 | Value: 0.120 | Remaining Turns: 1 | TickDown: SUP2, PERM | Target: SUP2 | Affects: ['ALL']
        MortenaxBladeTraceHP | HP% | Stacks: 1 | Value: 0.100 | Remaining Turns: 1 | TickDown: SUP2, PERM | Target: SUP2 | Affects: ['ALL']
        MortenaxBladeTraceDMG | DMG% | Stacks: 1 | Value: 0.224 | Remaining Turns: 1 | TickDown: SUP2, PERM | Target: SUP2 | Affects: ['ALL']
        KeelCD(SUS) | CD% | Stacks: 1 | Value: 0.100 | Remaining Turns: 1 | TickDown: SUP2, PERM | Target: SUP2 | Affects: ['ALL']
        MasterSmithCD | CD% | Stacks: 1 | Value: 0.280 | Remaining Turns: 1 | TickDown: SUP2, PERM | Target: SUP2 | Affects: ['ALL']
        MasterSmithComburent | DMG% | Stacks: 1 | Value: 0.150 | Remaining Turns: 2 | TickDown: SUP2, END | Target: SUP2 | Affects: ['ALL']
        MortenaxBladeCRBoost | CR% | Stacks: 1 | Value: 0.200 | Remaining Turns: 1 | TickDown: SUP2, PERM | Target: SUP2 | Affects: ['ALL']
        MortenaxBladeCDBoost | CD% | Stacks: 1 | Value: 0.600 | Remaining Turns: 1 | TickDown: SUP2, PERM | Target: SUP2 | Affects: ['ALL']
        MortenaxBladeDMGReduction | DMG_REDUCTION | Stacks: 1 | Value: 0.500 | Remaining Turns: 1 | TickDown: SUP2, PERM | Target: SUP2 | Affects: ['ALL']
        MortenaxBladeDMGBoost | DMG% | Stacks: 1 | Value: 0.500 | Remaining Turns: 1 | TickDown: SUP2, PERM | Target: SUP2 | Affects: ['ALL']
        MortenaxBladeDMG | DMG% | Stacks: 1 | Value: 0.750 | Remaining Turns: 1 | TickDown: SUP2, PERM | Target: SUP2 | Affects: ['ALL']
        ----------End of Buff List----------

        ----------Enemy Debuffs----------
        MortenaxBladeUltVul | From: SUP2 | VULN | Stacks: 1 | Value: 0.500 | Remaining Turns: 2 | Target: 1 | Targeting: ST | Affects: ['ALL'] | DOT: False | Blast: False
        MortenaxBladeUltShred | From: SUP2 | SHRED | Stacks: 1 | Value: 0.300 | Remaining Turns: 2 | Target: 1 | Targeting: ST | Affects: ['ALL'] | DOT: False | Blast: False
        Enemy 1 WIN-break | From: DPS | WINDSHEAR | Stacks: 1 | Value: 12621.002 | Remaining Turns: 1 | Target: 1 | Targeting: ST | Affects: ['ALL'] | DOT: True | Blast: False
        ResoShred(SUP2) | From: SUP2 | SHRED | Stacks: 1 | Value: 0.160 | Remaining Turns: 1 | Target: 1 | Targeting: ST | Affects: ['ALL'] | DOT: False | Blast: False
        ----------End of Debuff List----------
        ----------Healing List----------
        ----------End of Healing List----------
    GAUGE  - Enemy 1 toughness reduced by 0.000
    RESULT - MortenaxBladeBounceSkill | MortenaxBlade | SUP2 | DMG: 4388.906 | ELADMG: 0.000 | Enemies Hit: [1] | Enemies Broken: [] | WB DMG: 0.000 | Energy: 0.000 | Amount HP Healed: 0.000 | Amount HP Lost: 0.000 | MortenaxBlade Energy: 50/160 | SP: 5 | MaxSP: 5)
    TURN   - MortenaxBladeBounceSkill | MortenaxBlade | SUP2 | ST attack | ['FIR'] | ['SKL'] | Scaling: HP | TargetID: 1 | DMG/BREAK Splits: [0.24, 0]/[5, 0] | Energy Gained: 0 | SP Change: 0

        ----------Char Buffs----------
        GilgameshTrace3ATK | ATK% | Stacks: 1 | Value: 0.200 | Remaining Turns: 1 | TickDown: SUP2, PERM | Target: SUP2 | Affects: ['ALL']
        GilgameshTrace3CD | CD% | Stacks: 1 | Value: 0.200 | Remaining Turns: 1 | TickDown: SUP2, PERM | Target: SUP2 | Affects: ['ALL']
        MasterSmithHP | HP% | Stacks: 1 | Value: 0.120 | Remaining Turns: 1 | TickDown: SUP2, PERM | Target: SUP2 | Affects: ['ALL']
        LushakaERR | ERR% | Stacks: 1 | Value: 0.050 | Remaining Turns: 1 | TickDown: SUP2, PERM | Target: SUP2 | Affects: ['ALL']
        MortenaxBladeTraceCR | CR% | Stacks: 1 | Value: 0.120 | Remaining Turns: 1 | TickDown: SUP2, PERM | Target: SUP2 | Affects: ['ALL']
        MortenaxBladeTraceHP | HP% | Stacks: 1 | Value: 0.100 | Remaining Turns: 1 | TickDown: SUP2, PERM | Target: SUP2 | Affects: ['ALL']
        MortenaxBladeTraceDMG | DMG% | Stacks: 1 | Value: 0.224 | Remaining Turns: 1 | TickDown: SUP2, PERM | Target: SUP2 | Affects: ['ALL']
        KeelCD(SUS) | CD% | Stacks: 1 | Value: 0.100 | Remaining Turns: 1 | TickDown: SUP2, PERM | Target: SUP2 | Affects: ['ALL']
        MasterSmithCD | CD% | Stacks: 1 | Value: 0.280 | Remaining Turns: 1 | TickDown: SUP2, PERM | Target: SUP2 | Affects: ['ALL']
        MasterSmithComburent | DMG% | Stacks: 1 | Value: 0.150 | Remaining Turns: 2 | TickDown: SUP2, END | Target: SUP2 | Affects: ['ALL']
        MortenaxBladeCRBoost | CR% | Stacks: 1 | Value: 0.200 | Remaining Turns: 1 | TickDown: SUP2, PERM | Target: SUP2 | Affects: ['ALL']
        MortenaxBladeCDBoost | CD% | Stacks: 1 | Value: 0.600 | Remaining Turns: 1 | TickDown: SUP2, PERM | Target: SUP2 | Affects: ['ALL']
        MortenaxBladeDMGReduction | DMG_REDUCTION | Stacks: 1 | Value: 0.500 | Remaining Turns: 1 | TickDown: SUP2, PERM | Target: SUP2 | Affects: ['ALL']
        MortenaxBladeDMGBoost | DMG% | Stacks: 1 | Value: 0.500 | Remaining Turns: 1 | TickDown: SUP2, PERM | Target: SUP2 | Affects: ['ALL']
        MortenaxBladeDMG | DMG% | Stacks: 1 | Value: 0.750 | Remaining Turns: 1 | TickDown: SUP2, PERM | Target: SUP2 | Affects: ['ALL']
        ----------End of Buff List----------

        ----------Enemy Debuffs----------
        MortenaxBladeUltVul | From: SUP2 | VULN | Stacks: 1 | Value: 0.500 | Remaining Turns: 2 | Target: 1 | Targeting: ST | Affects: ['ALL'] | DOT: False | Blast: False
        MortenaxBladeUltShred | From: SUP2 | SHRED | Stacks: 1 | Value: 0.300 | Remaining Turns: 2 | Target: 1 | Targeting: ST | Affects: ['ALL'] | DOT: False | Blast: False
        Enemy 1 WIN-break | From: DPS | WINDSHEAR | Stacks: 1 | Value: 12621.002 | Remaining Turns: 1 | Target: 1 | Targeting: ST | Affects: ['ALL'] | DOT: True | Blast: False
        ResoShred(SUP2) | From: SUP2 | SHRED | Stacks: 1 | Value: 0.160 | Remaining Turns: 1 | Target: 1 | Targeting: ST | Affects: ['ALL'] | DOT: False | Blast: False
        ----------End of Debuff List----------
        ----------Healing List----------
        ----------End of Healing List----------
    GAUGE  - Enemy 1 toughness reduced by 0.000
    RESULT - MortenaxBladeBounceSkill | MortenaxBlade | SUP2 | DMG: 4388.906 | ELADMG: 0.000 | Enemies Hit: [1] | Enemies Broken: [] | WB DMG: 0.000 | Energy: 0.000 | Amount HP Healed: 0.000 | Amount HP Lost: 0.000 | MortenaxBlade Energy: 50/160 | SP: 5 | MaxSP: 5)
    TURN   - MortenaxBladeBounceSkill | MortenaxBlade | SUP2 | ST attack | ['FIR'] | ['SKL'] | Scaling: HP | TargetID: 1 | DMG/BREAK Splits: [0.24, 0]/[5, 0] | Energy Gained: 0 | SP Change: 0

        ----------Char Buffs----------
        GilgameshTrace3ATK | ATK% | Stacks: 1 | Value: 0.200 | Remaining Turns: 1 | TickDown: SUP2, PERM | Target: SUP2 | Affects: ['ALL']
        GilgameshTrace3CD | CD% | Stacks: 1 | Value: 0.200 | Remaining Turns: 1 | TickDown: SUP2, PERM | Target: SUP2 | Affects: ['ALL']
        MasterSmithHP | HP% | Stacks: 1 | Value: 0.120 | Remaining Turns: 1 | TickDown: SUP2, PERM | Target: SUP2 | Affects: ['ALL']
        LushakaERR | ERR% | Stacks: 1 | Value: 0.050 | Remaining Turns: 1 | TickDown: SUP2, PERM | Target: SUP2 | Affects: ['ALL']
        MortenaxBladeTraceCR | CR% | Stacks: 1 | Value: 0.120 | Remaining Turns: 1 | TickDown: SUP2, PERM | Target: SUP2 | Affects: ['ALL']
        MortenaxBladeTraceHP | HP% | Stacks: 1 | Value: 0.100 | Remaining Turns: 1 | TickDown: SUP2, PERM | Target: SUP2 | Affects: ['ALL']
        MortenaxBladeTraceDMG | DMG% | Stacks: 1 | Value: 0.224 | Remaining Turns: 1 | TickDown: SUP2, PERM | Target: SUP2 | Affects: ['ALL']
        KeelCD(SUS) | CD% | Stacks: 1 | Value: 0.100 | Remaining Turns: 1 | TickDown: SUP2, PERM | Target: SUP2 | Affects: ['ALL']
        MasterSmithCD | CD% | Stacks: 1 | Value: 0.280 | Remaining Turns: 1 | TickDown: SUP2, PERM | Target: SUP2 | Affects: ['ALL']
        MasterSmithComburent | DMG% | Stacks: 1 | Value: 0.150 | Remaining Turns: 2 | TickDown: SUP2, END | Target: SUP2 | Affects: ['ALL']
        MortenaxBladeCRBoost | CR% | Stacks: 1 | Value: 0.200 | Remaining Turns: 1 | TickDown: SUP2, PERM | Target: SUP2 | Affects: ['ALL']
        MortenaxBladeCDBoost | CD% | Stacks: 1 | Value: 0.600 | Remaining Turns: 1 | TickDown: SUP2, PERM | Target: SUP2 | Affects: ['ALL']
        MortenaxBladeDMGReduction | DMG_REDUCTION | Stacks: 1 | Value: 0.500 | Remaining Turns: 1 | TickDown: SUP2, PERM | Target: SUP2 | Affects: ['ALL']
        MortenaxBladeDMGBoost | DMG% | Stacks: 1 | Value: 0.500 | Remaining Turns: 1 | TickDown: SUP2, PERM | Target: SUP2 | Affects: ['ALL']
        MortenaxBladeDMG | DMG% | Stacks: 1 | Value: 0.750 | Remaining Turns: 1 | TickDown: SUP2, PERM | Target: SUP2 | Affects: ['ALL']
        ----------End of Buff List----------

        ----------Enemy Debuffs----------
        MortenaxBladeUltVul | From: SUP2 | VULN | Stacks: 1 | Value: 0.500 | Remaining Turns: 2 | Target: 1 | Targeting: ST | Affects: ['ALL'] | DOT: False | Blast: False
        MortenaxBladeUltShred | From: SUP2 | SHRED | Stacks: 1 | Value: 0.300 | Remaining Turns: 2 | Target: 1 | Targeting: ST | Affects: ['ALL'] | DOT: False | Blast: False
        Enemy 1 WIN-break | From: DPS | WINDSHEAR | Stacks: 1 | Value: 12621.002 | Remaining Turns: 1 | Target: 1 | Targeting: ST | Affects: ['ALL'] | DOT: True | Blast: False
        ResoShred(SUP2) | From: SUP2 | SHRED | Stacks: 1 | Value: 0.160 | Remaining Turns: 1 | Target: 1 | Targeting: ST | Affects: ['ALL'] | DOT: False | Blast: False
        ----------End of Debuff List----------
        ----------Healing List----------
        ----------End of Healing List----------
    GAUGE  - Enemy 1 toughness reduced by 0.000
    RESULT - MortenaxBladeBounceSkill | MortenaxBlade | SUP2 | DMG: 4388.906 | ELADMG: 0.000 | Enemies Hit: [1] | Enemies Broken: [] | WB DMG: 0.000 | Energy: 0.000 | Amount HP Healed: 0.000 | Amount HP Lost: 0.000 | MortenaxBlade Energy: 50/160 | SP: 5 | MaxSP: 5)
    TURN   - MortenaxBladeAOEFUA | MortenaxBlade | SUP2 | AOE attack | ['FIR'] | ['FUA'] | Scaling: HP | TargetID: 1 | DMG/BREAK Splits: [0.72, 0]/[10, 0] | Energy Gained: 25 | SP Change: 0

        ----------Char Buffs----------
        GilgameshTrace3ATK | ATK% | Stacks: 1 | Value: 0.200 | Remaining Turns: 1 | TickDown: SUP2, PERM | Target: SUP2 | Affects: ['ALL']
        GilgameshTrace3CD | CD% | Stacks: 1 | Value: 0.200 | Remaining Turns: 1 | TickDown: SUP2, PERM | Target: SUP2 | Affects: ['ALL']
        MasterSmithHP | HP% | Stacks: 1 | Value: 0.120 | Remaining Turns: 1 | TickDown: SUP2, PERM | Target: SUP2 | Affects: ['ALL']
        LushakaERR | ERR% | Stacks: 1 | Value: 0.050 | Remaining Turns: 1 | TickDown: SUP2, PERM | Target: SUP2 | Affects: ['ALL']
        MortenaxBladeTraceCR | CR% | Stacks: 1 | Value: 0.120 | Remaining Turns: 1 | TickDown: SUP2, PERM | Target: SUP2 | Affects: ['ALL']
        MortenaxBladeTraceHP | HP% | Stacks: 1 | Value: 0.100 | Remaining Turns: 1 | TickDown: SUP2, PERM | Target: SUP2 | Affects: ['ALL']
        MortenaxBladeTraceDMG | DMG% | Stacks: 1 | Value: 0.224 | Remaining Turns: 1 | TickDown: SUP2, PERM | Target: SUP2 | Affects: ['ALL']
        KeelCD(SUS) | CD% | Stacks: 1 | Value: 0.100 | Remaining Turns: 1 | TickDown: SUP2, PERM | Target: SUP2 | Affects: ['ALL']
        MasterSmithCD | CD% | Stacks: 1 | Value: 0.280 | Remaining Turns: 1 | TickDown: SUP2, PERM | Target: SUP2 | Affects: ['ALL']
        MasterSmithComburent | DMG% | Stacks: 1 | Value: 0.150 | Remaining Turns: 2 | TickDown: SUP2, END | Target: SUP2 | Affects: ['ALL']
        MortenaxBladeCRBoost | CR% | Stacks: 1 | Value: 0.200 | Remaining Turns: 1 | TickDown: SUP2, PERM | Target: SUP2 | Affects: ['ALL']
        MortenaxBladeCDBoost | CD% | Stacks: 1 | Value: 0.600 | Remaining Turns: 1 | TickDown: SUP2, PERM | Target: SUP2 | Affects: ['ALL']
        MortenaxBladeDMGReduction | DMG_REDUCTION | Stacks: 1 | Value: 0.500 | Remaining Turns: 1 | TickDown: SUP2, PERM | Target: SUP2 | Affects: ['ALL']
        MortenaxBladeDMGBoost | DMG% | Stacks: 1 | Value: 0.500 | Remaining Turns: 1 | TickDown: SUP2, PERM | Target: SUP2 | Affects: ['ALL']
        MortenaxBladeDMG | DMG% | Stacks: 1 | Value: 0.750 | Remaining Turns: 1 | TickDown: SUP2, PERM | Target: SUP2 | Affects: ['ALL']
        ----------End of Buff List----------

        ----------Enemy Debuffs----------
        MortenaxBladeUltVul | From: SUP2 | VULN | Stacks: 1 | Value: 0.500 | Remaining Turns: 2 | Target: 1 | Targeting: ST | Affects: ['ALL'] | DOT: False | Blast: False
        MortenaxBladeUltShred | From: SUP2 | SHRED | Stacks: 1 | Value: 0.300 | Remaining Turns: 2 | Target: 1 | Targeting: ST | Affects: ['ALL'] | DOT: False | Blast: False
        Enemy 1 WIN-break | From: DPS | WINDSHEAR | Stacks: 1 | Value: 12621.002 | Remaining Turns: 1 | Target: 1 | Targeting: ST | Affects: ['ALL'] | DOT: True | Blast: False
        ResoShred(SUP2) | From: SUP2 | SHRED | Stacks: 1 | Value: 0.160 | Remaining Turns: 1 | Target: 1 | Targeting: ST | Affects: ['ALL'] | DOT: False | Blast: False
        ----------End of Debuff List----------
        ----------Healing List----------
        ----------End of Healing List----------
    GAUGE  - Enemy 0 toughness reduced by 0.000
    GAUGE  - Enemy 1 toughness reduced by 0.000
    GAUGE  - Enemy 2 toughness reduced by 0.000
    RESULT - MortenaxBladeAOEFUA | MortenaxBlade | SUP2 | DMG: 39500.152 | ELADMG: 0.000 | Enemies Hit: [0, 1, 2] | Enemies Broken: [] | WB DMG: 0.000 | Energy: 31.110 | Amount HP Healed: 0.000 | Amount HP Lost: 0.000 | MortenaxBlade Energy: 81/160 | SP: 5 | MaxSP: 5)
Gilgamesh Obtained 1 Interest from Teammate, Current count: 3
    TURN   - MortenaxBladeBounceFUA | MortenaxBlade | SUP2 | ST attack | ['FIR'] | ['FUA'] | Scaling: HP | TargetID: 1 | DMG/BREAK Splits: [0.24, 0]/[5, 0] | Energy Gained: 0 | SP Change: 0

        ----------Char Buffs----------
        GilgameshTrace3ATK | ATK% | Stacks: 1 | Value: 0.200 | Remaining Turns: 1 | TickDown: SUP2, PERM | Target: SUP2 | Affects: ['ALL']
        GilgameshTrace3CD | CD% | Stacks: 1 | Value: 0.200 | Remaining Turns: 1 | TickDown: SUP2, PERM | Target: SUP2 | Affects: ['ALL']
        MasterSmithHP | HP% | Stacks: 1 | Value: 0.120 | Remaining Turns: 1 | TickDown: SUP2, PERM | Target: SUP2 | Affects: ['ALL']
        LushakaERR | ERR% | Stacks: 1 | Value: 0.050 | Remaining Turns: 1 | TickDown: SUP2, PERM | Target: SUP2 | Affects: ['ALL']
        MortenaxBladeTraceCR | CR% | Stacks: 1 | Value: 0.120 | Remaining Turns: 1 | TickDown: SUP2, PERM | Target: SUP2 | Affects: ['ALL']
        MortenaxBladeTraceHP | HP% | Stacks: 1 | Value: 0.100 | Remaining Turns: 1 | TickDown: SUP2, PERM | Target: SUP2 | Affects: ['ALL']
        MortenaxBladeTraceDMG | DMG% | Stacks: 1 | Value: 0.224 | Remaining Turns: 1 | TickDown: SUP2, PERM | Target: SUP2 | Affects: ['ALL']
        KeelCD(SUS) | CD% | Stacks: 1 | Value: 0.100 | Remaining Turns: 1 | TickDown: SUP2, PERM | Target: SUP2 | Affects: ['ALL']
        MasterSmithCD | CD% | Stacks: 1 | Value: 0.280 | Remaining Turns: 1 | TickDown: SUP2, PERM | Target: SUP2 | Affects: ['ALL']
        MasterSmithComburent | DMG% | Stacks: 1 | Value: 0.150 | Remaining Turns: 2 | TickDown: SUP2, END | Target: SUP2 | Affects: ['ALL']
        MortenaxBladeCRBoost | CR% | Stacks: 1 | Value: 0.200 | Remaining Turns: 1 | TickDown: SUP2, PERM | Target: SUP2 | Affects: ['ALL']
        MortenaxBladeCDBoost | CD% | Stacks: 1 | Value: 0.600 | Remaining Turns: 1 | TickDown: SUP2, PERM | Target: SUP2 | Affects: ['ALL']
        MortenaxBladeDMGReduction | DMG_REDUCTION | Stacks: 1 | Value: 0.500 | Remaining Turns: 1 | TickDown: SUP2, PERM | Target: SUP2 | Affects: ['ALL']
        MortenaxBladeDMGBoost | DMG% | Stacks: 1 | Value: 0.500 | Remaining Turns: 1 | TickDown: SUP2, PERM | Target: SUP2 | Affects: ['ALL']
        MortenaxBladeDMG | DMG% | Stacks: 1 | Value: 0.750 | Remaining Turns: 1 | TickDown: SUP2, PERM | Target: SUP2 | Affects: ['ALL']
        ----------End of Buff List----------

        ----------Enemy Debuffs----------
        MortenaxBladeUltVul | From: SUP2 | VULN | Stacks: 1 | Value: 0.500 | Remaining Turns: 2 | Target: 1 | Targeting: ST | Affects: ['ALL'] | DOT: False | Blast: False
        MortenaxBladeUltShred | From: SUP2 | SHRED | Stacks: 1 | Value: 0.300 | Remaining Turns: 2 | Target: 1 | Targeting: ST | Affects: ['ALL'] | DOT: False | Blast: False
        Enemy 1 WIN-break | From: DPS | WINDSHEAR | Stacks: 1 | Value: 12621.002 | Remaining Turns: 1 | Target: 1 | Targeting: ST | Affects: ['ALL'] | DOT: True | Blast: False
        ResoShred(SUP2) | From: SUP2 | SHRED | Stacks: 1 | Value: 0.160 | Remaining Turns: 1 | Target: 1 | Targeting: ST | Affects: ['ALL'] | DOT: False | Blast: False
        ----------End of Debuff List----------
        ----------Healing List----------
        ----------End of Healing List----------
    GAUGE  - Enemy 1 toughness reduced by 0.000
    RESULT - MortenaxBladeBounceFUA | MortenaxBlade | SUP2 | DMG: 4388.906 | ELADMG: 0.000 | Enemies Hit: [1] | Enemies Broken: [] | WB DMG: 0.000 | Energy: 0.000 | Amount HP Healed: 0.000 | Amount HP Lost: 0.000 | MortenaxBlade Energy: 81/160 | SP: 5 | MaxSP: 5)
    TURN   - MortenaxBladeBounceFUA | MortenaxBlade | SUP2 | ST attack | ['FIR'] | ['FUA'] | Scaling: HP | TargetID: 1 | DMG/BREAK Splits: [0.24, 0]/[5, 0] | Energy Gained: 0 | SP Change: 0

        ----------Char Buffs----------
        GilgameshTrace3ATK | ATK% | Stacks: 1 | Value: 0.200 | Remaining Turns: 1 | TickDown: SUP2, PERM | Target: SUP2 | Affects: ['ALL']
        GilgameshTrace3CD | CD% | Stacks: 1 | Value: 0.200 | Remaining Turns: 1 | TickDown: SUP2, PERM | Target: SUP2 | Affects: ['ALL']
        MasterSmithHP | HP% | Stacks: 1 | Value: 0.120 | Remaining Turns: 1 | TickDown: SUP2, PERM | Target: SUP2 | Affects: ['ALL']
        LushakaERR | ERR% | Stacks: 1 | Value: 0.050 | Remaining Turns: 1 | TickDown: SUP2, PERM | Target: SUP2 | Affects: ['ALL']
        MortenaxBladeTraceCR | CR% | Stacks: 1 | Value: 0.120 | Remaining Turns: 1 | TickDown: SUP2, PERM | Target: SUP2 | Affects: ['ALL']
        MortenaxBladeTraceHP | HP% | Stacks: 1 | Value: 0.100 | Remaining Turns: 1 | TickDown: SUP2, PERM | Target: SUP2 | Affects: ['ALL']
        MortenaxBladeTraceDMG | DMG% | Stacks: 1 | Value: 0.224 | Remaining Turns: 1 | TickDown: SUP2, PERM | Target: SUP2 | Affects: ['ALL']
        KeelCD(SUS) | CD% | Stacks: 1 | Value: 0.100 | Remaining Turns: 1 | TickDown: SUP2, PERM | Target: SUP2 | Affects: ['ALL']
        MasterSmithCD | CD% | Stacks: 1 | Value: 0.280 | Remaining Turns: 1 | TickDown: SUP2, PERM | Target: SUP2 | Affects: ['ALL']
        MasterSmithComburent | DMG% | Stacks: 1 | Value: 0.150 | Remaining Turns: 2 | TickDown: SUP2, END | Target: SUP2 | Affects: ['ALL']
        MortenaxBladeCRBoost | CR% | Stacks: 1 | Value: 0.200 | Remaining Turns: 1 | TickDown: SUP2, PERM | Target: SUP2 | Affects: ['ALL']
        MortenaxBladeCDBoost | CD% | Stacks: 1 | Value: 0.600 | Remaining Turns: 1 | TickDown: SUP2, PERM | Target: SUP2 | Affects: ['ALL']
        MortenaxBladeDMGReduction | DMG_REDUCTION | Stacks: 1 | Value: 0.500 | Remaining Turns: 1 | TickDown: SUP2, PERM | Target: SUP2 | Affects: ['ALL']
        MortenaxBladeDMGBoost | DMG% | Stacks: 1 | Value: 0.500 | Remaining Turns: 1 | TickDown: SUP2, PERM | Target: SUP2 | Affects: ['ALL']
        MortenaxBladeDMG | DMG% | Stacks: 1 | Value: 0.750 | Remaining Turns: 1 | TickDown: SUP2, PERM | Target: SUP2 | Affects: ['ALL']
        ----------End of Buff List----------

        ----------Enemy Debuffs----------
        MortenaxBladeUltVul | From: SUP2 | VULN | Stacks: 1 | Value: 0.500 | Remaining Turns: 2 | Target: 1 | Targeting: ST | Affects: ['ALL'] | DOT: False | Blast: False
        MortenaxBladeUltShred | From: SUP2 | SHRED | Stacks: 1 | Value: 0.300 | Remaining Turns: 2 | Target: 1 | Targeting: ST | Affects: ['ALL'] | DOT: False | Blast: False
        Enemy 1 WIN-break | From: DPS | WINDSHEAR | Stacks: 1 | Value: 12621.002 | Remaining Turns: 1 | Target: 1 | Targeting: ST | Affects: ['ALL'] | DOT: True | Blast: False
        ResoShred(SUP2) | From: SUP2 | SHRED | Stacks: 1 | Value: 0.160 | Remaining Turns: 1 | Target: 1 | Targeting: ST | Affects: ['ALL'] | DOT: False | Blast: False
        ----------End of Debuff List----------
        ----------Healing List----------
        ----------End of Healing List----------
    GAUGE  - Enemy 1 toughness reduced by 0.000
    RESULT - MortenaxBladeBounceFUA | MortenaxBlade | SUP2 | DMG: 4388.906 | ELADMG: 0.000 | Enemies Hit: [1] | Enemies Broken: [] | WB DMG: 0.000 | Energy: 0.000 | Amount HP Healed: 0.000 | Amount HP Lost: 0.000 | MortenaxBlade Energy: 81/160 | SP: 5 | MaxSP: 5)
    TURN   - MortenaxBladeBounceFUA | MortenaxBlade | SUP2 | ST attack | ['FIR'] | ['FUA'] | Scaling: HP | TargetID: 1 | DMG/BREAK Splits: [0.24, 0]/[5, 0] | Energy Gained: 0 | SP Change: 0

        ----------Char Buffs----------
        GilgameshTrace3ATK | ATK% | Stacks: 1 | Value: 0.200 | Remaining Turns: 1 | TickDown: SUP2, PERM | Target: SUP2 | Affects: ['ALL']
        GilgameshTrace3CD | CD% | Stacks: 1 | Value: 0.200 | Remaining Turns: 1 | TickDown: SUP2, PERM | Target: SUP2 | Affects: ['ALL']
        MasterSmithHP | HP% | Stacks: 1 | Value: 0.120 | Remaining Turns: 1 | TickDown: SUP2, PERM | Target: SUP2 | Affects: ['ALL']
        LushakaERR | ERR% | Stacks: 1 | Value: 0.050 | Remaining Turns: 1 | TickDown: SUP2, PERM | Target: SUP2 | Affects: ['ALL']
        MortenaxBladeTraceCR | CR% | Stacks: 1 | Value: 0.120 | Remaining Turns: 1 | TickDown: SUP2, PERM | Target: SUP2 | Affects: ['ALL']
        MortenaxBladeTraceHP | HP% | Stacks: 1 | Value: 0.100 | Remaining Turns: 1 | TickDown: SUP2, PERM | Target: SUP2 | Affects: ['ALL']
        MortenaxBladeTraceDMG | DMG% | Stacks: 1 | Value: 0.224 | Remaining Turns: 1 | TickDown: SUP2, PERM | Target: SUP2 | Affects: ['ALL']
        KeelCD(SUS) | CD% | Stacks: 1 | Value: 0.100 | Remaining Turns: 1 | TickDown: SUP2, PERM | Target: SUP2 | Affects: ['ALL']
        MasterSmithCD | CD% | Stacks: 1 | Value: 0.280 | Remaining Turns: 1 | TickDown: SUP2, PERM | Target: SUP2 | Affects: ['ALL']
        MasterSmithComburent | DMG% | Stacks: 1 | Value: 0.150 | Remaining Turns: 2 | TickDown: SUP2, END | Target: SUP2 | Affects: ['ALL']
        MortenaxBladeCRBoost | CR% | Stacks: 1 | Value: 0.200 | Remaining Turns: 1 | TickDown: SUP2, PERM | Target: SUP2 | Affects: ['ALL']
        MortenaxBladeCDBoost | CD% | Stacks: 1 | Value: 0.600 | Remaining Turns: 1 | TickDown: SUP2, PERM | Target: SUP2 | Affects: ['ALL']
        MortenaxBladeDMGReduction | DMG_REDUCTION | Stacks: 1 | Value: 0.500 | Remaining Turns: 1 | TickDown: SUP2, PERM | Target: SUP2 | Affects: ['ALL']
        MortenaxBladeDMGBoost | DMG% | Stacks: 1 | Value: 0.500 | Remaining Turns: 1 | TickDown: SUP2, PERM | Target: SUP2 | Affects: ['ALL']
        MortenaxBladeDMG | DMG% | Stacks: 1 | Value: 0.750 | Remaining Turns: 1 | TickDown: SUP2, PERM | Target: SUP2 | Affects: ['ALL']
        ----------End of Buff List----------

        ----------Enemy Debuffs----------
        MortenaxBladeUltVul | From: SUP2 | VULN | Stacks: 1 | Value: 0.500 | Remaining Turns: 2 | Target: 1 | Targeting: ST | Affects: ['ALL'] | DOT: False | Blast: False
        MortenaxBladeUltShred | From: SUP2 | SHRED | Stacks: 1 | Value: 0.300 | Remaining Turns: 2 | Target: 1 | Targeting: ST | Affects: ['ALL'] | DOT: False | Blast: False
        Enemy 1 WIN-break | From: DPS | WINDSHEAR | Stacks: 1 | Value: 12621.002 | Remaining Turns: 1 | Target: 1 | Targeting: ST | Affects: ['ALL'] | DOT: True | Blast: False
        ResoShred(SUP2) | From: SUP2 | SHRED | Stacks: 1 | Value: 0.160 | Remaining Turns: 1 | Target: 1 | Targeting: ST | Affects: ['ALL'] | DOT: False | Blast: False
        ----------End of Debuff List----------
        ----------Healing List----------
        ----------End of Healing List----------
    GAUGE  - Enemy 1 toughness reduced by 0.000
    RESULT - MortenaxBladeBounceFUA | MortenaxBlade | SUP2 | DMG: 4388.906 | ELADMG: 0.000 | Enemies Hit: [1] | Enemies Broken: [] | WB DMG: 0.000 | Energy: 0.000 | Amount HP Healed: 0.000 | Amount HP Lost: 0.000 | MortenaxBlade Energy: 81/160 | SP: 5 | MaxSP: 5)
    TURN   - MortenaxBladeBounceFUA | MortenaxBlade | SUP2 | ST attack | ['FIR'] | ['FUA'] | Scaling: HP | TargetID: 1 | DMG/BREAK Splits: [0.24, 0]/[5, 0] | Energy Gained: 0 | SP Change: 0

        ----------Char Buffs----------
        GilgameshTrace3ATK | ATK% | Stacks: 1 | Value: 0.200 | Remaining Turns: 1 | TickDown: SUP2, PERM | Target: SUP2 | Affects: ['ALL']
        GilgameshTrace3CD | CD% | Stacks: 1 | Value: 0.200 | Remaining Turns: 1 | TickDown: SUP2, PERM | Target: SUP2 | Affects: ['ALL']
        MasterSmithHP | HP% | Stacks: 1 | Value: 0.120 | Remaining Turns: 1 | TickDown: SUP2, PERM | Target: SUP2 | Affects: ['ALL']
        LushakaERR | ERR% | Stacks: 1 | Value: 0.050 | Remaining Turns: 1 | TickDown: SUP2, PERM | Target: SUP2 | Affects: ['ALL']
        MortenaxBladeTraceCR | CR% | Stacks: 1 | Value: 0.120 | Remaining Turns: 1 | TickDown: SUP2, PERM | Target: SUP2 | Affects: ['ALL']
        MortenaxBladeTraceHP | HP% | Stacks: 1 | Value: 0.100 | Remaining Turns: 1 | TickDown: SUP2, PERM | Target: SUP2 | Affects: ['ALL']
        MortenaxBladeTraceDMG | DMG% | Stacks: 1 | Value: 0.224 | Remaining Turns: 1 | TickDown: SUP2, PERM | Target: SUP2 | Affects: ['ALL']
        KeelCD(SUS) | CD% | Stacks: 1 | Value: 0.100 | Remaining Turns: 1 | TickDown: SUP2, PERM | Target: SUP2 | Affects: ['ALL']
        MasterSmithCD | CD% | Stacks: 1 | Value: 0.280 | Remaining Turns: 1 | TickDown: SUP2, PERM | Target: SUP2 | Affects: ['ALL']
        MasterSmithComburent | DMG% | Stacks: 1 | Value: 0.150 | Remaining Turns: 2 | TickDown: SUP2, END | Target: SUP2 | Affects: ['ALL']
        MortenaxBladeCRBoost | CR% | Stacks: 1 | Value: 0.200 | Remaining Turns: 1 | TickDown: SUP2, PERM | Target: SUP2 | Affects: ['ALL']
        MortenaxBladeCDBoost | CD% | Stacks: 1 | Value: 0.600 | Remaining Turns: 1 | TickDown: SUP2, PERM | Target: SUP2 | Affects: ['ALL']
        MortenaxBladeDMGReduction | DMG_REDUCTION | Stacks: 1 | Value: 0.500 | Remaining Turns: 1 | TickDown: SUP2, PERM | Target: SUP2 | Affects: ['ALL']
        MortenaxBladeDMGBoost | DMG% | Stacks: 1 | Value: 0.500 | Remaining Turns: 1 | TickDown: SUP2, PERM | Target: SUP2 | Affects: ['ALL']
        MortenaxBladeDMG | DMG% | Stacks: 1 | Value: 0.750 | Remaining Turns: 1 | TickDown: SUP2, PERM | Target: SUP2 | Affects: ['ALL']
        ----------End of Buff List----------

        ----------Enemy Debuffs----------
        MortenaxBladeUltVul | From: SUP2 | VULN | Stacks: 1 | Value: 0.500 | Remaining Turns: 2 | Target: 1 | Targeting: ST | Affects: ['ALL'] | DOT: False | Blast: False
        MortenaxBladeUltShred | From: SUP2 | SHRED | Stacks: 1 | Value: 0.300 | Remaining Turns: 2 | Target: 1 | Targeting: ST | Affects: ['ALL'] | DOT: False | Blast: False
        Enemy 1 WIN-break | From: DPS | WINDSHEAR | Stacks: 1 | Value: 12621.002 | Remaining Turns: 1 | Target: 1 | Targeting: ST | Affects: ['ALL'] | DOT: True | Blast: False
        ResoShred(SUP2) | From: SUP2 | SHRED | Stacks: 1 | Value: 0.160 | Remaining Turns: 1 | Target: 1 | Targeting: ST | Affects: ['ALL'] | DOT: False | Blast: False
        ----------End of Debuff List----------
        ----------Healing List----------
        ----------End of Healing List----------
    GAUGE  - Enemy 1 toughness reduced by 0.000
    RESULT - MortenaxBladeBounceFUA | MortenaxBlade | SUP2 | DMG: 4388.906 | ELADMG: 0.000 | Enemies Hit: [1] | Enemies Broken: [] | WB DMG: 0.000 | Energy: 0.000 | Amount HP Healed: 0.000 | Amount HP Lost: 0.000 | MortenaxBlade Energy: 81/160 | SP: 5 | MaxSP: 5)
SPD    > Gilgamesh speed changed to 155.732 | NewAV: 23.249
AV     > MortenaxBlade AV reset to 64.503 | 155.032 SPD

<<< NEW TURN >>>
-   Enemy 1 AV: 0.000 ENERGY: 0.000 MaxHP: 5000000.000 CurrHp 4276441.667 ShieldHP: 0.000
-   InfiniteFury AV: 2.253 ENERGY: 0.000 MaxHP: 0.000 CurrHp 0.000 ShieldHP: 0.000
-   Enemy 0 AV: 9.275 ENERGY: 0.000 MaxHP: 2000000.000 CurrHp 1580956.640 ShieldHP: 0.000
-   Enemy 2 AV: 9.275 ENERGY: 0.000 MaxHP: 2000000.000 CurrHp 1580956.640 ShieldHP: 0.000
-   Saber AV: 12.498 ENERGY: 196.000 MaxHP: 3366.991 CurrHp 3018.949 ShieldHP: 0.000
-   Gilgamesh AV: 15.696 ENERGY: 236.000 MaxHP: 3134.558 CurrHp 1093.481 ShieldHP: 0.000
-   HuoHuo AV: 48.691 ENERGY: 84.875 MaxHP: 6139.808 CurrHp 4875.454 ShieldHP: 0.000
-   MortenaxBlade AV: 56.949 ENERGY: 80.886 MaxHP: 4779.283 CurrHp 1.000 ShieldHP: 0.000

Combat context set: 3 enemies, 4 players
Combat context initialized: 3 enemies, Elation team size: 0
ACTION > [ENEMY] TotalAV: 394.571 | TurnAV: 7.554 | Enemy 1 | 1 attacks
MortenaxBlade has obtained 1 Charge. Current Charge count: 2.
    CharEnergy - Saber: Hit 1.667 Total: 197.667 | Gilgamesh: Hit 5.000 Total: 241.000 | MortenaxBlade: Hit 8.333 Total: 91.256 | HuoHuo: Hit 5.000 Total: 91.647 |
    ENEMY  - Enemy 1 [aoe] dealt 130.5 to MortenaxBlade (energy: 3.3, DEF: 2014, atkMul: 1.00, dmgMul: 1.00) | Shield Absorbed: 0.0 | HP Lost: 130.5 | HP: 1/4779 | Shield HP: 0
    ENEMY  - Enemy 1 [aoe] dealt 116.0 to Saber (energy: 1.7, DEF: 2409, atkMul: 1.00, dmgMul: 1.00) | Shield Absorbed: 0.0 | HP Lost: 116.0 | HP: 2903/3367 | Shield HP: 0
    ENEMY  - Enemy 1 [aoe] dealt 140.2 to Gilgamesh (energy: 1.7, DEF: 1794, atkMul: 1.00, dmgMul: 1.00) | Shield Absorbed: 0.0 | HP Lost: 140.2 | HP: 953/3135 | Shield HP: 0
    ENEMY  - Enemy 1 [aoe] dealt 65.2 to MortenaxBlade (energy: 1.7, DEF: 2014, atkMul: 1.00, dmgMul: 1.00) | Shield Absorbed: 0.0 | HP Lost: 65.2 | HP: 1/4779 | Shield HP: 0
    ENEMY  - Enemy 1 [aoe] dealt 116.0 to HuoHuo (energy: 1.7, DEF: 2410, atkMul: 1.00, dmgMul: 1.00) | Shield Absorbed: 0.0 | HP Lost: 116.0 | HP: 4759/6140 | Shield HP: 0
    ENEMY  - Enemy 1 [aoe] dealt 130.5 to MortenaxBlade (energy: 3.3, DEF: 2014, atkMul: 1.00, dmgMul: 1.00) | Shield Absorbed: 0.0 | HP Lost: 130.5 | HP: 1/4779 | Shield HP: 0
    ENEMY  - Enemy 1 [aoe] dealt 280.5 to Gilgamesh (energy: 3.3, DEF: 1794, atkMul: 1.00, dmgMul: 1.00) | Shield Absorbed: 0.0 | HP Lost: 280.5 | HP: 673/3135 | Shield HP: 0
    ENEMY  - Enemy 1 [aoe] dealt 231.9 to HuoHuo (energy: 3.3, DEF: 2410, atkMul: 1.00, dmgMul: 1.00) | Shield Absorbed: 0.0 | HP Lost: 231.9 | HP: 4528/6140 | Shield HP: 0
MortenaxBlade has obtained 1 Charge. Current Charge count: 3.
MortenaxBlade useHit produced 2 debuffs
    DEBUFF - Enemy 1 took 10511.014 Debuff damage from Enemy 1 WIN-break
        Debuff Enemy 1 WIN-break expired
        Debuff ResoShred(SUP2) expired
AV     > Enemy 1 AV reset to 63.131 | 158.400 SPD

<<< NEW TURN >>>
-   InfiniteFury AV: 0.000 ENERGY: 0.000 MaxHP: 0.000 CurrHp 0.000 ShieldHP: 0.000
-   Enemy 0 AV: 7.023 ENERGY: 0.000 MaxHP: 2000000.000 CurrHp 1580956.640 ShieldHP: 0.000
-   Enemy 2 AV: 7.023 ENERGY: 0.000 MaxHP: 2000000.000 CurrHp 1580956.640 ShieldHP: 0.000
-   Saber AV: 10.245 ENERGY: 197.667 MaxHP: 3366.991 CurrHp 2902.936 ShieldHP: 0.000
-   Gilgamesh AV: 13.443 ENERGY: 241.000 MaxHP: 3134.558 CurrHp 672.773 ShieldHP: 0.000
-   HuoHuo AV: 46.438 ENERGY: 91.647 MaxHP: 6139.808 CurrHp 4527.543 ShieldHP: 0.000
-   MortenaxBlade AV: 54.696 ENERGY: 91.256 MaxHP: 4779.283 CurrHp 1.000 ShieldHP: 0.000
-   Enemy 1 AV: 60.878 ENERGY: 0.000 MaxHP: 5000000.000 CurrHp 4276441.667 ShieldHP: 0.000

Combat context set: 3 enemies, 4 players
Combat context initialized: 3 enemies, Elation team size: 0
ACTION > [SUMMON] TotalAV: 396.824 | TurnAV: 2.253 | InfiniteFury
    TURN   - InfiniteFury | InfiniteFury | SUP2 | NA attack | ['FIR'] | ['ALL'] | Scaling: HP | TargetID: -1 | DMG/BREAK Splits: [0, 0]/[0, 0] | Energy Gained: 0 | SP Change: 0

        ----------Char Buffs----------
        GilgameshTrace3ATK | ATK% | Stacks: 1 | Value: 0.200 | Remaining Turns: 1 | TickDown: SUP2, PERM | Target: SUP2 | Affects: ['ALL']
        GilgameshTrace3CD | CD% | Stacks: 1 | Value: 0.200 | Remaining Turns: 1 | TickDown: SUP2, PERM | Target: SUP2 | Affects: ['ALL']
        MasterSmithHP | HP% | Stacks: 1 | Value: 0.120 | Remaining Turns: 1 | TickDown: SUP2, PERM | Target: SUP2 | Affects: ['ALL']
        LushakaERR | ERR% | Stacks: 1 | Value: 0.050 | Remaining Turns: 1 | TickDown: SUP2, PERM | Target: SUP2 | Affects: ['ALL']
        MortenaxBladeTraceCR | CR% | Stacks: 1 | Value: 0.120 | Remaining Turns: 1 | TickDown: SUP2, PERM | Target: SUP2 | Affects: ['ALL']
        MortenaxBladeTraceHP | HP% | Stacks: 1 | Value: 0.100 | Remaining Turns: 1 | TickDown: SUP2, PERM | Target: SUP2 | Affects: ['ALL']
        MortenaxBladeTraceDMG | DMG% | Stacks: 1 | Value: 0.224 | Remaining Turns: 1 | TickDown: SUP2, PERM | Target: SUP2 | Affects: ['ALL']
        KeelCD(SUS) | CD% | Stacks: 1 | Value: 0.100 | Remaining Turns: 1 | TickDown: SUP2, PERM | Target: SUP2 | Affects: ['ALL']
        MasterSmithCD | CD% | Stacks: 1 | Value: 0.280 | Remaining Turns: 1 | TickDown: SUP2, PERM | Target: SUP2 | Affects: ['ALL']
        MasterSmithComburent | DMG% | Stacks: 1 | Value: 0.150 | Remaining Turns: 1 | TickDown: SUP2, END | Target: SUP2 | Affects: ['ALL']
        MortenaxBladeCRBoost | CR% | Stacks: 1 | Value: 0.200 | Remaining Turns: 1 | TickDown: SUP2, PERM | Target: SUP2 | Affects: ['ALL']
        MortenaxBladeCDBoost | CD% | Stacks: 1 | Value: 0.600 | Remaining Turns: 1 | TickDown: SUP2, PERM | Target: SUP2 | Affects: ['ALL']
        MortenaxBladeDMGReduction | DMG_REDUCTION | Stacks: 1 | Value: 0.500 | Remaining Turns: 1 | TickDown: SUP2, PERM | Target: SUP2 | Affects: ['ALL']
        MortenaxBladeDMGBoost | DMG% | Stacks: 1 | Value: 0.500 | Remaining Turns: 1 | TickDown: SUP2, PERM | Target: SUP2 | Affects: ['ALL']
        MortenaxBladeDMG | DMG% | Stacks: 1 | Value: 0.750 | Remaining Turns: 1 | TickDown: SUP2, PERM | Target: SUP2 | Affects: ['ALL']
        ----------End of Buff List----------

        ----------Enemy Debuffs----------
        ----------End of Debuff List----------
        ----------Healing List----------
        ----------End of Healing List----------
    GAUGE  - Enemy 0 toughness reduced by 0.000
    RESULT - InfiniteFury | InfiniteFury | SUP2 | DMG: 0.000 | ELADMG: 0.000 | Enemies Hit: [0] | Enemies Broken: [] | WB DMG: 0.000 | Energy: 0.000 | Amount HP Healed: 0.000 | Amount HP Lost: 0.000 | MortenaxBlade Energy: 91/160 | SP: 5 | MaxSP: 5)
Gilgamesh Obtained 1 Interest from Teammate, Current count: 4
SPD    > Gilgamesh speed changed to 165.432 | NewAV: 12.655
AV     > InfiniteFury AV reset to 10000.000 | 1.000 SPD

<<< NEW TURN >>>
-   Enemy 0 AV: 0.000 ENERGY: 0.000 MaxHP: 2000000.000 CurrHp 1580956.640 ShieldHP: 0.000
-   Enemy 2 AV: 0.000 ENERGY: 0.000 MaxHP: 2000000.000 CurrHp 1580956.640 ShieldHP: 0.000
-   Saber AV: 3.222 ENERGY: 197.667 MaxHP: 3366.991 CurrHp 2902.936 ShieldHP: 0.000
-   Gilgamesh AV: 5.632 ENERGY: 241.000 MaxHP: 3134.558 CurrHp 672.773 ShieldHP: 0.000
-   HuoHuo AV: 39.415 ENERGY: 91.647 MaxHP: 6139.808 CurrHp 4527.543 ShieldHP: 0.000
-   MortenaxBlade AV: 47.674 ENERGY: 120.000 MaxHP: 4779.283 CurrHp 1.000 ShieldHP: 0.000
-   Enemy 1 AV: 53.856 ENERGY: 0.000 MaxHP: 5000000.000 CurrHp 4276441.667 ShieldHP: 0.000
-   InfiniteFury AV: 9992.977 ENERGY: 0.000 MaxHP: 0.000 CurrHp 0.000 ShieldHP: 0.000

Combat context set: 3 enemies, 4 players
Combat context initialized: 3 enemies, Elation team size: 0
ACTION > [ENEMY] TotalAV: 403.846 | TurnAV: 7.023 | Enemy 0 | 1 attacks
    CharEnergy - Saber: Hit 0.000 Total: 197.667 | Gilgamesh: Hit 6.667 Total: 247.667 | MortenaxBlade: Hit 10.000 Total: 132.444 | HuoHuo: Hit 6.667 Total: 100.677 |
    ENEMY  - Enemy 0 [aoe] dealt 261.0 to MortenaxBlade (energy: 3.3, DEF: 2014, atkMul: 1.00, dmgMul: 1.00) | Shield Absorbed: 0.0 | HP Lost: 261.0 | HP: 1/4779 | Shield HP: 0
    ENEMY  - Enemy 0 [aoe] dealt 261.0 to MortenaxBlade (energy: 3.3, DEF: 2014, atkMul: 1.00, dmgMul: 1.00) | Shield Absorbed: 0.0 | HP Lost: 261.0 | HP: 1/4779 | Shield HP: 0
    ENEMY  - Enemy 0 [aoe] dealt 280.5 to Gilgamesh (energy: 3.3, DEF: 1794, atkMul: 1.00, dmgMul: 1.00) | Shield Absorbed: 0.0 | HP Lost: 280.5 | HP: 392/3135 | Shield HP: 0
    ENEMY  - Enemy 0 [aoe] dealt 231.9 to HuoHuo (energy: 3.3, DEF: 2410, atkMul: 1.00, dmgMul: 1.00) | Shield Absorbed: 0.0 | HP Lost: 231.9 | HP: 4296/6140 | Shield HP: 0
    ENEMY  - Enemy 0 [aoe] dealt 261.0 to MortenaxBlade (energy: 3.3, DEF: 2014, atkMul: 1.00, dmgMul: 1.00) | Shield Absorbed: 0.0 | HP Lost: 261.0 | HP: 1/4779 | Shield HP: 0
    ENEMY  - Enemy 0 [aoe] dealt 280.5 to Gilgamesh (energy: 3.3, DEF: 1794, atkMul: 1.00, dmgMul: 1.00) | Shield Absorbed: 0.0 | HP Lost: 280.5 | HP: 112/3135 | Shield HP: 0
    ENEMY  - Enemy 0 [aoe] dealt 231.9 to HuoHuo (energy: 3.3, DEF: 2410, atkMul: 1.00, dmgMul: 1.00) | Shield Absorbed: 0.0 | HP Lost: 231.9 | HP: 4064/6140 | Shield HP: 0
    DEBUFF - Enemy 0 took 10511.014 Debuff damage from Enemy 0 WIN-break
        Debuff Enemy 0 WIN-break expired
        Debuff ResoShred(SUP2) expired
AV     > Enemy 0 AV reset to 76.923 | 130.000 SPD

<<< NEW TURN >>>
-   Enemy 2 AV: 0.000 ENERGY: 0.000 MaxHP: 2000000.000 CurrHp 1580956.640 ShieldHP: 0.000
-   Saber AV: 3.222 ENERGY: 197.667 MaxHP: 3366.991 CurrHp 2902.936 ShieldHP: 0.000
-   Gilgamesh AV: 5.632 ENERGY: 247.667 MaxHP: 3134.558 CurrHp 111.831 ShieldHP: 0.000
-   HuoHuo AV: 39.415 ENERGY: 100.677 MaxHP: 6139.808 CurrHp 4063.660 ShieldHP: 0.000
-   MortenaxBlade AV: 47.674 ENERGY: 132.444 MaxHP: 4779.283 CurrHp 1.000 ShieldHP: 0.000
-   Enemy 1 AV: 53.856 ENERGY: 0.000 MaxHP: 5000000.000 CurrHp 4276441.667 ShieldHP: 0.000
-   Enemy 0 AV: 76.923 ENERGY: 0.000 MaxHP: 2000000.000 CurrHp 1580956.640 ShieldHP: 0.000
-   InfiniteFury AV: 9992.977 ENERGY: 0.000 MaxHP: 0.000 CurrHp 0.000 ShieldHP: 0.000

Combat context set: 3 enemies, 4 players
Combat context initialized: 3 enemies, Elation team size: 0
ACTION > [ENEMY] TotalAV: 403.846 | TurnAV: 0.000 | Enemy 2 | 1 attacks
    CharEnergy - Saber: Hit 0.000 Total: 197.667 | Gilgamesh: Hit 6.667 Total: 254.333 | MortenaxBlade: Hit 6.667 Total: 140.740 | HuoHuo: Hit 3.333 Total: 105.191 |
    ENEMY  - Enemy 2 [aoe] dealt 280.5 to Gilgamesh (energy: 3.3, DEF: 1794, atkMul: 1.00, dmgMul: 1.00) | Shield Absorbed: 0.0 | HP Lost: 280.5 | HP: 1/3135 | Shield HP: 0
    ENEMY  - Enemy 2 [aoe] dealt 261.0 to MortenaxBlade (energy: 3.3, DEF: 2014, atkMul: 1.00, dmgMul: 1.00) | Shield Absorbed: 0.0 | HP Lost: 261.0 | HP: 1/4779 | Shield HP: 0
    ENEMY  - Enemy 2 [aoe] dealt 280.5 to Gilgamesh (energy: 3.3, DEF: 1794, atkMul: 1.00, dmgMul: 1.00) | Shield Absorbed: 0.0 | HP Lost: 280.5 | HP: 1/3135 | Shield HP: 0
    ENEMY  - Enemy 2 [aoe] dealt 231.9 to HuoHuo (energy: 3.3, DEF: 2410, atkMul: 1.00, dmgMul: 1.00) | Shield Absorbed: 0.0 | HP Lost: 231.9 | HP: 3832/6140 | Shield HP: 0
    ENEMY  - Enemy 2 [aoe] dealt 261.0 to MortenaxBlade (energy: 3.3, DEF: 2014, atkMul: 1.00, dmgMul: 1.00) | Shield Absorbed: 0.0 | HP Lost: 261.0 | HP: 1/4779 | Shield HP: 0
    DEBUFF - Enemy 2 took 10511.014 Debuff damage from Enemy 2 WIN-break
        Debuff Enemy 2 WIN-break expired
        Debuff ResoShred(SUP2) expired
AV     > Enemy 2 AV reset to 76.923 | 130.000 SPD

<<< NEW TURN >>>
-   Saber AV: 0.000 ENERGY: 197.667 MaxHP: 3366.991 CurrHp 2902.936 ShieldHP: 0.000
-   Gilgamesh AV: 2.410 ENERGY: 254.333 MaxHP: 3134.558 CurrHp 1.000 ShieldHP: 0.000
-   HuoHuo AV: 36.193 ENERGY: 105.191 MaxHP: 6139.808 CurrHp 3831.719 ShieldHP: 0.000
-   MortenaxBlade AV: 44.451 ENERGY: 140.740 MaxHP: 4779.283 CurrHp 1.000 ShieldHP: 0.000
-   Enemy 1 AV: 50.634 ENERGY: 0.000 MaxHP: 5000000.000 CurrHp 4276441.667 ShieldHP: 0.000
-   Enemy 2 AV: 73.701 ENERGY: 0.000 MaxHP: 2000000.000 CurrHp 1580956.640 ShieldHP: 0.000
-   Enemy 0 AV: 73.701 ENERGY: 0.000 MaxHP: 2000000.000 CurrHp 1580956.640 ShieldHP: 0.000
-   InfiniteFury AV: 9989.755 ENERGY: 0.000 MaxHP: 0.000 CurrHp 0.000 ShieldHP: 0.000

Combat context set: 3 enemies, 4 players
Combat context initialized: 3 enemies, Elation team size: 0
ACTION > [CHAR] TotalAV: 407.068 | TurnAV: 3.222 | Saber | E-move
        Buff WarriorGoddessHealCD expired
        Buff ScholarBonusDMG expired
Saber got 3 Core Resonance from Skill, Current Count: 11
    TURN   - SaberSkill | Saber | DPS | BLAST attack | ['WIN'] | ['SKL'] | Scaling: ATK | TargetID: 1 | DMG/BREAK Splits: [1.5, 0.75]/[20, 10] | Energy Gained: 30 | SP Change: -1

        ----------Char Buffs----------
        ThanklessCoronationCD | CR% | Stacks: 1 | Value: 0.360 | Remaining Turns: 1 | TickDown: DPS, PERM | Target: DPS | Affects: ['ALL']
        ScholarCR | CR% | Stacks: 1 | Value: 0.080 | Remaining Turns: 1 | TickDown: DPS, PERM | Target: DPS | Affects: ['ALL']
        ScholarDMG | DMG% | Stacks: 1 | Value: 0.200 | Remaining Turns: 1 | TickDown: DPS, PERM | Target: DPS | Affects: ['SKL', 'ULT']
        SaberTraceHP | HP% | Stacks: 1 | Value: 0.100 | Remaining Turns: 1 | TickDown: DPS, PERM | Target: DPS | Affects: ['ALL']
        SaberTraceCR | CR% | Stacks: 1 | Value: 0.120 | Remaining Turns: 1 | TickDown: DPS, PERM | Target: DPS | Affects: ['ALL']
        SaberTraceDMG | DMG% | Stacks: 1 | Value: 0.224 | Remaining Turns: 1 | TickDown: DPS, PERM | Target: DPS | Affects: ['ALL']
        SaberTrace1CR | CR% | Stacks: 1 | Value: 0.200 | Remaining Turns: 1 | TickDown: DPS, PERM | Target: DPS | Affects: ['ALL']
        GilgameshTrace3ATK | ATK% | Stacks: 1 | Value: 0.200 | Remaining Turns: 1 | TickDown: DPS, PERM | Target: DPS | Affects: ['ALL']
        GilgameshTrace3CD | CD% | Stacks: 1 | Value: 0.200 | Remaining Turns: 1 | TickDown: DPS, PERM | Target: DPS | Affects: ['ALL']
        LushakaATK(SUP2) | ATK% | Stacks: 1 | Value: 0.120 | Remaining Turns: 1 | TickDown: DPS, PERM | Target: DPS | Affects: ['ALL']
        KeelCD(SUS) | CD% | Stacks: 1 | Value: 0.100 | Remaining Turns: 1 | TickDown: DPS, PERM | Target: DPS | Affects: ['ALL']
        CosmicLifeDMG | DMG% | Stacks: 1 | Value: 0.320 | Remaining Turns: 1 | TickDown: DPS, PERM | Target: DPS | Affects: ['ALL']
        Trace3CDExtra | CD% | Stacks: 1 | Value: 0.320 | Remaining Turns: 1 | TickDown: DPS, PERM | Target: DPS | Affects: ['ALL']
        MasterSmithComburent | DMG% | Stacks: 1 | Value: 0.150 | Remaining Turns: 2 | TickDown: DPS, END | Target: DPS | Affects: ['ALL']
        MortenaxBladeDMGBoost | DMG% | Stacks: 1 | Value: 0.000 | Remaining Turns: 1 | TickDown: DPS, PERM | Target: DPS | Affects: ['ALL']
        GilgameshTrace3AllyATK | ATK% | Stacks: 1 | Value: 1.000 | Remaining Turns: 1 | TickDown: DPS, PERM | Target: DPS | Affects: ['ALL']
        GilgameshTrace3AllyCD | CD% | Stacks: 1 | Value: 1.000 | Remaining Turns: 1 | TickDown: DPS, PERM | Target: DPS | Affects: ['ALL']
        TalentDMG | DMG% | Stacks: 1 | Value: 0.600 | Remaining Turns: 1 | TickDown: DPS, END | Target: DPS | Affects: ['ALL']
        Trace3CD | CD% | Stacks: 1 | Value: 0.500 | Remaining Turns: 2 | TickDown: DPS, END | Target: DPS | Affects: ['ALL']
        ----------End of Buff List----------

        ----------Enemy Debuffs----------
        MortenaxBladeUltVul | From: SUP2 | VULN | Stacks: 1 | Value: 0.500 | Remaining Turns: 1 | Target: 1 | Targeting: ST | Affects: ['ALL'] | DOT: False | Blast: False
        MortenaxBladeUltShred | From: SUP2 | SHRED | Stacks: 1 | Value: 0.300 | Remaining Turns: 1 | Target: 1 | Targeting: ST | Affects: ['ALL'] | DOT: False | Blast: False
        ----------End of Debuff List----------
        ----------Healing List----------
        ----------End of Healing List----------
    GAUGE  - Enemy 1 toughness reduced by 20.000
    GAUGE  - Enemy 0 toughness reduced by 10.000
    GAUGE  - Enemy 2 toughness reduced by 10.000
    RESULT - SaberSkill | Saber | DPS | DMG: 112470.852 | ELADMG: 0.000 | Enemies Hit: [1, 0, 2] | Enemies Broken: [] | WB DMG: 0.000 | Energy: 30.000 | Amount HP Healed: 0.000 | Amount HP Lost: 0.000 | Saber Energy: 228/360 | SP: 4 | MaxSP: 5)
Gilgamesh Obtained 1 Interest from Teammate, Current count: 5
Gilgamesh JointCounter increased by one, current count: 7
        Buff TalentDMG expired
SPD    > Gilgamesh speed changed to 175.132 | NewAV: 2.276
AV     > Saber AV reset to 76.551 | 130.632 SPD

<<< NEW TURN >>>
-   Gilgamesh AV: 0.000 ENERGY: 254.333 MaxHP: 3134.558 CurrHp 1.000 ShieldHP: 0.000
-   HuoHuo AV: 33.917 ENERGY: 105.191 MaxHP: 6139.808 CurrHp 3831.719 ShieldHP: 0.000
-   MortenaxBlade AV: 42.175 ENERGY: 140.740 MaxHP: 4779.283 CurrHp 1.000 ShieldHP: 0.000
-   Enemy 1 AV: 48.357 ENERGY: 0.000 MaxHP: 5000000.000 CurrHp 4220206.241 ShieldHP: 0.000
-   Enemy 2 AV: 71.425 ENERGY: 0.000 MaxHP: 2000000.000 CurrHp 1552838.927 ShieldHP: 0.000
-   Enemy 0 AV: 71.425 ENERGY: 0.000 MaxHP: 2000000.000 CurrHp 1552838.927 ShieldHP: 0.000
-   Saber AV: 74.275 ENERGY: 227.667 MaxHP: 3366.991 CurrHp 2902.936 ShieldHP: 0.000
-   InfiniteFury AV: 9987.479 ENERGY: 0.000 MaxHP: 0.000 CurrHp 0.000 ShieldHP: 0.000

Combat context set: 3 enemies, 4 players
Combat context initialized: 3 enemies, Elation team size: 0
ACTION > [CHAR] TotalAV: 409.345 | TurnAV: 2.276 | Gilgamesh | E-move
        Buff WarriorGoddessHealCD expired
Gilgamesh JointCounter increased by one, current count: 8
    TURN   - GilgameshSkill | Gilgamesh | SUP1 | BLAST attack | ['LNG'] | ['SKL'] | Scaling: ATK | TargetID: 1 | DMG/BREAK Splits: [2.8, 1.4]/[20, 10] | Energy Gained: 30 | SP Change: 0

        ----------Char Buffs----------
        ScholarCR | CR% | Stacks: 1 | Value: 0.080 | Remaining Turns: 1 | TickDown: SUP1, PERM | Target: SUP1 | Affects: ['ALL']
        ScholarDMG | DMG% | Stacks: 1 | Value: 0.200 | Remaining Turns: 1 | TickDown: SUP1, PERM | Target: SUP1 | Affects: ['SKL', 'ULT']
        GilgameshTraceATK | ATK | Stacks: 1 | Value: 0.180 | Remaining Turns: 1 | TickDown: SUP1, PERM | Target: SUP1 | Affects: ['ALL']
        GilgameshTraceCR | CR% | Stacks: 1 | Value: 0.187 | Remaining Turns: 1 | TickDown: SUP1, PERM | Target: SUP1 | Affects: ['ALL']
        GilgameshTraceDMG | DMG% | Stacks: 1 | Value: 0.080 | Remaining Turns: 1 | TickDown: SUP1, PERM | Target: SUP1 | Affects: ['ALL']
        GilgameshTrace3ATK | ATK% | Stacks: 1 | Value: 0.200 | Remaining Turns: 1 | TickDown: SUP1, PERM | Target: SUP1 | Affects: ['ALL']
        GilgameshTrace3CD | CD% | Stacks: 1 | Value: 0.200 | Remaining Turns: 1 | TickDown: SUP1, PERM | Target: SUP1 | Affects: ['ALL']
        GilgameshTrace3SelfATK | ATK% | Stacks: 1 | Value: 1.000 | Remaining Turns: 1 | TickDown: SUP1, PERM | Target: SUP1 | Affects: ['ALL']
        GilgameshTrace3SelfCD | CD% | Stacks: 1 | Value: 1.000 | Remaining Turns: 1 | TickDown: SUP1, PERM | Target: SUP1 | Affects: ['ALL']
        KeelCD(SUS) | CD% | Stacks: 1 | Value: 0.100 | Remaining Turns: 1 | TickDown: SUP1, PERM | Target: SUP1 | Affects: ['ALL']
        CosmicLifeDMG | DMG% | Stacks: 1 | Value: 0.320 | Remaining Turns: 1 | TickDown: SUP1, PERM | Target: SUP1 | Affects: ['ALL']
        Trace2CDExtra | CD% | Stacks: 1 | Value: 1.500 | Remaining Turns: 1 | TickDown: SUP1, PERM | Target: SUP1 | Affects: ['ALL']
        GilgameshInterestSPD | SPD% | Stacks: 1 | Value: 0.500 | Remaining Turns: 1 | TickDown: SUP2, PERM | Target: SUP1 | Affects: ['ALL']
        MasterSmithComburent | DMG% | Stacks: 1 | Value: 0.150 | Remaining Turns: 2 | TickDown: SUP1, END | Target: SUP1 | Affects: ['ALL']
        MortenaxBladeDMGBoost | DMG% | Stacks: 1 | Value: 0.000 | Remaining Turns: 1 | TickDown: SUP1, PERM | Target: SUP1 | Affects: ['ALL']
        AeonATK | ATK% | Stacks: 1 | Value: 0.640 | Remaining Turns: 1 | TickDown: SUP1, PERM | Target: SUP1 | Affects: ['ALL']
        GilgameshSKLShred | SHRED | Stacks: 1 | Value: 0.300 | Remaining Turns: 3 | TickDown: SUP1, END | Target: SUP1 | Affects: ['ALL']
        ----------End of Buff List----------

        ----------Enemy Debuffs----------
        MortenaxBladeUltVul | From: SUP2 | VULN | Stacks: 1 | Value: 0.500 | Remaining Turns: 1 | Target: 1 | Targeting: ST | Affects: ['ALL'] | DOT: False | Blast: False
        MortenaxBladeUltShred | From: SUP2 | SHRED | Stacks: 1 | Value: 0.300 | Remaining Turns: 1 | Target: 1 | Targeting: ST | Affects: ['ALL'] | DOT: False | Blast: False
        ----------End of Debuff List----------
        ----------Healing List----------
        ----------End of Healing List----------
    GAUGE  - Enemy 1 toughness reduced by 0.000
    GAUGE  - Enemy 0 toughness reduced by 0.000
    GAUGE  - Enemy 2 toughness reduced by 0.000
    RESULT - GilgameshSkill | Gilgamesh | SUP1 | DMG: 200662.756 | ELADMG: 0.000 | Enemies Hit: [1, 0, 2] | Enemies Broken: [] | WB DMG: 0.000 | Energy: 30.000 | Amount HP Healed: 0.000 | Amount HP Lost: 0.000 | Gilgamesh Energy: 284/360 | SP: 4 | MaxSP: 5)
Gilgamesh Obtained 3 Interest from Joint Attack, Current count: 3
    TURN   - GilgameshJointAttack | Gilgamesh | SUP1 | AOE attack | ['LNG'] | ['FUA'] | Scaling: ATK | TargetID: 1 | DMG/BREAK Splits: [4.0, 0]/[20, 0] | Energy Gained: 10 | SP Change: 0

        ----------Char Buffs----------
        ScholarCR | CR% | Stacks: 1 | Value: 0.080 | Remaining Turns: 1 | TickDown: SUP1, PERM | Target: SUP1 | Affects: ['ALL']
        GilgameshTraceATK | ATK | Stacks: 1 | Value: 0.180 | Remaining Turns: 1 | TickDown: SUP1, PERM | Target: SUP1 | Affects: ['ALL']
        GilgameshTraceCR | CR% | Stacks: 1 | Value: 0.187 | Remaining Turns: 1 | TickDown: SUP1, PERM | Target: SUP1 | Affects: ['ALL']
        GilgameshTraceDMG | DMG% | Stacks: 1 | Value: 0.080 | Remaining Turns: 1 | TickDown: SUP1, PERM | Target: SUP1 | Affects: ['ALL']
        GilgameshTrace3ATK | ATK% | Stacks: 1 | Value: 0.200 | Remaining Turns: 1 | TickDown: SUP1, PERM | Target: SUP1 | Affects: ['ALL']
        GilgameshTrace3CD | CD% | Stacks: 1 | Value: 0.200 | Remaining Turns: 1 | TickDown: SUP1, PERM | Target: SUP1 | Affects: ['ALL']
        GilgameshTrace3SelfATK | ATK% | Stacks: 1 | Value: 1.000 | Remaining Turns: 1 | TickDown: SUP1, PERM | Target: SUP1 | Affects: ['ALL']
        GilgameshTrace3SelfCD | CD% | Stacks: 1 | Value: 1.000 | Remaining Turns: 1 | TickDown: SUP1, PERM | Target: SUP1 | Affects: ['ALL']
        KeelCD(SUS) | CD% | Stacks: 1 | Value: 0.100 | Remaining Turns: 1 | TickDown: SUP1, PERM | Target: SUP1 | Affects: ['ALL']
        CosmicLifeDMG | DMG% | Stacks: 1 | Value: 0.320 | Remaining Turns: 1 | TickDown: SUP1, PERM | Target: SUP1 | Affects: ['ALL']
        Trace2CDExtra | CD% | Stacks: 1 | Value: 1.500 | Remaining Turns: 1 | TickDown: SUP1, PERM | Target: SUP1 | Affects: ['ALL']
        GilgameshInterestSPD | SPD% | Stacks: 1 | Value: 0.000 | Remaining Turns: 1 | TickDown: SUP2, PERM | Target: SUP1 | Affects: ['ALL']
        MasterSmithComburent | DMG% | Stacks: 1 | Value: 0.150 | Remaining Turns: 2 | TickDown: SUP1, END | Target: SUP1 | Affects: ['ALL']
        MortenaxBladeDMGBoost | DMG% | Stacks: 1 | Value: 0.000 | Remaining Turns: 1 | TickDown: SUP1, PERM | Target: SUP1 | Affects: ['ALL']
        AeonATK | ATK% | Stacks: 1 | Value: 0.640 | Remaining Turns: 1 | TickDown: SUP1, PERM | Target: SUP1 | Affects: ['ALL']
        GilgameshSKLShred | SHRED | Stacks: 1 | Value: 0.300 | Remaining Turns: 3 | TickDown: SUP1, END | Target: SUP1 | Affects: ['ALL']
        ----------End of Buff List----------

        ----------Enemy Debuffs----------
        MortenaxBladeUltVul | From: SUP2 | VULN | Stacks: 1 | Value: 0.500 | Remaining Turns: 1 | Target: 1 | Targeting: ST | Affects: ['ALL'] | DOT: False | Blast: False
        MortenaxBladeUltShred | From: SUP2 | SHRED | Stacks: 1 | Value: 0.300 | Remaining Turns: 1 | Target: 1 | Targeting: ST | Affects: ['ALL'] | DOT: False | Blast: False
        ----------End of Debuff List----------
        ----------Healing List----------
        ----------End of Healing List----------
    GAUGE  - Enemy 0 toughness reduced by 0.000
    GAUGE  - Enemy 1 toughness reduced by 0.000
    GAUGE  - Enemy 2 toughness reduced by 0.000
    RESULT - GilgameshJointAttack | Gilgamesh | SUP1 | DMG: 389782.998 | ELADMG: 0.000 | Enemies Hit: [0, 1, 2] | Enemies Broken: [] | WB DMG: 0.000 | Energy: 10.000 | Amount HP Healed: 0.000 | Amount HP Lost: 0.000 | Gilgamesh Energy: 294/360 | SP: 4 | MaxSP: 5)
    TURN   - SaberJointAttack | Saber | DPS | AOE attack | ['WIN'] | ['FUA'] | Scaling: ATK | TargetID: 1 | DMG/BREAK Splits: [6.0, 0]/[0, 0] | Energy Gained: 120 | SP Change: 0

        ----------Char Buffs----------
        ThanklessCoronationCD | CR% | Stacks: 1 | Value: 0.360 | Remaining Turns: 1 | TickDown: DPS, PERM | Target: DPS | Affects: ['ALL']
        ScholarCR | CR% | Stacks: 1 | Value: 0.080 | Remaining Turns: 1 | TickDown: DPS, PERM | Target: DPS | Affects: ['ALL']
        SaberTraceHP | HP% | Stacks: 1 | Value: 0.100 | Remaining Turns: 1 | TickDown: DPS, PERM | Target: DPS | Affects: ['ALL']
        SaberTraceCR | CR% | Stacks: 1 | Value: 0.120 | Remaining Turns: 1 | TickDown: DPS, PERM | Target: DPS | Affects: ['ALL']
        SaberTraceDMG | DMG% | Stacks: 1 | Value: 0.224 | Remaining Turns: 1 | TickDown: DPS, PERM | Target: DPS | Affects: ['ALL']
        SaberTrace1CR | CR% | Stacks: 1 | Value: 0.200 | Remaining Turns: 1 | TickDown: DPS, PERM | Target: DPS | Affects: ['ALL']
        GilgameshTrace3ATK | ATK% | Stacks: 1 | Value: 0.200 | Remaining Turns: 1 | TickDown: DPS, PERM | Target: DPS | Affects: ['ALL']
        GilgameshTrace3CD | CD% | Stacks: 1 | Value: 0.200 | Remaining Turns: 1 | TickDown: DPS, PERM | Target: DPS | Affects: ['ALL']
        LushakaATK(SUP2) | ATK% | Stacks: 1 | Value: 0.120 | Remaining Turns: 1 | TickDown: DPS, PERM | Target: DPS | Affects: ['ALL']
        KeelCD(SUS) | CD% | Stacks: 1 | Value: 0.100 | Remaining Turns: 1 | TickDown: DPS, PERM | Target: DPS | Affects: ['ALL']
        CosmicLifeDMG | DMG% | Stacks: 1 | Value: 0.320 | Remaining Turns: 1 | TickDown: DPS, PERM | Target: DPS | Affects: ['ALL']
        Trace3CDExtra | CD% | Stacks: 1 | Value: 0.320 | Remaining Turns: 1 | TickDown: DPS, PERM | Target: DPS | Affects: ['ALL']
        MasterSmithComburent | DMG% | Stacks: 1 | Value: 0.150 | Remaining Turns: 1 | TickDown: DPS, END | Target: DPS | Affects: ['ALL']
        MortenaxBladeDMGBoost | DMG% | Stacks: 1 | Value: 0.000 | Remaining Turns: 1 | TickDown: DPS, PERM | Target: DPS | Affects: ['ALL']
        GilgameshTrace3AllyATK | ATK% | Stacks: 1 | Value: 1.000 | Remaining Turns: 1 | TickDown: DPS, PERM | Target: DPS | Affects: ['ALL']
        GilgameshTrace3AllyCD | CD% | Stacks: 1 | Value: 1.000 | Remaining Turns: 1 | TickDown: DPS, PERM | Target: DPS | Affects: ['ALL']
        Trace3CD | CD% | Stacks: 1 | Value: 0.500 | Remaining Turns: 1 | TickDown: DPS, END | Target: DPS | Affects: ['ALL']
        ----------End of Buff List----------

        ----------Enemy Debuffs----------
        MortenaxBladeUltVul | From: SUP2 | VULN | Stacks: 1 | Value: 0.500 | Remaining Turns: 1 | Target: 1 | Targeting: ST | Affects: ['ALL'] | DOT: False | Blast: False
        MortenaxBladeUltShred | From: SUP2 | SHRED | Stacks: 1 | Value: 0.300 | Remaining Turns: 1 | Target: 1 | Targeting: ST | Affects: ['ALL'] | DOT: False | Blast: False
        ----------End of Debuff List----------
        ----------Healing List----------
        ----------End of Healing List----------
    GAUGE  - Enemy 0 toughness reduced by 0.000
    GAUGE  - Enemy 1 toughness reduced by 0.000
    GAUGE  - Enemy 2 toughness reduced by 0.000
    RESULT - SaberJointAttack | Saber | DPS | DMG: 487555.952 | ELADMG: 0.000 | Enemies Hit: [0, 1, 2] | Enemies Broken: [] | WB DMG: 0.000 | Energy: 120.000 | Amount HP Healed: 0.000 | Amount HP Lost: 0.000 | Saber Energy: 348/360 | SP: 4 | MaxSP: 5)
Gilgamesh Obtained 1 Interest from Teammate, Current count: 4
SPD    > Gilgamesh speed changed to 165.432 | NewAV: 0.000
AV     > Gilgamesh AV reset to 60.448 | 165.432 SPD

<<< NEW TURN >>>
-   HuoHuo AV: 0.000 ENERGY: 105.191 MaxHP: 6139.808 CurrHp 3831.719 ShieldHP: 0.000
-   MortenaxBlade AV: 8.258 ENERGY: 140.740 MaxHP: 4779.283 CurrHp 1.000 ShieldHP: 0.000
-   Enemy 1 AV: 14.441 ENERGY: 0.000 MaxHP: 5000000.000 CurrHp 3827428.546 ShieldHP: 0.000
-   Gilgamesh AV: 26.531 ENERGY: 294.333 MaxHP: 3134.558 CurrHp 1.000 ShieldHP: 0.000
-   Enemy 2 AV: 37.508 ENERGY: 0.000 MaxHP: 2000000.000 CurrHp 1210226.922 ShieldHP: 0.000
-   Enemy 0 AV: 37.508 ENERGY: 0.000 MaxHP: 2000000.000 CurrHp 1210226.922 ShieldHP: 0.000
-   Saber AV: 40.358 ENERGY: 347.667 MaxHP: 3366.991 CurrHp 2902.936 ShieldHP: 0.000
-   InfiniteFury AV: 9953.562 ENERGY: 0.000 MaxHP: 0.000 CurrHp 0.000 ShieldHP: 0.000

Combat context set: 3 enemies, 4 players
Combat context initialized: 3 enemies, Elation team size: 0
ACTION > [CHAR] TotalAV: 443.261 | TurnAV: 33.917 | HuoHuo | E-move
    TURN   - HuoHuoSkill | HuoHuo | SUS | NA attack | ['WIN'] | ['SKL'] | Scaling: HP | TargetID: -1 | DMG/BREAK Splits: [0, 0]/[0, 0] | Energy Gained: 30 | SP Change: -1

        ----------Char Buffs----------
        GilgameshTrace3ATK | ATK% | Stacks: 1 | Value: 0.200 | Remaining Turns: 1 | TickDown: SUS, PERM | Target: SUS | Affects: ['ALL']
        GilgameshTrace3CD | CD% | Stacks: 1 | Value: 0.200 | Remaining Turns: 1 | TickDown: SUS, PERM | Target: SUS | Affects: ['ALL']
        PostOpERR | ERR% | Stacks: 1 | Value: 0.160 | Remaining Turns: 1 | TickDown: SUS, PERM | Target: SUS | Affects: ['ALL']
        WarriorGoddessSPD | SPD% | Stacks: 1 | Value: 0.060 | Remaining Turns: 1 | TickDown: SUS, PERM | Target: SUS | Affects: ['ALL']
        KeelEFFRES | ERS% | Stacks: 1 | Value: 0.100 | Remaining Turns: 1 | TickDown: SUS, PERM | Target: SUS | Affects: ['ALL']
        KeelCD(SUS) | CD% | Stacks: 1 | Value: 0.100 | Remaining Turns: 1 | TickDown: SUS, PERM | Target: SUS | Affects: ['ALL']
        HHTraceHP | HP% | Stacks: 1 | Value: 0.280 | Remaining Turns: 1 | TickDown: SUS, PERM | Target: SUS | Affects: ['ALL']
        HHTraceERS | ERS% | Stacks: 1 | Value: 0.180 | Remaining Turns: 1 | TickDown: SUS, PERM | Target: SUS | Affects: ['ALL']
        HHTraceSPD | SPD | Stacks: 1 | Value: 5.000 | Remaining Turns: 1 | TickDown: SUS, PERM | Target: SUS | Affects: ['ALL']
        MasterSmithComburent | DMG% | Stacks: 1 | Value: 0.150 | Remaining Turns: 2 | TickDown: SUS, END | Target: SUS | Affects: ['ALL']
        MortenaxBladeDMGBoost | DMG% | Stacks: 1 | Value: 0.000 | Remaining Turns: 1 | TickDown: SUS, PERM | Target: SUS | Affects: ['ALL']
        ----------End of Buff List----------

        ----------Enemy Debuffs----------
        ----------End of Debuff List----------
        ----------Healing List----------
        HuoHuoSkillHealingScaling | Targeting: Targeting.BLAST | Healing Value: [0.24] | Target: ALL
        HuoHuoSkillHealingScaling | Targeting: Targeting.BLAST | Healing Value: [0.24] | Target: ALL
        HuoHuoSkillHealingScaling | Targeting: Targeting.BLAST | Healing Value: [0.24] | Target: ALL
        HuoHuoSkillHealingScaling | Targeting: Targeting.BLAST | Healing Value: [0.24] | Target: ALL
        HuoHuoSkillHealingScaling | Targeting: Targeting.BLAST | Healing Value: [0.24] | Target: ALL
        HuoHuoSkillHealingScaling | Targeting: Targeting.BLAST | Healing Value: [0.24] | Target: ALL
        HuoHuoSkillHealingFlat | Targeting: Targeting.BLAST | Healing Value: [640] | Target: ALL
        HuoHuoSkillHealingFlat | Targeting: Targeting.BLAST | Healing Value: [640] | Target: ALL
        HuoHuoSkillHealingFlat | Targeting: Targeting.BLAST | Healing Value: [640] | Target: ALL
        HuoHuoSkillHealingFlat | Targeting: Targeting.BLAST | Healing Value: [640] | Target: ALL
        HuoHuoSkillHealingFlat | Targeting: Targeting.BLAST | Healing Value: [640] | Target: ALL
        HuoHuoSkillHealingFlat | Targeting: Targeting.BLAST | Healing Value: [640] | Target: ALL
        ----------End of Healing List----------
    GAUGE  - Enemy 0 toughness reduced by 0.000
    RESULT - HuoHuoSkill | HuoHuo | SUS | DMG: 0.000 | ELADMG: 0.000 | Enemies Hit: [0] | Enemies Broken: [] | WB DMG: 0.000 | Energy: 40.632 | Amount HP Healed: 7931.292 | Amount HP Lost: 0.000 | HuoHuo Energy: 140/140 | SP: 3 | MaxSP: 5)
Gilgamesh Obtained 1 Interest from Teammate, Current count: 5
ADV    > Saber advanced by 100.000% from Trace1Advance | NewAV: 0.000 | Priority: 17
ULT    > HuoHuo used their ultimate
    TURN   - HuoHuoUlt | HuoHuo | SUS | NA attack | ['WIN'] | ['ULT'] | Scaling: HP | TargetID: -1 | DMG/BREAK Splits: [0, 0]/[0, 0] | Energy Gained: 5 | SP Change: 0

        ----------Char Buffs----------
        GilgameshTrace3ATK | ATK% | Stacks: 1 | Value: 0.200 | Remaining Turns: 1 | TickDown: SUS, PERM | Target: SUS | Affects: ['ALL']
        GilgameshTrace3CD | CD% | Stacks: 1 | Value: 0.200 | Remaining Turns: 1 | TickDown: SUS, PERM | Target: SUS | Affects: ['ALL']
        PostOpERR | ERR% | Stacks: 1 | Value: 0.160 | Remaining Turns: 1 | TickDown: SUS, PERM | Target: SUS | Affects: ['ALL']
        PostOpOGH | OGH% | Stacks: 1 | Value: 0.240 | Remaining Turns: 1 | TickDown: SUS, PERM | Target: SUS | Affects: ['ULT']
        WarriorGoddessSPD | SPD% | Stacks: 1 | Value: 0.060 | Remaining Turns: 1 | TickDown: SUS, PERM | Target: SUS | Affects: ['ALL']
        KeelEFFRES | ERS% | Stacks: 1 | Value: 0.100 | Remaining Turns: 1 | TickDown: SUS, PERM | Target: SUS | Affects: ['ALL']
        KeelCD(SUS) | CD% | Stacks: 1 | Value: 0.100 | Remaining Turns: 1 | TickDown: SUS, PERM | Target: SUS | Affects: ['ALL']
        HHTraceHP | HP% | Stacks: 1 | Value: 0.280 | Remaining Turns: 1 | TickDown: SUS, PERM | Target: SUS | Affects: ['ALL']
        HHTraceERS | ERS% | Stacks: 1 | Value: 0.180 | Remaining Turns: 1 | TickDown: SUS, PERM | Target: SUS | Affects: ['ALL']
        HHTraceSPD | SPD | Stacks: 1 | Value: 5.000 | Remaining Turns: 1 | TickDown: SUS, PERM | Target: SUS | Affects: ['ALL']
        MasterSmithComburent | DMG% | Stacks: 1 | Value: 0.150 | Remaining Turns: 2 | TickDown: SUS, END | Target: SUS | Affects: ['ALL']
        MortenaxBladeDMGBoost | DMG% | Stacks: 1 | Value: 0.000 | Remaining Turns: 1 | TickDown: SUS, PERM | Target: SUS | Affects: ['ALL']
        WarriorGoddessHealSPD | SPD% | Stacks: 1 | Value: 0.060 | Remaining Turns: 2 | TickDown: SUS, START | Target: SUS | Affects: ['ALL']
        WarriorGoddessHealCD | CD% | Stacks: 1 | Value: 0.150 | Remaining Turns: 2 | TickDown: SUS, START | Target: SUS | Affects: ['ALL']
        ----------End of Buff List----------

        ----------Enemy Debuffs----------
        ----------End of Debuff List----------
        ----------Healing List----------
        ----------End of Healing List----------
    GAUGE  - Enemy 0 toughness reduced by 0.000
    RESULT - HuoHuoUlt | HuoHuo | SUS | DMG: 0.000 | ELADMG: 0.000 | Enemies Hit: [0] | Enemies Broken: [] | WB DMG: 0.000 | Energy: 6.772 | Amount HP Healed: 0.000 | Amount HP Lost: 0.000 | HuoHuo Energy: 7/140 | SP: 4 | MaxSP: 5)
Saber got 3 Core Resonance from Talent, Current Count: 14
Gilgamesh Obtained 2 Interest from Teammate Ult, Current count: 7
Gilgamesh Obtained 42.0 Energy from Teammate
Gilgamesh Obtained 1 Interest from Teammate, Current count: 8
ERR    > 72.000 energy added to Saber from HuoHuoERR | Saber Energy: 360.000
ERR    > 72.000 energy added to Gilgamesh from HuoHuoERR | Gilgamesh Energy: 360.000
ERR    > 32.000 energy added to MortenaxBlade from HuoHuoERR | MortenaxBlade Energy: 160.000
ERR    > 42.000 energy added to Gilgamesh from GilgameshTrace1ERRAlly3 | Gilgamesh Energy: 360.000
ULT    > Saber used their ultimate
Saber got 3 Core Resonance from Talent, Current Count: 17
Saber transferred 59.7 overflow energy on Ult entry
    TURN   - SaberUltBig | Saber | DPS | AOE attack | ['WIN'] | ['ULT'] | Scaling: ATK | TargetID: 1 | DMG/BREAK Splits: [5.6, 0]/[40, 0] | Energy Gained: 0 | SP Change: 0

        ----------Char Buffs----------
        ThanklessCoronationCD | CR% | Stacks: 1 | Value: 0.360 | Remaining Turns: 1 | TickDown: DPS, PERM | Target: DPS | Affects: ['ALL']
        ScholarCR | CR% | Stacks: 1 | Value: 0.080 | Remaining Turns: 1 | TickDown: DPS, PERM | Target: DPS | Affects: ['ALL']
        ScholarDMG | DMG% | Stacks: 1 | Value: 0.200 | Remaining Turns: 1 | TickDown: DPS, PERM | Target: DPS | Affects: ['SKL', 'ULT']
        SaberTraceHP | HP% | Stacks: 1 | Value: 0.100 | Remaining Turns: 1 | TickDown: DPS, PERM | Target: DPS | Affects: ['ALL']
        SaberTraceCR | CR% | Stacks: 1 | Value: 0.120 | Remaining Turns: 1 | TickDown: DPS, PERM | Target: DPS | Affects: ['ALL']
        SaberTraceDMG | DMG% | Stacks: 1 | Value: 0.224 | Remaining Turns: 1 | TickDown: DPS, PERM | Target: DPS | Affects: ['ALL']
        SaberTrace1CR | CR% | Stacks: 1 | Value: 0.200 | Remaining Turns: 1 | TickDown: DPS, PERM | Target: DPS | Affects: ['ALL']
        GilgameshTrace3ATK | ATK% | Stacks: 1 | Value: 0.200 | Remaining Turns: 1 | TickDown: DPS, PERM | Target: DPS | Affects: ['ALL']
        GilgameshTrace3CD | CD% | Stacks: 1 | Value: 0.200 | Remaining Turns: 1 | TickDown: DPS, PERM | Target: DPS | Affects: ['ALL']
        LushakaATK(SUP2) | ATK% | Stacks: 1 | Value: 0.120 | Remaining Turns: 1 | TickDown: DPS, PERM | Target: DPS | Affects: ['ALL']
        KeelCD(SUS) | CD% | Stacks: 1 | Value: 0.100 | Remaining Turns: 1 | TickDown: DPS, PERM | Target: DPS | Affects: ['ALL']
        CosmicLifeDMG | DMG% | Stacks: 1 | Value: 0.320 | Remaining Turns: 1 | TickDown: DPS, PERM | Target: DPS | Affects: ['ALL']
        Trace3CDExtra | CD% | Stacks: 1 | Value: 0.320 | Remaining Turns: 1 | TickDown: DPS, PERM | Target: DPS | Affects: ['ALL']
        MasterSmithComburent | DMG% | Stacks: 1 | Value: 0.150 | Remaining Turns: 1 | TickDown: DPS, END | Target: DPS | Affects: ['ALL']
        MortenaxBladeDMGBoost | DMG% | Stacks: 1 | Value: 0.000 | Remaining Turns: 1 | TickDown: DPS, PERM | Target: DPS | Affects: ['ALL']
        GilgameshTrace3AllyATK | ATK% | Stacks: 1 | Value: 1.000 | Remaining Turns: 1 | TickDown: DPS, PERM | Target: DPS | Affects: ['ALL']
        GilgameshTrace3AllyCD | CD% | Stacks: 1 | Value: 1.000 | Remaining Turns: 1 | TickDown: DPS, PERM | Target: DPS | Affects: ['ALL']
        Trace3CD | CD% | Stacks: 1 | Value: 0.500 | Remaining Turns: 1 | TickDown: DPS, END | Target: DPS | Affects: ['ALL']
        WarriorGoddessHealCD | CD% | Stacks: 1 | Value: 0.150 | Remaining Turns: 2 | TickDown: DPS, START | Target: DPS | Affects: ['ALL']
        HuoHuoUltATK | ATK% | Stacks: 1 | Value: 0.400 | Remaining Turns: 2 | TickDown: DPS, END | Target: DPS | Affects: ['ALL']
        HuoHuoUltExtraATK | ATK% | Stacks: 1 | Value: 0.240 | Remaining Turns: 2 | TickDown: DPS, END | Target: DPS | Affects: ['ALL']
        TalentDMG | DMG% | Stacks: 1 | Value: 0.600 | Remaining Turns: 2 | TickDown: DPS, END | Target: DPS | Affects: ['ALL']
        ThanklessCoronationATK | ATK% | Stacks: 1 | Value: 0.400 | Remaining Turns: 2 | TickDown: DPS, END | Target: DPS | Affects: ['ALL']
        ThanklessCoronationERR | ERR_F | Stacks: 1 | Value: 36.000 | Remaining Turns: 1 | TickDown: DPS, START | Target: DPS | Affects: ['ALL']
        ThanklessCoronationATKExtra | ATK% | Stacks: 1 | Value: 0.400 | Remaining Turns: 2 | TickDown: DPS, END | Target: DPS | Affects: ['ALL']
        ----------End of Buff List----------

        ----------Enemy Debuffs----------
        MortenaxBladeUltVul | From: SUP2 | VULN | Stacks: 1 | Value: 0.500 | Remaining Turns: 1 | Target: 1 | Targeting: ST | Affects: ['ALL'] | DOT: False | Blast: False
        MortenaxBladeUltShred | From: SUP2 | SHRED | Stacks: 1 | Value: 0.300 | Remaining Turns: 1 | Target: 1 | Targeting: ST | Affects: ['ALL'] | DOT: False | Blast: False
        ----------End of Debuff List----------
        ----------Healing List----------
        ----------End of Healing List----------
    GAUGE  - Enemy 0 toughness reduced by 40.000
    GAUGE  - Enemy 1 toughness reduced by 40.000
    GAUGE  - Enemy 2 toughness reduced by 40.000
    RESULT - SaberUltBig | Saber | DPS | DMG: 931066.838 | ELADMG: 0.000 | Enemies Hit: [0, 1, 2] | Enemies Broken: [] | WB DMG: 0.000 | Energy: 0.000 | Amount HP Healed: 0.000 | Amount HP Lost: 0.000 | Saber Energy: 60/360 | SP: 4 | MaxSP: 5)
Gilgamesh Obtained 2 Interest from Teammate Ult, Current count: 10
Gilgamesh Obtained 108.0 Energy from Teammate
Gilgamesh Obtained 1 Interest from Teammate, Current count: 11
Gilgamesh JointCounter increased by one, current count: 1
    TURN   - SaberUltSmall | Saber | DPS | ST attack | ['WIN'] | ['ULT'] | Scaling: ATK | TargetID: 1 | DMG/BREAK Splits: [22.0, 0]/[20, 0] | Energy Gained: 5 | SP Change: 0

        ----------Char Buffs----------
        ThanklessCoronationCD | CR% | Stacks: 1 | Value: 0.360 | Remaining Turns: 1 | TickDown: DPS, PERM | Target: DPS | Affects: ['ALL']
        ScholarCR | CR% | Stacks: 1 | Value: 0.080 | Remaining Turns: 1 | TickDown: DPS, PERM | Target: DPS | Affects: ['ALL']
        ScholarDMG | DMG% | Stacks: 1 | Value: 0.200 | Remaining Turns: 1 | TickDown: DPS, PERM | Target: DPS | Affects: ['SKL', 'ULT']
        SaberTraceHP | HP% | Stacks: 1 | Value: 0.100 | Remaining Turns: 1 | TickDown: DPS, PERM | Target: DPS | Affects: ['ALL']
        SaberTraceCR | CR% | Stacks: 1 | Value: 0.120 | Remaining Turns: 1 | TickDown: DPS, PERM | Target: DPS | Affects: ['ALL']
        SaberTraceDMG | DMG% | Stacks: 1 | Value: 0.224 | Remaining Turns: 1 | TickDown: DPS, PERM | Target: DPS | Affects: ['ALL']
        SaberTrace1CR | CR% | Stacks: 1 | Value: 0.200 | Remaining Turns: 1 | TickDown: DPS, PERM | Target: DPS | Affects: ['ALL']
        GilgameshTrace3ATK | ATK% | Stacks: 1 | Value: 0.200 | Remaining Turns: 1 | TickDown: DPS, PERM | Target: DPS | Affects: ['ALL']
        GilgameshTrace3CD | CD% | Stacks: 1 | Value: 0.200 | Remaining Turns: 1 | TickDown: DPS, PERM | Target: DPS | Affects: ['ALL']
        LushakaATK(SUP2) | ATK% | Stacks: 1 | Value: 0.120 | Remaining Turns: 1 | TickDown: DPS, PERM | Target: DPS | Affects: ['ALL']
        KeelCD(SUS) | CD% | Stacks: 1 | Value: 0.100 | Remaining Turns: 1 | TickDown: DPS, PERM | Target: DPS | Affects: ['ALL']
        CosmicLifeDMG | DMG% | Stacks: 1 | Value: 0.320 | Remaining Turns: 1 | TickDown: DPS, PERM | Target: DPS | Affects: ['ALL']
        Trace3CDExtra | CD% | Stacks: 1 | Value: 0.320 | Remaining Turns: 1 | TickDown: DPS, PERM | Target: DPS | Affects: ['ALL']
        MasterSmithComburent | DMG% | Stacks: 1 | Value: 0.150 | Remaining Turns: 1 | TickDown: DPS, END | Target: DPS | Affects: ['ALL']
        MortenaxBladeDMGBoost | DMG% | Stacks: 1 | Value: 0.000 | Remaining Turns: 1 | TickDown: DPS, PERM | Target: DPS | Affects: ['ALL']
        GilgameshTrace3AllyATK | ATK% | Stacks: 1 | Value: 1.000 | Remaining Turns: 1 | TickDown: DPS, PERM | Target: DPS | Affects: ['ALL']
        GilgameshTrace3AllyCD | CD% | Stacks: 1 | Value: 1.000 | Remaining Turns: 1 | TickDown: DPS, PERM | Target: DPS | Affects: ['ALL']
        Trace3CD | CD% | Stacks: 1 | Value: 0.500 | Remaining Turns: 1 | TickDown: DPS, END | Target: DPS | Affects: ['ALL']
        WarriorGoddessHealCD | CD% | Stacks: 1 | Value: 0.150 | Remaining Turns: 2 | TickDown: DPS, START | Target: DPS | Affects: ['ALL']
        HuoHuoUltATK | ATK% | Stacks: 1 | Value: 0.400 | Remaining Turns: 2 | TickDown: DPS, END | Target: DPS | Affects: ['ALL']
        HuoHuoUltExtraATK | ATK% | Stacks: 1 | Value: 0.240 | Remaining Turns: 2 | TickDown: DPS, END | Target: DPS | Affects: ['ALL']
        TalentDMG | DMG% | Stacks: 1 | Value: 0.600 | Remaining Turns: 2 | TickDown: DPS, END | Target: DPS | Affects: ['ALL']
        ThanklessCoronationATK | ATK% | Stacks: 1 | Value: 0.400 | Remaining Turns: 2 | TickDown: DPS, END | Target: DPS | Affects: ['ALL']
        ThanklessCoronationERR | ERR_F | Stacks: 1 | Value: 36.000 | Remaining Turns: 1 | TickDown: DPS, START | Target: DPS | Affects: ['ALL']
        ThanklessCoronationATKExtra | ATK% | Stacks: 1 | Value: 0.400 | Remaining Turns: 2 | TickDown: DPS, END | Target: DPS | Affects: ['ALL']
        ----------End of Buff List----------

        ----------Enemy Debuffs----------
        MortenaxBladeUltVul | From: SUP2 | VULN | Stacks: 1 | Value: 0.500 | Remaining Turns: 1 | Target: 1 | Targeting: ST | Affects: ['ALL'] | DOT: False | Blast: False
        MortenaxBladeUltShred | From: SUP2 | SHRED | Stacks: 1 | Value: 0.300 | Remaining Turns: 1 | Target: 1 | Targeting: ST | Affects: ['ALL'] | DOT: False | Blast: False
        ----------End of Debuff List----------
        ----------Healing List----------
        HuoHuoTalentHealingScaling | Targeting: Targeting.SINGLE | Healing Value: [0] | Target: ALL
        HuoHuoTalentHealingScaling | Targeting: Targeting.SINGLE | Healing Value: [0.045] | Target: ALL
        HuoHuoTalentHealingScaling | Targeting: Targeting.SINGLE | Healing Value: [0] | Target: ALL
        HuoHuoTalentHealingScaling | Targeting: Targeting.SINGLE | Healing Value: [0] | Target: ALL
        HuoHuoTalentHealingFlat | Targeting: Targeting.SINGLE | Healing Value: [0] | Target: ALL
        HuoHuoTalentHealingFlat | Targeting: Targeting.SINGLE | Healing Value: [120] | Target: ALL
        HuoHuoTalentHealingFlat | Targeting: Targeting.SINGLE | Healing Value: [0] | Target: ALL
        HuoHuoTalentHealingFlat | Targeting: Targeting.SINGLE | Healing Value: [0] | Target: ALL
        ----------End of Healing List----------
    GAUGE  - Enemy 1 toughness reduced by 20.000
    RESULT - SaberUltSmall | Saber | DPS | DMG: 1219254.193 | ELADMG: 0.000 | Enemies Hit: [1] | Enemies Broken: [] | WB DMG: 0.000 | Energy: 5.000 | Amount HP Healed: 438.089 | Amount HP Lost: 0.000 | Saber Energy: 65/360 | SP: 4 | MaxSP: 5)
    TURN   - HuoHuoAllyERR | HuoHuo | SUS | NA attack | ['WIN'] | ['SPECIAL'] | Scaling: HP | TargetID: 1 | DMG/BREAK Splits: [0, 0]/[0, 0] | Energy Gained: 1 | SP Change: 0

        ----------Char Buffs----------
        GilgameshTrace3ATK | ATK% | Stacks: 1 | Value: 0.200 | Remaining Turns: 1 | TickDown: SUS, PERM | Target: SUS | Affects: ['ALL']
        GilgameshTrace3CD | CD% | Stacks: 1 | Value: 0.200 | Remaining Turns: 1 | TickDown: SUS, PERM | Target: SUS | Affects: ['ALL']
        PostOpERR | ERR% | Stacks: 1 | Value: 0.160 | Remaining Turns: 1 | TickDown: SUS, PERM | Target: SUS | Affects: ['ALL']
        WarriorGoddessSPD | SPD% | Stacks: 1 | Value: 0.060 | Remaining Turns: 1 | TickDown: SUS, PERM | Target: SUS | Affects: ['ALL']
        KeelEFFRES | ERS% | Stacks: 1 | Value: 0.100 | Remaining Turns: 1 | TickDown: SUS, PERM | Target: SUS | Affects: ['ALL']
        KeelCD(SUS) | CD% | Stacks: 1 | Value: 0.100 | Remaining Turns: 1 | TickDown: SUS, PERM | Target: SUS | Affects: ['ALL']
        HHTraceHP | HP% | Stacks: 1 | Value: 0.280 | Remaining Turns: 1 | TickDown: SUS, PERM | Target: SUS | Affects: ['ALL']
        HHTraceERS | ERS% | Stacks: 1 | Value: 0.180 | Remaining Turns: 1 | TickDown: SUS, PERM | Target: SUS | Affects: ['ALL']
        HHTraceSPD | SPD | Stacks: 1 | Value: 5.000 | Remaining Turns: 1 | TickDown: SUS, PERM | Target: SUS | Affects: ['ALL']
        MasterSmithComburent | DMG% | Stacks: 1 | Value: 0.150 | Remaining Turns: 1 | TickDown: SUS, END | Target: SUS | Affects: ['ALL']
        MortenaxBladeDMGBoost | DMG% | Stacks: 1 | Value: 0.000 | Remaining Turns: 1 | TickDown: SUS, PERM | Target: SUS | Affects: ['ALL']
        WarriorGoddessHealSPD | SPD% | Stacks: 1 | Value: 0.060 | Remaining Turns: 2 | TickDown: SUS, START | Target: SUS | Affects: ['ALL']
        WarriorGoddessHealCD | CD% | Stacks: 1 | Value: 0.150 | Remaining Turns: 2 | TickDown: SUS, START | Target: SUS | Affects: ['ALL']
        ----------End of Buff List----------

        ----------Enemy Debuffs----------
        MortenaxBladeUltVul | From: SUP2 | VULN | Stacks: 1 | Value: 0.500 | Remaining Turns: 1 | Target: 1 | Targeting: ST | Affects: ['ALL'] | DOT: False | Blast: False
        MortenaxBladeUltShred | From: SUP2 | SHRED | Stacks: 1 | Value: 0.300 | Remaining Turns: 1 | Target: 1 | Targeting: ST | Affects: ['ALL'] | DOT: False | Blast: False
        ----------End of Debuff List----------
        ----------Healing List----------
        ----------End of Healing List----------
    GAUGE  - Enemy 1 toughness reduced by 0.000
    RESULT - HuoHuoAllyERR | HuoHuo | SUS | DMG: 0.000 | ELADMG: 0.000 | Enemies Hit: [1] | Enemies Broken: [] | WB DMG: 0.000 | Energy: 1.354 | Amount HP Healed: 0.000 | Amount HP Lost: 0.000 | HuoHuo Energy: 8/140 | SP: 4 | MaxSP: 5)
ERR    > 36.000 energy added to Saber from ThanklessCoronationERR | Saber Energy: 100.667
ERR    > 108.000 energy added to Gilgamesh from GilgameshTrace1ERRAlly1 | Gilgamesh Energy: 360.000
ULT    > Gilgamesh used their ultimate
Gilgamesh Obtained 2 Interest from Ult, Current count: 13
Gilgamesh JointCounter increased by one, current count: 2
    TURN   - GilgameshUltAll | Gilgamesh | SUP1 | AOE attack | ['LNG'] | ['ULT'] | Scaling: ATK | TargetID: 1 | DMG/BREAK Splits: [4.0, 0]/[40, 0] | Energy Gained: 0 | SP Change: 0

        ----------Char Buffs----------
        ScholarCR | CR% | Stacks: 1 | Value: 0.080 | Remaining Turns: 1 | TickDown: SUP1, PERM | Target: SUP1 | Affects: ['ALL']
        ScholarDMG | DMG% | Stacks: 1 | Value: 0.200 | Remaining Turns: 1 | TickDown: SUP1, PERM | Target: SUP1 | Affects: ['SKL', 'ULT']
        GilgameshTraceATK | ATK | Stacks: 1 | Value: 0.180 | Remaining Turns: 1 | TickDown: SUP1, PERM | Target: SUP1 | Affects: ['ALL']
        GilgameshTraceCR | CR% | Stacks: 1 | Value: 0.187 | Remaining Turns: 1 | TickDown: SUP1, PERM | Target: SUP1 | Affects: ['ALL']
        GilgameshTraceDMG | DMG% | Stacks: 1 | Value: 0.080 | Remaining Turns: 1 | TickDown: SUP1, PERM | Target: SUP1 | Affects: ['ALL']
        GilgameshTrace3ATK | ATK% | Stacks: 1 | Value: 0.200 | Remaining Turns: 1 | TickDown: SUP1, PERM | Target: SUP1 | Affects: ['ALL']
        GilgameshTrace3CD | CD% | Stacks: 1 | Value: 0.200 | Remaining Turns: 1 | TickDown: SUP1, PERM | Target: SUP1 | Affects: ['ALL']
        GilgameshTrace3SelfATK | ATK% | Stacks: 1 | Value: 1.000 | Remaining Turns: 1 | TickDown: SUP1, PERM | Target: SUP1 | Affects: ['ALL']
        GilgameshTrace3SelfCD | CD% | Stacks: 1 | Value: 1.000 | Remaining Turns: 1 | TickDown: SUP1, PERM | Target: SUP1 | Affects: ['ALL']
        KeelCD(SUS) | CD% | Stacks: 1 | Value: 0.100 | Remaining Turns: 1 | TickDown: SUP1, PERM | Target: SUP1 | Affects: ['ALL']
        CosmicLifeDMG | DMG% | Stacks: 1 | Value: 0.320 | Remaining Turns: 1 | TickDown: SUP1, PERM | Target: SUP1 | Affects: ['ALL']
        Trace2CDExtra | CD% | Stacks: 1 | Value: 1.500 | Remaining Turns: 1 | TickDown: SUP1, PERM | Target: SUP1 | Affects: ['ALL']
        GilgameshInterestSPD | SPD% | Stacks: 1 | Value: 1.100 | Remaining Turns: 1 | TickDown: SUP2, PERM | Target: SUP1 | Affects: ['ALL']
        MasterSmithComburent | DMG% | Stacks: 1 | Value: 0.150 | Remaining Turns: 1 | TickDown: SUP1, END | Target: SUP1 | Affects: ['ALL']
        GilgameshUltDmg | DMG% | Stacks: 1 | Value: 0.400 | Remaining Turns: 3 | TickDown: SUP1, END | Target: SUP1 | Affects: ['ULT']
        MortenaxBladeDMGBoost | DMG% | Stacks: 1 | Value: 0.000 | Remaining Turns: 1 | TickDown: SUP1, PERM | Target: SUP1 | Affects: ['ALL']
        AeonATK | ATK% | Stacks: 1 | Value: 0.640 | Remaining Turns: 1 | TickDown: SUP1, PERM | Target: SUP1 | Affects: ['ALL']
        GilgameshSKLShred | SHRED | Stacks: 1 | Value: 0.300 | Remaining Turns: 2 | TickDown: SUP1, END | Target: SUP1 | Affects: ['ALL']
        WarriorGoddessHealCD | CD% | Stacks: 1 | Value: 0.150 | Remaining Turns: 2 | TickDown: SUP1, START | Target: SUP1 | Affects: ['ALL']
        HuoHuoUltATK | ATK% | Stacks: 1 | Value: 0.400 | Remaining Turns: 2 | TickDown: SUP1, END | Target: SUP1 | Affects: ['ALL']
        HuoHuoUltExtraATK | ATK% | Stacks: 1 | Value: 0.240 | Remaining Turns: 2 | TickDown: SUP1, END | Target: SUP1 | Affects: ['ALL']
        ----------End of Buff List----------

        ----------Enemy Debuffs----------
        MortenaxBladeUltVul | From: SUP2 | VULN | Stacks: 1 | Value: 0.500 | Remaining Turns: 1 | Target: 1 | Targeting: ST | Affects: ['ALL'] | DOT: False | Blast: False
        MortenaxBladeUltShred | From: SUP2 | SHRED | Stacks: 1 | Value: 0.300 | Remaining Turns: 1 | Target: 1 | Targeting: ST | Affects: ['ALL'] | DOT: False | Blast: False
        ----------End of Debuff List----------
        ----------Healing List----------
        ----------End of Healing List----------
    GAUGE  - Enemy 0 toughness reduced by 0.000
    GAUGE  - Enemy 1 toughness reduced by 0.000
    GAUGE  - Enemy 2 toughness reduced by 0.000
    RESULT - GilgameshUltAll | Gilgamesh | SUP1 | DMG: 616780.081 | ELADMG: 0.000 | Enemies Hit: [0, 1, 2] | Enemies Broken: [] | WB DMG: 0.000 | Energy: 0.000 | Amount HP Healed: 0.000 | Amount HP Lost: 0.000 | Gilgamesh Energy: 0/360 | SP: 4 | MaxSP: 5)
Saber got 3 Core Resonance from Talent, Current Count: 20
    TURN   - GilgameshUltSingle | Gilgamesh | SUP1 | ST attack | ['LNG'] | ['ULT'] | Scaling: ATK | TargetID: 1 | DMG/BREAK Splits: [10.0, 0]/[20, 0] | Energy Gained: 5 | SP Change: 0

        ----------Char Buffs----------
        ScholarCR | CR% | Stacks: 1 | Value: 0.080 | Remaining Turns: 1 | TickDown: SUP1, PERM | Target: SUP1 | Affects: ['ALL']
        ScholarDMG | DMG% | Stacks: 1 | Value: 0.200 | Remaining Turns: 1 | TickDown: SUP1, PERM | Target: SUP1 | Affects: ['SKL', 'ULT']
        GilgameshTraceATK | ATK | Stacks: 1 | Value: 0.180 | Remaining Turns: 1 | TickDown: SUP1, PERM | Target: SUP1 | Affects: ['ALL']
        GilgameshTraceCR | CR% | Stacks: 1 | Value: 0.187 | Remaining Turns: 1 | TickDown: SUP1, PERM | Target: SUP1 | Affects: ['ALL']
        GilgameshTraceDMG | DMG% | Stacks: 1 | Value: 0.080 | Remaining Turns: 1 | TickDown: SUP1, PERM | Target: SUP1 | Affects: ['ALL']
        GilgameshTrace3ATK | ATK% | Stacks: 1 | Value: 0.200 | Remaining Turns: 1 | TickDown: SUP1, PERM | Target: SUP1 | Affects: ['ALL']
        GilgameshTrace3CD | CD% | Stacks: 1 | Value: 0.200 | Remaining Turns: 1 | TickDown: SUP1, PERM | Target: SUP1 | Affects: ['ALL']
        GilgameshTrace3SelfATK | ATK% | Stacks: 1 | Value: 1.000 | Remaining Turns: 1 | TickDown: SUP1, PERM | Target: SUP1 | Affects: ['ALL']
        GilgameshTrace3SelfCD | CD% | Stacks: 1 | Value: 1.000 | Remaining Turns: 1 | TickDown: SUP1, PERM | Target: SUP1 | Affects: ['ALL']
        KeelCD(SUS) | CD% | Stacks: 1 | Value: 0.100 | Remaining Turns: 1 | TickDown: SUP1, PERM | Target: SUP1 | Affects: ['ALL']
        CosmicLifeDMG | DMG% | Stacks: 1 | Value: 0.320 | Remaining Turns: 1 | TickDown: SUP1, PERM | Target: SUP1 | Affects: ['ALL']
        Trace2CDExtra | CD% | Stacks: 1 | Value: 1.500 | Remaining Turns: 1 | TickDown: SUP1, PERM | Target: SUP1 | Affects: ['ALL']
        GilgameshInterestSPD | SPD% | Stacks: 1 | Value: 1.300 | Remaining Turns: 1 | TickDown: SUP2, PERM | Target: SUP1 | Affects: ['ALL']
        MasterSmithComburent | DMG% | Stacks: 1 | Value: 0.150 | Remaining Turns: 1 | TickDown: SUP1, END | Target: SUP1 | Affects: ['ALL']
        GilgameshUltDmg | DMG% | Stacks: 1 | Value: 0.400 | Remaining Turns: 3 | TickDown: SUP1, END | Target: SUP1 | Affects: ['ULT']
        MortenaxBladeDMGBoost | DMG% | Stacks: 1 | Value: 0.000 | Remaining Turns: 1 | TickDown: SUP1, PERM | Target: SUP1 | Affects: ['ALL']
        AeonATK | ATK% | Stacks: 1 | Value: 0.640 | Remaining Turns: 1 | TickDown: SUP1, PERM | Target: SUP1 | Affects: ['ALL']
        GilgameshSKLShred | SHRED | Stacks: 1 | Value: 0.300 | Remaining Turns: 2 | TickDown: SUP1, END | Target: SUP1 | Affects: ['ALL']
        WarriorGoddessHealCD | CD% | Stacks: 1 | Value: 0.150 | Remaining Turns: 2 | TickDown: SUP1, START | Target: SUP1 | Affects: ['ALL']
        HuoHuoUltATK | ATK% | Stacks: 1 | Value: 0.400 | Remaining Turns: 2 | TickDown: SUP1, END | Target: SUP1 | Affects: ['ALL']
        HuoHuoUltExtraATK | ATK% | Stacks: 1 | Value: 0.240 | Remaining Turns: 2 | TickDown: SUP1, END | Target: SUP1 | Affects: ['ALL']
        ----------End of Buff List----------

        ----------Enemy Debuffs----------
        MortenaxBladeUltVul | From: SUP2 | VULN | Stacks: 1 | Value: 0.500 | Remaining Turns: 1 | Target: 1 | Targeting: ST | Affects: ['ALL'] | DOT: False | Blast: False
        MortenaxBladeUltShred | From: SUP2 | SHRED | Stacks: 1 | Value: 0.300 | Remaining Turns: 1 | Target: 1 | Targeting: ST | Affects: ['ALL'] | DOT: False | Blast: False
        ----------End of Debuff List----------
        ----------Healing List----------
        HuoHuoTalentHealingScaling | Targeting: Targeting.SINGLE | Healing Value: [0] | Target: ALL
        HuoHuoTalentHealingScaling | Targeting: Targeting.SINGLE | Healing Value: [0] | Target: ALL
        HuoHuoTalentHealingScaling | Targeting: Targeting.SINGLE | Healing Value: [0.045] | Target: ALL
        HuoHuoTalentHealingScaling | Targeting: Targeting.SINGLE | Healing Value: [0] | Target: ALL
        HuoHuoTalentHealingFlat | Targeting: Targeting.SINGLE | Healing Value: [0] | Target: ALL
        HuoHuoTalentHealingFlat | Targeting: Targeting.SINGLE | Healing Value: [0] | Target: ALL
        HuoHuoTalentHealingFlat | Targeting: Targeting.SINGLE | Healing Value: [120] | Target: ALL
        HuoHuoTalentHealingFlat | Targeting: Targeting.SINGLE | Healing Value: [0] | Target: ALL
        ----------End of Healing List----------
    GAUGE  - Enemy 1 toughness reduced by 0.000
    RESULT - GilgameshUltSingle | Gilgamesh | SUP1 | DMG: 513983.401 | ELADMG: 0.000 | Enemies Hit: [1] | Enemies Broken: [] | WB DMG: 0.000 | Energy: 5.000 | Amount HP Healed: 438.089 | Amount HP Lost: 0.000 | Gilgamesh Energy: 5/360 | SP: 4 | MaxSP: 5)
    TURN   - HuoHuoAllyERR | HuoHuo | SUS | NA attack | ['WIN'] | ['SPECIAL'] | Scaling: HP | TargetID: 1 | DMG/BREAK Splits: [0, 0]/[0, 0] | Energy Gained: 1 | SP Change: 0

        ----------Char Buffs----------
        GilgameshTrace3ATK | ATK% | Stacks: 1 | Value: 0.200 | Remaining Turns: 1 | TickDown: SUS, PERM | Target: SUS | Affects: ['ALL']
        GilgameshTrace3CD | CD% | Stacks: 1 | Value: 0.200 | Remaining Turns: 1 | TickDown: SUS, PERM | Target: SUS | Affects: ['ALL']
        PostOpERR | ERR% | Stacks: 1 | Value: 0.160 | Remaining Turns: 1 | TickDown: SUS, PERM | Target: SUS | Affects: ['ALL']
        WarriorGoddessSPD | SPD% | Stacks: 1 | Value: 0.060 | Remaining Turns: 1 | TickDown: SUS, PERM | Target: SUS | Affects: ['ALL']
        KeelEFFRES | ERS% | Stacks: 1 | Value: 0.100 | Remaining Turns: 1 | TickDown: SUS, PERM | Target: SUS | Affects: ['ALL']
        KeelCD(SUS) | CD% | Stacks: 1 | Value: 0.100 | Remaining Turns: 1 | TickDown: SUS, PERM | Target: SUS | Affects: ['ALL']
        HHTraceHP | HP% | Stacks: 1 | Value: 0.280 | Remaining Turns: 1 | TickDown: SUS, PERM | Target: SUS | Affects: ['ALL']
        HHTraceERS | ERS% | Stacks: 1 | Value: 0.180 | Remaining Turns: 1 | TickDown: SUS, PERM | Target: SUS | Affects: ['ALL']
        HHTraceSPD | SPD | Stacks: 1 | Value: 5.000 | Remaining Turns: 1 | TickDown: SUS, PERM | Target: SUS | Affects: ['ALL']
        MasterSmithComburent | DMG% | Stacks: 1 | Value: 0.150 | Remaining Turns: 1 | TickDown: SUS, END | Target: SUS | Affects: ['ALL']
        MortenaxBladeDMGBoost | DMG% | Stacks: 1 | Value: 0.000 | Remaining Turns: 1 | TickDown: SUS, PERM | Target: SUS | Affects: ['ALL']
        WarriorGoddessHealSPD | SPD% | Stacks: 1 | Value: 0.060 | Remaining Turns: 2 | TickDown: SUS, START | Target: SUS | Affects: ['ALL']
        WarriorGoddessHealCD | CD% | Stacks: 1 | Value: 0.150 | Remaining Turns: 2 | TickDown: SUS, START | Target: SUS | Affects: ['ALL']
        ----------End of Buff List----------

        ----------Enemy Debuffs----------
        MortenaxBladeUltVul | From: SUP2 | VULN | Stacks: 1 | Value: 0.500 | Remaining Turns: 1 | Target: 1 | Targeting: ST | Affects: ['ALL'] | DOT: False | Blast: False
        MortenaxBladeUltShred | From: SUP2 | SHRED | Stacks: 1 | Value: 0.300 | Remaining Turns: 1 | Target: 1 | Targeting: ST | Affects: ['ALL'] | DOT: False | Blast: False
        ----------End of Debuff List----------
        ----------Healing List----------
        ----------End of Healing List----------
    GAUGE  - Enemy 1 toughness reduced by 0.000
    RESULT - HuoHuoAllyERR | HuoHuo | SUS | DMG: 0.000 | ELADMG: 0.000 | Enemies Hit: [1] | Enemies Broken: [] | WB DMG: 0.000 | Energy: 1.354 | Amount HP Healed: 0.000 | Amount HP Lost: 0.000 | HuoHuo Energy: 9/140 | SP: 4 | MaxSP: 5)
ULT    > MortenaxBlade used their ultimate
MortenaxBlade transferred 12.7 overflow energy on Ult entry
    TURN   - MortenaxBladeUlt | MortenaxBlade | SUP2 | NA attack | ['FIR'] | ['ALL'] | Scaling: HP | TargetID: 1 | DMG/BREAK Splits: [0, 0]/[0, 0] | Energy Gained: 5 | SP Change: 0

        ----------Char Buffs----------
        GilgameshTrace3ATK | ATK% | Stacks: 1 | Value: 0.200 | Remaining Turns: 1 | TickDown: SUP2, PERM | Target: SUP2 | Affects: ['ALL']
        GilgameshTrace3CD | CD% | Stacks: 1 | Value: 0.200 | Remaining Turns: 1 | TickDown: SUP2, PERM | Target: SUP2 | Affects: ['ALL']
        MasterSmithHP | HP% | Stacks: 1 | Value: 0.120 | Remaining Turns: 1 | TickDown: SUP2, PERM | Target: SUP2 | Affects: ['ALL']
        LushakaERR | ERR% | Stacks: 1 | Value: 0.050 | Remaining Turns: 1 | TickDown: SUP2, PERM | Target: SUP2 | Affects: ['ALL']
        MortenaxBladeTraceCR | CR% | Stacks: 1 | Value: 0.120 | Remaining Turns: 1 | TickDown: SUP2, PERM | Target: SUP2 | Affects: ['ALL']
        MortenaxBladeTraceHP | HP% | Stacks: 1 | Value: 0.100 | Remaining Turns: 1 | TickDown: SUP2, PERM | Target: SUP2 | Affects: ['ALL']
        MortenaxBladeTraceDMG | DMG% | Stacks: 1 | Value: 0.224 | Remaining Turns: 1 | TickDown: SUP2, PERM | Target: SUP2 | Affects: ['ALL']
        KeelCD(SUS) | CD% | Stacks: 1 | Value: 0.100 | Remaining Turns: 1 | TickDown: SUP2, PERM | Target: SUP2 | Affects: ['ALL']
        MasterSmithCD | CD% | Stacks: 1 | Value: 0.280 | Remaining Turns: 1 | TickDown: SUP2, PERM | Target: SUP2 | Affects: ['ALL']
        MasterSmithComburent | DMG% | Stacks: 1 | Value: 0.150 | Remaining Turns: 1 | TickDown: SUP2, END | Target: SUP2 | Affects: ['ALL']
        MortenaxBladeCRBoost | CR% | Stacks: 1 | Value: 0.200 | Remaining Turns: 1 | TickDown: SUP2, PERM | Target: SUP2 | Affects: ['ALL']
        MortenaxBladeCDBoost | CD% | Stacks: 1 | Value: 0.600 | Remaining Turns: 1 | TickDown: SUP2, PERM | Target: SUP2 | Affects: ['ALL']
        MortenaxBladeDMGReduction | DMG_REDUCTION | Stacks: 1 | Value: 0.500 | Remaining Turns: 1 | TickDown: SUP2, PERM | Target: SUP2 | Affects: ['ALL']
        MortenaxBladeDMGBoost | DMG% | Stacks: 1 | Value: 0.500 | Remaining Turns: 1 | TickDown: SUP2, PERM | Target: SUP2 | Affects: ['ALL']
        MortenaxBladeDMG | DMG% | Stacks: 1 | Value: 0.750 | Remaining Turns: 1 | TickDown: SUP2, PERM | Target: SUP2 | Affects: ['ALL']
        WarriorGoddessHealCD | CD% | Stacks: 1 | Value: 0.150 | Remaining Turns: 2 | TickDown: SUP2, START | Target: SUP2 | Affects: ['ALL']
        HuoHuoUltATK | ATK% | Stacks: 1 | Value: 0.400 | Remaining Turns: 2 | TickDown: SUP2, END | Target: SUP2 | Affects: ['ALL']
        HuoHuoUltExtraATK | ATK% | Stacks: 1 | Value: 0.240 | Remaining Turns: 2 | TickDown: SUP2, END | Target: SUP2 | Affects: ['ALL']
        ----------End of Buff List----------

        ----------Enemy Debuffs----------
        MortenaxBladeUltVul | From: SUP2 | VULN | Stacks: 1 | Value: 0.500 | Remaining Turns: 2 | Target: 1 | Targeting: ST | Affects: ['ALL'] | DOT: False | Blast: False
        MortenaxBladeUltShred | From: SUP2 | SHRED | Stacks: 1 | Value: 0.300 | Remaining Turns: 2 | Target: 1 | Targeting: ST | Affects: ['ALL'] | DOT: False | Blast: False
        ResoShred(SUP2) | From: SUP2 | SHRED | Stacks: 1 | Value: 0.160 | Remaining Turns: 1 | Target: 1 | Targeting: AOE | Affects: ['ALL'] | DOT: False | Blast: False
        ----------End of Debuff List----------
        ----------Healing List----------
        ----------End of Healing List----------
    GAUGE  - Enemy 1 toughness reduced by 0.000
    RESULT - MortenaxBladeUlt | MortenaxBlade | SUP2 | DMG: 0.000 | ELADMG: 0.000 | Enemies Hit: [1] | Enemies Broken: [] | WB DMG: 0.000 | Energy: 6.222 | Amount HP Healed: 0.000 | Amount HP Lost: 0.000 | MortenaxBlade Energy: 19/160 | SP: 4 | MaxSP: 5)
Saber got 3 Core Resonance from Talent, Current Count: 23
Gilgamesh Obtained 2 Interest from Teammate Ult, Current count: 15
Gilgamesh Obtained 48.0 Energy from Teammate
Gilgamesh Obtained 1 Interest from Teammate, Current count: 16
    TURN   - HuoHuoAllyERR | HuoHuo | SUS | NA attack | ['WIN'] | ['SPECIAL'] | Scaling: HP | TargetID: 1 | DMG/BREAK Splits: [0, 0]/[0, 0] | Energy Gained: 1 | SP Change: 0

        ----------Char Buffs----------
        GilgameshTrace3ATK | ATK% | Stacks: 1 | Value: 0.200 | Remaining Turns: 1 | TickDown: SUS, PERM | Target: SUS | Affects: ['ALL']
        GilgameshTrace3CD | CD% | Stacks: 1 | Value: 0.200 | Remaining Turns: 1 | TickDown: SUS, PERM | Target: SUS | Affects: ['ALL']
        PostOpERR | ERR% | Stacks: 1 | Value: 0.160 | Remaining Turns: 1 | TickDown: SUS, PERM | Target: SUS | Affects: ['ALL']
        WarriorGoddessSPD | SPD% | Stacks: 1 | Value: 0.060 | Remaining Turns: 1 | TickDown: SUS, PERM | Target: SUS | Affects: ['ALL']
        KeelEFFRES | ERS% | Stacks: 1 | Value: 0.100 | Remaining Turns: 1 | TickDown: SUS, PERM | Target: SUS | Affects: ['ALL']
        KeelCD(SUS) | CD% | Stacks: 1 | Value: 0.100 | Remaining Turns: 1 | TickDown: SUS, PERM | Target: SUS | Affects: ['ALL']
        HHTraceHP | HP% | Stacks: 1 | Value: 0.280 | Remaining Turns: 1 | TickDown: SUS, PERM | Target: SUS | Affects: ['ALL']
        HHTraceERS | ERS% | Stacks: 1 | Value: 0.180 | Remaining Turns: 1 | TickDown: SUS, PERM | Target: SUS | Affects: ['ALL']
        HHTraceSPD | SPD | Stacks: 1 | Value: 5.000 | Remaining Turns: 1 | TickDown: SUS, PERM | Target: SUS | Affects: ['ALL']
        MasterSmithComburent | DMG% | Stacks: 1 | Value: 0.150 | Remaining Turns: 2 | TickDown: SUS, END | Target: SUS | Affects: ['ALL']
        MortenaxBladeDMGBoost | DMG% | Stacks: 1 | Value: 0.500 | Remaining Turns: 1 | TickDown: SUS, PERM | Target: SUS | Affects: ['ALL']
        WarriorGoddessHealSPD | SPD% | Stacks: 1 | Value: 0.060 | Remaining Turns: 2 | TickDown: SUS, START | Target: SUS | Affects: ['ALL']
        WarriorGoddessHealCD | CD% | Stacks: 1 | Value: 0.150 | Remaining Turns: 2 | TickDown: SUS, START | Target: SUS | Affects: ['ALL']
        ----------End of Buff List----------

        ----------Enemy Debuffs----------
        MortenaxBladeUltVul | From: SUP2 | VULN | Stacks: 1 | Value: 0.500 | Remaining Turns: 2 | Target: 1 | Targeting: ST | Affects: ['ALL'] | DOT: False | Blast: False
        MortenaxBladeUltShred | From: SUP2 | SHRED | Stacks: 1 | Value: 0.300 | Remaining Turns: 2 | Target: 1 | Targeting: ST | Affects: ['ALL'] | DOT: False | Blast: False
        ResoShred(SUP2) | From: SUP2 | SHRED | Stacks: 1 | Value: 0.160 | Remaining Turns: 1 | Target: 1 | Targeting: AOE | Affects: ['ALL'] | DOT: False | Blast: False
        ----------End of Debuff List----------
        ----------Healing List----------
        HuoHuoTalentHealingScaling | Targeting: Targeting.SINGLE | Healing Value: [0] | Target: ALL
        HuoHuoTalentHealingScaling | Targeting: Targeting.SINGLE | Healing Value: [0] | Target: ALL
        HuoHuoTalentHealingScaling | Targeting: Targeting.SINGLE | Healing Value: [0.045] | Target: ALL
        HuoHuoTalentHealingScaling | Targeting: Targeting.SINGLE | Healing Value: [0] | Target: ALL
        HuoHuoTalentHealingFlat | Targeting: Targeting.SINGLE | Healing Value: [0] | Target: ALL
        HuoHuoTalentHealingFlat | Targeting: Targeting.SINGLE | Healing Value: [0] | Target: ALL
        HuoHuoTalentHealingFlat | Targeting: Targeting.SINGLE | Healing Value: [120] | Target: ALL
        HuoHuoTalentHealingFlat | Targeting: Targeting.SINGLE | Healing Value: [0] | Target: ALL
        ----------End of Healing List----------
    GAUGE  - Enemy 1 toughness reduced by 0.000
    RESULT - HuoHuoAllyERR | HuoHuo | SUS | DMG: 0.000 | ELADMG: 0.000 | Enemies Hit: [1] | Enemies Broken: [] | WB DMG: 0.000 | Energy: 1.354 | Amount HP Healed: 371.779 | Amount HP Lost: 0.000 | HuoHuo Energy: 11/140 | SP: 4 | MaxSP: 5)
ERR    > 48.000 energy added to Gilgamesh from GilgameshTrace1ERRAlly2 | Gilgamesh Energy: 53.000
SPD    > Gilgamesh speed changed to 281.832 | NewAV: 15.573
SPD    > HuoHuo speed changed to 160.492 | NewAV: 0.000
AV     > HuoHuo AV reset to 62.308 | 160.492 SPD

<<< NEW TURN >>>
-   Saber AV: 0.000 ENERGY: 100.667 MaxHP: 3366.991 CurrHp 3366.991 ShieldHP: 0.000
-   MortenaxBlade AV: 8.258 ENERGY: 18.962 MaxHP: 4779.283 CurrHp 1837.835 ShieldHP: 0.000
-   Enemy 1 AV: 14.441 ENERGY: 0.000 MaxHP: 5000000.000 CurrHp 1578241.979 ShieldHP: 0.000
-   Gilgamesh AV: 15.573 ENERGY: 53.000 MaxHP: 3134.558 CurrHp 2421.912 ShieldHP: 0.000
-   Enemy 2 AV: 37.508 ENERGY: 0.000 MaxHP: 2000000.000 CurrHp 694277.948 ShieldHP: 0.000
-   Enemy 0 AV: 37.508 ENERGY: 0.000 MaxHP: 2000000.000 CurrHp 694277.948 ShieldHP: 0.000
-   HuoHuo AV: 62.308 ENERGY: 10.835 MaxHP: 6139.808 CurrHp 5814.542 ShieldHP: 0.000
-   InfiniteFury AV: 142.857 ENERGY: 0.000 MaxHP: 0.000 CurrHp 0.000 ShieldHP: 0.000

Combat context set: 3 enemies, 4 players
Combat context initialized: 3 enemies, Elation team size: 0
ACTION > [CHAR] TotalAV: 443.261 | TurnAV: 0.000 | Saber | A-move
Saber got 2 Core Resonance from Enhanced basic, Current Count: 25
    TURN   - SaberEnhancedBasic | Saber | DPS | AOE attack | ['WIN'] | ['BSC'] | Scaling: ATK | TargetID: 1 | DMG/BREAK Splits: [1.5, 0]/[20, 0] | Energy Gained: 30 | SP Change: 1

        ----------Char Buffs----------
        ThanklessCoronationCD | CR% | Stacks: 1 | Value: 0.360 | Remaining Turns: 1 | TickDown: DPS, PERM | Target: DPS | Affects: ['ALL']
        ScholarCR | CR% | Stacks: 1 | Value: 0.080 | Remaining Turns: 1 | TickDown: DPS, PERM | Target: DPS | Affects: ['ALL']
        SaberTraceHP | HP% | Stacks: 1 | Value: 0.100 | Remaining Turns: 1 | TickDown: DPS, PERM | Target: DPS | Affects: ['ALL']
        SaberTraceCR | CR% | Stacks: 1 | Value: 0.120 | Remaining Turns: 1 | TickDown: DPS, PERM | Target: DPS | Affects: ['ALL']
        SaberTraceDMG | DMG% | Stacks: 1 | Value: 0.224 | Remaining Turns: 1 | TickDown: DPS, PERM | Target: DPS | Affects: ['ALL']
        SaberTrace1CR | CR% | Stacks: 1 | Value: 0.200 | Remaining Turns: 1 | TickDown: DPS, PERM | Target: DPS | Affects: ['ALL']
        GilgameshTrace3ATK | ATK% | Stacks: 1 | Value: 0.200 | Remaining Turns: 1 | TickDown: DPS, PERM | Target: DPS | Affects: ['ALL']
        GilgameshTrace3CD | CD% | Stacks: 1 | Value: 0.200 | Remaining Turns: 1 | TickDown: DPS, PERM | Target: DPS | Affects: ['ALL']
        LushakaATK(SUP2) | ATK% | Stacks: 1 | Value: 0.120 | Remaining Turns: 1 | TickDown: DPS, PERM | Target: DPS | Affects: ['ALL']
        KeelCD(SUS) | CD% | Stacks: 1 | Value: 0.100 | Remaining Turns: 1 | TickDown: DPS, PERM | Target: DPS | Affects: ['ALL']
        CosmicLifeDMG | DMG% | Stacks: 1 | Value: 0.320 | Remaining Turns: 1 | TickDown: DPS, PERM | Target: DPS | Affects: ['ALL']
        Trace3CDExtra | CD% | Stacks: 1 | Value: 0.320 | Remaining Turns: 1 | TickDown: DPS, PERM | Target: DPS | Affects: ['ALL']
        MasterSmithComburent | DMG% | Stacks: 1 | Value: 0.150 | Remaining Turns: 2 | TickDown: DPS, END | Target: DPS | Affects: ['ALL']
        MortenaxBladeDMGBoost | DMG% | Stacks: 1 | Value: 0.500 | Remaining Turns: 1 | TickDown: DPS, PERM | Target: DPS | Affects: ['ALL']
        GilgameshTrace3AllyATK | ATK% | Stacks: 1 | Value: 1.000 | Remaining Turns: 1 | TickDown: DPS, PERM | Target: DPS | Affects: ['ALL']
        GilgameshTrace3AllyCD | CD% | Stacks: 1 | Value: 1.000 | Remaining Turns: 1 | TickDown: DPS, PERM | Target: DPS | Affects: ['ALL']
        Trace3CD | CD% | Stacks: 1 | Value: 0.500 | Remaining Turns: 1 | TickDown: DPS, END | Target: DPS | Affects: ['ALL']
        WarriorGoddessHealCD | CD% | Stacks: 1 | Value: 0.150 | Remaining Turns: 1 | TickDown: DPS, START | Target: DPS | Affects: ['ALL']
        HuoHuoUltATK | ATK% | Stacks: 1 | Value: 0.400 | Remaining Turns: 2 | TickDown: DPS, END | Target: DPS | Affects: ['ALL']
        HuoHuoUltExtraATK | ATK% | Stacks: 1 | Value: 0.240 | Remaining Turns: 2 | TickDown: DPS, END | Target: DPS | Affects: ['ALL']
        TalentDMG | DMG% | Stacks: 1 | Value: 0.600 | Remaining Turns: 2 | TickDown: DPS, END | Target: DPS | Affects: ['ALL']
        ThanklessCoronationATK | ATK% | Stacks: 1 | Value: 0.400 | Remaining Turns: 2 | TickDown: DPS, END | Target: DPS | Affects: ['ALL']
        ThanklessCoronationATKExtra | ATK% | Stacks: 1 | Value: 0.400 | Remaining Turns: 2 | TickDown: DPS, END | Target: DPS | Affects: ['ALL']
        ----------End of Buff List----------

        ----------Enemy Debuffs----------
        MortenaxBladeUltVul | From: SUP2 | VULN | Stacks: 1 | Value: 0.500 | Remaining Turns: 2 | Target: 1 | Targeting: ST | Affects: ['ALL'] | DOT: False | Blast: False
        MortenaxBladeUltShred | From: SUP2 | SHRED | Stacks: 1 | Value: 0.300 | Remaining Turns: 2 | Target: 1 | Targeting: ST | Affects: ['ALL'] | DOT: False | Blast: False
        ResoShred(SUP2) | From: SUP2 | SHRED | Stacks: 1 | Value: 0.160 | Remaining Turns: 1 | Target: 1 | Targeting: AOE | Affects: ['ALL'] | DOT: False | Blast: False
        ----------End of Debuff List----------
        ----------Healing List----------
        ----------End of Healing List----------
    GAUGE  - Enemy 0 toughness reduced by 20.000
    GAUGE  - Enemy 1 toughness reduced by 20.000
    GAUGE  - Enemy 2 toughness reduced by 20.000
    RESULT - SaberEnhancedBasic | Saber | DPS | DMG: 306600.653 | ELADMG: 0.000 | Enemies Hit: [0, 1, 2] | Enemies Broken: [] | WB DMG: 0.000 | Energy: 30.000 | Amount HP Healed: 0.000 | Amount HP Lost: 0.000 | Saber Energy: 131/360 | SP: 5 | MaxSP: 5)
Gilgamesh Obtained 1 Interest from Teammate, Current count: 17
Gilgamesh JointCounter increased by one, current count: 3
MortenaxBlade has obtained 1 Charge. Current Charge count: 4.
    TURN   - HuoHuoAllyERR | HuoHuo | SUS | NA attack | ['WIN'] | ['SPECIAL'] | Scaling: HP | TargetID: 1 | DMG/BREAK Splits: [0, 0]/[0, 0] | Energy Gained: 1 | SP Change: 0

        ----------Char Buffs----------
        GilgameshTrace3ATK | ATK% | Stacks: 1 | Value: 0.200 | Remaining Turns: 1 | TickDown: SUS, PERM | Target: SUS | Affects: ['ALL']
        GilgameshTrace3CD | CD% | Stacks: 1 | Value: 0.200 | Remaining Turns: 1 | TickDown: SUS, PERM | Target: SUS | Affects: ['ALL']
        PostOpERR | ERR% | Stacks: 1 | Value: 0.160 | Remaining Turns: 1 | TickDown: SUS, PERM | Target: SUS | Affects: ['ALL']
        WarriorGoddessSPD | SPD% | Stacks: 1 | Value: 0.060 | Remaining Turns: 1 | TickDown: SUS, PERM | Target: SUS | Affects: ['ALL']
        KeelEFFRES | ERS% | Stacks: 1 | Value: 0.100 | Remaining Turns: 1 | TickDown: SUS, PERM | Target: SUS | Affects: ['ALL']
        KeelCD(SUS) | CD% | Stacks: 1 | Value: 0.100 | Remaining Turns: 1 | TickDown: SUS, PERM | Target: SUS | Affects: ['ALL']
        HHTraceHP | HP% | Stacks: 1 | Value: 0.280 | Remaining Turns: 1 | TickDown: SUS, PERM | Target: SUS | Affects: ['ALL']
        HHTraceERS | ERS% | Stacks: 1 | Value: 0.180 | Remaining Turns: 1 | TickDown: SUS, PERM | Target: SUS | Affects: ['ALL']
        HHTraceSPD | SPD | Stacks: 1 | Value: 5.000 | Remaining Turns: 1 | TickDown: SUS, PERM | Target: SUS | Affects: ['ALL']
        MasterSmithComburent | DMG% | Stacks: 1 | Value: 0.150 | Remaining Turns: 2 | TickDown: SUS, END | Target: SUS | Affects: ['ALL']
        MortenaxBladeDMGBoost | DMG% | Stacks: 1 | Value: 0.500 | Remaining Turns: 1 | TickDown: SUS, PERM | Target: SUS | Affects: ['ALL']
        WarriorGoddessHealSPD | SPD% | Stacks: 1 | Value: 0.060 | Remaining Turns: 2 | TickDown: SUS, START | Target: SUS | Affects: ['ALL']
        WarriorGoddessHealCD | CD% | Stacks: 1 | Value: 0.150 | Remaining Turns: 2 | TickDown: SUS, START | Target: SUS | Affects: ['ALL']
        ----------End of Buff List----------

        ----------Enemy Debuffs----------
        MortenaxBladeUltVul | From: SUP2 | VULN | Stacks: 1 | Value: 0.500 | Remaining Turns: 2 | Target: 1 | Targeting: ST | Affects: ['ALL'] | DOT: False | Blast: False
        MortenaxBladeUltShred | From: SUP2 | SHRED | Stacks: 1 | Value: 0.300 | Remaining Turns: 2 | Target: 1 | Targeting: ST | Affects: ['ALL'] | DOT: False | Blast: False
        ResoShred(SUP2) | From: SUP2 | SHRED | Stacks: 1 | Value: 0.160 | Remaining Turns: 1 | Target: 1 | Targeting: AOE | Affects: ['ALL'] | DOT: False | Blast: False
        ----------End of Debuff List----------
        ----------Healing List----------
        HuoHuoTalentHealingScaling | Targeting: Targeting.SINGLE | Healing Value: [0] | Target: ALL
        HuoHuoTalentHealingScaling | Targeting: Targeting.SINGLE | Healing Value: [0] | Target: ALL
        HuoHuoTalentHealingScaling | Targeting: Targeting.SINGLE | Healing Value: [0.045] | Target: ALL
        HuoHuoTalentHealingScaling | Targeting: Targeting.SINGLE | Healing Value: [0] | Target: ALL
        HuoHuoTalentHealingFlat | Targeting: Targeting.SINGLE | Healing Value: [0] | Target: ALL
        HuoHuoTalentHealingFlat | Targeting: Targeting.SINGLE | Healing Value: [0] | Target: ALL
        HuoHuoTalentHealingFlat | Targeting: Targeting.SINGLE | Healing Value: [120] | Target: ALL
        HuoHuoTalentHealingFlat | Targeting: Targeting.SINGLE | Healing Value: [0] | Target: ALL
        ----------End of Healing List----------
    GAUGE  - Enemy 1 toughness reduced by 0.000
    RESULT - HuoHuoAllyERR | HuoHuo | SUS | DMG: 0.000 | ELADMG: 0.000 | Enemies Hit: [1] | Enemies Broken: [] | WB DMG: 0.000 | Energy: 1.354 | Amount HP Healed: 371.779 | Amount HP Lost: 0.000 | HuoHuo Energy: 12/140 | SP: 5 | MaxSP: 5)
        Buff Trace3CD expired
SPD    > Gilgamesh speed changed to 291.532 | NewAV: 15.055
AV     > Saber AV reset to 76.551 | 130.632 SPD

<<< NEW TURN >>>
-   MortenaxBlade AV: 0.000 ENERGY: 18.962 MaxHP: 4779.283 CurrHp 2209.614 ShieldHP: 0.000
-   Enemy 1 AV: 6.182 ENERGY: 0.000 MaxHP: 5000000.000 CurrHp 1476041.761 ShieldHP: 0.000
-   Gilgamesh AV: 6.797 ENERGY: 53.000 MaxHP: 3134.558 CurrHp 2421.912 ShieldHP: 0.000
-   Enemy 2 AV: 29.250 ENERGY: 0.000 MaxHP: 2000000.000 CurrHp 592077.731 ShieldHP: 0.000
-   Enemy 0 AV: 29.250 ENERGY: 0.000 MaxHP: 2000000.000 CurrHp 592077.731 ShieldHP: 0.000
-   HuoHuo AV: 54.050 ENERGY: 12.190 MaxHP: 6139.808 CurrHp 5814.542 ShieldHP: 0.000
-   Saber AV: 68.293 ENERGY: 130.667 MaxHP: 3366.991 CurrHp 3366.991 ShieldHP: 0.000
-   InfiniteFury AV: 134.599 ENERGY: 0.000 MaxHP: 0.000 CurrHp 0.000 ShieldHP: 0.000

Combat context set: 3 enemies, 4 players
Combat context initialized: 3 enemies, Elation team size: 0
ACTION > [CHAR] TotalAV: 451.520 | TurnAV: 8.258 | MortenaxBlade | E-move
MortenaxBlade has obtained 1 Charge. Current Charge count: 5.
    TURN   - MortenaxBladeAOESkill | MortenaxBlade | SUP2 | AOE attack | ['FIR'] | ['SKL'] | Scaling: HP | TargetID: 1 | DMG/BREAK Splits: [0.72, 0]/[10, 0] | Energy Gained: 30 | SP Change: 0

        ----------Char Buffs----------
        GilgameshTrace3ATK | ATK% | Stacks: 1 | Value: 0.200 | Remaining Turns: 1 | TickDown: SUP2, PERM | Target: SUP2 | Affects: ['ALL']
        GilgameshTrace3CD | CD% | Stacks: 1 | Value: 0.200 | Remaining Turns: 1 | TickDown: SUP2, PERM | Target: SUP2 | Affects: ['ALL']
        MasterSmithHP | HP% | Stacks: 1 | Value: 0.120 | Remaining Turns: 1 | TickDown: SUP2, PERM | Target: SUP2 | Affects: ['ALL']
        LushakaERR | ERR% | Stacks: 1 | Value: 0.050 | Remaining Turns: 1 | TickDown: SUP2, PERM | Target: SUP2 | Affects: ['ALL']
        MortenaxBladeTraceCR | CR% | Stacks: 1 | Value: 0.120 | Remaining Turns: 1 | TickDown: SUP2, PERM | Target: SUP2 | Affects: ['ALL']
        MortenaxBladeTraceHP | HP% | Stacks: 1 | Value: 0.100 | Remaining Turns: 1 | TickDown: SUP2, PERM | Target: SUP2 | Affects: ['ALL']
        MortenaxBladeTraceDMG | DMG% | Stacks: 1 | Value: 0.224 | Remaining Turns: 1 | TickDown: SUP2, PERM | Target: SUP2 | Affects: ['ALL']
        KeelCD(SUS) | CD% | Stacks: 1 | Value: 0.100 | Remaining Turns: 1 | TickDown: SUP2, PERM | Target: SUP2 | Affects: ['ALL']
        MasterSmithCD | CD% | Stacks: 1 | Value: 0.280 | Remaining Turns: 1 | TickDown: SUP2, PERM | Target: SUP2 | Affects: ['ALL']
        MasterSmithComburent | DMG% | Stacks: 1 | Value: 0.150 | Remaining Turns: 2 | TickDown: SUP2, END | Target: SUP2 | Affects: ['ALL']
        MortenaxBladeCRBoost | CR% | Stacks: 1 | Value: 0.200 | Remaining Turns: 1 | TickDown: SUP2, PERM | Target: SUP2 | Affects: ['ALL']
        MortenaxBladeCDBoost | CD% | Stacks: 1 | Value: 0.600 | Remaining Turns: 1 | TickDown: SUP2, PERM | Target: SUP2 | Affects: ['ALL']
        MortenaxBladeDMGReduction | DMG_REDUCTION | Stacks: 1 | Value: 0.500 | Remaining Turns: 1 | TickDown: SUP2, PERM | Target: SUP2 | Affects: ['ALL']
        MortenaxBladeDMGBoost | DMG% | Stacks: 1 | Value: 0.500 | Remaining Turns: 1 | TickDown: SUP2, PERM | Target: SUP2 | Affects: ['ALL']
        MortenaxBladeDMG | DMG% | Stacks: 1 | Value: 0.750 | Remaining Turns: 1 | TickDown: SUP2, PERM | Target: SUP2 | Affects: ['ALL']
        WarriorGoddessHealCD | CD% | Stacks: 1 | Value: 0.150 | Remaining Turns: 1 | TickDown: SUP2, START | Target: SUP2 | Affects: ['ALL']
        HuoHuoUltATK | ATK% | Stacks: 1 | Value: 0.400 | Remaining Turns: 2 | TickDown: SUP2, END | Target: SUP2 | Affects: ['ALL']
        HuoHuoUltExtraATK | ATK% | Stacks: 1 | Value: 0.240 | Remaining Turns: 2 | TickDown: SUP2, END | Target: SUP2 | Affects: ['ALL']
        ----------End of Buff List----------

        ----------Enemy Debuffs----------
        MortenaxBladeUltVul | From: SUP2 | VULN | Stacks: 1 | Value: 0.500 | Remaining Turns: 2 | Target: 1 | Targeting: ST | Affects: ['ALL'] | DOT: False | Blast: False
        MortenaxBladeUltShred | From: SUP2 | SHRED | Stacks: 1 | Value: 0.300 | Remaining Turns: 2 | Target: 1 | Targeting: ST | Affects: ['ALL'] | DOT: False | Blast: False
        ResoShred(SUP2) | From: SUP2 | SHRED | Stacks: 1 | Value: 0.160 | Remaining Turns: 1 | Target: 1 | Targeting: AOE | Affects: ['ALL'] | DOT: False | Blast: False
        ----------End of Debuff List----------
        ----------Healing List----------
        ----------End of Healing List----------
    GAUGE  - Enemy 0 toughness reduced by 0.000
    GAUGE  - Enemy 1 toughness reduced by 0.000
    GAUGE  - Enemy 2 toughness reduced by 0.000
    RESULT - MortenaxBladeAOESkill | MortenaxBlade | SUP2 | DMG: 41291.203 | ELADMG: 0.000 | Enemies Hit: [0, 1, 2] | Enemies Broken: [] | WB DMG: 0.000 | Energy: 37.332 | Amount HP Healed: 0.000 | Amount HP Lost: 0.000 | MortenaxBlade Energy: 56/160 | SP: 5 | MaxSP: 5)
Gilgamesh Obtained 1 Interest from Teammate, Current count: 18
    TURN   - MortenaxBladeBounceSkill | MortenaxBlade | SUP2 | ST attack | ['FIR'] | ['SKL'] | Scaling: HP | TargetID: 1 | DMG/BREAK Splits: [0.24, 0]/[5, 0] | Energy Gained: 0 | SP Change: 0

        ----------Char Buffs----------
        GilgameshTrace3ATK | ATK% | Stacks: 1 | Value: 0.200 | Remaining Turns: 1 | TickDown: SUP2, PERM | Target: SUP2 | Affects: ['ALL']
        GilgameshTrace3CD | CD% | Stacks: 1 | Value: 0.200 | Remaining Turns: 1 | TickDown: SUP2, PERM | Target: SUP2 | Affects: ['ALL']
        MasterSmithHP | HP% | Stacks: 1 | Value: 0.120 | Remaining Turns: 1 | TickDown: SUP2, PERM | Target: SUP2 | Affects: ['ALL']
        LushakaERR | ERR% | Stacks: 1 | Value: 0.050 | Remaining Turns: 1 | TickDown: SUP2, PERM | Target: SUP2 | Affects: ['ALL']
        MortenaxBladeTraceCR | CR% | Stacks: 1 | Value: 0.120 | Remaining Turns: 1 | TickDown: SUP2, PERM | Target: SUP2 | Affects: ['ALL']
        MortenaxBladeTraceHP | HP% | Stacks: 1 | Value: 0.100 | Remaining Turns: 1 | TickDown: SUP2, PERM | Target: SUP2 | Affects: ['ALL']
        MortenaxBladeTraceDMG | DMG% | Stacks: 1 | Value: 0.224 | Remaining Turns: 1 | TickDown: SUP2, PERM | Target: SUP2 | Affects: ['ALL']
        KeelCD(SUS) | CD% | Stacks: 1 | Value: 0.100 | Remaining Turns: 1 | TickDown: SUP2, PERM | Target: SUP2 | Affects: ['ALL']
        MasterSmithCD | CD% | Stacks: 1 | Value: 0.280 | Remaining Turns: 1 | TickDown: SUP2, PERM | Target: SUP2 | Affects: ['ALL']
        MasterSmithComburent | DMG% | Stacks: 1 | Value: 0.150 | Remaining Turns: 2 | TickDown: SUP2, END | Target: SUP2 | Affects: ['ALL']
        MortenaxBladeCRBoost | CR% | Stacks: 1 | Value: 0.200 | Remaining Turns: 1 | TickDown: SUP2, PERM | Target: SUP2 | Affects: ['ALL']
        MortenaxBladeCDBoost | CD% | Stacks: 1 | Value: 0.600 | Remaining Turns: 1 | TickDown: SUP2, PERM | Target: SUP2 | Affects: ['ALL']
        MortenaxBladeDMGReduction | DMG_REDUCTION | Stacks: 1 | Value: 0.500 | Remaining Turns: 1 | TickDown: SUP2, PERM | Target: SUP2 | Affects: ['ALL']
        MortenaxBladeDMGBoost | DMG% | Stacks: 1 | Value: 0.500 | Remaining Turns: 1 | TickDown: SUP2, PERM | Target: SUP2 | Affects: ['ALL']
        MortenaxBladeDMG | DMG% | Stacks: 1 | Value: 0.750 | Remaining Turns: 1 | TickDown: SUP2, PERM | Target: SUP2 | Affects: ['ALL']
        WarriorGoddessHealCD | CD% | Stacks: 1 | Value: 0.150 | Remaining Turns: 1 | TickDown: SUP2, START | Target: SUP2 | Affects: ['ALL']
        HuoHuoUltATK | ATK% | Stacks: 1 | Value: 0.400 | Remaining Turns: 2 | TickDown: SUP2, END | Target: SUP2 | Affects: ['ALL']
        HuoHuoUltExtraATK | ATK% | Stacks: 1 | Value: 0.240 | Remaining Turns: 2 | TickDown: SUP2, END | Target: SUP2 | Affects: ['ALL']
        ----------End of Buff List----------

        ----------Enemy Debuffs----------
        MortenaxBladeUltVul | From: SUP2 | VULN | Stacks: 1 | Value: 0.500 | Remaining Turns: 2 | Target: 1 | Targeting: ST | Affects: ['ALL'] | DOT: False | Blast: False
        MortenaxBladeUltShred | From: SUP2 | SHRED | Stacks: 1 | Value: 0.300 | Remaining Turns: 2 | Target: 1 | Targeting: ST | Affects: ['ALL'] | DOT: False | Blast: False
        ResoShred(SUP2) | From: SUP2 | SHRED | Stacks: 1 | Value: 0.160 | Remaining Turns: 1 | Target: 1 | Targeting: AOE | Affects: ['ALL'] | DOT: False | Blast: False
        ----------End of Debuff List----------
        ----------Healing List----------
        HuoHuoTalentHealingScaling | Targeting: Targeting.SINGLE | Healing Value: [0] | Target: ALL
        HuoHuoTalentHealingScaling | Targeting: Targeting.SINGLE | Healing Value: [0] | Target: ALL
        HuoHuoTalentHealingScaling | Targeting: Targeting.SINGLE | Healing Value: [0.045] | Target: ALL
        HuoHuoTalentHealingScaling | Targeting: Targeting.SINGLE | Healing Value: [0] | Target: ALL
        HuoHuoTalentHealingFlat | Targeting: Targeting.SINGLE | Healing Value: [0] | Target: ALL
        HuoHuoTalentHealingFlat | Targeting: Targeting.SINGLE | Healing Value: [0] | Target: ALL
        HuoHuoTalentHealingFlat | Targeting: Targeting.SINGLE | Healing Value: [120] | Target: ALL
        HuoHuoTalentHealingFlat | Targeting: Targeting.SINGLE | Healing Value: [0] | Target: ALL
        ----------End of Healing List----------
    GAUGE  - Enemy 1 toughness reduced by 0.000
    RESULT - MortenaxBladeBounceSkill | MortenaxBlade | SUP2 | DMG: 4587.911 | ELADMG: 0.000 | Enemies Hit: [1] | Enemies Broken: [] | WB DMG: 0.000 | Energy: 0.000 | Amount HP Healed: 371.779 | Amount HP Lost: 0.000 | MortenaxBlade Energy: 56/160 | SP: 5 | MaxSP: 5)
    TURN   - MortenaxBladeBounceSkill | MortenaxBlade | SUP2 | ST attack | ['FIR'] | ['SKL'] | Scaling: HP | TargetID: 1 | DMG/BREAK Splits: [0.24, 0]/[5, 0] | Energy Gained: 0 | SP Change: 0

        ----------Char Buffs----------
        GilgameshTrace3ATK | ATK% | Stacks: 1 | Value: 0.200 | Remaining Turns: 1 | TickDown: SUP2, PERM | Target: SUP2 | Affects: ['ALL']
        GilgameshTrace3CD | CD% | Stacks: 1 | Value: 0.200 | Remaining Turns: 1 | TickDown: SUP2, PERM | Target: SUP2 | Affects: ['ALL']
        MasterSmithHP | HP% | Stacks: 1 | Value: 0.120 | Remaining Turns: 1 | TickDown: SUP2, PERM | Target: SUP2 | Affects: ['ALL']
        LushakaERR | ERR% | Stacks: 1 | Value: 0.050 | Remaining Turns: 1 | TickDown: SUP2, PERM | Target: SUP2 | Affects: ['ALL']
        MortenaxBladeTraceCR | CR% | Stacks: 1 | Value: 0.120 | Remaining Turns: 1 | TickDown: SUP2, PERM | Target: SUP2 | Affects: ['ALL']
        MortenaxBladeTraceHP | HP% | Stacks: 1 | Value: 0.100 | Remaining Turns: 1 | TickDown: SUP2, PERM | Target: SUP2 | Affects: ['ALL']
        MortenaxBladeTraceDMG | DMG% | Stacks: 1 | Value: 0.224 | Remaining Turns: 1 | TickDown: SUP2, PERM | Target: SUP2 | Affects: ['ALL']
        KeelCD(SUS) | CD% | Stacks: 1 | Value: 0.100 | Remaining Turns: 1 | TickDown: SUP2, PERM | Target: SUP2 | Affects: ['ALL']
        MasterSmithCD | CD% | Stacks: 1 | Value: 0.280 | Remaining Turns: 1 | TickDown: SUP2, PERM | Target: SUP2 | Affects: ['ALL']
        MasterSmithComburent | DMG% | Stacks: 1 | Value: 0.150 | Remaining Turns: 2 | TickDown: SUP2, END | Target: SUP2 | Affects: ['ALL']
        MortenaxBladeCRBoost | CR% | Stacks: 1 | Value: 0.200 | Remaining Turns: 1 | TickDown: SUP2, PERM | Target: SUP2 | Affects: ['ALL']
        MortenaxBladeCDBoost | CD% | Stacks: 1 | Value: 0.600 | Remaining Turns: 1 | TickDown: SUP2, PERM | Target: SUP2 | Affects: ['ALL']
        MortenaxBladeDMGReduction | DMG_REDUCTION | Stacks: 1 | Value: 0.500 | Remaining Turns: 1 | TickDown: SUP2, PERM | Target: SUP2 | Affects: ['ALL']
        MortenaxBladeDMGBoost | DMG% | Stacks: 1 | Value: 0.500 | Remaining Turns: 1 | TickDown: SUP2, PERM | Target: SUP2 | Affects: ['ALL']
        MortenaxBladeDMG | DMG% | Stacks: 1 | Value: 0.750 | Remaining Turns: 1 | TickDown: SUP2, PERM | Target: SUP2 | Affects: ['ALL']
        WarriorGoddessHealCD | CD% | Stacks: 1 | Value: 0.150 | Remaining Turns: 1 | TickDown: SUP2, START | Target: SUP2 | Affects: ['ALL']
        HuoHuoUltATK | ATK% | Stacks: 1 | Value: 0.400 | Remaining Turns: 2 | TickDown: SUP2, END | Target: SUP2 | Affects: ['ALL']
        HuoHuoUltExtraATK | ATK% | Stacks: 1 | Value: 0.240 | Remaining Turns: 2 | TickDown: SUP2, END | Target: SUP2 | Affects: ['ALL']
        ----------End of Buff List----------

        ----------Enemy Debuffs----------
        MortenaxBladeUltVul | From: SUP2 | VULN | Stacks: 1 | Value: 0.500 | Remaining Turns: 2 | Target: 1 | Targeting: ST | Affects: ['ALL'] | DOT: False | Blast: False
        MortenaxBladeUltShred | From: SUP2 | SHRED | Stacks: 1 | Value: 0.300 | Remaining Turns: 2 | Target: 1 | Targeting: ST | Affects: ['ALL'] | DOT: False | Blast: False
        ResoShred(SUP2) | From: SUP2 | SHRED | Stacks: 1 | Value: 0.160 | Remaining Turns: 1 | Target: 1 | Targeting: AOE | Affects: ['ALL'] | DOT: False | Blast: False
        ----------End of Debuff List----------
        ----------Healing List----------
        ----------End of Healing List----------
    GAUGE  - Enemy 1 toughness reduced by 0.000
    RESULT - MortenaxBladeBounceSkill | MortenaxBlade | SUP2 | DMG: 4587.911 | ELADMG: 0.000 | Enemies Hit: [1] | Enemies Broken: [] | WB DMG: 0.000 | Energy: 0.000 | Amount HP Healed: 0.000 | Amount HP Lost: 0.000 | MortenaxBlade Energy: 56/160 | SP: 5 | MaxSP: 5)
    TURN   - MortenaxBladeBounceSkill | MortenaxBlade | SUP2 | ST attack | ['FIR'] | ['SKL'] | Scaling: HP | TargetID: 1 | DMG/BREAK Splits: [0.24, 0]/[5, 0] | Energy Gained: 0 | SP Change: 0

        ----------Char Buffs----------
        GilgameshTrace3ATK | ATK% | Stacks: 1 | Value: 0.200 | Remaining Turns: 1 | TickDown: SUP2, PERM | Target: SUP2 | Affects: ['ALL']
        GilgameshTrace3CD | CD% | Stacks: 1 | Value: 0.200 | Remaining Turns: 1 | TickDown: SUP2, PERM | Target: SUP2 | Affects: ['ALL']
        MasterSmithHP | HP% | Stacks: 1 | Value: 0.120 | Remaining Turns: 1 | TickDown: SUP2, PERM | Target: SUP2 | Affects: ['ALL']
        LushakaERR | ERR% | Stacks: 1 | Value: 0.050 | Remaining Turns: 1 | TickDown: SUP2, PERM | Target: SUP2 | Affects: ['ALL']
        MortenaxBladeTraceCR | CR% | Stacks: 1 | Value: 0.120 | Remaining Turns: 1 | TickDown: SUP2, PERM | Target: SUP2 | Affects: ['ALL']
        MortenaxBladeTraceHP | HP% | Stacks: 1 | Value: 0.100 | Remaining Turns: 1 | TickDown: SUP2, PERM | Target: SUP2 | Affects: ['ALL']
        MortenaxBladeTraceDMG | DMG% | Stacks: 1 | Value: 0.224 | Remaining Turns: 1 | TickDown: SUP2, PERM | Target: SUP2 | Affects: ['ALL']
        KeelCD(SUS) | CD% | Stacks: 1 | Value: 0.100 | Remaining Turns: 1 | TickDown: SUP2, PERM | Target: SUP2 | Affects: ['ALL']
        MasterSmithCD | CD% | Stacks: 1 | Value: 0.280 | Remaining Turns: 1 | TickDown: SUP2, PERM | Target: SUP2 | Affects: ['ALL']
        MasterSmithComburent | DMG% | Stacks: 1 | Value: 0.150 | Remaining Turns: 2 | TickDown: SUP2, END | Target: SUP2 | Affects: ['ALL']
        MortenaxBladeCRBoost | CR% | Stacks: 1 | Value: 0.200 | Remaining Turns: 1 | TickDown: SUP2, PERM | Target: SUP2 | Affects: ['ALL']
        MortenaxBladeCDBoost | CD% | Stacks: 1 | Value: 0.600 | Remaining Turns: 1 | TickDown: SUP2, PERM | Target: SUP2 | Affects: ['ALL']
        MortenaxBladeDMGReduction | DMG_REDUCTION | Stacks: 1 | Value: 0.500 | Remaining Turns: 1 | TickDown: SUP2, PERM | Target: SUP2 | Affects: ['ALL']
        MortenaxBladeDMGBoost | DMG% | Stacks: 1 | Value: 0.500 | Remaining Turns: 1 | TickDown: SUP2, PERM | Target: SUP2 | Affects: ['ALL']
        MortenaxBladeDMG | DMG% | Stacks: 1 | Value: 0.750 | Remaining Turns: 1 | TickDown: SUP2, PERM | Target: SUP2 | Affects: ['ALL']
        WarriorGoddessHealCD | CD% | Stacks: 1 | Value: 0.150 | Remaining Turns: 1 | TickDown: SUP2, START | Target: SUP2 | Affects: ['ALL']
        HuoHuoUltATK | ATK% | Stacks: 1 | Value: 0.400 | Remaining Turns: 2 | TickDown: SUP2, END | Target: SUP2 | Affects: ['ALL']
        HuoHuoUltExtraATK | ATK% | Stacks: 1 | Value: 0.240 | Remaining Turns: 2 | TickDown: SUP2, END | Target: SUP2 | Affects: ['ALL']
        ----------End of Buff List----------

        ----------Enemy Debuffs----------
        MortenaxBladeUltVul | From: SUP2 | VULN | Stacks: 1 | Value: 0.500 | Remaining Turns: 2 | Target: 1 | Targeting: ST | Affects: ['ALL'] | DOT: False | Blast: False
        MortenaxBladeUltShred | From: SUP2 | SHRED | Stacks: 1 | Value: 0.300 | Remaining Turns: 2 | Target: 1 | Targeting: ST | Affects: ['ALL'] | DOT: False | Blast: False
        ResoShred(SUP2) | From: SUP2 | SHRED | Stacks: 1 | Value: 0.160 | Remaining Turns: 1 | Target: 1 | Targeting: AOE | Affects: ['ALL'] | DOT: False | Blast: False
        ----------End of Debuff List----------
        ----------Healing List----------
        ----------End of Healing List----------
    GAUGE  - Enemy 1 toughness reduced by 0.000
    RESULT - MortenaxBladeBounceSkill | MortenaxBlade | SUP2 | DMG: 4587.911 | ELADMG: 0.000 | Enemies Hit: [1] | Enemies Broken: [] | WB DMG: 0.000 | Energy: 0.000 | Amount HP Healed: 0.000 | Amount HP Lost: 0.000 | MortenaxBlade Energy: 56/160 | SP: 5 | MaxSP: 5)
    TURN   - MortenaxBladeBounceSkill | MortenaxBlade | SUP2 | ST attack | ['FIR'] | ['SKL'] | Scaling: HP | TargetID: 1 | DMG/BREAK Splits: [0.24, 0]/[5, 0] | Energy Gained: 0 | SP Change: 0

        ----------Char Buffs----------
        GilgameshTrace3ATK | ATK% | Stacks: 1 | Value: 0.200 | Remaining Turns: 1 | TickDown: SUP2, PERM | Target: SUP2 | Affects: ['ALL']
        GilgameshTrace3CD | CD% | Stacks: 1 | Value: 0.200 | Remaining Turns: 1 | TickDown: SUP2, PERM | Target: SUP2 | Affects: ['ALL']
        MasterSmithHP | HP% | Stacks: 1 | Value: 0.120 | Remaining Turns: 1 | TickDown: SUP2, PERM | Target: SUP2 | Affects: ['ALL']
        LushakaERR | ERR% | Stacks: 1 | Value: 0.050 | Remaining Turns: 1 | TickDown: SUP2, PERM | Target: SUP2 | Affects: ['ALL']
        MortenaxBladeTraceCR | CR% | Stacks: 1 | Value: 0.120 | Remaining Turns: 1 | TickDown: SUP2, PERM | Target: SUP2 | Affects: ['ALL']
        MortenaxBladeTraceHP | HP% | Stacks: 1 | Value: 0.100 | Remaining Turns: 1 | TickDown: SUP2, PERM | Target: SUP2 | Affects: ['ALL']
        MortenaxBladeTraceDMG | DMG% | Stacks: 1 | Value: 0.224 | Remaining Turns: 1 | TickDown: SUP2, PERM | Target: SUP2 | Affects: ['ALL']
        KeelCD(SUS) | CD% | Stacks: 1 | Value: 0.100 | Remaining Turns: 1 | TickDown: SUP2, PERM | Target: SUP2 | Affects: ['ALL']
        MasterSmithCD | CD% | Stacks: 1 | Value: 0.280 | Remaining Turns: 1 | TickDown: SUP2, PERM | Target: SUP2 | Affects: ['ALL']
        MasterSmithComburent | DMG% | Stacks: 1 | Value: 0.150 | Remaining Turns: 2 | TickDown: SUP2, END | Target: SUP2 | Affects: ['ALL']
        MortenaxBladeCRBoost | CR% | Stacks: 1 | Value: 0.200 | Remaining Turns: 1 | TickDown: SUP2, PERM | Target: SUP2 | Affects: ['ALL']
        MortenaxBladeCDBoost | CD% | Stacks: 1 | Value: 0.600 | Remaining Turns: 1 | TickDown: SUP2, PERM | Target: SUP2 | Affects: ['ALL']
        MortenaxBladeDMGReduction | DMG_REDUCTION | Stacks: 1 | Value: 0.500 | Remaining Turns: 1 | TickDown: SUP2, PERM | Target: SUP2 | Affects: ['ALL']
        MortenaxBladeDMGBoost | DMG% | Stacks: 1 | Value: 0.500 | Remaining Turns: 1 | TickDown: SUP2, PERM | Target: SUP2 | Affects: ['ALL']
        MortenaxBladeDMG | DMG% | Stacks: 1 | Value: 0.750 | Remaining Turns: 1 | TickDown: SUP2, PERM | Target: SUP2 | Affects: ['ALL']
        WarriorGoddessHealCD | CD% | Stacks: 1 | Value: 0.150 | Remaining Turns: 1 | TickDown: SUP2, START | Target: SUP2 | Affects: ['ALL']
        HuoHuoUltATK | ATK% | Stacks: 1 | Value: 0.400 | Remaining Turns: 2 | TickDown: SUP2, END | Target: SUP2 | Affects: ['ALL']
        HuoHuoUltExtraATK | ATK% | Stacks: 1 | Value: 0.240 | Remaining Turns: 2 | TickDown: SUP2, END | Target: SUP2 | Affects: ['ALL']
        ----------End of Buff List----------

        ----------Enemy Debuffs----------
        MortenaxBladeUltVul | From: SUP2 | VULN | Stacks: 1 | Value: 0.500 | Remaining Turns: 2 | Target: 1 | Targeting: ST | Affects: ['ALL'] | DOT: False | Blast: False
        MortenaxBladeUltShred | From: SUP2 | SHRED | Stacks: 1 | Value: 0.300 | Remaining Turns: 2 | Target: 1 | Targeting: ST | Affects: ['ALL'] | DOT: False | Blast: False
        ResoShred(SUP2) | From: SUP2 | SHRED | Stacks: 1 | Value: 0.160 | Remaining Turns: 1 | Target: 1 | Targeting: AOE | Affects: ['ALL'] | DOT: False | Blast: False
        ----------End of Debuff List----------
        ----------Healing List----------
        ----------End of Healing List----------
    GAUGE  - Enemy 1 toughness reduced by 0.000
    RESULT - MortenaxBladeBounceSkill | MortenaxBlade | SUP2 | DMG: 4587.911 | ELADMG: 0.000 | Enemies Hit: [1] | Enemies Broken: [] | WB DMG: 0.000 | Energy: 0.000 | Amount HP Healed: 0.000 | Amount HP Lost: 0.000 | MortenaxBlade Energy: 56/160 | SP: 5 | MaxSP: 5)
    TURN   - HuoHuoAllyERR | HuoHuo | SUS | NA attack | ['WIN'] | ['SPECIAL'] | Scaling: HP | TargetID: 1 | DMG/BREAK Splits: [0, 0]/[0, 0] | Energy Gained: 1 | SP Change: 0

        ----------Char Buffs----------
        GilgameshTrace3ATK | ATK% | Stacks: 1 | Value: 0.200 | Remaining Turns: 1 | TickDown: SUS, PERM | Target: SUS | Affects: ['ALL']
        GilgameshTrace3CD | CD% | Stacks: 1 | Value: 0.200 | Remaining Turns: 1 | TickDown: SUS, PERM | Target: SUS | Affects: ['ALL']
        PostOpERR | ERR% | Stacks: 1 | Value: 0.160 | Remaining Turns: 1 | TickDown: SUS, PERM | Target: SUS | Affects: ['ALL']
        WarriorGoddessSPD | SPD% | Stacks: 1 | Value: 0.060 | Remaining Turns: 1 | TickDown: SUS, PERM | Target: SUS | Affects: ['ALL']
        KeelEFFRES | ERS% | Stacks: 1 | Value: 0.100 | Remaining Turns: 1 | TickDown: SUS, PERM | Target: SUS | Affects: ['ALL']
        KeelCD(SUS) | CD% | Stacks: 1 | Value: 0.100 | Remaining Turns: 1 | TickDown: SUS, PERM | Target: SUS | Affects: ['ALL']
        HHTraceHP | HP% | Stacks: 1 | Value: 0.280 | Remaining Turns: 1 | TickDown: SUS, PERM | Target: SUS | Affects: ['ALL']
        HHTraceERS | ERS% | Stacks: 1 | Value: 0.180 | Remaining Turns: 1 | TickDown: SUS, PERM | Target: SUS | Affects: ['ALL']
        HHTraceSPD | SPD | Stacks: 1 | Value: 5.000 | Remaining Turns: 1 | TickDown: SUS, PERM | Target: SUS | Affects: ['ALL']
        MasterSmithComburent | DMG% | Stacks: 1 | Value: 0.150 | Remaining Turns: 2 | TickDown: SUS, END | Target: SUS | Affects: ['ALL']
        MortenaxBladeDMGBoost | DMG% | Stacks: 1 | Value: 0.500 | Remaining Turns: 1 | TickDown: SUS, PERM | Target: SUS | Affects: ['ALL']
        WarriorGoddessHealSPD | SPD% | Stacks: 1 | Value: 0.060 | Remaining Turns: 2 | TickDown: SUS, START | Target: SUS | Affects: ['ALL']
        WarriorGoddessHealCD | CD% | Stacks: 1 | Value: 0.150 | Remaining Turns: 2 | TickDown: SUS, START | Target: SUS | Affects: ['ALL']
        ----------End of Buff List----------

        ----------Enemy Debuffs----------
        MortenaxBladeUltVul | From: SUP2 | VULN | Stacks: 1 | Value: 0.500 | Remaining Turns: 2 | Target: 1 | Targeting: ST | Affects: ['ALL'] | DOT: False | Blast: False
        MortenaxBladeUltShred | From: SUP2 | SHRED | Stacks: 1 | Value: 0.300 | Remaining Turns: 2 | Target: 1 | Targeting: ST | Affects: ['ALL'] | DOT: False | Blast: False
        ResoShred(SUP2) | From: SUP2 | SHRED | Stacks: 1 | Value: 0.160 | Remaining Turns: 1 | Target: 1 | Targeting: AOE | Affects: ['ALL'] | DOT: False | Blast: False
        ----------End of Debuff List----------
        ----------Healing List----------
        ----------End of Healing List----------
    GAUGE  - Enemy 1 toughness reduced by 0.000
    RESULT - HuoHuoAllyERR | HuoHuo | SUS | DMG: 0.000 | ELADMG: 0.000 | Enemies Hit: [1] | Enemies Broken: [] | WB DMG: 0.000 | Energy: 1.354 | Amount HP Healed: 0.000 | Amount HP Lost: 0.000 | HuoHuo Energy: 14/140 | SP: 5 | MaxSP: 5)
SPD    > Gilgamesh speed changed to 301.232 | NewAV: 6.578
AV     > MortenaxBlade AV reset to 64.503 | 155.032 SPD

<<< NEW TURN >>>
-   Enemy 1 AV: 0.000 ENERGY: 0.000 MaxHP: 5000000.000 CurrHp 1443926.381 ShieldHP: 0.000
-   Gilgamesh AV: 0.396 ENERGY: 53.000 MaxHP: 3134.558 CurrHp 2421.912 ShieldHP: 0.000
-   Enemy 2 AV: 23.067 ENERGY: 0.000 MaxHP: 2000000.000 CurrHp 578313.997 ShieldHP: 0.000
-   Enemy 0 AV: 23.067 ENERGY: 0.000 MaxHP: 2000000.000 CurrHp 578313.997 ShieldHP: 0.000
-   HuoHuo AV: 47.868 ENERGY: 13.544 MaxHP: 6139.808 CurrHp 5814.542 ShieldHP: 0.000
-   MortenaxBlade AV: 58.320 ENERGY: 56.294 MaxHP: 4779.283 CurrHp 2103.465 ShieldHP: 0.000
-   Saber AV: 62.110 ENERGY: 130.667 MaxHP: 3366.991 CurrHp 3366.991 ShieldHP: 0.000
-   InfiniteFury AV: 128.416 ENERGY: 0.000 MaxHP: 0.000 CurrHp 0.000 ShieldHP: 0.000

Combat context set: 3 enemies, 4 players
Combat context initialized: 3 enemies, Elation team size: 0
ACTION > [ENEMY] TotalAV: 457.702 | TurnAV: 6.182 | Enemy 1 | 1 attacks
MortenaxBlade has obtained 1 Charge. Current Charge count: 6.
    CharEnergy - Saber: Hit 5.000 Total: 135.667 | Gilgamesh: Hit 1.667 Total: 54.667 | MortenaxBlade: Hit 5.000 Total: 62.516 | HuoHuo: Hit 1.667 Total: 15.801 |
    ENEMY  - Enemy 1 [aoe] dealt 130.5 to MortenaxBlade (energy: 3.3, DEF: 2014, atkMul: 1.00, dmgMul: 1.00) | Shield Absorbed: 0.0 | HP Lost: 130.5 | HP: 1973/4779 | Shield HP: 0
    ENEMY  - Enemy 1 [aoe] dealt 116.0 to Saber (energy: 1.7, DEF: 2409, atkMul: 1.00, dmgMul: 1.00) | Shield Absorbed: 0.0 | HP Lost: 116.0 | HP: 3251/3367 | Shield HP: 0
    ENEMY  - Enemy 1 [aoe] dealt 140.2 to Gilgamesh (energy: 1.7, DEF: 1794, atkMul: 1.00, dmgMul: 1.00) | Shield Absorbed: 0.0 | HP Lost: 140.2 | HP: 2282/3135 | Shield HP: 0
    ENEMY  - Enemy 1 [aoe] dealt 65.2 to MortenaxBlade (energy: 1.7, DEF: 2014, atkMul: 1.00, dmgMul: 1.00) | Shield Absorbed: 0.0 | HP Lost: 65.2 | HP: 1908/4779 | Shield HP: 0
    ENEMY  - Enemy 1 [aoe] dealt 116.0 to HuoHuo (energy: 1.7, DEF: 2410, atkMul: 1.00, dmgMul: 1.00) | Shield Absorbed: 0.0 | HP Lost: 116.0 | HP: 5699/6140 | Shield HP: 0
    ENEMY  - Enemy 1 [aoe] dealt 232.0 to Saber (energy: 3.3, DEF: 2409, atkMul: 1.00, dmgMul: 1.00) | Shield Absorbed: 0.0 | HP Lost: 232.0 | HP: 3019/3367 | Shield HP: 0
MortenaxBlade has obtained 1 Charge. Current Charge count: 7.
MortenaxBlade useHit produced 2 debuffs
        Debuff ResoShred(SUP2) expired
AV     > Enemy 1 AV reset to 63.131 | 158.400 SPD

<<< NEW TURN >>>
-   Gilgamesh AV: 0.000 ENERGY: 54.667 MaxHP: 3134.558 CurrHp 2281.676 ShieldHP: 0.000
-   Enemy 2 AV: 22.672 ENERGY: 0.000 MaxHP: 2000000.000 CurrHp 578313.997 ShieldHP: 0.000
-   Enemy 0 AV: 22.672 ENERGY: 0.000 MaxHP: 2000000.000 CurrHp 578313.997 ShieldHP: 0.000
-   HuoHuo AV: 47.472 ENERGY: 15.801 MaxHP: 6139.808 CurrHp 5698.572 ShieldHP: 0.000
-   MortenaxBlade AV: 57.925 ENERGY: 62.516 MaxHP: 4779.283 CurrHp 1907.726 ShieldHP: 0.000
-   Saber AV: 61.714 ENERGY: 135.667 MaxHP: 3366.991 CurrHp 3018.949 ShieldHP: 0.000
-   Enemy 1 AV: 62.736 ENERGY: 0.000 MaxHP: 5000000.000 CurrHp 1443926.381 ShieldHP: 0.000
-   InfiniteFury AV: 128.021 ENERGY: 0.000 MaxHP: 0.000 CurrHp 0.000 ShieldHP: 0.000

Combat context set: 3 enemies, 4 players
Combat context initialized: 3 enemies, Elation team size: 0
ACTION > [CHAR] TotalAV: 458.098 | TurnAV: 0.396 | Gilgamesh | E-move
Gilgamesh JointCounter increased by one, current count: 4
    TURN   - GilgameshSkill | Gilgamesh | SUP1 | BLAST attack | ['LNG'] | ['SKL'] | Scaling: ATK | TargetID: 1 | DMG/BREAK Splits: [2.8, 1.4]/[20, 10] | Energy Gained: 30 | SP Change: 0

        ----------Char Buffs----------
        ScholarCR | CR% | Stacks: 1 | Value: 0.080 | Remaining Turns: 1 | TickDown: SUP1, PERM | Target: SUP1 | Affects: ['ALL']
        ScholarDMG | DMG% | Stacks: 1 | Value: 0.200 | Remaining Turns: 1 | TickDown: SUP1, PERM | Target: SUP1 | Affects: ['SKL', 'ULT']
        GilgameshTraceATK | ATK | Stacks: 1 | Value: 0.180 | Remaining Turns: 1 | TickDown: SUP1, PERM | Target: SUP1 | Affects: ['ALL']
        GilgameshTraceCR | CR% | Stacks: 1 | Value: 0.187 | Remaining Turns: 1 | TickDown: SUP1, PERM | Target: SUP1 | Affects: ['ALL']
        GilgameshTraceDMG | DMG% | Stacks: 1 | Value: 0.080 | Remaining Turns: 1 | TickDown: SUP1, PERM | Target: SUP1 | Affects: ['ALL']
        GilgameshTrace3ATK | ATK% | Stacks: 1 | Value: 0.200 | Remaining Turns: 1 | TickDown: SUP1, PERM | Target: SUP1 | Affects: ['ALL']
        GilgameshTrace3CD | CD% | Stacks: 1 | Value: 0.200 | Remaining Turns: 1 | TickDown: SUP1, PERM | Target: SUP1 | Affects: ['ALL']
        GilgameshTrace3SelfATK | ATK% | Stacks: 1 | Value: 1.000 | Remaining Turns: 1 | TickDown: SUP1, PERM | Target: SUP1 | Affects: ['ALL']
        GilgameshTrace3SelfCD | CD% | Stacks: 1 | Value: 1.000 | Remaining Turns: 1 | TickDown: SUP1, PERM | Target: SUP1 | Affects: ['ALL']
        KeelCD(SUS) | CD% | Stacks: 1 | Value: 0.100 | Remaining Turns: 1 | TickDown: SUP1, PERM | Target: SUP1 | Affects: ['ALL']
        CosmicLifeDMG | DMG% | Stacks: 1 | Value: 0.320 | Remaining Turns: 1 | TickDown: SUP1, PERM | Target: SUP1 | Affects: ['ALL']
        Trace2CDExtra | CD% | Stacks: 1 | Value: 1.500 | Remaining Turns: 1 | TickDown: SUP1, PERM | Target: SUP1 | Affects: ['ALL']
        GilgameshInterestSPD | SPD% | Stacks: 1 | Value: 1.800 | Remaining Turns: 1 | TickDown: SUP2, PERM | Target: SUP1 | Affects: ['ALL']
        MasterSmithComburent | DMG% | Stacks: 1 | Value: 0.150 | Remaining Turns: 2 | TickDown: SUP1, END | Target: SUP1 | Affects: ['ALL']
        MortenaxBladeDMGBoost | DMG% | Stacks: 1 | Value: 0.500 | Remaining Turns: 1 | TickDown: SUP1, PERM | Target: SUP1 | Affects: ['ALL']
        AeonATK | ATK% | Stacks: 1 | Value: 0.640 | Remaining Turns: 1 | TickDown: SUP1, PERM | Target: SUP1 | Affects: ['ALL']
        GilgameshSKLShred | SHRED | Stacks: 1 | Value: 0.300 | Remaining Turns: 3 | TickDown: SUP1, END | Target: SUP1 | Affects: ['ALL']
        WarriorGoddessHealCD | CD% | Stacks: 1 | Value: 0.150 | Remaining Turns: 1 | TickDown: SUP1, START | Target: SUP1 | Affects: ['ALL']
        HuoHuoUltATK | ATK% | Stacks: 1 | Value: 0.400 | Remaining Turns: 2 | TickDown: SUP1, END | Target: SUP1 | Affects: ['ALL']
        HuoHuoUltExtraATK | ATK% | Stacks: 1 | Value: 0.240 | Remaining Turns: 2 | TickDown: SUP1, END | Target: SUP1 | Affects: ['ALL']
        ScholarBonusDMG | DMG% | Stacks: 1 | Value: 0.250 | Remaining Turns: 1 | TickDown: SUP1, START | Target: SUP1 | Affects: ['SKL']
        ----------End of Buff List----------

        ----------Enemy Debuffs----------
        MortenaxBladeUltVul | From: SUP2 | VULN | Stacks: 1 | Value: 0.500 | Remaining Turns: 1 | Target: 1 | Targeting: ST | Affects: ['ALL'] | DOT: False | Blast: False
        MortenaxBladeUltShred | From: SUP2 | SHRED | Stacks: 1 | Value: 0.300 | Remaining Turns: 1 | Target: 1 | Targeting: ST | Affects: ['ALL'] | DOT: False | Blast: False
        ----------End of Debuff List----------
        ----------Healing List----------
        ----------End of Healing List----------
    GAUGE  - Enemy 1 toughness reduced by 0.000
    GAUGE  - Enemy 0 toughness reduced by 0.000
    GAUGE  - Enemy 2 toughness reduced by 0.000
    RESULT - GilgameshSkill | Gilgamesh | SUP1 | DMG: 351124.770 | ELADMG: 0.000 | Enemies Hit: [1, 0, 2] | Enemies Broken: [] | WB DMG: 0.000 | Energy: 30.000 | Amount HP Healed: 0.000 | Amount HP Lost: 0.000 | Gilgamesh Energy: 85/360 | SP: 5 | MaxSP: 5)
MortenaxBlade has obtained 1 Charge. Current Charge count: 8.
    TURN   - HuoHuoAllyERR | HuoHuo | SUS | NA attack | ['WIN'] | ['SPECIAL'] | Scaling: HP | TargetID: 1 | DMG/BREAK Splits: [0, 0]/[0, 0] | Energy Gained: 1 | SP Change: 0

        ----------Char Buffs----------
        GilgameshTrace3ATK | ATK% | Stacks: 1 | Value: 0.200 | Remaining Turns: 1 | TickDown: SUS, PERM | Target: SUS | Affects: ['ALL']
        GilgameshTrace3CD | CD% | Stacks: 1 | Value: 0.200 | Remaining Turns: 1 | TickDown: SUS, PERM | Target: SUS | Affects: ['ALL']
        PostOpERR | ERR% | Stacks: 1 | Value: 0.160 | Remaining Turns: 1 | TickDown: SUS, PERM | Target: SUS | Affects: ['ALL']
        WarriorGoddessSPD | SPD% | Stacks: 1 | Value: 0.060 | Remaining Turns: 1 | TickDown: SUS, PERM | Target: SUS | Affects: ['ALL']
        KeelEFFRES | ERS% | Stacks: 1 | Value: 0.100 | Remaining Turns: 1 | TickDown: SUS, PERM | Target: SUS | Affects: ['ALL']
        KeelCD(SUS) | CD% | Stacks: 1 | Value: 0.100 | Remaining Turns: 1 | TickDown: SUS, PERM | Target: SUS | Affects: ['ALL']
        HHTraceHP | HP% | Stacks: 1 | Value: 0.280 | Remaining Turns: 1 | TickDown: SUS, PERM | Target: SUS | Affects: ['ALL']
        HHTraceERS | ERS% | Stacks: 1 | Value: 0.180 | Remaining Turns: 1 | TickDown: SUS, PERM | Target: SUS | Affects: ['ALL']
        HHTraceSPD | SPD | Stacks: 1 | Value: 5.000 | Remaining Turns: 1 | TickDown: SUS, PERM | Target: SUS | Affects: ['ALL']
        MasterSmithComburent | DMG% | Stacks: 1 | Value: 0.150 | Remaining Turns: 2 | TickDown: SUS, END | Target: SUS | Affects: ['ALL']
        MortenaxBladeDMGBoost | DMG% | Stacks: 1 | Value: 0.500 | Remaining Turns: 1 | TickDown: SUS, PERM | Target: SUS | Affects: ['ALL']
        WarriorGoddessHealSPD | SPD% | Stacks: 1 | Value: 0.060 | Remaining Turns: 2 | TickDown: SUS, START | Target: SUS | Affects: ['ALL']
        WarriorGoddessHealCD | CD% | Stacks: 1 | Value: 0.150 | Remaining Turns: 2 | TickDown: SUS, START | Target: SUS | Affects: ['ALL']
        ----------End of Buff List----------

        ----------Enemy Debuffs----------
        MortenaxBladeUltVul | From: SUP2 | VULN | Stacks: 1 | Value: 0.500 | Remaining Turns: 2 | Target: 1 | Targeting: ST | Affects: ['ALL'] | DOT: False | Blast: False
        MortenaxBladeUltShred | From: SUP2 | SHRED | Stacks: 1 | Value: 0.300 | Remaining Turns: 2 | Target: 1 | Targeting: ST | Affects: ['ALL'] | DOT: False | Blast: False
        ----------End of Debuff List----------
        ----------Healing List----------
        HuoHuoTalentHealingScaling | Targeting: Targeting.SINGLE | Healing Value: [0] | Target: ALL
        HuoHuoTalentHealingScaling | Targeting: Targeting.SINGLE | Healing Value: [0] | Target: ALL
        HuoHuoTalentHealingScaling | Targeting: Targeting.SINGLE | Healing Value: [0.045] | Target: ALL
        HuoHuoTalentHealingScaling | Targeting: Targeting.SINGLE | Healing Value: [0] | Target: ALL
        HuoHuoTalentHealingFlat | Targeting: Targeting.SINGLE | Healing Value: [0] | Target: ALL
        HuoHuoTalentHealingFlat | Targeting: Targeting.SINGLE | Healing Value: [0] | Target: ALL
        HuoHuoTalentHealingFlat | Targeting: Targeting.SINGLE | Healing Value: [120] | Target: ALL
        HuoHuoTalentHealingFlat | Targeting: Targeting.SINGLE | Healing Value: [0] | Target: ALL
        ----------End of Healing List----------
    GAUGE  - Enemy 1 toughness reduced by 0.000
    RESULT - HuoHuoAllyERR | HuoHuo | SUS | DMG: 0.000 | ELADMG: 0.000 | Enemies Hit: [1] | Enemies Broken: [] | WB DMG: 0.000 | Energy: 1.354 | Amount HP Healed: 371.779 | Amount HP Lost: 0.000 | HuoHuo Energy: 17/140 | SP: 5 | MaxSP: 5)
SPD    > Gilgamesh speed changed to 126.632 | NewAV: 0.000
AV     > Gilgamesh AV reset to 78.969 | 126.632 SPD

<<< NEW TURN >>>
-   Enemy 2 AV: 0.000 ENERGY: 0.000 MaxHP: 2000000.000 CurrHp 484629.391 ShieldHP: 0.000
-   Enemy 0 AV: 0.000 ENERGY: 0.000 MaxHP: 2000000.000 CurrHp 484629.391 ShieldHP: 0.000
-   HuoHuo AV: 24.800 ENERGY: 17.156 MaxHP: 6139.808 CurrHp 5698.572 ShieldHP: 0.000
-   MortenaxBlade AV: 35.253 ENERGY: 62.516 MaxHP: 4779.283 CurrHp 2279.505 ShieldHP: 0.000
-   Saber AV: 39.043 ENERGY: 135.667 MaxHP: 3366.991 CurrHp 3018.949 ShieldHP: 0.000
-   Enemy 1 AV: 40.064 ENERGY: 0.000 MaxHP: 5000000.000 CurrHp 1280170.824 ShieldHP: 0.000
-   Gilgamesh AV: 56.297 ENERGY: 84.667 MaxHP: 3134.558 CurrHp 2281.676 ShieldHP: 0.000
-   InfiniteFury AV: 105.349 ENERGY: 0.000 MaxHP: 0.000 CurrHp 0.000 ShieldHP: 0.000

Combat context set: 3 enemies, 4 players
Combat context initialized: 3 enemies, Elation team size: 0
ACTION > [ENEMY] TotalAV: 480.769 | TurnAV: 22.672 | Enemy 2 | 1 attacks
MortenaxBlade has obtained 1 Charge. Current Charge count: 9.
    CharEnergy - Saber: Hit 3.333 Total: 139.000 | Gilgamesh: Hit 6.667 Total: 91.333 | MortenaxBlade: Hit 6.667 Total: 70.812 | HuoHuo: Hit 6.667 Total: 26.185 |
    ENEMY  - Enemy 2 [aoe] dealt 232.0 to Saber (energy: 3.3, DEF: 2409, atkMul: 1.00, dmgMul: 1.00) | Shield Absorbed: 0.0 | HP Lost: 232.0 | HP: 2787/3367 | Shield HP: 0
    ENEMY  - Enemy 2 [aoe] dealt 130.5 to MortenaxBlade (energy: 3.3, DEF: 2014, atkMul: 1.00, dmgMul: 1.00) | Shield Absorbed: 0.0 | HP Lost: 130.5 | HP: 2149/4779 | Shield HP: 0
    ENEMY  - Enemy 2 [aoe] dealt 280.5 to Gilgamesh (energy: 3.3, DEF: 1794, atkMul: 1.00, dmgMul: 1.00) | Shield Absorbed: 0.0 | HP Lost: 280.5 | HP: 2001/3135 | Shield HP: 0
    ENEMY  - Enemy 2 [aoe] dealt 231.9 to HuoHuo (energy: 3.3, DEF: 2410, atkMul: 1.00, dmgMul: 1.00) | Shield Absorbed: 0.0 | HP Lost: 231.9 | HP: 5467/6140 | Shield HP: 0
    ENEMY  - Enemy 2 [aoe] dealt 130.5 to MortenaxBlade (energy: 3.3, DEF: 2014, atkMul: 1.00, dmgMul: 1.00) | Shield Absorbed: 0.0 | HP Lost: 130.5 | HP: 2019/4779 | Shield HP: 0
    ENEMY  - Enemy 2 [aoe] dealt 280.5 to Gilgamesh (energy: 3.3, DEF: 1794, atkMul: 1.00, dmgMul: 1.00) | Shield Absorbed: 0.0 | HP Lost: 280.5 | HP: 1721/3135 | Shield HP: 0
    ENEMY  - Enemy 2 [aoe] dealt 231.9 to HuoHuo (energy: 3.3, DEF: 2410, atkMul: 1.00, dmgMul: 1.00) | Shield Absorbed: 0.0 | HP Lost: 231.9 | HP: 5235/6140 | Shield HP: 0
MortenaxBlade has obtained 1 Charge. Current Charge count: 10.
MortenaxBlade useHit produced 2 debuffs
        Debuff ResoShred(SUP2) expired
AV     > Enemy 2 AV reset to 76.923 | 130.000 SPD

<<< NEW TURN >>>
-   Enemy 0 AV: 0.000 ENERGY: 0.000 MaxHP: 2000000.000 CurrHp 484629.391 ShieldHP: 0.000
-   HuoHuo AV: 24.800 ENERGY: 26.185 MaxHP: 6139.808 CurrHp 5234.689 ShieldHP: 0.000
-   MortenaxBlade AV: 35.253 ENERGY: 70.812 MaxHP: 4779.283 CurrHp 2018.519 ShieldHP: 0.000
-   Saber AV: 39.043 ENERGY: 139.000 MaxHP: 3366.991 CurrHp 2786.922 ShieldHP: 0.000
-   Enemy 1 AV: 40.064 ENERGY: 0.000 MaxHP: 5000000.000 CurrHp 1280170.824 ShieldHP: 0.000
-   Gilgamesh AV: 56.297 ENERGY: 91.333 MaxHP: 3134.558 CurrHp 1720.734 ShieldHP: 0.000
-   Enemy 2 AV: 76.923 ENERGY: 0.000 MaxHP: 2000000.000 CurrHp 484629.391 ShieldHP: 0.000
-   InfiniteFury AV: 105.349 ENERGY: 0.000 MaxHP: 0.000 CurrHp 0.000 ShieldHP: 0.000

Combat context set: 3 enemies, 4 players
Combat context initialized: 3 enemies, Elation team size: 0
ACTION > [ENEMY] TotalAV: 480.769 | TurnAV: 0.000 | Enemy 0 | 1 attacks
MortenaxBlade has obtained 1 Charge. Current Charge count: 11.
    CharEnergy - Saber: Hit 0.000 Total: 139.000 | Gilgamesh: Hit 6.667 Total: 98.000 | MortenaxBlade: Hit 10.000 Total: 83.256 | HuoHuo: Hit 6.667 Total: 35.214 |
    ENEMY  - Enemy 0 [aoe] dealt 130.5 to MortenaxBlade (energy: 3.3, DEF: 2014, atkMul: 1.00, dmgMul: 1.00) | Shield Absorbed: 0.0 | HP Lost: 130.5 | HP: 1888/4779 | Shield HP: 0
    ENEMY  - Enemy 0 [aoe] dealt 280.5 to Gilgamesh (energy: 3.3, DEF: 1794, atkMul: 1.00, dmgMul: 1.00) | Shield Absorbed: 0.0 | HP Lost: 280.5 | HP: 1440/3135 | Shield HP: 0
    ENEMY  - Enemy 0 [aoe] dealt 231.9 to HuoHuo (energy: 3.3, DEF: 2410, atkMul: 1.00, dmgMul: 1.00) | Shield Absorbed: 0.0 | HP Lost: 231.9 | HP: 5003/6140 | Shield HP: 0
    ENEMY  - Enemy 0 [aoe] dealt 130.5 to MortenaxBlade (energy: 3.3, DEF: 2014, atkMul: 1.00, dmgMul: 1.00) | Shield Absorbed: 0.0 | HP Lost: 130.5 | HP: 1758/4779 | Shield HP: 0
    ENEMY  - Enemy 0 [aoe] dealt 280.5 to Gilgamesh (energy: 3.3, DEF: 1794, atkMul: 1.00, dmgMul: 1.00) | Shield Absorbed: 0.0 | HP Lost: 280.5 | HP: 1160/3135 | Shield HP: 0
    ENEMY  - Enemy 0 [aoe] dealt 231.9 to HuoHuo (energy: 3.3, DEF: 2410, atkMul: 1.00, dmgMul: 1.00) | Shield Absorbed: 0.0 | HP Lost: 231.9 | HP: 4771/6140 | Shield HP: 0
    ENEMY  - Enemy 0 [aoe] dealt 130.5 to MortenaxBlade (energy: 3.3, DEF: 2014, atkMul: 1.00, dmgMul: 1.00) | Shield Absorbed: 0.0 | HP Lost: 130.5 | HP: 1627/4779 | Shield HP: 0
MortenaxBlade has obtained 1 Charge. Current Charge count: 12.
MortenaxBlade useHit produced 2 debuffs
        Debuff ResoShred(SUP2) expired
AV     > Enemy 0 AV reset to 76.923 | 130.000 SPD

<<< NEW TURN >>>
-   HuoHuo AV: 0.000 ENERGY: 35.214 MaxHP: 6139.808 CurrHp 4770.807 ShieldHP: 0.000
-   MortenaxBlade AV: 10.453 ENERGY: 83.256 MaxHP: 4779.283 CurrHp 1627.040 ShieldHP: 0.000
-   Saber AV: 14.243 ENERGY: 139.000 MaxHP: 3366.991 CurrHp 2786.922 ShieldHP: 0.000
-   Enemy 1 AV: 15.264 ENERGY: 0.000 MaxHP: 5000000.000 CurrHp 1280170.824 ShieldHP: 0.000
-   Gilgamesh AV: 31.497 ENERGY: 98.000 MaxHP: 3134.558 CurrHp 1159.791 ShieldHP: 0.000
-   Enemy 0 AV: 52.123 ENERGY: 0.000 MaxHP: 2000000.000 CurrHp 484629.391 ShieldHP: 0.000
-   Enemy 2 AV: 52.123 ENERGY: 0.000 MaxHP: 2000000.000 CurrHp 484629.391 ShieldHP: 0.000
-   InfiniteFury AV: 80.549 ENERGY: 0.000 MaxHP: 0.000 CurrHp 0.000 ShieldHP: 0.000

Combat context set: 3 enemies, 4 players
Combat context initialized: 3 enemies, Elation team size: 0
ACTION > [CHAR] TotalAV: 505.570 | TurnAV: 24.800 | HuoHuo | A-move
    TURN   - HuoHuoBasic | HuoHuo | SUS | ST attack | ['WIN'] | ['BSC'] | Scaling: HP | TargetID: 1 | DMG/BREAK Splits: [0.5, 0]/[10, 0] | Energy Gained: 20 | SP Change: 1

        ----------Char Buffs----------
        GilgameshTrace3ATK | ATK% | Stacks: 1 | Value: 0.200 | Remaining Turns: 1 | TickDown: SUS, PERM | Target: SUS | Affects: ['ALL']
        GilgameshTrace3CD | CD% | Stacks: 1 | Value: 0.200 | Remaining Turns: 1 | TickDown: SUS, PERM | Target: SUS | Affects: ['ALL']
        PostOpERR | ERR% | Stacks: 1 | Value: 0.160 | Remaining Turns: 1 | TickDown: SUS, PERM | Target: SUS | Affects: ['ALL']
        WarriorGoddessSPD | SPD% | Stacks: 1 | Value: 0.060 | Remaining Turns: 1 | TickDown: SUS, PERM | Target: SUS | Affects: ['ALL']
        KeelEFFRES | ERS% | Stacks: 1 | Value: 0.100 | Remaining Turns: 1 | TickDown: SUS, PERM | Target: SUS | Affects: ['ALL']
        KeelCD(SUS) | CD% | Stacks: 1 | Value: 0.100 | Remaining Turns: 1 | TickDown: SUS, PERM | Target: SUS | Affects: ['ALL']
        HHTraceHP | HP% | Stacks: 1 | Value: 0.280 | Remaining Turns: 1 | TickDown: SUS, PERM | Target: SUS | Affects: ['ALL']
        HHTraceERS | ERS% | Stacks: 1 | Value: 0.180 | Remaining Turns: 1 | TickDown: SUS, PERM | Target: SUS | Affects: ['ALL']
        HHTraceSPD | SPD | Stacks: 1 | Value: 5.000 | Remaining Turns: 1 | TickDown: SUS, PERM | Target: SUS | Affects: ['ALL']
        MasterSmithComburent | DMG% | Stacks: 1 | Value: 0.150 | Remaining Turns: 2 | TickDown: SUS, END | Target: SUS | Affects: ['ALL']
        MortenaxBladeDMGBoost | DMG% | Stacks: 1 | Value: 0.500 | Remaining Turns: 1 | TickDown: SUS, PERM | Target: SUS | Affects: ['ALL']
        WarriorGoddessHealSPD | SPD% | Stacks: 1 | Value: 0.060 | Remaining Turns: 1 | TickDown: SUS, START | Target: SUS | Affects: ['ALL']
        WarriorGoddessHealCD | CD% | Stacks: 1 | Value: 0.150 | Remaining Turns: 1 | TickDown: SUS, START | Target: SUS | Affects: ['ALL']
        ----------End of Buff List----------

        ----------Enemy Debuffs----------
        MortenaxBladeUltVul | From: SUP2 | VULN | Stacks: 1 | Value: 0.500 | Remaining Turns: 2 | Target: 1 | Targeting: ST | Affects: ['ALL'] | DOT: False | Blast: False
        MortenaxBladeUltShred | From: SUP2 | SHRED | Stacks: 1 | Value: 0.300 | Remaining Turns: 2 | Target: 1 | Targeting: ST | Affects: ['ALL'] | DOT: False | Blast: False
        ----------End of Debuff List----------
        ----------Healing List----------
        ----------End of Healing List----------
    GAUGE  - Enemy 1 toughness reduced by 10.000
    RESULT - HuoHuoBasic | HuoHuo | SUS | DMG: 4226.198 | ELADMG: 0.000 | Enemies Hit: [1] | Enemies Broken: [] | WB DMG: 0.000 | Energy: 27.088 | Amount HP Healed: 0.000 | Amount HP Lost: 0.000 | HuoHuo Energy: 62/140 | SP: 5 | MaxSP: 5)
Gilgamesh Obtained 1 Interest from Teammate, Current count: 1
MortenaxBlade has obtained 1 Charge. Current Charge count: 13.
MortenaxBlade has obtained 1 Charge. Current Charge count: 5.
    TURN   - MortenaxBladeAOEFUA | MortenaxBlade | SUP2 | AOE attack | ['FIR'] | ['FUA'] | Scaling: HP | TargetID: 1 | DMG/BREAK Splits: [0.72, 0]/[10, 0] | Energy Gained: 25 | SP Change: 0

        ----------Char Buffs----------
        GilgameshTrace3ATK | ATK% | Stacks: 1 | Value: 0.200 | Remaining Turns: 1 | TickDown: SUP2, PERM | Target: SUP2 | Affects: ['ALL']
        GilgameshTrace3CD | CD% | Stacks: 1 | Value: 0.200 | Remaining Turns: 1 | TickDown: SUP2, PERM | Target: SUP2 | Affects: ['ALL']
        MasterSmithHP | HP% | Stacks: 1 | Value: 0.120 | Remaining Turns: 1 | TickDown: SUP2, PERM | Target: SUP2 | Affects: ['ALL']
        LushakaERR | ERR% | Stacks: 1 | Value: 0.050 | Remaining Turns: 1 | TickDown: SUP2, PERM | Target: SUP2 | Affects: ['ALL']
        MortenaxBladeTraceCR | CR% | Stacks: 1 | Value: 0.120 | Remaining Turns: 1 | TickDown: SUP2, PERM | Target: SUP2 | Affects: ['ALL']
        MortenaxBladeTraceHP | HP% | Stacks: 1 | Value: 0.100 | Remaining Turns: 1 | TickDown: SUP2, PERM | Target: SUP2 | Affects: ['ALL']
        MortenaxBladeTraceDMG | DMG% | Stacks: 1 | Value: 0.224 | Remaining Turns: 1 | TickDown: SUP2, PERM | Target: SUP2 | Affects: ['ALL']
        KeelCD(SUS) | CD% | Stacks: 1 | Value: 0.100 | Remaining Turns: 1 | TickDown: SUP2, PERM | Target: SUP2 | Affects: ['ALL']
        MasterSmithCD | CD% | Stacks: 1 | Value: 0.280 | Remaining Turns: 1 | TickDown: SUP2, PERM | Target: SUP2 | Affects: ['ALL']
        MasterSmithComburent | DMG% | Stacks: 1 | Value: 0.150 | Remaining Turns: 1 | TickDown: SUP2, END | Target: SUP2 | Affects: ['ALL']
        MortenaxBladeCRBoost | CR% | Stacks: 1 | Value: 0.200 | Remaining Turns: 1 | TickDown: SUP2, PERM | Target: SUP2 | Affects: ['ALL']
        MortenaxBladeCDBoost | CD% | Stacks: 1 | Value: 0.600 | Remaining Turns: 1 | TickDown: SUP2, PERM | Target: SUP2 | Affects: ['ALL']
        MortenaxBladeDMGReduction | DMG_REDUCTION | Stacks: 1 | Value: 0.500 | Remaining Turns: 1 | TickDown: SUP2, PERM | Target: SUP2 | Affects: ['ALL']
        MortenaxBladeDMGBoost | DMG% | Stacks: 1 | Value: 0.500 | Remaining Turns: 1 | TickDown: SUP2, PERM | Target: SUP2 | Affects: ['ALL']
        MortenaxBladeDMG | DMG% | Stacks: 1 | Value: 0.750 | Remaining Turns: 1 | TickDown: SUP2, PERM | Target: SUP2 | Affects: ['ALL']
        WarriorGoddessHealCD | CD% | Stacks: 1 | Value: 0.150 | Remaining Turns: 2 | TickDown: SUP2, START | Target: SUP2 | Affects: ['ALL']
        HuoHuoUltATK | ATK% | Stacks: 1 | Value: 0.400 | Remaining Turns: 1 | TickDown: SUP2, END | Target: SUP2 | Affects: ['ALL']
        HuoHuoUltExtraATK | ATK% | Stacks: 1 | Value: 0.240 | Remaining Turns: 1 | TickDown: SUP2, END | Target: SUP2 | Affects: ['ALL']
        ----------End of Buff List----------

        ----------Enemy Debuffs----------
        MortenaxBladeUltVul | From: SUP2 | VULN | Stacks: 1 | Value: 0.500 | Remaining Turns: 2 | Target: 1 | Targeting: ST | Affects: ['ALL'] | DOT: False | Blast: False
        MortenaxBladeUltShred | From: SUP2 | SHRED | Stacks: 1 | Value: 0.300 | Remaining Turns: 2 | Target: 1 | Targeting: ST | Affects: ['ALL'] | DOT: False | Blast: False
        ResoShred(SUP2) | From: SUP2 | SHRED | Stacks: 1 | Value: 0.160 | Remaining Turns: 1 | Target: 1 | Targeting: AOE | Affects: ['ALL'] | DOT: False | Blast: False
        ----------End of Debuff List----------
        ----------Healing List----------
        ----------End of Healing List----------
    GAUGE  - Enemy 0 toughness reduced by 0.000
    GAUGE  - Enemy 1 toughness reduced by 0.000
    GAUGE  - Enemy 2 toughness reduced by 0.000
    RESULT - MortenaxBladeAOEFUA | MortenaxBlade | SUP2 | DMG: 41291.203 | ELADMG: 0.000 | Enemies Hit: [0, 1, 2] | Enemies Broken: [] | WB DMG: 0.000 | Energy: 31.110 | Amount HP Healed: 0.000 | Amount HP Lost: 0.000 | MortenaxBlade Energy: 114/160 | SP: 5 | MaxSP: 5)
Gilgamesh Obtained 1 Interest from Teammate, Current count: 2
    TURN   - MortenaxBladeBounceFUA | MortenaxBlade | SUP2 | ST attack | ['FIR'] | ['FUA'] | Scaling: HP | TargetID: 1 | DMG/BREAK Splits: [0.24, 0]/[5, 0] | Energy Gained: 0 | SP Change: 0

        ----------Char Buffs----------
        GilgameshTrace3ATK | ATK% | Stacks: 1 | Value: 0.200 | Remaining Turns: 1 | TickDown: SUP2, PERM | Target: SUP2 | Affects: ['ALL']
        GilgameshTrace3CD | CD% | Stacks: 1 | Value: 0.200 | Remaining Turns: 1 | TickDown: SUP2, PERM | Target: SUP2 | Affects: ['ALL']
        MasterSmithHP | HP% | Stacks: 1 | Value: 0.120 | Remaining Turns: 1 | TickDown: SUP2, PERM | Target: SUP2 | Affects: ['ALL']
        LushakaERR | ERR% | Stacks: 1 | Value: 0.050 | Remaining Turns: 1 | TickDown: SUP2, PERM | Target: SUP2 | Affects: ['ALL']
        MortenaxBladeTraceCR | CR% | Stacks: 1 | Value: 0.120 | Remaining Turns: 1 | TickDown: SUP2, PERM | Target: SUP2 | Affects: ['ALL']
        MortenaxBladeTraceHP | HP% | Stacks: 1 | Value: 0.100 | Remaining Turns: 1 | TickDown: SUP2, PERM | Target: SUP2 | Affects: ['ALL']
        MortenaxBladeTraceDMG | DMG% | Stacks: 1 | Value: 0.224 | Remaining Turns: 1 | TickDown: SUP2, PERM | Target: SUP2 | Affects: ['ALL']
        KeelCD(SUS) | CD% | Stacks: 1 | Value: 0.100 | Remaining Turns: 1 | TickDown: SUP2, PERM | Target: SUP2 | Affects: ['ALL']
        MasterSmithCD | CD% | Stacks: 1 | Value: 0.280 | Remaining Turns: 1 | TickDown: SUP2, PERM | Target: SUP2 | Affects: ['ALL']
        MasterSmithComburent | DMG% | Stacks: 1 | Value: 0.150 | Remaining Turns: 2 | TickDown: SUP2, END | Target: SUP2 | Affects: ['ALL']
        MortenaxBladeCRBoost | CR% | Stacks: 1 | Value: 0.200 | Remaining Turns: 1 | TickDown: SUP2, PERM | Target: SUP2 | Affects: ['ALL']
        MortenaxBladeCDBoost | CD% | Stacks: 1 | Value: 0.600 | Remaining Turns: 1 | TickDown: SUP2, PERM | Target: SUP2 | Affects: ['ALL']
        MortenaxBladeDMGReduction | DMG_REDUCTION | Stacks: 1 | Value: 0.500 | Remaining Turns: 1 | TickDown: SUP2, PERM | Target: SUP2 | Affects: ['ALL']
        MortenaxBladeDMGBoost | DMG% | Stacks: 1 | Value: 0.500 | Remaining Turns: 1 | TickDown: SUP2, PERM | Target: SUP2 | Affects: ['ALL']
        MortenaxBladeDMG | DMG% | Stacks: 1 | Value: 0.750 | Remaining Turns: 1 | TickDown: SUP2, PERM | Target: SUP2 | Affects: ['ALL']
        WarriorGoddessHealCD | CD% | Stacks: 1 | Value: 0.150 | Remaining Turns: 2 | TickDown: SUP2, START | Target: SUP2 | Affects: ['ALL']
        HuoHuoUltATK | ATK% | Stacks: 1 | Value: 0.400 | Remaining Turns: 1 | TickDown: SUP2, END | Target: SUP2 | Affects: ['ALL']
        HuoHuoUltExtraATK | ATK% | Stacks: 1 | Value: 0.240 | Remaining Turns: 1 | TickDown: SUP2, END | Target: SUP2 | Affects: ['ALL']
        ----------End of Buff List----------

        ----------Enemy Debuffs----------
        MortenaxBladeUltVul | From: SUP2 | VULN | Stacks: 1 | Value: 0.500 | Remaining Turns: 2 | Target: 1 | Targeting: ST | Affects: ['ALL'] | DOT: False | Blast: False
        MortenaxBladeUltShred | From: SUP2 | SHRED | Stacks: 1 | Value: 0.300 | Remaining Turns: 2 | Target: 1 | Targeting: ST | Affects: ['ALL'] | DOT: False | Blast: False
        ResoShred(SUP2) | From: SUP2 | SHRED | Stacks: 1 | Value: 0.160 | Remaining Turns: 1 | Target: 1 | Targeting: AOE | Affects: ['ALL'] | DOT: False | Blast: False
        ----------End of Debuff List----------
        ----------Healing List----------
        ----------End of Healing List----------
    GAUGE  - Enemy 1 toughness reduced by 0.000
    RESULT - MortenaxBladeBounceFUA | MortenaxBlade | SUP2 | DMG: 4587.911 | ELADMG: 0.000 | Enemies Hit: [1] | Enemies Broken: [] | WB DMG: 0.000 | Energy: 0.000 | Amount HP Healed: 0.000 | Amount HP Lost: 0.000 | MortenaxBlade Energy: 114/160 | SP: 5 | MaxSP: 5)
    TURN   - MortenaxBladeBounceFUA | MortenaxBlade | SUP2 | ST attack | ['FIR'] | ['FUA'] | Scaling: HP | TargetID: 1 | DMG/BREAK Splits: [0.24, 0]/[5, 0] | Energy Gained: 0 | SP Change: 0

        ----------Char Buffs----------
        GilgameshTrace3ATK | ATK% | Stacks: 1 | Value: 0.200 | Remaining Turns: 1 | TickDown: SUP2, PERM | Target: SUP2 | Affects: ['ALL']
        GilgameshTrace3CD | CD% | Stacks: 1 | Value: 0.200 | Remaining Turns: 1 | TickDown: SUP2, PERM | Target: SUP2 | Affects: ['ALL']
        MasterSmithHP | HP% | Stacks: 1 | Value: 0.120 | Remaining Turns: 1 | TickDown: SUP2, PERM | Target: SUP2 | Affects: ['ALL']
        LushakaERR | ERR% | Stacks: 1 | Value: 0.050 | Remaining Turns: 1 | TickDown: SUP2, PERM | Target: SUP2 | Affects: ['ALL']
        MortenaxBladeTraceCR | CR% | Stacks: 1 | Value: 0.120 | Remaining Turns: 1 | TickDown: SUP2, PERM | Target: SUP2 | Affects: ['ALL']
        MortenaxBladeTraceHP | HP% | Stacks: 1 | Value: 0.100 | Remaining Turns: 1 | TickDown: SUP2, PERM | Target: SUP2 | Affects: ['ALL']
        MortenaxBladeTraceDMG | DMG% | Stacks: 1 | Value: 0.224 | Remaining Turns: 1 | TickDown: SUP2, PERM | Target: SUP2 | Affects: ['ALL']
        KeelCD(SUS) | CD% | Stacks: 1 | Value: 0.100 | Remaining Turns: 1 | TickDown: SUP2, PERM | Target: SUP2 | Affects: ['ALL']
        MasterSmithCD | CD% | Stacks: 1 | Value: 0.280 | Remaining Turns: 1 | TickDown: SUP2, PERM | Target: SUP2 | Affects: ['ALL']
        MasterSmithComburent | DMG% | Stacks: 1 | Value: 0.150 | Remaining Turns: 2 | TickDown: SUP2, END | Target: SUP2 | Affects: ['ALL']
        MortenaxBladeCRBoost | CR% | Stacks: 1 | Value: 0.200 | Remaining Turns: 1 | TickDown: SUP2, PERM | Target: SUP2 | Affects: ['ALL']
        MortenaxBladeCDBoost | CD% | Stacks: 1 | Value: 0.600 | Remaining Turns: 1 | TickDown: SUP2, PERM | Target: SUP2 | Affects: ['ALL']
        MortenaxBladeDMGReduction | DMG_REDUCTION | Stacks: 1 | Value: 0.500 | Remaining Turns: 1 | TickDown: SUP2, PERM | Target: SUP2 | Affects: ['ALL']
        MortenaxBladeDMGBoost | DMG% | Stacks: 1 | Value: 0.500 | Remaining Turns: 1 | TickDown: SUP2, PERM | Target: SUP2 | Affects: ['ALL']
        MortenaxBladeDMG | DMG% | Stacks: 1 | Value: 0.750 | Remaining Turns: 1 | TickDown: SUP2, PERM | Target: SUP2 | Affects: ['ALL']
        WarriorGoddessHealCD | CD% | Stacks: 1 | Value: 0.150 | Remaining Turns: 2 | TickDown: SUP2, START | Target: SUP2 | Affects: ['ALL']
        HuoHuoUltATK | ATK% | Stacks: 1 | Value: 0.400 | Remaining Turns: 1 | TickDown: SUP2, END | Target: SUP2 | Affects: ['ALL']
        HuoHuoUltExtraATK | ATK% | Stacks: 1 | Value: 0.240 | Remaining Turns: 1 | TickDown: SUP2, END | Target: SUP2 | Affects: ['ALL']
        ----------End of Buff List----------

        ----------Enemy Debuffs----------
        MortenaxBladeUltVul | From: SUP2 | VULN | Stacks: 1 | Value: 0.500 | Remaining Turns: 2 | Target: 1 | Targeting: ST | Affects: ['ALL'] | DOT: False | Blast: False
        MortenaxBladeUltShred | From: SUP2 | SHRED | Stacks: 1 | Value: 0.300 | Remaining Turns: 2 | Target: 1 | Targeting: ST | Affects: ['ALL'] | DOT: False | Blast: False
        ResoShred(SUP2) | From: SUP2 | SHRED | Stacks: 1 | Value: 0.160 | Remaining Turns: 1 | Target: 1 | Targeting: AOE | Affects: ['ALL'] | DOT: False | Blast: False
        ----------End of Debuff List----------
        ----------Healing List----------
        ----------End of Healing List----------
    GAUGE  - Enemy 1 toughness reduced by 0.000
    RESULT - MortenaxBladeBounceFUA | MortenaxBlade | SUP2 | DMG: 4587.911 | ELADMG: 0.000 | Enemies Hit: [1] | Enemies Broken: [] | WB DMG: 0.000 | Energy: 0.000 | Amount HP Healed: 0.000 | Amount HP Lost: 0.000 | MortenaxBlade Energy: 114/160 | SP: 5 | MaxSP: 5)
    TURN   - MortenaxBladeBounceFUA | MortenaxBlade | SUP2 | ST attack | ['FIR'] | ['FUA'] | Scaling: HP | TargetID: 1 | DMG/BREAK Splits: [0.24, 0]/[5, 0] | Energy Gained: 0 | SP Change: 0

        ----------Char Buffs----------
        GilgameshTrace3ATK | ATK% | Stacks: 1 | Value: 0.200 | Remaining Turns: 1 | TickDown: SUP2, PERM | Target: SUP2 | Affects: ['ALL']
        GilgameshTrace3CD | CD% | Stacks: 1 | Value: 0.200 | Remaining Turns: 1 | TickDown: SUP2, PERM | Target: SUP2 | Affects: ['ALL']
        MasterSmithHP | HP% | Stacks: 1 | Value: 0.120 | Remaining Turns: 1 | TickDown: SUP2, PERM | Target: SUP2 | Affects: ['ALL']
        LushakaERR | ERR% | Stacks: 1 | Value: 0.050 | Remaining Turns: 1 | TickDown: SUP2, PERM | Target: SUP2 | Affects: ['ALL']
        MortenaxBladeTraceCR | CR% | Stacks: 1 | Value: 0.120 | Remaining Turns: 1 | TickDown: SUP2, PERM | Target: SUP2 | Affects: ['ALL']
        MortenaxBladeTraceHP | HP% | Stacks: 1 | Value: 0.100 | Remaining Turns: 1 | TickDown: SUP2, PERM | Target: SUP2 | Affects: ['ALL']
        MortenaxBladeTraceDMG | DMG% | Stacks: 1 | Value: 0.224 | Remaining Turns: 1 | TickDown: SUP2, PERM | Target: SUP2 | Affects: ['ALL']
        KeelCD(SUS) | CD% | Stacks: 1 | Value: 0.100 | Remaining Turns: 1 | TickDown: SUP2, PERM | Target: SUP2 | Affects: ['ALL']
        MasterSmithCD | CD% | Stacks: 1 | Value: 0.280 | Remaining Turns: 1 | TickDown: SUP2, PERM | Target: SUP2 | Affects: ['ALL']
        MasterSmithComburent | DMG% | Stacks: 1 | Value: 0.150 | Remaining Turns: 2 | TickDown: SUP2, END | Target: SUP2 | Affects: ['ALL']
        MortenaxBladeCRBoost | CR% | Stacks: 1 | Value: 0.200 | Remaining Turns: 1 | TickDown: SUP2, PERM | Target: SUP2 | Affects: ['ALL']
        MortenaxBladeCDBoost | CD% | Stacks: 1 | Value: 0.600 | Remaining Turns: 1 | TickDown: SUP2, PERM | Target: SUP2 | Affects: ['ALL']
        MortenaxBladeDMGReduction | DMG_REDUCTION | Stacks: 1 | Value: 0.500 | Remaining Turns: 1 | TickDown: SUP2, PERM | Target: SUP2 | Affects: ['ALL']
        MortenaxBladeDMGBoost | DMG% | Stacks: 1 | Value: 0.500 | Remaining Turns: 1 | TickDown: SUP2, PERM | Target: SUP2 | Affects: ['ALL']
        MortenaxBladeDMG | DMG% | Stacks: 1 | Value: 0.750 | Remaining Turns: 1 | TickDown: SUP2, PERM | Target: SUP2 | Affects: ['ALL']
        WarriorGoddessHealCD | CD% | Stacks: 1 | Value: 0.150 | Remaining Turns: 2 | TickDown: SUP2, START | Target: SUP2 | Affects: ['ALL']
        HuoHuoUltATK | ATK% | Stacks: 1 | Value: 0.400 | Remaining Turns: 1 | TickDown: SUP2, END | Target: SUP2 | Affects: ['ALL']
        HuoHuoUltExtraATK | ATK% | Stacks: 1 | Value: 0.240 | Remaining Turns: 1 | TickDown: SUP2, END | Target: SUP2 | Affects: ['ALL']
        ----------End of Buff List----------

        ----------Enemy Debuffs----------
        MortenaxBladeUltVul | From: SUP2 | VULN | Stacks: 1 | Value: 0.500 | Remaining Turns: 2 | Target: 1 | Targeting: ST | Affects: ['ALL'] | DOT: False | Blast: False
        MortenaxBladeUltShred | From: SUP2 | SHRED | Stacks: 1 | Value: 0.300 | Remaining Turns: 2 | Target: 1 | Targeting: ST | Affects: ['ALL'] | DOT: False | Blast: False
        ResoShred(SUP2) | From: SUP2 | SHRED | Stacks: 1 | Value: 0.160 | Remaining Turns: 1 | Target: 1 | Targeting: AOE | Affects: ['ALL'] | DOT: False | Blast: False
        ----------End of Debuff List----------
        ----------Healing List----------
        ----------End of Healing List----------
    GAUGE  - Enemy 1 toughness reduced by 0.000
    RESULT - MortenaxBladeBounceFUA | MortenaxBlade | SUP2 | DMG: 4587.911 | ELADMG: 0.000 | Enemies Hit: [1] | Enemies Broken: [] | WB DMG: 0.000 | Energy: 0.000 | Amount HP Healed: 0.000 | Amount HP Lost: 0.000 | MortenaxBlade Energy: 114/160 | SP: 5 | MaxSP: 5)
    TURN   - MortenaxBladeBounceFUA | MortenaxBlade | SUP2 | ST attack | ['FIR'] | ['FUA'] | Scaling: HP | TargetID: 1 | DMG/BREAK Splits: [0.24, 0]/[5, 0] | Energy Gained: 0 | SP Change: 0

        ----------Char Buffs----------
        GilgameshTrace3ATK | ATK% | Stacks: 1 | Value: 0.200 | Remaining Turns: 1 | TickDown: SUP2, PERM | Target: SUP2 | Affects: ['ALL']
        GilgameshTrace3CD | CD% | Stacks: 1 | Value: 0.200 | Remaining Turns: 1 | TickDown: SUP2, PERM | Target: SUP2 | Affects: ['ALL']
        MasterSmithHP | HP% | Stacks: 1 | Value: 0.120 | Remaining Turns: 1 | TickDown: SUP2, PERM | Target: SUP2 | Affects: ['ALL']
        LushakaERR | ERR% | Stacks: 1 | Value: 0.050 | Remaining Turns: 1 | TickDown: SUP2, PERM | Target: SUP2 | Affects: ['ALL']
        MortenaxBladeTraceCR | CR% | Stacks: 1 | Value: 0.120 | Remaining Turns: 1 | TickDown: SUP2, PERM | Target: SUP2 | Affects: ['ALL']
        MortenaxBladeTraceHP | HP% | Stacks: 1 | Value: 0.100 | Remaining Turns: 1 | TickDown: SUP2, PERM | Target: SUP2 | Affects: ['ALL']
        MortenaxBladeTraceDMG | DMG% | Stacks: 1 | Value: 0.224 | Remaining Turns: 1 | TickDown: SUP2, PERM | Target: SUP2 | Affects: ['ALL']
        KeelCD(SUS) | CD% | Stacks: 1 | Value: 0.100 | Remaining Turns: 1 | TickDown: SUP2, PERM | Target: SUP2 | Affects: ['ALL']
        MasterSmithCD | CD% | Stacks: 1 | Value: 0.280 | Remaining Turns: 1 | TickDown: SUP2, PERM | Target: SUP2 | Affects: ['ALL']
        MasterSmithComburent | DMG% | Stacks: 1 | Value: 0.150 | Remaining Turns: 2 | TickDown: SUP2, END | Target: SUP2 | Affects: ['ALL']
        MortenaxBladeCRBoost | CR% | Stacks: 1 | Value: 0.200 | Remaining Turns: 1 | TickDown: SUP2, PERM | Target: SUP2 | Affects: ['ALL']
        MortenaxBladeCDBoost | CD% | Stacks: 1 | Value: 0.600 | Remaining Turns: 1 | TickDown: SUP2, PERM | Target: SUP2 | Affects: ['ALL']
        MortenaxBladeDMGReduction | DMG_REDUCTION | Stacks: 1 | Value: 0.500 | Remaining Turns: 1 | TickDown: SUP2, PERM | Target: SUP2 | Affects: ['ALL']
        MortenaxBladeDMGBoost | DMG% | Stacks: 1 | Value: 0.500 | Remaining Turns: 1 | TickDown: SUP2, PERM | Target: SUP2 | Affects: ['ALL']
        MortenaxBladeDMG | DMG% | Stacks: 1 | Value: 0.750 | Remaining Turns: 1 | TickDown: SUP2, PERM | Target: SUP2 | Affects: ['ALL']
        WarriorGoddessHealCD | CD% | Stacks: 1 | Value: 0.150 | Remaining Turns: 2 | TickDown: SUP2, START | Target: SUP2 | Affects: ['ALL']
        HuoHuoUltATK | ATK% | Stacks: 1 | Value: 0.400 | Remaining Turns: 1 | TickDown: SUP2, END | Target: SUP2 | Affects: ['ALL']
        HuoHuoUltExtraATK | ATK% | Stacks: 1 | Value: 0.240 | Remaining Turns: 1 | TickDown: SUP2, END | Target: SUP2 | Affects: ['ALL']
        ----------End of Buff List----------

        ----------Enemy Debuffs----------
        MortenaxBladeUltVul | From: SUP2 | VULN | Stacks: 1 | Value: 0.500 | Remaining Turns: 2 | Target: 1 | Targeting: ST | Affects: ['ALL'] | DOT: False | Blast: False
        MortenaxBladeUltShred | From: SUP2 | SHRED | Stacks: 1 | Value: 0.300 | Remaining Turns: 2 | Target: 1 | Targeting: ST | Affects: ['ALL'] | DOT: False | Blast: False
        ResoShred(SUP2) | From: SUP2 | SHRED | Stacks: 1 | Value: 0.160 | Remaining Turns: 1 | Target: 1 | Targeting: AOE | Affects: ['ALL'] | DOT: False | Blast: False
        ----------End of Debuff List----------
        ----------Healing List----------
        ----------End of Healing List----------
    GAUGE  - Enemy 1 toughness reduced by 0.000
    RESULT - MortenaxBladeBounceFUA | MortenaxBlade | SUP2 | DMG: 4587.911 | ELADMG: 0.000 | Enemies Hit: [1] | Enemies Broken: [] | WB DMG: 0.000 | Energy: 0.000 | Amount HP Healed: 0.000 | Amount HP Lost: 0.000 | MortenaxBlade Energy: 114/160 | SP: 5 | MaxSP: 5)
SPD    > Gilgamesh speed changed to 146.032 | NewAV: 27.313
AV     > HuoHuo AV reset to 62.308 | 160.492 SPD

<<< NEW TURN >>>
-   MortenaxBlade AV: 0.000 ENERGY: 114.365 MaxHP: 4779.283 CurrHp 1149.112 ShieldHP: 0.000
-   Saber AV: 3.790 ENERGY: 139.000 MaxHP: 3366.991 CurrHp 2786.922 ShieldHP: 0.000
-   Enemy 1 AV: 4.811 ENERGY: 0.000 MaxHP: 5000000.000 CurrHp 1243829.246 ShieldHP: 0.000
-   Gilgamesh AV: 16.860 ENERGY: 98.000 MaxHP: 3134.558 CurrHp 1159.791 ShieldHP: 0.000
-   Enemy 0 AV: 41.670 ENERGY: 0.000 MaxHP: 2000000.000 CurrHp 470865.656 ShieldHP: 0.000
-   Enemy 2 AV: 41.670 ENERGY: 0.000 MaxHP: 2000000.000 CurrHp 470865.656 ShieldHP: 0.000
-   HuoHuo AV: 51.856 ENERGY: 62.302 MaxHP: 6139.808 CurrHp 4770.807 ShieldHP: 0.000
-   InfiniteFury AV: 70.096 ENERGY: 0.000 MaxHP: 0.000 CurrHp 0.000 ShieldHP: 0.000

Combat context set: 3 enemies, 4 players
Combat context initialized: 3 enemies, Elation team size: 0
ACTION > [CHAR] TotalAV: 516.022 | TurnAV: 10.453 | MortenaxBlade | E-move
MortenaxBlade has obtained 1 Charge. Current Charge count: 6.
    TURN   - MortenaxBladeAOESkill | MortenaxBlade | SUP2 | AOE attack | ['FIR'] | ['SKL'] | Scaling: HP | TargetID: 1 | DMG/BREAK Splits: [0.72, 0]/[10, 0] | Energy Gained: 30 | SP Change: 0

        ----------Char Buffs----------
        GilgameshTrace3ATK | ATK% | Stacks: 1 | Value: 0.200 | Remaining Turns: 1 | TickDown: SUP2, PERM | Target: SUP2 | Affects: ['ALL']
        GilgameshTrace3CD | CD% | Stacks: 1 | Value: 0.200 | Remaining Turns: 1 | TickDown: SUP2, PERM | Target: SUP2 | Affects: ['ALL']
        MasterSmithHP | HP% | Stacks: 1 | Value: 0.120 | Remaining Turns: 1 | TickDown: SUP2, PERM | Target: SUP2 | Affects: ['ALL']
        LushakaERR | ERR% | Stacks: 1 | Value: 0.050 | Remaining Turns: 1 | TickDown: SUP2, PERM | Target: SUP2 | Affects: ['ALL']
        MortenaxBladeTraceCR | CR% | Stacks: 1 | Value: 0.120 | Remaining Turns: 1 | TickDown: SUP2, PERM | Target: SUP2 | Affects: ['ALL']
        MortenaxBladeTraceHP | HP% | Stacks: 1 | Value: 0.100 | Remaining Turns: 1 | TickDown: SUP2, PERM | Target: SUP2 | Affects: ['ALL']
        MortenaxBladeTraceDMG | DMG% | Stacks: 1 | Value: 0.224 | Remaining Turns: 1 | TickDown: SUP2, PERM | Target: SUP2 | Affects: ['ALL']
        KeelCD(SUS) | CD% | Stacks: 1 | Value: 0.100 | Remaining Turns: 1 | TickDown: SUP2, PERM | Target: SUP2 | Affects: ['ALL']
        MasterSmithCD | CD% | Stacks: 1 | Value: 0.280 | Remaining Turns: 1 | TickDown: SUP2, PERM | Target: SUP2 | Affects: ['ALL']
        MasterSmithComburent | DMG% | Stacks: 1 | Value: 0.150 | Remaining Turns: 2 | TickDown: SUP2, END | Target: SUP2 | Affects: ['ALL']
        MortenaxBladeCRBoost | CR% | Stacks: 1 | Value: 0.200 | Remaining Turns: 1 | TickDown: SUP2, PERM | Target: SUP2 | Affects: ['ALL']
        MortenaxBladeCDBoost | CD% | Stacks: 1 | Value: 0.600 | Remaining Turns: 1 | TickDown: SUP2, PERM | Target: SUP2 | Affects: ['ALL']
        MortenaxBladeDMGReduction | DMG_REDUCTION | Stacks: 1 | Value: 0.500 | Remaining Turns: 1 | TickDown: SUP2, PERM | Target: SUP2 | Affects: ['ALL']
        MortenaxBladeDMGBoost | DMG% | Stacks: 1 | Value: 0.500 | Remaining Turns: 1 | TickDown: SUP2, PERM | Target: SUP2 | Affects: ['ALL']
        MortenaxBladeDMG | DMG% | Stacks: 1 | Value: 0.750 | Remaining Turns: 1 | TickDown: SUP2, PERM | Target: SUP2 | Affects: ['ALL']
        WarriorGoddessHealCD | CD% | Stacks: 1 | Value: 0.150 | Remaining Turns: 1 | TickDown: SUP2, START | Target: SUP2 | Affects: ['ALL']
        HuoHuoUltATK | ATK% | Stacks: 1 | Value: 0.400 | Remaining Turns: 1 | TickDown: SUP2, END | Target: SUP2 | Affects: ['ALL']
        HuoHuoUltExtraATK | ATK% | Stacks: 1 | Value: 0.240 | Remaining Turns: 1 | TickDown: SUP2, END | Target: SUP2 | Affects: ['ALL']
        ----------End of Buff List----------

        ----------Enemy Debuffs----------
        MortenaxBladeUltVul | From: SUP2 | VULN | Stacks: 1 | Value: 0.500 | Remaining Turns: 2 | Target: 1 | Targeting: ST | Affects: ['ALL'] | DOT: False | Blast: False
        MortenaxBladeUltShred | From: SUP2 | SHRED | Stacks: 1 | Value: 0.300 | Remaining Turns: 2 | Target: 1 | Targeting: ST | Affects: ['ALL'] | DOT: False | Blast: False
        ResoShred(SUP2) | From: SUP2 | SHRED | Stacks: 1 | Value: 0.160 | Remaining Turns: 1 | Target: 1 | Targeting: AOE | Affects: ['ALL'] | DOT: False | Blast: False
        ----------End of Debuff List----------
        ----------Healing List----------
        ----------End of Healing List----------
    GAUGE  - Enemy 0 toughness reduced by 0.000
    GAUGE  - Enemy 1 toughness reduced by 0.000
    GAUGE  - Enemy 2 toughness reduced by 0.000
    RESULT - MortenaxBladeAOESkill | MortenaxBlade | SUP2 | DMG: 41291.203 | ELADMG: 0.000 | Enemies Hit: [0, 1, 2] | Enemies Broken: [] | WB DMG: 0.000 | Energy: 37.332 | Amount HP Healed: 0.000 | Amount HP Lost: 0.000 | MortenaxBlade Energy: 152/160 | SP: 5 | MaxSP: 5)
Gilgamesh Obtained 1 Interest from Teammate, Current count: 3
    TURN   - MortenaxBladeBounceSkill | MortenaxBlade | SUP2 | ST attack | ['FIR'] | ['SKL'] | Scaling: HP | TargetID: 1 | DMG/BREAK Splits: [0.24, 0]/[5, 0] | Energy Gained: 0 | SP Change: 0

        ----------Char Buffs----------
        GilgameshTrace3ATK | ATK% | Stacks: 1 | Value: 0.200 | Remaining Turns: 1 | TickDown: SUP2, PERM | Target: SUP2 | Affects: ['ALL']
        GilgameshTrace3CD | CD% | Stacks: 1 | Value: 0.200 | Remaining Turns: 1 | TickDown: SUP2, PERM | Target: SUP2 | Affects: ['ALL']
        MasterSmithHP | HP% | Stacks: 1 | Value: 0.120 | Remaining Turns: 1 | TickDown: SUP2, PERM | Target: SUP2 | Affects: ['ALL']
        LushakaERR | ERR% | Stacks: 1 | Value: 0.050 | Remaining Turns: 1 | TickDown: SUP2, PERM | Target: SUP2 | Affects: ['ALL']
        MortenaxBladeTraceCR | CR% | Stacks: 1 | Value: 0.120 | Remaining Turns: 1 | TickDown: SUP2, PERM | Target: SUP2 | Affects: ['ALL']
        MortenaxBladeTraceHP | HP% | Stacks: 1 | Value: 0.100 | Remaining Turns: 1 | TickDown: SUP2, PERM | Target: SUP2 | Affects: ['ALL']
        MortenaxBladeTraceDMG | DMG% | Stacks: 1 | Value: 0.224 | Remaining Turns: 1 | TickDown: SUP2, PERM | Target: SUP2 | Affects: ['ALL']
        KeelCD(SUS) | CD% | Stacks: 1 | Value: 0.100 | Remaining Turns: 1 | TickDown: SUP2, PERM | Target: SUP2 | Affects: ['ALL']
        MasterSmithCD | CD% | Stacks: 1 | Value: 0.280 | Remaining Turns: 1 | TickDown: SUP2, PERM | Target: SUP2 | Affects: ['ALL']
        MasterSmithComburent | DMG% | Stacks: 1 | Value: 0.150 | Remaining Turns: 2 | TickDown: SUP2, END | Target: SUP2 | Affects: ['ALL']
        MortenaxBladeCRBoost | CR% | Stacks: 1 | Value: 0.200 | Remaining Turns: 1 | TickDown: SUP2, PERM | Target: SUP2 | Affects: ['ALL']
        MortenaxBladeCDBoost | CD% | Stacks: 1 | Value: 0.600 | Remaining Turns: 1 | TickDown: SUP2, PERM | Target: SUP2 | Affects: ['ALL']
        MortenaxBladeDMGReduction | DMG_REDUCTION | Stacks: 1 | Value: 0.500 | Remaining Turns: 1 | TickDown: SUP2, PERM | Target: SUP2 | Affects: ['ALL']
        MortenaxBladeDMGBoost | DMG% | Stacks: 1 | Value: 0.500 | Remaining Turns: 1 | TickDown: SUP2, PERM | Target: SUP2 | Affects: ['ALL']
        MortenaxBladeDMG | DMG% | Stacks: 1 | Value: 0.750 | Remaining Turns: 1 | TickDown: SUP2, PERM | Target: SUP2 | Affects: ['ALL']
        WarriorGoddessHealCD | CD% | Stacks: 1 | Value: 0.150 | Remaining Turns: 1 | TickDown: SUP2, START | Target: SUP2 | Affects: ['ALL']
        HuoHuoUltATK | ATK% | Stacks: 1 | Value: 0.400 | Remaining Turns: 1 | TickDown: SUP2, END | Target: SUP2 | Affects: ['ALL']
        HuoHuoUltExtraATK | ATK% | Stacks: 1 | Value: 0.240 | Remaining Turns: 1 | TickDown: SUP2, END | Target: SUP2 | Affects: ['ALL']
        ----------End of Buff List----------

        ----------Enemy Debuffs----------
        MortenaxBladeUltVul | From: SUP2 | VULN | Stacks: 1 | Value: 0.500 | Remaining Turns: 2 | Target: 1 | Targeting: ST | Affects: ['ALL'] | DOT: False | Blast: False
        MortenaxBladeUltShred | From: SUP2 | SHRED | Stacks: 1 | Value: 0.300 | Remaining Turns: 2 | Target: 1 | Targeting: ST | Affects: ['ALL'] | DOT: False | Blast: False
        ResoShred(SUP2) | From: SUP2 | SHRED | Stacks: 1 | Value: 0.160 | Remaining Turns: 1 | Target: 1 | Targeting: AOE | Affects: ['ALL'] | DOT: False | Blast: False
        ----------End of Debuff List----------
        ----------Healing List----------
        ----------End of Healing List----------
    GAUGE  - Enemy 1 toughness reduced by 0.000
    RESULT - MortenaxBladeBounceSkill | MortenaxBlade | SUP2 | DMG: 4587.911 | ELADMG: 0.000 | Enemies Hit: [1] | Enemies Broken: [] | WB DMG: 0.000 | Energy: 0.000 | Amount HP Healed: 0.000 | Amount HP Lost: 0.000 | MortenaxBlade Energy: 152/160 | SP: 5 | MaxSP: 5)
    TURN   - MortenaxBladeBounceSkill | MortenaxBlade | SUP2 | ST attack | ['FIR'] | ['SKL'] | Scaling: HP | TargetID: 1 | DMG/BREAK Splits: [0.24, 0]/[5, 0] | Energy Gained: 0 | SP Change: 0

        ----------Char Buffs----------
        GilgameshTrace3ATK | ATK% | Stacks: 1 | Value: 0.200 | Remaining Turns: 1 | TickDown: SUP2, PERM | Target: SUP2 | Affects: ['ALL']
        GilgameshTrace3CD | CD% | Stacks: 1 | Value: 0.200 | Remaining Turns: 1 | TickDown: SUP2, PERM | Target: SUP2 | Affects: ['ALL']
        MasterSmithHP | HP% | Stacks: 1 | Value: 0.120 | Remaining Turns: 1 | TickDown: SUP2, PERM | Target: SUP2 | Affects: ['ALL']
        LushakaERR | ERR% | Stacks: 1 | Value: 0.050 | Remaining Turns: 1 | TickDown: SUP2, PERM | Target: SUP2 | Affects: ['ALL']
        MortenaxBladeTraceCR | CR% | Stacks: 1 | Value: 0.120 | Remaining Turns: 1 | TickDown: SUP2, PERM | Target: SUP2 | Affects: ['ALL']
        MortenaxBladeTraceHP | HP% | Stacks: 1 | Value: 0.100 | Remaining Turns: 1 | TickDown: SUP2, PERM | Target: SUP2 | Affects: ['ALL']
        MortenaxBladeTraceDMG | DMG% | Stacks: 1 | Value: 0.224 | Remaining Turns: 1 | TickDown: SUP2, PERM | Target: SUP2 | Affects: ['ALL']
        KeelCD(SUS) | CD% | Stacks: 1 | Value: 0.100 | Remaining Turns: 1 | TickDown: SUP2, PERM | Target: SUP2 | Affects: ['ALL']
        MasterSmithCD | CD% | Stacks: 1 | Value: 0.280 | Remaining Turns: 1 | TickDown: SUP2, PERM | Target: SUP2 | Affects: ['ALL']
        MasterSmithComburent | DMG% | Stacks: 1 | Value: 0.150 | Remaining Turns: 2 | TickDown: SUP2, END | Target: SUP2 | Affects: ['ALL']
        MortenaxBladeCRBoost | CR% | Stacks: 1 | Value: 0.200 | Remaining Turns: 1 | TickDown: SUP2, PERM | Target: SUP2 | Affects: ['ALL']
        MortenaxBladeCDBoost | CD% | Stacks: 1 | Value: 0.600 | Remaining Turns: 1 | TickDown: SUP2, PERM | Target: SUP2 | Affects: ['ALL']
        MortenaxBladeDMGReduction | DMG_REDUCTION | Stacks: 1 | Value: 0.500 | Remaining Turns: 1 | TickDown: SUP2, PERM | Target: SUP2 | Affects: ['ALL']
        MortenaxBladeDMGBoost | DMG% | Stacks: 1 | Value: 0.500 | Remaining Turns: 1 | TickDown: SUP2, PERM | Target: SUP2 | Affects: ['ALL']
        MortenaxBladeDMG | DMG% | Stacks: 1 | Value: 0.750 | Remaining Turns: 1 | TickDown: SUP2, PERM | Target: SUP2 | Affects: ['ALL']
        WarriorGoddessHealCD | CD% | Stacks: 1 | Value: 0.150 | Remaining Turns: 1 | TickDown: SUP2, START | Target: SUP2 | Affects: ['ALL']
        HuoHuoUltATK | ATK% | Stacks: 1 | Value: 0.400 | Remaining Turns: 1 | TickDown: SUP2, END | Target: SUP2 | Affects: ['ALL']
        HuoHuoUltExtraATK | ATK% | Stacks: 1 | Value: 0.240 | Remaining Turns: 1 | TickDown: SUP2, END | Target: SUP2 | Affects: ['ALL']
        ----------End of Buff List----------

        ----------Enemy Debuffs----------
        MortenaxBladeUltVul | From: SUP2 | VULN | Stacks: 1 | Value: 0.500 | Remaining Turns: 2 | Target: 1 | Targeting: ST | Affects: ['ALL'] | DOT: False | Blast: False
        MortenaxBladeUltShred | From: SUP2 | SHRED | Stacks: 1 | Value: 0.300 | Remaining Turns: 2 | Target: 1 | Targeting: ST | Affects: ['ALL'] | DOT: False | Blast: False
        ResoShred(SUP2) | From: SUP2 | SHRED | Stacks: 1 | Value: 0.160 | Remaining Turns: 1 | Target: 1 | Targeting: AOE | Affects: ['ALL'] | DOT: False | Blast: False
        ----------End of Debuff List----------
        ----------Healing List----------
        ----------End of Healing List----------
    GAUGE  - Enemy 1 toughness reduced by 0.000
    RESULT - MortenaxBladeBounceSkill | MortenaxBlade | SUP2 | DMG: 4587.911 | ELADMG: 0.000 | Enemies Hit: [1] | Enemies Broken: [] | WB DMG: 0.000 | Energy: 0.000 | Amount HP Healed: 0.000 | Amount HP Lost: 0.000 | MortenaxBlade Energy: 152/160 | SP: 5 | MaxSP: 5)
    TURN   - MortenaxBladeBounceSkill | MortenaxBlade | SUP2 | ST attack | ['FIR'] | ['SKL'] | Scaling: HP | TargetID: 1 | DMG/BREAK Splits: [0.24, 0]/[5, 0] | Energy Gained: 0 | SP Change: 0

        ----------Char Buffs----------
        GilgameshTrace3ATK | ATK% | Stacks: 1 | Value: 0.200 | Remaining Turns: 1 | TickDown: SUP2, PERM | Target: SUP2 | Affects: ['ALL']
        GilgameshTrace3CD | CD% | Stacks: 1 | Value: 0.200 | Remaining Turns: 1 | TickDown: SUP2, PERM | Target: SUP2 | Affects: ['ALL']
        MasterSmithHP | HP% | Stacks: 1 | Value: 0.120 | Remaining Turns: 1 | TickDown: SUP2, PERM | Target: SUP2 | Affects: ['ALL']
        LushakaERR | ERR% | Stacks: 1 | Value: 0.050 | Remaining Turns: 1 | TickDown: SUP2, PERM | Target: SUP2 | Affects: ['ALL']
        MortenaxBladeTraceCR | CR% | Stacks: 1 | Value: 0.120 | Remaining Turns: 1 | TickDown: SUP2, PERM | Target: SUP2 | Affects: ['ALL']
        MortenaxBladeTraceHP | HP% | Stacks: 1 | Value: 0.100 | Remaining Turns: 1 | TickDown: SUP2, PERM | Target: SUP2 | Affects: ['ALL']
        MortenaxBladeTraceDMG | DMG% | Stacks: 1 | Value: 0.224 | Remaining Turns: 1 | TickDown: SUP2, PERM | Target: SUP2 | Affects: ['ALL']
        KeelCD(SUS) | CD% | Stacks: 1 | Value: 0.100 | Remaining Turns: 1 | TickDown: SUP2, PERM | Target: SUP2 | Affects: ['ALL']
        MasterSmithCD | CD% | Stacks: 1 | Value: 0.280 | Remaining Turns: 1 | TickDown: SUP2, PERM | Target: SUP2 | Affects: ['ALL']
        MasterSmithComburent | DMG% | Stacks: 1 | Value: 0.150 | Remaining Turns: 2 | TickDown: SUP2, END | Target: SUP2 | Affects: ['ALL']
        MortenaxBladeCRBoost | CR% | Stacks: 1 | Value: 0.200 | Remaining Turns: 1 | TickDown: SUP2, PERM | Target: SUP2 | Affects: ['ALL']
        MortenaxBladeCDBoost | CD% | Stacks: 1 | Value: 0.600 | Remaining Turns: 1 | TickDown: SUP2, PERM | Target: SUP2 | Affects: ['ALL']
        MortenaxBladeDMGReduction | DMG_REDUCTION | Stacks: 1 | Value: 0.500 | Remaining Turns: 1 | TickDown: SUP2, PERM | Target: SUP2 | Affects: ['ALL']
        MortenaxBladeDMGBoost | DMG% | Stacks: 1 | Value: 0.500 | Remaining Turns: 1 | TickDown: SUP2, PERM | Target: SUP2 | Affects: ['ALL']
        MortenaxBladeDMG | DMG% | Stacks: 1 | Value: 0.750 | Remaining Turns: 1 | TickDown: SUP2, PERM | Target: SUP2 | Affects: ['ALL']
        WarriorGoddessHealCD | CD% | Stacks: 1 | Value: 0.150 | Remaining Turns: 1 | TickDown: SUP2, START | Target: SUP2 | Affects: ['ALL']
        HuoHuoUltATK | ATK% | Stacks: 1 | Value: 0.400 | Remaining Turns: 1 | TickDown: SUP2, END | Target: SUP2 | Affects: ['ALL']
        HuoHuoUltExtraATK | ATK% | Stacks: 1 | Value: 0.240 | Remaining Turns: 1 | TickDown: SUP2, END | Target: SUP2 | Affects: ['ALL']
        ----------End of Buff List----------

        ----------Enemy Debuffs----------
        MortenaxBladeUltVul | From: SUP2 | VULN | Stacks: 1 | Value: 0.500 | Remaining Turns: 2 | Target: 1 | Targeting: ST | Affects: ['ALL'] | DOT: False | Blast: False
        MortenaxBladeUltShred | From: SUP2 | SHRED | Stacks: 1 | Value: 0.300 | Remaining Turns: 2 | Target: 1 | Targeting: ST | Affects: ['ALL'] | DOT: False | Blast: False
        ResoShred(SUP2) | From: SUP2 | SHRED | Stacks: 1 | Value: 0.160 | Remaining Turns: 1 | Target: 1 | Targeting: AOE | Affects: ['ALL'] | DOT: False | Blast: False
        ----------End of Debuff List----------
        ----------Healing List----------
        ----------End of Healing List----------
    GAUGE  - Enemy 1 toughness reduced by 0.000
    RESULT - MortenaxBladeBounceSkill | MortenaxBlade | SUP2 | DMG: 4587.911 | ELADMG: 0.000 | Enemies Hit: [1] | Enemies Broken: [] | WB DMG: 0.000 | Energy: 0.000 | Amount HP Healed: 0.000 | Amount HP Lost: 0.000 | MortenaxBlade Energy: 152/160 | SP: 5 | MaxSP: 5)
    TURN   - MortenaxBladeBounceSkill | MortenaxBlade | SUP2 | ST attack | ['FIR'] | ['SKL'] | Scaling: HP | TargetID: 1 | DMG/BREAK Splits: [0.24, 0]/[5, 0] | Energy Gained: 0 | SP Change: 0

        ----------Char Buffs----------
        GilgameshTrace3ATK | ATK% | Stacks: 1 | Value: 0.200 | Remaining Turns: 1 | TickDown: SUP2, PERM | Target: SUP2 | Affects: ['ALL']
        GilgameshTrace3CD | CD% | Stacks: 1 | Value: 0.200 | Remaining Turns: 1 | TickDown: SUP2, PERM | Target: SUP2 | Affects: ['ALL']
        MasterSmithHP | HP% | Stacks: 1 | Value: 0.120 | Remaining Turns: 1 | TickDown: SUP2, PERM | Target: SUP2 | Affects: ['ALL']
        LushakaERR | ERR% | Stacks: 1 | Value: 0.050 | Remaining Turns: 1 | TickDown: SUP2, PERM | Target: SUP2 | Affects: ['ALL']
        MortenaxBladeTraceCR | CR% | Stacks: 1 | Value: 0.120 | Remaining Turns: 1 | TickDown: SUP2, PERM | Target: SUP2 | Affects: ['ALL']
        MortenaxBladeTraceHP | HP% | Stacks: 1 | Value: 0.100 | Remaining Turns: 1 | TickDown: SUP2, PERM | Target: SUP2 | Affects: ['ALL']
        MortenaxBladeTraceDMG | DMG% | Stacks: 1 | Value: 0.224 | Remaining Turns: 1 | TickDown: SUP2, PERM | Target: SUP2 | Affects: ['ALL']
        KeelCD(SUS) | CD% | Stacks: 1 | Value: 0.100 | Remaining Turns: 1 | TickDown: SUP2, PERM | Target: SUP2 | Affects: ['ALL']
        MasterSmithCD | CD% | Stacks: 1 | Value: 0.280 | Remaining Turns: 1 | TickDown: SUP2, PERM | Target: SUP2 | Affects: ['ALL']
        MasterSmithComburent | DMG% | Stacks: 1 | Value: 0.150 | Remaining Turns: 2 | TickDown: SUP2, END | Target: SUP2 | Affects: ['ALL']
        MortenaxBladeCRBoost | CR% | Stacks: 1 | Value: 0.200 | Remaining Turns: 1 | TickDown: SUP2, PERM | Target: SUP2 | Affects: ['ALL']
        MortenaxBladeCDBoost | CD% | Stacks: 1 | Value: 0.600 | Remaining Turns: 1 | TickDown: SUP2, PERM | Target: SUP2 | Affects: ['ALL']
        MortenaxBladeDMGReduction | DMG_REDUCTION | Stacks: 1 | Value: 0.500 | Remaining Turns: 1 | TickDown: SUP2, PERM | Target: SUP2 | Affects: ['ALL']
        MortenaxBladeDMGBoost | DMG% | Stacks: 1 | Value: 0.500 | Remaining Turns: 1 | TickDown: SUP2, PERM | Target: SUP2 | Affects: ['ALL']
        MortenaxBladeDMG | DMG% | Stacks: 1 | Value: 0.750 | Remaining Turns: 1 | TickDown: SUP2, PERM | Target: SUP2 | Affects: ['ALL']
        WarriorGoddessHealCD | CD% | Stacks: 1 | Value: 0.150 | Remaining Turns: 1 | TickDown: SUP2, START | Target: SUP2 | Affects: ['ALL']
        HuoHuoUltATK | ATK% | Stacks: 1 | Value: 0.400 | Remaining Turns: 1 | TickDown: SUP2, END | Target: SUP2 | Affects: ['ALL']
        HuoHuoUltExtraATK | ATK% | Stacks: 1 | Value: 0.240 | Remaining Turns: 1 | TickDown: SUP2, END | Target: SUP2 | Affects: ['ALL']
        ----------End of Buff List----------

        ----------Enemy Debuffs----------
        MortenaxBladeUltVul | From: SUP2 | VULN | Stacks: 1 | Value: 0.500 | Remaining Turns: 2 | Target: 1 | Targeting: ST | Affects: ['ALL'] | DOT: False | Blast: False
        MortenaxBladeUltShred | From: SUP2 | SHRED | Stacks: 1 | Value: 0.300 | Remaining Turns: 2 | Target: 1 | Targeting: ST | Affects: ['ALL'] | DOT: False | Blast: False
        ResoShred(SUP2) | From: SUP2 | SHRED | Stacks: 1 | Value: 0.160 | Remaining Turns: 1 | Target: 1 | Targeting: AOE | Affects: ['ALL'] | DOT: False | Blast: False
        ----------End of Debuff List----------
        ----------Healing List----------
        ----------End of Healing List----------
    GAUGE  - Enemy 1 toughness reduced by 0.000
    RESULT - MortenaxBladeBounceSkill | MortenaxBlade | SUP2 | DMG: 4587.911 | ELADMG: 0.000 | Enemies Hit: [1] | Enemies Broken: [] | WB DMG: 0.000 | Energy: 0.000 | Amount HP Healed: 0.000 | Amount HP Lost: 0.000 | MortenaxBlade Energy: 152/160 | SP: 5 | MaxSP: 5)
        Buff HuoHuoUltATK expired
        Buff HuoHuoUltExtraATK expired
SPD    > Gilgamesh speed changed to 155.732 | NewAV: 15.810
AV     > MortenaxBlade AV reset to 64.503 | 155.032 SPD

<<< NEW TURN >>>
-   Saber AV: 0.000 ENERGY: 139.000 MaxHP: 3366.991 CurrHp 2786.922 ShieldHP: 0.000
-   Enemy 1 AV: 1.021 ENERGY: 0.000 MaxHP: 5000000.000 CurrHp 1211713.866 ShieldHP: 0.000
-   Gilgamesh AV: 12.020 ENERGY: 98.000 MaxHP: 3134.558 CurrHp 1159.791 ShieldHP: 0.000
-   Enemy 0 AV: 37.880 ENERGY: 0.000 MaxHP: 2000000.000 CurrHp 457101.922 ShieldHP: 0.000
-   Enemy 2 AV: 37.880 ENERGY: 0.000 MaxHP: 2000000.000 CurrHp 457101.922 ShieldHP: 0.000
-   HuoHuo AV: 48.066 ENERGY: 62.302 MaxHP: 6139.808 CurrHp 4770.807 ShieldHP: 0.000
-   MortenaxBlade AV: 60.713 ENERGY: 151.697 MaxHP: 4779.283 CurrHp 671.184 ShieldHP: 0.000
-   InfiniteFury AV: 66.306 ENERGY: 0.000 MaxHP: 0.000 CurrHp 0.000 ShieldHP: 0.000

Combat context set: 3 enemies, 4 players
Combat context initialized: 3 enemies, Elation team size: 0
ACTION > [CHAR] TotalAV: 519.812 | TurnAV: 3.790 | Saber | E-move
        Buff ScholarBonusDMG expired
Saber got 3 Core Resonance from Skill, Current Count: 28
    TURN   - SaberSkill | Saber | DPS | BLAST attack | ['WIN'] | ['SKL'] | Scaling: ATK | TargetID: 1 | DMG/BREAK Splits: [1.5, 0.75]/[20, 10] | Energy Gained: 30 | SP Change: -1

        ----------Char Buffs----------
        ThanklessCoronationCD | CR% | Stacks: 1 | Value: 0.360 | Remaining Turns: 1 | TickDown: DPS, PERM | Target: DPS | Affects: ['ALL']
        ScholarCR | CR% | Stacks: 1 | Value: 0.080 | Remaining Turns: 1 | TickDown: DPS, PERM | Target: DPS | Affects: ['ALL']
        ScholarDMG | DMG% | Stacks: 1 | Value: 0.200 | Remaining Turns: 1 | TickDown: DPS, PERM | Target: DPS | Affects: ['SKL', 'ULT']
        SaberTraceHP | HP% | Stacks: 1 | Value: 0.100 | Remaining Turns: 1 | TickDown: DPS, PERM | Target: DPS | Affects: ['ALL']
        SaberTraceCR | CR% | Stacks: 1 | Value: 0.120 | Remaining Turns: 1 | TickDown: DPS, PERM | Target: DPS | Affects: ['ALL']
        SaberTraceDMG | DMG% | Stacks: 1 | Value: 0.224 | Remaining Turns: 1 | TickDown: DPS, PERM | Target: DPS | Affects: ['ALL']
        SaberTrace1CR | CR% | Stacks: 1 | Value: 0.200 | Remaining Turns: 1 | TickDown: DPS, PERM | Target: DPS | Affects: ['ALL']
        GilgameshTrace3ATK | ATK% | Stacks: 1 | Value: 0.200 | Remaining Turns: 1 | TickDown: DPS, PERM | Target: DPS | Affects: ['ALL']
        GilgameshTrace3CD | CD% | Stacks: 1 | Value: 0.200 | Remaining Turns: 1 | TickDown: DPS, PERM | Target: DPS | Affects: ['ALL']
        LushakaATK(SUP2) | ATK% | Stacks: 1 | Value: 0.120 | Remaining Turns: 1 | TickDown: DPS, PERM | Target: DPS | Affects: ['ALL']
        KeelCD(SUS) | CD% | Stacks: 1 | Value: 0.100 | Remaining Turns: 1 | TickDown: DPS, PERM | Target: DPS | Affects: ['ALL']
        CosmicLifeDMG | DMG% | Stacks: 1 | Value: 0.320 | Remaining Turns: 1 | TickDown: DPS, PERM | Target: DPS | Affects: ['ALL']
        Trace3CDExtra | CD% | Stacks: 1 | Value: 0.320 | Remaining Turns: 1 | TickDown: DPS, PERM | Target: DPS | Affects: ['ALL']
        MasterSmithComburent | DMG% | Stacks: 1 | Value: 0.150 | Remaining Turns: 2 | TickDown: DPS, END | Target: DPS | Affects: ['ALL']
        MortenaxBladeDMGBoost | DMG% | Stacks: 1 | Value: 0.500 | Remaining Turns: 1 | TickDown: DPS, PERM | Target: DPS | Affects: ['ALL']
        GilgameshTrace3AllyATK | ATK% | Stacks: 1 | Value: 1.000 | Remaining Turns: 1 | TickDown: DPS, PERM | Target: DPS | Affects: ['ALL']
        GilgameshTrace3AllyCD | CD% | Stacks: 1 | Value: 1.000 | Remaining Turns: 1 | TickDown: DPS, PERM | Target: DPS | Affects: ['ALL']
        WarriorGoddessHealCD | CD% | Stacks: 1 | Value: 0.150 | Remaining Turns: 1 | TickDown: DPS, START | Target: DPS | Affects: ['ALL']
        HuoHuoUltATK | ATK% | Stacks: 1 | Value: 0.400 | Remaining Turns: 1 | TickDown: DPS, END | Target: DPS | Affects: ['ALL']
        HuoHuoUltExtraATK | ATK% | Stacks: 1 | Value: 0.240 | Remaining Turns: 1 | TickDown: DPS, END | Target: DPS | Affects: ['ALL']
        TalentDMG | DMG% | Stacks: 1 | Value: 0.600 | Remaining Turns: 1 | TickDown: DPS, END | Target: DPS | Affects: ['ALL']
        ThanklessCoronationATK | ATK% | Stacks: 1 | Value: 0.400 | Remaining Turns: 1 | TickDown: DPS, END | Target: DPS | Affects: ['ALL']
        ThanklessCoronationATKExtra | ATK% | Stacks: 1 | Value: 0.400 | Remaining Turns: 1 | TickDown: DPS, END | Target: DPS | Affects: ['ALL']
        Trace3CD | CD% | Stacks: 1 | Value: 0.500 | Remaining Turns: 2 | TickDown: DPS, END | Target: DPS | Affects: ['ALL']
        ----------End of Buff List----------

        ----------Enemy Debuffs----------
        MortenaxBladeUltVul | From: SUP2 | VULN | Stacks: 1 | Value: 0.500 | Remaining Turns: 2 | Target: 1 | Targeting: ST | Affects: ['ALL'] | DOT: False | Blast: False
        MortenaxBladeUltShred | From: SUP2 | SHRED | Stacks: 1 | Value: 0.300 | Remaining Turns: 2 | Target: 1 | Targeting: ST | Affects: ['ALL'] | DOT: False | Blast: False
        ResoShred(SUP2) | From: SUP2 | SHRED | Stacks: 1 | Value: 0.160 | Remaining Turns: 1 | Target: 1 | Targeting: AOE | Affects: ['ALL'] | DOT: False | Blast: False
        ----------End of Debuff List----------
        ----------Healing List----------
        ----------End of Healing List----------
    GAUGE  - Enemy 1 toughness reduced by 20.000
    GAUGE  - Enemy 0 toughness reduced by 10.000
    GAUGE  - Enemy 2 toughness reduced by 10.000
    RESULT - SaberSkill | Saber | DPS | DMG: 217244.487 | ELADMG: 0.000 | Enemies Hit: [1, 0, 2] | Enemies Broken: [0, 2] | WB DMG: 35036.712 | Energy: 30.000 | Amount HP Healed: 0.000 | Amount HP Lost: 0.000 | Saber Energy: 169/360 | SP: 4 | MaxSP: 5)
Gilgamesh Obtained 1 Interest from Teammate, Current count: 4
Gilgamesh JointCounter increased by one, current count: 5
MortenaxBlade has obtained 1 Charge. Current Charge count: 7.
        Buff HuoHuoUltATK expired
        Buff HuoHuoUltExtraATK expired
        Buff TalentDMG expired
        Buff ThanklessCoronationATK expired
        Buff ThanklessCoronationATKExtra expired
SPD    > Gilgamesh speed changed to 165.432 | NewAV: 11.315
AV     > Saber AV reset to 76.551 | 130.632 SPD
DELAY  > Enemy 0 delayed by 25.0% from STDBreakDelay | NewAV: 57.111
DELAY  > Enemy 2 delayed by 25.0% from STDBreakDelay | NewAV: 57.111

<<< NEW TURN >>>
-   Enemy 1 AV: 0.000 ENERGY: 0.000 MaxHP: 5000000.000 CurrHp 1103091.623 ShieldHP: 0.000
-   Gilgamesh AV: 10.294 ENERGY: 98.000 MaxHP: 3134.558 CurrHp 1159.791 ShieldHP: 0.000
-   HuoHuo AV: 47.045 ENERGY: 62.302 MaxHP: 6139.808 CurrHp 4770.807 ShieldHP: 0.000
-   Enemy 0 AV: 56.090 ENERGY: 0.000 MaxHP: 2000000.000 CurrHp 402790.800 ShieldHP: 0.000
-   Enemy 2 AV: 56.090 ENERGY: 0.000 MaxHP: 2000000.000 CurrHp 402790.800 ShieldHP: 0.000
-   MortenaxBlade AV: 59.692 ENERGY: 151.697 MaxHP: 4779.283 CurrHp 671.184 ShieldHP: 0.000
-   InfiniteFury AV: 65.285 ENERGY: 0.000 MaxHP: 0.000 CurrHp 0.000 ShieldHP: 0.000
-   Saber AV: 75.530 ENERGY: 169.000 MaxHP: 3366.991 CurrHp 2786.922 ShieldHP: 0.000

Combat context set: 3 enemies, 4 players
Combat context initialized: 3 enemies, Elation team size: 0
ACTION > [ENEMY] TotalAV: 520.833 | TurnAV: 1.021 | Enemy 1 | 1 attacks
MortenaxBlade has obtained 1 Charge. Current Charge count: 8.
    CharEnergy - Saber: Hit 1.667 Total: 170.667 | Gilgamesh: Hit 5.000 Total: 103.000 | MortenaxBlade: Hit 8.333 Total: 160.000 | HuoHuo: Hit 5.000 Total: 69.074 |
    ENEMY  - Enemy 1 [aoe] dealt 130.5 to MortenaxBlade (energy: 3.3, DEF: 2014, atkMul: 1.00, dmgMul: 1.00) | Shield Absorbed: 0.0 | HP Lost: 130.5 | HP: 541/4779 | Shield HP: 0
    ENEMY  - Enemy 1 [aoe] dealt 116.0 to Saber (energy: 1.7, DEF: 2409, atkMul: 1.00, dmgMul: 1.00) | Shield Absorbed: 0.0 | HP Lost: 116.0 | HP: 2671/3367 | Shield HP: 0
    ENEMY  - Enemy 1 [aoe] dealt 140.2 to Gilgamesh (energy: 1.7, DEF: 1794, atkMul: 1.00, dmgMul: 1.00) | Shield Absorbed: 0.0 | HP Lost: 140.2 | HP: 1020/3135 | Shield HP: 0
    ENEMY  - Enemy 1 [aoe] dealt 65.2 to MortenaxBlade (energy: 1.7, DEF: 2014, atkMul: 1.00, dmgMul: 1.00) | Shield Absorbed: 0.0 | HP Lost: 65.2 | HP: 475/4779 | Shield HP: 0
    ENEMY  - Enemy 1 [aoe] dealt 116.0 to HuoHuo (energy: 1.7, DEF: 2410, atkMul: 1.00, dmgMul: 1.00) | Shield Absorbed: 0.0 | HP Lost: 116.0 | HP: 4655/6140 | Shield HP: 0
    ENEMY  - Enemy 1 [aoe] dealt 130.5 to MortenaxBlade (energy: 3.3, DEF: 2014, atkMul: 1.00, dmgMul: 1.00) | Shield Absorbed: 0.0 | HP Lost: 130.5 | HP: 345/4779 | Shield HP: 0
    ENEMY  - Enemy 1 [aoe] dealt 280.5 to Gilgamesh (energy: 3.3, DEF: 1794, atkMul: 1.00, dmgMul: 1.00) | Shield Absorbed: 0.0 | HP Lost: 280.5 | HP: 739/3135 | Shield HP: 0
    ENEMY  - Enemy 1 [aoe] dealt 231.9 to HuoHuo (energy: 3.3, DEF: 2410, atkMul: 1.00, dmgMul: 1.00) | Shield Absorbed: 0.0 | HP Lost: 231.9 | HP: 4423/6140 | Shield HP: 0
MortenaxBlade has obtained 1 Charge. Current Charge count: 9.
MortenaxBlade useHit produced 2 debuffs
ULT    > MortenaxBlade used their ultimate
MortenaxBlade has obtained 1 Charge. Current Charge count: 10.
    TURN   - MortenaxBladeEnhancedUlt | MortenaxBlade | SUP2 | AOE attack | ['FIR'] | ['ULT'] | Scaling: HP | TargetID: 1 | DMG/BREAK Splits: [3.5, 0]/[20, 0] | Energy Gained: 5 | SP Change: 0

        ----------Char Buffs----------
        GilgameshTrace3ATK | ATK% | Stacks: 1 | Value: 0.200 | Remaining Turns: 1 | TickDown: SUP2, PERM | Target: SUP2 | Affects: ['ALL']
        GilgameshTrace3CD | CD% | Stacks: 1 | Value: 0.200 | Remaining Turns: 1 | TickDown: SUP2, PERM | Target: SUP2 | Affects: ['ALL']
        MasterSmithHP | HP% | Stacks: 1 | Value: 0.120 | Remaining Turns: 1 | TickDown: SUP2, PERM | Target: SUP2 | Affects: ['ALL']
        LushakaERR | ERR% | Stacks: 1 | Value: 0.050 | Remaining Turns: 1 | TickDown: SUP2, PERM | Target: SUP2 | Affects: ['ALL']
        MortenaxBladeTraceCR | CR% | Stacks: 1 | Value: 0.120 | Remaining Turns: 1 | TickDown: SUP2, PERM | Target: SUP2 | Affects: ['ALL']
        MortenaxBladeTraceHP | HP% | Stacks: 1 | Value: 0.100 | Remaining Turns: 1 | TickDown: SUP2, PERM | Target: SUP2 | Affects: ['ALL']
        MortenaxBladeTraceDMG | DMG% | Stacks: 1 | Value: 0.224 | Remaining Turns: 1 | TickDown: SUP2, PERM | Target: SUP2 | Affects: ['ALL']
        KeelCD(SUS) | CD% | Stacks: 1 | Value: 0.100 | Remaining Turns: 1 | TickDown: SUP2, PERM | Target: SUP2 | Affects: ['ALL']
        MasterSmithCD | CD% | Stacks: 1 | Value: 0.280 | Remaining Turns: 1 | TickDown: SUP2, PERM | Target: SUP2 | Affects: ['ALL']
        MasterSmithComburent | DMG% | Stacks: 1 | Value: 0.150 | Remaining Turns: 1 | TickDown: SUP2, END | Target: SUP2 | Affects: ['ALL']
        MortenaxBladeCRBoost | CR% | Stacks: 1 | Value: 0.200 | Remaining Turns: 1 | TickDown: SUP2, PERM | Target: SUP2 | Affects: ['ALL']
        MortenaxBladeCDBoost | CD% | Stacks: 1 | Value: 0.600 | Remaining Turns: 1 | TickDown: SUP2, PERM | Target: SUP2 | Affects: ['ALL']
        MortenaxBladeDMGReduction | DMG_REDUCTION | Stacks: 1 | Value: 0.500 | Remaining Turns: 1 | TickDown: SUP2, PERM | Target: SUP2 | Affects: ['ALL']
        MortenaxBladeDMGBoost | DMG% | Stacks: 1 | Value: 0.500 | Remaining Turns: 1 | TickDown: SUP2, PERM | Target: SUP2 | Affects: ['ALL']
        MortenaxBladeDMG | DMG% | Stacks: 1 | Value: 0.750 | Remaining Turns: 1 | TickDown: SUP2, PERM | Target: SUP2 | Affects: ['ALL']
        WarriorGoddessHealCD | CD% | Stacks: 1 | Value: 0.150 | Remaining Turns: 1 | TickDown: SUP2, START | Target: SUP2 | Affects: ['ALL']
        ----------End of Buff List----------

        ----------Enemy Debuffs----------
        MortenaxBladeUltVul | From: SUP2 | VULN | Stacks: 1 | Value: 0.500 | Remaining Turns: 2 | Target: 1 | Targeting: ST | Affects: ['ALL'] | DOT: False | Blast: False
        MortenaxBladeUltShred | From: SUP2 | SHRED | Stacks: 1 | Value: 0.300 | Remaining Turns: 2 | Target: 1 | Targeting: ST | Affects: ['ALL'] | DOT: False | Blast: False
        ResoShred(SUP2) | From: SUP2 | SHRED | Stacks: 1 | Value: 0.160 | Remaining Turns: 1 | Target: 1 | Targeting: AOE | Affects: ['ALL'] | DOT: False | Blast: False
        ----------End of Debuff List----------
        ----------Healing List----------
        ----------End of Healing List----------
    GAUGE  - Enemy 0 toughness reduced by 0.000
    GAUGE  - Enemy 1 toughness reduced by 0.000
    GAUGE  - Enemy 2 toughness reduced by 0.000
    RESULT - MortenaxBladeEnhancedUlt | MortenaxBlade | SUP2 | DMG: 215589.355 | ELADMG: 0.000 | Enemies Hit: [0, 1, 2] | Enemies Broken: [] | WB DMG: 0.000 | Energy: 6.222 | Amount HP Healed: 0.000 | Amount HP Lost: 0.000 | MortenaxBlade Energy: 6/160 | SP: 4 | MaxSP: 5)
Saber got 3 Core Resonance from Talent, Current Count: 31
Gilgamesh Obtained 2 Interest from Teammate Ult, Current count: 6
Gilgamesh Obtained 48.0 Energy from Teammate
Gilgamesh Obtained 1 Interest from Teammate, Current count: 7
MortenaxBlade has obtained 1 Charge. Current Charge count: 2.
ADV    > Saber advanced by 100.000% from Trace1Advance | NewAV: 0.000 | Priority: 16
    TURN   - MortenaxBladeAOEFUA | MortenaxBlade | SUP2 | AOE attack | ['FIR'] | ['FUA'] | Scaling: HP | TargetID: 1 | DMG/BREAK Splits: [0.72, 0]/[10, 0] | Energy Gained: 25 | SP Change: 0

        ----------Char Buffs----------
        GilgameshTrace3ATK | ATK% | Stacks: 1 | Value: 0.200 | Remaining Turns: 1 | TickDown: SUP2, PERM | Target: SUP2 | Affects: ['ALL']
        GilgameshTrace3CD | CD% | Stacks: 1 | Value: 0.200 | Remaining Turns: 1 | TickDown: SUP2, PERM | Target: SUP2 | Affects: ['ALL']
        MasterSmithHP | HP% | Stacks: 1 | Value: 0.120 | Remaining Turns: 1 | TickDown: SUP2, PERM | Target: SUP2 | Affects: ['ALL']
        LushakaERR | ERR% | Stacks: 1 | Value: 0.050 | Remaining Turns: 1 | TickDown: SUP2, PERM | Target: SUP2 | Affects: ['ALL']
        MortenaxBladeTraceCR | CR% | Stacks: 1 | Value: 0.120 | Remaining Turns: 1 | TickDown: SUP2, PERM | Target: SUP2 | Affects: ['ALL']
        MortenaxBladeTraceHP | HP% | Stacks: 1 | Value: 0.100 | Remaining Turns: 1 | TickDown: SUP2, PERM | Target: SUP2 | Affects: ['ALL']
        MortenaxBladeTraceDMG | DMG% | Stacks: 1 | Value: 0.224 | Remaining Turns: 1 | TickDown: SUP2, PERM | Target: SUP2 | Affects: ['ALL']
        KeelCD(SUS) | CD% | Stacks: 1 | Value: 0.100 | Remaining Turns: 1 | TickDown: SUP2, PERM | Target: SUP2 | Affects: ['ALL']
        MasterSmithCD | CD% | Stacks: 1 | Value: 0.280 | Remaining Turns: 1 | TickDown: SUP2, PERM | Target: SUP2 | Affects: ['ALL']
        MasterSmithComburent | DMG% | Stacks: 1 | Value: 0.150 | Remaining Turns: 1 | TickDown: SUP2, END | Target: SUP2 | Affects: ['ALL']
        MortenaxBladeCRBoost | CR% | Stacks: 1 | Value: 0.200 | Remaining Turns: 1 | TickDown: SUP2, PERM | Target: SUP2 | Affects: ['ALL']
        MortenaxBladeCDBoost | CD% | Stacks: 1 | Value: 0.600 | Remaining Turns: 1 | TickDown: SUP2, PERM | Target: SUP2 | Affects: ['ALL']
        MortenaxBladeDMGReduction | DMG_REDUCTION | Stacks: 1 | Value: 0.500 | Remaining Turns: 1 | TickDown: SUP2, PERM | Target: SUP2 | Affects: ['ALL']
        MortenaxBladeDMGBoost | DMG% | Stacks: 1 | Value: 0.500 | Remaining Turns: 1 | TickDown: SUP2, PERM | Target: SUP2 | Affects: ['ALL']
        MortenaxBladeDMG | DMG% | Stacks: 1 | Value: 0.750 | Remaining Turns: 1 | TickDown: SUP2, PERM | Target: SUP2 | Affects: ['ALL']
        WarriorGoddessHealCD | CD% | Stacks: 1 | Value: 0.150 | Remaining Turns: 1 | TickDown: SUP2, START | Target: SUP2 | Affects: ['ALL']
        ----------End of Buff List----------

        ----------Enemy Debuffs----------
        MortenaxBladeUltVul | From: SUP2 | VULN | Stacks: 1 | Value: 0.500 | Remaining Turns: 2 | Target: 1 | Targeting: ST | Affects: ['ALL'] | DOT: False | Blast: False
        MortenaxBladeUltShred | From: SUP2 | SHRED | Stacks: 1 | Value: 0.300 | Remaining Turns: 2 | Target: 1 | Targeting: ST | Affects: ['ALL'] | DOT: False | Blast: False
        ResoShred(SUP2) | From: SUP2 | SHRED | Stacks: 1 | Value: 0.160 | Remaining Turns: 1 | Target: 1 | Targeting: AOE | Affects: ['ALL'] | DOT: False | Blast: False
        ----------End of Debuff List----------
        ----------Healing List----------
        ----------End of Healing List----------
    GAUGE  - Enemy 0 toughness reduced by 0.000
    GAUGE  - Enemy 1 toughness reduced by 0.000
    GAUGE  - Enemy 2 toughness reduced by 0.000
    RESULT - MortenaxBladeAOEFUA | MortenaxBlade | SUP2 | DMG: 44349.810 | ELADMG: 0.000 | Enemies Hit: [0, 1, 2] | Enemies Broken: [] | WB DMG: 0.000 | Energy: 31.110 | Amount HP Healed: 0.000 | Amount HP Lost: 0.000 | MortenaxBlade Energy: 37/160 | SP: 4 | MaxSP: 5)
Gilgamesh Obtained 1 Interest from Teammate, Current count: 8
    TURN   - MortenaxBladeBounceFUA | MortenaxBlade | SUP2 | ST attack | ['FIR'] | ['FUA'] | Scaling: HP | TargetID: 1 | DMG/BREAK Splits: [0.24, 0]/[5, 0] | Energy Gained: 0 | SP Change: 0

        ----------Char Buffs----------
        GilgameshTrace3ATK | ATK% | Stacks: 1 | Value: 0.200 | Remaining Turns: 1 | TickDown: SUP2, PERM | Target: SUP2 | Affects: ['ALL']
        GilgameshTrace3CD | CD% | Stacks: 1 | Value: 0.200 | Remaining Turns: 1 | TickDown: SUP2, PERM | Target: SUP2 | Affects: ['ALL']
        MasterSmithHP | HP% | Stacks: 1 | Value: 0.120 | Remaining Turns: 1 | TickDown: SUP2, PERM | Target: SUP2 | Affects: ['ALL']
        LushakaERR | ERR% | Stacks: 1 | Value: 0.050 | Remaining Turns: 1 | TickDown: SUP2, PERM | Target: SUP2 | Affects: ['ALL']
        MortenaxBladeTraceCR | CR% | Stacks: 1 | Value: 0.120 | Remaining Turns: 1 | TickDown: SUP2, PERM | Target: SUP2 | Affects: ['ALL']
        MortenaxBladeTraceHP | HP% | Stacks: 1 | Value: 0.100 | Remaining Turns: 1 | TickDown: SUP2, PERM | Target: SUP2 | Affects: ['ALL']
        MortenaxBladeTraceDMG | DMG% | Stacks: 1 | Value: 0.224 | Remaining Turns: 1 | TickDown: SUP2, PERM | Target: SUP2 | Affects: ['ALL']
        KeelCD(SUS) | CD% | Stacks: 1 | Value: 0.100 | Remaining Turns: 1 | TickDown: SUP2, PERM | Target: SUP2 | Affects: ['ALL']
        MasterSmithCD | CD% | Stacks: 1 | Value: 0.280 | Remaining Turns: 1 | TickDown: SUP2, PERM | Target: SUP2 | Affects: ['ALL']
        MasterSmithComburent | DMG% | Stacks: 1 | Value: 0.150 | Remaining Turns: 2 | TickDown: SUP2, END | Target: SUP2 | Affects: ['ALL']
        MortenaxBladeCRBoost | CR% | Stacks: 1 | Value: 0.200 | Remaining Turns: 1 | TickDown: SUP2, PERM | Target: SUP2 | Affects: ['ALL']
        MortenaxBladeCDBoost | CD% | Stacks: 1 | Value: 0.600 | Remaining Turns: 1 | TickDown: SUP2, PERM | Target: SUP2 | Affects: ['ALL']
        MortenaxBladeDMGReduction | DMG_REDUCTION | Stacks: 1 | Value: 0.500 | Remaining Turns: 1 | TickDown: SUP2, PERM | Target: SUP2 | Affects: ['ALL']
        MortenaxBladeDMGBoost | DMG% | Stacks: 1 | Value: 0.500 | Remaining Turns: 1 | TickDown: SUP2, PERM | Target: SUP2 | Affects: ['ALL']
        MortenaxBladeDMG | DMG% | Stacks: 1 | Value: 0.750 | Remaining Turns: 1 | TickDown: SUP2, PERM | Target: SUP2 | Affects: ['ALL']
        WarriorGoddessHealCD | CD% | Stacks: 1 | Value: 0.150 | Remaining Turns: 1 | TickDown: SUP2, START | Target: SUP2 | Affects: ['ALL']
        ----------End of Buff List----------

        ----------Enemy Debuffs----------
        MortenaxBladeUltVul | From: SUP2 | VULN | Stacks: 1 | Value: 0.500 | Remaining Turns: 2 | Target: 1 | Targeting: ST | Affects: ['ALL'] | DOT: False | Blast: False
        MortenaxBladeUltShred | From: SUP2 | SHRED | Stacks: 1 | Value: 0.300 | Remaining Turns: 2 | Target: 1 | Targeting: ST | Affects: ['ALL'] | DOT: False | Blast: False
        ResoShred(SUP2) | From: SUP2 | SHRED | Stacks: 1 | Value: 0.160 | Remaining Turns: 1 | Target: 1 | Targeting: AOE | Affects: ['ALL'] | DOT: False | Blast: False
        ----------End of Debuff List----------
        ----------Healing List----------
        ----------End of Healing List----------
    GAUGE  - Enemy 1 toughness reduced by 0.000
    RESULT - MortenaxBladeBounceFUA | MortenaxBlade | SUP2 | DMG: 4587.911 | ELADMG: 0.000 | Enemies Hit: [1] | Enemies Broken: [] | WB DMG: 0.000 | Energy: 0.000 | Amount HP Healed: 0.000 | Amount HP Lost: 0.000 | MortenaxBlade Energy: 37/160 | SP: 4 | MaxSP: 5)
    TURN   - MortenaxBladeBounceFUA | MortenaxBlade | SUP2 | ST attack | ['FIR'] | ['FUA'] | Scaling: HP | TargetID: 1 | DMG/BREAK Splits: [0.24, 0]/[5, 0] | Energy Gained: 0 | SP Change: 0

        ----------Char Buffs----------
        GilgameshTrace3ATK | ATK% | Stacks: 1 | Value: 0.200 | Remaining Turns: 1 | TickDown: SUP2, PERM | Target: SUP2 | Affects: ['ALL']
        GilgameshTrace3CD | CD% | Stacks: 1 | Value: 0.200 | Remaining Turns: 1 | TickDown: SUP2, PERM | Target: SUP2 | Affects: ['ALL']
        MasterSmithHP | HP% | Stacks: 1 | Value: 0.120 | Remaining Turns: 1 | TickDown: SUP2, PERM | Target: SUP2 | Affects: ['ALL']
        LushakaERR | ERR% | Stacks: 1 | Value: 0.050 | Remaining Turns: 1 | TickDown: SUP2, PERM | Target: SUP2 | Affects: ['ALL']
        MortenaxBladeTraceCR | CR% | Stacks: 1 | Value: 0.120 | Remaining Turns: 1 | TickDown: SUP2, PERM | Target: SUP2 | Affects: ['ALL']
        MortenaxBladeTraceHP | HP% | Stacks: 1 | Value: 0.100 | Remaining Turns: 1 | TickDown: SUP2, PERM | Target: SUP2 | Affects: ['ALL']
        MortenaxBladeTraceDMG | DMG% | Stacks: 1 | Value: 0.224 | Remaining Turns: 1 | TickDown: SUP2, PERM | Target: SUP2 | Affects: ['ALL']
        KeelCD(SUS) | CD% | Stacks: 1 | Value: 0.100 | Remaining Turns: 1 | TickDown: SUP2, PERM | Target: SUP2 | Affects: ['ALL']
        MasterSmithCD | CD% | Stacks: 1 | Value: 0.280 | Remaining Turns: 1 | TickDown: SUP2, PERM | Target: SUP2 | Affects: ['ALL']
        MasterSmithComburent | DMG% | Stacks: 1 | Value: 0.150 | Remaining Turns: 2 | TickDown: SUP2, END | Target: SUP2 | Affects: ['ALL']
        MortenaxBladeCRBoost | CR% | Stacks: 1 | Value: 0.200 | Remaining Turns: 1 | TickDown: SUP2, PERM | Target: SUP2 | Affects: ['ALL']
        MortenaxBladeCDBoost | CD% | Stacks: 1 | Value: 0.600 | Remaining Turns: 1 | TickDown: SUP2, PERM | Target: SUP2 | Affects: ['ALL']
        MortenaxBladeDMGReduction | DMG_REDUCTION | Stacks: 1 | Value: 0.500 | Remaining Turns: 1 | TickDown: SUP2, PERM | Target: SUP2 | Affects: ['ALL']
        MortenaxBladeDMGBoost | DMG% | Stacks: 1 | Value: 0.500 | Remaining Turns: 1 | TickDown: SUP2, PERM | Target: SUP2 | Affects: ['ALL']
        MortenaxBladeDMG | DMG% | Stacks: 1 | Value: 0.750 | Remaining Turns: 1 | TickDown: SUP2, PERM | Target: SUP2 | Affects: ['ALL']
        WarriorGoddessHealCD | CD% | Stacks: 1 | Value: 0.150 | Remaining Turns: 1 | TickDown: SUP2, START | Target: SUP2 | Affects: ['ALL']
        ----------End of Buff List----------

        ----------Enemy Debuffs----------
        MortenaxBladeUltVul | From: SUP2 | VULN | Stacks: 1 | Value: 0.500 | Remaining Turns: 2 | Target: 1 | Targeting: ST | Affects: ['ALL'] | DOT: False | Blast: False
        MortenaxBladeUltShred | From: SUP2 | SHRED | Stacks: 1 | Value: 0.300 | Remaining Turns: 2 | Target: 1 | Targeting: ST | Affects: ['ALL'] | DOT: False | Blast: False
        ResoShred(SUP2) | From: SUP2 | SHRED | Stacks: 1 | Value: 0.160 | Remaining Turns: 1 | Target: 1 | Targeting: AOE | Affects: ['ALL'] | DOT: False | Blast: False
        ----------End of Debuff List----------
        ----------Healing List----------
        ----------End of Healing List----------
    GAUGE  - Enemy 1 toughness reduced by 0.000
    RESULT - MortenaxBladeBounceFUA | MortenaxBlade | SUP2 | DMG: 4587.911 | ELADMG: 0.000 | Enemies Hit: [1] | Enemies Broken: [] | WB DMG: 0.000 | Energy: 0.000 | Amount HP Healed: 0.000 | Amount HP Lost: 0.000 | MortenaxBlade Energy: 37/160 | SP: 4 | MaxSP: 5)
    TURN   - MortenaxBladeBounceFUA | MortenaxBlade | SUP2 | ST attack | ['FIR'] | ['FUA'] | Scaling: HP | TargetID: 1 | DMG/BREAK Splits: [0.24, 0]/[5, 0] | Energy Gained: 0 | SP Change: 0

        ----------Char Buffs----------
        GilgameshTrace3ATK | ATK% | Stacks: 1 | Value: 0.200 | Remaining Turns: 1 | TickDown: SUP2, PERM | Target: SUP2 | Affects: ['ALL']
        GilgameshTrace3CD | CD% | Stacks: 1 | Value: 0.200 | Remaining Turns: 1 | TickDown: SUP2, PERM | Target: SUP2 | Affects: ['ALL']
        MasterSmithHP | HP% | Stacks: 1 | Value: 0.120 | Remaining Turns: 1 | TickDown: SUP2, PERM | Target: SUP2 | Affects: ['ALL']
        LushakaERR | ERR% | Stacks: 1 | Value: 0.050 | Remaining Turns: 1 | TickDown: SUP2, PERM | Target: SUP2 | Affects: ['ALL']
        MortenaxBladeTraceCR | CR% | Stacks: 1 | Value: 0.120 | Remaining Turns: 1 | TickDown: SUP2, PERM | Target: SUP2 | Affects: ['ALL']
        MortenaxBladeTraceHP | HP% | Stacks: 1 | Value: 0.100 | Remaining Turns: 1 | TickDown: SUP2, PERM | Target: SUP2 | Affects: ['ALL']
        MortenaxBladeTraceDMG | DMG% | Stacks: 1 | Value: 0.224 | Remaining Turns: 1 | TickDown: SUP2, PERM | Target: SUP2 | Affects: ['ALL']
        KeelCD(SUS) | CD% | Stacks: 1 | Value: 0.100 | Remaining Turns: 1 | TickDown: SUP2, PERM | Target: SUP2 | Affects: ['ALL']
        MasterSmithCD | CD% | Stacks: 1 | Value: 0.280 | Remaining Turns: 1 | TickDown: SUP2, PERM | Target: SUP2 | Affects: ['ALL']
        MasterSmithComburent | DMG% | Stacks: 1 | Value: 0.150 | Remaining Turns: 2 | TickDown: SUP2, END | Target: SUP2 | Affects: ['ALL']
        MortenaxBladeCRBoost | CR% | Stacks: 1 | Value: 0.200 | Remaining Turns: 1 | TickDown: SUP2, PERM | Target: SUP2 | Affects: ['ALL']
        MortenaxBladeCDBoost | CD% | Stacks: 1 | Value: 0.600 | Remaining Turns: 1 | TickDown: SUP2, PERM | Target: SUP2 | Affects: ['ALL']
        MortenaxBladeDMGReduction | DMG_REDUCTION | Stacks: 1 | Value: 0.500 | Remaining Turns: 1 | TickDown: SUP2, PERM | Target: SUP2 | Affects: ['ALL']
        MortenaxBladeDMGBoost | DMG% | Stacks: 1 | Value: 0.500 | Remaining Turns: 1 | TickDown: SUP2, PERM | Target: SUP2 | Affects: ['ALL']
        MortenaxBladeDMG | DMG% | Stacks: 1 | Value: 0.750 | Remaining Turns: 1 | TickDown: SUP2, PERM | Target: SUP2 | Affects: ['ALL']
        WarriorGoddessHealCD | CD% | Stacks: 1 | Value: 0.150 | Remaining Turns: 1 | TickDown: SUP2, START | Target: SUP2 | Affects: ['ALL']
        ----------End of Buff List----------

        ----------Enemy Debuffs----------
        MortenaxBladeUltVul | From: SUP2 | VULN | Stacks: 1 | Value: 0.500 | Remaining Turns: 2 | Target: 1 | Targeting: ST | Affects: ['ALL'] | DOT: False | Blast: False
        MortenaxBladeUltShred | From: SUP2 | SHRED | Stacks: 1 | Value: 0.300 | Remaining Turns: 2 | Target: 1 | Targeting: ST | Affects: ['ALL'] | DOT: False | Blast: False
        ResoShred(SUP2) | From: SUP2 | SHRED | Stacks: 1 | Value: 0.160 | Remaining Turns: 1 | Target: 1 | Targeting: AOE | Affects: ['ALL'] | DOT: False | Blast: False
        ----------End of Debuff List----------
        ----------Healing List----------
        ----------End of Healing List----------
    GAUGE  - Enemy 1 toughness reduced by 0.000
    RESULT - MortenaxBladeBounceFUA | MortenaxBlade | SUP2 | DMG: 4587.911 | ELADMG: 0.000 | Enemies Hit: [1] | Enemies Broken: [] | WB DMG: 0.000 | Energy: 0.000 | Amount HP Healed: 0.000 | Amount HP Lost: 0.000 | MortenaxBlade Energy: 37/160 | SP: 4 | MaxSP: 5)
    TURN   - MortenaxBladeBounceFUA | MortenaxBlade | SUP2 | ST attack | ['FIR'] | ['FUA'] | Scaling: HP | TargetID: 1 | DMG/BREAK Splits: [0.24, 0]/[5, 0] | Energy Gained: 0 | SP Change: 0

        ----------Char Buffs----------
        GilgameshTrace3ATK | ATK% | Stacks: 1 | Value: 0.200 | Remaining Turns: 1 | TickDown: SUP2, PERM | Target: SUP2 | Affects: ['ALL']
        GilgameshTrace3CD | CD% | Stacks: 1 | Value: 0.200 | Remaining Turns: 1 | TickDown: SUP2, PERM | Target: SUP2 | Affects: ['ALL']
        MasterSmithHP | HP% | Stacks: 1 | Value: 0.120 | Remaining Turns: 1 | TickDown: SUP2, PERM | Target: SUP2 | Affects: ['ALL']
        LushakaERR | ERR% | Stacks: 1 | Value: 0.050 | Remaining Turns: 1 | TickDown: SUP2, PERM | Target: SUP2 | Affects: ['ALL']
        MortenaxBladeTraceCR | CR% | Stacks: 1 | Value: 0.120 | Remaining Turns: 1 | TickDown: SUP2, PERM | Target: SUP2 | Affects: ['ALL']
        MortenaxBladeTraceHP | HP% | Stacks: 1 | Value: 0.100 | Remaining Turns: 1 | TickDown: SUP2, PERM | Target: SUP2 | Affects: ['ALL']
        MortenaxBladeTraceDMG | DMG% | Stacks: 1 | Value: 0.224 | Remaining Turns: 1 | TickDown: SUP2, PERM | Target: SUP2 | Affects: ['ALL']
        KeelCD(SUS) | CD% | Stacks: 1 | Value: 0.100 | Remaining Turns: 1 | TickDown: SUP2, PERM | Target: SUP2 | Affects: ['ALL']
        MasterSmithCD | CD% | Stacks: 1 | Value: 0.280 | Remaining Turns: 1 | TickDown: SUP2, PERM | Target: SUP2 | Affects: ['ALL']
        MasterSmithComburent | DMG% | Stacks: 1 | Value: 0.150 | Remaining Turns: 2 | TickDown: SUP2, END | Target: SUP2 | Affects: ['ALL']
        MortenaxBladeCRBoost | CR% | Stacks: 1 | Value: 0.200 | Remaining Turns: 1 | TickDown: SUP2, PERM | Target: SUP2 | Affects: ['ALL']
        MortenaxBladeCDBoost | CD% | Stacks: 1 | Value: 0.600 | Remaining Turns: 1 | TickDown: SUP2, PERM | Target: SUP2 | Affects: ['ALL']
        MortenaxBladeDMGReduction | DMG_REDUCTION | Stacks: 1 | Value: 0.500 | Remaining Turns: 1 | TickDown: SUP2, PERM | Target: SUP2 | Affects: ['ALL']
        MortenaxBladeDMGBoost | DMG% | Stacks: 1 | Value: 0.500 | Remaining Turns: 1 | TickDown: SUP2, PERM | Target: SUP2 | Affects: ['ALL']
        MortenaxBladeDMG | DMG% | Stacks: 1 | Value: 0.750 | Remaining Turns: 1 | TickDown: SUP2, PERM | Target: SUP2 | Affects: ['ALL']
        WarriorGoddessHealCD | CD% | Stacks: 1 | Value: 0.150 | Remaining Turns: 1 | TickDown: SUP2, START | Target: SUP2 | Affects: ['ALL']
        ----------End of Buff List----------

        ----------Enemy Debuffs----------
        MortenaxBladeUltVul | From: SUP2 | VULN | Stacks: 1 | Value: 0.500 | Remaining Turns: 2 | Target: 1 | Targeting: ST | Affects: ['ALL'] | DOT: False | Blast: False
        MortenaxBladeUltShred | From: SUP2 | SHRED | Stacks: 1 | Value: 0.300 | Remaining Turns: 2 | Target: 1 | Targeting: ST | Affects: ['ALL'] | DOT: False | Blast: False
        ResoShred(SUP2) | From: SUP2 | SHRED | Stacks: 1 | Value: 0.160 | Remaining Turns: 1 | Target: 1 | Targeting: AOE | Affects: ['ALL'] | DOT: False | Blast: False
        ----------End of Debuff List----------
        ----------Healing List----------
        ----------End of Healing List----------
    GAUGE  - Enemy 1 toughness reduced by 0.000
    RESULT - MortenaxBladeBounceFUA | MortenaxBlade | SUP2 | DMG: 4587.911 | ELADMG: 0.000 | Enemies Hit: [1] | Enemies Broken: [] | WB DMG: 0.000 | Energy: 0.000 | Amount HP Healed: 0.000 | Amount HP Lost: 0.000 | MortenaxBlade Energy: 37/160 | SP: 4 | MaxSP: 5)
ERR    > 48.000 energy added to Gilgamesh from GilgameshTrace1ERRAlly2 | Gilgamesh Energy: 151.000
        Debuff ResoShred(SUP2) expired
SPD    > Gilgamesh speed changed to 204.232 | NewAV: 8.338
AV     > Enemy 1 AV reset to 63.131 | 158.400 SPD

<<< NEW TURN >>>
-   Saber AV: 0.000 ENERGY: 170.667 MaxHP: 3366.991 CurrHp 2670.908 ShieldHP: 0.000
-   Gilgamesh AV: 8.338 ENERGY: 151.000 MaxHP: 3134.558 CurrHp 739.083 ShieldHP: 0.000
-   HuoHuo AV: 47.045 ENERGY: 69.074 MaxHP: 6139.808 CurrHp 4422.895 ShieldHP: 0.000
-   Enemy 0 AV: 56.090 ENERGY: 0.000 MaxHP: 2000000.000 CurrHp 313156.605 ShieldHP: 0.000
-   Enemy 2 AV: 56.090 ENERGY: 0.000 MaxHP: 2000000.000 CurrHp 313156.605 ShieldHP: 0.000
-   MortenaxBlade AV: 59.692 ENERGY: 37.332 MaxHP: 4779.283 CurrHp 1.000 ShieldHP: 0.000
-   Enemy 1 AV: 63.131 ENERGY: 0.000 MaxHP: 5000000.000 CurrHp 1004069.202 ShieldHP: 0.000
-   InfiniteFury AV: 65.285 ENERGY: 0.000 MaxHP: 0.000 CurrHp 0.000 ShieldHP: 0.000

Combat context set: 3 enemies, 4 players
Combat context initialized: 3 enemies, Elation team size: 0
ACTION > [CHAR] TotalAV: 520.833 | TurnAV: 0.000 | Saber | E-move
        Buff WarriorGoddessHealCD expired
Saber used 31 Core Resonance for Skill
    TURN   - SaberSkill | Saber | DPS | BLAST attack | ['WIN'] | ['SKL'] | Scaling: ATK | TargetID: 1 | DMG/BREAK Splits: [5.840000000000001, 5.090000000000001]/[20, 10] | Energy Gained: 30 | SP Change: -1

        ----------Char Buffs----------
        ThanklessCoronationCD | CR% | Stacks: 1 | Value: 0.360 | Remaining Turns: 1 | TickDown: DPS, PERM | Target: DPS | Affects: ['ALL']
        ScholarCR | CR% | Stacks: 1 | Value: 0.080 | Remaining Turns: 1 | TickDown: DPS, PERM | Target: DPS | Affects: ['ALL']
        ScholarDMG | DMG% | Stacks: 1 | Value: 0.200 | Remaining Turns: 1 | TickDown: DPS, PERM | Target: DPS | Affects: ['SKL', 'ULT']
        SaberTraceHP | HP% | Stacks: 1 | Value: 0.100 | Remaining Turns: 1 | TickDown: DPS, PERM | Target: DPS | Affects: ['ALL']
        SaberTraceCR | CR% | Stacks: 1 | Value: 0.120 | Remaining Turns: 1 | TickDown: DPS, PERM | Target: DPS | Affects: ['ALL']
        SaberTraceDMG | DMG% | Stacks: 1 | Value: 0.224 | Remaining Turns: 1 | TickDown: DPS, PERM | Target: DPS | Affects: ['ALL']
        SaberTrace1CR | CR% | Stacks: 1 | Value: 0.200 | Remaining Turns: 1 | TickDown: DPS, PERM | Target: DPS | Affects: ['ALL']
        GilgameshTrace3ATK | ATK% | Stacks: 1 | Value: 0.200 | Remaining Turns: 1 | TickDown: DPS, PERM | Target: DPS | Affects: ['ALL']
        GilgameshTrace3CD | CD% | Stacks: 1 | Value: 0.200 | Remaining Turns: 1 | TickDown: DPS, PERM | Target: DPS | Affects: ['ALL']
        LushakaATK(SUP2) | ATK% | Stacks: 1 | Value: 0.120 | Remaining Turns: 1 | TickDown: DPS, PERM | Target: DPS | Affects: ['ALL']
        KeelCD(SUS) | CD% | Stacks: 1 | Value: 0.100 | Remaining Turns: 1 | TickDown: DPS, PERM | Target: DPS | Affects: ['ALL']
        CosmicLifeDMG | DMG% | Stacks: 1 | Value: 0.320 | Remaining Turns: 1 | TickDown: DPS, PERM | Target: DPS | Affects: ['ALL']
        Trace3CDExtra | CD% | Stacks: 1 | Value: 0.320 | Remaining Turns: 1 | TickDown: DPS, PERM | Target: DPS | Affects: ['ALL']
        MasterSmithComburent | DMG% | Stacks: 1 | Value: 0.150 | Remaining Turns: 2 | TickDown: DPS, END | Target: DPS | Affects: ['ALL']
        MortenaxBladeDMGBoost | DMG% | Stacks: 1 | Value: 0.500 | Remaining Turns: 1 | TickDown: DPS, PERM | Target: DPS | Affects: ['ALL']
        GilgameshTrace3AllyATK | ATK% | Stacks: 1 | Value: 1.000 | Remaining Turns: 1 | TickDown: DPS, PERM | Target: DPS | Affects: ['ALL']
        GilgameshTrace3AllyCD | CD% | Stacks: 1 | Value: 1.000 | Remaining Turns: 1 | TickDown: DPS, PERM | Target: DPS | Affects: ['ALL']
        Trace3CD | CD% | Stacks: 1 | Value: 0.500 | Remaining Turns: 2 | TickDown: DPS, END | Target: DPS | Affects: ['ALL']
        TalentDMG | DMG% | Stacks: 1 | Value: 0.600 | Remaining Turns: 2 | TickDown: DPS, END | Target: DPS | Affects: ['ALL']
        SkillEnergy | ERR_F | Stacks: 1 | Value: 248.000 | Remaining Turns: 1 | TickDown: DPS, START | Target: DPS | Affects: ['ALL']
        ----------End of Buff List----------

        ----------Enemy Debuffs----------
        MortenaxBladeUltVul | From: SUP2 | VULN | Stacks: 1 | Value: 0.500 | Remaining Turns: 1 | Target: 1 | Targeting: ST | Affects: ['ALL'] | DOT: False | Blast: False
        MortenaxBladeUltShred | From: SUP2 | SHRED | Stacks: 1 | Value: 0.300 | Remaining Turns: 1 | Target: 1 | Targeting: ST | Affects: ['ALL'] | DOT: False | Blast: False
        ----------End of Debuff List----------
        ----------Healing List----------
        ----------End of Healing List----------
    GAUGE  - Enemy 1 toughness reduced by 20.000
    GAUGE  - Enemy 0 toughness reduced by 10.000
    GAUGE  - Enemy 2 toughness reduced by 10.000
    RESULT - SaberSkill | Saber | DPS | DMG: 811006.794 | ELADMG: 0.000 | Enemies Hit: [1, 0, 2] | Enemies Broken: [1] | WB DMG: 23598.827 | Energy: 30.000 | Amount HP Healed: 0.000 | Amount HP Lost: 0.000 | Saber Energy: 201/360 | SP: 4 | MaxSP: 5)
Gilgamesh Obtained 1 Interest from Teammate, Current count: 9
Gilgamesh JointCounter increased by one, current count: 6
MortenaxBlade has obtained 1 Charge. Current Charge count: 3.
ERR    > 248.000 energy added to Saber from SkillEnergy | Saber Energy: 360.000
ULT    > Saber used their ultimate
Saber got 3 Core Resonance from Talent, Current Count: 3
Saber transferred 88.7 overflow energy on Ult entry
    TURN   - SaberUltBig | Saber | DPS | AOE attack | ['WIN'] | ['ULT'] | Scaling: ATK | TargetID: 1 | DMG/BREAK Splits: [2.8, 0]/[40, 0] | Energy Gained: 0 | SP Change: 0

        ----------Char Buffs----------
        ThanklessCoronationCD | CR% | Stacks: 1 | Value: 0.360 | Remaining Turns: 1 | TickDown: DPS, PERM | Target: DPS | Affects: ['ALL']
        ScholarCR | CR% | Stacks: 1 | Value: 0.080 | Remaining Turns: 1 | TickDown: DPS, PERM | Target: DPS | Affects: ['ALL']
        ScholarDMG | DMG% | Stacks: 1 | Value: 0.200 | Remaining Turns: 1 | TickDown: DPS, PERM | Target: DPS | Affects: ['SKL', 'ULT']
        SaberTraceHP | HP% | Stacks: 1 | Value: 0.100 | Remaining Turns: 1 | TickDown: DPS, PERM | Target: DPS | Affects: ['ALL']
        SaberTraceCR | CR% | Stacks: 1 | Value: 0.120 | Remaining Turns: 1 | TickDown: DPS, PERM | Target: DPS | Affects: ['ALL']
        SaberTraceDMG | DMG% | Stacks: 1 | Value: 0.224 | Remaining Turns: 1 | TickDown: DPS, PERM | Target: DPS | Affects: ['ALL']
        SaberTrace1CR | CR% | Stacks: 1 | Value: 0.200 | Remaining Turns: 1 | TickDown: DPS, PERM | Target: DPS | Affects: ['ALL']
        GilgameshTrace3ATK | ATK% | Stacks: 1 | Value: 0.200 | Remaining Turns: 1 | TickDown: DPS, PERM | Target: DPS | Affects: ['ALL']
        GilgameshTrace3CD | CD% | Stacks: 1 | Value: 0.200 | Remaining Turns: 1 | TickDown: DPS, PERM | Target: DPS | Affects: ['ALL']
        LushakaATK(SUP2) | ATK% | Stacks: 1 | Value: 0.120 | Remaining Turns: 1 | TickDown: DPS, PERM | Target: DPS | Affects: ['ALL']
        KeelCD(SUS) | CD% | Stacks: 1 | Value: 0.100 | Remaining Turns: 1 | TickDown: DPS, PERM | Target: DPS | Affects: ['ALL']
        CosmicLifeDMG | DMG% | Stacks: 1 | Value: 0.320 | Remaining Turns: 1 | TickDown: DPS, PERM | Target: DPS | Affects: ['ALL']
        Trace3CDExtra | CD% | Stacks: 1 | Value: 0.320 | Remaining Turns: 1 | TickDown: DPS, PERM | Target: DPS | Affects: ['ALL']
        MasterSmithComburent | DMG% | Stacks: 1 | Value: 0.150 | Remaining Turns: 2 | TickDown: DPS, END | Target: DPS | Affects: ['ALL']
        MortenaxBladeDMGBoost | DMG% | Stacks: 1 | Value: 0.500 | Remaining Turns: 1 | TickDown: DPS, PERM | Target: DPS | Affects: ['ALL']
        GilgameshTrace3AllyATK | ATK% | Stacks: 1 | Value: 1.000 | Remaining Turns: 1 | TickDown: DPS, PERM | Target: DPS | Affects: ['ALL']
        GilgameshTrace3AllyCD | CD% | Stacks: 1 | Value: 1.000 | Remaining Turns: 1 | TickDown: DPS, PERM | Target: DPS | Affects: ['ALL']
        Trace3CD | CD% | Stacks: 1 | Value: 0.500 | Remaining Turns: 2 | TickDown: DPS, END | Target: DPS | Affects: ['ALL']
        TalentDMG | DMG% | Stacks: 1 | Value: 0.600 | Remaining Turns: 2 | TickDown: DPS, END | Target: DPS | Affects: ['ALL']
        ThanklessCoronationATK | ATK% | Stacks: 1 | Value: 0.400 | Remaining Turns: 2 | TickDown: DPS, END | Target: DPS | Affects: ['ALL']
        ThanklessCoronationERR | ERR_F | Stacks: 1 | Value: 36.000 | Remaining Turns: 1 | TickDown: DPS, START | Target: DPS | Affects: ['ALL']
        ThanklessCoronationATKExtra | ATK% | Stacks: 1 | Value: 0.400 | Remaining Turns: 2 | TickDown: DPS, END | Target: DPS | Affects: ['ALL']
        ----------End of Buff List----------

        ----------Enemy Debuffs----------
        MortenaxBladeUltVul | From: SUP2 | VULN | Stacks: 1 | Value: 0.500 | Remaining Turns: 2 | Target: 1 | Targeting: ST | Affects: ['ALL'] | DOT: False | Blast: False
        MortenaxBladeUltShred | From: SUP2 | SHRED | Stacks: 1 | Value: 0.300 | Remaining Turns: 2 | Target: 1 | Targeting: ST | Affects: ['ALL'] | DOT: False | Blast: False
        Enemy 1 WIN-break | From: DPS | WINDSHEAR | Stacks: 1 | Value: 12621.002 | Remaining Turns: 2 | Target: 1 | Targeting: ST | Affects: ['ALL'] | DOT: True | Blast: False
        ----------End of Debuff List----------
        ----------Healing List----------
        ----------End of Healing List----------
    KILL   - Saber killed Enemy 0 (overkill: 428773.2)
    SPAWN  - Enemy 0 respawned at full HP, AV set to 0
    GAUGE  - Enemy 0 toughness reduced by 40.000
    GAUGE  - Enemy 1 toughness reduced by 40.000
    KILL   - Saber killed Enemy 2 (overkill: 428773.2)
    SPAWN  - Enemy 2 respawned at full HP, AV set to 0
    GAUGE  - Enemy 2 toughness reduced by 40.000
    RESULT - SaberUltBig | Saber | DPS | DMG: 547007.489 | ELADMG: 0.000 | Enemies Hit: [0, 1, 2] | Enemies Broken: [] | WB DMG: 0.000 | Energy: 0.000 | Amount HP Healed: 0.000 | Amount HP Lost: 0.000 | Saber Energy: 89/360 | SP: 4 | MaxSP: 5)
Gilgamesh Obtained 2 Interest from Teammate Ult, Current count: 11
Gilgamesh Obtained 108.0 Energy from Teammate
Gilgamesh Obtained 1 Interest from Teammate, Current count: 12
Gilgamesh JointCounter increased by one, current count: 7
MortenaxBlade has obtained 1 Charge. Current Charge count: 4.
    TURN   - SaberUltSmall | Saber | DPS | ST attack | ['WIN'] | ['ULT'] | Scaling: ATK | TargetID: 1 | DMG/BREAK Splits: [11.0, 0]/[20, 0] | Energy Gained: 5 | SP Change: 0

        ----------Char Buffs----------
        ThanklessCoronationCD | CR% | Stacks: 1 | Value: 0.360 | Remaining Turns: 1 | TickDown: DPS, PERM | Target: DPS | Affects: ['ALL']
        ScholarCR | CR% | Stacks: 1 | Value: 0.080 | Remaining Turns: 1 | TickDown: DPS, PERM | Target: DPS | Affects: ['ALL']
        ScholarDMG | DMG% | Stacks: 1 | Value: 0.200 | Remaining Turns: 1 | TickDown: DPS, PERM | Target: DPS | Affects: ['SKL', 'ULT']
        SaberTraceHP | HP% | Stacks: 1 | Value: 0.100 | Remaining Turns: 1 | TickDown: DPS, PERM | Target: DPS | Affects: ['ALL']
        SaberTraceCR | CR% | Stacks: 1 | Value: 0.120 | Remaining Turns: 1 | TickDown: DPS, PERM | Target: DPS | Affects: ['ALL']
        SaberTraceDMG | DMG% | Stacks: 1 | Value: 0.224 | Remaining Turns: 1 | TickDown: DPS, PERM | Target: DPS | Affects: ['ALL']
        SaberTrace1CR | CR% | Stacks: 1 | Value: 0.200 | Remaining Turns: 1 | TickDown: DPS, PERM | Target: DPS | Affects: ['ALL']
        GilgameshTrace3ATK | ATK% | Stacks: 1 | Value: 0.200 | Remaining Turns: 1 | TickDown: DPS, PERM | Target: DPS | Affects: ['ALL']
        GilgameshTrace3CD | CD% | Stacks: 1 | Value: 0.200 | Remaining Turns: 1 | TickDown: DPS, PERM | Target: DPS | Affects: ['ALL']
        LushakaATK(SUP2) | ATK% | Stacks: 1 | Value: 0.120 | Remaining Turns: 1 | TickDown: DPS, PERM | Target: DPS | Affects: ['ALL']
        KeelCD(SUS) | CD% | Stacks: 1 | Value: 0.100 | Remaining Turns: 1 | TickDown: DPS, PERM | Target: DPS | Affects: ['ALL']
        CosmicLifeDMG | DMG% | Stacks: 1 | Value: 0.320 | Remaining Turns: 1 | TickDown: DPS, PERM | Target: DPS | Affects: ['ALL']
        Trace3CDExtra | CD% | Stacks: 1 | Value: 0.320 | Remaining Turns: 1 | TickDown: DPS, PERM | Target: DPS | Affects: ['ALL']
        MasterSmithComburent | DMG% | Stacks: 1 | Value: 0.150 | Remaining Turns: 2 | TickDown: DPS, END | Target: DPS | Affects: ['ALL']
        MortenaxBladeDMGBoost | DMG% | Stacks: 1 | Value: 0.500 | Remaining Turns: 1 | TickDown: DPS, PERM | Target: DPS | Affects: ['ALL']
        GilgameshTrace3AllyATK | ATK% | Stacks: 1 | Value: 1.000 | Remaining Turns: 1 | TickDown: DPS, PERM | Target: DPS | Affects: ['ALL']
        GilgameshTrace3AllyCD | CD% | Stacks: 1 | Value: 1.000 | Remaining Turns: 1 | TickDown: DPS, PERM | Target: DPS | Affects: ['ALL']
        Trace3CD | CD% | Stacks: 1 | Value: 0.500 | Remaining Turns: 2 | TickDown: DPS, END | Target: DPS | Affects: ['ALL']
        TalentDMG | DMG% | Stacks: 1 | Value: 0.600 | Remaining Turns: 2 | TickDown: DPS, END | Target: DPS | Affects: ['ALL']
        ThanklessCoronationATK | ATK% | Stacks: 1 | Value: 0.400 | Remaining Turns: 2 | TickDown: DPS, END | Target: DPS | Affects: ['ALL']
        ThanklessCoronationERR | ERR_F | Stacks: 1 | Value: 36.000 | Remaining Turns: 1 | TickDown: DPS, START | Target: DPS | Affects: ['ALL']
        ThanklessCoronationATKExtra | ATK% | Stacks: 1 | Value: 0.400 | Remaining Turns: 2 | TickDown: DPS, END | Target: DPS | Affects: ['ALL']
        ----------End of Buff List----------

        ----------Enemy Debuffs----------
        MortenaxBladeUltVul | From: SUP2 | VULN | Stacks: 1 | Value: 0.500 | Remaining Turns: 2 | Target: 1 | Targeting: ST | Affects: ['ALL'] | DOT: False | Blast: False
        MortenaxBladeUltShred | From: SUP2 | SHRED | Stacks: 1 | Value: 0.300 | Remaining Turns: 2 | Target: 1 | Targeting: ST | Affects: ['ALL'] | DOT: False | Blast: False
        Enemy 1 WIN-break | From: DPS | WINDSHEAR | Stacks: 1 | Value: 12621.002 | Remaining Turns: 2 | Target: 1 | Targeting: ST | Affects: ['ALL'] | DOT: True | Blast: False
        ----------End of Debuff List----------
        ----------Healing List----------
        ----------End of Healing List----------
    KILL   - Saber killed Enemy 1 (overkill: 1598722.4)
    SPAWN  - Enemy 1 respawned at full HP, AV set to 0
    GAUGE  - Enemy 1 toughness reduced by 20.000
    RESULT - SaberUltSmall | Saber | DPS | DMG: 665926.382 | ELADMG: 0.000 | Enemies Hit: [1] | Enemies Broken: [] | WB DMG: 0.000 | Energy: 5.000 | Amount HP Healed: 0.000 | Amount HP Lost: 0.000 | Saber Energy: 94/360 | SP: 4 | MaxSP: 5)
ERR    > 36.000 energy added to Saber from ThanklessCoronationERR | Saber Energy: 129.667
ERR    > 108.000 energy added to Gilgamesh from GilgameshTrace1ERRAlly1 | Gilgamesh Energy: 259.000
SPD    > Gilgamesh speed changed to 243.032 | NewAV: 7.007
AV     > Saber AV reset to 76.551 | 130.632 SPD
DELAY  > Enemy 1 delayed by 25.0% from STDBreakDelay | NewAV: 78.914

<<< NEW TURN >>>
-   Gilgamesh AV: 0.000 ENERGY: 259.000 MaxHP: 3134.558 CurrHp 739.083 ShieldHP: 0.000
-   HuoHuo AV: 40.038 ENERGY: 69.074 MaxHP: 6139.808 CurrHp 4422.895 ShieldHP: 0.000
-   Enemy 0 AV: 49.083 ENERGY: 0.000 MaxHP: 2000000.000 CurrHp 2000000.000 ShieldHP: 0.000
-   Enemy 2 AV: 49.083 ENERGY: 0.000 MaxHP: 2000000.000 CurrHp 2000000.000 ShieldHP: 0.000
-   MortenaxBlade AV: 52.685 ENERGY: 37.332 MaxHP: 4779.283 CurrHp 1.000 ShieldHP: 0.000
-   InfiniteFury AV: 58.278 ENERGY: 0.000 MaxHP: 0.000 CurrHp 0.000 ShieldHP: 0.000
-   Saber AV: 69.544 ENERGY: 129.667 MaxHP: 3366.991 CurrHp 2670.908 ShieldHP: 0.000
-   Enemy 1 AV: 71.907 ENERGY: 0.000 MaxHP: 5000000.000 CurrHp 5000000.000 ShieldHP: 0.000

Combat context set: 3 enemies, 4 players
Combat context initialized: 3 enemies, Elation team size: 0
ACTION > [CHAR] TotalAV: 527.841 | TurnAV: 7.007 | Gilgamesh | E-move
        Buff ScholarBonusDMG expired
Gilgamesh JointCounter increased by one, current count: 8
    TURN   - GilgameshSkill | Gilgamesh | SUP1 | BLAST attack | ['LNG'] | ['SKL'] | Scaling: ATK | TargetID: 1 | DMG/BREAK Splits: [2.8, 1.4]/[20, 10] | Energy Gained: 30 | SP Change: 0

        ----------Char Buffs----------
        ScholarCR | CR% | Stacks: 1 | Value: 0.080 | Remaining Turns: 1 | TickDown: SUP1, PERM | Target: SUP1 | Affects: ['ALL']
        ScholarDMG | DMG% | Stacks: 1 | Value: 0.200 | Remaining Turns: 1 | TickDown: SUP1, PERM | Target: SUP1 | Affects: ['SKL', 'ULT']
        GilgameshTraceATK | ATK | Stacks: 1 | Value: 0.180 | Remaining Turns: 1 | TickDown: SUP1, PERM | Target: SUP1 | Affects: ['ALL']
        GilgameshTraceCR | CR% | Stacks: 1 | Value: 0.187 | Remaining Turns: 1 | TickDown: SUP1, PERM | Target: SUP1 | Affects: ['ALL']
        GilgameshTraceDMG | DMG% | Stacks: 1 | Value: 0.080 | Remaining Turns: 1 | TickDown: SUP1, PERM | Target: SUP1 | Affects: ['ALL']
        GilgameshTrace3ATK | ATK% | Stacks: 1 | Value: 0.200 | Remaining Turns: 1 | TickDown: SUP1, PERM | Target: SUP1 | Affects: ['ALL']
        GilgameshTrace3CD | CD% | Stacks: 1 | Value: 0.200 | Remaining Turns: 1 | TickDown: SUP1, PERM | Target: SUP1 | Affects: ['ALL']
        GilgameshTrace3SelfATK | ATK% | Stacks: 1 | Value: 1.000 | Remaining Turns: 1 | TickDown: SUP1, PERM | Target: SUP1 | Affects: ['ALL']
        GilgameshTrace3SelfCD | CD% | Stacks: 1 | Value: 1.000 | Remaining Turns: 1 | TickDown: SUP1, PERM | Target: SUP1 | Affects: ['ALL']
        KeelCD(SUS) | CD% | Stacks: 1 | Value: 0.100 | Remaining Turns: 1 | TickDown: SUP1, PERM | Target: SUP1 | Affects: ['ALL']
        CosmicLifeDMG | DMG% | Stacks: 1 | Value: 0.320 | Remaining Turns: 1 | TickDown: SUP1, PERM | Target: SUP1 | Affects: ['ALL']
        Trace2CDExtra | CD% | Stacks: 1 | Value: 1.500 | Remaining Turns: 1 | TickDown: SUP1, PERM | Target: SUP1 | Affects: ['ALL']
        GilgameshInterestSPD | SPD% | Stacks: 1 | Value: 1.200 | Remaining Turns: 1 | TickDown: SUP2, PERM | Target: SUP1 | Affects: ['ALL']
        MasterSmithComburent | DMG% | Stacks: 1 | Value: 0.150 | Remaining Turns: 2 | TickDown: SUP1, END | Target: SUP1 | Affects: ['ALL']
        MortenaxBladeDMGBoost | DMG% | Stacks: 1 | Value: 0.500 | Remaining Turns: 1 | TickDown: SUP1, PERM | Target: SUP1 | Affects: ['ALL']
        AeonATK | ATK% | Stacks: 1 | Value: 0.640 | Remaining Turns: 1 | TickDown: SUP1, PERM | Target: SUP1 | Affects: ['ALL']
        GilgameshSKLShred | SHRED | Stacks: 1 | Value: 0.300 | Remaining Turns: 3 | TickDown: SUP1, END | Target: SUP1 | Affects: ['ALL']
        WarriorGoddessHealCD | CD% | Stacks: 1 | Value: 0.150 | Remaining Turns: 1 | TickDown: SUP1, START | Target: SUP1 | Affects: ['ALL']
        HuoHuoUltATK | ATK% | Stacks: 1 | Value: 0.400 | Remaining Turns: 1 | TickDown: SUP1, END | Target: SUP1 | Affects: ['ALL']
        HuoHuoUltExtraATK | ATK% | Stacks: 1 | Value: 0.240 | Remaining Turns: 1 | TickDown: SUP1, END | Target: SUP1 | Affects: ['ALL']
        ----------End of Buff List----------

        ----------Enemy Debuffs----------
        MortenaxBladeUltVul | From: SUP2 | VULN | Stacks: 1 | Value: 0.500 | Remaining Turns: 2 | Target: 1 | Targeting: ST | Affects: ['ALL'] | DOT: False | Blast: False
        MortenaxBladeUltShred | From: SUP2 | SHRED | Stacks: 1 | Value: 0.300 | Remaining Turns: 2 | Target: 1 | Targeting: ST | Affects: ['ALL'] | DOT: False | Blast: False
        Enemy 1 WIN-break | From: DPS | WINDSHEAR | Stacks: 1 | Value: 12621.002 | Remaining Turns: 2 | Target: 1 | Targeting: ST | Affects: ['ALL'] | DOT: True | Blast: False
        ----------End of Debuff List----------
        ----------Healing List----------
        ----------End of Healing List----------
    GAUGE  - Enemy 1 toughness reduced by 0.000
    GAUGE  - Enemy 0 toughness reduced by 0.000
    GAUGE  - Enemy 2 toughness reduced by 0.000
    RESULT - GilgameshSkill | Gilgamesh | SUP1 | DMG: 356375.632 | ELADMG: 0.000 | Enemies Hit: [1, 0, 2] | Enemies Broken: [] | WB DMG: 0.000 | Energy: 30.000 | Amount HP Healed: 0.000 | Amount HP Lost: 0.000 | Gilgamesh Energy: 289/360 | SP: 4 | MaxSP: 5)
Gilgamesh Obtained 3 Interest from Joint Attack, Current count: 3
MortenaxBlade has obtained 1 Charge. Current Charge count: 5.
    TURN   - GilgameshJointAttack | Gilgamesh | SUP1 | AOE attack | ['LNG'] | ['FUA'] | Scaling: ATK | TargetID: 1 | DMG/BREAK Splits: [4.0, 0]/[20, 0] | Energy Gained: 10 | SP Change: 0

        ----------Char Buffs----------
        ScholarCR | CR% | Stacks: 1 | Value: 0.080 | Remaining Turns: 1 | TickDown: SUP1, PERM | Target: SUP1 | Affects: ['ALL']
        GilgameshTraceATK | ATK | Stacks: 1 | Value: 0.180 | Remaining Turns: 1 | TickDown: SUP1, PERM | Target: SUP1 | Affects: ['ALL']
        GilgameshTraceCR | CR% | Stacks: 1 | Value: 0.187 | Remaining Turns: 1 | TickDown: SUP1, PERM | Target: SUP1 | Affects: ['ALL']
        GilgameshTraceDMG | DMG% | Stacks: 1 | Value: 0.080 | Remaining Turns: 1 | TickDown: SUP1, PERM | Target: SUP1 | Affects: ['ALL']
        GilgameshTrace3ATK | ATK% | Stacks: 1 | Value: 0.200 | Remaining Turns: 1 | TickDown: SUP1, PERM | Target: SUP1 | Affects: ['ALL']
        GilgameshTrace3CD | CD% | Stacks: 1 | Value: 0.200 | Remaining Turns: 1 | TickDown: SUP1, PERM | Target: SUP1 | Affects: ['ALL']
        GilgameshTrace3SelfATK | ATK% | Stacks: 1 | Value: 1.000 | Remaining Turns: 1 | TickDown: SUP1, PERM | Target: SUP1 | Affects: ['ALL']
        GilgameshTrace3SelfCD | CD% | Stacks: 1 | Value: 1.000 | Remaining Turns: 1 | TickDown: SUP1, PERM | Target: SUP1 | Affects: ['ALL']
        KeelCD(SUS) | CD% | Stacks: 1 | Value: 0.100 | Remaining Turns: 1 | TickDown: SUP1, PERM | Target: SUP1 | Affects: ['ALL']
        CosmicLifeDMG | DMG% | Stacks: 1 | Value: 0.320 | Remaining Turns: 1 | TickDown: SUP1, PERM | Target: SUP1 | Affects: ['ALL']
        Trace2CDExtra | CD% | Stacks: 1 | Value: 1.500 | Remaining Turns: 1 | TickDown: SUP1, PERM | Target: SUP1 | Affects: ['ALL']
        GilgameshInterestSPD | SPD% | Stacks: 1 | Value: 0.000 | Remaining Turns: 1 | TickDown: SUP2, PERM | Target: SUP1 | Affects: ['ALL']
        MasterSmithComburent | DMG% | Stacks: 1 | Value: 0.150 | Remaining Turns: 2 | TickDown: SUP1, END | Target: SUP1 | Affects: ['ALL']
        MortenaxBladeDMGBoost | DMG% | Stacks: 1 | Value: 0.500 | Remaining Turns: 1 | TickDown: SUP1, PERM | Target: SUP1 | Affects: ['ALL']
        AeonATK | ATK% | Stacks: 1 | Value: 0.640 | Remaining Turns: 1 | TickDown: SUP1, PERM | Target: SUP1 | Affects: ['ALL']
        GilgameshSKLShred | SHRED | Stacks: 1 | Value: 0.300 | Remaining Turns: 3 | TickDown: SUP1, END | Target: SUP1 | Affects: ['ALL']
        WarriorGoddessHealCD | CD% | Stacks: 1 | Value: 0.150 | Remaining Turns: 1 | TickDown: SUP1, START | Target: SUP1 | Affects: ['ALL']
        HuoHuoUltATK | ATK% | Stacks: 1 | Value: 0.400 | Remaining Turns: 1 | TickDown: SUP1, END | Target: SUP1 | Affects: ['ALL']
        HuoHuoUltExtraATK | ATK% | Stacks: 1 | Value: 0.240 | Remaining Turns: 1 | TickDown: SUP1, END | Target: SUP1 | Affects: ['ALL']
        ----------End of Buff List----------

        ----------Enemy Debuffs----------
        MortenaxBladeUltVul | From: SUP2 | VULN | Stacks: 1 | Value: 0.500 | Remaining Turns: 2 | Target: 1 | Targeting: ST | Affects: ['ALL'] | DOT: False | Blast: False
        MortenaxBladeUltShred | From: SUP2 | SHRED | Stacks: 1 | Value: 0.300 | Remaining Turns: 2 | Target: 1 | Targeting: ST | Affects: ['ALL'] | DOT: False | Blast: False
        Enemy 1 WIN-break | From: DPS | WINDSHEAR | Stacks: 1 | Value: 12621.002 | Remaining Turns: 2 | Target: 1 | Targeting: ST | Affects: ['ALL'] | DOT: True | Blast: False
        ----------End of Debuff List----------
        ----------Healing List----------
        ----------End of Healing List----------
    GAUGE  - Enemy 0 toughness reduced by 0.000
    GAUGE  - Enemy 1 toughness reduced by 0.000
    GAUGE  - Enemy 2 toughness reduced by 0.000
    RESULT - GilgameshJointAttack | Gilgamesh | SUP1 | DMG: 721604.277 | ELADMG: 0.000 | Enemies Hit: [0, 1, 2] | Enemies Broken: [] | WB DMG: 0.000 | Energy: 10.000 | Amount HP Healed: 0.000 | Amount HP Lost: 0.000 | Gilgamesh Energy: 299/360 | SP: 4 | MaxSP: 5)
MortenaxBlade has obtained 1 Charge. Current Charge count: 6.
    TURN   - SaberJointAttack | Saber | DPS | AOE attack | ['WIN'] | ['FUA'] | Scaling: ATK | TargetID: 1 | DMG/BREAK Splits: [6.0, 0]/[0, 0] | Energy Gained: 120 | SP Change: 0

        ----------Char Buffs----------
        ThanklessCoronationCD | CR% | Stacks: 1 | Value: 0.360 | Remaining Turns: 1 | TickDown: DPS, PERM | Target: DPS | Affects: ['ALL']
        ScholarCR | CR% | Stacks: 1 | Value: 0.080 | Remaining Turns: 1 | TickDown: DPS, PERM | Target: DPS | Affects: ['ALL']
        SaberTraceHP | HP% | Stacks: 1 | Value: 0.100 | Remaining Turns: 1 | TickDown: DPS, PERM | Target: DPS | Affects: ['ALL']
        SaberTraceCR | CR% | Stacks: 1 | Value: 0.120 | Remaining Turns: 1 | TickDown: DPS, PERM | Target: DPS | Affects: ['ALL']
        SaberTraceDMG | DMG% | Stacks: 1 | Value: 0.224 | Remaining Turns: 1 | TickDown: DPS, PERM | Target: DPS | Affects: ['ALL']
        SaberTrace1CR | CR% | Stacks: 1 | Value: 0.200 | Remaining Turns: 1 | TickDown: DPS, PERM | Target: DPS | Affects: ['ALL']
        GilgameshTrace3ATK | ATK% | Stacks: 1 | Value: 0.200 | Remaining Turns: 1 | TickDown: DPS, PERM | Target: DPS | Affects: ['ALL']
        GilgameshTrace3CD | CD% | Stacks: 1 | Value: 0.200 | Remaining Turns: 1 | TickDown: DPS, PERM | Target: DPS | Affects: ['ALL']
        LushakaATK(SUP2) | ATK% | Stacks: 1 | Value: 0.120 | Remaining Turns: 1 | TickDown: DPS, PERM | Target: DPS | Affects: ['ALL']
        KeelCD(SUS) | CD% | Stacks: 1 | Value: 0.100 | Remaining Turns: 1 | TickDown: DPS, PERM | Target: DPS | Affects: ['ALL']
        CosmicLifeDMG | DMG% | Stacks: 1 | Value: 0.320 | Remaining Turns: 1 | TickDown: DPS, PERM | Target: DPS | Affects: ['ALL']
        Trace3CDExtra | CD% | Stacks: 1 | Value: 0.320 | Remaining Turns: 1 | TickDown: DPS, PERM | Target: DPS | Affects: ['ALL']
        MasterSmithComburent | DMG% | Stacks: 1 | Value: 0.150 | Remaining Turns: 1 | TickDown: DPS, END | Target: DPS | Affects: ['ALL']
        MortenaxBladeDMGBoost | DMG% | Stacks: 1 | Value: 0.500 | Remaining Turns: 1 | TickDown: DPS, PERM | Target: DPS | Affects: ['ALL']
        GilgameshTrace3AllyATK | ATK% | Stacks: 1 | Value: 1.000 | Remaining Turns: 1 | TickDown: DPS, PERM | Target: DPS | Affects: ['ALL']
        GilgameshTrace3AllyCD | CD% | Stacks: 1 | Value: 1.000 | Remaining Turns: 1 | TickDown: DPS, PERM | Target: DPS | Affects: ['ALL']
        Trace3CD | CD% | Stacks: 1 | Value: 0.500 | Remaining Turns: 1 | TickDown: DPS, END | Target: DPS | Affects: ['ALL']
        TalentDMG | DMG% | Stacks: 1 | Value: 0.600 | Remaining Turns: 1 | TickDown: DPS, END | Target: DPS | Affects: ['ALL']
        ThanklessCoronationATK | ATK% | Stacks: 1 | Value: 0.400 | Remaining Turns: 1 | TickDown: DPS, END | Target: DPS | Affects: ['ALL']
        ThanklessCoronationATKExtra | ATK% | Stacks: 1 | Value: 0.400 | Remaining Turns: 1 | TickDown: DPS, END | Target: DPS | Affects: ['ALL']
        ----------End of Buff List----------

        ----------Enemy Debuffs----------
        MortenaxBladeUltVul | From: SUP2 | VULN | Stacks: 1 | Value: 0.500 | Remaining Turns: 2 | Target: 1 | Targeting: ST | Affects: ['ALL'] | DOT: False | Blast: False
        MortenaxBladeUltShred | From: SUP2 | SHRED | Stacks: 1 | Value: 0.300 | Remaining Turns: 2 | Target: 1 | Targeting: ST | Affects: ['ALL'] | DOT: False | Blast: False
        Enemy 1 WIN-break | From: DPS | WINDSHEAR | Stacks: 1 | Value: 12621.002 | Remaining Turns: 2 | Target: 1 | Targeting: ST | Affects: ['ALL'] | DOT: True | Blast: False
        ----------End of Debuff List----------
        ----------Healing List----------
        ----------End of Healing List----------
    GAUGE  - Enemy 0 toughness reduced by 0.000
    GAUGE  - Enemy 1 toughness reduced by 0.000
    GAUGE  - Enemy 2 toughness reduced by 0.000
    RESULT - SaberJointAttack | Saber | DPS | DMG: 1102857.860 | ELADMG: 0.000 | Enemies Hit: [0, 1, 2] | Enemies Broken: [] | WB DMG: 0.000 | Energy: 120.000 | Amount HP Healed: 0.000 | Amount HP Lost: 0.000 | Saber Energy: 250/360 | SP: 4 | MaxSP: 5)
Gilgamesh Obtained 1 Interest from Teammate, Current count: 4
MortenaxBlade has obtained 1 Charge. Current Charge count: 7.
        Buff HuoHuoUltATK expired
        Buff HuoHuoUltExtraATK expired
SPD    > Gilgamesh speed changed to 165.432 | NewAV: 0.000
AV     > Gilgamesh AV reset to 60.448 | 165.432 SPD

==========COMBAT SIMULATION ENDED==========

==========SIMULATION RESULTS==========
TOTAL TEAM DMG: 22820122.354 | AV: 550
TEAM DPAV: 41491.132
TOTAL TEAM HPGAIN: 31255.541 | TOTAL TEAM HPLOSS 0.000
TOTAL SHIELD GRANTED: 0.000 | TOTAL SHIELD ABSORBED: 0.000
  Saber Current Shield HP: 0.0
  Gilgamesh Current Shield HP: 0.0
  MortenaxBlade Current Shield HP: 0.0
  HuoHuo Current Shield HP: 0.0
DEBUFF DMG: 63066.081 | CHAR DMG: 22637106.489 | WB DMG: 119949.784 |ELATION DMG: 0.000
SP GAINED: 13 | SP USED: 9 | Enemy Attacks: 20
FINITE HP MODE: ON | Total Overkill DMG: 2456268.7
  Enemy 0 (ELITE) | Overkill: 428773.2 | HP: 1273282/2000000
  Enemy 1 (BOSS) | Overkill: 1598722.4 | HP: 4272599/5000000
  Enemy 2 (ELITE) | Overkill: 428773.2 | HP: 1273282/2000000

Saber DPAV: 24342.771, 58.670%
Gilgamesh DPAV: 14203.450, 34.232%
MortenaxBlade DPAV: 2685.492, 6.472%
HuoHuo DPAV: 40.879, 0.099%

Saber > Total DMG: 13388523.963 | Basics: 3 | Skills: 6 | Ults: 4 | FuAs: 0 | MemoAttacks: 0 | ElationSkills: 0 | JointAttacks: 3 | Leftover AV: 69.544 | Excess Energy: 249.667
-BSC: 910321.151 | 6.799%
-SKL: 2268676.018 | 16.945%
-ULT: 7799870.097 | 58.258%
-BRK: 119949.784 | 0.896%
-FUA: 2289706.913 | 17.102%

Gilgamesh > Total DMG: 7811897.364 | Basics: 0 | Skills: 8 | Ults: 3 | FuAs: 0 | MemoAttacks: 0 | ElationSkills: 0 | JointAttacks: 3 | Leftover AV: 60.448 | Excess Energy: 299.000
-BSC: 0.000 | 0.000%
-SKL: 2515349.447 | 32.199%
-ULT: 3739170.693 | 47.865%
-BRK: 0.000 | 0.000%
-FUA: 1557377.225 | 19.936%

MortenaxBlade > Total DMG: 1477020.351 | Basics: 1 | Skills: 7 | Ults: 6 | FuAs: 7 | MemoAttacks: 0 | ElationSkills: 0 | JointAttacks: 0 | Leftover AV: 52.685 | Excess Energy: 37.332
-BSC: 1866.652 | 0.126%
-SKL: 425579.758 | 28.813%
-ULT: 624465.718 | 42.279%
-BRK: 0.000 | 0.000%
-FUA: 425108.223 | 28.781%

HuoHuo > Total DMG: 22483.204 | Basics: 5 | Skills: 3 | Ults: 3 | FuAs: 0 | MemoAttacks: 0 | ElationSkills: 0 | JointAttacks: 0 | Leftover AV: 40.038 | Excess Energy: 69.074
-BSC: 22483.204 | 100.000%
-BRK: 0.000 | 0.000%

